galaxy_idx,q_idx,sep_arcsec,z,targetid,ra_q,dec_q,hpx,survey,program,zwarn
268,462348,67.59791311645482,2.168394353578619,39628049641112467,32.06901786917061,10.99648126148485,18269,main,dark,0
320,89832,99.32841850279442,2.0903944297802863,39627640457398909,29.954082341683534,-5.95581504547465,17698,main,dark,0
353,549088,99.55521443804103,2.2088502490639965,39628212556268039,330.1509529757291,17.75730959196836,12619,main,dark,0
825,30235,84.44018680767711,1.7721274989959483,39627533116770286,48.0447434582243,-10.462816649843944,36707,main,dark,0
848,533769,78.94748245224594,3.7448623219932937,39628181103184903,170.7401654759593,16.571831747392405,28213,main,dark,0
972,314735,64.73696734741195,1.6367534833925803,39627869609006361,19.923616349104467,3.39778177410652,18209,main,dark,0
1101,385314,78.12842092876991,2.556795885830806,39627944611549102,183.99104599529014,6.417868513138641,27720,main,dark,0
1143,334994,86.2883982660319,2.247343392270916,39627890618274214,193.96212172694328,4.326661382230498,26323,main,dark,0
1315,34840,91.93458329863184,2.9163744322670224,39627550632185926,27.740494750814232,-9.698135692036084,17509,main,dark,0
1336,330297,86.56199500981329,1.71225721222782,39627885077599515,223.2891489827946,3.9652409916892832,8228,main,dark,0
1491,547487,67.3370819229417,1.698053840300085,39628209213412402,121.56325526025394,17.689107831925043,4753,main,dark,0
1496,452313,91.52225225965262,1.6899319043165537,39628033744703667,149.50372407375409,10.35396302843246,27564,main,dark,0
1580,836466,62.95097613498933,1.7274029220361595,39633361437724260,110.82971791003656,58.07405682863761,7036,main,dark,0
1619,639076,83.65745315876083,1.6627930273268294,39628419545173930,354.6319554132631,27.009743533037103,20355,main,dark,0
1640,759319,90.87684622355769,2.3127610669947285,39633039621360414,208.36789158003256,37.88987126732891,10627,main,dark,0
1700,191805,96.58849254019731,2.219435507736176,39627754886403599,21.410594848645196,-1.3674824991441052,17662,main,dark,0
1702,48629,99.05555524276589,3.426012684389962,39627583217729659,193.38295587235777,-8.617013679231812,25774,main,dark,0
1725,505511,95.87215912889752,1.9705813103136955,39628128435307010,159.17142288319917,14.147110980036334,27608,main,dark,0
1730,769539,82.06448579815122,3.2749407638854606,39633058596391856,210.05770610261644,38.904992748897804,10629,main,dark,0
1764,530979,91.67607922595894,1.7141150290104945,39628175558312987,186.55616363815895,16.18213865311105,28036,main,dark,0
1830,222974,51.25062291011308,1.779221463842751,39627782774327764,243.60351455037974,-0.22177533314383208,31321,main,dark,0
1908,541293,88.545826810938,1.6816179984173314,39628196081045224,22.7056571921615,17.195830094268956,18428,main,dark,0
1976,187377,73.82588459637232,2.1543007268631045,39627750973113926,148.0959894552273,-1.6249225327696857,27191,main,dark,0
2027,435635,41.65169294246796,2.5264185586545085,39628007773572979,20.473449311145508,9.195024047826845,18326,main,dark,0
2035,709600,71.87372879762256,1.9572249081725976,39632956246983512,207.67223865606027,33.712539274419285,10364,main,dark,0
2037,174698,99.76146088543766,2.220661339788913,39627737240964716,49.685943078658504,-1.9906974283808163,23179,main,dark,0
2157,609782,72.14520720335851,2.124684142180824,39628348460107271,348.6276075675707,23.665320766263587,20175,main,dark,0
2211,333593,81.31789051071021,1.9293651273887793,39627889863297182,148.83264028249732,4.291378461356651,27347,main,dark,0
2219,760082,78.69590791118509,2.2851001594721434,39633040116289944,245.78960811782227,37.916477489630914,9464,main,dark,0
2383,117060,72.76541707583267,1.7450668826285445,39627671205843800,69.38433233919464,-4.726137788927279,22745,main,dark,0
2391,228322,94.51959825475352,1.9565652974288423,39627788000433290,195.23472035076557,-0.05185599874028164,26214,main,dark,0
2521,151980,87.51766437484198,2.6077943342510586,39627709839575792,216.18868697712458,-3.2341522107700365,25887,main,dark,0
2587,185646,49.124373226306446,1.8232643829110022,39627748842411553,21.162036770598434,-1.5944172240900079,17659,main,dark,0
2610,646094,80.76905289542643,1.9764618999529395,39628438188853563,165.99361076277222,28.02169037600775,5200,main,dark,0
2627,287775,84.69621094219261,2.6670010636469885,39627842576712324,208.02293605839887,2.338904706028973,26041,main,dark,0
2644,159333,54.86550246743887,1.9901452614707245,39627719448725809,69.089749603461,-2.8221202608925724,22772,main,dark,0
2706,449696,77.76579601454759,2.2900907486373905,39628029344877101,243.2549022257258,9.879383600389698,31643,main,dark,0
2721,200731,77.2215459227277,1.9002594046330912,39627763434394462,170.96478799242237,-1.1014267048392652,26978,main,dark,0
2725,317086,63.038484269610144,2.0179756853489668,39627872305943562,180.93718932067245,3.5515580419789985,27661,main,dark,0
2769,127297,80.23969952027102,2.032263122908967,39627682882782284,47.1045199125946,-4.132231546400639,36830,main,dark,0
2805,52427,89.03674747847485,2.113127585698739,39627589232362252,195.4317147916109,-8.33289378402353,25784,main,dark,0
2806,602784,77.24766719652132,1.6233371679192772,39628331787747982,346.7415155955733,22.915346270835514,20193,main,dark,0
2882,329085,75.89741342864701,2.5459330634686212,39627884465228570,186.66930712283397,3.9740486112774667,26344,main,dark,0
2890,398279,76.90795048411367,1.8748591410921243,39627959492936531,356.272913166318,7.0332914142606135,19589,main,dark,0
2946,671581,97.9958734986077,2.660478215316672,39628495709538560,132.85592560024878,30.8697885476811,5021,main,dark,0
2950,604727,99.15795060404622,2.1705087221176984,39628335977862421,258.13161656999324,23.274060029505982,32462,main,dark,0
3011,198153,90.96359520121327,1.8519069626312978,39627760913616608,20.60661127737608,-0.8993369371212783,18001,main,dark,0
3029,274653,85.19364704686107,2.535208273239932,39627830044135501,181.1721032527547,1.8071188562730107,27652,main,dark,0
3068,741925,86.39667000860351,2.742082529166764,39633010852628881,218.9728808619464,36.564418753495,10560,main,dark,0
3089,96566,63.701843336212775,1.8451917316514583,39627648363661704,143.21475586392617,-5.728656087735387,27171,main,dark,0
3103,315923,79.68921091765371,1.6641877068204618,39627871706157571,145.12965182072716,3.573804318941341,27342,main,dark,0
3109,385651,72.4896047355136,1.841207823028955,39627945039367048,209.56162488022534,6.5365531362113005,26436,main,dark,0
3131,309713,79.38380744028017,1.9380039098275381,39627865603441198,140.72112261645847,3.1774671803854018,27324,main,dark,0
3144,28161,85.2554106569854,1.7367176354584832,39627526527516763,8.647076553527206,-10.75334315110153,17233,main,dark,4
3178,311382,80.58333471827474,1.876979580261937,39627866467467893,192.29597602972683,3.366436109363877,26317,main,dark,0
3269,67584,81.93019689923503,2.7366925481582327,39627612166818787,133.53506827454726,-7.200029225053479,40906,main,dark,0
3295,65731,88.23453452868512,2.279704250981808,39627610002556959,3.6055248087633367,-7.156361454719389,17274,main,dark,0
3296,553725,95.83659535380586,2.325417338365281,39628220965847649,136.40272799311654,18.33148993528575,4520,main,dark,0
3308,7366,97.98087790132152,2.147296469400528,39627414829012480,15.454720163471134,-15.574817908758899,16852,main,dark,0
3353,154248,96.67681941445574,1.806771766391873,39627713476036624,73.0788145710098,-3.0792018145547155,22915,main,dark,0
3401,297806,94.93368056760187,2.1687025927546046,39627853586764330,144.45857283294822,2.770314565467026,27339,main,dark,0
3444,485346,87.99297816987523,2.041936952809225,39628091043087434,30.015532757578043,12.644200536441408,18295,main,dark,0
3449,164102,66.60817500714356,2.3099080210015677,39627725127815784,47.72070774331428,-2.5714125624649578,36831,main,dark,0
3480,137125,54.830035908883424,1.706226002952295,39627694152877349,359.7860317578116,-4.114457540789009,17392,main,dark,0
3516,248273,71.12698816629853,2.1199718095535647,39627805750724571,173.09061617348397,0.7842918025972064,26983,main,dark,0
3535,722690,74.02012538155891,2.2744476103154843,39632977105257863,268.7062641815007,34.79514341535696,32740,main,dark,0
3567,827558,72.7090163201925,2.1228850937880264,39633289471856378,158.59256101805386,52.86099249137466,6034,main,dark,0
3573,530422,96.14872386505161,2.0439373145612643,39628174799145213,139.55622319373964,16.218801847812543,4488,main,dark,0
3578,165117,67.30909500380318,1.818817174885652,39627726738425744,143.59770076875165,-2.4920741556322676,27194,main,dark,0
3590,570399,89.11970826449755,1.6483272101873543,39628255996678663,180.77254045597155,19.73412402758821,28074,main,dark,0
3658,806760,60.42817358648683,1.8852063438677307,39633170680775973,197.10028928142938,45.353070417654486,10869,main,dark,0
3729,153690,60.95008761241321,2.4002969877093125,39627713056610265,48.22952460863267,-2.9179193196759905,36831,main,dark,0
3745,63661,88.51988556614896,2.071519777787796,39627606412233510,148.16587204100864,-7.597902308760605,27141,main,dark,0
3761,127472,85.37000937066368,2.546857611744938,39627683037974163,56.491710802926036,-4.149050636922652,23088,main,dark,0
3835,320225,55.58230081363852,1.670040717492215,39627875174846738,352.19508185607623,3.495975479467,18897,main,dark,0
3873,532434,96.93608430603894,1.837754614462746,39628178519493048,10.293736263602339,16.496243694164825,19768,main,dark,0
3875,80076,61.94372641508251,1.64934257959914,39627628465887600,31.343209469074147,-6.463978120427006,17696,main,dark,0
3910,623013,61.739636899022024,1.6456808052471334,39628381465086131,348.7890272928393,25.297799176722776,20208,main,dark,0
3932,184581,90.65784553035333,1.8432575681297096,39627747852550700,322.01645040465945,-1.6707394315424196,19079,main,dark,0
3949,132194,81.47929774161575,1.849298820842466,39627688561873060,26.173975709615892,-4.117036720956847,17623,main,dark,0
4026,303860,89.1216182806541,2.426693634600904,39627859664308398,146.6090602767367,3.058042923181209,27340,main,dark,0
4101,698548,93.15086989365389,1.6056783861793449,39632936202404933,221.5954777949232,32.75459653321102,9141,main,dark,0
4119,9812,58.51061887023528,2.250874822332424,39627433145535426,65.18214720213435,-14.769059438704176,22566,main,dark,0
4144,92865,43.99127744503898,2.747763165709884,39627643217250597,195.14202405065151,-6.064796025886756,26129,main,dark,0
4147,796405,75.15015897486344,2.387287528049064,39633136899854245,273.6543030909985,43.28425931013447,15026,main,dark,0
4199,725575,60.02264074444255,2.0081585083889535,39632984814387551,108.50481569926475,35.265372650168516,6376,main,dark,0
4202,317226,59.80520288145727,2.9769921702344586,39627872402407516,186.51212471794577,3.4298075001026094,26301,main,dark,0
4203,747177,79.87480316383822,1.791573587779102,39633020172372096,191.08289251144654,37.11403016782051,10802,main,dark,0
4206,354576,90.01133206832415,2.5326007676503814,39627911363302712,353.72930827149503,4.899214374044639,18901,main,dark,0
4214,74981,56.51677879707129,2.5882742334562594,39627622195397109,15.349362463653613,-6.870329715826401,17595,main,dark,0
4228,280794,56.32409506641056,1.912471601099315,39627836083933701,181.16830638018908,2.083968231288419,27652,main,dark,0
4239,372184,72.28183999803463,1.7744875799704267,39627929927292243,24.315762966596484,5.896118741003529,18206,main,dark,0
4308,594463,97.75579104414045,1.6904494441424316,39628312007411551,150.97468443476174,22.256507032882265,4473,main,dark,0
4311,111217,74.3968749812579,3.2570224319909897,39627664931162473,54.25526531653922,-5.035456227453661,23078,main,dark,0
4340,591141,78.65367900220227,2.1202058982573564,39628304101146872,3.239569665884506,22.12167052831991,19898,main,dark,0
4372,434,90.6861333020608,2.347345899366496,39627340434645462,59.267749922042775,-18.76935361005898,36204,main,dark,0
4394,456739,45.24853068124966,1.7340914053620684,39628040828883149,218.30089558595753,10.51284098007439,8359,main,dark,0
4418,249294,98.06717250762863,1.8815931821288283,39627806283403675,204.94473985832133,0.8538381007588113,26028,main,dark,0
4425,822498,62.23673258064779,1.8166069277834254,39633252700390260,249.41322991965356,50.33401632977773,10029,main,dark,0
4431,486707,77.77232078220551,1.8509595484445602,39628094264314884,226.74048592431484,12.825909432057314,8391,main,dark,0
4465,14507,84.09410214139673,1.6297101312858395,39627467945673529,41.30604481987234,-13.230475704648041,36654,main,dark,0
4486,85296,97.60991223792375,2.0653592772695886,39627634786697294,50.028634985116376,-6.286401694283509,36734,main,dark,0
4496,648100,87.27287167897471,1.8002964215896133,39628443058442776,134.61071873644687,28.25961988035472,4926,main,dark,0
4525,761871,87.59012271811196,1.7842271845986657,39633044327369723,204.08628450953432,38.359974841088594,10484,main,dark,0
4545,468327,87.64820678338872,1.7194269999513168,39628060500165459,330.7547721819596,11.208393063270343,19384,main,dark,0
4558,279524,52.265109674501986,2.1670252806513344,39627835433815907,142.43890761044887,2.0783683507786943,27317,main,dark,0
4610,60136,74.79789651317132,2.6449461458367414,39627600926084276,178.63672489733742,-7.762243109923636,25544,main,dark,0
4636,614868,87.79212948175342,1.614236645710593,39628360141244945,30.071201193412428,24.45047325578464,745,main,dark,0
4639,665954,86.75565747885045,2.186971606291409,39628485051814643,117.5782214236687,30.21914572957025,6245,main,dark,0
4645,739720,70.51918564536768,1.6488687952294314,39633006507328033,257.65836450856443,36.31656191815784,9511,main,dark,0
4646,468202,69.48544961851502,2.0374994667436983,39628059329960588,259.89585891453805,11.225290641543378,32260,main,dark,0
4667,455131,83.27797143208555,3.0791905926896423,39628037657989137,26.349393633371527,10.545735465593788,18285,main,dark,0
4687,177799,48.21771952861036,1.9242994210914566,39627739900154593,208.20611351367043,-1.8956930972368158,25996,main,dark,0
4731,604723,88.4618217236899,1.8635105720631502,39628335977858774,257.9803145713216,23.36229213133256,32462,main,dark,0
4735,591736,82.40748367398604,2.1054196158395477,39628304646407038,38.25861500256982,21.887216063298286,633,main,dark,0
4738,305550,57.58251484156765,2.931569377638412,39627860540918908,198.90985906187356,2.886662125214441,26229,main,dark,0
4743,491560,84.12500861144706,1.932028986023888,39628102782944472,27.241225518122807,13.232855197254183,18302,main,dark,0
4766,332978,93.75543987655165,1.652746947994385,39627889477423333,125.83384086010294,4.347228519909444,21977,main,dark,0
4785,299805,96.44719614893982,1.9626556277281395,39627854656312238,208.23682957876537,2.8410731821279076,26044,main,dark,0
4787,319742,84.46216030404321,1.9686678064454284,39627874688303794,322.9723448420165,3.5766880461727926,19170,main,dark,0
4805,185648,40.05959212541631,1.9329874827707663,39627748846603671,21.34796313318764,-1.5540994245252329,17659,main,dark,0
4818,450820,86.87718805032502,2.399725518446867,39628031341367123,4.0384554224208715,10.324316573615274,19559,main,dark,0
4824,502908,93.35747167547015,3.073201320866618,39628123964181391,244.781546191849,14.110701880751689,31715,main,dark,4
4828,596430,75.26265899695082,1.977514270436979,39628315685818959,27.831906917934983,22.57759878484553,700,main,dark,0
4842,459398,93.243170048266,1.6195821696527943,39628045404864886,135.2734177514254,10.629881593972446,4289,main,dark,0
4856,458661,61.38590177259335,1.8728533880825948,39628043605510821,26.323225140573395,10.633226941812806,18285,main,dark,0
4926,408699,94.47622877710417,1.928624549354962,39627971765470018,12.903596764204478,7.73165689706691,18167,main,dark,0
4928,851684,72.77365291579,1.6730519616479853,39636246800108703,64.79873604168941,-14.108184522324041,22572,main,dark,0
4957,285627,81.81958362098115,2.999227542422131,39627841448447749,140.92433253247853,2.1322214409716254,27315,main,dark,0
4977,72767,62.55164433426718,1.8705842126974934,39627618592491688,159.22042996351442,-7.0233959305502,26821,main,dark,0
4993,138639,84.11783185994719,1.7118490070269547,39627695365031536,72.15950157233597,-3.850218715559353,22914,main,dark,0
5024,600722,91.34315903036075,1.7350963719466361,39628326611980310,12.43056254945286,22.951048371035327,19911,main,dark,0
5067,739466,58.307213360282276,2.3309476902858175,39633006339557094,245.38555621988542,36.37164257618073,9446,main,dark,0
5069,173873,96.92629525083473,1.8510151982060354,39627736418885814,0.7477517590448758,-1.921451742357134,17398,main,dark,0
5095,841660,92.76009974534041,2.1109946982121257,39633410121009630,117.8536372162893,62.07757132064189,7729,main,dark,0
5128,576615,91.59799848418017,1.6389670278761532,39628269942738003,343.6651606876816,20.218726740911208,20144,main,dark,0
5200,24978,87.68980500670472,1.7904530498093514,39627514649247912,8.153342698192928,-11.313355737290793,17232,main,dark,0
5221,582485,60.925076700515866,2.034469030000012,39628283477754259,124.91904423158057,21.10144305147211,4804,main,dark,0
5288,706684,76.84155965204481,1.7932616450369938,39632951155098225,203.96763211162624,33.42154391233326,10439,main,dark,0
5292,511019,80.51598793066351,2.140160046874123,39628138061237690,30.917456158370882,14.722935207071847,556,main,dark,0
5297,381542,73.78765837223176,1.8362285877854299,39627939741963251,252.0695257917012,6.2256554561290365,31554,main,dark,0
5365,749289,79.87719701259677,2.002599593275026,39633024270208892,136.79316149488116,37.20490369296012,5086,main,dark,0
5384,505801,64.01872761619862,1.9214674870830584,39628129228033915,208.03706002195923,14.133885089312011,26495,main,dark,0
5385,770089,56.56439344316477,2.218739053923862,39633059108096321,249.15583778041304,39.02840932259174,9463,main,dark,0
5393,371244,48.20234398038316,2.2648646498632026,39627929277171433,345.2886663664795,5.667084960935,18926,main,dark,0
5400,563460,83.04471532470873,2.379628733398425,39628241543106083,348.84616148595273,19.044833495105138,20031,main,dark,0
5408,546070,68.01121245081805,1.8084065143496786,39628205778279987,267.06948711975286,17.618125473099006,32336,main,dark,0
5417,539605,64.2616205913238,2.3874349075989576,39628192738182817,174.3194693378905,16.894472285917228,28227,main,dark,0
5427,541873,56.01453359396802,2.1724266344887933,39628197754571769,126.87654114108288,17.281577877944496,4704,main,dark,0
5430,521429,86.2250612356511,2.946065349493552,39628157329868852,138.67762157114376,15.485133177188612,4317,main,dark,0
5483,252394,89.62242228538744,2.0863878201263564,39627809093587098,12.374094402024513,1.1191673146003438,18113,main,dark,0
5497,601936,47.97135651088808,2.645111103244033,39628330110029344,238.5167399855542,23.11861144233506,8658,main,dark,0
5519,854873,63.00833592886666,1.8287670883014127,39636821931461118,31.2995311071501,9.91003769598262,18268,main,dark,0
5531,623730,56.31040407194886,2.4940774967226327,39628382228448230,39.05162638125854,25.417166481830325,896,main,dark,0
5551,504448,83.1516269101638,1.6143698873712262,39628126417848720,35.38462159905582,14.221363048951973,536,main,dark,0
5605,325642,65.40856532149249,2.428867930717246,39627880614861800,316.93123567403916,3.8558786854958664,12306,main,dark,0
5620,819778,93.8165821358215,1.628205173013627,39633233196877088,259.8548451358434,49.06435601305092,9707,main,dark,0
5649,693591,73.43516546533888,1.9898864643046716,39628535266017728,17.22295221862886,32.63842470366275,2230,main,dark,0
5658,588686,87.45187405958696,2.108418190076827,39628298464004244,2.2362240441538397,21.633913203518862,20229,main,dark,0
5659,846425,91.39982030321396,2.573225777718368,39633457558588441,95.11239777650269,66.58635092446706,7849,main,dark,0
5762,225264,92.38911742422759,2.0134300782740957,39627785240578488,30.576909975737202,-0.10263365966794988,17817,main,dark,0
5794,746972,85.28108162370114,2.3265070367054603,39633020042349969,181.4997945826095,36.885740995776416,28635,main,dark,0
5814,372684,72.20929844220791,2.349952792570511,39627930262835888,44.40991600519355,5.972394662473996,50,main,dark,0
5868,416899,90.49065454797686,1.8282253549748577,39627981827612690,257.86437226461544,7.973464473378819,31230,main,dark,0
5948,387702,68.33221330758619,2.105530002178304,39627947354622692,348.32126908641106,6.420418295012974,18931,main,dark,0
5975,530709,94.65303903504339,1.7515178442901878,39628175168242770,162.3623749617033,16.192293272310202,28290,main,dark,0
5976,134988,84.6293142550798,2.0225958708469802,39627691124594070,179.22495159276818,-4.089995078622698,25586,main,dark,0
6002,70135,85.41526272422529,1.8710454858912882,39627615975246497,2.16355398009451,-6.981216866772023,17349,main,dark,0
6030,587169,94.75182950212118,1.7800849002681371,39628294768822937,125.94965437036468,21.44250524918442,4719,main,dark,0
6037,539381,88.44699268882158,2.1782838867421335,39628192398445832,153.2692843715856,17.054816788428187,4423,main,dark,0
6052,193518,70.56054760368256,2.2391079973853083,39627757021301702,148.65053011699135,-1.2808914942492127,27234,main,dark,0
6098,586446,87.41835365152093,2.3998441328232336,39628292944298974,9.17174185542562,21.547203930034847,19914,main,dark,0
6170,671070,50.08593176688886,2.2705896210887633,39628494237339839,31.0039373398059,30.846138817793637,2140,main,dark,0
6186,544869,73.7683606141728,2.7386276159311094,39628203681124200,136.22640031381582,17.4359278043258,4343,main,dark,0
6187,498999,73.84462174820017,1.843934864703606,39628116561234769,150.56992257873017,13.712893957705804,4372,main,dark,0
6204,108526,60.00668840086149,2.112644623664615,39627661277925334,195.95971378811717,-5.128863410146809,26133,main,dark,0
6215,289322,92.74673505480264,2.1042219226959014,39627844367684705,314.9208715115857,2.149386932139421,12291,main,dark,0
6219,410551,91.67280409619184,2.4372664109334785,39627974370134575,169.515416305264,7.823919184158965,27127,main,dark,0
6273,417546,45.58922640342362,2.1089736599358093,39627983362722780,350.0632500515143,7.924124841236987,18935,main,dark,0
6293,105334,99.83733562820309,2.867454952301749,39627658526462799,31.46492063167633,-5.318756322672738,17699,main,dark,0
6295,708457,47.20300687560261,1.7474414731559127,39632954909003424,112.12616718844225,33.827153719998606,6348,main,dark,0
6299,108558,84.7299432408261,1.8392934712512967,39627661303087152,197.29887200686414,-5.277461426507583,25791,main,dark,0
6315,591085,88.09217110241639,1.7454679496255483,39628304063397919,0.8075593522433513,21.978526121292244,20230,main,dark,0
6321,345491,92.07351139879253,1.7029028979538572,39627902202939716,166.07283747540717,4.832895700017207,27110,main,dark,0
6337,19052,67.15100961808308,3.0593028424341737,39627491416999488,34.57209878330225,-12.245693187682669,36598,main,dark,0
6338,50282,94.32361169192073,1.6482679193971541,39627586686425466,42.34868308389251,-8.160951340731447,36767,main,dark,0
6341,106281,93.76376505870888,2.1266451913110243,39627659122051530,67.05226052469642,-5.170325804463896,22735,main,dark,0
6349,856455,91.50551570089279,3.53894260934675,39637235426922813,243.22255499755732,27.978496331328675,9351,main,dark,0
6350,760067,68.14090035617629,2.4431294115307853,39633040112094926,245.44472952227932,38.01114020928677,9466,main,dark,0
6366,331031,59.246007021724985,2.2964138111458454,39627885488639535,247.7190848834412,4.082212813581373,31503,main,dark,0
6425,433243,84.84279261765799,2.441742639713203,39628004787225487,200.27115336356326,8.971532591216173,26515,main,dark,0
6437,697824,99.50292065649371,2.505574709789187,39632935833307714,195.58943623609215,32.865417879912975,10425,main,dark,0
6457,485279,74.51491224433661,3.0386609147871724,39628090996951932,27.31091843884938,12.87008557439375,18302,main,dark,0
6461,702068,95.33550424070758,1.8712902638344808,39632941587891569,243.15524972146463,33.05936044179123,9399,main,dark,0
6530,641114,44.54219738199274,1.5992592822830427,39628424943240841,355.87892298909003,27.300530699591196,20357,main,dark,0
6547,121788,94.7716337408604,2.4148732942734514,39627676817822422,44.77032294426513,-4.483659719620519,36848,main,dark,0
6563,291462,79.06740994384798,1.6333079981181517,39627847333056901,131.6869730828761,2.5157727099091933,21877,main,dark,0
6614,797388,91.46541372821288,2.1336541203237047,39633140817332543,234.13337875163066,43.498192668287174,9885,main,dark,0
6615,757180,43.657912359907826,1.9522648333439685,39633035330584684,244.94350291772162,37.7636514327388,9455,main,dark,0
6647,293760,73.03196808318553,1.8363431713987295,39627848566178980,205.05975642971654,2.4990617471701517,26373,main,dark,0
6744,372298,83.25442162130194,1.694011350643495,39627930011175079,29.23490145256211,6.057791667060061,18241,main,dark,0
6777,575421,95.91308774127323,1.7804957823702086,39628267090609001,162.76755540008844,20.163177251799077,28336,main,dark,0
6787,646199,76.11909455787617,2.2494099532411362,39628438385986444,179.33269173078946,27.891142517134984,28473,main,dark,0
6849,434897,92.83129577916834,1.7261940826870004,39628007198954475,345.8238124547862,8.919360659972885,19283,main,dark,0
6857,657789,88.16628095846391,1.90712265582939,39628467452511657,350.9169557901679,29.169392100463934,20386,main,dark,0
6895,602024,57.24179252301034,2.302135385586065,39628330202304911,244.5025525600387,22.95250684034049,9248,main,dark,0
6920,218449,61.341711373892835,2.2185615823406146,39627779167230002,28.68151548580628,-0.12989550731657343,17818,main,dark,0
6939,239943,53.30112465428359,2.454940012385039,39627797949317886,68.03669092717465,0.577271608628488,23296,main,dark,0
6948,414779,76.8128002282535,2.1778894772529878,39627979910809416,142.52207441670265,7.9083871162529285,4167,main,dark,0
6955,687906,36.351389426256326,1.622399789160621,39628522515333214,200.00314340870085,31.99132695995847,10399,main,dark,0
6967,184164,84.73949900926573,2.8779478898820936,39627746380353763,234.48294571729585,-1.7151822413226594,31291,main,dark,0
6980,136560,88.18462173597693,2.149887453562442,39627693309827779,309.6238891078668,-4.118928066635231,30016,main,dark,0
7096,835969,98.5482879877078,1.886027650254259,39633358312965726,122.35304678782103,57.73585120616921,7696,main,dark,0
7100,204137,88.18695378161728,2.223633100588883,39627766592700811,359.0072166850218,-1.0112025763994565,17406,main,dark,0
7104,329126,84.80769843228609,1.8505866339885872,39627884486200119,187.92772314584676,3.904010207373441,26338,main,dark,0
7114,9777,72.00379055064762,1.9829409589528286,39627433107784304,62.78035353141789,-14.84978636983024,22570,main,dark,0
7159,785445,86.01751141509462,1.8494398636784057,39633103773240340,128.3563297495741,41.50794011597542,6501,main,dark,0
7207,825951,58.96439835983942,2.547220166764987,39633278105291650,134.15160751215663,52.10742629137204,7230,main,dark,0
7238,818017,88.54983798581607,2.3714596709093754,39633221385719344,277.1535535224595,48.22313320245277,15066,main,dark,0
7256,112460,76.50425478255269,2.408170468747683,39627666491441417,147.41935852409048,-4.948437495454876,27162,main,dark,0
7258,684984,25.54390718317366,1.9260941118949242,39628517578641704,214.57569037556047,31.659233898541164,10497,main,dark,0
7273,95799,86.23118372954856,2.397187752488653,39627647122147299,68.87874808528962,-5.855321336182379,22744,main,dark,0
7292,747611,59.24959279983,2.1559888235502958,39633020432419255,210.47429339742916,37.00342387936347,10542,main,dark,0
7374,218638,78.52884085434073,2.8466436769541374,39627779305640794,36.887610751611255,-0.26637006687954234,17766,main,dark,0
7412,93297,91.65106780240353,2.2625675618699126,39627643498269406,212.01064669174755,-6.098667521110673,25889,main,dark,0
7470,320861,94.27061986194823,2.4242907943981575,39627875795599635,29.0462669457994,3.745819693518963,17853,main,dark,0
7514,192749,70.67338324937799,2.7224998240406375,39627755733651843,71.9164952542492,-1.1498279408352692,22926,main,dark,0
7557,695170,80.17395458785111,2.0503063324583772,39632930829503491,202.42278819015755,32.41429085275669,10435,main,dark,0
7638,76824,90.41785543959513,2.6597146429555587,39627624313524430,142.47204144133082,-6.649998903502149,40823,main,dark,0
7681,443152,90.4254216333217,2.1362682550538175,39628019400179931,2.0437559817867017,9.737708877895084,19561,main,dark,0
7684,823544,63.70121020807989,1.8044445740208819,39633259486776600,163.42693721543185,50.77052925926644,5942,main,dark,0
7693,210899,83.90914400870388,2.2796921826635086,39627772699607196,3.003437741897436,-0.40698970791741934,18083,main,dark,0
7718,492471,81.25795805313633,2.430510842613528,39628104628441448,140.23337328669837,13.184080696837059,4222,main,dark,0
7767,669232,60.512682665723254,1.7304135133535024,39628491758503220,219.7100340415396,30.45941617628484,9136,main,dark,0
7770,455145,67.08029367569112,2.8643919278160506,39628037670572338,27.163492386849985,10.506130677563126,18290,main,dark,0
7784,395325,67.61348579905517,1.8863841026538732,39627956133298755,154.59763432252026,7.059975554727872,27439,main,dark,0
7799,708453,76.71870331454512,2.5640526180867393,39632954904809915,111.85291604903162,33.8318978213285,6350,main,dark,0
7817,450324,59.259760019391926,1.8966926273750524,39628030963876817,341.02546175820197,9.982521657751274,19302,main,dark,0
7825,551038,59.526519202588375,1.7726849725778788,39628215932683033,181.35086424704102,17.903729058434372,27895,main,dark,0
7869,108435,82.98452173246147,2.084772778362882,39627661223398279,192.65379222424875,-5.296645480218352,26136,main,dark,0
7904,818028,99.79156798426878,1.95639912752173,39633221398303703,278.3838210299547,48.26112257909321,15065,main,dark,0
7937,483609,92.96576174251558,1.9356450392984486,39628088354541242,226.1907309809902,12.618609106868888,8391,main,dark,0
7941,147936,64.93516490509343,2.3172800893447882,39627706358308828,8.502529004805877,-3.1841107613593698,17967,main,dark,0
7957,60580,76.3392736445601,1.614662976438363,39627601404231891,207.23441487579396,-7.643724497622072,25720,main,dark,0
7984,723998,57.4045988939175,2.145566592968366,39632981224065690,207.64770738368523,35.04817678012231,10367,main,dark,0
7992,42083,53.26758176106936,2.011884905412125,39627570731288608,161.1266675329883,-8.897038346408344,26727,main,dark,0
8017,335713,99.53229962551433,2.49213946375916,39627890974788904,215.220455847393,4.358329335893261,26072,main,dark,0
8040,801737,78.63363617759897,2.4231133628365042,39633154155217535,253.85509459617364,44.327784985695665,9657,main,dark,0
8066,801686,56.01943046738516,2.191222163232029,39633154096498704,249.09216047084652,44.14465532324526,9987,main,dark,0
8075,319392,85.77476098150689,2.3094635723425543,39627874470207826,310.1489398987165,3.6152937966627716,30077,main,dark,0
8096,710734,65.69540766008943,2.7672424456757865,39632956842574405,250.2284437374214,33.774338255253795,9424,main,dark,0
8121,820620,74.53118006353992,1.6996527184316015,39633239563831823,119.2270616851144,49.57259376251787,6637,main,dark,0
8127,648634,40.9967742274223,2.308208221318973,39628444547420045,235.21245085660894,28.2981048409753,8702,main,dark,0
8128,839666,81.7241402852212,1.8754981515569273,39633384854522605,278.4220477015065,59.87124657444901,15333,main,dark,0
8136,591139,78.5446995469997,1.9168401871374061,39628304096957265,3.221754205761538,22.031395938542257,19898,main,dark,0
8137,770631,66.11289283170055,3.822162393769084,39633062144771630,121.82996852090747,39.19346850757315,6458,main,dark,0
8153,8941,82.55403934926495,3.5041569170776308,39627427076380206,51.14668749206278,-14.98084891999531,36287,main,dark,4
8178,742446,33.61198276307157,2.8337821036173994,39633011167201939,242.23326225700364,36.61592972575791,9792,main,dark,0
8187,843866,88.58857107171784,2.101102956436554,39633432220795221,118.3505111759334,63.87654550958488,7733,main,dark,0
8203,714001,96.78294717853707,3.4862107873750268,39632962135785532,269.6994579328703,34.02917615081798,32718,main,dark,0
8208,124720,77.08650751127841,2.111667573893468,39627679334402589,195.1559013679771,-4.624673599996498,26134,main,dark,0
8211,731140,57.169893204168766,1.8309319839692808,39632991915348275,266.5820129109264,35.585494994005934,32745,main,dark,0
8226,458825,57.27894591915875,2.4805803076849404,39628043706175288,32.49722317340411,10.766494560467686,514,main,dark,0
8233,667738,94.66109446596467,1.8879368878364073,39628487299960300,272.291771274097,30.300652743216894,32617,main,dark,0
8252,337253,68.75975963840767,1.8089876429516012,39627892753175618,321.3798709160763,4.3152558100275655,19178,main,dark,0
8277,138389,81.75244045393124,1.7534439617707605,39627695218233008,63.51414534135361,-3.7816669257955065,22763,main,dark,0
8351,282530,73.91886426595991,1.8921279691271864,39627836998290829,235.65567518698725,2.0305085524132247,31433,main,dark,0
8361,91373,60.30328453368651,1.9254453475777409,39627642319668088,141.379759977454,-6.090071438726441,40829,main,dark,0
8400,338072,99.32451769608315,2.0134642091528323,39627893734638317,19.824909434310335,4.550455515390949,18211,main,dark,0
8401,127737,85.38177283002491,1.8480134351735158,39627683239297972,68.3774497699985,-4.2561841989070235,22747,main,dark,0
8432,544710,99.88140421769593,2.053579572382783,39628203530127266,126.72832828939507,17.37572275839838,4704,main,dark,0
8449,372686,67.00114254487808,2.3461184775271247,39627930267028551,44.57667767315008,6.110298381300861,50,main,dark,0
8456,108090,33.39850374716505,2.0667469581773115,39627661030459743,181.1054515708897,-5.29405680544752,25560,main,dark,0
8469,844843,72.0502380735285,2.2251125806608187,39633442794637071,130.95887602305262,64.95091609130331,7761,main,dark,0
8481,402176,91.06140906512601,1.863890950737017,39627963632718214,244.88147320700693,7.300968872594331,31546,main,dark,0
8527,781378,77.1220740931174,2.0245991616725383,39633090804451412,185.44130340555225,40.84581003177936,10895,main,dark,0
8529,626864,65.66850342541095,1.9297353754166493,39628390696751556,237.81242137884993,25.684914814402173,8667,main,dark,0
8565,486178,99.16683862607645,2.326883834689972,39628092867612070,141.51432969058052,12.76195739889411,4215,main,dark,0
8566,842390,51.46555883315504,1.9928476562019748,39633415967869971,141.67448611238285,62.41761390535091,7560,main,dark,0
8575,378212,35.50568971842988,1.911541716213707,39627936269075847,43.82075560144409,6.1733045484868025,56,main,dark,0
8609,230179,81.99934257022706,2.617566147695663,39627789980142790,313.114204288973,0.08472209383243523,30038,main,dark,0
8696,274644,89.53874540340706,1.8477173087930479,39627830044132627,181.04959530948582,1.8500837210219663,27652,main,dark,0
8744,571579,67.22950283285543,2.1321968153062945,39628258710390025,352.10844155094753,19.849614245400574,20070,main,dark,0
8760,626233,58.11808262006484,1.6238552491941298,39628389002248287,125.72627878654883,25.73044178346911,4830,main,dark,0
8790,420421,74.18534359071977,1.8055322287312625,39627987074681886,213.46447848487003,8.21942795372144,26110,main,dark,0
8796,560756,78.8654100273946,1.8194366011712382,39628235754968132,344.6590585098014,18.84091836259226,20120,main,dark,0
8847,192216,49.605930701008695,1.6493278254277273,39627755251305163,43.091163001179304,-1.2977617306395453,17745,main,dark,0
8856,425213,64.938226042379,2.3377252942501867,39627993269669756,226.3879082134959,8.53906516915467,8296,main,dark,0
8859,693613,53.86442046107999,2.1029939732967033,39628535433793264,29.281626912110177,32.77393275243488,2166,main,dark,0
8865,368750,66.02629417809759,1.8840512517248993,39627926597009806,184.78631996685334,5.710118297062253,27714,main,dark,0
8947,712421,96.00410466233028,1.9944425041014278,39632961213041583,203.72855789557877,34.06940728480544,10445,main,dark,0
8973,668013,86.54411440033131,1.7993793708803607,39628488390480013,347.50819353978784,30.202388182453376,13399,main,dark,0
8979,597120,70.08318567840855,2.4587929164095232,39628318890263970,234.13309374871494,22.489449333072148,8650,main,dark,0
8980,282852,50.03095216274622,2.177403670205311,39627837187033810,246.8461027600543,1.9161689856163484,31497,main,dark,4
8995,346658,48.83614644809686,2.45439850071769,39627902827893238,203.55613228770807,4.86920846271733,26394,main,dark,0
9008,693215,55.68991786941976,1.8343544570905561,39628529683398933,343.7822470643286,32.17012392086747,13430,main,dark,0
9026,104830,76.30991108370107,1.7403640647566718,39627658132198320,7.9195178226954965,-5.14966276315843,17961,main,dark,0
9029,846418,50.25081784545509,2.2632031883190353,39633457554394074,94.45820011501537,66.60048460803762,7849,main,dark,0
9063,731070,88.71214819915251,1.9673829625516635,39632991860821333,262.56029327595377,35.37983365036049,9494,main,dark,0
9074,570374,82.19060168345342,2.8302978624075825,39628255891819589,174.10064120766242,19.82713067380366,28272,main,dark,0
9083,717658,82.63291529914322,2.6372617913238927,39632970948020082,183.7678931726884,34.613373731629544,28625,main,dark,0
9089,163611,86.75303413928783,2.080535067001381,39627724674831950,20.65588241900621,-2.4194742190210974,17658,main,dark,0
9114,143889,37.55958757343859,2.059602333248558,39627701320945130,67.76471291958643,-3.4021875903784022,22769,main,dark,0
9140,783284,54.33806967316451,1.8403281828323133,39633096026361760,236.13029966691818,41.11082412033763,9791,main,dark,0
9164,785968,71.38579637798959,1.7670408878303443,39633104989586888,224.73747301213444,41.453880803400494,9215,main,dark,0
9193,368411,35.26126169126146,1.9006877963596147,39627926399881682,173.20993853818942,5.721394884096162,27095,main,dark,0
9217,646529,81.87742439842185,2.324388493964018,39628439220651402,235.47466525843782,28.111328689971383,8702,main,dark,0
9238,395915,94.70625798044776,2.477106687050836,39627956653395415,185.96671806947515,7.081589704711008,27718,main,dark,0
9252,417318,80.38548063626757,2.3583848446982434,39627983194952004,340.0556435869795,8.069962880137238,19296,main,dark,0
9257,496279,75.3426265503746,1.7219410526843424,39628112002026207,231.22996515193668,13.456451938678557,8317,main,dark,0
9285,798600,85.93496218678048,2.3564819314390486,39633144759978034,197.7910110808026,43.749938028421504,10846,main,dark,0
9333,749662,79.89431667437448,1.9217997572462904,39633024601558063,161.4703468408625,37.20134531379171,5341,main,dark,0
9392,744834,68.9415511862704,1.7421153501245703,39633015705439256,218.87616315196735,36.83333964890353,10562,main,dark,0
9397,240832,78.78756778352042,2.0810361120803686,39627799358605653,152.1023048714145,0.38174410983270984,27248,main,dark,0
9481,73409,93.52107782677288,1.8192453535613926,39627619020312563,184.9777934522855,-6.8777823794398625,25465,main,dark,0
9501,548115,84.867846961271,2.2095777393447826,39628210178099358,181.6806960299389,17.7385295173911,27895,main,dark,0
9524,678572,71.88233574864688,3.276550559474965,39628507340344262,220.15602012959752,31.354825607775545,9137,main,dark,0
9539,175118,66.98212593497276,2.3222711805893614,39627737605870692,71.46937350829204,-2.0775206010423792,22923,main,dark,0
9540,755269,96.26522089368682,2.274303554142468,39633034009380479,145.78602244292895,37.83935430375815,5683,main,dark,0
9552,247902,99.81685479443762,2.9011759193948214,39627805566176009,162.10050148370632,0.8584775218946585,27047,main,dark,0
9588,86930,99.90968465455957,2.8249459964124712,39627636598641747,158.86733312895277,-6.18938347008273,26823,main,dark,0
9602,837097,78.66440591971761,2.405453518715407,39633364763805109,123.94513829534327,58.28436692607863,7355,main,dark,0
9605,72955,98.35774785838693,1.7148672755526473,39627618701541480,165.65440508844767,-6.883235655450895,26912,main,dark,0
9629,396040,82.70226357600917,1.7329729418536797,39627956863108115,198.4280077180102,6.970294368472985,26500,main,dark,0
9651,168284,45.285110532409156,2.798615406578364,39627729997399406,337.8005466397059,-2.4300166165317196,18678,main,dark,0
9669,808337,91.84761882305949,2.935072134997291,39633175592304743,252.5754853898183,45.40614134389723,10000,main,dark,0
9692,720260,86.28160816924044,2.1136468733743157,39632975377206231,143.838362965086,34.73151993204465,5667,main,dark,0
9704,670892,96.92222578668303,1.788631022621307,39628494010843755,15.13079617054891,30.770581823542532,2215,main,dark,0
9705,95763,35.09309801857622,2.968151924767906,39627647105373816,67.97174851153711,-5.7482350829183435,22733,main,dark,0
9769,838180,75.79973037672087,1.727833290829314,39633372321940636,262.22361844994055,58.86934730714554,10194,main,dark,0
9827,138485,38.250393284027005,1.802238229654231,39627695281146896,67.23607676806314,-3.850328034915441,22768,main,dark,0
9846,529208,69.96913684361617,1.6749383520843883,39628172387418240,349.8735815695294,16.05560538984303,20020,main,dark,0
9876,97878,45.084915477823536,2.839553361840867,39627649156383462,190.58387595939652,-5.763724650342814,26126,main,dark,0
9887,232924,32.805576060691266,1.7646951121359589,39627791896940170,67.39136078180809,0.2173232714357017,23296,main,dark,0
9889,663314,63.49947651725586,2.337239630715067,39628479813129461,117.50057649808737,30.007357148867793,6245,main,dark,0
9902,440803,73.10021080746282,2.5816318657391624,39628015923102041,152.16997916276551,9.47117418229774,27546,main,dark,0
9925,755327,67.73257782551923,2.0216510426484224,39633034047130187,148.71433541784816,37.67110371804551,5663,main,dark,0
9935,226762,54.77564072543971,2.0831104748638594,39627787178348559,146.2211283868635,0.0575838021315882,27328,main,dark,0
9975,530633,63.77101145281337,3.261342062146253,39628175075968302,156.66795313959466,16.12760895804642,27634,main,dark,0
9978,312322,52.44558174483165,1.9487552113267053,39627866933039470,220.23259764013395,3.1352732021287206,25981,main,dark,0
9983,637505,73.84084016172613,2.120787079354022,39628415917097319,112.26954183029763,26.896595401203825,6195,main,dark,0
10007,72760,45.92954221404202,2.6019461241105777,39627618592490470,159.1526070152189,-7.124445160326048,26821,main,dark,0
10017,303860,98.07819715509767,2.426693634600904,39627859664308398,146.6090602767367,3.058042923181209,27340,main,dark,0
10018,316692,61.85461086284037,2.0665637655566655,39627872100423069,168.73176071352339,3.5977285464891535,27086,main,dark,0
10028,150228,93.98947898300278,1.7852534996903617,39627708887468630,159.35701966386364,-3.347650830043166,26846,main,dark,0
10030,311093,81.0036476113687,2.0988903013100844,39627866324866038,183.97256465789758,3.292442264316574,26299,main,dark,0
10031,171766,69.75198166671717,2.063188834245505,39627733537393293,188.87134102671996,-2.3083954888052776,26170,main,dark,0
10049,259883,99.10339121573321,2.2495561334651573,39627815754137825,49.261427667932935,1.2276049725566802,23218,main,dark,0
10061,62971,45.556776717661606,1.9472475000171867,39627605091027183,68.84262780443748,-7.41046552762706,22724,main,dark,0
10071,43726,55.213261695054925,1.6616906617688652,39627574745241453,43.16990664900608,-8.818540419472749,36759,main,dark,0
10079,7107,66.23611192611186,1.6990128955082593,39627409628072273,53.756497547319654,-15.83585727545374,36321,main,dark,0
10088,794862,94.99727574592983,2.2845046991894815,39633132281921582,257.04580624774496,42.960560337089476,9628,main,dark,0
10094,591032,62.94534287469363,2.1607667876988486,39628304029846960,358.816717643395,21.777088101154575,20232,main,dark,0
10115,47132,76.782831925251,2.7275720094230556,39627580961198225,57.770327301811705,-8.393923821194152,22702,main,dark,0
10146,626680,60.643211581804195,2.5241119234006755,39628390528975557,226.55628874560944,25.78932792415088,8987,main,dark,0
10156,524562,70.6231176244499,1.7043050744388042,39628163289975352,146.96746627384533,15.833276551368822,4401,main,dark,0
10171,87107,56.53240330039034,3.0619173530335435,39627636703495230,164.9735799723256,-6.136904344942567,26914,main,dark,0
10203,539923,60.13011749014794,2.1381688751531733,39628193811923532,241.15453940981533,16.918553055315172,8521,main,dark,0
10229,37367,67.53351524011781,2.5860421270662792,39627557288545373,69.99823486084217,-9.474505054358538,22633,main,dark,0
10253,232784,81.66578359788753,2.076839948256519,39627791653672360,52.99528451902526,0.29956775851983625,23193,main,dark,0
10254,644076,68.90946905162514,1.6826804207782715,39628432832725513,165.37053013223198,27.700774810167648,5189,main,dark,0
10320,442156,94.16569789652733,1.6297131435572474,39628017479192635,246.22040808151115,9.597093339323397,31637,main,dark,0
10321,442875,84.37199154098242,2.2123157039063273,39628019165301832,347.9792197225118,9.524853027953416,19285,main,dark,0
10380,561008,81.09809981341711,1.8619255018842726,39628236010819111,0.6801199210351752,18.90503747326546,19882,main,dark,0
10390,733652,52.212581014322566,1.804208982497353,39632996554245062,245.78885322264594,35.85159942068347,9446,main,dark,0
10416,332974,71.99391911724324,2.075170214223819,39627889477421273,125.75953742115885,4.292319972082628,21977,main,dark,0
10419,583141,87.11773118467404,2.789988789185491,39628285352609575,244.54510977459637,21.04639636489019,8543,main,dark,0
10442,692261,68.04889264235547,2.482425708482491,39628528156675119,236.6053032678968,32.12632455558433,9731,main,dark,0
10449,334729,67.1316650937355,2.0137697819630027,39627890471470894,185.08674459179406,4.189514682412587,26303,main,dark,0
10490,430662,73.46340170069865,3.6705291332347603,39628001129794173,339.8905184236348,8.632152192604122,19298,main,dark,0
10505,264966,95.22522699974616,2.3019448967855056,39627820682450722,343.17670708022223,1.1522378162684976,18865,main,dark,0
10543,154359,58.475049384862075,1.9562555317142862,39627714411365160,128.7832000533549,-2.9731338110117003,21827,main,dark,0
10559,803032,81.40493871183797,2.626457555615269,39633158420826215,249.0215934240446,44.580976206491435,9987,main,dark,0
10624,704612,86.66808509843491,2.144593535482997,39632946474255317,230.53823189566165,33.168711675418756,9084,main,dark,0
10626,810577,93.56000785238405,2.2322302007887282,39633184110937481,258.62807993539195,45.94346645451705,9696,main,dark,0
10665,163412,97.81478939203883,2.062463521401168,39627724293145480,357.7981743184224,-2.8435054409079332,17402,main,dark,0
10689,518525,55.445233089615826,1.8805871455807428,39628151667561166,149.45756220859263,15.138587994026182,4380,main,dark,0
10718,608318,91.95453642073653,1.8125841147521278,39628343682794995,38.00089931861818,23.730307801233963,724,main,dark,0
10730,172633,66.22888279368378,1.776776298294075,39627734007153608,216.79023169990836,-2.278492373157692,25930,main,dark,0
10790,268945,86.78781373757438,1.8079670777693264,39627824373433285,203.04251218661545,1.6118427055251354,26369,main,dark,0
10800,491127,63.74671043937795,2.2007319262108287,39628102409653972,4.553180986107103,13.174762334722475,19582,main,dark,0
10893,479982,92.95126760176016,1.644873477669235,39628081069031955,141.92920466211982,12.261842757569866,4215,main,dark,0
10949,343353,96.70647548968803,1.993030349924126,39627899342426419,355.19835011192896,4.565273440658029,19498,main,dark,0
10957,133992,59.276254066650594,2.1102733483493177,39627690579330429,146.50691319216537,-3.984992338599641,27184,main,dark,0
10965,609452,82.24598744620194,2.307956516745284,39628347138901157,262.66844070461184,23.634255624649075,32468,main,dark,0
10966,3801,61.91123912079413,1.8907914493773417,39627380091786980,19.75257821838819,-17.076167741978097,16735,main,dark,0
10968,601286,83.44432248413054,1.681487111280253,39628327002050797,37.62165127055017,22.927548067959993,635,main,dark,0
10970,47155,82.85484798589444,1.9240213139193632,39627580973781571,58.527539797794965,-8.592053346856137,22702,main,dark,0
10990,78103,60.17237695475857,2.2771135065245316,39627625110442001,190.24763807633624,-6.67828063962901,26123,main,dark,0
11029,556289,86.61098503690818,1.7693355555785262,39628226502331405,123.58317380289755,18.460296423541173,4671,main,dark,0
11035,646525,43.37674081288498,2.2886663468329784,39628439216460311,235.37405812653122,27.974484413380996,8699,main,dark,0
11038,426670,72.021180571651,1.6841074343848874,39627995341656522,351.14024161667527,8.596157805565815,19618,main,dark,0
11120,269274,57.75835943238393,1.7224530655086026,39627824537010937,212.77814609609638,1.4664017301545487,26050,main,dark,0
11135,586422,36.15144664093899,1.772095852703908,39628292914941753,7.4375257674326285,21.48552672575216,19892,main,dark,0
11157,715162,88.37528325906773,1.6754333822861744,39632966174903199,200.12082586286976,34.150474591814195,10465,main,dark,0
11216,651666,64.61403318824097,2.2466437934021575,39628452172661291,31.077296957838403,28.63796166109717,2129,main,dark,0
11293,349954,95.34994953937792,2.5292333859815868,39627906187528259,44.20003072708791,5.003937247593733,37,main,dark,0
11298,277901,66.77902646735787,1.7429468679776716,39627832879488008,350.19607408282815,1.7544098024222259,18884,main,dark,0
11301,641644,74.82745174991133,3.2505515965848844,39628426797124943,120.22851431601731,27.50895858696748,6213,main,dark,0
11304,305094,68.25548378498823,1.8215177446648756,39627860322815654,185.93029188782995,2.943654867468812,26300,main,dark,0
11317,92706,93.67114229099975,2.604112401362793,39627643091419846,187.56624553114185,-5.938050367306347,26146,main,dark,0
11325,710730,52.30418022897809,2.546216818966984,39632956838382966,250.0936071726849,33.66521800997174,9424,main,dark,0
11332,14725,80.536372559591,2.244774333137699,39627468306387128,63.51269315895885,-13.368466429532958,22574,main,dark,0
11363,642586,53.689050371708724,1.6842474341098732,39628428579700944,239.63218733296742,27.608629019749777,9354,main,dark,0
11377,781981,81.23272357477778,1.726672075310141,39633091597174423,247.58335107213682,40.718765394336465,9471,main,dark,0
11380,665545,76.94625414053026,2.4209013564479065,39628483621552804,18.817072731803115,30.20969414865784,2201,main,dark,0
11392,579725,59.8918861248555,2.6740355619939455,39628276292912214,27.30807515973834,20.695164540266653,690,main,dark,0
11430,845028,86.37702143897974,1.9284723934247792,39633445109891995,96.36885280131735,65.35210160048722,7842,main,dark,0
11470,450217,76.69027854528849,1.8943747185262074,39628030724806234,326.76983611658824,10.119487819460353,12544,main,dark,0
11476,85399,65.57875497255729,2.343615933902221,39627634858005022,54.482681065194,-6.257587807765623,23073,main,dark,0
11490,148972,71.98100425557166,2.4473536144269685,39627707348158467,67.44902940769038,-3.3440675847019317,22771,main,dark,0
11504,253656,99.82326664095228,1.657019950420274,39627811102658045,132.1755601604091,1.0123161190265584,21852,main,dark,0
11508,477142,56.65352920859107,2.3302192845445777,39628075691937897,174.56668480579197,12.121644602911303,27830,main,dark,0
11517,783237,78.83025455442034,2.0528286551238204,39633095992804945,233.326341352739,41.061878914934866,9875,main,dark,0
11524,26911,79.2526444811923,3.406351045856573,39627521058150909,37.313652697463354,-11.041409716868941,36769,main,dark,0
11528,303463,93.25972558187104,2.1093763471661098,39627859433622560,132.90743979378053,3.1204913688982843,4129,main,dark,0
11534,735935,99.9918700308562,2.4684119525021146,39633001063121851,216.763849785923,35.93692786925025,10524,main,dark,0
11541,145662,83.20556382491515,2.7249585303321475,39627703158049703,177.37592116675617,-3.496610235130745,25581,main,dark,0
11558,67161,72.2433897737247,1.9504481352574852,39627611038551435,65.8704607215254,-7.363003807774537,22730,main,dark,0
11568,383538,73.09777414208861,1.6494793001319585,39627942183046539,38.39099952174897,6.4713574179728575,136,main,dark,0
11573,849478,85.64530904257326,2.106267513109689,39633489410130999,132.31246679193836,70.12019813391962,7947,main,dark,0
11578,208114,46.184067385848245,2.3442807876901033,39627769918783741,197.26037099436456,-0.754142333495104,26191,main,dark,0
11579,818529,32.86861110389844,2.247825399242275,39633225227700453,260.9667888587482,48.48693159111663,9708,main,dark,0
11588,708451,94.53320228970763,2.5944271833667476,39632954904809310,111.81960217395537,33.82361089325187,6350,main,dark,4
11606,497236,33.71213805404561,2.3361069796959675,39628113906239102,347.7506171648075,13.622437801216913,20004,main,dark,0
11647,523920,53.758384369032925,2.2902434719498745,39628161402540095,30.341707094837425,15.63628614407726,558,main,dark,0
11684,655585,73.63714747992663,2.1146716345885936,39628462155104391,349.45022552851907,29.008254929321694,20221,main,dark,0
11698,802900,96.69040206371895,2.0727098269856534,39633158076892520,220.31668550499967,44.45211687337873,10612,main,dark,0
11751,773988,38.09427626374061,1.7597214342863037,39633068453007962,247.19762022977542,39.47810001620792,9468,main,dark,0
11757,73415,41.86947767766381,2.390341819768866,39627619024506240,185.20469125685437,-6.9621854030837635,25465,main,dark,0
11770,6522,79.16481553079734,1.87748063694292,39627403827348278,54.56516935966642,-15.916026917230495,36321,main,dark,0
11803,573988,86.17101230035532,2.0074191917192055,39628264196540639,339.4202015829741,20.039161275356843,20139,main,dark,0
11811,448553,50.930147255207814,1.907308088986979,39628027914619131,156.7899294605816,10.037436041256125,27541,main,dark,0
11842,393744,69.73634029912704,1.636468710952555,39627953893543047,20.347543745085677,7.026744722163562,18234,main,dark,0
11845,483290,92.27168397894779,2.140152965790116,39628087171748176,154.1593463018143,12.551759535942564,27616,main,dark,0
11882,185064,75.99695398186776,2.9241814319883774,39627748322313766,350.03792173360995,-1.8379573608334625,18743,main,dark,0
11894,649685,80.18824269495222,2.2733496584188257,39628446942367926,37.127546792489355,28.481624342288654,929,main,dark,0
11914,85769,95.38449067052366,1.8426389334454265,39627635084496722,68.04153191362289,-6.343043148516022,22733,main,dark,0
11933,310003,98.31331412184743,2.767632950182127,39627865762824288,150.2117027711252,3.1364149471939244,27259,main,dark,0
11985,789137,80.95377859404948,2.966461478902222,39633114338691828,249.58614880650933,41.92986215378867,9641,main,dark,0
11994,11919,93.40524418119578,1.7390498081633217,39627450468010131,50.03786226619462,-14.00952820370798,36629,main,dark,0
12005,580014,58.98693344341974,1.6774905417261543,39628277672837290,115.11034473383665,20.68523848134078,4782,main,dark,0
12037,683243,54.938427216355905,1.7798142306267835,39628514260944926,342.5539609610592,31.392681955017448,13426,main,dark,0
12084,761485,45.56758568416436,2.1551491616428966,39633044046350338,182.68322533866584,38.34880935289308,28639,main,dark,0
12092,41469,78.52936945015625,2.6600390185505662,39627569020014665,58.06855991664515,-9.12365433628915,22699,main,dark,0
12096,553629,96.45471498230955,2.3006943541516756,39628220894547788,132.12491196365934,18.314473264598163,4691,main,dark,0
12142,311913,71.14682012209087,2.1362226081377855,39627866723322446,207.6470463340116,3.2090068547415154,26046,main,dark,0
12168,491417,36.20726491994284,2.2686313881313085,39628102644536188,18.96957845930183,13.345622572819087,18402,main,dark,0
12189,586401,59.6610280248504,1.668868787398052,39628292881385050,5.199478555931658,21.52973764902546,19891,main,dark,0
12196,281684,95.64944412601855,2.253183178536647,39627836536915993,208.09069761477002,1.9437424626854127,26035,main,dark,0
12211,319825,62.78924810780738,2.5237012139864943,39627874772192620,328.0836810324751,3.437613907826751,19154,main,dark,0
12233,802793,67.67637899721795,2.1335150327486785,39633157883953306,204.12950291781584,44.5820331292747,10671,main,dark,0
12249,708737,79.09276178568427,1.7291569871526953,39632955361984578,144.30432053980493,33.820068630344196,5665,main,dark,0
12296,295867,85.29037263777224,1.9076404968406786,39627850709471699,332.9408850929486,2.4211096536517034,19062,main,dark,0
12306,202145,59.672698319038915,2.305846850906394,39627764206144246,216.87915174693447,-0.9060046651513826,25955,main,dark,0
12367,329662,89.32664920938575,1.64536033905306,39627884763022154,204.3233627462145,3.905444486769252,26386,main,dark,0
12387,227441,41.53317660585416,2.676117473502085,39627787534862882,167.36462989377532,-0.09084616615987086,27028,main,dark,0
12390,738819,57.09986889682049,2.8138048538283904,39633005966265594,218.01728569225182,36.31705434097515,10519,main,dark,0
12400,551038,65.58805305240921,1.7726849725778788,39628215932683033,181.35086424704102,17.903729058434372,27895,main,dark,0
12409,211594,72.23743542872454,2.138411007915534,39627773140009612,29.265031025050007,-0.44934900661552807,17816,main,dark,0
12418,440322,71.63450016250206,1.7216347560567677,39628015516258360,127.7843507927618,9.51466721849588,4262,main,dark,0
12446,856295,60.400791370453575,3.3309495596699703,39637174110390368,121.8475237304852,25.13843392978227,4839,main,dark,0
12502,318241,67.85079968140832,2.257530141188354,39627872926696236,217.83750462841758,3.490865847975222,26065,main,dark,0
12505,727760,63.43119091546467,1.6515782018556582,39632986680855907,244.71451463837838,35.16796721959128,9443,main,dark,0
12508,314531,84.09434064435924,1.8289575272427785,39627869441234919,9.938025159127273,3.5282258057591034,18126,main,dark,0
12563,147562,59.7275354100734,3.592141163793646,39627705653658672,326.2357122315405,-3.6199819653123435,18992,main,dark,0
12565,657860,40.77200043703107,1.6082735978570293,39628467725142213,9.587217504591395,29.464826823807286,20308,main,dark,0
12586,393051,64.22167937829548,1.7185761190961413,39627953440558181,353.1261942075458,6.852844636797449,19592,main,dark,0
12595,196139,51.70451640875066,1.6711700755327317,39627758397036125,230.74211802416855,-1.3485280167882048,31372,main,dark,0
12603,683440,56.43560235472155,1.6730938307033432,39628514676182085,11.611850799673192,31.7940743180453,2563,main,dark,0
12624,829922,84.11560565278828,2.7969543259427483,39633312200786911,267.10091997409813,54.12658428495086,10070,main,dark,0
12637,850842,81.28734188843652,2.281636636731587,39633527637017277,128.62013873322704,75.17517846198902,7994,main,dark,0
12640,703757,66.77985136618842,2.6533836955593135,39632945996103954,196.44302650052208,33.18043523120433,10425,main,dark,0
12693,116677,62.15500862724467,1.8056759634496067,39627670979349633,55.796679801298,-4.717447783939732,23077,main,dark,0
12712,701635,39.79298357508044,2.144220827183642,39632941373981904,228.00580928012147,32.904560453742945,9082,main,dark,0
12725,728408,61.01560375546485,1.895247988364909,39632989751087273,108.58554962693125,35.382407384060215,6377,main,dark,0
12731,484629,85.02771737990064,2.0381914893451643,39628090418135846,351.8591700457641,12.375000059395404,19984,main,dark,0
12747,468693,43.60758597852658,3.804706821387276,39628060953152562,358.3758433527709,11.32931562387084,19656,main,dark,0
12784,506924,59.30000884751206,1.7547712833208469,39628131555871776,350.8792865593903,14.32948185118645,19993,main,dark,0
12814,446505,98.68028157230098,1.8937268617419405,39628024995383613,340.3265387654543,9.71952436625898,19308,main,dark,0
12819,729086,69.42636380458127,2.2528976027403718,39632990627693338,172.4157828754858,35.53354911314549,5398,main,dark,0
12826,294705,60.001703108462074,2.2821162491429123,39627849090470599,236.45716852056407,2.404892567867891,31430,main,dark,0
12830,367686,59.01707273244954,2.115284704992148,39627925909144860,143.65246962251257,5.827409749123756,27373,main,dark,0
12849,619734,63.94801204543255,2.158669084706677,39628373328138716,173.91842817187904,25.0743893649258,28544,main,dark,0
12859,683530,88.09661594467745,1.9174385882974407,39628514743291990,16.322198465852345,31.705928363927736,2226,main,dark,0
12896,750635,88.78283158799312,1.7917526132103738,39633025297812704,213.45979783967528,37.29332331461391,10546,main,dark,0
12960,755243,99.90563190511351,2.161420850299047,39633033988408909,144.1849888447844,37.68678768874739,5677,main,dark,0
13007,97782,46.77575713022245,2.627975699765694,39627649076692052,185.8273945370081,-5.686919189326645,25471,main,dark,0
13019,284565,93.64795070758495,2.7612643748852626,39627839451963976,21.980964667131317,2.167568241484319,18185,main,dark,0
13022,153740,98.24505495973443,1.7087290026223088,39627713094357974,50.47165707489168,-3.0833812036450143,23171,main,dark,0
13067,822002,46.65754497592451,2.3487439396568504,39633248942294763,261.0761685595435,49.932010925778734,9710,main,dark,0
13093,821976,80.43601990456156,3.1862326065203037,39633248904548569,257.8021020693302,49.97041517071392,10050,main,dark,0
13112,173086,55.548859267336965,1.7953523262851223,39627734271395716,232.60579194202893,-2.2801572427253016,31365,main,dark,0
13177,800771,68.23843472963009,4.32932217944943,39633152578161414,123.17135860851972,44.35806007472572,6595,main,dark,0
13187,422147,61.789136025129366,2.305918596046555,39627989301859971,347.625995482492,8.151800205050998,18942,main,dark,0
13195,471724,57.10737534793255,2.5805032558205423,39628066460273085,333.0749759054728,11.479928360331153,19380,main,dark,0
13220,443132,94.1274100167967,1.9202466404422265,39628019383404597,1.1563042048133236,9.752450607043256,19562,main,dark,0
13235,404124,65.77700418617246,3.018823105598032,39627965960556191,24.585274295355365,7.552331918537972,18229,main,dark,0
13251,180339,88.85012134606023,3.681375458430703,39627743276567601,49.390553062355444,-1.6706043157084034,23179,main,dark,0
13321,826219,63.39644591563884,1.7613829289711391,39633279422301157,260.99439930572817,51.97605133780878,10060,main,dark,0
13329,833064,77.80002146354168,1.7717467469546553,39633339153385072,196.31744073050268,56.33066055801995,11118,main,dark,0
13357,531275,51.01061729246241,1.9071037641644006,39628176430729303,240.69407847831445,16.130870074782973,8520,main,dark,0
13367,175037,80.3491662437401,2.182897133910232,39627737568116862,69.00236171929998,-2.064018348308346,22775,main,dark,0
13371,234120,37.78202800328874,2.487476173431953,39627793436249904,159.23064234656928,0.23594674128295673,27049,main,dark,0
13383,513995,87.09271265709533,2.6529286028024046,39628143564161886,9.61887934982967,15.05412620175967,19751,main,dark,0
13389,154476,69.13381560218524,2.077460929943443,39627714474281919,132.62688058106,-3.080555808510336,40943,main,dark,0
13405,468535,30.92888708794006,1.7997313562034718,39628060806352741,349.48626353440363,11.340659107585518,19969,main,dark,0
13409,754332,81.07913074606833,1.9013886195512144,39633030544884466,245.7084301414396,37.53424664749238,9453,main,dark,0
13427,461395,61.759594915032395,1.8416563248693258,39628048806446553,341.5212482527841,10.85613168659695,19309,main,dark,0
13446,410836,62.888382590997544,2.048320811465328,39627974625990519,185.04131898721022,7.677646053387311,27721,main,dark,0
13468,641014,93.80596112035386,2.109017173818885,39628424603501603,333.08821449612896,27.226943516545635,13446,main,dark,0
13489,753881,98.71793072285705,2.731744104369306,39633030247091712,223.6575356384888,37.39663539550574,9208,main,dark,0
13536,118964,60.25078787125895,2.2788770446253386,39627673110053271,183.02405056360672,-4.863881408742211,25558,main,dark,0
13560,544718,96.76707193777175,1.779747905106442,39628203538515273,127.2176878588393,17.5780159742453,4704,main,dark,0
13579,119367,96.8157196933886,3.0671094895478443,39627673323967771,196.0355869582995,-4.86850065850866,26133,main,dark,0
13621,208539,97.98929610357149,2.340470318859747,39627770136889703,210.3298844282794,-0.6330791770967146,26003,main,dark,0
13624,388964,87.45756283748713,2.2771205898633964,39627948172513014,37.40075972458898,6.869181996641556,138,main,dark,0
13663,466106,41.50524289405746,2.5598484836933757,39628057027286076,120.09886303249502,11.316917547861955,22388,main,dark,0
13677,96724,93.7758892084302,2.767863422611279,39627648434967256,147.59272128452255,-5.728494439117992,27160,main,dark,0
13726,18712,82.7341025499244,2.083100591355149,39627490997570218,9.061862525938015,-12.237338104133858,16890,main,dark,0
13759,732797,93.4256846067763,2.971329090483142,39632996080288177,211.04728398540198,35.77880870935348,10534,main,dark,0
13773,139901,80.46618805743095,2.4029457483673355,39627696883370940,162.8634963389441,-3.7083600924685043,27010,main,dark,0
13791,323443,97.80309545793652,1.707077401956095,39627878500932280,190.7557840511694,3.693756440273986,26318,main,dark,0
13815,401662,70.19102754676285,2.535295989733939,39627963355895674,228.32156996962817,7.215655245514311,8266,main,dark,0
13863,146635,61.843103758077,2.1834082630396257,39627703648781912,206.5966363112008,-3.4390666802737,25992,main,dark,0
13865,794594,97.11643901332394,2.7036871651685104,39633132076403451,240.5762665262578,42.943411579617354,9831,main,dark,0
13874,81887,78.97551903922745,2.9332419877083047,39627630466566940,151.23877501143167,-6.536769676746054,26812,main,dark,0
13903,420525,92.3346521496393,1.6879794065802143,39627987166954213,218.92035447681764,8.32484624352745,8334,main,dark,0
13904,597404,19.85411256979474,1.8510991915341395,39628319179671026,252.7746343108866,22.53264544919552,32444,main,dark,0
13958,666827,97.65142965806291,2.3854622254412954,39628486700174823,231.07123445175634,30.28642885443516,9050,main,dark,0
13965,44239,67.06402883486318,2.138229483407208,39627575068198016,62.490869126409734,-8.71295515821108,22705,main,dark,0
13976,702068,93.24998663462044,1.8712902638344808,39632941587891569,243.15524972146463,33.05936044179123,9399,main,dark,0
14041,383701,89.06275314857224,2.3607813236183155,39627942279512366,44.00392302660827,6.383428587519266,56,main,dark,0
14054,472996,89.08150899571069,1.7789365622166544,39628068884582925,120.50260537230643,11.707242509848989,22389,main,dark,0
14078,530940,77.90559131605517,3.0809261827422274,39628175503789220,183.30994904594368,16.300132683070913,27871,main,dark,0
14099,43196,67.26764560839892,1.6243018302061694,39627574216755573,11.2412663671243,-8.87181229175762,17920,main,dark,0
14117,444663,71.22773071129609,3.5987494606558244,39628021845463628,150.07013754541745,9.645951463011503,27558,main,dark,0
14141,268232,90.92505470447259,2.023911447443243,39627824008531330,181.4100788933052,1.551631716854507,27652,main,dark,0
14182,400676,66.97531442604003,1.6961635427403157,39627962248597809,161.87205624560886,7.232433486655775,27465,main,dark,0
14199,844844,94.25410794731467,1.739952011556674,39633442794637667,131.06029161669926,64.9586708334663,7761,main,dark,0
14257,154103,75.95789603622703,1.972813873824253,39627713404735582,68.91169042167257,-2.942540225572265,22772,main,dark,0
14271,39306,89.86542719779345,2.0786238862939332,39627563210904657,67.5135223633161,-9.19679943717103,22720,main,dark,0
14326,344112,63.39763702267548,1.6353322219722997,39627900126757811,41.89856208020827,4.6526841890813975,41,main,dark,0
14333,113375,91.96409806135873,2.3722309283794916,39627666990567193,177.3776857518341,-5.122687927520502,25571,main,dark,0
14349,311941,75.32125174278026,3.1106611258141177,39627866735905885,208.43267824860663,3.3581573843145924,26045,main,dark,0
14390,478940,67.98435128781539,2.7502064921628397,39628079034796452,18.05800411437887,12.240222986615471,18359,main,dark,0
14414,840162,83.41321896027802,2.566208607209901,39633390990789179,287.5141110765001,60.14336339851536,15317,main,dark,0
14440,291840,44.28613174189264,2.703737357692833,39627847551159225,144.6289319494419,2.5856622269968748,27339,main,dark,0
14445,545283,65.81910034373679,1.846595182880042,39628204440292191,183.50682774448035,17.564208395737047,28042,main,dark,0
14450,568202,87.04615040411518,1.8386740499003928,39628251303250566,244.19443864501534,19.545242519722166,8537,main,dark,0
14460,582495,56.93317491670113,1.7953277131137366,39628283486144804,125.55340786283456,21.08398630045929,4718,main,dark,0
14475,577537,88.49588398447058,2.3828034580764657,39628270794183825,37.849077971025906,20.60171687222015,615,main,dark,0
14489,58790,41.8386356396342,2.2718126859432592,39627599118336168,69.83596578975569,-7.845515018891214,22639,main,dark,0
14490,41775,90.68169652377296,2.060302561394977,39627569217149016,70.00024137651417,-8.892707246862415,22636,main,dark,0
14504,115998,73.7875558720021,2.6820185201119506,39627670488616459,26.42643197549427,-4.6984479235466035,17622,main,dark,0
14526,37524,80.58624757657267,1.8209421360761853,39627558769132348,159.27351484684309,-9.605743337772287,26729,main,dark,0
14531,648308,65.83547451623936,1.5998693889102267,39628444182512711,210.3808551063595,28.30485648976897,10322,main,dark,0
14541,225746,69.64582896326327,2.350690623482275,39627785555150640,49.34410860027466,-0.0837396519945945,23205,main,dark,0
14555,587976,76.62608509336657,1.764343901309969,39628296853391314,259.2175485292738,21.605405525924613,32454,main,dark,0
14569,491910,55.92510123847594,3.0078619794669863,39628103034602455,42.61494241003138,13.27892968430224,225,main,dark,0
14571,32215,75.98045890014842,2.643077871104957,39627539370479674,66.69487992211212,-10.187446012963646,22676,main,dark,0
14576,424901,75.17181871309784,2.552589098927834,39627993001235745,210.27798262599478,8.564918315784679,26450,main,dark,0
14589,800858,30.026222802795527,2.2958382288723262,39633152771096895,138.93905562256475,44.244008964777564,5816,main,dark,0
14634,553675,79.7528584685097,3.1530305323015715,39628220923908539,133.99165183701805,18.15275892225771,4350,main,dark,0
14665,367078,67.786275493674,2.060422350952315,39627924260784727,45.03585329263211,5.785750595987323,48,main,dark,0
14703,404460,81.97038227974674,1.5999465944240874,39627966161880713,36.587659375799845,7.580998365746243,160,main,dark,0
14709,819038,93.69711437533608,1.6323467310631816,39633229069684295,246.83445991271185,48.67346565440301,10025,main,dark,0
14725,389192,85.8384710287542,2.222232706969795,39627949556635227,120.38615481972315,6.627722756155449,21999,main,dark,0
14750,12311,79.17028716236106,1.7359439406453085,39627455681531351,10.208147602392769,-13.782443433192661,16871,main,dark,0
14751,238798,61.38494463523462,1.7992080103073411,39627797051744240,14.719551613268846,0.5814528063080345,18028,main,dark,0
14766,788975,68.30342862371083,2.3192082962352787,39633114204473612,238.85351933266296,41.95134864327332,9833,main,dark,0
14776,327678,96.53596240780644,1.8205149582389095,39627883714449675,141.89481528081083,3.919294986743428,27368,main,dark,0
14815,464009,89.46403171763248,2.469557930557266,39628052895894676,229.4696387850732,10.891845318289006,8306,main,dark,0
14816,722105,91.99154125002647,1.6882445263995727,39632976757130001,243.49582400113835,34.874753824723896,9448,main,dark,0
14845,685490,73.4386534046934,1.9343811975735552,39628517868048746,234.77685733906446,31.745239097017365,9736,main,dark,0
14850,526872,86.8922188626358,2.5866665750702005,39628167261979182,32.50723363122392,16.0470250844217,568,main,dark,0
14885,853406,87.79783455350287,2.6138561316732187,39636588027712670,69.74109300683266,0.13030682848829966,22953,main,dark,0
14889,599307,96.4631420832897,2.4052103966591174,39628323613052743,178.83251296354044,22.687076342492762,28427,main,dark,0
14951,410571,95.07928806654928,2.4314043187306242,39627974386911395,170.53824746481177,7.80277151440587,27127,main,dark,0
14954,641104,69.56750780996367,2.8335168932461103,39628424926464485,354.81409778076636,27.23194001547916,20358,main,dark,0
14967,195142,52.223542001419396,2.130285896025179,39627757876937281,199.52750887586922,-1.2431639310960005,26194,main,dark,0
15003,685085,91.62449295201229,1.9970875903393048,39628517633164196,218.15052766725222,31.694418302985685,9144,main,dark,0
15009,278562,78.52883300498243,2.234259967282601,39627833542181444,29.515597667787052,2.073117400173744,17844,main,dark,0
15011,687767,92.00437288491882,1.7885009851401459,39628522414674795,193.23342609898626,32.114477004898774,10756,main,dark,0
15022,62844,30.098209904900305,2.013093793014609,39627605015528277,64.23336367718987,-7.4724916288897845,22709,main,dark,0
15041,31832,99.38536698267858,2.603099434513937,39627539051711192,47.29757274966207,-10.318813558212359,36707,main,dark,0
15062,253905,94.97472887772197,1.9465035320558008,39627811232681722,139.95500084923322,0.9365066201714108,27314,main,dark,0
15071,657567,63.41313688220946,2.045543358274672,39628466273917812,270.68536216146276,29.31489946712614,32575,main,dark,0
15078,584817,85.00530931856305,1.8479149681889133,39628289114902436,124.7516514202233,21.16300761151278,4804,main,dark,0
15082,195493,89.38798659053123,2.070435423993534,39627758061487049,210.5377742775713,-1.340486558706158,26002,main,dark,0
15091,236625,65.46006798847856,2.1969319458889656,39627794749065631,237.34708332039,0.17561787325424197,31338,main,dark,0
15108,142383,84.65438966855562,2.1201409084806495,39627700092012207,354.3180374858131,-3.7270708581193244,18752,main,dark,0
15119,125706,58.64413259975506,1.7074582678725365,39627681213452462,307.5267611923553,-4.586119718520559,29974,main,dark,0
15131,208113,88.76050039370445,2.1378260862469607,39627769914594967,197.24968954199318,-0.8173401447566337,26191,main,dark,0
15139,85553,92.87750804324725,2.4028625344247616,39627634971248735,61.204448861133585,-6.308594343327841,22718,main,dark,0
15142,771081,67.97459890565833,1.7854497617755112,39633062832639464,174.80672038518506,39.31687712915243,5452,main,dark,0
15161,566497,84.91603465646979,1.9225618734874854,39628247511600051,4.969559537126924,19.39451606575038,19877,main,dark,0
15209,548457,76.13639870806303,3.0096632621937753,39628211130208369,241.25551796985155,17.75446187551082,8526,main,dark,0
15213,693550,89.22912666173096,1.889199598831637,39628534888534118,350.76428801009155,32.53508160030703,13573,main,dark,0
15219,589551,90.54388650370706,1.8735836449133492,39628300376607027,124.77020397301301,21.76636593340821,4806,main,dark,0
15221,127998,78.55076035280264,2.3121993364641225,39627684245936016,128.66042419768021,-4.254362808105929,21781,main,dark,0
15227,789175,75.6512277111477,1.9955803020247083,39633114372243796,252.0897927859976,41.96745198773796,9637,main,dark,0
15242,242443,61.06411371459976,2.670572971868124,39627800239409760,204.62082608492292,0.5507959336284024,26025,main,dark,0
15247,627256,73.27939266625654,2.5352801426860156,39628391145543993,267.42741604018767,25.791724508209956,32557,main,dark,0
15251,497906,70.88024838417157,1.6385984246633394,39628114476664600,22.750788265376766,13.656411448036053,18383,main,dark,0
15277,335357,70.37808242650212,2.180342333472779,39627890811213312,205.53335737809843,4.2780577631474745,26387,main,dark,0
15341,412308,69.15512309123042,2.4308400934388965,39627975863308922,259.3064089938633,7.760477689007803,31228,main,dark,0
15343,244532,60.743535202988575,1.6430787126025825,39627802378507288,332.13455910593376,0.4975041990384974,19056,main,dark,0
15350,101280,90.85361340657104,2.3549648577513107,39627654155998442,130.01745247968233,-5.584799695293568,40893,main,dark,0
15396,430347,53.738000363712736,1.9348787309922464,39628000773276386,318.30612149855466,8.873158457015736,12387,main,dark,0
15483,545085,71.24772473110006,2.317197561718223,39628204008279419,156.6134634826353,17.49178989800333,27643,main,dark,0
15486,74128,69.51714225137196,1.624986928353215,39627619683009227,224.58441601981608,-7.02317827959232,45001,main,dark,0
15499,178690,57.86973020124917,1.9834306220879083,39627741603039551,309.5613538711663,-1.9976517125896305,30028,main,dark,0
15542,551366,86.92990898203927,2.5871806277982503,39628216888985267,241.22446473135727,17.877476839033648,8526,main,dark,0
15566,181835,92.0528268988234,1.8942586158016217,39627745092702102,157.67257775637378,-1.8516496260736754,26876,main,dark,0
15584,89319,98.79270453001998,2.3198440418920834,39627640088299801,7.8569192545212205,-6.1186756615909115,17954,main,dark,0
15587,720149,92.06237359083669,1.9146846803502775,39632975058439058,120.69051563891611,34.78761535344214,6435,main,dark,0
15599,378216,79.51436023499981,2.1300057601589866,39627936273274079,44.21449449980576,6.1994631613005575,50,main,dark,0
15603,619688,99.62998544008356,2.2258947202089057,39628373269414907,169.88569385005417,24.939263959900526,28379,main,dark,0
15628,279058,98.54832750627958,1.9486316039825917,39627835165379060,126.33380401714393,1.9631006749654478,21871,main,dark,0
15632,585019,27.22586219778158,1.932966429443989,39628289936983365,177.11960018844184,21.162427240859646,28255,main,dark,0
15662,643543,38.96584921640146,1.6566450808598128,39628430932708571,37.756385882016275,27.704343458359606,907,main,dark,0
15667,753506,41.882360387263155,2.072482185360982,39633030045764759,208.5235423460059,37.388168617695825,10625,main,dark,0
15697,686301,51.64541587802487,1.6065568262841616,39628518362975258,269.2360216674083,31.806508693372926,32706,main,dark,0
15744,267216,95.99807775766331,2.6854105397788186,39627823467466330,149.161358131046,1.452203995345616,27247,main,dark,0
15777,4624,69.11675548211369,2.948409984373272,39627386119000523,35.09275475628888,-16.733699233953907,36551,main,dark,0
15833,189450,73.54951227976704,1.7633582690384235,39627752038470307,211.711901640856,-1.5610325049860845,26001,main,dark,0
15843,825491,49.47598303791708,2.3621217470660567,39633274649185930,161.86851661852873,51.861625611250716,5947,main,dark,0
15850,407246,43.473902679845935,1.7776937819503085,39627969710260495,249.4893875497714,7.608399475580595,31541,main,dark,0
15914,300094,99.03328156069567,2.09105207031426,39627854803109141,216.81495612701858,2.85840987025154,26064,main,dark,0
15926,735393,79.49430695877348,1.7320020723341203,39633000761134911,194.77389760120369,35.91031915676274,10774,main,dark,0
15930,693329,72.52990673863575,2.4674040062641964,39628530153161752,16.8896270936396,32.38059061588886,2227,main,dark,0
15935,508277,88.31290078658232,2.400876111972699,39628133908877687,135.63407832580643,14.454932283284274,4314,main,dark,0
15950,423500,42.84796734183265,2.098712985642023,39627990178464964,40.21871293032814,8.592441426929291,141,main,dark,0
15958,282921,70.28915379171464,1.7603115270602459,39627837216395567,248.61832912246408,2.045393702853129,31492,main,dark,0
15971,464976,92.72771580010729,2.6467200936755537,39628054745580919,341.50580545368996,10.891622913999068,19309,main,dark,0
15984,818601,85.68111255515915,1.8564038370214568,39633225332556950,270.2624394576473,48.520985264896304,15082,main,dark,0
15995,440695,95.11048272516629,2.9045006130908964,39628015797272923,144.57004857473873,9.421610689304394,4182,main,dark,0
16011,438931,92.75357401934679,3.4329384429488807,39628013230359968,349.68379315012373,9.25627053702155,19626,main,dark,0
16014,423430,89.13168155715663,1.8708601332818073,39627990140717210,37.994788508213944,8.571283884140707,164,main,dark,0
16031,489056,69.06977497762821,1.9094752272276696,39628098546700875,128.42270495469975,13.046961071550738,4286,main,dark,0
16069,757195,70.48426470675376,2.0045449389754126,39633035338975225,245.72331503574247,37.737584390432765,9464,main,dark,0
16074,546445,75.48692967848993,2.6604034588768144,39628207154005326,352.7469336454371,17.46639446002825,20043,main,dark,0
16125,402775,74.19030832225464,2.2674550277018075,39627965037807137,329.1069820107508,7.351675387835469,19360,main,dark,0
16149,355808,49.47333041168523,1.6735294540035712,39627913586279277,126.39097990527254,5.126852583433526,21980,main,dark,0
16158,693747,42.7576153631424,2.0332853614775903,39628539875560602,343.27601310648987,32.75392407412239,13430,main,dark,0
16169,353391,76.93112130295818,1.668360609937363,39627909438117275,238.64714989736578,4.992151440265108,31449,main,dark,0
16197,396658,81.26819129810872,2.865598075997522,39627957374815067,229.2134045264186,7.005050310685863,8264,main,dark,0
16198,620053,59.31975187573723,1.793461190331125,39628374259271320,234.85696615957477,24.932627483381346,8679,main,dark,0
16238,447334,55.37384512051142,1.643162353820858,39628025679053642,21.60232792236355,9.922994634274165,18325,main,dark,0
16251,104813,88.62911254887855,1.656173496019082,39627658123810259,7.448066293554184,-5.264043930638399,17960,main,dark,0
16268,92280,74.5778828304275,2.284562404571156,39627642848150075,172.99123616978517,-5.898059138534363,26900,main,dark,0
16287,92774,64.31908939024788,3.9851483755539534,39627643154334298,191.32551454757882,-5.95919821770566,26125,main,dark,0
16322,109183,65.11567284984442,2.946423911686668,39627661638635881,217.55765645840367,-5.256624680737967,25876,main,dark,0
16336,76792,68.23226466350378,1.8060045635427178,39627624296744219,141.33341754549218,-6.655618543957573,40822,main,dark,0
16341,733622,80.55058170936282,2.105925291476708,39632996529082475,244.1848511230305,35.68966201857043,9449,main,dark,0
16343,244040,68.91721260505071,1.8472933820011375,39627802038766552,311.8401722763226,0.5023847834061842,30044,main,dark,0
16388,247447,64.71552889644602,1.628632173963738,39627805306127061,146.53833387170098,0.8723130584643973,27328,main,dark,0
16408,556357,64.25149165823039,1.756882813824988,39628226544272651,126.11397155004782,18.607852410090874,4706,main,dark,0
16411,542604,57.26854180439751,2.4661285370078843,39628199495204896,235.12338691558705,17.132184243741964,8505,main,dark,0
16417,854160,95.47749164611335,2.255195460216782,39636689420812860,355.52002666772086,4.284996023597894,19496,main,dark,0
16425,687908,66.16009635920553,3.219774736608118,39628522515335311,200.11514491895835,32.01943272529763,10399,main,dark,0
16437,681857,80.8929576446319,2.1473452551368055,39628512482562895,218.61580857231613,31.529548894805114,9138,main,dark,0
16453,780640,77.86671701703054,2.3584060000327063,39633087109267970,255.76968032175068,40.52857894451818,9619,main,dark,0
16455,830298,59.969992297850425,1.9445321769572261,39633315778529248,272.3302077259079,54.51142438497648,15273,main,dark,0
16468,60263,63.02532925686835,1.9873517607019593,39627601093853992,188.60716345682727,-7.843633573158619,25439,main,dark,0
16475,216927,61.1283827286846,2.4611037465459145,39627778206732598,331.3722591745765,-0.5196293179413373,19023,main,dark,0
16478,296407,52.315610588110964,2.8160458256946366,39627851288281787,7.271221087217149,2.80367808629405,18103,main,dark,0
16480,504168,54.14841767370651,2.044069804321107,39628126166192235,20.02238235487767,14.351388372681104,18406,main,dark,0
16485,747919,77.43815399960486,1.9980926404135702,39633020604384597,223.24820062416833,36.919852870177095,9197,main,dark,0
16498,9127,72.37073116606894,2.1380909192409043,39627427294483893,64.63004868893718,-15.009604045027759,22563,main,dark,0
16512,38278,88.06350790472396,2.4390931945087635,39627562283962780,11.58855646329234,-9.274710357417048,17920,main,dark,0
16526,13396,64.91224776854185,1.7371019875371267,39627461826191132,26.932901509186955,-13.602538516341948,17431,main,dark,0
16534,709035,97.73897253644596,1.9903251613105164,39632955928219320,185.08810644024277,33.641378225371206,28540,main,dark,0
16578,783144,92.0075175237343,1.7832413239561058,39633095921501143,227.639471098838,41.030580954877514,9891,main,dark,0
16610,764648,28.051716639823987,2.455108010497903,39633049134042228,208.65231778177557,38.44305962736447,10630,main,dark,0
16612,470746,38.80599854908175,2.5319940563580925,39628064556061369,217.45958860824967,11.472894222851188,8376,main,dark,0
16673,641353,59.1257830095185,2.9543421792825146,39628425463333278,30.68010841262922,27.584308103577516,2128,main,dark,0
16690,245046,54.20040059744678,2.746585716104382,39627802684687699,350.284493414313,0.3855218498482218,18795,main,dark,0
16741,239992,90.61485996370669,2.6430950290396056,39627797982875146,70.13866720390786,0.5240491897375108,22956,main,dark,0
16757,127297,54.25152013811326,2.032263122908967,39627682882782284,47.1045199125946,-4.132231546400639,36830,main,dark,0
16763,524612,55.75684924512196,1.7066549712772523,39628163336112427,149.77938802735522,15.655657909044468,4381,main,dark,0
16775,31263,80.26630236071935,1.6658772935891901,39627538347068214,4.6906428449731035,-10.369442993362856,17252,main,dark,0
16787,783173,70.23575397388048,1.763436948108587,39633095938281084,229.18197523658844,41.0184709267599,9892,main,dark,0
16799,787765,93.82615963425262,2.5300223585285297,39633109913700802,256.2867439001407,41.83865787301643,9622,main,dark,0
16802,490815,72.91296811789593,1.6489103734676456,39628102183158145,350.5293819293555,13.053178183083936,19986,main,dark,0
16848,651120,53.0846775526977,1.8665407393100246,39628450302006667,264.5789083599794,28.45082679290485,32653,main,dark,0
16854,620800,93.12615729702044,2.0057707228022195,39628376087989224,354.90058950831906,25.11952008633416,20352,main,dark,0
16878,169644,66.27554773572236,1.8224899085914315,39627731532515378,69.33097509528233,-2.259065743753271,22773,main,dark,0
16884,750482,96.20912448835051,2.593079788174928,39633025201342765,206.1770708963652,37.14526711576429,10461,main,dark,0
16897,351295,88.52379008202651,2.6329265853336628,39627908263707921,168.2771691294422,5.048794737167618,27109,main,dark,0
16953,8877,89.03914434973512,2.2572772011189697,39627426971518665,44.55063813923058,-15.107313866536353,36623,main,dark,0
16966,387715,29.779340214614756,2.1053941421395432,39627947358818470,348.64620192487826,6.548847844408969,18931,main,dark,0
17030,453306,54.225751588255804,1.85306158735156,39628035153986438,234.6355418794099,10.236208524884155,8279,main,dark,0
17040,44733,57.48939299878152,2.4542742230329035,39627576401989139,143.00980082893918,-8.720386916555261,40798,main,dark,0
17043,767359,64.55716477232255,1.6515577556908752,39633054016211346,220.178913275159,38.62525899378195,10566,main,dark,0
17066,773992,36.231001383141155,1.7564610973783148,39633068457199016,247.3079007582051,39.39549560798659,9468,main,dark,0
17080,508576,89.48356741798425,2.2496835717407877,39628134160533224,150.97552368238172,14.413858646166751,4373,main,dark,0
17094,437297,39.007167590615246,2.05586759764282,39628010738944277,199.36522350100458,9.32807919657343,26521,main,dark,0
17118,834439,35.071107175717934,3.9582283237999794,39633348468935311,120.49007474264631,56.910266304172,7684,main,dark,0
17128,295577,92.07813381772226,2.495889063555183,39627850529114192,322.05880644933853,2.4959358441339607,19127,main,dark,0
17147,28519,52.42740974482284,2.4588627753974017,39627527039230006,39.90548449252903,-10.837917128407828,36749,main,dark,0
17167,686515,82.34794451614889,2.134383587967837,39628519424133345,343.39931257310025,31.64202156463763,13425,main,dark,0
17175,171145,85.08821663736302,1.650769504202496,39627733214432965,169.63087860497768,-2.1310649094383582,26934,main,dark,0
17176,182399,84.61259866594499,2.334010721955689,39627745407272065,176.29649841236477,-1.739715559642774,26951,main,dark,0
17193,723170,76.90574197481905,2.9155723300120475,39632980347454617,143.86838069749288,35.00778714282694,5667,main,dark,0
17253,840825,80.93362426052448,1.7949071394512377,39633401447190658,117.41068295970683,61.33988959080142,7729,main,dark,0
17260,698831,62.98326284626962,1.6479334570177717,39632936353400411,232.3251099525432,32.81162268381537,9077,main,dark,0
17261,516244,44.31203442244818,1.708006453387877,39628147422921756,247.53667975594126,14.891563438348818,31728,main,dark,0
17277,515982,71.10440937145079,1.7429518114694547,39628147150292084,230.7401565381643,15.017341040909605,8576,main,dark,0
17366,378222,41.77330126732494,2.4320352014983913,39627936281660251,44.64609873550301,6.173212809265829,50,main,dark,0
17383,533410,93.63359516231785,1.7446374192977443,39628180650199406,142.62564240471366,16.3876202523003,4484,main,dark,0
17406,305545,63.06964143316092,1.6368447389730205,39627860540916178,198.76826274879718,3.0317807549483398,26231,main,dark,0
17423,639076,95.41337545430106,1.6627930273268294,39628419545173930,354.6319554132631,27.009743533037103,20355,main,dark,0
17433,301438,68.28545125519844,1.6053103659465944,39627856451476598,315.22938013277627,2.685812493475453,12300,main,dark,0
17527,519922,51.7986697274971,2.0428359228293367,39628154695844298,335.967078472551,15.246301067475457,19431,main,dark,0
17535,350184,81.22935926490936,2.074998094277965,39627907571649475,126.99785365063276,4.995181834353098,21974,main,dark,0
17546,164182,45.689075893583066,3.171607397075158,39627725236863956,54.036388561596674,-2.6049104588059135,23098,main,dark,0
17596,409544,74.01075031003516,2.12412804684676,39627973556437450,120.5187861956379,7.659154564791813,22352,main,dark,0
17608,478310,47.21986372057614,2.3827168441412536,39628078451785972,342.39546623126205,11.99833352573567,19321,main,dark,0
17641,389080,87.8538129178577,1.7246578425544903,39627948235423965,40.989421167050196,6.679102092578145,132,main,dark,0
17652,686085,66.05001361235823,1.893475773670408,39628518191006762,257.1549305196916,31.81774700135662,9480,main,dark,0
17665,77567,54.77714692402245,2.1836278316078936,39627624699400586,165.60398623533456,-6.717157173389592,26912,main,dark,0
17676,397653,83.62643955089135,2.7253275881071066,39627958897345538,320.51257668099055,7.122915396313917,12361,main,dark,0
17679,137813,95.08693906644002,2.3219373472451514,39627694836552136,40.68677493535956,-3.634169564933995,17729,main,dark,0
17728,748296,53.42575228433416,3.1303955269198904,39633020881210409,243.9510643514862,36.99530143651475,9454,main,dark,0
17742,703293,92.32544515792067,2.416140397093192,39632945710893360,176.30693843111607,33.31594395083007,28597,main,dark,0
17759,245253,62.23150969650325,2.4058402503873175,39627802827301818,358.9783511121202,0.5705740667328153,18775,main,dark,0
17797,634704,93.97253192165518,2.6989507178594168,39628408749032838,354.51124463566396,26.43519743305848,20355,main,dark,0
17799,38828,92.57673306404521,1.658945330651444,39627562883747485,47.7251639258037,-9.188556450916684,36716,main,dark,0
17825,839666,71.59639605593945,1.8754981515569273,39633384854522605,278.4220477015065,59.87124657444901,15333,main,dark,0
17843,655355,98.1080124425131,1.8779097636302802,39628460934566533,266.6119375248327,29.01863129805408,32658,main,dark,0
17869,727758,47.801561866951346,2.1031706818758624,39632986680854042,244.58422642458095,35.16789740086319,9443,main,dark,0
17893,585408,65.23964698014808,1.6833055142300928,39628291002338534,245.25631751553396,21.355337708887323,8543,main,dark,0
17902,192747,66.28229490358817,1.7085453927056764,39627755733650581,71.86982564769316,-1.1951951599494866,22926,main,dark,0
17907,580411,68.94278298198742,2.6552180799668226,39628278603974081,174.4730144560534,20.772650273114944,28273,main,dark,0
17913,493738,29.452172957880236,1.7220043709865145,39628106650096915,263.71929567586034,13.178638178023226,31934,main,dark,0
17967,641113,69.65083931011877,2.6216181995476924,39628424939046179,355.5762141193809,27.3244680031046,20358,main,dark,0
17994,669263,96.61240686117948,1.9506087738800832,39628491779478394,221.3647884141836,30.402119135663085,9113,main,dark,0
18001,469367,51.43802887405326,1.6677619129198826,39628061494216175,31.206450920545578,11.436207516107512,18271,main,dark,0
18007,466170,49.94714788496572,3.4756088621584693,39628057060839115,122.13223251741616,11.186292585008863,4616,main,dark,0
18016,386860,82.47110147006738,1.8898369653524183,39627945739820162,251.6467922849001,6.577317914170893,31560,main,dark,0
18020,683323,58.19067635462794,2.2224737244913904,39628514344833272,348.54267006558234,31.49493656730442,13570,main,dark,0
18044,770666,63.65382430309247,1.7616748369079709,39633062182519670,124.67789219013434,39.159898850631606,6454,main,dark,0
18088,437107,59.43248462155876,3.0019157409615165,39628010357263371,176.34510283314486,9.155731117531571,27801,main,dark,0
18104,102797,29.555679448286796,2.9776260722789862,39627654965497561,178.44464680005962,-5.426695327876769,25572,main,dark,0
18124,350410,73.79215511586996,1.9823488836294565,39627907689087717,133.9052704660753,5.00068896899764,4133,main,dark,0
18125,452166,71.26442449357096,1.8441919795415487,39628033572737357,139.07722547754685,10.244966067045125,4199,main,dark,0
18147,35469,86.87956220744185,1.7462189412397144,39627551252940965,65.25243244740406,-9.686569471565328,22678,main,dark,0
18183,784862,89.77036997490434,1.7842576103627115,39633100728174939,247.1214764123671,41.189821293117674,9471,main,dark,0
18191,648030,74.14814565309598,2.0973556398559507,39628442987135438,129.56652849631143,28.146484409521197,5004,main,dark,0
18199,246320,85.81618911025467,2.6392432400916546,39627803565496624,42.97834852923016,0.688664319768035,17757,main,dark,0
18220,267173,93.35335832864224,2.0211242063248585,39627823442299911,147.62902938181566,1.5664267267343408,27332,main,dark,0
18246,100564,56.81392659605755,2.3206053762463883,39627652864149333,52.5457413693439,-5.507144833918619,23080,main,dark,0
18261,694386,84.61314854019726,1.8993404612407307,39632929785119325,128.6188028314704,32.450332903249,5049,main,dark,0
18287,587656,44.68305627079714,2.0921538489492852,39628296534626777,239.01402198137907,21.39569601483757,8559,main,dark,0
18288,450037,99.39556808315469,2.6391271224498807,39628029558789189,256.22823927989356,9.907300070029635,31580,main,dark,0
18301,639634,76.69115411030424,2.495639665834309,39628421390664480,117.97263191267264,27.322469391951188,6217,main,dark,0
18309,600641,19.001550002226185,2.060605941171077,39628326549066382,8.379511226219194,22.89769568074316,19936,main,dark,0
18318,809114,87.78538559725176,1.9945068106843247,39633179178437637,197.79111730102588,45.65490073447511,11040,main,dark,0
18320,125339,53.85253790412728,1.7972519224723407,39627679674140002,215.40455636960374,-4.5603146421451015,25883,main,dark,0
18323,655423,76.84166165281626,1.861614728581637,39628460993284562,270.51274792895595,29.08458826347194,32573,main,dark,0
18328,388960,78.19641761813453,2.760286794243865,39627948172510931,37.29943415046201,6.838922550822779,138,main,dark,0
18329,212073,96.86284567083638,1.7240112779148216,39627773475558651,49.487134348338714,-0.5275105046654592,23204,main,dark,0
18340,454145,76.83119431267998,2.5137438966450545,39628036919788910,341.5432313682834,10.178559504372581,19303,main,dark,0
18374,323965,66.13650106496593,1.6433615509455823,39627878773556018,206.81915149187216,3.7509760790547366,26388,main,dark,0
18392,201555,95.8933501262768,1.6290087174425552,39627763870600176,196.8930657049916,-0.961831152495778,26191,main,dark,0
18448,474068,80.13643710383352,1.9258212907360654,39628070591664303,224.3003461680563,11.86218076255275,8393,main,dark,0
18474,631067,98.91057454987126,2.094108337895983,39628400482062752,165.80725667436286,26.22924779785082,28399,main,dark,0
18544,272498,75.13239780325414,2.5967125904047252,39627827573691338,33.89562336852123,1.645179385938667,17859,main,dark,0
18581,116989,58.55268398579984,1.6077370193566218,39627671172287995,67.32927860078668,-4.771189760622373,22757,main,dark,0
18590,539274,36.211754613549076,2.461207583858925,39628192255838869,144.37661449929922,17.11071700507873,4410,main,dark,0
18620,403672,61.91431670019038,1.8685767825770612,39627965696314134,8.719934546381777,7.44404847142667,19536,main,dark,0
18622,596577,55.13619077405646,3.769746849363469,39628315841006457,37.714133738518306,22.397158372900638,635,main,dark,0
18627,697095,84.93468274170999,3.016422948748451,39632934759565749,119.67544343102739,32.83840720795122,6261,main,dark,0
18663,127422,53.28643759488004,2.2036023196001513,39627682949894168,51.251313539389166,-4.14156864776274,23168,main,dark,0
18668,154357,33.97604274179484,2.6067576560292345,39627714411364786,128.76630841330655,-3.098599424152075,21826,main,dark,0
18672,114254,93.03199109237262,2.406633772772751,39627667460330080,205.55469543871038,-5.066145423942069,25811,main,dark,4
18683,81846,47.80462490521606,2.353703367993472,39627630445596776,150.02028524161318,-6.4033644887824925,26811,main,dark,0
18687,674940,51.994669145908844,2.3944284162206673,39628501887746993,201.01561391188872,30.93690336110584,10391,main,dark,0
18693,495474,80.52030522148404,1.7315086258686223,39628110378831599,131.9064419878705,13.433933500240439,4322,main,dark,0
18750,173086,83.5826380104864,1.7953523262851223,39627734271395716,232.60579194202893,-2.2801572427253016,31365,main,dark,0
18764,62655,41.890664495058274,1.8524658185522895,39627604902283569,57.50967137124102,-7.4946089130469,23044,main,dark,0
18766,578062,77.27207621896113,3.769026545311181,39628272924887114,173.17360785030695,20.46014763576469,28263,main,dark,0
18781,480156,71.60719955835624,1.640846587487319,39628081228419332,151.84518656102063,12.272309318789512,27580,main,dark,0
18786,130659,38.12026052923441,1.6725409782022351,39627685638444629,211.78828755929806,-4.248162259140926,25895,main,dark,0
18787,281916,23.049672056555575,2.1240754985165884,39627836645969277,214.65258351584987,2.0413195068931134,26054,main,dark,0
18788,798738,42.61504012640729,2.467718719348456,39633145020025800,219.2927158893595,43.7021484920596,10611,main,dark,0
18812,327305,70.98102290951188,1.900197557642253,39627883500540977,129.14744141283907,4.043554824130947,21887,main,dark,0
18817,724933,94.30851210621589,1.7105604182877914,39632981731575972,244.4002037173268,35.10796502210571,9443,main,dark,0
18824,12694,46.17366896431559,2.629286593537289,39627456235177989,44.027966617189875,-13.68715919739982,36647,main,dark,0
18840,759368,84.01079531697657,2.057307246448552,39633039646526318,210.28186297705363,37.882874475771,10543,main,dark,0
18846,422099,69.551699305955,1.7769562643576706,39627989272494726,345.63550201290565,8.244476011645618,19282,main,dark,0
18847,639076,94.28460982128813,1.6627930273268294,39628419545173930,354.6319554132631,27.009743533037103,20355,main,dark,0
18853,114047,66.70078806291593,2.323731114441911,39627667342888204,198.44681407485646,-5.096790716809362,25832,main,dark,0
18886,722056,45.032360647419516,2.375043228414375,39632976723577047,241.1838647313713,34.66980131813632,9406,main,dark,0
18894,608410,66.28239984008358,1.6863524216726495,39628344924312022,118.851523627662,23.760937248221776,4797,main,dark,0
18897,206740,76.88183706929584,1.6535849138628642,39627769159617386,152.1235691184705,-0.6858059706149514,27215,main,dark,0
18899,636141,83.64283573689622,2.350988175746036,39628412205142092,224.96346710762896,26.635714510571574,9011,main,dark,0
18906,8895,59.826974283594225,2.277693248326348,39627426984104956,45.445483119833725,-15.030608937475414,36623,main,dark,0
18939,428823,81.58127240907238,1.784067738094537,39627998403496456,175.58010812817582,8.835020358234518,27800,main,dark,0
18975,318314,46.208412415845146,2.7831778828702234,39627872964445464,220.1095701753309,3.611668894062243,25981,main,dark,0
18985,535718,59.179282346206435,1.6965076990999073,39628184718676740,35.417733797691746,16.728046435688693,565,main,dark,0
18997,433283,39.74813946363686,1.8084755448307361,39628004854335576,204.34375933390382,9.016551580219765,26472,main,dark,0
19017,245976,83.64629093766341,2.8205204559194716,39627803326422200,28.721866904343138,0.7883154022767539,17841,main,dark,0
19026,449016,57.379031007882475,1.9612337248868685,39628028594097378,197.89945132879242,10.113514095685456,26523,main,dark,0
19043,724936,82.01780198998726,2.5747524086628246,39632981731576228,244.4196494447969,35.06720339141546,9443,main,dark,0
19076,774459,86.84797270984447,1.9613013261426524,39633071447739922,118.30733637214497,39.755263927180735,6540,main,dark,0
19090,27075,39.51482875084206,1.786853070659717,39627521196560342,45.61820859502903,-11.059448923842666,36669,main,dark,0
19123,513724,59.07607589525938,2.27950923706291,39628143354448284,356.7585274906787,14.856599724753776,19692,main,dark,0
19217,783412,69.7241403541873,1.6592445960152675,39633096156383239,246.2278388786817,41.07011928738367,9812,main,dark,0
19227,452723,74.46656396037142,2.3032647101412107,39628034180911396,175.91432205719772,10.263907784327353,27803,main,dark,0
19228,208103,90.69426053097703,1.709456412063516,39627769910400097,196.97083796736075,-0.8457469369466937,26191,main,dark,0
19232,420716,87.83007079682325,1.7459400793820516,39627987288588548,226.21036232392487,8.150981265388648,8247,main,dark,0
19245,248550,65.94765359295033,1.7727311621480502,39627805910109785,182.63314983398416,0.69566169711623,26284,main,dark,0
19277,454313,43.06048031431756,2.199172128649117,39628037037228157,348.5791379882064,10.242227527451906,19968,main,dark,0
19283,66595,79.64825355266474,1.9220288482116243,39627610665261228,43.502454763469586,-7.355736412941138,36808,main,dark,0
19323,776716,82.62215324578143,2.285051396198908,39633077063911069,193.16889738713934,40.08033658127545,10850,main,dark,0
19334,11907,92.18245806449853,3.2277733846624383,39627450451232026,48.97074880723681,-14.117138328816992,36631,main,dark,0
19338,448689,25.995926919897823,2.3217374147992973,39628028015284623,162.97281802274614,10.092139017073212,27504,main,dark,0
19353,372696,65.8484823235045,2.30341481412317,39627930271222733,44.80802807985005,6.11766013020244,50,main,dark,0
19358,59078,57.8936212066709,1.9633395369556792,39627600225634027,136.45591891186103,-7.703601123686505,40900,main,dark,0
19374,25582,59.9508566356486,1.741140064606339,39627515349704535,50.91642704896776,-11.211978468841602,36684,main,dark,0
19379,834439,65.44841378079019,3.9582283237999794,39633348468935311,120.49007474264631,56.910266304172,7684,main,dark,0
19384,684166,98.0017487051968,2.107284662389548,39628517087904177,180.02284934347085,31.82987896840547,28611,main,dark,0
19391,652823,87.68966329472563,1.6635001212555973,39628455213531533,237.55863396070015,28.829822186058138,9384,main,dark,0
19399,123958,54.02887403580686,2.032343682983712,39627678914970543,170.0126920135475,-4.396349157453376,26907,main,dark,0
19400,687465,98.58951104834703,1.6294328997360077,39628522230123444,180.1396582635917,31.973863109971386,28611,main,dark,0
19433,617942,68.90246430473282,1.7458554933888806,39628368819258918,238.06542086627505,24.62545039515155,8665,main,dark,0
19441,568780,54.34386177684225,2.6080067972296512,39628252809005168,339.20697599226594,19.45807416770634,20137,main,dark,0
19449,442712,36.0157821216576,1.8535032604236041,39628018972361648,336.2406439652771,9.516061478156136,19349,main,dark,0
19451,560892,50.911959243276904,2.578624983630579,39628235931126826,355.6838784611275,18.696967568041334,20056,main,dark,0
19453,856732,96.36487411634526,3.2224707235583656,39637321124942103,16.78596250260473,32.32311377704338,2227,main,dark,0
19462,703933,97.37990780646862,2.877531969881835,39632946092572984,203.30633637862303,33.13674466861909,10438,main,dark,0
19485,428343,79.47706090500925,1.676444217079069,39627997824681820,140.6649820076382,8.7659449927623,4175,main,dark,0
19516,772178,28.29595001590487,2.3674085903413014,39633063809911989,249.77512052809575,39.28393427801316,9632,main,dark,0
19540,21205,95.97909328971224,1.9763417189734374,39627497851064092,66.77336498590518,-12.039013366002596,22585,main,dark,0
19558,726753,98.39202339181661,2.1135134828838535,39632986152372336,206.1355761058137,35.16890430568036,10454,main,dark,0
19606,767381,94.0743934244903,3.831264286558713,39633054032987837,221.3828243519811,38.79045043164324,10565,main,dark,0
19611,689106,21.738593368679723,2.8671072961480517,39628523127706544,243.2116725048626,31.99421236907196,9396,main,dark,0
19627,404831,84.0263264722598,1.8864179412234856,39627967663441721,126.704030009304,7.496408349080289,4256,main,dark,0
19637,7232,86.3084135874798,2.8049868237075812,39627409821010937,65.75087754611128,-15.762585461882614,22561,main,dark,0
19672,149140,62.43738848410853,3.7789894210632515,39627707444628072,73.20209032451912,-3.210673407175644,22915,main,dark,0
19679,781431,94.35148777307091,2.344661015503326,39633090879950753,191.51274868064374,40.75084189209134,10815,main,dark,0
19699,116715,73.11764081903347,2.4508398318114453,39627671000319463,56.96275217682099,-4.718191021098395,23066,main,dark,0
19709,93571,66.53479287678891,1.9307808844811494,39627643695402865,223.84000556064927,-6.030093136177165,45006,main,dark,0
19719,7234,89.38934587751196,1.98595118092054,39627409821013131,65.8450533165436,-15.719642650938392,22561,main,dark,0
19729,370902,47.24474089525807,1.7786036177468312,39627928849353808,319.70601779206396,5.849666228628819,12354,main,dark,0
19746,372373,93.52384759456046,2.2439283644414156,39627930069893910,32.67800894698746,5.885826464309726,17906,main,dark,0
19748,511665,56.742339307073586,2.19698594384571,39628139768316296,135.8553067246526,14.654894424767976,4314,main,dark,0
19761,751246,80.4276165317927,1.7480457683036534,39633025671103919,241.1444110488663,37.14039674769525,9794,main,dark,0
19767,145988,68.32652582165795,1.9793042582544202,39627703313236174,186.5161840700007,-3.4767407083605453,26241,main,dark,0
19796,27065,90.19561940853853,2.3164910237937555,39627521192367092,45.41698253483449,-10.88722822335719,36669,main,dark,0
19858,271599,91.03633874589185,2.365419820469734,39627826835493581,349.9018447764207,1.5037216498826045,18884,main,dark,0
19863,200807,81.01985674698416,1.9876792509780845,39627763472139472,173.05905179566474,-0.9333030038712624,26980,main,dark,0
19874,628117,48.9522195285555,2.3422145234233995,39628393100088516,36.659435677856635,25.952094816472215,733,main,dark,0
19875,9010,44.93950952592647,2.749508163416115,39627427130902272,54.36067266677276,-15.051219971206777,36324,main,dark,0
19898,341546,63.1805487276092,1.661850462408657,39627897094275319,220.62424196130877,4.443463865105282,8232,main,dark,0
19904,828150,81.02009913252311,1.6102185584398918,39633294349830689,278.2796397741138,52.96837076701549,15246,main,dark,0
19930,379050,59.332294610510694,2.2696603488406075,39627938085208647,152.6308571356584,6.174826500104397,27521,main,dark,0
19936,274647,74.9746864022203,1.6154557793915867,39627830044133060,181.07035896418637,1.8295625959241588,27652,main,dark,4
19968,179878,98.4751974634246,2.0605123335579827,39627742810999731,21.593166666255414,-1.8128072980424463,17659,main,dark,0
19969,58089,82.9066510941117,2.002970256068043,39627598644386558,41.517989450110036,-7.654933641464941,36789,main,dark,0
19985,564295,91.34553513702241,1.6918371313669736,39628242289691144,35.80050970748516,19.346052567504486,617,main,dark,0
20012,4782,64.24658899703637,2.7352955388088023,39627386509075084,59.418081609713354,-16.838118058944673,36218,main,dark,0
20023,781974,85.85512001334732,3.152093316625994,39633091592980588,247.29976849196464,40.83375782990536,9471,main,dark,0
20024,699322,65.36791272157818,2.9178255396746375,39632936596670564,249.51144311457074,32.863514670836594,9413,main,dark,0
20037,457211,70.34141901649953,1.7321680425819381,39628041218952086,241.84675577640394,10.384797387352629,31664,main,dark,0
20048,4681,39.143605200838586,2.0424596395088725,39627386261608023,43.991571009185904,-16.72154214255229,36617,main,dark,0
20052,389878,34.40402823929982,2.693302490030141,39627949997033915,146.68520020749992,6.688933902276737,27379,main,dark,0
20069,127968,59.10610748102321,2.6844479703897433,39627684233351137,127.82183289770313,-4.247830661104948,21783,main,dark,0
20089,646662,64.44161828367152,1.9365727235944288,39628439321317265,242.42169980460093,28.063571795702806,9356,main,dark,0
20094,84541,64.04175072267658,2.6245132815139582,39627634237248400,17.25081620471803,-6.158446131409437,17597,main,dark,0
20096,639480,63.01896830898242,1.946126109567843,39628420191093223,37.64968918832356,27.170260513996894,906,main,dark,0
20111,612667,71.5428430957967,1.703829949595567,39628354621542553,30.041771385936293,24.259399724318783,745,main,dark,0
20170,834713,70.0263023104803,3.0684920450571975,39633349731419152,257.77019920887693,56.918752681427854,10179,main,dark,0
20183,790807,94.91129845116893,2.6472858490016846,39633121611615479,113.2361117816533,42.40280772821509,6571,main,dark,0
20188,351069,88.09970702941953,1.9275420562419214,39627908129493568,160.42467551717885,4.995434808304439,27420,main,dark,0
20212,445462,75.58330754879438,2.577054710247955,39628023074393471,224.2688320727698,9.751442516333183,8341,main,dark,0
20224,758627,86.26862580204663,2.1708421665621667,39633039185151642,175.42774204698782,38.010227410278695,5444,main,dark,0
20228,726757,95.92557855637104,3.052046460925562,39632986156564926,206.32466639859692,35.22094852592978,10452,main,dark,0
20230,733914,99.2237431083126,1.9209711283164372,39632996701048738,256.7160215694635,35.63727296825905,9510,main,dark,0
20278,111799,79.22258411670553,1.8873813728203692,39627665266709553,74.42784037606461,-5.0027688165784525,22824,main,dark,0
20280,414320,73.44514427162773,3.3249368672331605,39627979579458860,122.56525388448806,7.941458954744999,22011,main,dark,0
20286,161861,89.18679531620478,1.8499908950560704,39627721625570283,198.8767933543269,-2.694505554270674,26181,main,dark,0
20302,14726,74.03566452980402,2.023503267060505,39627468306387283,63.519990873713226,-13.138936102891801,22574,main,dark,0
20320,368022,73.15432200177987,1.9367238531765663,39627926177579374,159.68282706588565,5.713421265062812,27422,main,dark,0
20322,135218,97.58466188348052,1.6913148157443003,39627691246228041,186.47498009920903,-4.001721266341172,26241,main,dark,0
20331,365561,49.77948289091136,1.9136644290902647,39627923103158207,335.8376671350489,5.523900520512415,19239,main,dark,0
20335,856381,94.51375154424646,2.127039376000295,39637212123366110,119.83964076503906,26.893617130416423,6212,main,dark,0
20340,352373,80.26344938530713,2.52811910733634,39627908884463688,205.3234134942223,5.048704441295531,26396,main,dark,0
20395,652262,65.27748016430402,1.9221026949837254,39628453611310966,128.94940726218482,28.771329689108,5006,main,dark,0
20405,238114,48.5400037736933,2.190852899150254,39627796581979142,346.6409784266309,0.18274992559707204,18838,main,dark,0
20437,605202,63.66024068125785,1.882125773561058,39628337378758066,348.73829272223975,23.274490734444075,20172,main,dark,0
20451,783422,68.40864929223946,1.7978011406652143,39633096160577970,246.58520300507598,40.93029600438256,9812,main,dark,0
20492,310739,20.42656048900455,1.7229823776905133,39627866140312348,172.7735892746089,3.125739716136451,27003,main,dark,0
20494,188227,71.96680677511442,2.379349021415743,39627751392545968,173.18430334306788,-1.413387819031753,26955,main,dark,0
20515,57332,56.05170208483714,2.661100146522575,39627597985875940,1.8454583295047564,-7.731695514151766,17348,main,dark,0
20523,624204,79.50321054821275,1.6426541057069817,39628384203966722,169.3170279214547,25.446494419454993,28401,main,dark,0
20528,780417,94.51226358079116,1.7370591660818016,39633086924720237,241.5142378093164,40.41383098075958,9806,main,dark,0
20556,777909,66.50888045507133,2.086176259533,39633080771676468,121.35152721495449,40.195654870975034,6545,main,dark,0
20598,55313,68.27695056670687,1.7851126196706557,39627594299081411,140.19233396562274,-8.07511196783858,40818,main,dark,0
20629,96995,93.69868470564228,1.7088690429260114,39627648569185019,155.63914848498362,-5.644526117433439,26849,main,dark,0
20633,305579,69.51408306507922,2.5052749621294845,39627860557695964,199.91400728762767,3.0489205449880123,26400,main,dark,0
20651,51175,43.33503533257794,1.6039274134830925,39627588179596055,132.23497790829578,-8.369404618304618,40861,main,dark,0
20683,135255,92.6109658382183,2.3069684603393785,39627691271391963,187.91139665072387,-4.016668915269173,26158,main,dark,0
20686,196139,45.37487632983134,1.6711700755327317,39627758397036125,230.74211802416855,-1.3485280167882048,31372,main,dark,0
20693,257787,89.84945269582578,2.1314249837010264,39627814269355031,320.7690361398235,1.021919821293013,19120,main,dark,0
20695,326540,83.87271596225833,2.5282808312999427,39627881613106084,16.49006828749489,4.067964376778835,18047,main,dark,0
20699,508276,91.20384609750148,1.9290491642728724,39628133908876377,135.56386078224972,14.483417483694053,4314,main,dark,0
20705,762193,81.94796297249046,1.8026308783541667,39633044537083751,219.80770021681352,38.14652500837007,10563,main,dark,0
20743,630952,98.0334752761914,2.143945542871642,39628399940995701,129.77478151170328,26.240246096609834,4993,main,dark,0
20771,567580,53.1210372544619,1.6107076452909859,39628249784909960,148.24108909365637,19.618029388520412,4457,main,dark,0
20810,756416,92.07573234441385,1.965263177785248,39633034839853667,208.23715105314477,37.71192248268703,10627,main,dark,0
20817,454539,62.71722607471398,2.576258790404465,39628037238556864,0.8874515845051861,10.616570932342684,19649,main,dark,0
20865,457254,52.86745776442733,2.4516825842966052,39628041248312682,243.61857690557449,10.519791797063675,31646,main,dark,0
20869,361429,20.979781213313565,2.1029031467735964,39627919550584831,123.25080605929257,5.583432949173932,22002,main,dark,0
20877,741628,92.61987157759349,1.9358504557981573,39633010684855723,206.50115937593148,36.58122738964304,10455,main,dark,0
20892,515520,55.59840569933245,1.9317684302240166,39628146110105676,166.657444039958,15.027231995071551,28198,main,dark,0
20907,621743,67.76359892248422,1.6036538745829507,39628377988008150,119.93575423518985,25.372695629206483,4843,main,dark,0
20910,740473,42.9489444458088,2.0527935447462298,39633009850190178,144.8352998385609,36.557126990636924,5671,main,dark,0
20925,4402,33.23416116845153,1.7704481840402846,39627385871540784,19.824887094957205,-16.63396173933654,17440,main,dark,0
20945,29818,96.27343819572081,2.1668527083647455,39627532705731221,23.24933562093848,-10.42539751339122,17469,main,dark,0
20946,584497,78.61546457427546,3.214814241441934,39628287651089027,31.221439577580565,21.130257836132657,671,main,dark,0
20956,318316,53.592370588611175,2.1495336443508717,39627872964445535,220.11250655309348,3.4438839389832423,25981,main,dark,0
20964,649448,44.38746811063693,3.36043168444732,39628446707483086,21.035430314194546,28.61674298640321,2193,main,dark,0
20980,825169,56.55507884709799,1.9070052113811928,39633271922884941,260.4373761119425,51.54136627119688,10054,main,dark,0
20988,853233,70.47272109410295,2.561416919787586,39636557761612719,65.63627087126576,-0.9769761371310606,23121,main,dark,0
21017,56882,83.73217766088972,1.771726298726766,39627597193156412,314.2953547693262,-7.883841322534612,49090,main,dark,0
21019,377193,62.85240399497582,2.897755172680202,39627935669290563,7.875321822070548,6.212641796378024,18158,main,dark,0
21028,166841,52.805921033639365,2.4192318444686296,39627727652785234,198.12251381728777,-2.4475858946624256,26182,main,dark,0
21042,165815,77.54126305746287,1.7290658919661577,39627727120107714,166.35330666151,-2.5070579925081495,26938,main,dark,0
21054,605923,91.58310145474604,1.6955279378885706,39628338075011841,33.93165610456993,23.38972308136445,717,main,dark,0
21091,685184,92.6533918589978,2.47826716911249,39628517683495120,221.63843784391355,31.677161970952536,9118,main,dark,0
21107,628260,79.12027196212381,2.147583329769087,39628394257711424,113.06669038118932,25.885682319774652,6193,main,dark,0
21125,164585,96.9474662445347,1.9850576840194942,39627726453214023,126.61504820733288,-2.4036193611213483,21834,main,dark,0
21134,856712,94.55400094653784,2.1338398314059703,39637320630014390,342.0100288573755,31.94301432170598,13432,main,dark,0
21136,543812,53.42283000015919,1.875838060705511,39628201567193829,4.326068591078544,17.41460239127007,19851,main,dark,0
21137,163719,87.14510004193173,3.1504147427972087,39627724754522224,25.37028493804349,-2.41197480491502,17802,main,dark,0
21138,389079,52.40380528842526,2.849237580827942,39627948231234185,40.96567895260371,6.637922083965409,132,main,dark,0
21148,287780,72.16877185904164,2.1005761742357243,39627842576714570,208.1127192081085,2.355416335609811,26035,main,dark,0
21159,809829,82.37852879064984,3.449049629833088,39633182563241045,126.53141990943392,45.988479435766365,6609,main,dark,0
21169,358554,73.53158266879628,1.6032609976230359,39627915201087573,222.95840905453804,5.318422604819931,8230,main,dark,0
21170,826108,82.67609434380495,2.2729283393631294,39633279279694451,247.20199216677491,51.93055089657607,10119,main,dark,0
21243,644683,84.68833961545859,2.640309661825781,39628433969381675,241.80154993063414,27.67238074303386,9356,main,dark,0
21271,553097,93.60464212551275,1.9122572742752446,39628219351043447,35.38586259859818,18.29633561879861,610,main,dark,0
21308,452595,73.9877382211004,2.1365192043626133,39628033975386457,163.258159109253,10.193049407423379,27504,main,dark,0
21313,146635,76.43611868032157,2.1834082630396257,39627703648781912,206.5966363112008,-3.4390666802737,25992,main,dark,0
21321,443981,44.63466672485095,2.1988530673569104,39628019991580620,37.949074677900036,9.764712508749817,167,main,dark,0
21332,87572,85.58381524364411,2.4124176700006914,39627637001293457,182.93050350770199,-6.147952009729454,25552,main,dark,0
21348,2508,94.88355619507938,2.145468085237971,39627363536865670,67.15364582217063,-17.667655280993255,22531,main,dark,0
21351,758412,69.76070474947826,1.7718764534086557,39633039063518449,166.37169459338588,38.01159334832421,5423,main,dark,0
21379,154203,34.59584556694912,2.0092027067463207,39627713450875566,71.73886276956743,-3.0958804587314113,22920,main,dark,0
21406,165842,55.000113002605204,1.8004772278352819,39627727128495821,166.81890971379732,-2.5513421347160996,26938,main,dark,0
21413,325642,86.15878047972144,2.428867930717246,39627880614861800,316.93123567403916,3.8558786854958664,12306,main,dark,0
21417,198532,99.44949836495064,1.6663917514847322,39627761203025869,37.94912037130925,-0.9695077502125902,17764,main,dark,0
21430,319606,96.56094190637401,1.8154249424677964,39627874600227262,317.83948590588545,3.524631328972097,12304,main,dark,0
21443,330111,84.85038531750749,1.9850292508048426,39627884997906555,218.47441945557512,3.9621061236648725,25982,main,dark,0
21481,706096,53.11677288833325,1.8918381141422633,39632950798584194,178.6935956747818,33.545727563805954,28619,main,dark,0
21492,225965,46.985680954432375,2.3081083723323506,39627785831973327,65.76714786136404,-0.0477521807152584,23126,main,dark,0
21558,619252,32.414856567744344,2.2355556320786953,39628371260347277,38.22874557349489,25.101966425930193,727,main,dark,0
21562,842279,68.56402010885945,1.9408157708901341,39633415774931904,116.77488846275428,62.40141475912528,7729,main,dark,0
21587,486793,68.6131918422853,2.157650987720236,39628094331423275,230.83842633721355,12.703657927498453,8316,main,dark,0
21602,269761,77.9201530795709,1.8938438724462356,39627824780285926,227.46046967458093,1.4089879168504633,31406,main,dark,0
21614,498821,84.22827903127593,2.791271686098089,39628116359905708,138.10537752822137,13.686013301914162,4307,main,dark,0
21623,751374,62.69487873210965,2.1915136233749064,39633025763380676,248.1894638151427,37.370739764060424,9457,main,dark,0
21632,139716,85.58041132491577,2.538048026773925,39627696782709372,156.91146473083487,-3.6743776014157454,26866,main,dark,0
21670,709510,99.02621561399181,1.677749128493653,39632956192458818,203.86704535790338,33.6977864438481,10439,main,dark,0
21673,834184,71.48537697097782,1.8040736429149444,39633346455667603,261.69502472237116,56.83514009099637,10095,main,dark,0
21676,307526,95.77711413834126,1.9326083809570214,39627862549987770,318.51406397366355,2.9975140865040006,12305,main,dark,0
21738,204786,45.60483500883346,2.2194884582400056,39627766978577239,22.019945922747702,-0.7444219949252662,17663,main,dark,0
21752,152022,96.28243121012353,2.8293553196238648,39627709856353121,217.16728274173636,-3.3058692607330413,25885,main,dark,0
21762,268581,44.26380637412081,2.7021922060675014,39627824197274424,192.65076481161935,1.4603732949813368,26308,main,dark,0
21781,358359,98.67088301078094,1.990639050334905,39627915092037575,216.53618926380503,5.282520813711287,26076,main,dark,0
21801,823159,49.97314468368742,1.7460723916573258,39633256676592275,260.1015301210325,50.37746401520847,10052,main,dark,0
21819,168220,85.16785795446245,2.0763276882063653,39627729879963154,330.9713366847978,-2.4655832287986272,19017,main,dark,0
21868,8895,98.75773538936302,2.277693248326348,39627426984104956,45.445483119833725,-15.030608937475414,36623,main,dark,0
21899,683480,83.52481716975134,1.9456233307838857,39628514701346826,13.323963119141466,31.658932239824907,2222,main,dark,0
21921,203250,34.03001199363357,3.673535694150014,39627765967755747,321.9168527526145,-1.1114789221820427,19085,main,dark,0
21926,12526,57.21530554290262,1.9022515960705981,39627455954162902,26.88891615677429,-13.6595184673734,17431,main,dark,0
21970,339704,74.89198812129547,1.924635941367776,39627896133780984,163.27725945643934,4.614267146973262,27071,main,dark,0
21975,675345,74.8191808596505,1.7394774574983445,39628502139408310,218.65098474531896,30.9896244179048,9138,main,dark,0
21999,106306,95.18775241564622,2.3698041478351843,39627659138830908,68.11280981497653,-5.17768724579634,22746,main,dark,0
22000,466205,49.69598305795561,1.9959224364403017,39628057077614486,123.05908070151294,11.261734822081728,4610,main,dark,0
22011,651642,53.43967183312189,1.638069603975949,39628452160080732,30.343819045836742,28.73227727010727,2130,main,dark,0
22046,833423,56.347110564534404,1.8197172544778148,39633341804185830,120.24717169146429,56.529771298448416,7684,main,dark,0
22064,153469,63.097050530671225,2.204150505924009,39627712884639467,37.81334931608582,-2.9332231631682073,17736,main,dark,0
22074,453021,94.94044394472623,1.8143966600412549,39628034944274919,222.11852765549116,10.298596976652323,8348,main,dark,0
22083,454333,94.82570295547495,3.0269024949798142,39628037049815117,349.5700231365486,10.232262265501777,19627,main,dark,0
22110,358759,51.812705970675424,1.6667871441906812,39627915318527719,229.97076069672897,5.144125980410329,8213,main,dark,0
22116,246234,71.27321511952641,1.6275251174763685,39627803502578264,39.078483919835215,0.7090249092124434,17776,main,dark,0
22120,82308,90.51836786898004,2.229377938228067,39627630714030075,166.01252316526015,-6.415748788223282,26912,main,dark,0
22128,719788,57.43475846916549,1.8154228334977223,39632972088869161,265.92848248479646,34.57065116587924,32744,main,dark,0
22132,147808,85.488032140098,1.8239315149319493,39627706207310643,359.41185356017877,-3.610215683594123,17394,main,dark,0
22134,598694,42.402250664344166,2.813822844421313,39628321268433804,27.38596527342064,22.732146651615775,702,main,dark,0
22159,368800,68.06216859961668,2.028304821253531,39627926622176433,186.33734376775385,5.755790759855808,27713,main,dark,0
22177,244163,93.7150676605079,1.8985782831629043,39627802110072395,316.21331250418103,0.47386099497841316,19115,main,dark,0
22187,305293,98.19978891356513,1.6569730279651416,39627860423478042,191.86167509947134,3.0119026864156053,26316,main,dark,0
22191,318285,71.48633484731104,2.3709360118772387,39627872947671432,219.24518093003127,3.5002429127948336,25982,main,dark,0
22198,517783,54.49014445134353,2.2328410007112267,39628149914338331,41.166079936463476,15.248976094708407,235,main,dark,0
22201,160854,27.926593644000953,1.852880601037675,39627721118060871,168.7019369980836,-2.8416608667321994,26931,main,dark,0
22255,87402,80.38609493449466,1.6637692003251143,39627636879659380,175.69064911565061,-6.132489762684881,25527,main,dark,0
22257,312320,71.9671396770675,2.980946202777061,39627866933038743,220.20022091247515,3.247300513279466,25981,main,dark,0
22268,5587,89.32126557341319,1.8406290383150419,39627392410455035,66.32397636652371,-16.41562066181583,22539,main,dark,0
22299,170387,86.66393553759411,2.244894317177794,39627732811780418,145.7454815550598,-2.233806136519018,27193,main,dark,0
22331,304181,81.58424511863788,1.8618899833809044,39627859836274399,156.8450793171755,2.9159970140708094,27401,main,dark,0
22351,694790,96.78700153054031,1.7431275781234226,39632930615591163,187.10915883218493,32.56892416151391,28532,main,dark,0
22376,364048,70.0633623440291,1.6587364641078342,39627921148611833,218.78487460394473,5.378383815831825,8320,main,dark,0
22378,79013,96.98496729787342,2.8578797274061842,39627627329229342,323.2254759050466,-6.784448805560797,18976,main,dark,0
22380,348936,90.15313978018855,2.8275695001454535,39627905310918052,351.7923329144187,4.771588989345276,18902,main,dark,0
22416,752666,78.89089389996911,1.846403747863261,39633029445979058,163.5739721763073,37.55203835673645,5505,main,dark,0
22432,367102,40.86916166294926,2.659734865128783,39627925544242122,121.88390851752324,5.7639418505892115,21997,main,dark,0
22433,827052,95.08658769799781,2.109927781189532,39633285625679428,142.76208696706334,52.618756634434476,7245,main,dark,0
22455,497194,64.00533177279254,1.8970242358203158,39628113855910791,344.79468146959283,13.622331603008863,20008,main,dark,0
22456,461541,30.480982228342015,1.9746858565859522,39628048940667966,349.80369125837524,10.79929074470762,19969,main,dark,0
22478,198992,44.239781450159654,1.7376612038001065,39627761660199178,65.01234479829343,-1.0061765202751678,23121,main,dark,0
22496,678106,56.066739820825966,2.3660427621131603,39628507059323534,200.4551543262541,31.245062402936174,10397,main,dark,0
22509,841087,71.00771143460962,2.954403261141546,39633404391589520,121.22545531930433,61.53951869258912,7708,main,dark,0
22512,310579,31.85065963946062,3.2487949712918147,39627866052234389,167.64951872621415,3.276021163216038,27083,main,dark,0
22515,719623,90.19607690052491,1.6545975624879412,39632971967237670,257.3533032649163,34.427566510366134,9508,main,dark,0
22526,54900,63.271461574158714,2.4982026637065586,39627593107898816,68.58996724711122,-8.012470708455515,22724,main,dark,0
22538,272764,75.64762970005526,1.6490641041555743,39627827775018050,45.95959721072982,1.7313714064157957,4,main,dark,0
22592,483765,68.13481120970232,2.5021713660502467,39628088480371813,233.93288746894123,12.59904078586398,8480,main,dark,0
22596,211378,97.83638152649185,2.8911486344401163,39627772997407241,20.89918460032636,-0.5329665122200462,18004,main,dark,0
22607,51434,89.44736708699175,1.7854046704497646,39627588364142397,143.23716899888,-8.177807074036046,40799,main,dark,0
22611,771804,79.51152453682673,2.2084027159050907,39633063558252082,230.38530814263456,39.17872135456509,9868,main,dark,0
22626,194518,76.31266562880147,2.0704852636644864,39627757537201054,179.39363272154384,-1.234927788892536,25598,main,dark,0
22647,113761,49.122613638162974,1.6220632875622558,39627667183504278,188.8921792223277,-5.094356184477971,26150,main,dark,0
22655,610363,55.66211874751795,1.6716075389711236,39628349076670348,28.78777517687069,24.035587393457426,746,main,dark,0
22669,525387,81.05136989873786,1.9843812807111094,39628164795731829,240.0711202192551,15.778907966436615,8477,main,dark,0
22682,389079,43.59388897045652,2.849237580827942,39627948231234185,40.96567895260371,6.637922083965409,132,main,dark,0
22689,429604,52.797833125997805,2.713650330552952,39627999317857281,230.74822113614354,8.769978123589643,8271,main,dark,0
22701,132884,91.9157665304616,2.330708297416388,39627689069383949,56.55655521781427,-3.9906710615940346,23088,main,dark,0
22703,327189,98.5201354121507,2.1727660127484167,39627883441819769,125.5752942796698,4.0776283872411465,21976,main,dark,0
22704,757915,54.80567477380796,2.289793676556712,39633038535034054,126.30050672838507,37.975019679382754,6431,main,dark,0
22711,257438,41.172735546507695,2.2008248549177054,39627813094953959,250.90744515157226,0.8852213315866863,31149,main,dark,0
22765,117256,83.45611903414135,2.2762377451424083,39627672191502282,128.1887818835547,-4.757739268650331,21781,main,dark,0
22771,767818,44.529456450465005,2.4718930400888253,39633054368531323,246.88192480875057,38.861591738512814,9465,main,dark,0
22820,87634,67.93802046379376,2.6388837065401916,39627637034850052,185.02534340750765,-6.186061005795758,25470,main,dark,0
22833,514619,91.13036344940869,2.1249845726926613,39628145359328517,120.50707557312596,15.080524075146174,4652,main,dark,0
22851,152947,87.02513625269776,3.231478502358797,39627712234526146,359.2258024874424,-3.33680582215472,17394,main,dark,0
22873,614500,47.353060058146184,2.256892144029896,39628359776342097,6.283178108111096,24.522654861663902,19946,main,dark,0
22885,712023,97.48672670960022,1.6803791906158432,39632961007519119,188.83185310769105,34.12321313165987,10785,main,dark,0
22900,127023,65.16674968565087,2.2892400986534334,39627682702433491,36.49534995637825,-4.300294410094179,17692,main,dark,0
22916,22212,40.30803148105617,2.0839792463834934,39627503320435853,39.607207275964164,-11.735958239187465,36748,main,dark,0
22933,645433,97.8569179992872,2.8243075241401976,39628436200753706,32.07689419637788,27.943750408771706,763,main,dark,0
22936,12100,91.61803843499334,2.414917950077964,39627450702890778,64.46193127120867,-13.982462484246227,22572,main,dark,0
22949,297406,94.70848770280843,2.6241243934845464,39627853377045713,131.80696796862682,2.7786455632633595,4128,main,dark,0
22957,576897,45.799999484608385,1.7528910173564143,39628270232143695,1.9645017028176937,20.41153171344536,19886,main,dark,0
22972,15035,63.77781406352699,2.199676780390867,39627473356327473,12.205354031616414,-13.089976940800174,16881,main,dark,0
22974,367060,65.16344282232856,1.7280437135210838,39627924252393543,44.435782280890415,5.848167244600082,50,main,dark,0
23024,379793,51.512707370451636,2.902639534042972,39627938571749699,181.8627084078747,6.339839239674466,27678,main,dark,0
23055,808373,79.91876753945192,2.252570101259709,39633175692968519,261.1518343825434,45.512822049576364,9676,main,dark,0
23060,597920,51.72679724231783,2.3833949168682995,39628320555401247,341.35229028636365,22.436604572434945,20155,main,dark,0
23065,145176,96.74067033205522,3.4705741356002724,39627702902196872,162.10051408509412,-3.571592667593726,27010,main,dark,0
23100,181140,39.391176130755355,2.1100744181503606,39627744719407164,135.3336047860695,-1.8583663336194953,40956,main,dark,0
23113,123136,62.98723172061681,3.082038659889457,39627678495540566,144.97848175102612,-4.574331744376778,27175,main,dark,0
23116,119057,70.56488096414644,3.6900668511971904,39627673160387854,186.16883338117512,-4.75159900032983,26154,main,dark,0
23118,208852,77.29967670224788,2.3405285162919425,39627770296276468,219.9746367575443,-0.7308179245356125,25933,main,dark,0
23123,653549,42.18597404216157,2.9619983964644483,39628457121940582,7.2181615848193905,28.950421011848416,20312,main,dark,0
23149,772131,74.81771234203131,2.4061488564272793,39633063780553160,247.61295079845513,39.37355412340932,9468,main,dark,0
23174,265759,27.994596889056155,2.228188057115586,39627821328372504,21.635292374966703,1.455506064252528,18178,main,dark,0
