targetid,z_qso,sep_arcsec,galaxy_idx,ra_q,dec_q,z_gal,sep_kpc_proj,verdict,transmission,transmission_expected,transmission_excess_sigma,sn_band,coverage
39628049641112467,2.168394353578619,67.59791311645482,268,32.06901786917061,10.99648126148485,0.005787337051687939,8.122864086563338,measured,0.14156943512009706,0.8565803492387752,-5.9584242843223185,0.29335331084638117,
39627640457398909,2.0903944297802863,99.32841850279442,320,29.954082341683534,-5.95581504547465,0.004543142976598831,9.369729370387331,measured,0.26871970370666814,0.8681902527995167,-4.995587909107071,0.7237055654846745,
39628212556268039,2.2088502490639965,99.55521443804103,353,330.1509529757291,17.75730959196836,0.0038026306852589334,7.860411499725857,measured,0.08433305664731679,0.8503179734768164,-6.383207640245829,0.23944316399353288,
39628181103184903,3.7448623219932937,78.94748245224594,848,170.7401654759593,16.571831747392405,0.0050067970689242625,8.207207175292613,measured,0.3860949789557653,0.5086496277513564,-1.021288739963259,3.9578881613470784,
39627944611549102,2.556795885830806,78.12842092876991,1101,183.99104599529016,6.417868513138641,0.006828057028706173,11.076519293224875,measured,0.12515924396915717,0.7897029916572537,-5.537864564067471,0.15439379089840488,
39627890618274214,2.247343392270916,86.2883982660319,1143,193.96212172694328,4.326661382230498,0.0025317514825539743,4.53597447693281,measured,0.19377288163937603,0.8442065879846782,-5.420280886210851,0.528756247410069,
39627550632185926,2.9163744322670224,91.93458329863184,1315,27.740494750814232,-9.698135692036084,0.006107558583078165,11.658526792496124,measured,0.4237521448100152,0.7149458925611487,-2.426614564592779,1.442078231946537,
39633039621360414,2.3127610669947285,90.87684622355768,1640,208.36789158003256,37.88987126732891,0.01204166383665329,22.72149314626768,measured,0.385310781521783,0.8334789052456755,-3.734734364365771,4.620308252722652,
39627754886403599,2.219435507736176,96.58849254019732,1700,21.410594848645196,-1.3674824991441052,0.018085845241643805,36.27114956508444,measured,0.14965297986478784,0.8486522558126663,-5.824993966232321,0.36850455162940843,
39627583217729659,3.426012684389962,99.05555524276588,1702,193.38295587235777,-8.617013679231812,0.011618037435751637,23.8950932684067,measured,0.6168395051951358,0.5919022984809754,0.20781005595133611,14.148370907459224,
39628128435307010,1.9705813103136955,95.87215912889752,1725,159.17142288319917,14.147110980036334,0.010063628752128248,20.03291910142527,band_uncovered,,,,,1.0
39633058596391856,3.2749407638854606,82.06448579815122,1730,210.05770610261644,38.90499274889781,0.017969097808324452,30.618128897613726,measured,0.4562307576671308,0.6300352547647956,-1.448370809147207,24.140408820016166,
39627750973113926,2.1543007268631045,73.82588459637232,1976,148.0959894552273,-1.6249225327696857,0.019596890592891433,30.039517264800647,measured,-0.14695544522965429,0.8587233250842744,-8.38065641928274,-0.23107889232403417,
39628007773572979,2.5264185586545085,41.65169294246796,2027,20.473449311145508,9.195024047826845,0.008362451866617672,7.2320831528628,measured,0.24146449703735703,0.7954706837186568,-4.616718222344165,0.6164351228676902,
39632956246983512,1.9572249081725976,71.87372879762256,2035,207.67223865606027,33.712539274419285,0.014336584811616575,21.3950352613096,band_uncovered,,,,,0.0
39627737240964716,2.220661339788913,99.76146088543766,2037,49.685943078658504,-1.9906974283808163,0.009459877739819593,19.59500802165738,measured,0.3462969862630488,0.8484586282077834,-4.1846803495394544,1.1170624365853046,
39628348460107271,2.124684142180824,72.14520720335851,2157,348.6276075675707,23.665320766263587,0.020173956477584236,30.22008533861865,measured,0.08287656774234893,0.8631615918212983,-6.5023752006579105,0.0894141340058206,
39627889863297182,1.9293651273887793,81.31789051071021,2211,148.83264028249732,4.291378461356651,0.006007489354518719,10.1432291199455,band_uncovered,,,,,0.0
39633040116289944,2.2851001594721434,78.69590791118509,2219,245.78960811782227,37.916477489630914,0.031031467776284086,50.7050937454076,measured,0.11360638089443259,0.8380673862656679,-6.037175044760294,0.2745940582417027,
39627788000433290,1.9565652974288423,94.51959825475352,2391,195.23472035076557,-0.0518559987402816,0.003956070169050084,7.763954381162767,band_uncovered,,,,,0.0
39627709839575792,2.6077943342510586,87.51766437484198,2521,216.18868697712455,-3.2341522107700365,0.00916634133604522,16.65669625426832,measured,0.09100240199942437,0.7798207954730616,-5.740153278946978,0.21046252103483135,
39628438188853563,1.9764618999529395,80.76905289542643,2610,165.99361076277222,28.02169037600775,0.004573163745166665,7.6693554075464405,measured,0.7115892797378921,0.884055894317203,-1.4372217881609242,4.82053165070857,
39627842576712324,2.6670010636469885,84.69621094219261,2627,208.02293605839887,2.338904706028973,0.02371307152763663,41.70123479075443,measured,0.3350684764165653,0.7680392670837116,-3.6080899222262195,1.2080621371999478,
39627719448725809,1.9901452614707245,54.86550246743887,2644,69.089749603461,-2.8221202608925724,0.0156675055514572,17.84827874610403,measured,0.4731233125856051,0.8822185462399763,-3.4091269471197605,1.3930552129567264,
39628029344877101,2.2900907486373905,77.76579601454759,2706,243.2549022257258,9.879383600389698,0.01704178962367359,27.51699109940566,measured,0.21567718608957573,0.8372452075897151,-5.179733512501161,0.659811516358837,
39627763434394462,1.9002594046330912,77.2215459227277,2721,170.96478799242237,-1.1014267048392652,0.01840273113208205,29.506513386433454,band_uncovered,,,,,0.0
39627872305943562,2.0179756853489668,63.038484269610144,2725,180.93718932067245,3.5515580419789985,0.01934671752149282,25.322709604755246,measured,0.5393010554483553,0.8784243838942144,-2.8260277370488263,2.6685834435229845,
39627682882782284,2.032263122908967,80.23969952027102,2769,47.1045199125946,-4.132231546400639,0.029076782178422914,48.44319275261037,measured,0.19365184329525767,0.8764466879282732,-5.689957038608463,0.6020681476606237,
39627589232362252,2.113127585698739,89.03674747847485,2805,195.4317147916109,-8.33289378402353,0.012572030748018352,23.241911497094357,measured,0.34047631769981485,0.8648695517156516,-4.369943616798641,1.8765069054832353,
39627884465228570,2.5459330634686212,75.89741342864701,2882,186.66930712283397,3.9740486112774662,0.007651960343845608,12.058597740445975,measured,0.08479967342509986,0.7917757307055844,-5.891467144004038,0.1831893988297532,
39628495709538560,2.660478215316672,97.9958734986077,2946,132.85592560024878,30.8697885476811,0.006784693696330413,13.80496010306908,measured,0.23704349394533744,0.7693533207792943,-4.435915223616307,0.4786975248585322,
39628335977862421,2.1705087221176984,99.15795060404622,2950,258.13161656999324,23.274060029505986,0.022071936179261724,45.44280133025642,measured,0.2034437146159261,0.8562571312771913,-5.440111805510543,0.5226753616844757,
39627830044135501,2.535208273239932,85.19364704686107,3029,181.1721032527547,1.8071188562730107,0.023509597429565758,41.58622745263734,measured,0.47744551327534246,0.7938109637689883,-2.6363787541137156,3.0240560917172705,
39633010852628881,2.742082529166764,86.39667000860351,3068,218.9728808619464,36.564418753495,0.013652778416460364,24.491487742551303,measured,0.39063472253573395,0.7526320970737717,-3.016644787816981,1.5114014535549518,
39627865603441198,1.938003909827538,79.38380744028017,3131,140.72112261645847,3.1774671803854018,0.012141733065212735,20.01288627200237,band_uncovered,,,,,0.0
39627612166818787,2.7366925481582327,81.93019689923503,3269,133.53506827454726,-7.200029225053479,0.030834664960117178,52.4542104391735,measured,0.050401422804295194,0.7537552423715372,-5.861281829727018,0.01724295047463971,
39627610002556959,2.279704250981808,88.23453452868512,3295,3.6055248087633367,-7.156361454719389,0.019013153426294668,34.83291928992213,measured,0.27163328620857174,0.8389535259597795,-4.727668664593398,1.5994088056775857,
39628220965847649,2.325417338365281,95.83659535380586,3296,136.40272799311654,18.33148993528575,0.029553778834556274,58.80869165080427,measured,0.2689752411067844,0.8313538600937151,-4.686488491557756,0.8422722014382653,
39627414829012480,2.147296469400528,97.98087790132152,3308,15.454720163471134,-15.5748179087589,0.018672918049192553,37.98836825661842,measured,0.12067880730776764,0.8597809178140613,-6.159184254219114,0.20462060679794636,
39627853586764330,2.1687025927546046,94.93368056760188,3401,144.45857283294822,2.770314565467026,0.023312794613398847,45.952778740730174,measured,0.10764322073882665,0.8565332575085983,-6.240750306414765,0.19792045912947748,
39628091043087434,2.041936952809225,87.99297816987523,3444,30.015532757578043,12.644200536441408,0.011618037435751637,21.226476548245873,measured,0.23404687064275212,0.8750960864414684,-5.342076798322636,0.6314108675422359,
39627725127815784,2.3099080210015677,66.60817500714356,3449,47.72070774331428,-2.5714125624649578,0.028829944747976285,39.872040931169806,measured,0.10765346062397563,0.8339557274272387,-6.0525188900271925,0.2293372577997502,
39627805750724571,2.1199718095535647,71.12698816629853,3516,173.09061617348397,0.7842918025972064,0.019837056741434104,29.29603032333422,measured,0.28222077706225207,0.8638596515081773,-4.846990620382711,0.7202657398221349,
39632977105257863,2.2744476103154843,74.02012538155891,3535,268.7062641815007,34.79514341535696,0.016281263486621803,25.022750344556002,measured,0.36225423162943426,0.8398139825241557,-3.9796645907893455,2.763296556961029,
39633289471856378,2.1228850937880264,72.7090163201925,3567,158.59256101805386,52.86099249137466,0.02353294691622963,35.52725932582968,measured,0.38294019291881615,0.863428356084169,-4.004068026377941,1.681235223450527,
39628174799145213,2.0439373145612643,96.1487238650516,3573,139.55622319373964,16.218801847812543,0.030010761644977742,59.91253059440659,measured,0.08180766384049847,0.8748156452412367,-6.6083998450061525,0.0751255859801406,
39627713056610265,2.4002969877093125,60.95008761241321,3729,48.22952460863267,-2.9179193196759905,0.020193970323296125,25.556017079661707,measured,0.2974856599357407,0.8184536885444981,-4.341400238406312,0.9659265094375529,
39627606412233510,2.071519777787796,88.51988556614896,3745,148.16587204100864,-7.597902308760605,0.01614783784854254,29.679210587332317,measured,0.38123436328767085,0.8709080270285309,-4.080613864507167,1.3184356224571245,
39627683037974163,2.546857611744938,85.37000937066368,3761,56.49171080292603,-4.149050636922652,0.013799546618347551,24.460609186271174,measured,0.3060391622215277,0.7915997600871797,-4.0463383155471,0.7985178261118202,
39627859664308398,2.426693634600904,89.1216182806541,4026,146.6090602767367,3.058042923181209,0.019973818020465346,36.96079248016988,measured,0.04796477703371131,0.8137730869115384,-6.38173591564856,0.1687747115833001,
39627433145535426,2.250874822332424,58.51061887023528,4119,65.18214720213435,-14.769059438704176,0.03090471342010879,37.5453825926239,measured,0.361443472386851,0.843638455859329,-4.018291528937317,1.0989041004627147,
39627643217250597,2.747763165709884,43.99127744503898,4144,195.14202405065151,-6.064796025886756,0.013362577653637972,12.205453971820312,measured,0.344754008252465,0.7514455590013976,-3.3890962562411056,1.0721169978292886,
39633136899854245,2.387287528049064,75.15015897486344,4147,273.6543030909985,43.28425931013447,0.019256655215789318,30.047467907919195,measured,0.10100070180239519,0.8207350585878251,-5.99778630654525,0.21447446167672612,
39632984814387551,2.0081585083889535,60.02264074444255,4199,108.50481569926475,35.265372650168516,0.015694190679073055,19.559202600164294,measured,0.4745503553189822,0.879771542334568,-3.376843225129882,1.8923738554574463,
39627872402407516,2.9769921702344586,59.80520288145727,4202,186.51212471794577,3.42980750010261,0.004756623997525649,5.906563976919986,measured,0.4072640293108024,0.7012454992729896,-2.449845583018227,21.827802256748665,
39627911363302712,2.5326007676503814,90.01133206832415,4206,353.72930827149503,4.899214374044639,0.019083201886286278,35.66527322777442,measured,0.4956635906563558,0.7943041071400332,-2.488670970697312,3.8373423823075417,
39627622195397109,2.5882742334562594,56.51677879707129,4214,15.349362463653613,-6.870329715826401,0.017445402178863353,20.471775428189314,measured,0.4584371169718858,0.7836326139464268,-2.7099624747878415,2.0494547125281617,
39627836083933701,1.912471601099315,56.32409506641056,4228,181.16830638018908,2.083968231288419,0.021841776953574997,25.543435767085775,band_uncovered,,,,,0.0
39627664931162473,3.2570224319909897,74.3968749812579,4311,54.25526531653922,-5.035456227453661,0.013852916873579256,21.39897855374425,measured,0.6095917131016038,0.634479130997716,-0.20739514913426887,8.078574449649022,
39628304101146872,2.1202058982573564,78.65367900220227,4340,3.239569665884506,22.12167052831991,0.019950468533801474,32.581364064408945,measured,0.46246810328301863,0.8638250274400684,-3.3446410346420814,2.750014793570066,
39627340434645462,2.347345899366496,90.6861333020608,4372,59.267749922042775,-18.76935361005898,0.025274151493163984,47.589877933013675,measured,0.10623085558458702,0.8276339932671949,-6.011692814021733,0.37258966875390176,
39627634786697294,2.065359277269589,97.60991223792377,4486,50.028634985116376,-6.286401694283509,0.007798728545732795,15.805740521885214,measured,0.21877876468932353,0.8717873735041387,-5.441738406790127,0.5006452852624069,
39627835433815907,2.1670252806513344,52.265109674501986,4558,142.4389076104489,2.0783683507786943,0.024877210219878182,26.99669897271096,measured,0.1420881077895886,0.8567893961133192,-5.955844069364422,0.349832005256162,
39627600926084276,2.644946145836742,74.79789651317132,4610,178.63672489733742,-7.762243109923636,0.01908653752723826,29.642420038602655,measured,0.38215399551334356,0.7724663658367644,-3.252603086028507,1.221582388057548,
39628485051814643,2.186971606291409,86.75565747885045,4639,117.5782214236687,30.21914572957025,0.02658505838729272,47.88864464274031,measured,0.1200489161959179,0.8537251186771184,-6.113968354010004,0.2608919505672325,
39628059329960588,2.0374994667436983,69.48544961851502,4646,259.89585891453805,11.225290641543378,0.021334759528873808,30.780717991766625,measured,0.07318296627215524,0.8757167780848093,-6.68778176510545,0.10804690725703409,
39628037657989137,3.0791905926896423,83.27797143208555,4667,26.349393633371527,10.545735465593788,0.018429416259697903,31.866828189968707,measured,0.4248646456306588,0.6775075832857851,-2.105357813792719,18.11998337590111,
39627739900154593,1.9242994210914568,48.21771952861036,4687,208.20611351367043,-1.895693097236816,0.024246774079953674,24.27491702791961,band_uncovered,,,,,0.0
39628304646407038,2.1054196158395477,82.40748367398604,4735,38.25861500256982,21.88721606329829,0.01423651558305713,24.359450244004584,measured,0.3550581880546497,0.8660012795200941,-4.25785909554537,1.0991760908772852,
39627860540918908,2.931569377638412,57.58251484156765,4738,198.90985906187356,2.886662125214441,0.019706966744306824,23.56174946126735,measured,0.48887174286995067,0.7115392147871548,-1.8555622659767008,13.40892677092719,
39628102782944472,1.932028986023888,84.12500861144706,4743,27.241225518122807,13.232855197254183,0.0168049591160829,29.353487253531018,band_uncovered,,,,,0.0
39627854656312238,1.9626556277281395,96.44719614893982,4785,208.23682957876537,2.8410731821279076,0.015450688889578405,30.941016415214083,band_uncovered,,,,,1.0
39627874688303794,1.9686678064454284,84.46216030404321,4787,322.9723448420165,3.576688046172793,0.0289166714127278,50.71163431755617,band_uncovered,,,,,1.0
39627748846603671,1.9329874827707665,40.05959212541631,4805,21.34796313318764,-1.5540994245252329,0.01824595600733892,15.176452547245201,band_uncovered,,,,,0.0
39628031341367123,2.399725518446867,86.87718805032502,4818,4.0384554224208715,10.324316573615274,0.01747875858838317,31.52923703444619,measured,0.21590577173432568,0.818554255964533,-5.022070701918395,0.5708626791410462,
39628123964181391,3.073201320866618,93.35747167547017,4824,244.781546191849,14.110701880751687,0.029817294469762813,57.79821653192515,measured,0.22967224116343088,0.6789199166585725,-3.7437306291261807,0.4877623376158392,
39628315685818959,1.977514270436979,75.26265899695082,4828,27.831906917934983,22.57759878484553,0.032472464667540106,50.74484524660137,measured,0.5245042502483447,0.8839152429853134,-2.9950916061414063,2.589729626039942,
39627971765470018,1.928624549354962,94.47622877710415,4926,12.903596764204478,7.73165689706691,0.017432059615055426,34.195453947186266,band_uncovered,,,,,0.0
39627841448447749,2.999227542422131,81.81958362098115,4957,140.92433253247853,2.132221440971626,0.01691169962654631,28.730398063404877,measured,0.34565594455380105,0.6961476487220581,-2.9207642014021427,0.8741471247838466,
39633006339557094,2.3309476902858175,58.30721336028227,5067,245.38555621988544,36.37164257618073,0.03255252005038766,39.409781119502625,measured,0.2262709307046397,0.8304202521431125,-5.034577678653941,0.6415108061484278,
39633410121009630,2.1109946982121257,92.7600997453404,5095,117.8536372162893,62.07757132064189,0.021464849526001084,41.34149494660236,measured,0.15863887167432253,0.8651833102713049,-5.88787032164152,0.41691929872861855,
39628283477754259,2.034469030000012,60.925076700515866,5221,124.91904423158056,21.10144305147211,0.018476115233025642,23.372430046241305,measured,0.6768674920418144,0.876139532539227,-1.6606003374784388,5.313945233595666,
39628138061237690,2.140160046874123,80.51598793066351,5292,30.91745615837088,14.722935207071847,0.012165082551876606,20.337347447155697,measured,0.18355951454935787,0.8608533983988697,-5.6441156987459316,0.4840445764197833,
39633024270208892,2.002599593275026,79.87719701259677,5365,136.79316149488116,37.20490369296012,0.02394990203522732,39.72132066935009,measured,0.24165264877850506,0.8805301218584247,-5.323978942332664,0.46112291012303497,
39628129228033915,1.9214674870830584,64.01872761619862,5384,208.03706002195923,14.133885089312011,0.022675687191570378,30.141483066853542,band_uncovered,,,,,0.0
39633059108096321,2.218739053923862,56.56439344316477,5385,249.15583778041304,39.02840932259174,0.029984076517361888,35.215262797206655,measured,0.35913076324277754,0.8487621975807069,-4.080261952816079,1.3947036859404967,
39627929277171433,2.2648646498632026,48.20234398038316,5393,345.2886663664795,5.667084960935,0.011574674103375877,11.584413504952337,measured,0.4039563268729885,0.8413754686311415,-3.6451595146512754,1.4071054023840668,
39628241543106083,2.379628733398425,83.04471532470873,5400,348.84616148595273,19.044833495105134,0.01579759554858448,27.239561574937966,measured,0.064709318565443,0.8220702504448254,-6.311341098994853,0.19683719934069055,
39628192738182817,2.3874349075989576,64.2616205913238,5417,174.3194693378905,16.894472285917228,0.021221347736506434,28.31533846556628,measured,0.08668706288219578,0.8207093080026598,-6.116852042670534,0.18947802002894462,
39628197754571769,2.1724266344887933,56.01453359396802,5427,126.87654114108288,17.281577877944496,0.019797029050010326,23.024906024510784,measured,0.39058663188696796,0.8559635563257749,-3.878141036990058,1.5160794817567473,
39628157329868852,2.946065349493552,86.2250612356511,5430,138.67762157114376,15.485133177188612,0.014133110713545703,25.3027890235137,measured,0.3701500148201898,0.7082719193178714,-2.81768253748068,1.273673775827148,
39627809093587098,2.0863878201263564,89.62242228538744,5483,12.374094402024513,1.1191673146003438,0.017558813971230724,32.674502004029456,measured,0.3496114842133465,0.8687701464531716,-4.326322185331877,1.1554041474206433,
39628330110029344,2.645111103244033,47.97135651088808,5497,238.5167399855542,23.11861144233506,0.014583422242063208,14.525750207991985,measured,0.14300815608394918,0.7724334222910867,-5.245210551726147,0.2537779295971259,
39628382228448230,2.4940774967226327,56.31040407194886,5531,39.05162638125854,25.417166481830325,0.0023216061025791383,2.7144028475211432,measured,0.4080721950280019,0.8015128859015386,-3.278672423946139,1.360601467809978,
39627880614861800,2.428867930717246,65.40856532149249,5605,316.93123567403916,3.8558786854958664,0.02598797865688803,35.294273484508345,measured,0.11175623302693606,0.8133844683135585,-5.846901960721854,0.29506241653104803,
39628535266017728,1.9898864643046716,73.43516546533888,5649,17.22295221862886,32.63842470366275,0.01723525679888852,26.27961256216213,measured,0.2004994962124511,0.8822534682916867,-5.681283100660297,0.3800519405874758,
39628298464004244,2.108418190076827,87.45187405958696,5658,2.2362240441538397,21.633913203518865,0.02112127850794699,38.35186127037027,measured,0.10202211419586114,0.8655617195322506,-6.362830044469912,0.21893892679944027,
39633457558588441,2.573225777718368,91.39982030321396,5659,95.11239777650268,66.58635092446706,0.014176474045921462,26.903618181095702,measured,0.11098190099878132,0.7865464413428133,-5.629704502866932,0.23887586850168413,
39627785240578488,2.0134300782740957,92.3891174242276,5762,30.5769099757372,-0.1026336596679498,0.01941676598148443,37.24730340141003,measured,0.24077691495253292,0.8790493425103867,-5.318936896315448,1.052946256546309,
39633020042349969,2.3265070367054603,85.28108162370114,5794,181.4997945826095,36.885740995776416,0.02093114697368404,37.06319451667409,measured,0.2852328500529453,0.8311701445974005,-4.549477454537127,0.8143340394685543,
39627930262835888,2.349952792570511,72.20929844220791,5814,44.40991600519355,5.972394662473996,0.022885832571545212,34.312863591703355,measured,0.46747846100614804,0.8271885729226557,-2.997584265970897,2.15440893466647,
39627947354622692,2.105530002178304,68.33221330758619,5948,348.32126908641106,6.420418295012974,0.01614116656663858,22.901162526390088,measured,0.3809042323138848,0.865985113997899,-4.042340680700119,5.172819828270716,
39627691124594070,2.02259587084698,84.6293142550798,5976,179.22495159276818,-4.089995078622698,0.026468310953973367,46.50976785162348,measured,0.5498501410191514,0.8777870685304006,-2.7328077292604096,2.166604019880463,
39628192398445832,2.1782838867421335,88.44699268882158,6037,153.2692843715856,17.054816788428187,0.022011894642126054,40.42384482884595,measured,0.055508905572630045,0.8550646970696486,-6.662964929141822,0.1391997028733541,
39627757021301702,2.2391079973853083,70.56054760368256,6052,148.65053011699135,-1.280891494249213,0.020497513649926444,30.030339959665575,measured,0.37236375834090374,0.8455266161546683,-3.943023815114705,1.119703823186895,
39628292944298974,2.3998441328232336,87.41835365152093,6098,9.17174185542562,21.547203930034847,0.02972056088215535,53.945689216372244,measured,0.45396850329859856,0.8185333848204084,-3.0380406793484154,17.887285426426704,
39628494237339839,2.2705896210887633,50.08593176688886,6170,31.0039373398059,30.846138817793637,0.017575492175990633,18.27765076685245,measured,0.09516404324467159,0.8404437284046842,-6.210664043000104,0.19433393235212457,
39628203681124200,2.73862761593111,73.7683606141728,6186,136.22640031381582,17.4359278043258,0.028990055513671398,44.40340768967631,measured,0.5065916248185988,0.7533523207052985,-2.056339132389164,10.051853806963052,
39627661277925334,2.112644623664615,60.00668840086149,6204,195.95971378811717,-5.128863410146809,0.013395934063157786,16.69051674980242,measured,0.3042159042217604,0.8649406378194325,-4.672706113313935,0.9357305431486903,
39627844367684705,2.104221922695902,92.74673505480264,6215,314.9208715115857,2.149386932139421,0.03121492802864307,60.111572605479296,measured,0.49110474386022895,0.8661765971470134,-3.125598777389871,4.531191397332503,
39627974370134575,2.4372664109334785,91.67280409619184,6219,169.515416305264,7.823919184158965,0.021101264662235098,40.16484748901444,measured,0.1840196341496391,0.8118789930408352,-5.232161324093301,0.45091516279906496,
39627983362722780,2.1089736599358093,45.58922640342362,6273,350.0632500515143,7.924124841236987,0.009296431333172497,8.799856909893421,measured,0.16953991032780036,0.8654801944707433,-5.799502367857858,0.355069053824806,
39627658526462799,2.867454952301749,99.83733562820308,6293,31.46492063167633,-5.318756322672738,0.016988419368441886,35.216247500922066,measured,0.25458031180216273,0.725784974054363,-3.926705518768336,0.6952932587894174,
39627491416999488,3.0593028424341737,67.15100961808308,6337,34.57209878330225,-12.245693187682669,0.019450122391004247,27.118896086036507,measured,0.29537258942240374,0.6821874145570062,-3.223456876121687,0.8542925497160332,
39627659122051530,2.1266451913110243,93.76376505870888,6341,67.05226052469642,-5.170325804463896,0.014179809686873445,27.605941404404977,measured,0.41658791114334576,0.862870436070736,-3.7190210410615854,3.5710305412983754,
39637235426922813,3.53894260934675,91.5055157008928,6349,243.22255499755732,27.978496331328675,0.03300950286080913,62.716725943812584,measured,0.46367528206796016,0.5627461299520874,-0.8255903990343937,7.408463582476346,
39633040112094926,2.4431294115307853,68.14090035617629,6350,245.44472952227932,38.01114020928677,0.03305953747508885,46.77370396820063,measured,0.5014928445653367,0.8108238875024854,-2.5777586911429053,2.8596186036545914,
39627885488639535,2.2964138111458454,59.246007021724985,6366,247.7190848834412,4.082212813581373,0.024490275869448325,30.126583594163183,measured,0.6653708722344919,0.8361999191571626,-1.4235753910222564,5.379277691994094,
39628004787225487,2.441742639713203,84.84279261765799,6425,200.2711533635633,8.971532591216173,0.03194209775617504,56.26981809854127,measured,0.2516330976977295,0.8110737572865092,-4.6620054965731645,0.7238702622829796,
39632935833307714,2.505574709789187,99.50292065649371,6437,195.58943623609215,32.865417879912975,0.02529082969792389,52.25117095674672,measured,0.3889482491760883,0.7993765558196023,-3.4202358886959505,4.625778373611413,
39628090996951932,3.0386609147871724,74.51491224433661,6457,27.31091843884938,12.87008557439375,0.026241487369238623,40.60025519364453,measured,0.5575138738554312,0.6870143904972732,-1.0791709720153504,6.511936098802413,
39627676817822422,2.414873294273451,94.7716337408604,6547,44.77032294426513,-4.483659719620519,0.01432324224780865,28.184921289413033,measured,0.18188807158307466,0.8158775858322517,-5.283245952076475,0.49070521329947014,
39633140817332543,2.1336541203237047,91.46541372821288,6614,234.13337875163063,43.498192668287174,0.020143935709016403,38.25589366693176,measured,0.49402566698911354,0.8618266702644827,-3.065008360628076,3.0729954506615367,
39633035330584684,1.9522648333439685,43.657912359907826,6615,244.9435029177216,37.7636514327388,0.030634526502998288,27.76970451419245,band_uncovered,,,,,0.0
39628438385986444,2.249409953241136,76.11909455787617,6787,179.33269173078946,27.891142517134984,0.021788406698343293,34.43627827254448,measured,0.43229721887569333,0.8438742743843909,-3.4298087959058132,1.539500856840589,
39628467452511657,1.90712265582939,88.16628095846391,6857,350.9169557901679,29.169392100463934,0.02079772133560478,38.07285092866129,band_uncovered,,,,,0.0
39628330202304911,2.302135385586065,57.24179252301034,6895,244.5025525600387,22.95250684034049,0.015053747616292603,17.891838838134415,measured,0.24427426557726414,0.8352506073052193,-4.924802847732959,0.6353167284311293,
39627779167230002,2.218561582340614,61.341711373892835,6920,28.68151548580628,-0.1298955073165734,0.01851280728349744,23.578994990847782,measured,0.2933441829155724,0.8487902053344358,-4.628716853490529,0.9705712803819835,
39627797949317886,2.454940012385039,53.30112465428359,6939,68.03669092717465,0.577271608628488,0.012582037670874296,13.924656021273446,measured,0.24807692039325216,0.8086881587030649,-4.67176031924844,0.7169845025140775,
39627979910809416,2.177889477252988,76.8128002282535,6948,142.52207441670265,7.908387116252928,0.006831392669658154,10.895319465421606,measured,0.24216288682857934,0.8551253318261225,-5.108020374979526,0.5894502957156964,
39627746380353763,2.8779478898820936,84.73949900926573,6967,234.48294571729585,-1.7151822413226594,0.011331172313881225,19.936910433144305,measured,0.3508136049329082,0.723476781800853,-3.10552647389954,1.1129696714618864,
39627693309827779,2.149887453562442,88.18462173597693,6980,309.6238891078668,-4.118928066635231,0.02055088390515815,37.628809992371394,measured,0.009436306528472408,0.8593902721151938,-7.082949713222678,-0.05712370285957227,
39627766592700811,2.223633100588883,88.18695378161728,7100,359.0072166850218,-1.0112025763994563,0.022232046944956837,40.70810759767977,measured,0.22606198857069518,0.8479885931847577,-5.1827217051171885,0.5668279787968157,
39627433107784304,1.9829409589528288,72.00379055064762,7114,62.78035353141789,-14.84978636983024,0.029907356775466316,44.71266062569349,measured,0.26527843870107104,0.883188218870455,-5.149248168078199,0.3337030106820544,
39633278105291650,2.547220166764987,58.96439835983942,7207,134.15160751215663,52.10742629137204,0.013519352778381103,16.551710978763737,measured,0.06437100268133035,0.7915307319569771,-6.05966441063039,0.14426659138193465,
39633221385719344,2.3714596709093754,88.54983798581607,7238,277.1535535224595,48.22313320245277,0.016484737584692676,30.308673608215713,measured,0.40123621738975074,0.8234879610801282,-3.518764530753146,1.4304166856290426,
39627666491441417,2.408170468747683,76.50425478255269,7256,147.41935852409048,-4.948437495454876,0.020190634682344145,32.072490256901936,measured,0.20600440782805304,0.8170648089377752,-5.092170009247685,0.5298070917624973,
39628517578641704,1.926094111894924,25.54390718317366,7258,214.57569037556047,31.659233898541164,0.014243186864961094,7.554254663532801,band_uncovered,,,,,0.0
39627647122147299,2.397187752488653,86.23118372954856,7273,68.87874808528962,-5.855321336182379,0.015704197601929,28.117533477995686,measured,0.14013127469691777,0.8190004612574319,-5.657243221337618,0.4059866556263202,
39633020432419255,2.155988823550296,59.24959279983,7292,210.47429339742916,37.00342387936347,0.012101705373788957,14.8877499941326,measured,0.13280341574455845,0.8584676974654857,-6.047202347674394,0.2660869974652651,
39627779305640794,2.8466436769541374,78.52884085434073,7374,36.887610751611255,-0.2663700668795423,0.02101453799748358,34.264638580906436,measured,0.1294204172137844,0.7303355237649808,-5.007625887926637,0.2732362801497557,
39627643498269406,2.2625675618699126,91.65106780240352,7412,212.01064669174755,-6.098667521110673,0.00892951082845453,16.992697224238874,measured,0.18976226397120788,0.8417483942669676,-5.433217752464664,0.38944014534571325,
39627875795599635,2.4242907943981575,94.27061986194823,7470,29.0462669457994,3.745819693518963,0.017368682436967778,33.99698152661898,measured,0.29009785395439797,0.814202009867417,-4.367534632608493,0.9142231934044669,
39627755733651843,2.7224998240406375,70.67338324937799,7514,71.9164952542492,-1.1498279408352692,0.029967398312601982,43.97461484099247,measured,0.23625502059088563,0.7567001302301242,-4.337042580326988,0.4066918730944353,
39632930829503491,2.0503063324583772,80.17395458785111,7557,202.42278819015755,32.41429085275669,0.024603687661815695,40.95723525146152,measured,0.4228216234690223,0.8739200831915682,-3.7591538310212163,1.6139404880584265,
39627624313524430,2.6597146429555587,90.41785543959512,7638,142.47204144133082,-6.649998903502149,0.030280948562088246,56.84873423443798,measured,0.4442175923606791,0.7695068868507583,-2.71074412075066,2.5653848972990243,
39628019400179931,2.1362682550538175,90.4254216333217,7681,2.0437559817867017,9.737708877895084,0.021424821834577307,40.22581790767253,measured,0.05279327276502593,0.8614361123218526,-6.738690329640223,0.06632983938041834,
39627772699607196,2.2796921826635086,83.90914400870388,7693,3.003437741897436,-0.4069897079174193,0.018169236265443343,31.65505590349516,measured,0.3053106044243695,0.8389555045946754,-4.447040834752549,0.903041036985688,
39628104628441448,2.430510842613528,81.25795805313633,7718,140.23337328669837,13.18408069683706,0.01666819783705166,28.12235414162241,measured,0.5936987528402962,0.8130905155329412,-1.8282646891053753,6.507605100073354,
39628037670572338,2.8643919278160506,67.08029367569112,7770,27.163492386849985,10.506130677563126,0.017795644478821412,24.78596304752292,measured,0.10739745606734273,0.7264570236036912,-5.158829729469571,0.16580441873211887,
39632954904809915,2.5640526180867393,76.71870331454512,7799,111.85291604903162,33.8318978213285,0.013442633036485529,21.413256480575736,measured,0.4609806461047361,0.7883120055702115,-2.727761328878962,5.344339553099936,
39627661223398279,2.084772778362882,82.98452173246147,7869,192.65379222424875,-5.296645480218352,0.01551073042671407,26.72553864868327,measured,0.3407870442216614,0.8690034440871756,-4.401803332212618,1.7977681695790564,
39633221398303703,1.95639912752173,99.79156798426878,7904,278.3838210299547,48.26112257909321,0.023042607696288346,47.74441696952455,band_uncovered,,,,,0.0
39628088354541242,1.9356450392984488,92.96576174251558,7937,226.1907309809902,12.618609106868888,0.02887330808035204,55.73354898124914,band_uncovered,,,,,0.0
39627706358308828,2.317280089344788,64.93516490509343,7941,8.502529004805877,-3.1841107613593698,0.019777015204298438,26.664768465136667,measured,0.36029015702273237,0.8327219831574234,-3.936931884455759,1.3107985737876406,
39632981224065690,2.145566592968366,57.4045988939175,7984,207.64770738368523,35.04817678012231,0.021094593380331136,25.142876771222475,measured,0.38714204526594764,0.8600413579023544,-3.9408276053033893,3.789978929908853,
39627570731288608,2.011884905412125,53.26758176106936,7992,161.1266675329883,-8.897038346408344,0.02737894093386432,30.281455623650388,measured,0.642578839262091,0.8792613153741409,-1.9723539676004154,4.618514483681205,
39627890974788904,2.49213946375916,99.53229962551433,8017,215.220455847393,4.358329335893261,0.02690861555963493,55.60995121248492,measured,0.07952401225878494,0.8018717265117581,-6.019564285441444,0.1518251184522866,
39633154155217535,2.423113362836504,78.63363617759897,8040,253.85509459617364,44.327784985695665,0.016461388098028804,26.876451896932235,measured,0.06407196767473745,0.8144119806453972,-6.252833441422165,0.1666940551088584,
39633154096498704,2.191222163232029,56.01943046738516,8066,249.09216047084652,44.14465532324526,0.03133834674386639,36.451205227746804,measured,0.32634217005959726,0.8530669507444325,-4.3893731723736265,1.4197229400968931,
39627874470207826,2.3094635723425543,85.77476098150689,8075,310.1489398987165,3.615293796662771,0.02676184735774774,47.66205106154218,measured,0.11562233685990662,0.834029933517358,-5.986729972145429,0.3185680824378428,
39632956842574405,2.7672424456757865,65.69540766008943,8096,250.2284437374214,33.774338255253795,0.031178235978171275,42.52885334045703,measured,0.280542511818125,0.7473549152865131,-3.8901033622365677,1.5089248473995245,
39628444547420045,2.308208221318973,40.9967742274223,8127,235.21245085660897,28.2981048409753,0.03275932978941051,27.885717034433128,measured,0.26013429715268477,0.834239422613699,-4.784209378841785,0.7394748964904568,
39628304096957265,1.916840187137406,78.5446995469997,8136,3.221754205761538,22.031395938542257,0.019843728023338066,32.36214284710731,band_uncovered,,,,,0.0
39633062144771630,3.822162393769084,66.11289283170055,8137,121.82996852090749,39.19346850757315,0.013055698686055672,17.921873217412823,measured,0.4664445729120391,0.4881813626283057,-0.1811399143022215,2.7433801214737183,
39627427076380206,3.5041569170776308,82.55403934926495,8153,51.14668749206278,-14.98084891999531,0.031088173672467773,53.28815197752886,measured,0.25747619120556015,0.5717766229681615,-2.619170264688344,0.6015726515706739,
39633011167201939,2.8337821036173994,33.61198276307157,8178,242.23326225700364,36.61592972575791,0.03014085164210502,21.03520618393916,measured,0.43180475459856427,0.733129412021889,-2.5110388118610394,1.8455736816038586,
39633432220795221,2.101102956436554,88.58857107171784,8187,118.3505111759334,63.87654550958488,0.02445691945992851,44.98591639034635,measured,0.30938333087719283,0.8666324751784192,-4.6437428691768865,0.770833323452505,
39632962135785532,3.4862107873750268,96.78294717853709,8203,269.6994579328703,34.02917615081798,0.024893888424638088,50.025184993882505,measured,0.2888071145191068,0.576419178660748,-2.3967672011803436,1.612705258078853,
39627679334402589,2.111667573893468,77.08650751127841,8208,195.1559013679771,-4.624673599996498,0.010096985161648062,16.1609620243473,measured,0.14025375526885595,0.8650843760907724,-6.040255173515971,0.3192352480422295,
39628043706175288,2.4805803076849404,57.27894591915875,8226,32.49722317340411,10.766494560467686,0.022735728728706044,27.039647013376417,measured,0.11273344176923722,0.8040043581589049,-5.760590969913898,0.2089846025819975,
39627642319668088,1.9254453475777409,60.30328453368651,8361,141.379759977454,-6.090071438726441,0.02134143081077777,26.72154852436888,band_uncovered,,,,,0.0
39627893734638317,2.0134642091528323,99.32451769608316,8400,19.824909434310335,4.550455515390949,0.03311624337127254,68.2959030987678,measured,0.15313542157984703,0.8790446576273913,-6.049243633729535,0.16869780068888302,
39628203530127266,2.053579572382783,99.88140421769592,8432,126.72832828939508,17.37572275839838,0.021194662608890583,43.95499841737847,measured,0.270692412127008,0.8734582522113402,-5.0230486673694354,0.7233065458054632,
39627930267028551,2.3461184775271247,67.00114254487808,8449,44.57667767315008,6.110298381300861,0.022782427702033786,31.694166213471384,measured,0.18917257041253804,0.8278434784839683,-5.32225756726192,0.47269227335797237,
39627661030459743,2.0667469581773115,33.39850374716505,8456,181.1054515708897,-5.29405680544752,0.026981999660578522,18.711054559551904,measured,0.35279343699551297,0.8715896274701123,-4.323301587288327,1.2324944899828632,
39633442794637071,2.2251125806608187,72.0502380735285,8469,130.95887602305262,64.95091609130331,0.023176033334367605,34.6714215856077,measured,0.2377188660848645,0.8477542567829734,-5.083628255817575,0.5835070955700797,
39633090804451412,2.0245991616725383,77.1220740931174,8527,185.44130340555225,40.84581003177936,0.02302926513248042,36.87702709336344,measured,0.5861254267173578,0.8775100722544824,-2.4282053794760388,3.166797713677415,
39628390696751556,1.9297353754166493,65.66850342541095,8529,237.81242137884993,25.684914814402173,0.021464849526001084,29.267261570068978,band_uncovered,,,,,0.0
39628092867612070,2.326883834689972,99.16683862607644,8565,141.51432969058052,12.76195739889411,0.02915016627936651,60.02119345455617,measured,0.25555259244906803,0.8311065914350201,-4.796283324882934,0.731038757160712,
39633415967869971,1.9928476562019748,51.46555883315504,8566,141.67448611238285,62.41761390535091,0.025347535594107577,27.08629201499771,measured,-0.018263829009899427,0.8818534895002151,-7.5009776542509545,0.12727429749558553,
39627936269075847,1.911541716213707,35.50568971842988,8575,43.82075560144409,6.1733045484868025,0.025230788160788224,18.600554559163047,band_uncovered,,,,,0.0
39627789980142790,2.617566147695663,81.99934257022706,8609,313.114204288973,0.0847220938324352,0.030437723686831376,51.82265538806334,measured,0.21052315299291002,0.7778990148434347,-4.728132182087706,0.3442076519901073,
39628258710390025,2.1321968153062945,67.22950283285543,8744,352.10844155094753,19.849614245400577,0.006891434206793822,9.61981312892772,measured,0.19975163416360645,0.8620440973038956,-5.51910385950241,0.3174463662083407,
39627993269669756,2.3377252942501867,64.938226042379,8856,226.3879082134959,8.53906516915467,0.02775253272048625,37.41968831167904,measured,0.37264641602044085,0.8292719143124508,-3.80521248576675,1.3906880840476785,
39628535433793264,2.1029939732967033,53.86442046107999,8859,29.281626912110177,32.77393275243488,0.015287242482931309,17.09732895430148,measured,0.3034039519780366,0.8663561944524857,-4.691268687287076,0.8927301869838591,
39632961213041583,1.994442504101428,96.00410466233028,8947,203.72855789557877,34.06940728480544,0.023646358708597,47.13583413509385,measured,0.1748080138951601,0.8816377080469145,-5.890247451264621,0.3100349633462508,
39628318890263970,2.4587929164095232,70.08318567840855,8979,234.13309374871497,22.489449333072148,0.014363269939232428,20.900865913213394,measured,0.46590523992450245,0.8079884600732666,-2.850693501239702,2.842370048184339,
39627837187033810,2.177403670205311,50.03095216274622,8980,246.8461027600543,1.9161689856163484,0.03025092779352041,31.424949538834955,measured,0.06935392224103126,0.8551999961374523,-6.548717282470175,0.14498062394149677,
39627902827893238,2.45439850071769,48.83614644809686,8995,203.55613228770807,4.86920846271733,0.021955188745942367,22.262589797547086,measured,0.19271699250436025,0.8087863816900966,-5.133911576547804,0.41791519917479963,
39633457554394074,2.2632031883190353,50.25081784545509,9029,94.45820011501536,66.60048460803762,0.013839574309771329,14.439860182691001,measured,0.3907281559829006,0.8416452552071846,-3.7576424935357,1.505337637443398,
39632991860821333,1.9673829625516637,88.71214819915251,9063,262.56029327595377,35.37983365036049,0.026825224535835388,49.410993196517964,band_uncovered,,,,,1.0
39628255891819589,2.8302978624075825,82.19060168345342,9074,174.10064120766242,19.82713067380366,0.02215199156210928,37.80350421474554,measured,0.34782436421976426,0.7338838483084079,-3.217162367405364,4.723423958602906,
39632970948020082,2.6372617913238927,82.63291529914322,9083,183.7678931726884,34.613373731629544,0.031711938530488315,54.40928110848767,measured,0.5371779060396524,0.7739981794947887,-1.973502278792802,3.7588613635659898,
39627724674831950,2.080535067001381,86.75303413928783,9089,20.65588241900621,-2.4194742190210974,0.0176355337131263,31.766575694540986,measured,0.20758887102356577,0.8696143537202429,-5.51687902247231,0.6128640357984749,
39627701320945130,2.059602333248558,37.55958757343859,9114,67.76471291958643,-3.4021875903784022,0.01522052966389168,11.869917553881816,measured,0.26523646128118283,0.8726056908462309,-5.0614102463754005,0.5967998113348523,
39627926399881682,1.9006877963596147,35.26126169126146,9193,173.20993853818942,5.721394884096162,0.018045817550220028,13.212090254888787,band_uncovered,,,,,0.0
39628439220651402,2.324388493964018,81.87742439842185,9217,235.47466525843785,28.111328689971383,0.03321964824078397,56.47501096605152,measured,0.18925305045221505,0.831527206908303,-5.3522846371340655,0.4252098808580559,
39627956653395415,2.477106687050836,94.70625798044776,9238,185.96671806947515,7.081589704711008,0.0030454401891591284,5.988607826696504,measured,0.17089230336943723,0.8046426751015278,-5.281253097767421,0.38334739191060757,
39627983194952004,2.3583848446982434,80.38548063626757,9252,340.0556435869795,8.069962880137238,0.024973943807485646,41.68327799701045,measured,0.10949373665917657,0.8257432019250812,-5.968745543882538,0.18877852329878134,
39633144759978034,2.3564819314390486,85.93496218678048,9285,197.7910110808026,43.749938028421504,0.02423676715709773,43.24557765489935,measured,0.28148929124545335,0.826070008115872,-4.538172640586822,0.8046801700186694,
39633024601558063,1.9217997572462904,79.89431667437448,9333,161.4703468408625,37.20134531379171,0.023966580239987226,39.75750094748992,band_uncovered,,,,,0.0
39627799358605653,2.0810361120803686,78.78756778352042,9397,152.1023048714145,0.3817441098327098,0.03243910825802029,53.066900533276254,measured,0.4034220185257164,0.8695422165509827,-3.8843349835438863,1.4268205518687282,
39628210178099358,2.209577739344782,84.867846961271,9501,181.6806960299389,17.7385295173911,0.01430322840209676,25.20428490187242,measured,0.2961111790670574,0.8502038548309353,-4.617438964698983,0.7506432057643095,
39628507340344262,3.276550559474965,71.88233574864688,9524,220.15602012959752,31.354825607775545,0.022545597194443098,33.6496883222418,measured,0.5681635635969132,0.6296351259836053,-0.5122630198891004,4.078837325234495,
39627737605870692,2.3222711805893614,66.98212593497276,9539,71.46937350829204,-2.0775206010423792,0.015317263251499144,21.302826273649007,measured,0.22144547731441028,0.8318836129250403,-5.086984463421918,0.6424292593827419,
39633034009380479,2.274303554142468,96.26522089368682,9540,145.78602244292895,37.83935430375815,0.02191182541356661,43.79707353235808,measured,0.3239829609891213,0.8398375239231662,-4.298788024450375,2.3232552612649107,
39627805566176009,2.9011759193948214,99.81685479443762,9552,162.10050148370632,0.8584775218946585,0.016117817079974707,33.40467307082238,measured,0.6064447701671056,0.7183345775837097,-0.9324150618050336,7.908447241511094,
39627636598641747,2.8249459964124712,99.90968465455956,9588,158.86733312895277,-6.18938347008273,0.007438479322918791,15.430815198179028,measured,0.12775172099344567,0.7350406460004165,-5.060741041724757,0.2207070413276382,
39633364763805109,2.405453518715407,78.66440591971761,9602,123.94513829534328,58.28436692607863,0.026571715823484793,43.40052550681824,measured,0.2234673326381826,0.8175447733956736,-4.9506453396457575,0.5888313109455228,
39627729997399406,2.798615406578364,45.28511053240915,9651,337.8005466397059,-2.4300166165317196,0.015844294521912224,14.897913919953421,measured,0.2652654530980412,0.7406958818640855,-3.961920239717036,0.6010148691082613,
39633175592304743,2.935072134997291,91.84761882305948,9669,252.5754853898183,45.40614134389723,0.030080810104969352,57.36599773151392,measured,0.3078168014333682,0.7107512598281351,-3.3577871532897245,0.8783605855291955,
39632975377206231,2.1136468733743157,86.28160816924044,9692,143.838362965086,34.73151993204465,0.027252186577689023,48.822128173722035,measured,0.3030897832092079,0.8647930928327543,-4.680860913529553,1.2662400151921283,
39627647105373816,2.968151924767906,35.09309801857622,9705,67.97174851153711,-5.7482350829183435,0.013789539695491607,10.047744905741512,measured,0.43920582093234134,0.7032616328144528,-2.2004650990175953,4.935386816008911,
39627649156383462,2.839553361840867,45.084915477823536,9876,190.58387595939652,-5.763724650342814,0.022005223360222093,20.599380644677055,measured,0.2527932218356535,0.7318774834367711,-3.99236884667598,0.6498498572301206,
39628479813129461,2.337239630715067,63.49947651725586,9889,117.50057649808736,30.007357148867793,0.02757240810907925,36.353143002007606,measured,0.5452099116885781,0.8293543537597663,-2.367870350593235,10.730048425643623,
39628015923102041,2.5816318657391624,73.10021080746282,9902,152.16997916276551,9.47117418229774,0.026294857624470327,39.910445425283655,measured,0.23549391378567666,0.7849214405264209,-4.578562722839536,0.604904996023631,
39633034047130187,2.0216510426484224,67.73257782551923,9925,148.71433541784816,37.67110371804551,0.01689168578083442,23.755693896439006,measured,0.5547313697076689,0.8779175720876441,-2.69321835316646,2.797199776702163,
39627787178348559,2.0831104748638594,54.77564072543971,9935,146.2211283868635,0.0575838021315882,0.02173837208406357,24.723594170307305,measured,0.15970255537117597,0.8692432963183405,-5.912839507893039,0.2119977757799947,
39628175075968302,3.261342062146253,63.77101145281337,9975,156.66795313959466,16.12760895804642,0.022215368740196927,29.41534546583535,measured,0.2508900226895769,0.6334095027872018,-3.187662334146874,0.5949275372970162,
39627866933039470,1.9487552113267053,52.44558174483165,9978,220.23259764013395,3.1352732021287206,0.026558373259676867,28.920613347763428,band_uncovered,,,,,0.0
39628415917097319,2.120787079354022,73.84084016172613,9983,112.26954183029764,26.896595401203825,0.026515009927301107,40.652339635597826,measured,0.1948126920605117,0.8637390411621078,-5.574386242513301,0.507469966541554,
39627618592490470,2.6019461241105777,45.92954221404202,10007,159.1526070152189,-7.124445160326048,0.027398954779576212,26.129026789126414,measured,0.5410054311804999,0.7809666120221745,-1.9996765070139553,6.583886602711038,
39627859664308398,2.426693634600904,98.07819715509768,10017,146.6090602767367,3.058042923181209,0.020073887249024792,40.87907653326531,measured,0.04796477703371131,0.8137730869115384,-6.38173591564856,0.1687747115833001,
39627872100423069,2.0665637655566655,61.85461086284037,10018,168.7317607135234,3.5977285464891535,0.029517086784084476,37.90903182973875,measured,0.07211912897324187,0.8716157436355343,-6.662471788852437,0.21776510613758737,
39627866324866038,2.0988903013100844,81.0036476113687,10030,183.9725646578976,3.292442264316574,0.019300018548165078,32.460815322825304,measured,0.4727171352358884,0.8669552930275283,-3.2853179815969993,2.1124702808744944,
39627733537393293,2.063188834245505,69.75198166671717,10031,188.87134102671996,-2.3083954888052776,0.023319465895302812,33.773204638417276,measured,0.16204578225506613,0.8720962783968688,-5.917087467848355,0.5350774206712987,
39627815754137825,2.2495561334651573,99.1033912157332,10049,49.261427667932935,1.2276049725566802,0.02375977050096437,48.890882784605616,measured,0.4599811344359168,0.8438507515935373,-3.198913476313504,2.087306074466726,
39627605091027183,1.9472475000171867,45.556776717661606,10061,68.84262780443748,-7.41046552762706,0.03029095548494419,28.65253708807914,band_uncovered,,,,,0.0
39633132281921582,2.2845046991894815,94.99727574592984,10088,257.04580624774496,42.960560337089476,0.02638491993017383,52.04320732693415,measured,0.07484698954652315,0.8381653188774976,-6.36098607775812,0.21373847644822772,
39628304029846960,2.160766787698849,62.94534287469363,10094,358.816717643395,21.777088101154575,0.026184781473054936,34.22233822415305,measured,0.41674327624760155,0.8577426205723875,-3.674994536039883,3.7692880351646414,
39627580961198225,2.7275720094230556,76.782831925251,10115,57.770327301811705,-8.393923821194152,0.031294983411490625,49.89258125800063,measured,0.5690351911085614,0.7556497805296445,-1.555121578509026,3.618679361776409,
39628390528975557,2.5241119234006755,60.643211581804195,10146,226.55628874560944,25.78932792415088,0.0221119638706855,27.842397579797144,measured,0.2774180729434598,0.7959049945261052,-4.320724346522044,0.7035963349691439,
39627636703495230,3.0619173530335435,56.53240330039034,10171,164.9735799723256,-6.136904344942567,0.030494429583015063,35.79439978198424,measured,0.45182067360133543,0.6815738131123417,-1.914609495925052,1.9741822899889634,
39628193811923532,2.1381688751531733,60.13011749014794,10203,241.15453940981533,16.918553055315172,0.030524450351582896,38.10983133017815,measured,0.47390827121421003,0.861151724443465,-3.227028776910458,2.319601574065427,
39627557288545373,2.5860421270662792,67.53351524011781,10229,69.99823486084217,-9.474505054358538,0.01663150578657986,23.321047264941935,measured,0.15948363863160786,0.7840661818641738,-5.20485452693805,0.30616997926681466,
39627791653672360,2.076839948256519,81.66578359788753,10253,52.99528451902526,0.2995677585198362,0.02360299537622124,40.02251505439619,measured,0.04734078006039211,0.8701455773609199,-6.856706644171065,0.04500864785592287,
39628019165301832,2.2123157039063273,84.37199154098242,10321,347.9792197225118,9.524853027953416,0.02154156926789666,37.737468192558424,measured,0.31687074604797943,0.8497738834759178,-4.440859478566153,1.1772260208166636,
39627889477421273,2.075170214223819,71.99391911724324,10416,125.75953742115884,4.292319972082628,0.014399961989704224,21.525551307377754,measured,0.2357403672476089,0.8703851765834391,-5.288706744465252,0.854323101989012,
39628285352609575,2.789988789185491,87.11773118467404,10419,244.54510977459637,21.04639636489019,0.031551827764793205,57.072671374607,measured,0.3165243438813032,0.7425355517498318,-3.550093398904405,1.0149756308511413,
39628528156675119,2.482425708482491,68.04889264235547,10442,236.6053032678968,32.12632455558433,0.03193876211522306,45.126979305439505,measured,0.11746116551035997,0.8036647641278267,-5.718363321812223,0.17576531504608522,
39627890471470894,2.0137697819630027,67.1316650937355,10449,185.0867445917941,4.189514682412587,0.005797343974543883,8.080786085369537,measured,0.44860733165506667,0.8790027088473436,-3.586628143268974,1.4805156064677303,
39628001129794173,3.67052913323476,73.46340170069865,10490,339.8905184236348,8.632152192604122,0.02476046278655883,37.76825448707011,measured,0.310256849873506,0.5282755911671692,-1.8168228441138599,0.7927342473394866,
39627820682450722,2.3019448967855056,95.22522699974616,10505,343.17670708022223,1.1522378162684976,0.015724211447640888,31.08980611465856,measured,0.0834013272388107,0.8352822656643787,-6.265674486879734,0.26227876379326504,
39627714411365160,1.9562555317142865,58.475049384862075,10543,128.7832000533549,-2.9731338110117003,0.03188872750094334,38.71728616234189,band_uncovered,,,,,0.0
39633158420826215,2.626457555615269,81.40493871183797,10559,249.0215934240446,44.580976206491435,0.030391024713503634,51.368066502769025,measured,0.3145517970117438,0.7761425425327515,-3.846589546008398,0.8923565993055609,
39632946474255317,2.144593535482997,86.66808509843491,10624,230.53823189566165,33.168711675418756,0.03170526724858436,57.05421589152815,measured,0.3513561909033574,0.8601877236700051,-4.240262773055398,1.176894922774371,
39633184110937481,2.232230200788728,93.56000785238405,10626,258.62807993539195,45.94346645451705,0.027118760939609764,52.68138863250688,measured,0.2167050961612196,0.8466238120296912,-5.249322632237264,0.4582852103900058,
39627724293145480,2.062463521401168,97.81478939203885,10665,357.7981743184224,-2.8435054409079332,0.022802441547745675,46.310876111796375,measured,0.3836579790611929,0.8721994025537466,-4.071178529104614,1.1469023274185695,
39628102409653972,2.2007319262108287,63.74671043937795,10800,4.553180986107103,13.174762334722477,0.013779532772635663,18.238511542022593,measured,0.12073929117747723,0.8515878521937451,-6.090404675135566,0.23129021987070075,
39627899342426419,1.993030349924126,96.70647548968805,10949,355.19835011192896,4.565273440658029,0.020577569032774003,41.318709101390766,measured,0.43540732305918567,0.8818287839788308,-3.720178840997043,1.0903834609710132,
39627690579330429,2.1102733483493177,59.276254066650594,10957,146.50691319216537,-3.984992338599641,0.01601441221046328,19.710102176048807,measured,0.11754765245599885,0.8652893212952977,-6.231180573660824,0.3733587938961423,
39628347138901157,2.307956516745284,82.24598744620194,10965,262.66844070461184,23.634255624649075,0.025991314297840008,44.3853942522487,measured,0.38222641478501695,0.8342814072774097,-3.7671249374366065,1.3364152479227247,
39627580973781571,1.9240213139193632,82.85484798589444,10970,58.527539797794965,-8.592053346856137,0.032982817733193275,56.74175986401157,band_uncovered,,,,,0.0
39627625110442001,2.2771135065245316,60.17237695475857,10990,190.24763807633624,-6.67828063962901,0.024730442017990996,30.89770113637312,measured,0.5426519848879562,0.8393779503398282,-2.4727163787656004,7.322132020044709,
39628439216460311,2.2886663468329784,43.37674081288498,11035,235.3740581265312,27.974484413380996,0.03193542647427108,28.762508461207034,measured,0.42160681531239147,0.8374801268041475,-3.4656109290979673,3.2268078048018474,
39628452172661291,2.2466437934021575,64.61403318824097,11216,31.077296957838403,28.63796166109717,0.017181886543656814,23.051267956451944,measured,0.17083786670221407,0.8443189897789617,-5.612342692306231,0.4075181148900787,
39627906187528259,2.5292333859815868,95.34994953937792,11293,44.20003072708791,5.003937247593733,0.025691106612161674,50.86281595813214,measured,0.572872716699401,0.794939987815603,-1.8505605926350173,4.477805130273669,
39628426797124943,3.2505515965848844,74.82745174991133,11301,120.22851431601732,27.50895858696748,0.017365346796015795,26.979974707296673,measured,0.34430521362208427,0.6360794310245867,-2.431451811687521,0.9736269943631146,
39627643091419846,2.604112401362793,93.67114229099975,11317,187.56624553114185,-5.938050367306347,0.02588790942832858,50.35005144702543,measured,0.42259347151374643,0.7805425601905914,-2.982909072307042,2.0897096983841035,
39632956838382966,2.546216818966984,52.30418022897809,11325,250.0936071726849,33.66521800997174,0.03085801444678105,33.5120889077003,measured,0.4908181518096507,0.7917217318789532,-2.5075298339108545,2.904084799386903,
39627468306387128,2.244774333137699,80.536372559591,11332,63.51269315895885,-13.368466429532958,0.030701239322037915,51.338726744616025,measured,0.3392567498894268,0.844619107131011,-4.211352977013202,1.0291680025471857,
39628483621552804,2.4209013564479065,76.94625414053026,11380,18.817072731803115,30.20969414865784,0.016334633741853507,26.09720550375049,measured,0.4422655020712291,0.814806075541082,-3.1045047789154405,2.3197371597581373,
39628276292912214,2.6740355619939455,59.8918861248555,11392,27.30807515973834,20.695164540266653,0.0091696769769972,11.40300064460959,measured,0.38584050833145245,0.7666177145301423,-3.173143384989082,1.3555551041066558,
39633445109891995,1.9284723934247792,86.37702143897974,11430,96.36885280131736,65.35210160048722,0.0216783305469279,38.87954554521952,band_uncovered,,,,,0.0
39627634858005022,2.343615933902221,65.57875497255729,11476,54.482681065194,-6.257587807765623,0.022091950024973613,30.081143479313845,measured,0.3889389570115738,0.828270123379496,-3.6610930530660184,1.6846597687033298,
39627707348158467,2.4473536144269685,71.98100425557166,11490,67.44902940769038,-3.3440675847019317,0.01480691018584597,22.12990070959221,measured,0.43963159477666164,0.8100615978499754,-3.0869166922776152,5.40373544577648,
39628075691937897,2.3302192845445777,56.65352920859107,11508,174.56668480579197,12.121644602911305,0.003275599414845853,3.8531407712572543,measured,0.3128530939867508,0.8305433932505332,-4.314085827198187,0.8464989624702871,
39633095992804945,2.0528286551238204,78.83025455442034,11517,233.326341352739,41.061878914934866,0.018679589331096515,30.574359994927047,measured,0.17953515333007491,0.8735642957663182,-5.783576186968694,0.4606992702966866,
39627521058150909,3.406351045856573,79.2526444811923,11524,37.313652697463354,-11.04140971686894,0.015650827346697295,25.754207168015782,measured,0.5252844065521473,0.5969269191717619,-0.5970209384967886,4.533923618250393,
39627859433622560,2.1093763471661098,93.25972558187104,11528,132.90743979378053,3.1204913688982843,0.028112781943300257,54.43711225878008,measured,0.2677405871426006,0.8654210736364867,-4.980670720782384,0.6166930553008857,
39633001063121851,2.468411952502114,99.9918700308562,11534,216.763849785923,35.93692786925025,0.02813613142996413,58.415244169966655,measured,0.18035967924691249,0.8062352429053805,-5.215629697153901,0.4496530719953642,
39627703158049703,2.7249585303321475,83.20556382491515,11541,177.37592116675617,-3.496610235130745,0.027388947856720268,47.317832092999524,measured,0.12321608707284269,0.7561912716959813,-5.274793205192822,0.2607597774314318,
39627611038551435,1.9504481352574852,72.2433897737247,11558,65.8704607215254,-7.363003807774537,0.030784630345837453,46.177368518425006,band_uncovered,,,,,0.0
39633489410130999,2.106267513109689,85.64530904257326,11573,132.31246679193836,70.12019813391962,0.012095034091884994,21.508384885488546,measured,0.36930816008415107,0.8658770779139668,-4.138074315248465,1.049280894797459,
39627769918783741,2.3442807876901033,46.184067385848245,11578,197.26037099436456,-0.754142333495104,0.017201900389368703,16.49550927958967,measured,0.22150672695401305,0.8281568371858234,-5.0554175852650864,0.5658333264378299,
39633225227700453,2.247825399242275,32.86861110389844,11579,260.9667888587482,48.48693159111663,0.01684832244845866,11.498339839235312,measured,0.18465746207951553,0.8441291171896539,-5.49559712591782,0.4617457940490701,
39632954904809310,2.5944271833667476,94.53320228970765,11588,111.81960217395536,33.82361089325187,0.026218137882574752,51.46160590897993,measured,0.19186451347437725,0.7824349969346529,-4.921420695502297,0.4513129651655332,
39628113906239102,2.3361069796959675,33.71213805404561,11606,347.7506171648075,13.622437801216911,0.022762413856321898,15.933153265446132,measured,0.45172957339902853,0.8295465250647617,-3.148474597214443,3.186691936590816,
39628161402540095,2.2902434719498745,53.758384369032925,11647,30.341707094837425,15.63628614407726,0.015077097102956473,16.82910661721771,measured,0.19714570893583616,0.8372200076352905,-5.33395248916212,0.4157266211855608,
39628462155104391,2.1146716345885936,73.63714747992663,11684,349.45022552851907,29.008254929321694,0.021544904908848642,32.941142675188715,measured,0.2429646848791584,0.8646421297139458,-5.180645373623229,0.6722174038131183,
39633158076892520,2.0727098269856534,96.69040206371896,11698,220.31668550499967,44.45211687337873,0.010754106429188422,21.590108165531163,measured,0.26702004406584223,0.8707377230969849,-5.030980658592856,0.7240768693241806,
39627619024506240,2.390341819768866,41.86947767766381,11757,185.20469125685435,-6.9621854030837635,0.018132544214971548,15.763527546448952,measured,0.14124932957542233,0.8202009622042947,-5.65793027190727,0.3234520744712728,
39628264196540639,2.0074191917192055,86.17101230035532,11803,339.4202015829741,20.039161275356843,0.029940713184986128,53.56985337225617,measured,0.3984726200303928,0.8798726075071779,-4.011666562306543,1.2487154241055638,
39628027914619131,1.907308088986979,50.930147255207814,11811,156.7899294605816,10.037436041256123,0.03235905287517273,34.21904266860391,band_uncovered,,,,,0.0
39628087171748176,2.140152965790116,92.2716839789478,11845,154.1593463018143,12.551759535942564,0.03166523955716057,60.66641705795606,measured,0.30194385398447254,0.860854460023149,-4.6575883836556375,1.0899966842850561,
39627748322313766,2.9241814319883774,75.99695398186776,11882,350.03792173360995,-1.8379573608334625,0.01213172614235679,19.143260343459215,measured,0.5245479060301401,0.7131979120784132,-1.5720833837356092,3.1063410129777154,
39628446942367926,2.2733496584188257,80.18824269495222,11894,37.127546792489355,28.481624342288654,0.03302284542461705,54.98222485499076,measured,0.2786518095103772,0.8399933552283648,-4.677846214316563,0.8196660317717974,
39627865762824288,2.767632950182127,98.31331412184744,11933,150.2117027711252,3.1364149471939244,0.029273584994589825,59.75652989623841,measured,0.3411039823117802,0.7472725637271029,-3.384738178461023,0.9339261917068696,
39633114338691828,2.966461478902222,80.95377859404948,11985,249.58614880650933,41.92986215378867,0.028593114240385596,48.06132126205139,measured,0.45549139429676316,0.7036464651101169,-2.067958923444614,3.1927076739845663,
39633044046350338,2.1551491616428966,45.56758568416436,12084,182.68322533866584,38.34880935289308,0.022895839494401157,21.662556706601713,measured,0.029886341059827362,0.8585948828292324,-6.905904514745042,0.04085513308265466,
39627569020014665,2.6600390185505662,78.52936945015625,12092,58.06855991664515,-9.12365433628915,0.028106110661396292,45.827902870233956,measured,0.4031418811258285,0.7694416565890085,-3.052498128859834,1.847951906300339,
39628220894547788,2.3006943541516756,96.45471498230955,12096,132.12491196365934,18.314473264598163,0.02108125081652321,42.219876558809325,measured,0.32672930189608995,0.8354900096916814,-4.2396725649632625,1.4034354317091675,
39627866723322446,2.1362226081377855,71.14682012209087,12142,207.6470463340116,3.2090068547415154,0.03242576569421236,47.900809874041734,measured,0.42589180721160025,0.8614429379644925,-3.6295927562741017,3.1107114658141404,
39628102644536188,2.2686313881313085,36.20726491994284,12168,18.96957845930183,13.345622572819089,0.013956321743090682,10.492133657814728,measured,0.17264013031336176,0.8407628018081079,-5.567688929122885,0.3976298066012217,
39627836536915993,2.253183178536647,95.64944412601857,12196,208.09069761477,1.9437424626854127,0.03251916364086784,64.5831077763733,measured,0.40442530452882347,0.8432664126849233,-3.6570092346341654,1.5449526824935385,
39627874772192620,2.5237012139864943,62.78924810780738,12211,328.0836810324751,3.437613907826751,0.028906664489871857,37.686029698429465,measured,0.13897681059470154,0.7959822718889324,-5.475045510785257,0.32819352502488486,
39633157883953306,2.1335150327486785,67.67637899721795,12233,204.12950291781584,44.5820331292747,0.00855258340088062,12.017982120702344,measured,0.2608411714383297,0.861847431058622,-5.0083854968357695,0.6506603398496873,
39627850709471699,1.9076404968406784,85.29037263777224,12296,332.9408850929486,2.4211096536517034,0.03291944055510563,58.297452830247785,band_uncovered,,,,,0.0
39627764206144246,2.305846850906394,59.672698319038915,12306,216.87915174693447,-0.9060046651513826,0.030384353431599672,37.64634322616367,measured,0.5636125262755034,0.8346330526277687,-2.258504386268877,21.86120693923014,
39627787534862882,2.676117473502085,41.53317660585416,12387,167.36462989377532,-0.0908461661598708,0.012818868178464985,11.054572494904097,measured,0.4521942511876814,0.7661961167474286,-2.6166822129978935,8.023443076798692,
39633005966265594,2.8138048538283904,57.09986889682049,12390,218.01728569225185,36.31705434097515,0.012625401003250056,14.968470086986956,measured,0.40521174247482283,0.7374408618602823,-2.7685759948788293,1.4491914182336725,
39627773140009612,2.138411007915534,72.23743542872454,12409,29.265031025050007,-0.449349006615528,0.022445527965883654,33.66582537719422,measured,0.20712769977545828,0.861115468316198,-5.449898071172831,0.45505149528481026,
39637174110390368,3.3309495596699703,60.400791370453575,12446,121.8475237304852,25.13843392978227,0.02070765902990128,25.969928616639187,measured,0.25788573108355967,0.6160309173814752,-2.984543219149296,0.6262277569938347,
39627872926696236,2.257530141188354,67.85079968140832,12502,217.8375046284176,3.490865847975222,0.032946125682721476,46.41479569993316,measured,0.05724361453027305,0.8425643483144716,-6.544339448201654,0.08326281105393224,
39627705653658672,3.592141163793646,59.7275354100734,12563,326.2357122315405,-3.619981965312343,0.027735854515726344,34.39642186609877,measured,0.46085283282998635,0.5488630602402857,-0.7334185617524951,1.969431250313305,
39633312200786911,2.7969543259427483,84.11560565278828,12624,267.10091997409813,54.12658428495086,0.02218201233067711,38.741340203208914,measured,0.12087312796421898,0.7410506223782449,-5.168145786783549,0.2257103223204534,
39633527637017277,2.281636636731587,81.28734188843652,12637,128.62013873322704,75.17517846198902,0.020527534418494277,34.646297722516344,measured,0.21411476188140902,0.8386365171737855,-5.204347960769804,0.5622592102346,
39632945996103954,2.6533836955593135,66.77985136618842,12640,196.44302650052208,33.18043523120433,0.03242910133516434,44.96529879953899,measured,0.6253731706896325,0.7707780458383521,-1.2117072929059967,5.002734990037637,
39632941373981904,2.144220827183642,39.79298357508044,12712,228.00580928012147,32.904560453742945,0.02292252462201701,18.93939371529363,measured,0.41101123607904644,0.8602437606751385,-3.7436043716341008,1.5291908852527976,
39628090418135846,2.0381914893451643,85.02771737990064,12731,351.8591700457641,12.375000059395404,0.013375920217445898,23.614639052633507,measured,0.42587551014357067,0.875620110752631,-3.74787167174217,1.5139603794472956,
39628060953152562,3.804706821387276,43.60758597852658,12747,358.3758433527709,11.32931562387084,0.021258039786978232,19.247856982948417,measured,0.28403509596320975,0.49280615302154285,-1.7397588088194424,0.6921300593368109,
39632990627693338,2.252897602740372,69.42636380458127,12819,172.4157828754858,35.53354911314549,0.03033431881731995,43.72761478395421,measured,0.39574153691473407,0.8433124686425758,-3.7297577643986815,1.74983013793655,
39627849090470599,2.2821162491429123,60.001703108462074,12826,236.45716852056407,2.404892567867891,0.013552709187900918,16.884446134111904,measured,0.3725645038277904,0.8385577784454598,-3.883277288480578,1.265247814933626,
39627925909144860,2.115284704992148,59.01707273244954,12830,143.65246962251257,5.827409749123756,0.01827597677590675,22.395222615919952,measured,0.40510270992178216,0.8645517646581146,-3.8287421228027703,1.40033680732378,
39628373328138716,2.158669084706677,63.94801204543255,12849,173.91842817187904,25.0743893649258,0.032005474934262694,42.4960384232437,measured,0.2900263790514316,0.8580612386468364,-4.733623829961707,1.2529137707275728,
39628514743291990,1.9174385882974407,88.09661594467745,12859,16.322198465852345,31.705928363927736,0.01956353418337162,35.785217526381345,band_uncovered,,,,,0.0
39633033988408909,2.161420850299047,99.90563190511352,12960,144.1849888447844,37.68678768874739,0.014550065832543393,30.182280517787813,measured,0.32741561085661697,0.8576431851991647,-4.418563119521232,0.8327904700883031,
39627649076692052,2.627975699765694,46.77575713022245,13007,185.8273945370081,-5.686919189326645,0.02614475378163116,25.3923270956352,measured,0.4509733342343049,0.7758418927852709,-2.707237987924717,3.583735972540201,
39627839451963976,2.7612643748852626,93.64795070758495,13019,21.980964667131317,2.167568241484319,0.01818925011115523,35.36797498422354,measured,0.5414998782360078,0.7486139084081302,-1.725950251434354,3.6584361991895316,
39633248942294763,2.3487439396568504,46.65754497592451,13067,261.0761685595435,49.932010925778734,0.029146830638414528,28.236466127113065,measured,0.041766183071777485,0.827395205021451,-6.54690851624728,0.15087175728955227,
39633248904548569,3.1862326065203037,80.43601990456156,13093,257.8021020693302,49.97041517071392,0.02809943937949233,46.92943762884961,measured,0.21451638274319396,0.6518503940051267,-3.6444500938494393,0.4452097384959369,
39633152578161414,4.32932217944943,68.23843472963009,13177,123.17135860851972,44.35806007472572,0.023045943337240325,32.652818014760086,measured,0.3351635539371701,0.3559542852184916,-0.17325609401101227,3.6828683975033703,
39627989301859971,2.305918596046555,61.789136025129366,13187,347.625995482492,8.151800205050998,0.021361444656489658,27.405634714353482,measured,0.4240561541569875,0.834621101266283,-3.421374559244129,1.9164737266311183,
39628066460273085,2.5805032558205423,57.10737534793255,13195,333.0749759054728,11.479928360331153,0.02615142506353512,31.00878015644169,measured,0.19646996536763353,0.785140007423062,-4.905583683795237,0.4459072343375756,
39628019383404597,1.9202466404422265,94.1274100167967,13220,1.1563042048133236,9.752450607043256,0.026284850701614383,51.37108580379318,band_uncovered,,,,,0.0
39627965960556191,3.018823105598032,65.77700418617246,13235,24.585274295355365,7.552331918537972,0.014336584811616575,19.58019080809148,measured,0.4736632838086653,0.6916236805981831,-1.8163366399126488,5.215167307579366,
39627743276567601,3.681375458430703,88.85012134606023,13251,49.39055306235544,-1.6706043157084034,0.02829290655470726,52.195457941225605,measured,0.5044508962680665,0.5254170639635469,-0.1747180641290036,3.3253497307529054,
39628176430729303,1.9071037641644009,51.01061729246241,13357,240.69407847831445,16.130870074782973,0.03327968977791963,35.24820212049669,band_uncovered,,,,,0.0
39627737568116862,2.182897133910232,80.3491662437401,13367,69.00236171929998,-2.064018348308346,0.03105815290389994,51.81483506968941,measured,0.13449954130780636,0.8543543155399883,-5.998789785268182,0.27088054425306873,
39627793436249904,2.487476173431953,37.78202800328874,13371,159.23064234656928,0.2359467412829567,0.029223550380310104,22.925317801082006,measured,0.1360551001603653,0.8027336634853822,-5.555654694375142,0.30297086332917067,
39628143564161886,2.6529286028024046,87.09271265709533,13383,9.61887934982967,15.05412620175967,0.01785902165690906,32.29509774638647,measured,0.1807959509234586,0.7708692776895995,-4.917277723051174,0.4412809203937244,
39627714474281919,2.077460929943443,69.13381560218524,13389,132.62688058106,-3.080555808510336,0.014950342746781175,21.460448696648502,measured,0.5204126066619569,0.8700563982189028,-2.9136982629745494,2.47301802170121,
39633030544884466,1.9013886195512144,81.07913074606833,13409,245.7084301414396,37.53424664749238,0.03011083087353719,50.69077665310982,band_uncovered,,,,,0.0
39627974625990519,2.048320811465328,62.888382590997544,13446,185.04131898721025,7.677646053387311,0.008746050576095548,11.42035309318426,measured,0.3157078894965819,0.8741997055773233,-4.654098467339511,0.7369167372851908,
39628424603501603,2.109017173818885,93.80596112035386,13468,333.08821449612896,27.226943516545635,0.021084586457475192,41.06696865279109,measured,0.11626626547840346,0.8654738067298854,-6.243396177095683,0.2955952768424953,
39633030247091712,2.731744104369306,98.71793072285703,13489,223.6575356384888,37.39663539550574,0.031158222132459383,63.86542906886132,measured,0.42871656855387247,0.7547840762880252,-2.71722923111794,1.7807073499899673,
39627673110053271,2.2788770446253386,60.25078787125895,13536,183.02405056360672,-4.863881408742211,0.01869293189490444,23.384994700335916,measured,0.08756972519323157,0.8390891149190112,-6.262661581048164,0.2598084024212877,
39627673323967771,3.0671094895478443,96.8157196933886,13579,196.0355869582995,-4.86850065850866,0.003068789675822999,6.1689340077720765,measured,0.3686216795136453,0.6803538027041707,-2.5977676932543785,1.105548085145563,
39627770136889703,2.340470318859747,97.98929610357148,13621,210.3298844282794,-0.6330791770967146,0.02474044894084694,50.33653720077083,measured,0.4448402580143791,0.8288055138008897,-3.199710464887589,2.895983551448297,
39627948172513014,2.2771205898633964,87.45756283748713,13624,37.40075972458898,6.869181996641556,0.03209220159901421,58.276572928684914,measured,-0.013918841501174435,0.8393767908427676,-7.110796936199517,0.030593049318521325,
39628057027286076,2.5598484836933757,41.50524289405746,13663,120.09886303249502,11.316917547861957,0.014910315055357398,12.849519912763876,measured,0.17527382300292657,0.7891184798021226,-5.1153721399933,0.3780307934193878,
39627648434967256,2.767863422611279,93.7758892084302,13677,147.59272128452255,-5.728494439117992,0.019156585987229875,37.29979338119234,measured,0.4701358954763244,0.747223954183243,-2.3090671558909888,4.493478064626638,
39627490997570218,2.083100591355149,82.7341025499244,13726,9.061862525938016,-12.237338104133858,0.02230876668685241,38.322800963662864,measured,0.1645914073820952,0.8692447215740557,-5.872110951599671,0.39779263618104754,
39632996080288177,2.971329090483142,93.4256846067763,13759,211.047283985402,35.77880870935348,0.02710875401675382,52.586342728270566,measured,0.13998891810080527,0.7025377412009296,-4.687906859167703,0.28410516617058085,
39627696883370940,2.4029457483673355,80.46618805743095,13773,162.8634963389441,-3.708360092468504,0.02228208155923656,37.22770889207287,measured,0.36774847864887816,0.8179871348998798,-3.751988802091681,1.279501543742553,
39627963355895674,2.535295989733939,70.19102754676285,13815,228.32156996962817,7.215655245514311,0.012998992789871986,18.944730208347433,measured,0.4849278609880759,0.7937943629865523,-2.57388751665397,2.11438213098772,
39627703648781912,2.1834082630396257,61.843103758077,13863,206.5966363112008,-3.4390666802737,0.02300925128676853,29.545468881793195,measured,0.18940165177132548,0.8542754764476531,-5.540615205636064,0.5908055626833604,
39633132076403451,2.7036871651685104,97.11643901332394,13865,240.5762665262578,42.943411579617354,0.024433569973264638,49.269346005838386,measured,0.29164321234060414,0.7605754409730432,-3.9077685719369923,0.7324568560858654,
39627630466566940,2.9332419877083047,78.97551903922745,13874,151.23877501143167,-6.536769676746054,0.016684876041811566,27.359779633980956,measured,0.4901005894722342,0.7111630795830343,-1.8421874175900004,4.759860864901132,
39628486700174823,2.3854622254412954,97.65142965806292,13958,231.0712344517563,30.28642885443516,0.031158222132459383,63.175457676564875,measured,0.023950390517307314,0.8210538016495004,-6.6425284261016095,0.11579622024840508,
39627575068198016,2.138229483407208,67.06402883486318,13965,62.490869126409734,-8.71295515821108,0.03295613260557743,45.89052258630183,measured,0.22620887031163317,0.8611426497242125,-5.291114828438161,0.6115896268682848,
39627942279512366,2.3607813236183155,89.06275314857224,14041,44.00392302660827,6.383428587519266,0.025957957888320195,48.002489516065616,measured,0.3893110486435602,0.8253311165097801,-3.6335005655518327,2.4412491852459697,
39628175503789220,3.0809261827422274,77.90559131605517,14078,183.30994904594368,16.300132683070913,0.025407577131243243,41.09878686255837,measured,0.4790328548884062,0.6770978355439626,-1.6505415054629704,2.3735010117147777,
39628021845463628,3.5987494606558244,71.22773071129609,14117,150.07013754541745,9.645951463011505,0.018049153191172007,26.69334876970493,measured,0.3600270428509105,0.5471330160465726,-1.5592164432971845,1.490849225645796,
39627824008531330,2.023911447443243,90.9250547044726,14141,181.4100788933052,1.551631716854507,0.019380073931012636,36.587785326988225,measured,0.3509160083579794,0.8776052078982568,-4.389076662835645,1.3112842891749938,
39627713404735582,1.972813873824253,75.95789603622703,14257,68.91169042167257,-2.942540225572265,0.03025092779352041,47.70992649210224,band_uncovered,,,,,1.0
39627563210904657,2.0786238862939332,89.86542719779345,14271,67.5135223633161,-9.19679943717103,0.03252583492277181,60.6901510612689,measured,0.26207105299495526,0.8698892824208827,-5.065151911882729,0.7062356165796797,
39627666990567193,2.3722309283794916,91.96409806135873,14333,177.3776857518341,-5.122687927520502,0.005683932182176511,10.853362913627425,measured,0.31027778224407937,0.8233543964798485,-4.275638451964744,1.146264500301146,
39627866735905885,3.1106611258141177,75.32125174278026,14349,208.43267824860663,3.3581573843145924,0.015610799655273518,24.414048374401283,measured,0.4450066898574396,0.6700449387839387,-1.8753187410541592,1.595282788651308,
39628079034796452,2.7502064921628397,67.98435128781539,14390,18.05800411437887,12.240222986615471,0.013946314820234737,19.686365509996232,measured,0.5306163430902858,0.7509343208718109,-1.8359831481793756,2.4700149314497732,
39633390990789179,2.566208607209901,83.41321896027802,14414,287.5141110765001,60.14336339851536,0.02481049740083855,42.97020979437325,measured,0.050659659208563794,0.7878977663313436,-6.143650892689832,0.0921194445072845,
39627847551159225,2.703737357692833,44.28613174189264,14440,144.6289319494419,2.5856622269968748,0.023436213328622165,21.550249964057173,measured,0.4547537294748953,0.760565144516734,-2.548428458681989,7.5388159820911556,
39628270794183825,2.3828034580764657,88.49588398447058,14475,37.849077971025906,20.60171687222015,0.029780602419291015,54.72095551238547,measured,0.25478256947006234,0.821517495063894,-4.722791046615264,0.7056398140587078,
39627599118336168,2.2718126859432592,41.8386356396342,14489,69.83596578975569,-7.845515018891214,0.015670841192409184,13.61341064268929,measured,0.09452619161782796,0.8402442474179462,-6.214317131667653,0.21323438353160895,
39627569217149016,2.060302561394977,90.68169652377296,14490,70.00024137651417,-8.892707246862415,0.01645805245707682,30.988117965328634,measured,0.3969445978677984,0.8725063340730277,-3.963014468376911,1.121283482222351,
39627670488616459,2.68201852011195,73.7875558720021,14504,26.42643197549427,-4.6984479235466035,0.017562149612182706,26.906544055053384,measured,0.13497963602225355,0.7649989473852149,-5.250160928024678,0.2206718954099987,
39627785555150640,2.350690623482275,69.64582896326327,14541,49.34410860027466,-0.0837396519945945,0.022869154366785306,33.07062020577779,measured,0.4203046912442583,0.8270623819746411,-3.3896474227531903,3.967221246792775,
39628103034602455,3.0078619794669863,55.92510123847594,14569,42.61494241003138,13.27892968430224,0.028616463727049467,33.22919846694336,measured,0.4760146776473808,0.69415783023173,-1.817859604869577,2.0887891544421455,
39627539370479674,2.643077871104957,75.98045890014842,14571,66.69487992211212,-10.187446012963646,0.03072792444965377,48.476612082803825,measured,0.3867707097504594,0.7728393001317165,-3.217238253177143,1.3288414825589423,
39627993001235745,2.552589098927834,75.17181871309784,14576,210.2779826259948,8.564918315784679,0.016081125029502912,25.099704472806803,measured,0.31920722561799597,0.7905070387822771,-3.9274984430356765,0.8728696821410555,
39633152771096895,2.2958382288723262,30.026222802795527,14589,138.93905562256475,44.24400896477757,0.03213556493138997,20.03474244173633,measured,0.09617392706160499,0.8362952367521386,-6.167677580754447,0.18220822512112853,
39628220923908539,3.1530305323015715,79.7528584685097,14634,133.99165183701805,18.15275892225771,0.014139781995449666,23.414564970029026,measured,0.5287525398867895,0.6598905119342484,-1.0928164337288244,2.622548576084201,
39627924260784727,2.060422350952315,67.786275493674,14665,45.03585329263211,5.785750595987323,0.022188683612581077,31.2298883602522,measured,0.28477991948694265,0.8724893319908401,-4.89757843753248,0.8567141383510879,
39627949556635227,2.222232706969795,85.8384710287542,14725,120.38615481972316,6.627722756155449,0.03099477572581229,55.24177100880517,measured,0.4236609737452004,0.8482102001675622,-3.5379102201863484,4.664390444072916,
39633114204473612,2.3192082962352787,68.30342862371083,14766,238.85351933266296,41.95134864327332,0.03288274850463383,46.63454428405493,measured,0.3919201071649203,0.8323983916608992,-3.6706523707998246,1.6041832073138362,
39628052895894676,2.469557930557266,89.46403171763248,14815,229.4696387850732,10.891845318289006,0.03199546801140675,59.433876132681675,measured,0.4427204806511061,0.806025764739983,-3.0275440340739745,2.0744997883524534,
39628517868048746,1.9343811975735552,73.4386534046934,14845,234.7768573390645,31.745239097017365,0.006721316518242764,10.24887447911717,band_uncovered,,,,,0.0
39628167261979182,2.5866665750702005,86.8922188626358,14850,32.50723363122392,16.0470250844217,0.027479010162423767,49.57686879848695,measured,0.14132971550913606,0.7839449359533563,-5.3551268370351695,0.26946415542172447,
39636588027712670,2.6138561316732187,87.79783455350287,14885,69.74109300683266,0.1303068284882996,0.02693530068725078,49.10240391310317,measured,0.6610688176896184,0.7786297113967792,-0.9796741142263393,8.416377135144314,
39628323613052743,2.4052103966591174,96.4631420832897,14889,178.83251296354044,22.68707634249276,0.02272238616489812,45.510589627862174,measured,0.09775600501842392,0.8175876865618901,-5.9985973461955515,0.2815973880743947,
39627974386911395,2.431404318730624,95.07928806654928,14951,170.53824746481175,7.80277151440587,0.020494178008974462,40.45885119218195,measured,0.1498971421381883,0.8129305411307,-5.525278324937598,0.3742280984317902,
39628424926464485,2.8335168932461103,69.56750780996367,14954,354.81409778076636,27.23194001547916,0.03224564108280536,46.57732930238277,measured,0.1622336852495582,0.7331868741540822,-4.757943240871034,0.39563576076355755,
39627757876937281,2.130285896025179,52.22354200141939,14967,199.5275088758692,-1.2431639310960003,0.01914657906437393,20.76130436145924,measured,0.1701840622768258,0.86232887968928,-5.767873478437118,0.3574494003900545,
39628517633164196,1.9970875903393048,91.62449295201228,15003,218.15052766725225,31.694418302985685,0.011784819483350712,22.4197951733006,measured,0.45624858266755874,0.881279275041412,-3.5419224364487776,3.57590858523459,
39627833542181444,2.234259967282601,78.52883300498243,15009,29.515597667787052,2.073117400173744,0.020987852869867728,34.22112450816387,measured,0.32971387405173536,0.8463005038357825,-4.304888581533726,3.702791796344608,
39627605015528277,2.013093793014609,30.098209904900305,15022,64.23336367718987,-7.472491628889784,0.029690540113587516,18.554783296350227,measured,0.11208582623811729,0.87909549561638,-6.391747244818856,0.09581801722569948,
39627539051711192,2.603099434513937,99.38536698267858,15041,47.29757274966207,-10.31881355821236,0.010607338227301236,21.889003189719045,measured,0.16758133210812645,0.7807409053125518,-5.109663110036879,0.3459580702315865,
39627811232681722,1.9465035320558008,94.97472887772196,15062,139.95500084923322,0.9365066201714108,0.017638869354078282,34.78371209750243,band_uncovered,,,,,0.0
39628466273917812,2.045543358274672,63.41313688220946,15071,270.68536216146276,29.31489946712614,0.022669015909666416,29.847573215558036,measured,0.3692996034002549,0.8745901970009954,-4.210754946672838,1.1766051922806144,
39627758061487049,2.070435423993534,89.38798659053123,15082,210.5377742775713,-1.340486558706158,0.024937251757013848,46.28335863025106,measured,0.019093002880696295,0.8710630820316808,-7.099750659591538,0.12607342274150463,
39627794749065631,2.1969319458889656,65.46006798847856,15091,237.34708332039,0.1756178732542419,0.031345018025770346,42.603187916219625,measured,0.13100959896020556,0.8521799723301546,-6.009753111416242,0.21864272561376905,
39627700092012207,2.1201409084806495,84.65438966855562,15108,354.3180374858131,-3.727070858119325,0.018132544214971548,31.8717088792343,measured,0.4450515086588892,0.8638346406312742,-3.489859433103209,2.933864949283105,
39627769914594967,2.1378260862469607,88.76050039370445,15131,197.2496895419932,-0.8173401447566337,0.019066523681526372,35.138917706446605,measured,0.3617562069820929,0.8612030424101288,-4.1620569619003,1.3828765651314252,
39627634971248735,2.4028625344247616,92.87750804324725,15139,61.204448861133585,-6.308594343327841,0.026725155307275945,51.53804187002829,measured,0.6205655664759747,0.8180018028326955,-1.64530196963934,9.946040700022257,
39628247511600051,1.9225618734874856,84.91603465646979,15161,4.969559537126924,19.39451606575038,0.017712253455021875,31.22918464983358,band_uncovered,,,,,0.0
39628211130208369,3.0096632621937753,76.13639870806303,15209,241.25551796985155,17.75446187551082,0.032999495937953184,52.16710766793531,measured,0.44364500216412706,0.6937420076037152,-2.0841417119965677,9.257642956516033,
39627684245936016,2.3121993364641225,78.55076035280264,15221,128.6604241976802,-4.254362808105929,0.03265592491989909,53.26102301504915,measured,0.2677557673737284,0.8335728503256467,-4.715142357932653,1.012484512309523,
39633114372243796,1.9955803020247085,75.6512277111477,15227,252.0897927859976,41.96745198773796,0.03272930902084268,51.41027639906925,measured,0.3956875693508976,0.8814836111045732,-4.048300347947297,1.0610387170813105,
39627800239409760,2.670572971868124,61.06411371459976,15242,204.62082608492292,0.5507959336284024,0.022522247707779226,28.55583807245032,measured,0.4750202548810602,0.767318018256665,-2.435814694796707,1.8433626188950525,
39628391145543993,2.5352801426860156,73.27939266625654,15247,267.42741604018767,25.791724508209956,0.009800113116921708,14.911113349571924,measured,0.3675924412381931,0.7937973621742215,-3.551707674466903,1.26822688337599,
39627890811213312,2.180342333472779,70.37808242650212,15277,205.53335737809843,4.2780577631474745,0.023519604352421702,34.3688153719914,measured,0.06596413236703288,0.854747986798951,-6.573198786932651,0.106308237790808,
39627975863308922,2.4308400934388965,69.15512309123042,15341,259.3064089938633,7.760477689007803,0.02180174926215122,31.304936058280227,measured,0.08240629162214477,0.8130315732755063,-6.088544013778014,0.19132462765362115,
39627654155998442,2.3549648577513107,90.85361340657104,15350,130.01745247968233,-5.584799695293568,0.01684832244845866,31.783080802199,measured,0.5401031840137352,0.8263302912159722,-2.3852258933519748,3.1565132778822687,
39628000773276386,1.9348787309922464,53.738000363712736,15396,318.30612149855466,8.873158457015736,0.020397444421366998,22.75906321785106,band_uncovered,,,,,0.0
39628204008279419,2.317197561718223,71.24772473110006,15483,156.6134634826353,17.49178989800333,0.018559506256825183,27.455827656090175,measured,0.46253336420293306,0.8327358246223148,-3.0850205034948477,4.742001014057991,
39627741603039551,1.9834306220879083,57.86973020124917,15499,309.5613538711663,-1.9976517125896305,0.020977845947011783,25.20632149597127,measured,0.2316774348497256,0.8831224745844265,-5.428708664455841,0.4275196632727789,
39628216888985267,2.5871806277982503,86.92990898203927,15542,241.22446473135727,17.877476839033648,0.03316627798555226,59.86363485311312,measured,0.1678211853339099,0.7838450970254291,-5.133532597429327,0.36850881177795036,
39627640088299801,2.3198440418920834,98.79270453001998,15584,7.8569192545212205,-6.1186756615909115,0.01739870320553561,35.68936955778691,measured,0.12442674565348631,0.8322916192279493,-5.8988739464538575,0.2803381635543502,
39632975058439058,1.9146846803502775,92.06237359083669,15587,120.69051563891612,34.78761535344214,0.03211555108567808,61.38958087429663,band_uncovered,,,,,0.0
39627936273274079,2.1300057601589866,79.51436023499981,15599,44.21449449980576,6.1994631613005575,0.021294731837450027,35.157247489549775,measured,0.4195226722892004,0.8623705972556944,-3.6903993747207835,1.7022515112304635,
39628373269414907,2.2258947202089057,99.62998544008356,15603,169.88569385005417,24.93926395990053,0.025964629170224157,53.71175129535933,measured,0.12963912019195611,0.847630283914914,-5.983259697691316,0.2573309085616429,
39627835165379060,1.9486316039825915,98.54832750627958,15628,126.33380401714392,1.963100674965448,0.029230221662214066,59.8106453859652,band_uncovered,,,,,0.0
39628289936983365,1.932966429443989,27.22586219778158,15632,177.11960018844184,21.16242724085965,0.022719050523946138,12.843072706683866,band_uncovered,,,,,0.0
39633030045764759,2.072482185360982,41.882360387263155,15667,208.5235423460059,37.388168617695825,0.024617030225623622,21.407400303908776,measured,0.13709907859135323,0.8707703110692164,-6.113926937315527,0.17787359654501275,
39627823467466330,2.6854105397788186,95.99807775766332,15744,149.161358131046,1.452203995345616,0.027469003239567823,54.75232418313178,measured,0.5129536978063378,0.7643093399125747,-2.094630350885307,3.0143241800743454,
39627386119000523,2.948409984373272,69.11675548211369,15777,35.09275475628888,-16.733699233953907,0.03307955132080074,47.472278318537626,measured,0.13240693309690185,0.7077418769307366,-4.794457865281957,0.24865982829474728,
39633274649185930,2.3621217470660567,49.47598303791708,15843,161.86851661852873,51.86162561125072,0.02469708560847118,25.370981048148053,measured,0.32513444783118084,0.8251003746462735,-4.1663827234591055,1.3891477382949065,
39627854803109141,2.09105207031426,99.03328156069568,15914,216.81495612701855,2.85840987025154,0.026251494292094568,53.979930525064844,measured,0.23835369559497874,0.8680949162010467,-5.247843505050566,0.5385524477305222,
39628530153161752,2.4674040062641964,72.52990673863575,15930,16.8896270936396,32.38059061588886,0.01853282112920933,27.909738986245863,measured,0.07723863808059044,0.8064193830550317,-6.076506208120344,0.14870213846673105,
39628133908877687,2.400876111972699,88.31290078658232,15935,135.63407832580643,14.454932283284274,0.02972723216405931,54.50994537609536,measured,0.37307752985604126,0.8183517409034624,-3.7106184253951766,1.4918593972380956,
39627990178464964,2.098712985642023,42.84796734183265,15950,40.21871293032814,8.592441426929291,0.01826930549400279,16.25359313305127,measured,0.1286378986392772,0.866981141477229,-6.1528603569829325,0.32863730937073304,
39628054745580919,2.6467200936755537,92.72771580010728,15971,341.50580545368996,10.891622913999068,0.024290137412329434,46.76669239337615,measured,0.4309069714607293,0.772111958274639,-2.8433748901159137,1.8067248294496743,
39628015797272923,2.9045006130908964,95.11048272516628,15995,144.5700485747387,9.421610689304394,0.01868626061300048,36.90183046264213,measured,0.3483471783215754,0.717594914491879,-3.077064468085863,0.9856467697114278,
39628013230359968,3.4329384429488807,92.7535740193468,16011,349.68379315012373,9.25627053702155,0.026811881972027465,51.636295055078904,measured,0.3736473949179743,0.5901284345220201,-1.804008663367049,1.4173436851959438,
39628098546700875,1.9094752272276696,69.06977497762821,16031,128.42270495469975,13.046961071550738,0.03013751600115304,43.220781652096015,band_uncovered,,,,,0.0
39633035338975225,2.0045449389754126,70.48426470675376,16069,245.72331503574247,37.737584390432765,0.031174900337219293,45.62410615673462,measured,0.44920547070984296,0.8802650050404844,-3.592162786088679,1.481815209119908,
39628207154005326,2.6604034588768144,75.48692967848993,16074,352.7469336454371,17.46639446002825,0.023259424358167143,36.455901780172546,measured,0.22465773867924438,0.7693683578373468,-4.539255159650853,0.5089548708369898,
39627965037807137,2.2674550277018075,74.19030832225464,16125,329.1069820107508,7.351675387835469,0.028416325269930574,43.77359475828855,measured,0.24955754597465937,0.8409542920739879,-4.928306217494404,0.6698994887396272,
39628539875560602,2.0332853614775903,42.7576153631424,16158,343.27601310648987,32.75392407412239,0.022382150787796002,19.870665619933128,measured,0.2561453510136651,0.8763044093742206,-5.167992153004629,0.686208903958738,
39627957374815067,2.865598075997522,81.26819129810872,16197,229.2134045264186,7.005050310685863,0.0310648241858039,52.418744649517194,measured,0.5015184003294547,0.7261924802248045,-1.8722839991279152,2.3567907771760543,
39627642848150075,2.284562404571156,74.5778828304275,16268,172.99123616978517,-5.898059138534363,0.025043992267477257,38.78026147299069,measured,0.2741979060678191,0.8381558298968967,-4.699649365242315,0.975515857318015,
39627643154334298,3.9851483755539534,64.31908939024788,16287,191.3255145475788,-5.95919821770566,0.023045943337240325,30.77736951405942,measured,0.35952035951094613,0.44505067850340857,-0.7127526582705204,1.2153408153436325,
39627661638635881,2.946423911686668,65.11567284984442,16322,217.55765645840367,-5.256624680737967,0.02362300922193313,31.93874697407968,measured,0.5171265096841505,0.7081908889171015,-1.5922031602745912,2.2488161079763067,
39632996529082475,2.105925291476708,80.55058170936282,16341,244.1848511230305,35.68966201857043,0.027068726325330042,45.27241105038105,measured,0.00570958022000564,0.865927215860519,-7.168480297004278,0.11698443074726556,
39628199495204896,2.4661285370078843,57.26854180439751,16411,235.12338691558705,17.132184243741964,0.026961985814866633,32.06011846099124,measured,0.18169547068577271,0.806652253543023,-5.207973190477086,0.4506016434185396,
39636689420812860,2.255195460216782,95.47749164611336,16417,355.52002666772086,4.284996023597894,0.020547548264206166,40.734100622296445,measured,0.27078612096044713,0.8429416514937312,-4.767962754444035,0.7163980675816167,
39628522515335311,3.219774736608118,66.16009635920553,16425,200.11514491895835,32.01943272529763,0.01827264113495477,25.10120530494598,measured,0.6062527915990831,0.6436571867629475,-0.31170329303220334,16.097418896872515,
39628512482562895,2.1473452551368055,80.8929576446319,16437,218.61580857231613,31.529548894805114,0.02928359191744577,49.18494413651118,measured,0.20738280514144622,0.8597735685607871,-5.4365896951611745,0.556348468466211,
39633087109267970,2.3584060000327063,77.86671701703054,16453,255.76968032175068,40.52857894451818,0.03099144008486031,50.10611645942499,measured,0.3544095915069688,0.8257395666774935,-3.9277497930877057,1.403834473511027,
39633315778529248,1.944532176957226,59.969992297850425,16455,272.3302077259079,54.51142438497648,0.026705141461564056,33.252629823395736,band_uncovered,,,,,0.0
39627601093853992,1.9873517607019593,63.02532925686835,16468,188.6071634568273,-7.843633573158619,0.019513499569091895,25.53567887029375,measured,0.4767670076192337,0.8825951505327541,-3.381901190946003,2.9874024476754286,
39627778206732598,2.4611037465459145,61.1283827286846,16475,331.3722591745765,-0.5196293179413373,0.031091509313419755,39.462249007973035,measured,0.41478948860121106,0.8075681058673599,-3.273155143884574,14.777406745887946,
39627851288281787,2.816045825694637,52.31561058811096,16478,7.271221087217149,2.80367808629405,0.013499338932669214,14.663610684596796,measured,0.404742478206305,0.7369589358155705,-2.7684704800772124,1.214509482544817,
39628126166192235,2.044069804321107,54.14841767370651,16480,20.02238235487767,14.351388372681104,0.031198249823883164,35.07624730337721,measured,0.19026872423371335,0.874797056730184,-5.704402770803923,0.34881710085715445,
39633020604384597,1.9980926404135704,77.43815399960486,16485,223.24820062416833,36.919852870177095,0.029697211395491478,47.74938515699167,measured,0.7994003439019736,0.8811429000241545,-0.6811879676848414,22.141332179744452,
39627427294483893,2.1380909192409043,72.37073116606894,16498,64.63004868893718,-15.00960404502776,0.02893334961748771,43.476922691993444,measured,0.2985549834588877,0.8611633960410637,-4.6884034381848,0.9125118639831993,
39627562283962780,2.4390931945087635,88.06350790472396,16512,11.58855646329234,-9.274710357417048,0.02024400493757585,37.01600434072464,measured,0.5026931036273925,0.8115506090097206,-2.5738125448527347,2.2859260720176553,
39632955928219320,1.9903251613105164,97.73897253644596,16534,185.08810644024277,33.641378225371206,0.021588268241224402,43.81095264108087,measured,0.165528077016104,0.882194266677005,-5.972218247174175,0.3314335518992997,
39633049134042228,2.455108010497903,28.051716639823987,16610,208.65231778177557,38.44305962736447,0.01884303573774361,10.975073487182973,measured,0.05596201685317456,0.8086576802206283,-6.272463861395448,0.12105286584039311,
39628064556061369,2.5319940563580925,38.80599854908175,16612,217.45958860824967,11.472894222851188,0.026595065310148665,21.42876025860137,measured,0.25207829093161516,0.7944187567753372,-4.519503882031017,0.6737090995338715,
39628425463333278,2.954342179282514,59.1257830095185,16673,30.68010841262922,27.584308103577516,0.016418024765653044,20.15556298747797,measured,0.5532324453901601,0.7063988585121096,-1.2763867760162455,10.190351700185527,
39627802684687699,2.746585716104382,54.20040059744678,16690,350.284493414313,0.3855218498482218,0.03095141239343653,34.832134607956384,measured,0.5538998914731339,0.7516917357617146,-1.6482653690715054,3.0164739594563055,
39627797982875146,2.6430950290396056,90.61485996370668,16741,70.13866720390786,0.5240491897375108,0.015023726847724768,28.266642375898886,measured,0.34339300787645355,0.7728358766496213,-3.578690573109731,0.9227445831573307,
39627682882782284,2.032263122908967,54.25152013811326,16757,47.1045199125946,-4.132231546400639,0.030531121633486858,34.39155343328455,measured,0.19365184329525767,0.8764466879282732,-5.689957038608463,0.6020681476606237,
39633109913700802,2.5300223585285297,93.82615963425262,16799,256.2867439001407,41.83865787301643,0.02770583374715851,53.97495468188303,measured,0.3059148220167071,0.7947911004295892,-4.073968986774018,0.8278223727937334,
39628376087989224,2.0057707228022195,93.12615729702044,16854,354.90058950831906,25.11952008633416,0.03296947516938535,63.75009531592507,measured,0.350733347393536,0.8800977592924294,-4.411370099157445,0.6657497287356509,
39633025201342765,2.593079788174928,96.20912448835053,16884,206.1770708963652,37.14526711576429,0.026571715823484793,53.08025291142118,measured,0.2770138232410023,0.7826975637171177,-4.214031170634295,0.6758760145440028,
39627908263707921,2.6329265853336628,88.52379008202651,16897,168.2771691294422,5.048794737167618,0.027252186577689023,50.09085849826725,measured,0.1338592315902119,0.7748599242798805,-5.341672439080571,0.3230050369885079,
39627426971518665,2.2572772011189697,89.03914434973512,16953,44.55063813923058,-15.107313866536352,0.029617156012643923,54.75470616379748,measured,0.03715668914586365,0.8426052519250977,-6.712071356493618,0.13093196519819864,
39627947358818470,2.1053941421395432,29.779340214614756,16966,348.64620192487826,6.548847844408969,0.02130473876030597,13.173112670645214,measured,0.47603642957541775,0.8660050098415039,-3.249738168884051,1.9626800138904148,
39627576401989139,2.4542742230329035,57.48939299878152,17040,143.00980082893918,-8.720386916555261,0.030210900102096632,36.0618921145104,measured,0.6150241789759571,0.8088089199296121,-1.614872841280459,17.984885928328666,
39628134160533224,2.2496835717407877,89.48356741798425,17080,150.97552368238172,14.413858646166751,0.023309458972446868,43.3084464241128,measured,0.4200319185557136,0.8438302429360026,-3.531652703169075,2.3030040450826808,
39628010738944277,2.05586759764282,39.007167590615246,17094,199.36522350100455,9.32807919657343,0.022078607461165686,17.88188164893859,measured,0.19794476066133113,0.8731347934877314,-5.626583606886669,0.5242965419801775,
39633348468935311,3.9582283237999794,35.071107175717934,17118,120.49007474264631,56.910266304172,0.027128767862465708,19.754983336977325,measured,0.2282179762687401,0.45215771402180077,-1.8661644812755056,0.5792603992698144,
39627850529114192,2.495889063555183,92.07813381772226,17128,322.05880644933853,2.4959358441339607,0.02515740405984463,48.097162474989624,measured,0.019578034836639904,0.801177129630219,-6.513325789946493,0.06904843767502733,
39627527039230006,2.4588627753974017,52.42740974482284,17147,39.90548449252903,-10.837917128407828,0.01584095888096024,17.243959322658,measured,0.3669722441378971,0.8079757599936545,-3.6750292987979782,2.0981859016168887,
39628519424133345,2.134383587967837,82.34794451614889,17167,343.39931257310025,31.64202156463763,0.021928503618326517,37.493750220705174,measured,0.36377413290091676,0.8617177550686347,-4.149530184730983,1.1013018450805787,
39627745407272065,2.334010721955689,84.61259866594499,17176,176.29649841236477,-1.739715559642774,0.02704871247961815,47.5202539439312,measured,0.42521598244578496,0.8299018481582424,-3.372382214270479,1.8935928954495858,
39632980347454617,2.9155723300120475,76.90574197481905,17193,143.86838069749288,35.00778714282694,0.02126137542793021,33.95058363530248,measured,0.34255384656713844,0.7151252020856556,-3.1047612959876427,0.9555274952834374,
39627936281660251,2.4320352014983913,41.77330126732494,17366,44.64609873550301,6.173212809265829,0.02463370843038353,21.366122627216352,measured,0.4458920461958355,0.8128175357997132,-3.0577124133656475,2.0443466818870113,
39628154695844298,2.0428359228293367,51.7986697274971,17527,335.967078472551,15.246301067475455,0.024433569973264638,26.27862602227483,measured,0.2814229400180807,0.8749701044433896,-4.946226370210908,0.6570711135706268,
39627907571649475,2.074998094277965,81.22935926490936,17535,126.99785365063276,4.995181834353098,0.02857977167657767,48.20242684907719,measured,0.3978974656044505,0.8704098591666406,-3.9376032796849176,2.025652877417635,
39627725236863956,3.171607397075158,45.689075893583066,17546,54.036388561596674,-2.6049104588059135,0.03203549570283053,30.39071685743871,measured,0.056336959633215535,0.6554007465657519,-4.992198224437804,0.1272849212054919,
39627973556437450,2.12412804684676,74.01075031003516,17596,120.5187861956379,7.659154564791813,0.03335307387886322,51.25400350797286,measured,0.2097712363746824,0.8632440847316097,-5.445607069641061,0.47660958658564984,
39628078451785972,2.3827168441412536,47.21986372057614,17608,342.39546623126205,11.99833352573567,0.02392655254856345,23.45859400477837,measured,0.5530132365469119,0.8215325888424241,-2.237661269129268,6.72228700783567,
39627624699400586,2.1836278316078936,54.77714692402245,17665,165.60398623533456,-6.717157173389592,0.030594498811574507,34.79684536100467,measured,0.19377758839633394,0.8542416010355475,-5.503866771993446,0.4961305033279428,
39627958897345538,2.725327588107106,83.62643955089135,17676,320.51257668099055,7.122915396313917,0.029403674991717105,51.055477498856,measured,0.3786904435789483,0.7561148435005002,-3.145203332679599,1.8247848606821109,
39627694836552136,2.321937347245151,95.08693906644002,17679,40.68677493535956,-3.634169564933995,0.0229425384677289,45.29595886698972,measured,0.053219872123621156,0.8319397659008148,-6.489332448143281,0.1338454054958135,
39633020881210409,3.1303955269198904,53.42575228433416,17728,243.9510643514862,36.99530143651475,0.030851343164877084,34.223296859989865,measured,0.08720437589019812,0.6653303567219094,-4.817716506930927,0.16572634411566686,
39632945710893360,2.416140397093192,92.32544515792068,17742,176.30693843111607,33.31594395083007,0.031211592387691087,59.83212928879035,measured,0.046305872677869,0.8156526524716012,-6.411223164947769,0.07954506495751314,
39627802827301818,2.4058402503873175,62.23150969650325,17759,358.9783511121202,0.5705740667328153,0.022745735651561988,29.390531917710273,measured,0.09767578746867499,0.8174764997904981,-5.998339269348526,0.25718998059459025,
39628408749032838,2.6989507178594168,93.97253192165518,17797,354.51124463566396,26.43519743305848,0.030367675226839762,59.25289801363354,measured,0.30934606737848963,0.7615460348565589,-3.7683330623172444,0.816073341230686,
39632986680854042,2.1031706818758624,47.801561866951346,17869,244.58422642458095,35.16789740086319,0.029356976018389363,29.13738193870152,measured,0.22485260016769995,0.8663303587315696,-5.345647988032248,0.5079256174049323,
39628278603974081,2.6552180799668226,68.94278298198742,17907,174.4730144560534,20.772650273114944,0.023069292823904197,33.023280530484364,measured,0.4632390529564803,0.7704101133526888,-2.559758836635071,2.46502151832261,
39628424939046179,2.6216181995476924,69.65083931011877,17967,355.5762141193809,27.3244680031046,0.02474044894084694,35.77923511454758,measured,0.3420474864728862,0.7770994682506605,-3.625433181481452,1.4099504303775943,
39628491779478394,1.9506087738800832,96.61240686117948,17994,221.3647884141836,30.402119135663085,0.02961382037169194,59.405199837487245,band_uncovered,,,,,0.0
39628057060839115,3.4756088621584693,49.94714788496572,18007,122.13223251741616,11.186292585008864,0.03229567569708508,33.49285668036181,measured,0.3869153870021963,0.5791562986100013,-1.6020075967317082,15.734822601514344,
39628514344833272,2.2224737244913904,58.19067635462794,18020,348.54267006558234,31.49493656730442,0.021144627994610858,25.54762752575477,measured,0.5254880023807081,0.8481720741118962,-2.689033931093234,3.041385394897943,
39628010357263371,3.0019157409615165,59.43248462155876,18088,176.34510283314486,9.155731117531571,0.009646673633130558,11.904155578333553,measured,0.3574777379759136,0.6955287583086953,-2.8170918361065147,1.0503914373457692,
39627654965497561,2.9776260722789862,29.555679448286796,18104,178.44464680005962,-5.426695327876769,0.019276669061501207,11.8296000312808,measured,0.183068945984983,0.7011006955041205,-4.316931245992812,0.3253539176492517,
39627907689087717,1.9823488836294565,73.79215511586996,18124,133.9052704660753,5.00068896899764,0.028146138352820073,43.12470468763905,measured,0.3939691542531856,0.8832676818028309,-4.077487729580377,1.1687450750140633,
39628442987135438,2.0973556398559507,74.14814565309598,18191,129.56652849631143,28.146484409521197,0.025164075341748592,38.74167494706574,measured,0.21282394650683345,0.8671789062278826,-5.45295799767541,0.3964186746288496,
39627803565496624,2.6392432400916546,85.81618911025467,18199,42.97834852923016,0.688664319768035,0.029270249353637843,52.15461798050945,measured,0.390040484179489,0.7736037232434615,-3.1963603255331043,1.24300905289906,
39627823442299911,2.0211242063248585,93.35335832864224,18220,147.62902938181566,1.5664267267343408,0.024857196374166293,48.18137737273078,measured,0.40047891281080716,0.8779903023619964,-3.979261579593244,1.4228155257065997,
39627652864149333,2.3206053762463883,56.81392659605755,18246,52.5457413693439,-5.507144833918619,0.013912958410714923,16.412374361148178,measured,0.39567536458689306,0.8321637011009364,-3.6374028042836946,1.3681603646449596,
39628296534626777,2.0921538489492852,44.68305627079714,18287,239.01402198137907,21.39569601483757,0.02719548068150534,25.23113178094816,measured,0.2656958485775715,0.8679350969347885,-5.018660402976808,0.761713264998283,
39628029558789189,2.6391271224498807,99.39556808315469,18288,256.22823927989356,9.907300070029637,0.021611617727888274,44.60170069783734,measured,0.401666896801258,0.7736268494799351,-3.099666272322309,1.4213927771496686,
39628421390664480,2.495639665834309,76.69115411030424,18301,117.97263191267264,27.322469391951188,0.026378248648269865,42.00377785195092,measured,0.3290996214446457,0.8012233720932088,-3.934364588738026,0.9364313467236985,
39628326549066382,2.060605941171077,19.001550002226185,18309,8.379511226219194,22.89769568074316,0.015340612738163013,6.052417206730469,measured,0.486557529413898,0.8724632717145213,-3.2158811858385277,2.454330402573152,
39633179178437637,1.994506810684325,87.78538559725176,18318,197.79111730102588,45.65490073447511,0.028196172967099795,51.393655488506056,measured,0.1285721305947394,0.881629002143452,-6.275473929572605,0.15816942101730241,
39627948172510931,2.760286794243865,78.19641761813453,18328,37.29943415046201,6.838922550822779,0.03069123239918197,49.83085133233295,measured,0.27984391625691674,0.7488194860944535,-3.9081297486461395,0.6888730657134583,
39628036919788910,2.5137438966450545,76.83119431267998,18340,341.5432313682834,10.17855950437258,0.026434954544453552,42.17093925137834,measured,0.2597993442490106,0.7978507870859348,-4.483762023641036,0.5604364771124369,
39628070591664303,1.9258212907360657,80.13643710383352,18448,224.3003461680563,11.86218076255275,0.03092806290677266,51.461195537415065,band_uncovered,,,,,0.0
39628400482062752,2.094108337895983,98.91057454987126,18474,165.80725667436286,26.22924779785082,0.021838441312623014,44.84990054943239,measured,0.08663623345882285,0.8676512882039091,-6.508458789542385,0.09166692903593435,
39627827573691338,2.5967125904047252,75.13239780325414,18544,33.89562336852123,1.645179385938667,0.03020756446114465,47.12377589898358,measured,0.5744778987752034,0.7819892449155843,-1.7292612178365077,4.955198479421766,
39628192255838869,2.461207583858925,36.211754613549076,18590,144.37661449929922,17.11071700507873,0.027652463491926807,20.791246056309106,measured,0.35179159894459894,0.8075492048919012,-3.7979800495608522,1.384257131699472,
39628315841006457,3.769746849363469,55.13619077405646,18622,37.714133738518306,22.39715837290064,0.03208553031711025,36.73187536529977,measured,0.30745560259990745,0.5020646989769971,-1.6217424698090808,0.9903457054015985,
39632934759565749,3.016422948748451,84.93468274170999,18627,119.6754434310274,32.83840720795122,0.01669488296466751,29.441882122668726,measured,0.20003459138219956,0.6921793582777619,-4.101206390796353,0.4755885388380249,
39627682949894168,2.2036023196001513,53.28643759488004,18663,51.251313539389166,-4.14156864776274,0.019770343922394473,21.87399119889837,measured,0.25656054730023786,0.8511396191112283,-4.954825598424921,0.675957476307268,
39627714411364786,2.6067576560292345,33.97604274179484,18668,128.76630841330655,-3.098599424152075,0.022982566159152677,16.213188615959808,measured,0.4148829303933686,0.7800241441951608,-3.0428434483482683,8.049535428020397,
39627667460330080,2.406633772772751,93.03199109237262,18672,205.5546954387104,-5.066145423942069,0.022165334125917206,42.815766182117734,measured,0.34183830724967335,0.8173363648846743,-3.962483813625008,1.0502471262615793,
39627630445596776,2.353703367993472,47.80462490521606,18683,150.02028524161318,-6.4033644887824925,0.015760903498112686,15.644012222636336,measured,0.3932973148693815,0.8265465489668077,-3.6104102841452184,1.433656700356251,
39628501887746993,2.3944284162206673,51.99466914590885,18687,201.01561391188872,30.93690336110584,0.022278745918284576,24.05175001821687,measured,0.1135850279642474,0.8194848981997102,-5.8824989186288565,0.24896883345497217,
39628272924887114,3.769026545311181,77.27207621896113,18766,173.17360785030695,20.46014763576469,0.020173956477584236,32.367621192728976,measured,0.43967317121112426,0.5022553786615694,-0.5215183954203766,3.877956445918362,
39627836645969277,2.1240754985165884,23.049672056555575,18787,214.65258351584987,2.041319506893114,0.025561016615034394,12.23319772202786,measured,0.2374013559656382,0.8632518783098782,-5.215421019535333,0.5134707787287167,
39633145020025800,2.467718719348456,42.61504012640729,18788,219.2927158893595,43.7021484920596,0.011024293346298926,9.754629628167377,measured,0.4587072966522731,0.8063618993185033,-2.897121688885252,2.4131931719441972,
39627883500540977,1.900197557642253,70.98102290951188,18812,129.14744141283907,4.043554824130947,0.02900339807747932,42.74528911824288,band_uncovered,,,,,0.0
39627456235177989,2.629286593537289,46.17366896431559,18824,44.027966617189875,-13.68715919739982,0.023132670001991845,22.17773905742118,measured,0.5268691186672084,0.7755821118944642,-2.072608276893799,4.363580445668595,
39633039646526318,2.057307246448552,84.01079531697657,18840,210.28186297705363,37.882874475771,0.024753791504654864,43.17913585832948,measured,0.1505259598148111,0.8729310022702128,-6.020042020461681,0.31114166446117286,
39627667342888204,2.323731114441911,66.70078806291593,18853,198.4468140748565,-5.096790716809362,0.022779092061081804,31.547467140512925,measured,0.1905333565926198,0.8316379112471526,-5.34253795545444,0.5359222950998278,
39632976723577047,2.375043228414375,45.03236064741952,18886,241.1838647313713,34.66980131813632,0.030444394968735338,28.46617947293862,measured,0.31047296531257756,0.8228668665714959,-4.2699491771576525,0.959568527256044,
39628412205142092,2.350988175746036,83.64283573689622,18899,224.96346710762896,26.635714510571574,0.03031764061256004,52.652775660481815,measured,0.5273595291898295,0.8270114763305082,-2.4970995595056555,5.5910056622478495,
39627426984104956,2.277693248326348,59.826974283594225,18906,45.445483119833725,-15.030608937475414,0.03150512879146546,39.1359085301881,measured,0.13107671505678803,0.8392830336582733,-5.901719321679044,0.27642335978782684,
39627872964445464,2.7831778828702234,46.208412415845146,18975,220.1095701753309,3.611668894062243,0.02813613142996413,26.994951621018302,measured,0.4307473591170058,0.7439833968667678,-2.6103003145813504,1.54699252406288,
39627803326422200,2.8205204559194716,83.64629093766341,19017,28.721866904343138,0.7883154022767539,0.027298885551016765,47.412049342478106,measured,0.5582825751178142,0.7359953559474782,-1.4809398402472003,6.95879985271884,
39628028594097378,1.9612337248868683,57.379031007882475,19026,197.8994513287924,10.113514095685456,0.031308325975298555,37.30011566535316,band_uncovered,,,,,0.0
39632981731576228,2.5747524086628246,82.01780198998726,19043,244.4196494447969,35.06720339141546,0.030524450351582896,51.982013845599,measured,0.504918843233018,0.7862518270323937,-2.344441531661464,4.5201480451779945,
39633071447739922,1.9613013261426524,86.84797270984447,19076,118.30733637214496,39.755263927180735,0.02798936322807694,50.471919895578495,band_uncovered,,,,,0.0
39628143354448284,2.27950923706291,59.07607589525938,19123,356.7585274906787,14.856599724753776,0.022085278743069647,27.09016476741171,measured,0.33693258109668955,0.8389854972513962,-4.183774301289222,1.0010217098342709,
39628034180911396,2.3032647101412107,74.46656396037142,19227,175.91432205719772,10.263907784327351,0.020097236735688664,31.07382998024302,measured,0.18503167504762397,0.8350628440250023,-5.416926408144819,0.4107827019798184,
39628037037228157,2.199172128649117,43.06048031431756,19277,348.5791379882064,10.242227527451906,0.029243564226021992,26.146062514284473,measured,0.06070066353779602,0.8518310785402113,-6.592753458353461,0.10992286247724722,
39627610665261228,1.9220288482116243,79.64825355266474,19283,43.502454763469586,-7.355736412941138,0.030657875989662155,50.70087359205333,band_uncovered,,,,,0.0
39633077063911069,2.285051396198908,82.62215324578143,19323,193.16889738713937,40.08033658127545,0.026338220956846087,45.18352064637309,measured,0.186237427002282,0.8380754074751372,-5.431983170607127,0.49403929813616154,
39627450451232026,3.2277733846624383,92.18245806449852,19334,48.97074880723681,-14.117138328816992,0.030911384702012754,59.16486343044888,measured,0.48874046271223476,0.6416932134854455,-1.2746062564434228,2.1576117293038743,
39628028015284623,2.3217374147992973,25.995926919897823,19338,162.97281802274614,10.092139017073212,0.02636824172541392,14.232578915596946,measured,0.5426472764309817,0.8319733905153758,-2.4110509507032845,5.411307026678614,
39627930271222733,2.30341481412317,65.8484823235045,19353,44.80802807985005,6.11766013020244,0.02740229042052819,37.46534674794834,measured,0.22224646643011242,0.8350378778689239,-5.10659509532343,0.6164043584177679,
39627600225634027,1.9633395369556792,57.8936212066709,19358,136.45591891186103,-7.703601123686505,0.031184907260075237,37.486275606703316,band_uncovered,,,,,1.0
39633348468935311,3.9582283237999794,65.44841378079019,19379,120.49007474264631,56.910266304172,0.02741563298433612,37.25585414493246,measured,0.2282179762687401,0.45215771402180077,-1.8661644812755056,0.5792603992698144,
39628517087904177,2.107284662389548,98.0017487051968,19384,180.02284934347085,31.82987896840547,0.02581786096833697,52.53529855686501,measured,0.33325245186189456,0.8657279889030024,-4.437296142009232,1.195597354850788,
39627678914970543,2.032343682983712,54.02887403580686,19399,170.0126920135475,-4.396349157453376,0.029006733718431304,32.540323551559986,measured,0.3331136528639114,0.8764354790844158,-4.52768188517087,0.8662057200347316,
39628252809005168,2.6080067972296512,54.34386177684225,19441,339.20697599226594,19.45807416770634,0.032645917997043146,36.83634265282561,measured,0.19919095580292848,0.7797791074064907,-4.838234596696353,0.47218239297335163,
39628235931126826,2.578624983630579,50.911959243276904,19451,355.6838784611275,18.696967568041337,0.032929447477961574,34.80978780068841,measured,0.3862482622182808,0.785503484271403,-3.3271268504426854,2.0687735562599228,
39637321124942103,3.2224707235583656,96.36487411634526,19453,16.78596250260473,32.32311377704338,0.019530177773851805,39.077077542495715,measured,0.3155957138581595,0.6429956499568508,-2.7283328008224275,0.7814378753412746,
39632946092572984,2.877531969881835,97.37990780646862,19462,203.30633637862303,33.13674466861909,0.024713763813231086,49.96954243591815,measured,0.19543469540937305,0.7235684494544125,-4.401114617041995,0.4017698800676482,
39633063809911989,2.367408590341302,28.29595001590487,19516,249.77512052809575,39.28393427801316,0.030431052404927415,17.878800294704117,measured,0.022856502463896086,0.8241885440804904,-6.67776701347162,0.017014172704376163,
39627497851064092,1.9763417189734376,95.97909328971224,19540,66.77336498590518,-12.039013366002596,0.03291610491415364,65.59673184515621,measured,0.34278508541047986,0.8840719497767735,-4.510723869719113,1.0063169304579196,
39632986152372336,2.1135134828838535,98.3920233918166,19558,206.1355761058137,35.16890430568036,0.008132292640930948,16.61383954962575,measured,0.32240331988289583,0.8648127355631993,-4.520078464002529,0.8765943453112731,
39633054032987837,3.831264286558713,94.0743934244903,19606,221.3828243519811,38.79045043164324,0.032228962878045456,62.952774985537005,measured,0.32126660279199926,0.4857695953638613,-1.3708582714321835,0.8931616490197698,
39628523127706544,2.8671072961480517,21.738593368679723,19611,243.2116725048626,31.99421236907196,0.030941405470580587,13.965889378633802,measured,0.11448484921765954,0.7258612919957967,-5.09480368981781,0.21889773400189919,
39627409821010937,2.8049868237075812,86.3084135874798,19637,65.75087754611128,-15.762585461882614,0.03072792444965377,55.06599388220174,measured,0.15979836575699974,0.7393329664067743,-4.829455005414788,0.3486897444038404,
39627707444628072,3.778989421063251,62.43738848410853,19672,73.20209032451912,-3.210673407175644,0.015690855038121072,20.341756992859153,measured,0.47755754007358653,0.49961766423342285,-0.18383436799863606,7.932587709580907,
39633090879950753,2.344661015503326,94.35148777307091,19679,191.51274868064377,40.75084189209134,0.024049971263786763,47.11513461142852,measured,0.2562196275765706,0.8280920293007329,-4.765603347701353,0.6775875546379376,
39627671000319463,2.4508398318114453,73.11764081903347,19699,56.96275217682099,-4.718191021098395,0.032198942109477616,48.8833426366311,measured,0.4135307721948593,0.8094311582607253,-3.299169883882217,1.4105925826860832,
39627643695402865,1.9307808844811496,66.53479287678891,19709,223.84000556064927,-6.030093136177165,0.025767826354057246,35.59784569594553,band_uncovered,,,,,0.0
39627409821013131,1.98595118092054,89.38934587751196,19719,65.8450533165436,-15.719642650938392,0.0306678829125181,56.920234095379726,measured,0.3615713575715776,0.882783678390345,-4.343436006823062,1.1146175127188718,
39627930069893910,2.2439283644414156,93.52384759456046,19746,32.67800894698746,5.885826464309726,0.015237207868651586,29.588631532387407,measured,0.21805969027734437,0.8447548008255455,-5.222459254568343,0.6191301079990918,
39628139768316296,2.19698594384571,56.742339307073586,19748,135.8553067246526,14.654894424767976,0.03022424266590456,35.609000658749935,measured,0.3313314763774389,0.8521715684390611,-4.340334100513518,2.187989426920625,
39627703313236174,1.97930425825442,68.32652582165795,19767,186.5161840700007,-3.4767407083605453,0.02513405457318076,35.65734592920983,measured,0.2940856192607287,0.8836757564071591,-4.913251142886921,2.4020302051228906,
39627521192367092,2.3164910237937555,90.19561940853852,19796,45.41698253483449,-10.88722822335719,0.03114487956865146,58.32694407800812,measured,0.3858949426383096,0.8328542966429152,-3.724661283371714,1.7117492730240809,
39627826835493581,2.365419820469734,91.03633874589184,19858,349.9018447764207,1.5037216498826045,0.03035433266303184,57.37630735687557,measured,0.13233227312705526,0.824531877662912,-5.7683300377988065,0.34164991626559443,
39627763472139472,1.9876792509780845,81.01985674698416,19863,173.05905179566474,-0.9333030038712624,0.026131411217823232,43.95936972589865,measured,0.5317014964431247,0.8825510400571759,-2.92374619678376,2.5140744382335423,
39628393100088516,2.3422145234233995,48.9522195285555,19874,36.659435677856635,25.952094816472215,0.032252312364709324,32.78161661812323,measured,0.29683228415309415,0.82850876865601,-4.430637370857632,0.8510749395197472,
39627427130902272,2.749508163416115,44.93950952592647,19875,54.36067266677276,-15.051219971206775,0.03325300465030378,31.02818291753403,measured,0.4107718897166427,0.7510804927793753,-2.835905025522772,1.471584202759978,
39627938085208647,2.2696603488406075,59.332294610510694,19930,152.6308571356584,6.174826500104397,0.03125829136101883,38.50822504995972,measured,0.4826529667092087,0.8405951915524883,-2.982851873693997,2.865633319390088,
39627742810999731,2.0605123335579827,98.4751974634246,19968,21.593166666255417,-1.8128072980424463,0.018676253690144536,38.18684221045149,measured,0.38273969794189217,0.8724765595544448,-4.081140513437939,1.1842191072160535,
39627598644386558,2.002970256068043,82.9066510941117,19969,41.51798945011003,-7.654933641464941,0.029867329084042535,51.41417620859962,measured,0.12391817088481899,0.8804796358932534,-6.304678875070287,0.1951980807647093,
39627386509075084,2.7352955388088023,64.24658899703637,20012,59.418081609713354,-16.838118058944673,0.028226193735667628,37.65299397051101,measured,0.14546041443098265,0.7540459192319717,-5.0715458733415755,0.24011883840898043,
39633091592980588,3.152093316625994,85.85512001334732,20023,247.29976849196464,40.83375782990536,0.03283938517225807,58.54075766135824,measured,0.23224012621484147,0.6601164264693724,-3.5656358354544246,0.5224015789404182,
39632936596670564,2.9178255396746375,65.36791272157818,20024,249.5114431145707,32.863514670836594,0.03104147469914003,42.131224796603995,measured,0.2075481352143494,0.7146213652870957,-4.225610250606219,0.4191111494898447,
39627386261608023,2.0424596395088725,39.143605200838586,20048,43.991571009185904,-16.72154214255229,0.031972118524742875,25.985397138219408,measured,0.04680205123381182,0.8750228467267693,-6.901839962441312,0.1772557892904379,
39627949997033915,2.693302490030141,34.40402823929982,20052,146.68520020749992,6.688933902276737,0.03175196622191209,22.681775165088947,measured,0.5259047757235674,0.7627007834252664,-1.9733000641808247,3.6521732546200116,
39627684233351137,2.6844479703897433,59.10610748102321,20069,127.82183289770312,-4.247830661104948,0.03211888672663006,39.417580638968076,measured,0.37329361088262153,0.7645051408656156,-3.2600960831916175,1.2032599781965725,
39628439321317265,1.9365727235944288,64.44161828367152,20089,242.42169980460093,28.063571795702806,0.03279602183988231,43.88182961343475,band_uncovered,,,,,0.0
39627634237248400,2.6245132815139582,64.04175072267658,20094,17.25081620471803,-6.158446131409437,0.02963716985835581,39.409148091115895,measured,0.4610395273839741,0.7765272650885879,-2.6290644808717825,2.7850669547947753,
39628420191093223,1.946126109567843,63.01896830898242,20096,37.64968918832356,27.170260513996897,0.01695506295892207,22.185428309252494,band_uncovered,,,,,0.0
39633349731419152,3.0684920450571975,70.0263023104803,20170,257.77019920887693,56.918752681427854,0.028876643721304024,41.986051168699625,measured,0.47613736152875424,0.6800286125198839,-1.6990937582594139,2.062004194161073,
39633121611615479,2.6472858490016846,94.91129845116892,20183,113.2361117816533,42.40280772821509,0.027098747093897875,53.40282705793147,measured,0.4537476607321014,0.7719988671467879,-2.6520933867890544,4.495599463397249,
39627908129493568,1.9275420562419217,88.09970702941953,20188,160.42467551717883,4.995434808304439,0.026868587868211148,49.149197123116544,band_uncovered,,,,,0.0
39628023074393471,2.577054710247955,75.58330754879438,20212,224.2688320727698,9.751442516333183,0.02875989628798467,45.13467610568271,measured,0.18994413532873566,0.785807099391261,-4.965524700521045,0.4185068778177675,
39633039185151642,2.1708421665621667,86.26862580204663,20224,175.42774204698782,38.010227410278695,0.02206860053830974,39.52981624237479,measured,0.19599731625065092,0.856206117475124,-5.501740010203942,0.5847798002251753,
39632986156564926,3.052046460925562,95.92557855637104,20228,206.32466639859692,35.22094852592978,0.012635407926106,25.16638385236284,measured,0.5179630451844763,0.6838878208257816,-1.382706463677544,2.4595011673097846,
39632996701048738,1.9209711283164372,99.2237431083126,20230,256.7160215694635,35.63727296825905,0.02342620640576622,48.26304219258024,band_uncovered,,,,,0.0
39627979579458860,3.3249368672331605,73.44514427162773,20280,122.56525388448806,7.941458954744999,0.029510415502180514,45.002385376030865,measured,0.5149458265264816,0.6175422869522741,-0.854970503548271,10.259599863768447,
39627468306387283,2.023503267060505,74.03566452980402,20302,63.519990873713226,-13.1389361028918,0.028656491418473245,44.05154215454782,measured,0.459186047267728,0.8776616517110758,-3.487296703694565,1.6130809680199405,
39627926177579374,1.9367238531765665,73.15432200177987,20320,159.68282706588565,5.713421265062812,0.02785593758999768,42.311156108948865,band_uncovered,,,,,0.0
39627923103158207,1.913664429090265,49.77948289091136,20331,335.8376671350489,5.523900520512415,0.009329787742692313,9.643157633271976,band_uncovered,,,,,0.0
39637212123366110,2.127039376000295,94.51375154424646,20335,119.83964076503906,26.893617130416423,0.026468310953973367,51.94196221252104,measured,0.19652561923270906,0.8628118651381044,-5.552385382544961,0.40102966765795983,
39627908884463688,2.52811910733634,80.26344938530713,20340,205.3234134942223,5.048704441295531,0.023486247942901887,39.140699524671625,measured,0.3260859750842408,0.7951501611293964,-3.9088682170429636,1.0389822070649162,
39628453611310966,1.9221026949837257,65.27748016430402,20395,128.94940726218482,28.771329689108,0.025571023537890338,34.65840842325266,band_uncovered,,,,,0.0
39627796581979142,2.190852899150254,48.5400037736933,20405,346.6409784266309,0.182749925597072,0.024887217142734126,25.08264113470714,measured,0.15991332099213063,0.8531242006828966,-5.776757330756384,0.43414935469781807,
39627751392545968,2.379349021415743,71.96680677511442,20494,173.18430334306788,-1.413387819031753,0.022515576425875265,33.64437188859147,measured,0.5710164250577491,0.8221189033482716,-2.0925206524210216,3.5479127762351137,
39627597985875940,2.661100146522575,56.05170208483714,20515,1.8454583295047564,-7.731695514151766,0.028399647065170668,33.05208566998095,measured,0.5873675830236293,0.7692282008262072,-1.5155051483548159,5.275990755354461,
39633080771676468,2.086176259533,66.50888045507133,20556,121.35152721495449,40.195654870975034,0.028286235272803294,39.06176910139903,measured,0.1394588488636158,0.8688007218694652,-6.077848941715412,0.3530954487855441,
39627860557695964,2.5052749621294845,69.51408306507922,20633,199.91400728762767,3.0489205449880123,0.019743658794778622,28.49689599455651,measured,0.22421103574785461,0.7994324164497049,-4.793511505848752,0.5637649261447797,
39627691271391963,2.3069684603393785,92.6109658382183,20683,187.91139665072387,-4.016668915269173,0.02281244847060162,43.86634359873914,measured,0.05833241314746123,0.8344461550096997,-6.467614515518654,0.09586248947338294,
39627814269355031,2.1314249837010264,89.84945269582578,20693,320.7690361398235,1.021919821293013,0.03099477572581229,57.82305802519041,measured,0.41876899309972965,0.8621591667143147,-3.6949181134548756,1.1842436201797406,
39627881613106084,2.5282808312999427,83.87271596225833,20695,16.49006828749489,4.067964376778835,0.01673157501513931,29.137658786144577,measured,0.14517989899802786,0.7951196644988449,-5.416164712506808,0.33381963183060476,
39628133908876377,1.9290491642728724,91.20384609750148,20699,135.56386078224972,14.483417483694051,0.030000754722121797,56.81231091771185,band_uncovered,,,,,0.0
39628399940995701,2.143945542871642,98.0334752761914,20743,129.77478151170328,26.24024609660983,0.018439423182553847,37.53348163955425,measured,0.28265159670800105,0.8602851409445675,-4.813612868638055,0.7002607499119946,
39633034839853667,1.965263177785248,92.07573234441384,20810,208.23715105314477,37.71192248268703,0.017672225763598098,33.785749258804,band_uncovered,,,,,1.0
39628037238556864,2.576258790404465,62.71722607471398,20817,0.8874515845051861,10.616570932342684,0.026381584289221847,34.35459523462625,measured,0.4570581582736942,0.7859609018329411,-2.7408561963270572,9.270351636078049,
39628041248312682,2.4516825842966052,52.86745776442733,20865,243.61857690557449,10.519791797063675,0.010687393610148792,11.731602874057657,measured,0.13263107107253588,0.8092785770775104,-5.63872921670812,0.28489996040655713,
39627919550584831,2.1029031467735964,20.979781213313565,20869,123.25080605929256,5.583432949173932,0.030104159591633223,13.113680075226037,measured,0.4942422305803805,0.8663694725492557,-3.101060349740626,7.431428615851136,
39633010684855723,1.9358504557981573,92.61987157759349,20877,206.50115937593148,36.58122738964304,0.026451632749213458,50.869067988843504,band_uncovered,,,,,0.0
39628146110105676,1.9317684302240168,55.59840569933245,20892,166.657444039958,15.027231995071553,0.033086222602704704,38.195011696581616,band_uncovered,,,,,0.0
39633009850190178,2.0527935447462298,42.9489444458088,20910,144.8352998385609,36.55712699063693,0.020057209044264883,17.88628379945689,measured,0.2945476328222027,0.8735692526317405,-4.825180165079481,0.8189692294246441,
39627532705731221,2.1668527083647455,96.2734381957208,20945,23.24933562093848,-10.42539751339122,0.032228962878045456,64.4243334577956,measured,0.4064896486508913,0.8568157331986291,-3.7527173712311486,2.2244968848113804,
39628287651089027,3.214814241441934,78.61546457427546,20946,31.221439577580565,21.130257836132657,0.02994404882593811,48.878247849214134,measured,0.5128324843627989,0.6448732335997763,-1.1003395769748117,42.99028386130168,
39627872964445535,2.1495336443508717,53.592370588611175,20956,220.11250655309348,3.4438839389832423,0.024530303560872102,27.29625158403348,measured,0.5591013463341834,0.8594436560975474,-2.5028525813613665,4.9661851571849365,
39628446707483086,3.36043168444732,44.38746811063693,20964,21.035430314194542,28.61674298640321,0.014069733535458054,12.967115152883537,measured,0.1498822331925012,0.6085937658765361,-3.822596105700291,0.23629659895421265,
39633271922884941,1.9070052113811928,56.55507884709799,20980,260.4373761119425,51.54136627119688,0.024156711774250172,28.366552112967277,band_uncovered,,,,,0.0
39636557761612719,2.561416919787586,70.47272109410295,20988,65.63627087126576,-0.9769761371310606,0.029470387810756737,43.12250820659966,measured,0.2051984382930437,0.7888178070841843,-4.863494739926171,0.460530886742872,
39627935669290563,2.897755172680202,62.85240399497582,21019,7.875321822070548,6.212641796378024,0.00695481138488147,9.07620656710851,measured,0.4357661592611335,0.7190946616005836,-2.3610708528287505,2.11731714652755,
39627727652785234,2.4192318444686296,52.805921033639365,21028,198.12251381728777,-2.4475858946624256,0.03089137085630086,33.87013479141147,measured,0.11875150162432241,0.8151031978641805,-5.802930801998818,0.32230643909993917,
39628517683495120,2.47826716911249,92.6533918589978,21091,221.63843784391355,31.677161970952536,0.033016174142713094,63.51629994842696,measured,0.48717415511845874,0.8044295549765427,-2.6437949988173663,8.39747477641476,
39628394257711424,2.147583329769087,79.12027196212381,21107,113.06669038118932,25.885682319774652,0.018889734711071353,31.032070403295844,measured,0.061944616424939924,0.8597377007388467,-6.64827570261589,0.1492215524739629,
39627726453214023,1.9850576840194945,96.9474662445347,21125,126.61504820733288,-2.4036193611213483,0.033226319522687925,66.8830118856679,measured,0.5492204681352442,0.8829038479776116,-2.7806948320197282,1.3419771868005654,
39637320630014390,2.1338398314059703,94.55400094653784,21134,342.0100288573755,31.94301432170598,0.021398136706961456,42.01002982100282,measured,0.2139542233890111,0.861798947222987,-5.3987060319498,0.42451929366668334,
39627724754522224,3.1504147427972087,87.14510004193173,21137,25.37028493804349,-2.41197480491502,0.03319629875412009,60.06614484261264,measured,0.3164995327285094,0.66052089980043,-2.866844725599339,0.8896271213404584,
39627948231234185,2.849237580827942,52.40380528842526,21138,40.96567895260371,6.637922083965409,0.020937818255588006,22.781975045655233,measured,0.34841585244163015,0.7297703472530097,-3.177954123428163,1.0601612227419537,
39627842576714570,2.1005761742357243,72.16877185904164,21148,208.1127192081085,2.355416335609811,0.023342815381966683,34.978378401541256,measured,0.12307468319921275,0.8667093751463385,-6.196955766226048,0.23132663093668315,
39633182563241045,3.449049629833088,82.37852879064984,21159,126.53141990943392,45.988479435766365,0.0071282647143845095,12.192561997265562,measured,0.3925204968015808,0.5859942237611654,-1.6122810579965383,2.3955990396918727,
39633279279694451,2.2729283393631294,82.67609434380495,21170,247.20199216677491,51.93055089657607,0.030014097285929724,51.52314442278186,measured,0.032178497614586694,0.8400621540861672,-6.732363803929839,0.0750800683257275,
39628433969381675,2.640309661825781,84.68833961545859,21243,241.80154993063417,27.67238074303386,0.03073459573155773,54.04409453974502,measured,0.39281380118975456,0.773391273314987,-3.171478934376937,1.312855463448745,
39628219351043447,1.9122572742752448,93.60464212551275,21271,35.38586259859818,18.29633561879861,0.027972685023317033,54.366160650795955,band_uncovered,,,,,0.0
39628033975386457,2.1365192043626133,73.9877382211004,21308,163.258159109253,10.19304940742338,0.031274969565778736,48.04561632304057,measured,0.3799972098387758,0.86139858380965,-4.011678116423951,4.7548530191018425,
39627703648781912,2.1834082630396257,76.43611868032157,21313,206.5966363112008,-3.4390666802737,0.023893196139043633,37.920145589906426,measured,0.18940165177132548,0.8542754764476531,-5.540615205636064,0.5908055626833604,
39628019991580620,2.1988530673569104,44.63466672485095,21321,37.94907467790003,9.764712508749817,0.02742230426624008,25.414019769644433,measured,0.28176228106437257,0.8518808010732952,-4.750987666741023,0.9028607261906164,
39627637001293457,2.4124176700006914,85.58381524364411,21332,182.930503507702,-6.147952009729454,0.027822581180477864,49.440878962723794,measured,0.2253784368508051,0.8163130499129314,-4.924455108851053,0.6442205902220159,
39627363536865670,2.145468085237971,94.88355619507938,21348,67.15364582217063,-17.667655280993255,0.03107816674961183,61.227068720166116,measured,0.35569283568291976,0.860056179605587,-4.203027866022227,1.721872075439783,
39627713450875566,2.0092027067463207,34.59584556694912,21379,71.73886276956743,-3.0958804587314113,0.03125829136101883,22.453616797246283,measured,0.3590591614139661,0.8796287072164313,-4.3380795483538765,0.9547136854738175,
39627880614861800,2.428867930717246,86.15878047972144,21413,316.93123567403916,3.8558786854958664,0.02634155659779807,47.12356084567773,measured,0.11175623302693606,0.8133844683135585,-5.846901960721854,0.29506241653104803,
39627884997906555,1.9850292508048424,84.85038531750749,21443,218.47441945557512,3.962106123664873,0.02925690678982992,51.54414602711894,measured,0.48166706068036624,0.8829076707660328,-3.3436717507138884,1.2065726690109275,
39627785831973327,2.3081083723323506,46.985680954432375,21492,65.76714786136404,-0.0477521807152584,0.03270595953417881,31.907262277597784,measured,0.2095733585963416,0.834256078320039,-5.205689331030812,0.5426371058116174,
39628371260347277,2.2355556320786953,32.414856567744344,21558,38.22874557349489,25.101966425930193,0.018065831395931917,12.159036964993255,measured,0.2859596586446061,0.8460939092142586,-4.667785421413771,0.8151064751522656,
39633415774931904,1.940815770890134,68.56402010885945,21562,116.77488846275428,62.40141475912528,0.018893070352023332,26.896510376497638,band_uncovered,,,,,0.0
39628094331423275,2.157650987720236,68.6131918422853,21587,230.83842633721355,12.703657927498451,0.02064428185181363,29.410643334123147,measured,0.5086233006750254,0.8582157170207082,-2.913270136214024,3.620791921073487,
39628116359905708,2.791271686098089,84.22827903127593,21614,138.10537752822137,13.686013301914162,0.028596449881337575,50.01118783639137,measured,0.3825483921462235,0.7422623804350398,-2.997616569073469,1.2451842380206748,
39633025763380676,2.1915136233749064,62.69487873210965,21623,248.1894638151427,37.370739764060424,0.017752281146445652,23.10911723215195,measured,0.2629491061365507,0.8530217536833461,-4.917272062889962,0.8301678906806407,
39627696782709372,2.538048026773925,85.58041132491577,21632,156.9114647308349,-3.6743776014157454,0.02973723908691526,52.84113480658544,measured,0.26472014363068336,0.7932731483608855,-4.404608372751684,0.7821991314408264,
39627862549987770,1.9326083809570216,95.77711413834126,21676,318.51406397366355,2.9975140865040006,0.013372584576493917,26.59342181733,band_uncovered,,,,,0.0
39627766978577239,2.2194884582400056,45.60483500883346,21738,22.019945922747706,-0.7444219949252662,0.018953111889159,17.94686256723783,measured,0.1609432185854579,0.8486438950831042,-5.7308389708137195,0.3744525409751175,
39627709856353121,2.8293553196238648,96.28243121012352,21752,217.16728274173636,-3.3058692607330413,0.030477751378255154,60.92942670606804,measured,0.36573898767922886,0.7340877562199292,-3.0695730711725027,1.3400444082279102,
39627824197274424,2.7021922060675014,44.26380637412081,21762,192.65076481161935,1.4603732949813368,0.004229592727112568,3.8872675221809105,measured,0.35823780118892656,0.7608820101062478,-3.3553684076443435,1.112734132887044,
39627915092037575,1.990639050334905,98.67088301078094,21781,216.53618926380503,5.282520813711287,0.028366290655650852,58.11505927698287,measured,0.37687093424096807,0.8821518960555005,-4.21067468178777,0.8882640072632065,
39627729879963154,2.0763276882063653,85.16785795446245,21819,330.9713366847978,-2.4655832287986272,0.026731826589179906,47.271728369335015,measured,0.193702576821623,0.8702191139784212,-5.637637809639986,0.5113112674750485,
39627426984104956,2.277693248326348,98.75773538936302,21868,45.445483119833725,-15.030608937475414,0.03142840904956989,64.44520972248449,measured,0.13107671505678803,0.8392830336582733,-5.901719321679044,0.27642335978782684,
39628514701346826,1.9456233307838855,83.52481716975134,21899,13.323963119141466,31.658932239824907,0.018439423182553847,31.97863977438077,band_uncovered,,,,,0.0
39627765967755747,3.673535694150014,34.03001199363357,21921,321.9168527526145,-1.1114789221820427,0.029643841140259773,20.94564319737242,measured,0.26473927173612344,0.5274834256062171,-2.189534615584114,0.6041506497539241,
39627455954162902,1.902251596070598,57.21530554290262,21926,26.88891615677429,-13.6595184673734,0.018342689594946383,21.790759126118726,band_uncovered,,,,,0.0
39627896133780984,1.924635941367776,74.89198812129547,21970,163.27725945643934,4.614267146973262,0.01932336803482895,30.047981770099117,band_uncovered,,,,,0.0
39627659138830908,2.3698041478351843,95.18775241564622,21999,68.11280981497653,-5.17768724579634,0.015393982993394718,30.42490259743584,measured,0.5903758137543155,0.8237744605137445,-1.9449887229952418,7.821989317502363,
39628057077614486,1.9959224364403017,49.69598305795561,22000,123.05908070151294,11.261734822081728,0.033032852347472996,34.08509304763528,measured,0.5779985960065792,0.8814372492750054,-2.528655443903552,2.441169693941124,
39627712884639467,2.204150505924009,63.097050530671225,22064,37.81334931608582,-2.9332231631682073,0.019440115468148302,25.468596950022814,measured,0.3320426806229311,0.8510539215244269,-4.325093674179132,1.0344382227430857,
39628037049815117,3.0269024949798142,94.82570295547497,22083,349.5700231365486,10.232262265501776,0.025337528671251632,49.887006635000596,measured,0.5468309722058712,0.689749985995572,-1.1909917815808404,4.703701862938489,
39627630714030075,2.229377938228067,90.51836786898004,22120,166.01252316526015,-6.415748788223282,0.0311015162362757,58.45415654690878,measured,0.4325878094648542,0.8470774299568601,-3.4540801707667157,7.3449079204533385,
39628321268433804,2.813822844421313,42.402250664344166,22134,27.38596527342064,22.732146651615775,0.03300283157890516,29.056094141934004,measured,0.25503926768349283,0.73743699467581,-4.01998105826931,0.6711253280611995,
39627926622176433,2.028304821253531,68.06216859961668,22159,186.33734376775385,5.755790759855808,0.003769274275739118,5.32672952045509,measured,0.16135353732629598,0.8769966367396964,-5.963692495111671,0.35830075356279495,
39627872947671432,2.3709360118772387,71.48633484731104,22191,219.24518093003127,3.5002429127948336,0.02451696099706418,36.390396620695036,measured,0.5175148555487049,0.8235786133525385,-2.550531315031946,3.4029498425459854,
39628149914338331,2.2328410007112267,54.49014445134353,22198,41.166079936463476,15.248976094708407,0.02492390919320592,28.198839865529354,measured,0.39240069311615944,0.8465265653009549,-3.7843822682066293,8.243604233883396,
39627866933038743,2.980946202777061,71.9671396770675,22257,220.20022091247515,3.247300513279466,0.03062118393919036,45.75655742685239,measured,0.15627250613617372,0.7003417600542373,-4.5339104493171964,0.28920136123003576,
39627732811780418,2.244894317177794,86.66393553759411,22299,145.7454815550598,-2.233806136519018,0.016061111183791024,28.900883372188737,measured,0.2278916706256063,0.8445998558190251,-5.139234876611823,0.6815573996644602,
39627627329229342,2.857879727406184,96.98496729787342,22378,323.2254759050466,-6.784448805560797,0.027822581180477864,56.027205795011426,measured,0.4335586075971176,0.7278832206439176,-2.452705108723334,1.8890711475141944,
39627905310918052,2.8275695001454535,90.15313978018855,22380,351.7923329144187,4.771588989345276,0.03198212544759882,59.866697432390914,measured,0.28702009625632197,0.7344738875802103,-3.728781594365736,0.769466270070451,
39627925544242122,2.659734865128783,40.86916166294926,22432,121.88390851752324,5.7639418505892115,0.030574484965862618,25.94489999359998,measured,0.30849436694936583,0.7695028205620292,-3.841737113438862,0.8004603827078378,
39633285625679428,2.109927781189532,95.0865876979978,22433,142.76208696706334,52.61875663443448,0.024190068183769987,47.75880777404102,measured,0.1342249043947883,0.8653400880607768,-6.0926265305499046,0.2526906504850074,
39628048940667966,1.974685856585952,30.480982228342015,22456,349.80369125837524,10.79929074470762,0.012698785104193649,8.036894240993593,measured,0.3589942347869895,0.8842930178793409,-4.377489859102929,0.820158969674407,
39628507059323534,2.3660427621131603,56.066739820825966,22496,200.4551543262541,31.245062402936178,0.02408666331425856,28.040068306456277,measured,0.14494379264591437,0.8244243778464329,-5.662338210004321,0.3870981994043485,
39633404391589520,2.954403261141546,71.00771143460962,22509,121.22545531930432,61.53951869258912,0.030344325740175895,44.738367143559685,measured,0.31415234365905886,0.70638501538126,-3.2686055976850095,0.7980900217362794,
39627866052234389,3.2487949712918147,31.85065963946062,22512,167.64951872621415,3.276021163216038,0.025280822775067945,16.718863695279097,measured,0.43326891669980766,0.6365134427954683,-1.6937043841305053,4.116134554595698,
39627593107898816,2.498202663706558,63.271461574158714,22526,68.58996724711122,-8.012470708455515,0.03135836058957828,41.196311974447994,measured,0.08459018001053746,0.800747860430264,-5.967980670164389,0.1574927104551577,
39628088480371813,2.5021713660502467,68.13481120970232,22592,233.93288746894123,12.59904078586398,0.010587324381589347,14.977950748488952,measured,0.11286251122440258,0.8000102843324793,-5.726231442567307,0.2718705667632827,
39627772997407241,2.8911486344401163,97.83638152649183,22596,20.89918460032636,-0.5329665122200462,0.0275090309309916,55.882109938254054,measured,0.1679985785614624,0.7205598917427849,-4.604677609844354,0.3284377051227688,
39633063558252082,2.2084027159050907,79.51152453682673,22611,230.38530814263456,39.17872135456509,0.02943703140123692,48.59831520737857,measured,0.38441849209184986,0.8503881498604215,-3.883080481404764,4.225330643870938,
39627757537201054,2.0704852636644864,76.31266562880147,22626,179.39363272154384,-1.234927788892536,0.018389388568274122,29.13808696936897,measured,0.520727836894868,0.8710559578833368,-2.91940100823724,2.5142268490107806,
39628164795731829,1.9843812807111096,81.05136989873786,22669,240.0711202192551,15.778907966436616,0.016307948614237653,27.444594328026657,measured,0.652563198962698,0.8829947673704195,-1.920263070064346,8.40050374567547,
39627948231234185,2.849237580827942,43.59388897045652,22682,40.96567895260371,6.637922083965409,0.020384101857559074,18.45076240332026,measured,0.34841585244163015,0.7297703472530097,-3.177954123428163,1.0601612227419537,
39627999317857281,2.713650330552952,52.797833125997805,22689,230.7482211361435,8.769978123589643,0.029870664724994517,32.745988734555084,measured,0.4857245673176664,0.7585270952513058,-2.273354399446995,6.92752564665196,
39627689069383949,2.330708297416388,91.9157665304616,22701,56.55655521781427,-3.9906710615940346,0.014306564043048742,27.303761295223534,measured,0.07936457387324534,0.8304607287196578,-6.259134623720104,0.08865396767967451,
39627883441819769,2.1727660127484167,98.5201354121507,22703,125.5752942796698,4.0776283872411465,0.030958083675340493,63.32806111141151,measured,0.4308815776592254,0.855911569168616,-3.541916595911588,1.6207277832636868,
39633038535034054,2.289793676556712,54.80567477380796,22704,126.30050672838507,37.975019679382754,0.02136478029744164,24.312022116226352,measured,0.2249685597296934,0.8372942189589225,-5.102713826910243,0.5911217589398133,
39627813094953959,2.2008248549177054,41.172735546507695,22711,250.90744515157223,0.8852213315866863,0.02355963204384548,20.1407365119755,measured,0.20221143080444023,0.8515733536724152,-5.411349357233124,0.47697827753685124,
39627672191502282,2.2762377451424083,83.45611903414135,22765,128.1887818835547,-4.757739268650331,0.015564100681945775,26.969900122470992,measured,0.40148245036024893,0.8395212680203388,-3.6503234805007487,2.3914448277137184,
39633054368531323,2.4718930400888253,44.529456450465005,22771,246.88192480875057,38.861591738512814,0.027665806055734734,25.579252196387916,measured,0.5226056564329364,0.8055985212126071,-2.3582738731639226,3.8772558648045083,
39627637034850052,2.6388837065401916,67.93802046379376,22820,185.02534340750765,-6.186061005795758,0.030527785992534875,43.06310282435844,measured,0.46000728217302506,0.7736753246075243,-2.6139003536208274,4.657454066087955,
39628145359328517,2.1249845726926613,91.13036344940868,22833,120.50707557312596,15.080524075146174,0.016037761697127152,30.346176552684092,measured,0.2937381018525424,0.8631170121169811,-4.744824252203656,0.6740448357208633,
39627712234526146,3.231478502358797,87.02513625269776,22851,359.2258024874424,-3.33680582215472,0.02195852438689435,39.67756263277887,measured,0.37102393974403935,0.6407821640698399,-2.2479852027150047,1.0162016757123025,
39628359776342097,2.256892144029896,47.353060058146184,22873,6.283178108111096,24.522654861663906,0.02384649716571589,23.44605423367908,measured,0.4084828375754725,0.84266750818257,-3.6182055883924793,3.415962819255639,
39627682702433491,2.289240098653434,65.16674968565087,22900,36.49534995637825,-4.300294410094179,0.018409402413986014,24.909377431605467,measured,0.3255498445371954,0.8373855253840259,-4.265297340390254,1.015075815878631,
39627503320435853,2.0839792463834934,40.30803148105617,22916,39.60720727596416,-11.735958239187465,0.026895272995827002,22.50943881703882,measured,0.1423922412961164,0.8691179765618706,-6.056047793881286,0.29966253474181886,
39628436200753706,2.8243075241401976,97.8569179992872,22933,32.07689419637788,27.943750408771702,0.02807942553378044,57.05278824521851,measured,0.18696118202558598,0.7351784861781708,-4.568477534604874,0.4038015669320927,
39627450702890778,2.414917950077964,91.61803843499334,22936,64.46193127120867,-13.982462484246229,0.03132500418005846,59.58943238365503,measured,0.20787298534903803,0.8158696613351467,-5.066638966550905,0.6136302882391138,
39627853377045713,2.6241243934845464,94.70848770280844,22949,131.80696796862682,2.7786455632633595,0.02847303116611426,55.99119378546826,measured,0.3785433684058548,0.776604173429274,-3.31717337519516,1.0994730533140658,
39627473356327473,2.199676780390867,63.77781406352699,22972,12.205354031616414,-13.089976940800174,0.029100131665086786,38.535562773977276,measured,0.3755647729014535,0.8517524126729875,-3.9682303314294503,1.5192586860856843,
39627938571749699,2.902639534042972,51.51270737045163,23024,181.8627084078747,6.339839239674466,0.030851343164877084,32.99784469142034,measured,0.45090858260561417,0.7180090709448992,-2.2258374028273753,4.073928248657894,
39633175692968519,2.252570101259709,79.91876753945192,23055,261.1518343825434,45.51282204957637,0.03002410420878567,49.821403577409555,measured,0.0317431700559989,0.8433652760311168,-6.763517549792649,0.218052460054727,
39628320555401247,2.3833949168682995,51.72679724231783,23060,341.35229028636365,22.436604572434945,0.02606136275783162,27.990446883809607,measured,0.17216691107329377,0.8214144045279826,-5.410395778789074,0.4527433493098041,
39627702902196872,3.4705741356002724,96.74067033205522,23065,162.10051408509412,-3.571592667593726,0.022098621306877574,44.38859448835692,measured,0.40968556956718566,0.5804546416022247,-1.4230756002919922,1.4769161217598672,
39627744719407164,2.110074418150361,39.391176130755355,23100,135.3336047860695,-1.858366333619495,0.019213291883413558,15.71440168944602,measured,0.3842030157650975,0.8653185473014977,-4.009296096136668,1.5325354795057307,
39627678495540566,3.082038659889457,62.98723172061681,23113,144.97848175102612,-4.574331744376778,0.022432185402075727,29.337373442703598,measured,0.45549246974667273,0.6768350832800658,-1.8445217794449424,2.255150567633508,
39627673160387854,3.6900668511971904,70.56488096414644,23116,186.16883338117512,-4.75159900032983,0.025877902505472637,37.9153271290987,measured,0.46504924004856557,0.5231250192057638,-0.48396482630998544,1.8381867149182596,
39627770296276468,2.3405285162919425,77.29967670224788,23118,219.9746367575443,-0.7308179245356125,0.005910755766911254,9.48675781961369,measured,0.09505487235573926,0.8287956174571137,-6.114506209178121,0.3017353624460051,
39628457121940582,2.9619983964644483,42.18597404216157,23123,7.2181615848193905,28.950421011848416,0.007235005224847918,6.337296868276138,measured,0.2101958964382258,0.7046614139832751,-4.120545979542078,0.4945722622128965,
39633063780553160,2.4061488564272793,74.81771234203131,23149,247.61295079845513,39.37355412340932,0.030457737532543265,47.315037271407995,measured,0.4768065701175371,0.8174220078354575,-2.8384619809826703,2.5280398323274325,
39627821328372504,2.228188057115586,27.994596889056155,23174,21.635292374966703,1.455506064252528,0.01743539525600741,10.134518905229163,measured,0.12854244549703892,0.8472664243015988,-5.989366490037999,0.23754003333923213,
