galaxy_idx,q_idx,sep_arcsec,z,targetid,ra_q,dec_q,hpx,survey,program,zwarn,sparcl_id
268,462348,67.59791311645482,2.168394353578619,39628049641112467,32.06901786917061,10.99648126148485,18269,main,dark,0,3c7693da-87fd-11ef-935e-525400f334e1
320,89832,99.32841850279442,2.0903944297802863,39627640457398909,29.954082341683534,-5.95581504547465,17698,main,dark,0,c116eb18-8773-11ef-886f-525400f334e1
353,549088,99.55521443804103,2.2088502490639965,39628212556268039,330.1509529757291,17.75730959196836,12619,main,dark,0,8ece595e-86f2-11ef-88dc-525400f334e1
848,533769,78.94748245224594,3.7448623219932937,39628181103184903,170.7401654759593,16.571831747392405,28213,main,dark,0,9de7c8d0-88c7-11ef-8c86-525400f334e1
1101,385314,78.12842092876991,2.556795885830806,39627944611549102,183.99104599529016,6.417868513138641,27720,main,dark,0,1fd0a2f4-88b2-11ef-b98d-525400f334e1
1143,334994,86.2883982660319,2.247343392270916,39627890618274214,193.96212172694328,4.326661382230498,26323,main,dark,0,ea1c29dd-86cd-11ef-a433-525400f334e1
1315,34840,91.93458329863184,2.9163744322670224,39627550632185926,27.740494750814232,-9.698135692036084,17509,main,dark,0,b6ebdfe2-8750-11ef-adbc-525400f334e1
1640,759319,90.87684622355768,2.3127610669947285,39633039621360414,208.36789158003256,37.88987126732891,10627,main,dark,0,375b3dbc-869b-11ef-93e7-525400f334e1
1700,191805,96.58849254019732,2.219435507736176,39627754886403599,21.410594848645196,-1.3674824991441052,17662,main,dark,0,b731865f-8769-11ef-853a-525400f334e1
1702,48629,99.05555524276588,3.426012684389962,39627583217729659,193.38295587235777,-8.617013679231812,25774,main,dark,0,9c7a2095-8a76-11ef-8efc-525400f334e1
1725,505511,95.87215912889752,1.9705813103136955,39628128435307010,159.17142288319917,14.147110980036334,27608,main,dark,0,4a70c8da-8886-11ef-b9e2-525400f334e1
1730,769539,82.06448579815122,3.2749407638854606,39633058596391856,210.05770610261644,38.90499274889781,10629,main,dark,0,dd94edfa-869b-11ef-87bb-525400f334e1
1976,187377,73.82588459637232,2.1543007268631045,39627750973113926,148.0959894552273,-1.6249225327696857,27191,main,dark,0,d618083d-87e5-11ef-a630-525400f334e1
2027,435635,41.65169294246796,2.5264185586545085,39628007773572979,20.473449311145508,9.195024047826845,18326,main,dark,0,b60c954a-880e-11ef-b81c-525400f334e1
2035,709600,71.87372879762256,1.9572249081725976,39632956246983512,207.67223865606027,33.712539274419285,10364,main,dark,0,ca50e4a8-864c-11ef-93de-525400f334e1
2037,174698,99.76146088543766,2.220661339788913,39627737240964716,49.685943078658504,-1.9906974283808163,23179,main,dark,0,21684fc0-8a15-11ef-9077-525400f334e1
2157,609782,72.14520720335851,2.124684142180824,39628348460107271,348.6276075675707,23.665320766263587,20175,main,dark,0,ce3d02b4-8947-11ef-ad78-525400f334e1
2211,333593,81.31789051071021,1.9293651273887793,39627889863297182,148.83264028249732,4.291378461356651,27347,main,dark,0,f64cdbd2-8847-11ef-a340-525400f334e1
2219,760082,78.69590791118509,2.2851001594721434,39633040116289944,245.78960811782227,37.916477489630914,9464,main,dark,0,84f0fea1-86f4-11ef-8ce4-525400f334e1
2391,228322,94.51959825475352,1.9565652974288423,39627788000433290,195.23472035076557,-0.0518559987402816,26214,main,dark,0,14839e4e-8681-11ef-9b91-525400f334e1
2521,151980,87.51766437484198,2.6077943342510586,39627709839575792,216.18868697712455,-3.2341522107700365,25887,main,dark,0,5c34856f-8b5a-11ef-afd0-525400f334e1
2610,646094,80.76905289542643,1.9764618999529395,39628438188853563,165.99361076277222,28.02169037600775,5200,main,dark,0,4e9c7839-8b89-11ef-a968-525400f334e1
2627,287775,84.69621094219261,2.6670010636469885,39627842576712324,208.02293605839887,2.338904706028973,26041,main,dark,0,6bd1e07d-861f-11ef-a141-525400f334e1
2644,159333,54.86550246743887,1.9901452614707245,39627719448725809,69.089749603461,-2.8221202608925724,22772,main,dark,0,bbddb984-89ee-11ef-a8d7-525400f334e1
2706,449696,77.76579601454759,2.2900907486373905,39628029344877101,243.2549022257258,9.879383600389698,31643,main,dark,0,ead1e940-89b5-11ef-90f4-525400f334e1
2721,200731,77.2215459227277,1.9002594046330912,39627763434394462,170.96478799242237,-1.1014267048392652,26978,main,dark,0,0bd83e37-876c-11ef-92ac-525400f334e1
2725,317086,63.038484269610144,2.0179756853489668,39627872305943562,180.93718932067245,3.5515580419789985,27661,main,dark,0,508dd1af-8894-11ef-bd74-525400f334e1
2769,127297,80.23969952027102,2.032263122908967,39627682882782284,47.1045199125946,-4.132231546400639,36830,main,dark,0,a7574b27-8a71-11ef-a7dc-525400f334e1
2805,52427,89.03674747847485,2.113127585698739,39627589232362252,195.4317147916109,-8.33289378402353,25784,main,dark,0,90fc7b54-8a77-11ef-96aa-525400f334e1
2882,329085,75.89741342864701,2.5459330634686212,39627884465228570,186.66930712283397,3.9740486112774662,26344,main,dark,0,a77f0a30-86d8-11ef-a164-525400f334e1
2946,671581,97.9958734986077,2.660478215316672,39628495709538560,132.85592560024878,30.8697885476811,5021,main,dark,0,bcf59b8e-8b7c-11ef-bdb5-525400f334e1
2950,604727,99.15795060404622,2.1705087221176984,39628335977862421,258.13161656999324,23.274060029505986,32462,main,dark,0,425f7fc2-8a12-11ef-9b08-525400f334e1
3029,274653,85.19364704686107,2.535208273239932,39627830044135501,181.1721032527547,1.8071188562730107,27652,main,dark,0,21b47bac-888e-11ef-9c4e-525400f334e1
3068,741925,86.39667000860351,2.742082529166764,39633010852628881,218.9728808619464,36.564418753495,10560,main,dark,0,78602698-8692-11ef-81ca-525400f334e1
3131,309713,79.38380744028017,1.938003909827538,39627865603441198,140.72112261645847,3.1774671803854018,27324,main,dark,0,061eaa3b-883b-11ef-9105-525400f334e1
3269,67584,81.93019689923503,2.7366925481582327,39627612166818787,133.53506827454726,-7.200029225053479,40906,main,dark,0,28d7380a-8b44-11ef-b0bf-525400f334e1
3295,65731,88.23453452868512,2.279704250981808,39627610002556959,3.6055248087633367,-7.156361454719389,17274,main,dark,0,c8019143-8735-11ef-94c3-525400f334e1
3296,553725,95.83659535380586,2.325417338365281,39628220965847649,136.40272799311654,18.33148993528575,4520,main,dark,0,581b8415-8bbc-11ef-9b96-525400f334e1
3308,7366,97.98087790132152,2.147296469400528,39627414829012480,15.454720163471134,-15.5748179087589,16852,main,dark,0,a39b655b-8726-11ef-8832-525400f334e1
3401,297806,94.93368056760188,2.1687025927546046,39627853586764330,144.45857283294822,2.770314565467026,27339,main,dark,0,c6846984-8843-11ef-9dfa-525400f334e1
3444,485346,87.99297816987523,2.041936952809225,39628091043087434,30.015532757578043,12.644200536441408,18295,main,dark,0,6de852c5-8805-11ef-8090-525400f334e1
3449,164102,66.60817500714356,2.3099080210015677,39627725127815784,47.72070774331428,-2.5714125624649578,36831,main,dark,0,089bc09c-8a72-11ef-91b2-525400f334e1
3516,248273,71.12698816629853,2.1199718095535647,39627805750724571,173.09061617348397,0.7842918025972064,26983,main,dark,0,66ed21aa-876f-11ef-ab61-525400f334e1
3535,722690,74.02012538155891,2.2744476103154843,39632977105257863,268.7062641815007,34.79514341535696,32740,main,dark,0,0682e5ab-8b76-11ef-bd01-525400f334e1
3567,827558,72.7090163201925,2.1228850937880264,39633289471856378,158.59256101805386,52.86099249137466,6034,main,dark,0,a64e8e77-8b59-11ef-869b-525400f334e1
3573,530422,96.1487238650516,2.0439373145612643,39628174799145213,139.55622319373964,16.218801847812543,4488,main,dark,0,b1b7e88d-8bb8-11ef-aa34-525400f334e1
3729,153690,60.95008761241321,2.4002969877093125,39627713056610265,48.22952460863267,-2.9179193196759905,36831,main,dark,0,2007a0ee-8a72-11ef-af04-525400f334e1
3745,63661,88.51988556614896,2.071519777787796,39627606412233510,148.16587204100864,-7.597902308760605,27141,main,dark,0,593c3462-87c6-11ef-b231-525400f334e1
3761,127472,85.37000937066368,2.546857611744938,39627683037974163,56.49171080292603,-4.149050636922652,23088,main,dark,0,c8e024d2-8a09-11ef-bee4-525400f334e1
4026,303860,89.1216182806541,2.426693634600904,39627859664308398,146.6090602767367,3.058042923181209,27340,main,dark,0,6c5b7cd8-8844-11ef-9b09-525400f334e1
4119,9812,58.51061887023528,2.250874822332424,39627433145535426,65.18214720213435,-14.769059438704176,22566,main,dark,0,cbd35189-89af-11ef-a1e6-525400f334e1
4144,92865,43.99127744503898,2.747763165709884,39627643217250597,195.14202405065151,-6.064796025886756,26129,main,dark,0,3e5a24f0-8649-11ef-bd78-525400f334e1
4147,796405,75.15015897486344,2.387287528049064,39633136899854245,273.6543030909985,43.28425931013447,15026,main,dark,0,7ad23f9f-870d-11ef-8c46-525400f334e1
4199,725575,60.02264074444255,2.0081585083889535,39632984814387551,108.50481569926475,35.265372650168516,6376,main,dark,0,46a55965-8b88-11ef-9e57-525400f334e1
4202,317226,59.80520288145727,2.9769921702344586,39627872402407516,186.51212471794577,3.42980750010261,26301,main,dark,0,a14ec1bc-86be-11ef-9591-525400f334e1
4206,354576,90.01133206832415,2.5326007676503814,39627911363302712,353.72930827149503,4.899214374044639,18901,main,dark,0,9ef0fc95-885e-11ef-acfe-525400f334e1
4214,74981,56.51677879707129,2.5882742334562594,39627622195397109,15.349362463653613,-6.870329715826401,17595,main,dark,0,6b7ee88b-875c-11ef-a9da-525400f334e1
4228,280794,56.32409506641056,1.912471601099315,39627836083933701,181.16830638018908,2.083968231288419,27652,main,dark,0,2822869f-888e-11ef-9b89-525400f334e1
4311,111217,74.3968749812579,3.2570224319909897,39627664931162473,54.25526531653922,-5.035456227453661,23078,main,dark,0,4b2866d7-8a08-11ef-b926-525400f334e1
4340,591141,78.65367900220227,2.1202058982573564,39628304101146872,3.239569665884506,22.12167052831991,19898,main,dark,0,5f1ecfb8-8914-11ef-923a-525400f334e1
4372,434,90.6861333020608,2.347345899366496,39627340434645462,59.267749922042775,-18.76935361005898,36204,main,dark,0,5a862a08-8b7c-11ef-90ad-525400f334e1
4486,85296,97.60991223792377,2.065359277269589,39627634786697294,50.028634985116376,-6.286401694283509,36734,main,dark,0,58f3ed96-8ba4-11ef-b3ee-525400f334e1
4558,279524,52.265109674501986,2.1670252806513344,39627835433815907,142.4389076104489,2.0783683507786943,27317,main,dark,0,7b7f39b1-8837-11ef-87c2-525400f334e1
4610,60136,74.79789651317132,2.644946145836742,39627600926084276,178.63672489733742,-7.762243109923636,25544,main,dark,0,3f6c77a5-8d23-11ef-85d3-525400f334e1
4639,665954,86.75565747885045,2.186971606291409,39628485051814643,117.5782214236687,30.21914572957025,6245,main,dark,0,0b9c822e-8b6c-11ef-bd82-525400f334e1
4646,468202,69.48544961851502,2.0374994667436983,39628059329960588,259.89585891453805,11.225290641543378,32260,main,dark,0,b951af67-89d6-11ef-b411-525400f334e1
4667,455131,83.27797143208555,3.0791905926896423,39628037657989137,26.349393633371527,10.545735465593788,18285,main,dark,0,a102b4d8-8802-11ef-a52f-525400f334e1
4687,177799,48.21771952861036,1.9242994210914568,39627739900154593,208.20611351367043,-1.895693097236816,25996,main,dark,0,bc3ae3d4-85fe-11ef-9996-525400f334e1
4735,591736,82.40748367398604,2.1054196158395477,39628304646407038,38.25861500256982,21.88721606329829,633,main,dark,0,c5d269a6-8b4d-11ef-b676-525400f334e1
4738,305550,57.58251484156765,2.931569377638412,39627860540918908,198.90985906187356,2.886662125214441,26229,main,dark,0,01b84372-868c-11ef-a5ea-525400f334e1
4743,491560,84.12500861144706,1.932028986023888,39628102782944472,27.241225518122807,13.232855197254183,18302,main,dark,0,4f44f50c-8807-11ef-bd41-525400f334e1
4785,299805,96.44719614893982,1.9626556277281395,39627854656312238,208.23682957876537,2.8410731821279076,26044,main,dark,0,93c2e91c-8621-11ef-8581-525400f334e1
4787,319742,84.46216030404321,1.9686678064454284,39627874688303794,322.9723448420165,3.576688046172793,19170,main,dark,0,4ee2f7a2-8899-11ef-8df6-525400f334e1
4805,185648,40.05959212541631,1.9329874827707665,39627748846603671,21.34796313318764,-1.5540994245252329,17659,main,dark,0,fd85a209-8768-11ef-bdac-525400f334e1
4818,450820,86.87718805032502,2.399725518446867,39628031341367123,4.0384554224208715,10.324316573615274,19559,main,dark,0,62f5a225-88d3-11ef-8244-525400f334e1
4824,502908,93.35747167547017,3.073201320866618,39628123964181391,244.781546191849,14.110701880751687,31715,main,dark,4,ba15a097-89c8-11ef-bee1-525400f334e1
4828,596430,75.26265899695082,1.977514270436979,39628315685818959,27.831906917934983,22.57759878484553,700,main,dark,0,3b81b26b-8b4e-11ef-af65-525400f334e1
4926,408699,94.47622877710415,1.928624549354962,39627971765470018,12.903596764204478,7.73165689706691,18167,main,dark,0,c0c716a8-87dc-11ef-a573-525400f334e1
4957,285627,81.81958362098115,2.999227542422131,39627841448447749,140.92433253247853,2.132221440971626,27315,main,dark,0,0f65ae36-8836-11ef-b5dd-525400f334e1
5067,739466,58.30721336028227,2.3309476902858175,39633006339557094,245.38555621988544,36.37164257618073,9446,main,dark,0,e2adafbd-86ed-11ef-bbf2-525400f334e1
5095,841660,92.7600997453404,2.1109946982121257,39633410121009630,117.8536372162893,62.07757132064189,7729,main,dark,0,3f571a3e-85c5-11ef-8dc3-525400f334e1
5221,582485,60.925076700515866,2.034469030000012,39628283477754259,124.91904423158056,21.10144305147211,4804,main,dark,0,7fb61a9b-8b4c-11ef-8d17-525400f334e1
5292,511019,80.51598793066351,2.140160046874123,39628138061237690,30.91745615837088,14.722935207071847,556,main,dark,0,ad095f28-8b73-11ef-ae55-525400f334e1
5365,749289,79.87719701259677,2.002599593275026,39633024270208892,136.79316149488116,37.20490369296012,5086,main,dark,0,28abf058-8b84-11ef-a541-525400f334e1
5384,505801,64.01872761619862,1.9214674870830584,39628129228033915,208.03706002195923,14.133885089312011,26495,main,dark,0,2b7bfc14-86fd-11ef-bd0a-525400f334e1
5385,770089,56.56439344316477,2.218739053923862,39633059108096321,249.15583778041304,39.02840932259174,9463,main,dark,0,14d1475c-86f4-11ef-a6b6-525400f334e1
5393,371244,48.20234398038316,2.2648646498632026,39627929277171433,345.2886663664795,5.667084960935,18926,main,dark,0,d5687c28-8861-11ef-852f-525400f334e1
5400,563460,83.04471532470873,2.379628733398425,39628241543106083,348.84616148595273,19.044833495105134,20031,main,dark,0,8c2581ad-8933-11ef-9072-525400f334e1
5417,539605,64.2616205913238,2.3874349075989576,39628192738182817,174.3194693378905,16.894472285917228,28227,main,dark,0,d6503279-88c8-11ef-a589-525400f334e1
5427,541873,56.01453359396802,2.1724266344887933,39628197754571769,126.87654114108288,17.281577877944496,4704,main,dark,0,026b708c-8a7e-11ef-8c23-525400f334e1
5430,521429,86.2250612356511,2.946065349493552,39628157329868852,138.67762157114376,15.485133177188612,4317,main,dark,0,1e31aaa1-8ba4-11ef-ba16-525400f334e1
5483,252394,89.62242228538744,2.0863878201263564,39627809093587098,12.374094402024513,1.1191673146003438,18113,main,dark,0,7a8b6991-87d0-11ef-87ee-525400f334e1
5497,601936,47.97135651088808,2.645111103244033,39628330110029344,238.5167399855542,23.11861144233506,8658,main,dark,0,dc17c766-8642-11ef-89a1-525400f334e1
5531,623730,56.31040407194886,2.4940774967226327,39628382228448230,39.05162638125854,25.417166481830325,896,main,dark,0,1db37396-85d2-11ef-81ed-525400f334e1
5605,325642,65.40856532149249,2.428867930717246,39627880614861800,316.93123567403916,3.8558786854958664,12306,main,dark,0,c94456a6-86e0-11ef-b21a-525400f334e1
5649,693591,73.43516546533888,1.9898864643046716,39628535266017728,17.22295221862886,32.63842470366275,2230,main,dark,0,0c356e24-899c-11ef-966e-525400f334e1
5658,588686,87.45187405958696,2.108418190076827,39628298464004244,2.2362240441538397,21.633913203518865,20229,main,dark,0,b2a5a501-894b-11ef-b583-525400f334e1
5659,846425,91.39982030321396,2.573225777718368,39633457558588441,95.11239777650268,66.58635092446706,7849,main,dark,0,79da5804-85cb-11ef-a0d1-525400f334e1
5762,225264,92.3891174242276,2.0134300782740957,39627785240578488,30.5769099757372,-0.1026336596679498,17817,main,dark,0,e8e87f9b-878b-11ef-a404-525400f334e1
5794,746972,85.28108162370114,2.3265070367054603,39633020042349969,181.4997945826095,36.885740995776416,28635,main,dark,0,926a48f0-88e7-11ef-b556-525400f334e1
5814,372684,72.20929844220791,2.349952792570511,39627930262835888,44.40991600519355,5.972394662473996,50,main,dark,0,f72f4d0e-861c-11ef-ac22-525400f334e1
5948,387702,68.33221330758619,2.105530002178304,39627947354622692,348.32126908641106,6.420418295012974,18931,main,dark,0,041d6a82-8863-11ef-8671-525400f334e1
5976,134988,84.6293142550798,2.02259587084698,39627691124594070,179.22495159276818,-4.089995078622698,25586,main,dark,0,742e0f4f-8d37-11ef-acdf-525400f334e1
6037,539381,88.44699268882158,2.1782838867421335,39628192398445832,153.2692843715856,17.054816788428187,4423,main,dark,0,cfab5f0f-8bb4-11ef-ab1a-525400f334e1
6052,193518,70.56054760368256,2.2391079973853083,39627757021301702,148.65053011699135,-1.280891494249213,27234,main,dark,0,f3339d1c-8802-11ef-99fe-525400f334e1
6098,586446,87.41835365152093,2.3998441328232336,39628292944298974,9.17174185542562,21.547203930034847,19914,main,dark,0,ca9f7ac1-8916-11ef-a605-525400f334e1
6170,671070,50.08593176688886,2.2705896210887633,39628494237339839,31.0039373398059,30.846138817793637,2140,main,dark,0,e07bc2cc-895c-11ef-a6e3-525400f334e1
6186,544869,73.7683606141728,2.73862761593111,39628203681124200,136.22640031381582,17.4359278043258,4343,main,dark,0,7636ddf3-8ba9-11ef-a230-525400f334e1
6204,108526,60.00668840086149,2.112644623664615,39627661277925334,195.95971378811717,-5.128863410146809,26133,main,dark,0,25e154b3-864b-11ef-bcea-525400f334e1
6215,289322,92.74673505480264,2.104221922695902,39627844367684705,314.9208715115857,2.149386932139421,12291,main,dark,0,53c4baba-86db-11ef-b261-525400f334e1
6219,410551,91.67280409619184,2.4372664109334785,39627974370134575,169.515416305264,7.823919184158965,27127,main,dark,0,fd162fb7-87c4-11ef-95c4-525400f334e1
6273,417546,45.58922640342362,2.1089736599358093,39627983362722780,350.0632500515143,7.924124841236987,18935,main,dark,0,66aac744-8864-11ef-93ce-525400f334e1
6293,105334,99.83733562820308,2.867454952301749,39627658526462799,31.46492063167633,-5.318756322672738,17699,main,dark,0,f6aef136-8773-11ef-8cdc-525400f334e1
6337,19052,67.15100961808308,3.0593028424341737,39627491416999488,34.57209878330225,-12.245693187682669,36598,main,dark,0,f57f4a84-8b8e-11ef-8dae-525400f334e1
6341,106281,93.76376505870888,2.1266451913110243,39627659122051530,67.05226052469642,-5.170325804463896,22735,main,dark,0,78d9a659-89dd-11ef-ab33-525400f334e1
6349,856455,91.5055157008928,3.53894260934675,39637235426922813,243.22255499755732,27.978496331328675,9351,main,dark,0,825734c9-86c5-11ef-9348-525400f334e1
6350,760067,68.14090035617629,2.4431294115307853,39633040112094926,245.44472952227932,38.01114020928677,9466,main,dark,0,3b5f471e-86f5-11ef-af83-525400f334e1
6366,331031,59.246007021724985,2.2964138111458454,39627885488639535,247.7190848834412,4.082212813581373,31503,main,dark,0,b9a8b07a-8974-11ef-b166-525400f334e1
6425,433243,84.84279261765799,2.441742639713203,39628004787225487,200.2711533635633,8.971532591216173,26515,main,dark,0,9b7e3422-8702-11ef-831d-525400f334e1
6437,697824,99.50292065649371,2.505574709789187,39632935833307714,195.58943623609215,32.865417879912975,10425,main,dark,0,f809135a-8654-11ef-83b2-525400f334e1
6457,485279,74.51491224433661,3.0386609147871724,39628090996951932,27.31091843884938,12.87008557439375,18302,main,dark,0,419f83da-8807-11ef-a178-525400f334e1
6547,121788,94.7716337408604,2.414873294273451,39627676817822422,44.77032294426513,-4.483659719620519,36848,main,dark,0,a8e2b422-8a75-11ef-8715-525400f334e1
6614,797388,91.46541372821288,2.1336541203237047,39633140817332543,234.13337875163063,43.498192668287174,9885,main,dark,0,9302e3ee-8752-11ef-87b8-525400f334e1
6615,757180,43.657912359907826,1.9522648333439685,39633035330584684,244.9435029177216,37.7636514327388,9455,main,dark,0,d452a08d-86f0-11ef-9612-525400f334e1
6787,646199,76.11909455787617,2.249409953241136,39628438385986444,179.33269173078946,27.891142517134984,28473,main,dark,0,a3f262d7-87f4-11ef-bf88-525400f334e1
6857,657789,88.16628095846391,1.90712265582939,39628467452511657,350.9169557901679,29.169392100463934,20386,main,dark,0,cb57a568-8955-11ef-b46d-525400f334e1
6895,602024,57.24179252301034,2.302135385586065,39628330202304911,244.5025525600387,22.95250684034049,9248,main,dark,0,462433c8-86aa-11ef-959f-525400f334e1
6920,218449,61.341711373892835,2.218561582340614,39627779167230002,28.68151548580628,-0.1298955073165734,17818,main,dark,0,3ad25931-878c-11ef-aad9-525400f334e1
6939,239943,53.30112465428359,2.454940012385039,39627797949317886,68.03669092717465,0.577271608628488,23296,main,dark,0,b709e245-8a1f-11ef-af7e-525400f334e1
6948,414779,76.8128002282535,2.177889477252988,39627979910809416,142.52207441670265,7.908387116252928,4167,main,dark,0,b69bb44e-8b7f-11ef-8a38-525400f334e1
6967,184164,84.73949900926573,2.8779478898820936,39627746380353763,234.48294571729585,-1.7151822413226594,31291,main,dark,0,b7410328-8910-11ef-89e1-525400f334e1
6980,136560,88.18462173597693,2.149887453562442,39627693309827779,309.6238891078668,-4.118928066635231,30016,main,dark,0,9310f9f5-88ec-11ef-81e2-525400f334e1
7100,204137,88.18695378161728,2.223633100588883,39627766592700811,359.0072166850218,-1.0112025763994563,17406,main,dark,0,0b590770-8745-11ef-ab95-525400f334e1
7114,9777,72.00379055064762,1.9829409589528288,39627433107784304,62.78035353141789,-14.84978636983024,22570,main,dark,0,9016eb08-89b0-11ef-ad30-525400f334e1
7207,825951,58.96439835983942,2.547220166764987,39633278105291650,134.15160751215663,52.10742629137204,7230,main,dark,0,482051be-8b6d-11ef-b96e-525400f334e1
7238,818017,88.54983798581607,2.3714596709093754,39633221385719344,277.1535535224595,48.22313320245277,15066,main,dark,0,77c7435b-870f-11ef-abfb-525400f334e1
7256,112460,76.50425478255269,2.408170468747683,39627666491441417,147.41935852409048,-4.948437495454876,27162,main,dark,0,c4a3b783-87d2-11ef-9a58-525400f334e1
7258,684984,25.54390718317366,1.926094111894924,39628517578641704,214.57569037556047,31.659233898541164,10497,main,dark,0,acb62b57-8675-11ef-8f93-525400f334e1
7273,95799,86.23118372954856,2.397187752488653,39627647122147299,68.87874808528962,-5.855321336182379,22744,main,dark,0,11e8a63d-89e2-11ef-96cd-525400f334e1
7292,747611,59.24959279983,2.155988823550296,39633020432419255,210.47429339742916,37.00342387936347,10542,main,dark,0,fdf422ae-868d-11ef-957e-525400f334e1
7374,218638,78.52884085434073,2.8466436769541374,39627779305640794,36.887610751611255,-0.2663700668795423,17766,main,dark,0,e963907c-8781-11ef-91d6-525400f334e1
7412,93297,91.65106780240352,2.2625675618699126,39627643498269406,212.01064669174755,-6.098667521110673,25889,main,dark,0,24b8f557-8b5b-11ef-90cf-525400f334e1
7470,320861,94.27061986194823,2.4242907943981575,39627875795599635,29.0462669457994,3.745819693518963,17853,main,dark,0,408999ef-8795-11ef-aee6-525400f334e1
7514,192749,70.67338324937799,2.7224998240406375,39627755733651843,71.9164952542492,-1.1498279408352692,22926,main,dark,0,b761206f-89f8-11ef-b136-525400f334e1
7557,695170,80.17395458785111,2.0503063324583772,39632930829503491,202.42278819015755,32.41429085275669,10435,main,dark,0,2c76b8d4-865a-11ef-a270-525400f334e1
7638,76824,90.41785543959512,2.6597146429555587,39627624313524430,142.47204144133082,-6.649998903502149,40823,main,dark,0,a8ec5f56-8b36-11ef-bf57-525400f334e1
7681,443152,90.4254216333217,2.1362682550538175,39628019400179931,2.0437559817867017,9.737708877895084,19561,main,dark,0,e337df1e-88d3-11ef-b2de-525400f334e1
7693,210899,83.90914400870388,2.2796921826635086,39627772699607196,3.003437741897436,-0.4069897079174193,18083,main,dark,0,f6100bc1-87c7-11ef-ad9f-525400f334e1
7718,492471,81.25795805313633,2.430510842613528,39628104628441448,140.23337328669837,13.18408069683706,4222,main,dark,0,67ccbdfd-8b8a-11ef-aebb-525400f334e1
7770,455145,67.08029367569112,2.8643919278160506,39628037670572338,27.163492386849985,10.506130677563126,18290,main,dark,0,3a368f71-8804-11ef-b0bb-525400f334e1
7799,708453,76.71870331454512,2.5640526180867393,39632954904809915,111.85291604903162,33.8318978213285,6350,main,dark,0,389b45c1-8b7f-11ef-80de-525400f334e1
7869,108435,82.98452173246147,2.084772778362882,39627661223398279,192.65379222424875,-5.296645480218352,26136,main,dark,0,0f9e0e19-864d-11ef-a930-525400f334e1
7904,818028,99.79156798426878,1.95639912752173,39633221398303703,278.3838210299547,48.26112257909321,15065,main,dark,0,5a8f7515-870f-11ef-b5eb-525400f334e1
7937,483609,92.96576174251558,1.9356450392984488,39628088354541242,226.1907309809902,12.618609106868888,8391,main,dark,0,532f3381-861b-11ef-9fbc-525400f334e1
7941,147936,64.93516490509343,2.317280089344788,39627706358308828,8.502529004805877,-3.1841107613593698,17967,main,dark,0,ca5b1cf9-87ae-11ef-be83-525400f334e1
7984,723998,57.4045988939175,2.145566592968366,39632981224065690,207.64770738368523,35.04817678012231,10367,main,dark,0,626bd992-864e-11ef-bc15-525400f334e1
7992,42083,53.26758176106936,2.011884905412125,39627570731288608,161.1266675329883,-8.897038346408344,26727,main,dark,0,34b7ab08-8707-11ef-8552-525400f334e1
8017,335713,99.53229962551433,2.49213946375916,39627890974788904,215.220455847393,4.358329335893261,26072,main,dark,0,c8e967a3-8634-11ef-9241-525400f334e1
8040,801737,78.63363617759897,2.423113362836504,39633154155217535,253.85509459617364,44.327784985695665,9657,main,dark,0,769ea1fc-871b-11ef-8749-525400f334e1
8066,801686,56.01943046738516,2.191222163232029,39633154096498704,249.09216047084652,44.14465532324526,9987,main,dark,0,e9850fe8-8758-11ef-9135-525400f334e1
8075,319392,85.77476098150689,2.3094635723425543,39627874470207826,310.1489398987165,3.615293796662771,30077,main,dark,0,36d94687-88fa-11ef-b0d9-525400f334e1
8096,710734,65.69540766008943,2.7672424456757865,39632956842574405,250.2284437374214,33.774338255253795,9424,main,dark,0,e7fd0ff1-86e3-11ef-99c4-525400f334e1
8127,648634,40.9967742274223,2.308208221318973,39628444547420045,235.21245085660897,28.2981048409753,8702,main,dark,0,f701fec2-864a-11ef-8f05-525400f334e1
8136,591139,78.5446995469997,1.916840187137406,39628304096957265,3.221754205761538,22.031395938542257,19898,main,dark,0,588d14da-8914-11ef-85c8-525400f334e1
8137,770631,66.11289283170055,3.822162393769084,39633062144771630,121.82996852090749,39.19346850757315,6458,main,dark,0,983a69d8-8a71-11ef-8f5f-525400f334e1
8153,8941,82.55403934926495,3.5041569170776308,39627427076380206,51.14668749206278,-14.98084891999531,36287,main,dark,4,a6d6cfc2-8b81-11ef-b99a-525400f334e1
8178,742446,33.61198276307157,2.8337821036173994,39633011167201939,242.23326225700364,36.61592972575791,9792,main,dark,0,28b0bf03-8741-11ef-b5eb-525400f334e1
8187,843866,88.58857107171784,2.101102956436554,39633432220795221,118.3505111759334,63.87654550958488,7733,main,dark,0,99c6b4c2-85c5-11ef-becb-525400f334e1
8203,714001,96.78294717853709,3.4862107873750268,39632962135785532,269.6994579328703,34.02917615081798,32718,main,dark,0,1f03918b-8b70-11ef-94bf-525400f334e1
8208,124720,77.08650751127841,2.111667573893468,39627679334402589,195.1559013679771,-4.624673599996498,26134,main,dark,0,cc9534e3-864b-11ef-b75b-525400f334e1
8226,458825,57.27894591915875,2.4805803076849404,39628043706175288,32.49722317340411,10.766494560467686,514,main,dark,0,4265bc7f-8b6a-11ef-bc06-525400f334e1
8361,91373,60.30328453368651,1.9254453475777409,39627642319668088,141.379759977454,-6.090071438726441,40829,main,dark,0,6d3c43f8-8b3a-11ef-bf3e-525400f334e1
8400,338072,99.32451769608316,2.0134642091528323,39627893734638317,19.824909434310335,4.550455515390949,18211,main,dark,0,a47307dc-87e6-11ef-9ae7-525400f334e1
8432,544710,99.88140421769592,2.053579572382783,39628203530127266,126.72832828939508,17.37572275839838,4704,main,dark,0,099b1105-8a7e-11ef-9562-525400f334e1
8449,372686,67.00114254487808,2.3461184775271247,39627930267028551,44.57667767315008,6.110298381300861,50,main,dark,0,fdcbd026-861c-11ef-b035-525400f334e1
8456,108090,33.39850374716505,2.0667469581773115,39627661030459743,181.1054515708897,-5.29405680544752,25560,main,dark,0,ec2a3643-8d29-11ef-a1e8-525400f334e1
8469,844843,72.0502380735285,2.2251125806608187,39633442794637071,130.95887602305262,64.95091609130331,7761,main,dark,0,694e9b77-85c7-11ef-8e9e-525400f334e1
8527,781378,77.1220740931174,2.0245991616725383,39633090804451412,185.44130340555225,40.84581003177936,10895,main,dark,0,9a8d53b6-86cb-11ef-aa30-525400f334e1
8529,626864,65.66850342541095,1.9297353754166493,39628390696751556,237.81242137884993,25.684914814402173,8667,main,dark,0,8eb36bb0-8644-11ef-9f9d-525400f334e1
8565,486178,99.16683862607644,2.326883834689972,39628092867612070,141.51432969058052,12.76195739889411,4215,main,dark,0,3dc7c1bf-8b89-11ef-8fe1-525400f334e1
8566,842390,51.46555883315504,1.9928476562019748,39633415967869971,141.67448611238285,62.41761390535091,7560,main,dark,0,118adfcb-8b79-11ef-b271-525400f334e1
8575,378212,35.50568971842988,1.911541716213707,39627936269075847,43.82075560144409,6.1733045484868025,56,main,dark,0,9b48eb21-861d-11ef-9958-525400f334e1
8609,230179,81.99934257022706,2.617566147695663,39627789980142790,313.114204288973,0.0847220938324352,30038,main,dark,0,8e9d4a5c-88f2-11ef-aa65-525400f334e1
8744,571579,67.22950283285543,2.1321968153062945,39628258710390025,352.10844155094753,19.849614245400577,20070,main,dark,0,91dc01a5-8938-11ef-b1a9-525400f334e1
8856,425213,64.938226042379,2.3377252942501867,39627993269669756,226.3879082134959,8.53906516915467,8296,main,dark,0,2cd98985-8607-11ef-8df7-525400f334e1
8859,693613,53.86442046107999,2.1029939732967033,39628535433793264,29.281626912110177,32.77393275243488,2166,main,dark,0,95d446ce-895f-11ef-bc0b-525400f334e1
8947,712421,96.00410466233028,1.994442504101428,39632961213041583,203.72855789557877,34.06940728480544,10445,main,dark,0,c25fae67-865f-11ef-8d42-525400f334e1
8979,597120,70.08318567840855,2.4587929164095232,39628318890263970,234.13309374871497,22.489449333072148,8650,main,dark,0,cf06cee4-8641-11ef-937a-525400f334e1
8980,282852,50.03095216274622,2.177403670205311,39627837187033810,246.8461027600543,1.9161689856163484,31497,main,dark,4,e631878b-8970-11ef-bb1b-525400f334e1
8995,346658,48.83614644809686,2.45439850071769,39627902827893238,203.55613228770807,4.86920846271733,26394,main,dark,0,a8afaf78-86ed-11ef-a5ec-525400f334e1
9029,846418,50.25081784545509,2.2632031883190353,39633457554394074,94.45820011501536,66.60048460803762,7849,main,dark,0,7b1cb34a-85cb-11ef-a844-525400f334e1
9063,731070,88.71214819915251,1.9673829625516637,39632991860821333,262.56029327595377,35.37983365036049,9494,main,dark,0,1c59adf0-86ff-11ef-b377-525400f334e1
9074,570374,82.19060168345342,2.8302978624075825,39628255891819589,174.10064120766242,19.82713067380366,28272,main,dark,0,795bed0a-88cb-11ef-8a78-525400f334e1
9083,717658,82.63291529914322,2.6372617913238927,39632970948020082,183.7678931726884,34.613373731629544,28625,main,dark,0,82a41ba5-88e5-11ef-af1c-525400f334e1
9089,163611,86.75303413928783,2.080535067001381,39627724674831950,20.65588241900621,-2.4194742190210974,17658,main,dark,0,bc78c1c8-8768-11ef-bc1e-525400f334e1
9114,143889,37.55958757343859,2.059602333248558,39627701320945130,67.76471291958643,-3.4021875903784022,22769,main,dark,0,40cc33ea-89ed-11ef-82ad-525400f334e1
9193,368411,35.26126169126146,1.9006877963596147,39627926399881682,173.20993853818942,5.721394884096162,27095,main,dark,0,226f570c-87ba-11ef-8a1f-525400f334e1
9217,646529,81.87742439842185,2.324388493964018,39628439220651402,235.47466525843785,28.111328689971383,8702,main,dark,0,f5bbf868-864a-11ef-bf76-525400f334e1
9238,395915,94.70625798044776,2.477106687050836,39627956653395415,185.96671806947515,7.081589704711008,27718,main,dark,0,e7612577-88b1-11ef-9f77-525400f334e1
9252,417318,80.38548063626757,2.3583848446982434,39627983194952004,340.0556435869795,8.069962880137238,19296,main,dark,0,5651ae22-88ac-11ef-8bd8-525400f334e1
9285,798600,85.93496218678048,2.3564819314390486,39633144759978034,197.7910110808026,43.749938028421504,10846,main,dark,0,e177489d-86c3-11ef-9f25-525400f334e1
9333,749662,79.89431667437448,1.9217997572462904,39633024601558063,161.4703468408625,37.20134531379171,5341,main,dark,0,1da6bffc-8b8c-11ef-86c7-525400f334e1
9397,240832,78.78756778352042,2.0810361120803686,39627799358605653,152.1023048714145,0.3817441098327098,27248,main,dark,0,3427515c-880c-11ef-ac55-525400f334e1
9501,548115,84.867846961271,2.209577739344782,39628210178099358,181.6806960299389,17.7385295173911,27895,main,dark,0,f8b543d5-88bf-11ef-8960-525400f334e1
9524,678572,71.88233574864688,3.276550559474965,39628507340344262,220.15602012959752,31.354825607775545,9137,main,dark,0,2580fad3-867c-11ef-b621-525400f334e1
9539,175118,66.98212593497276,2.3222711805893614,39627737605870692,71.46937350829204,-2.0775206010423792,22923,main,dark,0,10dfd2d8-89f8-11ef-b605-525400f334e1
9540,755269,96.26522089368682,2.274303554142468,39633034009380479,145.78602244292895,37.83935430375815,5683,main,dark,0,63583c3e-8b3c-11ef-89ec-525400f334e1
9552,247902,99.81685479443762,2.9011759193948214,39627805566176009,162.10050148370632,0.8584775218946585,27047,main,dark,0,1312fd41-879b-11ef-aa64-525400f334e1
9588,86930,99.90968465455956,2.8249459964124712,39627636598641747,158.86733312895277,-6.18938347008273,26823,main,dark,0,d5f2f7cc-8717-11ef-8f4c-525400f334e1
9602,837097,78.66440591971761,2.405453518715407,39633364763805109,123.94513829534328,58.28436692607863,7355,main,dark,0,8e3d2ddc-8b73-11ef-a186-525400f334e1
9651,168284,45.28511053240915,2.798615406578364,39627729997399406,337.8005466397059,-2.4300166165317196,18678,main,dark,0,5ffc402b-8832-11ef-8c70-525400f334e1
9669,808337,91.84761882305948,2.935072134997291,39633175592304743,252.5754853898183,45.40614134389723,10000,main,dark,0,b0fa761a-862f-11ef-848b-525400f334e1
9692,720260,86.28160816924044,2.1136468733743157,39632975377206231,143.838362965086,34.73151993204465,5667,main,dark,0,23389b12-8b3a-11ef-a512-525400f334e1
9705,95763,35.09309801857622,2.968151924767906,39627647105373816,67.97174851153711,-5.7482350829183435,22733,main,dark,0,33f24460-89dc-11ef-b096-525400f334e1
9876,97878,45.084915477823536,2.839553361840867,39627649156383462,190.58387595939652,-5.763724650342814,26126,main,dark,0,5cdcd956-8648-11ef-a6e8-525400f334e1
9889,663314,63.49947651725586,2.337239630715067,39628479813129461,117.50057649808736,30.007357148867793,6245,main,dark,0,f2e1f446-8b6b-11ef-83b1-525400f334e1
9902,440803,73.10021080746282,2.5816318657391624,39628015923102041,152.16997916276551,9.47117418229774,27546,main,dark,0,486263e5-887e-11ef-bebb-525400f334e1
9925,755327,67.73257782551923,2.0216510426484224,39633034047130187,148.71433541784816,37.67110371804551,5663,main,dark,0,a577ef98-8b39-11ef-a844-525400f334e1
9935,226762,54.77564072543971,2.0831104748638594,39627787178348559,146.2211283868635,0.0575838021315882,27328,main,dark,0,c5861a2b-883c-11ef-a068-525400f334e1
9975,530633,63.77101145281337,3.261342062146253,39628175075968302,156.66795313959466,16.12760895804642,27634,main,dark,0,bbd1e4b4-8889-11ef-b105-525400f334e1
9978,312322,52.44558174483165,1.9487552113267053,39627866933039470,220.23259764013395,3.1352732021287206,25981,main,dark,0,4a2f3064-85f4-11ef-8861-525400f334e1
9983,637505,73.84084016172613,2.120787079354022,39628415917097319,112.26954183029764,26.896595401203825,6195,main,dark,0,b4bd0b35-8b5e-11ef-93f4-525400f334e1
10007,72760,45.92954221404202,2.6019461241105777,39627618592490470,159.1526070152189,-7.124445160326048,26821,main,dark,0,0bb290ff-8717-11ef-9117-525400f334e1
10017,303860,98.07819715509768,2.426693634600904,39627859664308398,146.6090602767367,3.058042923181209,27340,main,dark,0,6c5b7cd8-8844-11ef-9b09-525400f334e1
10018,316692,61.85461086284037,2.0665637655566655,39627872100423069,168.7317607135234,3.5977285464891535,27086,main,dark,0,90d191ce-87b4-11ef-be83-525400f334e1
10030,311093,81.0036476113687,2.0988903013100844,39627866324866038,183.9725646578976,3.292442264316574,26299,main,dark,0,8119758a-86bd-11ef-8bcb-525400f334e1
10031,171766,69.75198166671717,2.063188834245505,39627733537393293,188.87134102671996,-2.3083954888052776,26170,main,dark,0,9f40c7aa-8660-11ef-90cf-525400f334e1
10049,259883,99.1033912157332,2.2495561334651573,39627815754137825,49.261427667932935,1.2276049725566802,23218,main,dark,0,da397293-8a1e-11ef-a3e2-525400f334e1
10061,62971,45.556776717661606,1.9472475000171867,39627605091027183,68.84262780443748,-7.41046552762706,22724,main,dark,0,02348026-89d8-11ef-848d-525400f334e1
10088,794862,94.99727574592984,2.2845046991894815,39633132281921582,257.04580624774496,42.960560337089476,9628,main,dark,0,7cad2137-8716-11ef-bcfd-525400f334e1
10094,591032,62.94534287469363,2.160766787698849,39628304029846960,358.816717643395,21.777088101154575,20232,main,dark,0,465c1646-894c-11ef-a6c9-525400f334e1
10115,47132,76.782831925251,2.7275720094230556,39627580961198225,57.770327301811705,-8.393923821194152,22702,main,dark,0,7b48ce3d-89ce-11ef-ba0a-525400f334e1
10146,626680,60.643211581804195,2.5241119234006755,39628390528975557,226.55628874560944,25.78932792415088,8987,main,dark,0,188f877b-8651-11ef-8581-525400f334e1
10171,87107,56.53240330039034,3.0619173530335435,39627636703495230,164.9735799723256,-6.136904344942567,26914,main,dark,0,a6f2a88b-8742-11ef-b637-525400f334e1
10203,539923,60.13011749014794,2.1381688751531733,39628193811923532,241.15453940981533,16.918553055315172,8521,main,dark,0,e4a7091b-862e-11ef-b05a-525400f334e1
10229,37367,67.53351524011781,2.5860421270662792,39627557288545373,69.99823486084217,-9.474505054358538,22633,main,dark,0,69a0dea4-89b9-11ef-90ca-525400f334e1
10253,232784,81.66578359788753,2.076839948256519,39627791653672360,52.99528451902526,0.2995677585198362,23193,main,dark,0,39f30bd0-8a18-11ef-88df-525400f334e1
10321,442875,84.37199154098242,2.2123157039063273,39628019165301832,347.9792197225118,9.524853027953416,19285,main,dark,0,3414cb6f-88aa-11ef-a001-525400f334e1
10416,332974,71.99391911724324,2.075170214223819,39627889477421273,125.75953742115884,4.292319972082628,21977,main,dark,0,2c3ba47c-8993-11ef-8436-525400f334e1
10419,583141,87.11773118467404,2.789988789185491,39628285352609575,244.54510977459637,21.04639636489019,8543,main,dark,0,9b0f5203-8632-11ef-b1a4-525400f334e1
10442,692261,68.04889264235547,2.482425708482491,39628528156675119,236.6053032678968,32.12632455558433,9731,main,dark,0,51222388-8724-11ef-8a40-525400f334e1
10449,334729,67.1316650937355,2.0137697819630027,39627890471470894,185.0867445917941,4.189514682412587,26303,main,dark,0,264d5479-86c0-11ef-9ee3-525400f334e1
10490,430662,73.46340170069865,3.67052913323476,39628001129794173,339.8905184236348,8.632152192604122,19298,main,dark,0,8f77f7ee-88ac-11ef-8757-525400f334e1
10505,264966,95.22522699974616,2.3019448967855056,39627820682450722,343.17670708022223,1.1522378162684976,18865,main,dark,0,edf3d2a0-8856-11ef-b6cb-525400f334e1
10543,154359,58.475049384862075,1.9562555317142865,39627714411365160,128.7832000533549,-2.9731338110117003,21827,main,dark,0,fd1edd9f-8967-11ef-9c89-525400f334e1
10559,803032,81.40493871183797,2.626457555615269,39633158420826215,249.0215934240446,44.580976206491435,9987,main,dark,0,ddc2f361-8758-11ef-bdc5-525400f334e1
10624,704612,86.66808509843491,2.144593535482997,39632946474255317,230.53823189566165,33.168711675418756,9084,main,dark,0,edfaa761-866e-11ef-afdd-525400f334e1
10626,810577,93.56000785238405,2.232230200788728,39633184110937481,258.62807993539195,45.94346645451705,9696,main,dark,0,fe581d22-871e-11ef-a3c1-525400f334e1
10665,163412,97.81478939203885,2.062463521401168,39627724293145480,357.7981743184224,-2.8435054409079332,17402,main,dark,0,3ced00ba-8744-11ef-b908-525400f334e1
10800,491127,63.74671043937795,2.2007319262108287,39628102409653972,4.553180986107103,13.174762334722477,19582,main,dark,0,c39bb713-88d7-11ef-bc6c-525400f334e1
10949,343353,96.70647548968805,1.993030349924126,39627899342426419,355.19835011192896,4.565273440658029,19498,main,dark,0,7e1110f3-88c2-11ef-a752-525400f334e1
10957,133992,59.276254066650594,2.1102733483493177,39627690579330429,146.50691319216537,-3.984992338599641,27184,main,dark,0,3d919cd6-87e1-11ef-876e-525400f334e1
10965,609452,82.24598744620194,2.307956516745284,39628347138901157,262.66844070461184,23.634255624649075,32468,main,dark,0,1b1040af-8a14-11ef-a4c4-525400f334e1
10970,47155,82.85484798589444,1.9240213139193632,39627580973781571,58.527539797794965,-8.592053346856137,22702,main,dark,0,6dce6cee-89ce-11ef-9d46-525400f334e1
10990,78103,60.17237695475857,2.2771135065245316,39627625110442001,190.24763807633624,-6.67828063962901,26123,main,dark,0,b22bb787-8647-11ef-9a90-525400f334e1
11035,646525,43.37674081288498,2.2886663468329784,39628439216460311,235.3740581265312,27.974484413380996,8699,main,dark,0,03af1876-864a-11ef-ae68-525400f334e1
11216,651666,64.61403318824097,2.2466437934021575,39628452172661291,31.077296957838403,28.63796166109717,2129,main,dark,0,689bae55-895a-11ef-9e10-525400f334e1
11293,349954,95.34994953937792,2.5292333859815868,39627906187528259,44.20003072708791,5.003937247593733,37,main,dark,0,b7342efd-8618-11ef-8d0e-525400f334e1
11301,641644,74.82745174991133,3.2505515965848844,39628426797124943,120.22851431601732,27.50895858696748,6213,main,dark,0,909f6cd4-8b63-11ef-a911-525400f334e1
11317,92706,93.67114229099975,2.604112401362793,39627643091419846,187.56624553114185,-5.938050367306347,26146,main,dark,0,205c803a-8652-11ef-8b57-525400f334e1
11325,710730,52.30418022897809,2.546216818966984,39632956838382966,250.0936071726849,33.66521800997174,9424,main,dark,0,25e85360-86e4-11ef-aff7-525400f334e1
11332,14725,80.536372559591,2.244774333137699,39627468306387128,63.51269315895885,-13.368466429532958,22574,main,dark,0,6b4ff734-89b1-11ef-9ecb-525400f334e1
11380,665545,76.94625414053026,2.4209013564479065,39628483621552804,18.817072731803115,30.20969414865784,2201,main,dark,0,97ac63e7-8998-11ef-b53a-525400f334e1
11392,579725,59.8918861248555,2.6740355619939455,39628276292912214,27.30807515973834,20.695164540266653,690,main,dark,0,e28df5a4-8b56-11ef-adab-525400f334e1
11430,845028,86.37702143897974,1.9284723934247792,39633445109891995,96.36885280131736,65.35210160048722,7842,main,dark,0,6a90e0a7-85ca-11ef-8853-525400f334e1
11476,85399,65.57875497255729,2.343615933902221,39627634858005022,54.482681065194,-6.257587807765623,23073,main,dark,0,3455171d-8a07-11ef-98a5-525400f334e1
11490,148972,71.98100425557166,2.4473536144269685,39627707348158467,67.44902940769038,-3.3440675847019317,22771,main,dark,0,58bae14c-89ee-11ef-a630-525400f334e1
11508,477142,56.65352920859107,2.3302192845445777,39628075691937897,174.56668480579197,12.121644602911305,27830,main,dark,0,1635068e-88bd-11ef-ae01-525400f334e1
11517,783237,78.83025455442034,2.0528286551238204,39633095992804945,233.326341352739,41.061878914934866,9875,main,dark,0,5848964e-8751-11ef-ba55-525400f334e1
11524,26911,79.2526444811923,3.406351045856573,39627521058150909,37.313652697463354,-11.04140971686894,36769,main,dark,0,25f2e322-8ba9-11ef-8135-525400f334e1
11528,303463,93.25972558187104,2.1093763471661098,39627859433622560,132.90743979378053,3.1204913688982843,4129,main,dark,0,81b74264-8b72-11ef-b223-525400f334e1
11534,735935,99.9918700308562,2.468411952502114,39633001063121851,216.763849785923,35.93692786925025,10524,main,dark,0,6d34d871-893c-11ef-83c4-525400f334e1
11541,145662,83.20556382491515,2.7249585303321475,39627703158049703,177.37592116675617,-3.496610235130745,25581,main,dark,0,a3698ab8-8d34-11ef-93a4-525400f334e1
11558,67161,72.2433897737247,1.9504481352574852,39627611038551435,65.8704607215254,-7.363003807774537,22730,main,dark,0,8ef01171-89da-11ef-af26-525400f334e1
11573,849478,85.64530904257326,2.106267513109689,39633489410130999,132.31246679193836,70.12019813391962,7947,main,dark,0,7c080458-85ce-11ef-8b13-525400f334e1
11578,208114,46.184067385848245,2.3442807876901033,39627769918783741,197.26037099436456,-0.754142333495104,26191,main,dark,0,244fae41-8670-11ef-ae9b-525400f334e1
11579,818529,32.86861110389844,2.247825399242275,39633225227700453,260.9667888587482,48.48693159111663,9708,main,dark,0,16cb40d5-8720-11ef-a07c-525400f334e1
11588,708451,94.53320228970765,2.5944271833667476,39632954904809310,111.81960217395536,33.82361089325187,6350,main,dark,4,53e8e868-8b7f-11ef-b7cf-525400f334e1
11606,497236,33.71213805404561,2.3361069796959675,39628113906239102,347.7506171648075,13.622437801216911,20004,main,dark,0,e179f459-892e-11ef-9904-525400f334e1
11647,523920,53.758384369032925,2.2902434719498745,39628161402540095,30.341707094837425,15.63628614407726,558,main,dark,0,52a0cede-8b74-11ef-94e2-525400f334e1
11684,655585,73.63714747992663,2.1146716345885936,39628462155104391,349.45022552851907,29.008254929321694,20221,main,dark,0,ccdee76c-894a-11ef-bd2a-525400f334e1
11698,802900,96.69040206371896,2.0727098269856534,39633158076892520,220.31668550499967,44.45211687337873,10612,main,dark,0,341b55b3-8699-11ef-ac0f-525400f334e1
11757,73415,41.86947767766381,2.390341819768866,39627619024506240,185.20469125685435,-6.9621854030837635,25465,main,dark,0,92b0c032-8a24-11ef-b240-525400f334e1
11803,573988,86.17101230035532,2.0074191917192055,39628264196540639,339.4202015829741,20.039161275356843,20139,main,dark,0,03a618df-8942-11ef-b2c9-525400f334e1
11811,448553,50.930147255207814,1.907308088986979,39628027914619131,156.7899294605816,10.037436041256123,27541,main,dark,0,9583bf6a-887d-11ef-b1e8-525400f334e1
11845,483290,92.2716839789478,2.140152965790116,39628087171748176,154.1593463018143,12.551759535942564,27616,main,dark,0,4f8ef2f3-8887-11ef-997a-525400f334e1
11882,185064,75.99695398186776,2.9241814319883774,39627748322313766,350.03792173360995,-1.8379573608334625,18743,main,dark,0,8504765f-8839-11ef-84a3-525400f334e1
11894,649685,80.18824269495222,2.2733496584188257,39628446942367926,37.127546792489355,28.481624342288654,929,main,dark,0,8562cfc3-8655-11ef-9dd9-525400f334e1
11933,310003,98.31331412184744,2.767632950182127,39627865762824288,150.2117027711252,3.1364149471939244,27259,main,dark,0,e4524e1c-89a5-11ef-bb95-525400f334e1
11985,789137,80.95377859404948,2.966461478902222,39633114338691828,249.58614880650933,41.92986215378867,9641,main,dark,0,c0d4414e-8718-11ef-bb5c-525400f334e1
12084,761485,45.56758568416436,2.1551491616428966,39633044046350338,182.68322533866584,38.34880935289308,28639,main,dark,0,6b94b2ba-88e8-11ef-b6db-525400f334e1
12092,41469,78.52936945015625,2.6600390185505662,39627569020014665,58.06855991664515,-9.12365433628915,22699,main,dark,0,2c4cc541-89cd-11ef-9219-525400f334e1
12096,553629,96.45471498230955,2.3006943541516756,39628220894547788,132.12491196365934,18.314473264598163,4691,main,dark,0,48035259-8a7c-11ef-84d0-525400f334e1
12142,311913,71.14682012209087,2.1362226081377855,39627866723322446,207.6470463340116,3.2090068547415154,26046,main,dark,0,d1dcbb0f-8622-11ef-9e35-525400f334e1
12168,491417,36.20726491994284,2.2686313881313085,39628102644536188,18.96957845930183,13.345622572819089,18402,main,dark,0,b1ec681c-881c-11ef-abd7-525400f334e1
12196,281684,95.64944412601857,2.253183178536647,39627836536915993,208.09069761477,1.9437424626854127,26035,main,dark,0,c157e4a8-861a-11ef-bfb6-525400f334e1
12211,319825,62.78924810780738,2.5237012139864943,39627874772192620,328.0836810324751,3.437613907826751,19154,main,dark,0,5bb67b2d-8897-11ef-851d-525400f334e1
12233,802793,67.67637899721795,2.1335150327486785,39633157883953306,204.12950291781584,44.5820331292747,10671,main,dark,0,874dc3a1-86a1-11ef-9562-525400f334e1
12296,295867,85.29037263777224,1.9076404968406784,39627850709471699,332.9408850929486,2.4211096536517034,19062,main,dark,0,7c99a7cb-887e-11ef-a55c-525400f334e1
12306,202145,59.672698319038915,2.305846850906394,39627764206144246,216.87915174693447,-0.9060046651513826,25955,main,dark,0,83780bac-896f-11ef-82b7-525400f334e1
12387,227441,41.53317660585416,2.676117473502085,39627787534862882,167.36462989377532,-0.0908461661598708,27028,main,dark,0,aab50836-878d-11ef-989d-525400f334e1
12390,738819,57.09986889682049,2.8138048538283904,39633005966265594,218.01728569225185,36.31705434097515,10519,main,dark,0,5b1bac23-8682-11ef-b0e7-525400f334e1
12409,211594,72.23743542872454,2.138411007915534,39627773140009612,29.265031025050007,-0.449349006615528,17816,main,dark,0,4f782f55-878b-11ef-840f-525400f334e1
12446,856295,60.400791370453575,3.3309495596699703,39637174110390368,121.8475237304852,25.13843392978227,4839,main,dark,0,42ccbf94-8b51-11ef-b161-525400f334e1
12502,318241,67.85079968140832,2.257530141188354,39627872926696236,217.8375046284176,3.490865847975222,26065,main,dark,0,26cfa44b-8630-11ef-b7c4-525400f334e1
12563,147562,59.7275354100734,3.592141163793646,39627705653658672,326.2357122315405,-3.619981965312343,18992,main,dark,0,bd645032-886b-11ef-be0b-525400f334e1
12624,829922,84.11560565278828,2.7969543259427483,39633312200786911,267.10091997409813,54.12658428495086,10070,main,dark,0,424533c0-8637-11ef-870f-525400f334e1
12637,850842,81.28734188843652,2.281636636731587,39633527637017277,128.62013873322704,75.17517846198902,7994,main,dark,0,45d897f2-85d1-11ef-8d44-525400f334e1
12640,703757,66.77985136618842,2.6533836955593135,39632945996103954,196.44302650052208,33.18043523120433,10425,main,dark,0,0eea7693-8655-11ef-b6bb-525400f334e1
12712,701635,39.79298357508044,2.144220827183642,39632941373981904,228.00580928012147,32.904560453742945,9082,main,dark,0,c732cb9c-866d-11ef-88e6-525400f334e1
12731,484629,85.02771737990064,2.0381914893451643,39628090418135846,351.8591700457641,12.375000059395404,19984,main,dark,0,c3f87fb2-891f-11ef-82d8-525400f334e1
12747,468693,43.60758597852658,3.804706821387276,39628060953152562,358.3758433527709,11.32931562387084,19656,main,dark,0,666267fe-88e8-11ef-bf53-525400f334e1
12819,729086,69.42636380458127,2.252897602740372,39632990627693338,172.4157828754858,35.53354911314549,5398,main,dark,0,12c94721-8b91-11ef-b135-525400f334e1
12826,294705,60.001703108462074,2.2821162491429123,39627849090470599,236.45716852056407,2.404892567867891,31430,main,dark,0,706e7f11-894b-11ef-a947-525400f334e1
12830,367686,59.01707273244954,2.115284704992148,39627925909144860,143.65246962251257,5.827409749123756,27373,main,dark,0,efa44e41-8850-11ef-95af-525400f334e1
12849,619734,63.94801204543255,2.158669084706677,39628373328138716,173.91842817187904,25.0743893649258,28544,main,dark,0,188ba168-88de-11ef-9969-525400f334e1
12859,683530,88.09661594467745,1.9174385882974407,39628514743291990,16.322198465852345,31.705928363927736,2226,main,dark,0,beddaf66-899b-11ef-9ae3-525400f334e1
12960,755243,99.90563190511352,2.161420850299047,39633033988408909,144.1849888447844,37.68678768874739,5677,main,dark,0,319b338c-8b3b-11ef-8de1-525400f334e1
13007,97782,46.77575713022245,2.627975699765694,39627649076692052,185.8273945370081,-5.686919189326645,25471,main,dark,0,9413159b-8d1d-11ef-8cf0-525400f334e1
13019,284565,93.64795070758495,2.7612643748852626,39627839451963976,21.980964667131317,2.167568241484319,18185,main,dark,0,f4575446-8707-11ef-8633-525400f334e1
13067,822002,46.65754497592451,2.3487439396568504,39633248942294763,261.0761685595435,49.932010925778734,9710,main,dark,0,594f706f-8720-11ef-bf9d-525400f334e1
13093,821976,80.43601990456156,3.1862326065203037,39633248904548569,257.8021020693302,49.97041517071392,10050,main,dark,0,60461f76-8635-11ef-bbbc-525400f334e1
13177,800771,68.23843472963009,4.32932217944943,39633152578161414,123.17135860851972,44.35806007472572,6595,main,dark,0,0a3ba244-8b3d-11ef-aad9-525400f334e1
13187,422147,61.789136025129366,2.305918596046555,39627989301859971,347.625995482492,8.151800205050998,18942,main,dark,0,2ab60cc3-8866-11ef-acf3-525400f334e1
13195,471724,57.10737534793255,2.5805032558205423,39628066460273085,333.0749759054728,11.479928360331153,19380,main,dark,0,f05e094f-88b5-11ef-b400-525400f334e1
13220,443132,94.1274100167967,1.9202466404422265,39628019383404597,1.1563042048133236,9.752450607043256,19562,main,dark,0,270f565b-88d4-11ef-a23f-525400f334e1
13235,404124,65.77700418617246,3.018823105598032,39627965960556191,24.585274295355365,7.552331918537972,18229,main,dark,0,0131a742-87ee-11ef-bc60-525400f334e1
13251,180339,88.85012134606023,3.681375458430703,39627743276567601,49.39055306235544,-1.6706043157084034,23179,main,dark,0,28fc2d8e-8a15-11ef-9034-525400f334e1
13357,531275,51.01061729246241,1.9071037641644009,39628176430729303,240.69407847831445,16.130870074782973,8520,main,dark,0,ba0b875d-862e-11ef-ba81-525400f334e1
13367,175037,80.3491662437401,2.182897133910232,39627737568116862,69.00236171929998,-2.064018348308346,22775,main,dark,0,2c913f06-89f0-11ef-8982-525400f334e1
13371,234120,37.78202800328874,2.487476173431953,39627793436249904,159.23064234656928,0.2359467412829567,27049,main,dark,0,8930d58a-879c-11ef-bee5-525400f334e1
13383,513995,87.09271265709533,2.6529286028024046,39628143564161886,9.61887934982967,15.05412620175967,19751,main,dark,0,4e203ac8-88fa-11ef-b936-525400f334e1
13389,154476,69.13381560218524,2.077460929943443,39627714474281919,132.62688058106,-3.080555808510336,40943,main,dark,0,dda0a296-8b59-11ef-8524-525400f334e1
13409,754332,81.07913074606833,1.9013886195512144,39633030544884466,245.7084301414396,37.53424664749238,9453,main,dark,0,4f190f88-86f0-11ef-b2b0-525400f334e1
13446,410836,62.888382590997544,2.048320811465328,39627974625990519,185.04131898721025,7.677646053387311,27721,main,dark,0,87e4ebb8-88b2-11ef-8e51-525400f334e1
13468,641014,93.80596112035386,2.109017173818885,39628424603501603,333.08821449612896,27.226943516545635,13446,main,dark,0,c52055f6-8705-11ef-8084-525400f334e1
13489,753881,98.71793072285703,2.731744104369306,39633030247091712,223.6575356384888,37.39663539550574,9208,main,dark,0,da67cfec-86a1-11ef-ad9a-525400f334e1
13536,118964,60.25078787125895,2.2788770446253386,39627673110053271,183.02405056360672,-4.863881408742211,25558,main,dark,0,175617ef-8d29-11ef-b567-525400f334e1
13579,119367,96.8157196933886,3.0671094895478443,39627673323967771,196.0355869582995,-4.86850065850866,26133,main,dark,0,1b50c89f-864b-11ef-8bbd-525400f334e1
13621,208539,97.98929610357148,2.340470318859747,39627770136889703,210.3298844282794,-0.6330791770967146,26003,main,dark,0,83cec0d7-8603-11ef-8233-525400f334e1
13624,388964,87.45756283748713,2.2771205898633964,39627948172513014,37.40075972458898,6.869181996641556,138,main,dark,0,4c1f4d3a-8623-11ef-b999-525400f334e1
13663,466106,41.50524289405746,2.5598484836933757,39628057027286076,120.09886303249502,11.316917547861957,22388,main,dark,0,1da18872-89ab-11ef-a140-525400f334e1
13677,96724,93.7758892084302,2.767863422611279,39627648434967256,147.59272128452255,-5.728494439117992,27160,main,dark,0,15ce7726-87d1-11ef-9410-525400f334e1
13726,18712,82.7341025499244,2.083100591355149,39627490997570218,9.061862525938016,-12.237338104133858,16890,main,dark,0,599e6ba6-8729-11ef-bb59-525400f334e1
13759,732797,93.4256846067763,2.971329090483142,39632996080288177,211.047283985402,35.77880870935348,10534,main,dark,0,2af386f7-868a-11ef-9773-525400f334e1
13773,139901,80.46618805743095,2.4029457483673355,39627696883370940,162.8634963389441,-3.708360092468504,27010,main,dark,0,36bcb85b-8781-11ef-9bae-525400f334e1
13815,401662,70.19102754676285,2.535295989733939,39627963355895674,228.32156996962817,7.215655245514311,8266,main,dark,0,2ffb6e14-85fc-11ef-bc07-525400f334e1
13863,146635,61.843103758077,2.1834082630396257,39627703648781912,206.5966363112008,-3.4390666802737,25992,main,dark,0,efda08d6-85fb-11ef-be6b-525400f334e1
13865,794594,97.11643901332394,2.7036871651685104,39633132076403451,240.5762665262578,42.943411579617354,9831,main,dark,0,f7c6e20c-89c9-11ef-85d8-525400f334e1
13874,81887,78.97551903922745,2.9332419877083047,39627630466566940,151.23877501143167,-6.536769676746054,26812,main,dark,0,0b38c01d-8714-11ef-b045-525400f334e1
13958,666827,97.65142965806292,2.3854622254412954,39628486700174823,231.0712344517563,30.28642885443516,9050,main,dark,0,30f8669d-8661-11ef-971f-525400f334e1
13965,44239,67.06402883486318,2.138229483407208,39627575068198016,62.490869126409734,-8.71295515821108,22705,main,dark,0,be64b8c7-89cf-11ef-92bf-525400f334e1
14041,383701,89.06275314857224,2.3607813236183155,39627942279512366,44.00392302660827,6.383428587519266,56,main,dark,0,8c35b90b-861d-11ef-bdfe-525400f334e1
14078,530940,77.90559131605517,3.0809261827422274,39628175503789220,183.30994904594368,16.300132683070913,27871,main,dark,0,8a8dca1d-88be-11ef-a267-525400f334e1
14117,444663,71.22773071129609,3.5987494606558244,39628021845463628,150.07013754541745,9.645951463011505,27558,main,dark,0,25e74ebc-8880-11ef-a130-525400f334e1
14141,268232,90.9250547044726,2.023911447443243,39627824008531330,181.4100788933052,1.551631716854507,27652,main,dark,0,5be01834-888e-11ef-88b9-525400f334e1
14257,154103,75.95789603622703,1.972813873824253,39627713404735582,68.91169042167257,-2.942540225572265,22772,main,dark,0,c96ffeca-89ee-11ef-b949-525400f334e1
14271,39306,89.86542719779345,2.0786238862939332,39627563210904657,67.5135223633161,-9.19679943717103,22720,main,dark,0,d8b79a5a-89d6-11ef-9d54-525400f334e1
14333,113375,91.96409806135873,2.3722309283794916,39627666990567193,177.3776857518341,-5.122687927520502,25571,main,dark,0,94630710-8d2f-11ef-a5bd-525400f334e1
14349,311941,75.32125174278026,3.1106611258141177,39627866735905885,208.43267824860663,3.3581573843145924,26045,main,dark,0,039bd8ac-8622-11ef-84a0-525400f334e1
14390,478940,67.98435128781539,2.7502064921628397,39628079034796452,18.05800411437887,12.240222986615471,18359,main,dark,0,804c5174-8815-11ef-8195-525400f334e1
14414,840162,83.41321896027802,2.566208607209901,39633390990789179,287.5141110765001,60.14336339851536,15317,main,dark,0,8db260a6-871b-11ef-a9b9-525400f334e1
14440,291840,44.28613174189264,2.703737357692833,39627847551159225,144.6289319494419,2.5856622269968748,27339,main,dark,0,87f0d040-8843-11ef-bf06-525400f334e1
14475,577537,88.49588398447058,2.3828034580764657,39628270794183825,37.849077971025906,20.60171687222015,615,main,dark,0,59db3ceb-8b4a-11ef-a1ca-525400f334e1
14489,58790,41.8386356396342,2.2718126859432592,39627599118336168,69.83596578975569,-7.845515018891214,22639,main,dark,0,d29bdb89-89bb-11ef-bf33-525400f334e1
14490,41775,90.68169652377296,2.060302561394977,39627569217149016,70.00024137651417,-8.892707246862415,22636,main,dark,0,70b9c364-89ba-11ef-a7d4-525400f334e1
14504,115998,73.7875558720021,2.68201852011195,39627670488616459,26.42643197549427,-4.6984479235466035,17622,main,dark,0,da494486-8761-11ef-bf15-525400f334e1
14541,225746,69.64582896326327,2.350690623482275,39627785555150640,49.34410860027466,-0.0837396519945945,23205,main,dark,0,87568e89-8a1a-11ef-8b03-525400f334e1
14569,491910,55.92510123847594,3.0078619794669863,39628103034602455,42.61494241003138,13.27892968430224,225,main,dark,0,a0aa5883-8922-11ef-89d3-525400f334e1
14571,32215,75.98045890014842,2.643077871104957,39627539370479674,66.69487992211212,-10.187446012963646,22676,main,dark,0,303a30a4-89c7-11ef-b049-525400f334e1
14576,424901,75.17181871309784,2.552589098927834,39627993001235745,210.2779826259948,8.564918315784679,26450,main,dark,0,539ae850-86fa-11ef-9cf0-525400f334e1
14589,800858,30.026222802795527,2.2958382288723262,39633152771096895,138.93905562256475,44.24400896477757,5816,main,dark,0,ccadb1a3-8b42-11ef-a95c-525400f334e1
14634,553675,79.7528584685097,3.1530305323015715,39628220923908539,133.99165183701805,18.15275892225771,4350,main,dark,0,854e3409-8baa-11ef-a993-525400f334e1
14665,367078,67.786275493674,2.060422350952315,39627924260784727,45.03585329263211,5.785750595987323,48,main,dark,0,6e32bfc5-861c-11ef-8d7f-525400f334e1
14725,389192,85.8384710287542,2.222232706969795,39627949556635227,120.38615481972316,6.627722756155449,21999,main,dark,0,5ccc4313-8998-11ef-8548-525400f334e1
14766,788975,68.30342862371083,2.3192082962352787,39633114204473612,238.85351933266296,41.95134864327332,9833,main,dark,0,928b14e6-8749-11ef-ae80-525400f334e1
14815,464009,89.46403171763248,2.469557930557266,39628052895894676,229.4696387850732,10.891845318289006,8306,main,dark,0,592bf6f5-8609-11ef-9ef8-525400f334e1
14845,685490,73.4386534046934,1.9343811975735552,39628517868048746,234.7768573390645,31.745239097017365,9736,main,dark,0,1b2f83a0-8727-11ef-ac11-525400f334e1
14850,526872,86.8922188626358,2.5866665750702005,39628167261979182,32.50723363122392,16.0470250844217,568,main,dark,0,99cb3088-8b75-11ef-84df-525400f334e1
14885,853406,87.79783455350287,2.6138561316732187,39636588027712670,69.74109300683266,0.1303068284882996,22953,main,dark,0,dd48d5d7-89fb-11ef-829f-525400f334e1
14889,599307,96.4631420832897,2.4052103966591174,39628323613052743,178.83251296354044,22.68707634249276,28427,main,dark,0,b7724b83-88d3-11ef-92a2-525400f334e1
14951,410571,95.07928806654928,2.431404318730624,39627974386911395,170.53824746481175,7.80277151440587,27127,main,dark,0,01e8e333-87c5-11ef-82df-525400f334e1
14954,641104,69.56750780996367,2.8335168932461103,39628424926464485,354.81409778076636,27.23194001547916,20358,main,dark,0,74ed1865-8955-11ef-8161-525400f334e1
14967,195142,52.22354200141939,2.130285896025179,39627757876937281,199.5275088758692,-1.2431639310960003,26194,main,dark,0,187156c7-8672-11ef-9eae-525400f334e1
15003,685085,91.62449295201228,1.9970875903393048,39628517633164196,218.15052766725225,31.694418302985685,9144,main,dark,0,44bcf7c5-8680-11ef-8cf7-525400f334e1
15009,278562,78.52883300498243,2.234259967282601,39627833542181444,29.515597667787052,2.073117400173744,17844,main,dark,0,cab23d99-8793-11ef-ae1f-525400f334e1
15022,62844,30.098209904900305,2.013093793014609,39627605015528277,64.23336367718987,-7.472491628889784,22709,main,dark,0,a6ab33c1-89d1-11ef-bde7-525400f334e1
15041,31832,99.38536698267858,2.603099434513937,39627539051711192,47.29757274966207,-10.31881355821236,36707,main,dark,0,16eecc5f-8b9d-11ef-9471-525400f334e1
15062,253905,94.97472887772196,1.9465035320558008,39627811232681722,139.95500084923322,0.9365066201714108,27314,main,dark,0,58b8f6b7-8835-11ef-87d9-525400f334e1
15071,657567,63.41313688220946,2.045543358274672,39628466273917812,270.68536216146276,29.31489946712614,32575,main,dark,0,17f51fc6-8a23-11ef-ae0b-525400f334e1
15082,195493,89.38798659053123,2.070435423993534,39627758061487049,210.5377742775713,-1.340486558706158,26002,main,dark,0,233f7a2d-8603-11ef-83fa-525400f334e1
15091,236625,65.46006798847856,2.1969319458889656,39627794749065631,237.34708332039,0.1756178732542419,31338,main,dark,0,394d4b54-891b-11ef-b8c1-525400f334e1
15108,142383,84.65438966855562,2.1201409084806495,39627700092012207,354.3180374858131,-3.727070858119325,18752,main,dark,0,f9c9f646-883a-11ef-af39-525400f334e1
15131,208113,88.76050039370445,2.1378260862469607,39627769914594967,197.2496895419932,-0.8173401447566337,26191,main,dark,0,e914186e-866f-11ef-8144-525400f334e1
15139,85553,92.87750804324725,2.4028625344247616,39627634971248735,61.204448861133585,-6.308594343327841,22718,main,dark,0,043e76f6-89d6-11ef-883d-525400f334e1
15161,566497,84.91603465646979,1.9225618734874856,39628247511600051,4.969559537126924,19.39451606575038,19877,main,dark,0,9ee4d40b-8910-11ef-854c-525400f334e1
15209,548457,76.13639870806303,3.0096632621937753,39628211130208369,241.25551796985155,17.75446187551082,8526,main,dark,0,c01c14e1-862f-11ef-8749-525400f334e1
15221,127998,78.55076035280264,2.3121993364641225,39627684245936016,128.6604241976802,-4.254362808105929,21781,main,dark,0,7d0140bc-8964-11ef-8192-525400f334e1
15227,789175,75.6512277111477,1.9955803020247085,39633114372243796,252.0897927859976,41.96745198773796,9637,main,dark,0,e2b3b8d4-8717-11ef-8c07-525400f334e1
15242,242443,61.06411371459976,2.670572971868124,39627800239409760,204.62082608492292,0.5507959336284024,26025,main,dark,0,b2c5cbd3-8613-11ef-977e-525400f334e1
15247,627256,73.27939266625654,2.5352801426860156,39628391145543993,267.42741604018767,25.791724508209956,32557,main,dark,0,217e56e6-8a20-11ef-a667-525400f334e1
15277,335357,70.37808242650212,2.180342333472779,39627890811213312,205.53335737809843,4.2780577631474745,26387,main,dark,0,44f51bf7-86ea-11ef-879d-525400f334e1
15341,412308,69.15512309123042,2.4308400934388965,39627975863308922,259.3064089938633,7.760477689007803,31228,main,dark,0,bc069f2c-890e-11ef-8093-525400f334e1
15350,101280,90.85361340657104,2.3549648577513107,39627654155998442,130.01745247968233,-5.584799695293568,40893,main,dark,0,4ac0c0fd-8b3f-11ef-b56a-525400f334e1
15396,430347,53.738000363712736,1.9348787309922464,39628000773276386,318.30612149855466,8.873158457015736,12387,main,dark,0,7978260c-86ed-11ef-a766-525400f334e1
15483,545085,71.24772473110006,2.317197561718223,39628204008279419,156.6134634826353,17.49178989800333,27643,main,dark,0,b88d5642-888a-11ef-a20b-525400f334e1
15499,178690,57.86973020124917,1.9834306220879083,39627741603039551,309.5613538711663,-1.9976517125896305,30028,main,dark,0,b717fd4b-88ee-11ef-902f-525400f334e1
15542,551366,86.92990898203927,2.5871806277982503,39628216888985267,241.22446473135727,17.877476839033648,8526,main,dark,0,bf472e49-862f-11ef-a0d0-525400f334e1
15584,89319,98.79270453001998,2.3198440418920834,39627640088299801,7.8569192545212205,-6.1186756615909115,17954,main,dark,0,3b5bb20b-87ad-11ef-90f8-525400f334e1
15587,720149,92.06237359083669,1.9146846803502775,39632975058439058,120.69051563891612,34.78761535344214,6435,main,dark,0,f6c57aae-8b92-11ef-aa8a-525400f334e1
15599,378216,79.51436023499981,2.1300057601589866,39627936273274079,44.21449449980576,6.1994631613005575,50,main,dark,0,f8aa8e38-861c-11ef-8d6f-525400f334e1
15603,619688,99.62998544008356,2.2258947202089057,39628373269414907,169.88569385005417,24.93926395990053,28379,main,dark,0,01ca97c3-88d1-11ef-acd0-525400f334e1
15628,279058,98.54832750627958,1.9486316039825915,39627835165379060,126.33380401714392,1.963100674965448,21871,main,dark,0,e6841769-8980-11ef-bb9c-525400f334e1
15632,585019,27.22586219778158,1.932966429443989,39628289936983365,177.11960018844184,21.16242724085965,28255,main,dark,0,c74f8757-88c9-11ef-a79c-525400f334e1
15667,753506,41.882360387263155,2.072482185360982,39633030045764759,208.5235423460059,37.388168617695825,10625,main,dark,0,faa0703f-8699-11ef-8b05-525400f334e1
15744,267216,95.99807775766332,2.6854105397788186,39627823467466330,149.161358131046,1.452203995345616,27247,main,dark,0,513d2726-880b-11ef-abac-525400f334e1
15777,4624,69.11675548211369,2.948409984373272,39627386119000523,35.09275475628888,-16.733699233953907,36551,main,dark,0,c09b9576-8b8b-11ef-903a-525400f334e1
15843,825491,49.47598303791708,2.3621217470660567,39633274649185930,161.86851661852873,51.86162561125072,5947,main,dark,0,5e070abf-8b48-11ef-820b-525400f334e1
15914,300094,99.03328156069568,2.09105207031426,39627854803109141,216.81495612701855,2.85840987025154,26064,main,dark,0,7990e91a-862f-11ef-bfcc-525400f334e1
15930,693329,72.52990673863575,2.4674040062641964,39628530153161752,16.8896270936396,32.38059061588886,2227,main,dark,0,de78f633-899b-11ef-9308-525400f334e1
15935,508277,88.31290078658232,2.400876111972699,39628133908877687,135.63407832580643,14.454932283284274,4314,main,dark,0,9452456f-8ba3-11ef-b827-525400f334e1
15950,423500,42.84796734183265,2.098712985642023,39627990178464964,40.21871293032814,8.592441426929291,141,main,dark,0,fc24c75f-8624-11ef-b3ba-525400f334e1
15971,464976,92.72771580010728,2.6467200936755537,39628054745580919,341.50580545368996,10.891622913999068,19309,main,dark,0,edd1c263-88ad-11ef-a91a-525400f334e1
15995,440695,95.11048272516628,2.9045006130908964,39628015797272923,144.5700485747387,9.421610689304394,4182,main,dark,0,657a51b7-8b83-11ef-9ea3-525400f334e1
16011,438931,92.7535740193468,3.4329384429488807,39628013230359968,349.68379315012373,9.25627053702155,19626,main,dark,0,af4a1fa2-88e2-11ef-abec-525400f334e1
16031,489056,69.06977497762821,1.9094752272276696,39628098546700875,128.42270495469975,13.046961071550738,4286,main,dark,0,3b3e5d39-8b9e-11ef-909c-525400f334e1
16069,757195,70.48426470675376,2.0045449389754126,39633035338975225,245.72331503574247,37.737584390432765,9464,main,dark,0,98a76a35-86f4-11ef-825d-525400f334e1
16074,546445,75.48692967848993,2.6604034588768144,39628207154005326,352.7469336454371,17.46639446002825,20043,main,dark,0,593d8fa9-8935-11ef-bf9f-525400f334e1
16125,402775,74.19030832225464,2.2674550277018075,39627965037807137,329.1069820107508,7.351675387835469,19360,main,dark,0,753f26d6-88b4-11ef-8df5-525400f334e1
16158,693747,42.7576153631424,2.0332853614775903,39628539875560602,343.27601310648987,32.75392407412239,13430,main,dark,0,e0e1aa95-8704-11ef-8554-525400f334e1
16197,396658,81.26819129810872,2.865598075997522,39627957374815067,229.2134045264186,7.005050310685863,8264,main,dark,0,f08946db-85fa-11ef-a16f-525400f334e1
16268,92280,74.5778828304275,2.284562404571156,39627642848150075,172.99123616978517,-5.898059138534363,26900,main,dark,0,1e068125-873c-11ef-b996-525400f334e1
16287,92774,64.31908939024788,3.9851483755539534,39627643154334298,191.3255145475788,-5.95919821770566,26125,main,dark,0,3fde4c8c-8648-11ef-bac2-525400f334e1
16322,109183,65.11567284984442,2.946423911686668,39627661638635881,217.55765645840367,-5.256624680737967,25876,main,dark,0,8f805346-8b53-11ef-ab18-525400f334e1
16341,733622,80.55058170936282,2.105925291476708,39632996529082475,244.1848511230305,35.68966201857043,9449,main,dark,0,521ecda6-86ef-11ef-be50-525400f334e1
16411,542604,57.26854180439751,2.4661285370078843,39628199495204896,235.12338691558705,17.132184243741964,8505,main,dark,0,cfca3335-862b-11ef-8b1a-525400f334e1
16417,854160,95.47749164611336,2.255195460216782,39636689420812860,355.52002666772086,4.284996023597894,19496,main,dark,0,ebcb7ffe-88c1-11ef-a8bc-525400f334e1
16425,687908,66.16009635920553,3.219774736608118,39628522515335311,200.11514491895835,32.01943272529763,10399,main,dark,0,31811109-8650-11ef-ba7a-525400f334e1
16437,681857,80.8929576446319,2.1473452551368055,39628512482562895,218.61580857231613,31.529548894805114,9138,main,dark,0,9c0ecd41-867c-11ef-b4bd-525400f334e1
16453,780640,77.86671701703054,2.3584060000327063,39633087109267970,255.76968032175068,40.52857894451818,9619,main,dark,0,7d8abace-8715-11ef-8a91-525400f334e1
16455,830298,59.969992297850425,1.944532176957226,39633315778529248,272.3302077259079,54.51142438497648,15273,main,dark,0,d5f61411-8717-11ef-9c20-525400f334e1
16468,60263,63.02532925686835,1.9873517607019593,39627601093853992,188.6071634568273,-7.843633573158619,25439,main,dark,0,b1f924e1-8a21-11ef-8478-525400f334e1
16475,216927,61.1283827286846,2.4611037465459145,39627778206732598,331.3722591745765,-0.5196293179413373,19023,main,dark,0,6bb40010-8870-11ef-a81a-525400f334e1
16478,296407,52.31561058811096,2.816045825694637,39627851288281787,7.271221087217149,2.80367808629405,18103,main,dark,0,01e32c68-87ce-11ef-bc47-525400f334e1
16480,504168,54.14841767370651,2.044069804321107,39628126166192235,20.02238235487767,14.351388372681104,18406,main,dark,0,25e8c01b-881d-11ef-aadd-525400f334e1
16485,747919,77.43815399960486,1.9980926404135704,39633020604384597,223.24820062416833,36.919852870177095,9197,main,dark,0,5ff077fb-869f-11ef-94f9-525400f334e1
16498,9127,72.37073116606894,2.1380909192409043,39627427294483893,64.63004868893718,-15.00960404502776,22563,main,dark,0,e222f1b2-89ae-11ef-88e1-525400f334e1
16512,38278,88.06350790472396,2.4390931945087635,39627562283962780,11.58855646329234,-9.274710357417048,17920,main,dark,0,8bd3127b-87a8-11ef-b4c3-525400f334e1
16534,709035,97.73897253644596,1.9903251613105164,39632955928219320,185.08810644024277,33.641378225371206,28540,main,dark,0,b4e4e610-88dc-11ef-9b6c-525400f334e1
16610,764648,28.051716639823987,2.455108010497903,39633049134042228,208.65231778177557,38.44305962736447,10630,main,dark,0,4805be84-869c-11ef-9094-525400f334e1
16612,470746,38.80599854908175,2.5319940563580925,39628064556061369,217.45958860824967,11.472894222851188,8376,main,dark,0,8c835ad8-8619-11ef-b6e3-525400f334e1
16673,641353,59.1257830095185,2.954342179282514,39628425463333278,30.68010841262922,27.584308103577516,2128,main,dark,0,2a27d7b5-895a-11ef-82eb-525400f334e1
16690,245046,54.20040059744678,2.746585716104382,39627802684687699,350.284493414313,0.3855218498482218,18795,main,dark,0,8072ce48-8844-11ef-96a0-525400f334e1
16741,239992,90.61485996370668,2.6430950290396056,39627797982875146,70.13866720390786,0.5240491897375108,22956,main,dark,0,f0a3a84c-89fc-11ef-9a2f-525400f334e1
16757,127297,54.25152013811326,2.032263122908967,39627682882782284,47.1045199125946,-4.132231546400639,36830,main,dark,0,a7574b27-8a71-11ef-a7dc-525400f334e1
16799,787765,93.82615963425262,2.5300223585285297,39633109913700802,256.2867439001407,41.83865787301643,9622,main,dark,0,d38e1518-8715-11ef-aa17-525400f334e1
16854,620800,93.12615729702044,2.0057707228022195,39628376087989224,354.90058950831906,25.11952008633416,20352,main,dark,0,d051b201-8954-11ef-b226-525400f334e1
16884,750482,96.20912448835053,2.593079788174928,39633025201342765,206.1770708963652,37.14526711576429,10461,main,dark,0,8d3b64a3-8667-11ef-8abf-525400f334e1
16897,351295,88.52379008202651,2.6329265853336628,39627908263707921,168.2771691294422,5.048794737167618,27109,main,dark,0,7baec8de-87bf-11ef-809b-525400f334e1
16953,8877,89.03914434973512,2.2572772011189697,39627426971518665,44.55063813923058,-15.107313866536352,36623,main,dark,0,8c3dd559-8b91-11ef-ae86-525400f334e1
16966,387715,29.779340214614756,2.1053941421395432,39627947358818470,348.64620192487826,6.548847844408969,18931,main,dark,0,f7ee95e0-8862-11ef-ad88-525400f334e1
17040,44733,57.48939299878152,2.4542742230329035,39627576401989139,143.00980082893918,-8.720386916555261,40798,main,dark,0,3f516ae4-8a7b-11ef-a28e-525400f334e1
17080,508576,89.48356741798425,2.2496835717407877,39628134160533224,150.97552368238172,14.413858646166751,4373,main,dark,0,55a3ded4-8bae-11ef-b6bc-525400f334e1
17094,437297,39.007167590615246,2.05586759764282,39628010738944277,199.36522350100455,9.32807919657343,26521,main,dark,0,7aa0155d-8703-11ef-bd2a-525400f334e1
17118,834439,35.071107175717934,3.9582283237999794,39633348468935311,120.49007474264631,56.910266304172,7684,main,dark,0,4000e6f7-85c4-11ef-a06b-525400f334e1
17128,295577,92.07813381772226,2.495889063555183,39627850529114192,322.05880644933853,2.4959358441339607,19127,main,dark,0,6f1fd08c-888e-11ef-bcfb-525400f334e1
17147,28519,52.42740974482284,2.4588627753974017,39627527039230006,39.90548449252903,-10.837917128407828,36749,main,dark,0,77eb7b8a-8ba6-11ef-958e-525400f334e1
17167,686515,82.34794451614889,2.134383587967837,39628519424133345,343.39931257310025,31.64202156463763,13425,main,dark,0,602c7a11-8704-11ef-bb0d-525400f334e1
17176,182399,84.61259866594499,2.334010721955689,39627745407272065,176.29649841236477,-1.739715559642774,26951,main,dark,0,8d8c3e06-8759-11ef-9482-525400f334e1
17193,723170,76.90574197481905,2.9155723300120475,39632980347454617,143.86838069749288,35.00778714282694,5667,main,dark,0,2c61c7b7-8b3a-11ef-a1b0-525400f334e1
17366,378222,41.77330126732494,2.4320352014983913,39627936281660251,44.64609873550301,6.173212809265829,50,main,dark,0,fed37b3c-861c-11ef-94e6-525400f334e1
17527,519922,51.7986697274971,2.0428359228293367,39628154695844298,335.967078472551,15.246301067475455,19431,main,dark,0,da5cdff7-88b9-11ef-bfbc-525400f334e1
17535,350184,81.22935926490936,2.074998094277965,39627907571649475,126.99785365063276,4.995181834353098,21974,main,dark,0,61dfef87-8991-11ef-8368-525400f334e1
17546,164182,45.689075893583066,3.171607397075158,39627725236863956,54.036388561596674,-2.6049104588059135,23098,main,dark,0,ce57379e-8a0b-11ef-be42-525400f334e1
17596,409544,74.01075031003516,2.12412804684676,39627973556437450,120.5187861956379,7.659154564791813,22352,main,dark,0,fb21e613-89a5-11ef-a032-525400f334e1
17608,478310,47.21986372057614,2.3827168441412536,39628078451785972,342.39546623126205,11.99833352573567,19321,main,dark,0,e206099b-88ae-11ef-a8f0-525400f334e1
17665,77567,54.77714692402245,2.1836278316078936,39627624699400586,165.60398623533456,-6.717157173389592,26912,main,dark,0,c550fc9d-8741-11ef-8452-525400f334e1
17676,397653,83.62643955089135,2.725327588107106,39627958897345538,320.51257668099055,7.122915396313917,12361,main,dark,0,200d8ad2-86eb-11ef-b0bb-525400f334e1
17679,137813,95.08693906644002,2.321937347245151,39627694836552136,40.68677493535956,-3.634169564933995,17729,main,dark,0,97cc035c-8779-11ef-ac8b-525400f334e1
17728,748296,53.42575228433416,3.1303955269198904,39633020881210409,243.9510643514862,36.99530143651475,9454,main,dark,0,9692d6b4-86f0-11ef-adc1-525400f334e1
17742,703293,92.32544515792068,2.416140397093192,39632945710893360,176.30693843111607,33.31594395083007,28597,main,dark,0,9dcbe30b-88e1-11ef-b04c-525400f334e1
17759,245253,62.23150969650325,2.4058402503873175,39627802827301818,358.9783511121202,0.5705740667328153,18775,main,dark,0,8ae73431-883f-11ef-bb2b-525400f334e1
17797,634704,93.97253192165518,2.6989507178594168,39628408749032838,354.51124463566396,26.43519743305848,20355,main,dark,0,27911c72-8955-11ef-a655-525400f334e1
17869,727758,47.801561866951346,2.1031706818758624,39632986680854042,244.58422642458095,35.16789740086319,9443,main,dark,0,7379477f-86ec-11ef-8d44-525400f334e1
17907,580411,68.94278298198742,2.6552180799668226,39628278603974081,174.4730144560534,20.772650273114944,28273,main,dark,0,8f2df354-88cb-11ef-8f41-525400f334e1
17967,641113,69.65083931011877,2.6216181995476924,39628424939046179,355.5762141193809,27.3244680031046,20358,main,dark,0,83698a53-8955-11ef-90ef-525400f334e1
17994,669263,96.61240686117948,1.9506087738800832,39628491779478394,221.3647884141836,30.402119135663085,9113,main,dark,0,8d459e0f-8674-11ef-bae4-525400f334e1
18007,466170,49.94714788496572,3.4756088621584693,39628057060839115,122.13223251741616,11.186292585008864,4616,main,dark,0,fdb85909-8bd5-11ef-ac1e-525400f334e1
18020,683323,58.19067635462794,2.2224737244913904,39628514344833272,348.54267006558234,31.49493656730442,13570,main,dark,0,c01341cb-8709-11ef-bdc6-525400f334e1
18088,437107,59.43248462155876,3.0019157409615165,39628010357263371,176.34510283314486,9.155731117531571,27801,main,dark,0,983b9466-88ba-11ef-9013-525400f334e1
18104,102797,29.555679448286796,2.9776260722789862,39627654965497561,178.44464680005962,-5.426695327876769,25572,main,dark,0,16360830-8d30-11ef-a245-525400f334e1
18124,350410,73.79215511586996,1.9823488836294565,39627907689087717,133.9052704660753,5.00068896899764,4133,main,dark,0,3132bf3b-8b74-11ef-84f6-525400f334e1
18191,648030,74.14814565309598,2.0973556398559507,39628442987135438,129.56652849631143,28.146484409521197,5004,main,dark,0,3280ce98-8b7a-11ef-a44a-525400f334e1
18199,246320,85.81618911025467,2.6392432400916546,39627803565496624,42.97834852923016,0.688664319768035,17757,main,dark,0,f22c503e-877f-11ef-8c13-525400f334e1
18220,267173,93.35335832864224,2.0211242063248585,39627823442299911,147.62902938181566,1.5664267267343408,27332,main,dark,0,47f5cd6d-883f-11ef-bc19-525400f334e1
18246,100564,56.81392659605755,2.3206053762463883,39627652864149333,52.5457413693439,-5.507144833918619,23080,main,dark,0,8f1b9c26-8a08-11ef-9293-525400f334e1
18287,587656,44.68305627079714,2.0921538489492852,39628296534626777,239.01402198137907,21.39569601483757,8559,main,dark,0,a424dd35-8634-11ef-b2d6-525400f334e1
18288,450037,99.39556808315469,2.6391271224498807,39628029558789189,256.22823927989356,9.907300070029637,31580,main,dark,0,5e8c3d8f-899e-11ef-aa37-525400f334e1
18301,639634,76.69115411030424,2.495639665834309,39628421390664480,117.97263191267264,27.322469391951188,6217,main,dark,0,bf9761e4-8b64-11ef-92f5-525400f334e1
18309,600641,19.001550002226185,2.060605941171077,39628326549066382,8.379511226219194,22.89769568074316,19936,main,dark,0,11c92ee4-891a-11ef-b709-525400f334e1
18318,809114,87.78538559725176,1.994506810684325,39633179178437637,197.79111730102588,45.65490073447511,11040,main,dark,0,acb475c1-86d5-11ef-bc49-525400f334e1
18328,388960,78.19641761813453,2.760286794243865,39627948172510931,37.29943415046201,6.838922550822779,138,main,dark,0,5cafccdb-8623-11ef-baea-525400f334e1
18340,454145,76.83119431267998,2.5137438966450545,39628036919788910,341.5432313682834,10.17855950437258,19303,main,dark,0,718b52dc-88ad-11ef-9e42-525400f334e1
18448,474068,80.13643710383352,1.9258212907360657,39628070591664303,224.3003461680563,11.86218076255275,8393,main,dark,0,974dbf1f-861b-11ef-94b2-525400f334e1
18474,631067,98.91057454987126,2.094108337895983,39628400482062752,165.80725667436286,26.22924779785082,28399,main,dark,0,d64cb66a-88d1-11ef-8437-525400f334e1
18544,272498,75.13239780325414,2.5967125904047252,39627827573691338,33.89562336852123,1.645179385938667,17859,main,dark,0,4daba814-8796-11ef-acb5-525400f334e1
18590,539274,36.211754613549076,2.461207583858925,39628192255838869,144.37661449929922,17.11071700507873,4410,main,dark,0,d713da76-8bb3-11ef-95a9-525400f334e1
18622,596577,55.13619077405646,3.769746849363469,39628315841006457,37.714133738518306,22.39715837290064,635,main,dark,0,2349e412-8b4e-11ef-bc6c-525400f334e1
18627,697095,84.93468274170999,3.016422948748451,39632934759565749,119.6754434310274,32.83840720795122,6261,main,dark,0,6b41adfe-8b72-11ef-a7b3-525400f334e1
18663,127422,53.28643759488004,2.2036023196001513,39627682949894168,51.251313539389166,-4.14156864776274,23168,main,dark,0,2a5f4f4e-8a13-11ef-9e94-525400f334e1
18668,154357,33.97604274179484,2.6067576560292345,39627714411364786,128.76630841330655,-3.098599424152075,21826,main,dark,0,362555c8-8967-11ef-90d1-525400f334e1
18672,114254,93.03199109237262,2.406633772772751,39627667460330080,205.5546954387104,-5.066145423942069,25811,main,dark,4,9cf5016b-8a7e-11ef-b56c-525400f334e1
18683,81846,47.80462490521606,2.353703367993472,39627630445596776,150.02028524161318,-6.4033644887824925,26811,main,dark,0,7ba08eb0-8713-11ef-b339-525400f334e1
18687,674940,51.99466914590885,2.3944284162206673,39628501887746993,201.01561391188872,30.93690336110584,10391,main,dark,0,d498c311-864e-11ef-9a2e-525400f334e1
18766,578062,77.27207621896113,3.769026545311181,39628272924887114,173.17360785030695,20.46014763576469,28263,main,dark,0,aa082ee0-88ca-11ef-9afd-525400f334e1
18787,281916,23.049672056555575,2.1240754985165884,39627836645969277,214.65258351584987,2.041319506893114,26054,main,dark,0,a5624dcc-8628-11ef-9546-525400f334e1
18788,798738,42.61504012640729,2.467718719348456,39633145020025800,219.2927158893595,43.7021484920596,10611,main,dark,0,26094651-8699-11ef-8968-525400f334e1
18812,327305,70.98102290951188,1.900197557642253,39627883500540977,129.14744141283907,4.043554824130947,21887,main,dark,0,c311366c-8989-11ef-a13d-525400f334e1
18824,12694,46.17366896431559,2.629286593537289,39627456235177989,44.027966617189875,-13.68715919739982,36647,main,dark,0,a179acd4-8b93-11ef-81f3-525400f334e1
18840,759368,84.01079531697657,2.057307246448552,39633039646526318,210.28186297705363,37.882874475771,10543,main,dark,0,a1d30261-868e-11ef-8724-525400f334e1
18853,114047,66.70078806291593,2.323731114441911,39627667342888204,198.4468140748565,-5.096790716809362,25832,main,dark,0,3e5e7eac-8b3f-11ef-8188-525400f334e1
18886,722056,45.03236064741952,2.375043228414375,39632976723577047,241.1838647313713,34.66980131813632,9406,main,dark,0,67d14e19-86da-11ef-b5bc-525400f334e1
18899,636141,83.64283573689622,2.350988175746036,39628412205142092,224.96346710762896,26.635714510571574,9011,main,dark,0,1731dcab-8659-11ef-802a-525400f334e1
18906,8895,59.826974283594225,2.277693248326348,39627426984104956,45.445483119833725,-15.030608937475414,36623,main,dark,0,a4dea2b2-8b91-11ef-9e52-525400f334e1
18975,318314,46.208412415845146,2.7831778828702234,39627872964445464,220.1095701753309,3.611668894062243,25981,main,dark,0,39fb130b-85f4-11ef-b034-525400f334e1
19017,245976,83.64629093766341,2.8205204559194716,39627803326422200,28.721866904343138,0.7883154022767539,17841,main,dark,0,303600ed-8793-11ef-a6fc-525400f334e1
19026,449016,57.379031007882475,1.9612337248868683,39628028594097378,197.8994513287924,10.113514095685456,26523,main,dark,0,c0ffbb3b-8703-11ef-9568-525400f334e1
19043,724936,82.01780198998726,2.5747524086628246,39632981731576228,244.4196494447969,35.06720339141546,9443,main,dark,0,4dd4edf8-86ec-11ef-81ec-525400f334e1
19076,774459,86.84797270984447,1.9613013261426524,39633071447739922,118.30733637214496,39.755263927180735,6540,main,dark,0,f1f83dc6-8a79-11ef-a57f-525400f334e1
19123,513724,59.07607589525938,2.27950923706291,39628143354448284,356.7585274906787,14.856599724753776,19692,main,dark,0,b24ef601-88ee-11ef-a044-525400f334e1
19227,452723,74.46656396037142,2.3032647101412107,39628034180911396,175.91432205719772,10.263907784327351,27803,main,dark,0,c9bd761a-88ba-11ef-ac94-525400f334e1
19277,454313,43.06048031431756,2.199172128649117,39628037037228157,348.5791379882064,10.242227527451906,19968,main,dark,0,275c0945-891c-11ef-85cb-525400f334e1
19283,66595,79.64825355266474,1.9220288482116243,39627610665261228,43.502454763469586,-7.355736412941138,36808,main,dark,0,8cf3978f-8bb1-11ef-90d8-525400f334e1
19323,776716,82.62215324578143,2.285051396198908,39633077063911069,193.16889738713937,40.08033658127545,10850,main,dark,0,8b882eb5-86c4-11ef-87e1-525400f334e1
19334,11907,92.18245806449852,3.2277733846624383,39627450451232026,48.97074880723681,-14.117138328816992,36631,main,dark,0,0945e0c6-8b92-11ef-b358-525400f334e1
19338,448689,25.995926919897823,2.3217374147992973,39628028015284623,162.97281802274614,10.092139017073212,27504,main,dark,0,c25a75f5-8875-11ef-8f57-525400f334e1
19353,372696,65.8484823235045,2.30341481412317,39627930271222733,44.80802807985005,6.11766013020244,50,main,dark,0,0040bdaa-861d-11ef-923b-525400f334e1
19358,59078,57.8936212066709,1.9633395369556792,39627600225634027,136.45591891186103,-7.703601123686505,40900,main,dark,0,2dcdd5ed-8b41-11ef-b58f-525400f334e1
19379,834439,65.44841378079019,3.9582283237999794,39633348468935311,120.49007474264631,56.910266304172,7684,main,dark,0,4000e6f7-85c4-11ef-a06b-525400f334e1
19384,684166,98.0017487051968,2.107284662389548,39628517087904177,180.02284934347085,31.82987896840547,28611,main,dark,0,58a7ae3a-88e3-11ef-bd52-525400f334e1
19399,123958,54.02887403580686,2.032343682983712,39627678914970543,170.0126920135475,-4.396349157453376,26907,main,dark,0,650d830a-873f-11ef-99ea-525400f334e1
19441,568780,54.34386177684225,2.6080067972296512,39628252809005168,339.20697599226594,19.45807416770634,20137,main,dark,0,e412054d-8941-11ef-b356-525400f334e1
19451,560892,50.911959243276904,2.578624983630579,39628235931126826,355.6838784611275,18.696967568041337,20056,main,dark,0,54547ecb-8937-11ef-b3a0-525400f334e1
19453,856732,96.36487411634526,3.2224707235583656,39637321124942103,16.78596250260473,32.32311377704338,2227,main,dark,0,e440ee98-899b-11ef-bbb1-525400f334e1
19462,703933,97.37990780646862,2.877531969881835,39632946092572984,203.30633637862303,33.13674466861909,10438,main,dark,0,9b389224-865b-11ef-96c1-525400f334e1
19516,772178,28.29595001590487,2.367408590341302,39633063809911989,249.77512052809575,39.28393427801316,9632,main,dark,0,c510e5a0-8716-11ef-9ee4-525400f334e1
19540,21205,95.97909328971224,1.9763417189734376,39627497851064092,66.77336498590518,-12.039013366002596,22585,main,dark,0,95c49a8f-89b3-11ef-97b7-525400f334e1
19558,726753,98.3920233918166,2.1135134828838535,39632986152372336,206.1355761058137,35.16890430568036,10454,main,dark,0,5d6fadfa-8664-11ef-a404-525400f334e1
19606,767381,94.0743934244903,3.831264286558713,39633054032987837,221.3828243519811,38.79045043164324,10565,main,dark,0,98859bf2-8694-11ef-b604-525400f334e1
19611,689106,21.738593368679723,2.8671072961480517,39628523127706544,243.2116725048626,31.99421236907196,9396,main,dark,0,22f20a56-86d4-11ef-ac23-525400f334e1
19637,7232,86.3084135874798,2.8049868237075812,39627409821010937,65.75087754611128,-15.762585461882614,22561,main,dark,0,91b0a9ff-89ae-11ef-95a6-525400f334e1
19672,149140,62.43738848410853,3.778989421063251,39627707444628072,73.20209032451912,-3.210673407175644,22915,main,dark,0,18330d46-89f6-11ef-8d71-525400f334e1
19679,781431,94.35148777307091,2.344661015503326,39633090879950753,191.51274868064377,40.75084189209134,10815,main,dark,0,f2856bf3-86bf-11ef-b072-525400f334e1
19699,116715,73.11764081903347,2.4508398318114453,39627671000319463,56.96275217682099,-4.718191021098395,23066,main,dark,0,bd6e70af-8a05-11ef-a87b-525400f334e1
19709,93571,66.53479287678891,1.9307808844811496,39627643695402865,223.84000556064927,-6.030093136177165,45006,main,dark,0,cf0d1ff6-8bbd-11ef-8013-525400f334e1
19719,7234,89.38934587751196,1.98595118092054,39627409821013131,65.8450533165436,-15.719642650938392,22561,main,dark,0,87fe7d66-89ae-11ef-9200-525400f334e1
19746,372373,93.52384759456046,2.2439283644414156,39627930069893910,32.67800894698746,5.885826464309726,17906,main,dark,0,c0a60930-87a1-11ef-a6a9-525400f334e1
19748,511665,56.742339307073586,2.19698594384571,39628139768316296,135.8553067246526,14.654894424767976,4314,main,dark,0,954bbcd9-8ba3-11ef-972f-525400f334e1
19767,145988,68.32652582165795,1.97930425825442,39627703313236174,186.5161840700007,-3.4767407083605453,26241,main,dark,0,02cd4346-8695-11ef-81e3-525400f334e1
19796,27065,90.19561940853852,2.3164910237937555,39627521192367092,45.41698253483449,-10.88722822335719,36669,main,dark,0,89504136-8b96-11ef-87e6-525400f334e1
19858,271599,91.03633874589184,2.365419820469734,39627826835493581,349.9018447764207,1.5037216498826045,18884,main,dark,0,a7fdb5a7-885a-11ef-8d11-525400f334e1
19863,200807,81.01985674698416,1.9876792509780845,39627763472139472,173.05905179566474,-0.9333030038712624,26980,main,dark,0,7c76e09e-876d-11ef-b917-525400f334e1
19874,628117,48.9522195285555,2.3422145234233995,39628393100088516,36.659435677856635,25.952094816472215,733,main,dark,0,46f57f40-8b56-11ef-9abb-525400f334e1
19875,9010,44.93950952592647,2.749508163416115,39627427130902272,54.36067266677276,-15.051219971206775,36324,main,dark,0,cfb56833-8b84-11ef-96b6-525400f334e1
19930,379050,59.332294610510694,2.2696603488406075,39627938085208647,152.6308571356584,6.174826500104397,27521,main,dark,0,be0b53d3-8877-11ef-84f3-525400f334e1
19968,179878,98.4751974634246,2.0605123335579827,39627742810999731,21.593166666255417,-1.8128072980424463,17659,main,dark,0,01e2292c-8769-11ef-b4bd-525400f334e1
19969,58089,82.9066510941117,2.002970256068043,39627598644386558,41.51798945011003,-7.654933641464941,36789,main,dark,0,7c9749b7-8bac-11ef-8899-525400f334e1
20012,4782,64.24658899703637,2.7352955388088023,39627386509075084,59.418081609713354,-16.838118058944673,36218,main,dark,0,dc2148f7-8b7e-11ef-96b0-525400f334e1
20023,781974,85.85512001334732,3.152093316625994,39633091592980588,247.29976849196464,40.83375782990536,9471,main,dark,0,3db789d9-86f7-11ef-8452-525400f334e1
20024,699322,65.36791272157818,2.9178255396746375,39632936596670564,249.5114431145707,32.863514670836594,9413,main,dark,0,26613771-86de-11ef-b67f-525400f334e1
20048,4681,39.143605200838586,2.0424596395088725,39627386261608023,43.991571009185904,-16.72154214255229,36617,main,dark,0,f151a162-8b90-11ef-afe7-525400f334e1
20052,389878,34.40402823929982,2.693302490030141,39627949997033915,146.68520020749992,6.688933902276737,27379,main,dark,0,d95fd7a6-8851-11ef-9b9e-525400f334e1
20069,127968,59.10610748102321,2.6844479703897433,39627684233351137,127.82183289770312,-4.247830661104948,21783,main,dark,0,fef3e5d6-8964-11ef-a2b4-525400f334e1
20089,646662,64.44161828367152,1.9365727235944288,39628439321317265,242.42169980460093,28.063571795702806,9356,main,dark,0,8de0d7e7-86c6-11ef-bb69-525400f334e1
20094,84541,64.04175072267658,2.6245132815139582,39627634237248400,17.25081620471803,-6.158446131409437,17597,main,dark,0,022416dd-875d-11ef-87db-525400f334e1
20096,639480,63.01896830898242,1.946126109567843,39628420191093223,37.64968918832356,27.170260513996897,906,main,dark,0,3f0892a8-8654-11ef-a806-525400f334e1
20170,834713,70.0263023104803,3.0684920450571975,39633349731419152,257.77019920887693,56.918752681427854,10179,main,dark,0,b260dac6-863d-11ef-8981-525400f334e1
20183,790807,94.91129845116892,2.6472858490016846,39633121611615479,113.2361117816533,42.40280772821509,6571,main,dark,0,37c0621f-8b37-11ef-88e7-525400f334e1
20188,351069,88.09970702941953,1.9275420562419217,39627908129493568,160.42467551717883,4.995434808304439,27420,main,dark,0,943d5181-8864-11ef-bf84-525400f334e1
20212,445462,75.58330754879438,2.577054710247955,39628023074393471,224.2688320727698,9.751442516333183,8341,main,dark,0,290f25a0-8616-11ef-8395-525400f334e1
20224,758627,86.26862580204663,2.1708421665621667,39633039185151642,175.42774204698782,38.010227410278695,5444,main,dark,0,babda7c4-8a73-11ef-a63a-525400f334e1
20228,726757,95.92557855637104,3.052046460925562,39632986156564926,206.32466639859692,35.22094852592978,10452,main,dark,0,54180335-8663-11ef-bc69-525400f334e1
20230,733914,99.2237431083126,1.9209711283164372,39632996701048738,256.7160215694635,35.63727296825905,9510,main,dark,0,c7584c3e-8703-11ef-bb52-525400f334e1
20280,414320,73.44514427162773,3.3249368672331605,39627979579458860,122.56525388448806,7.941458954744999,22011,main,dark,0,bd840925-89a2-11ef-a5c9-525400f334e1
20302,14726,74.03566452980402,2.023503267060505,39627468306387283,63.519990873713226,-13.1389361028918,22574,main,dark,0,6a5c1469-89b1-11ef-8b7a-525400f334e1
20320,368022,73.15432200177987,1.9367238531765665,39627926177579374,159.68282706588565,5.713421265062812,27422,main,dark,0,65e14d4e-8865-11ef-aeaf-525400f334e1
20331,365561,49.77948289091136,1.913664429090265,39627923103158207,335.8376671350489,5.523900520512415,19239,main,dark,0,efdaa81b-88a1-11ef-b661-525400f334e1
20335,856381,94.51375154424646,2.127039376000295,39637212123366110,119.83964076503906,26.893617130416423,6212,main,dark,0,3bb45ee9-8b63-11ef-b1ca-525400f334e1
20340,352373,80.26344938530713,2.52811910733634,39627908884463688,205.3234134942223,5.048704441295531,26396,main,dark,0,7e366389-86ee-11ef-b290-525400f334e1
20395,652262,65.27748016430402,1.9221026949837257,39628453611310966,128.94940726218482,28.771329689108,5006,main,dark,0,5e9e28e0-8b7a-11ef-b9e4-525400f334e1
20405,238114,48.5400037736933,2.190852899150254,39627796581979142,346.6409784266309,0.182749925597072,18838,main,dark,0,16878e8e-884c-11ef-ad3b-525400f334e1
20494,188227,71.96680677511442,2.379349021415743,39627751392545968,173.18430334306788,-1.413387819031753,26955,main,dark,0,3d2def27-875c-11ef-82d9-525400f334e1
20515,57332,56.05170208483714,2.661100146522575,39627597985875940,1.8454583295047564,-7.731695514151766,17348,main,dark,0,c6a49f53-873c-11ef-87ca-525400f334e1
20556,777909,66.50888045507133,2.086176259533,39633080771676468,121.35152721495449,40.195654870975034,6545,main,dark,0,2532f563-8a7b-11ef-8091-525400f334e1
20633,305579,69.51408306507922,2.5052749621294845,39627860557695964,199.91400728762767,3.0489205449880123,26400,main,dark,0,6a653335-86ef-11ef-b4a5-525400f334e1
20683,135255,92.6109658382183,2.3069684603393785,39627691271391963,187.91139665072387,-4.016668915269173,26158,main,dark,0,1e365d1b-8658-11ef-a8e4-525400f334e1
20693,257787,89.84945269582578,2.1314249837010264,39627814269355031,320.7690361398235,1.021919821293013,19120,main,dark,0,dd032285-888c-11ef-855f-525400f334e1
20695,326540,83.87271596225833,2.5282808312999427,39627881613106084,16.49006828749489,4.067964376778835,18047,main,dark,0,41b4dfa4-87c0-11ef-8935-525400f334e1
20699,508276,91.20384609750148,1.9290491642728724,39628133908876377,135.56386078224972,14.483417483694051,4314,main,dark,0,8c0fe0fa-8ba3-11ef-ad56-525400f334e1
20743,630952,98.0334752761914,2.143945542871642,39628399940995701,129.77478151170328,26.24024609660983,4993,main,dark,0,9449a56b-8b5c-11ef-9f4b-525400f334e1
20810,756416,92.07573234441384,1.965263177785248,39633034839853667,208.23715105314477,37.71192248268703,10627,main,dark,0,ff9e2a98-869a-11ef-811c-525400f334e1
20817,454539,62.71722607471398,2.576258790404465,39628037238556864,0.8874515845051861,10.616570932342684,19649,main,dark,0,4789c65b-88e7-11ef-9c38-525400f334e1
20865,457254,52.86745776442733,2.4516825842966052,39628041248312682,243.61857690557449,10.519791797063675,31646,main,dark,0,9b238dbf-89b6-11ef-b748-525400f334e1
20869,361429,20.979781213313565,2.1029031467735964,39627919550584831,123.25080605929256,5.583432949173932,22002,main,dark,0,47d1b0ca-899e-11ef-a911-525400f334e1
20877,741628,92.61987157759349,1.9358504557981573,39633010684855723,206.50115937593148,36.58122738964304,10455,main,dark,0,cc1f8a66-8664-11ef-b9db-525400f334e1
20892,515520,55.59840569933245,1.9317684302240168,39628146110105676,166.657444039958,15.027231995071553,28198,main,dark,0,d6388ecf-88c5-11ef-a284-525400f334e1
20910,740473,42.9489444458088,2.0527935447462298,39633009850190178,144.8352998385609,36.55712699063693,5671,main,dark,0,da5e4a3d-8b3a-11ef-8380-525400f334e1
20945,29818,96.2734381957208,2.1668527083647455,39627532705731221,23.24933562093848,-10.42539751339122,17469,main,dark,0,b8f0e4dc-874b-11ef-93ff-525400f334e1
20946,584497,78.61546457427546,3.214814241441934,39628287651089027,31.221439577580565,21.130257836132657,671,main,dark,0,137dd12a-8b52-11ef-9d9f-525400f334e1
20956,318316,53.592370588611175,2.1495336443508717,39627872964445535,220.11250655309348,3.4438839389832423,25981,main,dark,0,2e386c8b-85f4-11ef-8746-525400f334e1
20964,649448,44.38746811063693,3.36043168444732,39628446707483086,21.035430314194542,28.61674298640321,2193,main,dark,0,440d4975-8963-11ef-a311-525400f334e1
20980,825169,56.55507884709799,1.9070052113811928,39633271922884941,260.4373761119425,51.54136627119688,10054,main,dark,0,abafea14-8635-11ef-ab26-525400f334e1
20988,853233,70.47272109410295,2.561416919787586,39636557761612719,65.63627087126576,-0.9769761371310606,23121,main,dark,0,e61fe483-8a0f-11ef-ae20-525400f334e1
21019,377193,62.85240399497582,2.897755172680202,39627935669290563,7.875321822070548,6.212641796378024,18158,main,dark,0,60849932-87d9-11ef-b602-525400f334e1
21028,166841,52.805921033639365,2.4192318444686296,39627727652785234,198.12251381728777,-2.4475858946624256,26182,main,dark,0,7b9db57a-877a-11ef-8cb9-525400f334e1
21091,685184,92.6533918589978,2.47826716911249,39628517683495120,221.63843784391355,31.677161970952536,9118,main,dark,0,6e542872-8676-11ef-a05a-525400f334e1
21107,628260,79.12027196212381,2.147583329769087,39628394257711424,113.06669038118932,25.885682319774652,6193,main,dark,0,40da1f62-8b5e-11ef-9410-525400f334e1
21125,164585,96.9474662445347,1.9850576840194945,39627726453214023,126.61504820733288,-2.4036193611213483,21834,main,dark,0,a27f4786-896b-11ef-8adb-525400f334e1
21134,856712,94.55400094653784,2.1338398314059703,39637320630014390,342.0100288573755,31.94301432170598,13432,main,dark,0,16322e2f-8705-11ef-b05d-525400f334e1
21137,163719,87.14510004193173,3.1504147427972087,39627724754522224,25.37028493804349,-2.41197480491502,17802,main,dark,0,870a9edc-8787-11ef-b5d4-525400f334e1
21138,389079,52.40380528842526,2.849237580827942,39627948231234185,40.96567895260371,6.637922083965409,132,main,dark,0,6a383a7a-8620-11ef-9236-525400f334e1
21148,287780,72.16877185904164,2.1005761742357243,39627842576714570,208.1127192081085,2.355416335609811,26035,main,dark,0,0712c5d2-861b-11ef-a5f4-525400f334e1
21159,809829,82.37852879064984,3.449049629833088,39633182563241045,126.53141990943392,45.988479435766365,6609,main,dark,0,30bc32dc-8b3f-11ef-87da-525400f334e1
21170,826108,82.67609434380495,2.2729283393631294,39633279279694451,247.20199216677491,51.93055089657607,10119,main,dark,0,f4e6f688-863b-11ef-abb5-525400f334e1
21243,644683,84.68833961545859,2.640309661825781,39628433969381675,241.80154993063417,27.67238074303386,9356,main,dark,0,6b881db6-86c6-11ef-8390-525400f334e1
21271,553097,93.60464212551275,1.9122572742752448,39628219351043447,35.38586259859818,18.29633561879861,610,main,dark,0,60f93392-8b49-11ef-90bb-525400f334e1
21308,452595,73.9877382211004,2.1365192043626133,39628033975386457,163.258159109253,10.19304940742338,27504,main,dark,0,c3edb413-8875-11ef-a870-525400f334e1
21313,146635,76.43611868032157,2.1834082630396257,39627703648781912,206.5966363112008,-3.4390666802737,25992,main,dark,0,efda08d6-85fb-11ef-be6b-525400f334e1
21321,443981,44.63466672485095,2.1988530673569104,39628019991580620,37.94907467790003,9.764712508749817,167,main,dark,0,58162f18-8629-11ef-935f-525400f334e1
21332,87572,85.58381524364411,2.4124176700006914,39627637001293457,182.930503507702,-6.147952009729454,25552,main,dark,0,16029ffb-8d26-11ef-a39e-525400f334e1
21348,2508,94.88355619507938,2.145468085237971,39627363536865670,67.15364582217063,-17.667655280993255,22531,main,dark,0,d2cafd02-89ac-11ef-9186-525400f334e1
21379,154203,34.59584556694912,2.0092027067463207,39627713450875566,71.73886276956743,-3.0958804587314113,22920,main,dark,0,bae09504-89f6-11ef-b60c-525400f334e1
21413,325642,86.15878047972144,2.428867930717246,39627880614861800,316.93123567403916,3.8558786854958664,12306,main,dark,0,c94456a6-86e0-11ef-b21a-525400f334e1
21443,330111,84.85038531750749,1.9850292508048424,39627884997906555,218.47441945557512,3.962106123664873,25982,main,dark,0,e9d28fbf-85f4-11ef-b567-525400f334e1
21492,225965,46.985680954432375,2.3081083723323506,39627785831973327,65.76714786136404,-0.0477521807152584,23126,main,dark,0,7b6f2134-8a11-11ef-b370-525400f334e1
21558,619252,32.414856567744344,2.2355556320786953,39628371260347277,38.22874557349489,25.101966425930193,727,main,dark,0,0b55b985-8b54-11ef-a139-525400f334e1
21562,842279,68.56402010885945,1.940815770890134,39633415774931904,116.77488846275428,62.40141475912528,7729,main,dark,0,502b7729-85c5-11ef-907d-525400f334e1
21587,486793,68.6131918422853,2.157650987720236,39628094331423275,230.83842633721355,12.703657927498451,8316,main,dark,0,615d3921-860c-11ef-b854-525400f334e1
21614,498821,84.22827903127593,2.791271686098089,39628116359905708,138.10537752822137,13.686013301914162,4307,main,dark,0,229b7166-8ba2-11ef-9575-525400f334e1
21623,751374,62.69487873210965,2.1915136233749064,39633025763380676,248.1894638151427,37.370739764060424,9457,main,dark,0,996c7f1e-86f1-11ef-8669-525400f334e1
21632,139716,85.58041132491577,2.538048026773925,39627696782709372,156.9114647308349,-3.6743776014157454,26866,main,dark,0,9824fa2f-872e-11ef-b277-525400f334e1
21676,307526,95.77711413834126,1.9326083809570216,39627862549987770,318.51406397366355,2.9975140865040006,12305,main,dark,0,5f07717e-86e0-11ef-952b-525400f334e1
21738,204786,45.60483500883346,2.2194884582400056,39627766978577239,22.019945922747706,-0.7444219949252662,17663,main,dark,0,0c5c9bf9-876a-11ef-aa1a-525400f334e1
21752,152022,96.28243121012352,2.8293553196238648,39627709856353121,217.16728274173636,-3.3058692607330413,25885,main,dark,0,c2474c35-8b58-11ef-b47f-525400f334e1
21762,268581,44.26380637412081,2.7021922060675014,39627824197274424,192.65076481161935,1.4603732949813368,26308,main,dark,0,919c6c47-86c3-11ef-8bae-525400f334e1
21781,358359,98.67088301078094,1.990639050334905,39627915092037575,216.53618926380503,5.282520813711287,26076,main,dark,0,842799ca-8637-11ef-8204-525400f334e1
21819,168220,85.16785795446245,2.0763276882063653,39627729879963154,330.9713366847978,-2.4655832287986272,19017,main,dark,0,da0c3f77-886e-11ef-a02d-525400f334e1
21868,8895,98.75773538936302,2.277693248326348,39627426984104956,45.445483119833725,-15.030608937475414,36623,main,dark,0,a4dea2b2-8b91-11ef-9e52-525400f334e1
21899,683480,83.52481716975134,1.9456233307838855,39628514701346826,13.323963119141466,31.658932239824907,2222,main,dark,0,0777eea3-899b-11ef-aa73-525400f334e1
21921,203250,34.03001199363357,3.673535694150014,39627765967755747,321.9168527526145,-1.1114789221820427,19085,main,dark,0,bfc69775-8882-11ef-ac90-525400f334e1
21926,12526,57.21530554290262,1.902251596070598,39627455954162902,26.88891615677429,-13.6595184673734,17431,main,dark,0,c7c87fcf-8747-11ef-bc32-525400f334e1
21970,339704,74.89198812129547,1.924635941367776,39627896133780984,163.27725945643934,4.614267146973262,27071,main,dark,0,fea79147-87aa-11ef-a0af-525400f334e1
21999,106306,95.18775241564622,2.3698041478351843,39627659138830908,68.11280981497653,-5.17768724579634,22746,main,dark,0,fc7db745-89e2-11ef-b1eb-525400f334e1
22000,466205,49.69598305795561,1.9959224364403017,39628057077614486,123.05908070151294,11.261734822081728,4610,main,dark,0,84fda2a5-8bd3-11ef-9c3d-525400f334e1
22064,153469,63.097050530671225,2.204150505924009,39627712884639467,37.81334931608582,-2.9332231631682073,17736,main,dark,0,19ab2886-877b-11ef-9535-525400f334e1
22083,454333,94.82570295547497,3.0269024949798142,39628037049815117,349.5700231365486,10.232262265501776,19627,main,dark,0,cd51faca-88e2-11ef-9265-525400f334e1
22120,82308,90.51836786898004,2.229377938228067,39627630714030075,166.01252316526015,-6.415748788223282,26912,main,dark,0,b77359e6-8741-11ef-8ccb-525400f334e1
22134,598694,42.402250664344166,2.813822844421313,39628321268433804,27.38596527342064,22.732146651615775,702,main,dark,0,963d870f-8b4e-11ef-97d2-525400f334e1
22159,368800,68.06216859961668,2.028304821253531,39627926622176433,186.33734376775385,5.755790759855808,27713,main,dark,0,442239e8-88b0-11ef-bf81-525400f334e1
22191,318285,71.48633484731104,2.3709360118772387,39627872947671432,219.24518093003127,3.5002429127948336,25982,main,dark,0,e1dd39b1-897f-11ef-8758-525400f334e1
22198,517783,54.49014445134353,2.2328410007112267,39628149914338331,41.166079936463476,15.248976094708407,235,main,dark,0,f7919cbf-8923-11ef-821f-525400f334e1
22257,312320,71.9671396770675,2.980946202777061,39627866933038743,220.20022091247515,3.247300513279466,25981,main,dark,0,37567c8c-85f4-11ef-b957-525400f334e1
22299,170387,86.66393553759411,2.244894317177794,39627732811780418,145.7454815550598,-2.233806136519018,27193,main,dark,0,00f85538-87e7-11ef-8533-525400f334e1
22378,79013,96.98496729787342,2.857879727406184,39627627329229342,323.2254759050466,-6.784448805560797,18976,main,dark,0,abb5b631-8868-11ef-af7b-525400f334e1
22380,348936,90.15313978018855,2.8275695001454535,39627905310918052,351.7923329144187,4.771588989345276,18902,main,dark,0,d5f9010a-885e-11ef-82cf-525400f334e1
22432,367102,40.86916166294926,2.659734865128783,39627925544242122,121.88390851752324,5.7639418505892115,21997,main,dark,0,32df2bf6-8998-11ef-b9d3-525400f334e1
22433,827052,95.0865876979978,2.109927781189532,39633285625679428,142.76208696706334,52.61875663443448,7245,main,dark,0,ae24be7f-8b6d-11ef-a5c2-525400f334e1
22456,461541,30.480982228342015,1.974685856585952,39628048940667966,349.80369125837524,10.79929074470762,19969,main,dark,0,8fd5d77d-891c-11ef-ad6c-525400f334e1
22496,678106,56.066739820825966,2.3660427621131603,39628507059323534,200.4551543262541,31.245062402936178,10397,main,dark,0,95660aae-864f-11ef-a9d8-525400f334e1
22509,841087,71.00771143460962,2.954403261141546,39633404391589520,121.22545531930432,61.53951869258912,7708,main,dark,0,d6d5b7b9-85c4-11ef-b169-525400f334e1
22512,310579,31.85065963946062,3.2487949712918147,39627866052234389,167.64951872621415,3.276021163216038,27083,main,dark,0,e9ac32ca-87b2-11ef-ba92-525400f334e1
22526,54900,63.271461574158714,2.498202663706558,39627593107898816,68.58996724711122,-8.012470708455515,22724,main,dark,0,14a9a9c0-89d8-11ef-8558-525400f334e1
22592,483765,68.13481120970232,2.5021713660502467,39628088480371813,233.93288746894123,12.59904078586398,8480,main,dark,0,83ed74d5-8627-11ef-97b1-525400f334e1
22596,211378,97.83638152649183,2.8911486344401163,39627772997407241,20.89918460032636,-0.5329665122200462,18004,main,dark,0,78c290fc-87b4-11ef-8417-525400f334e1
22611,771804,79.51152453682673,2.2084027159050907,39633063558252082,230.38530814263456,39.17872135456509,9868,main,dark,0,da28a0b5-874f-11ef-8f55-525400f334e1
22626,194518,76.31266562880147,2.0704852636644864,39627757537201054,179.39363272154384,-1.234927788892536,25598,main,dark,0,ac0d617f-895c-11ef-ba8b-525400f334e1
22669,525387,81.05136989873786,1.9843812807111096,39628164795731829,240.0711202192551,15.778907966436616,8477,main,dark,0,c67a3553-8822-11ef-aeae-525400f334e1
22682,389079,43.59388897045652,2.849237580827942,39627948231234185,40.96567895260371,6.637922083965409,132,main,dark,0,6a383a7a-8620-11ef-9236-525400f334e1
22689,429604,52.797833125997805,2.713650330552952,39627999317857281,230.7482211361435,8.769978123589643,8271,main,dark,0,e7e2adec-85fe-11ef-9dfc-525400f334e1
22701,132884,91.9157665304616,2.330708297416388,39627689069383949,56.55655521781427,-3.9906710615940346,23088,main,dark,0,d4d8a7c1-8a09-11ef-a9bb-525400f334e1
22703,327189,98.5201354121507,2.1727660127484167,39627883441819769,125.5752942796698,4.0776283872411465,21976,main,dark,0,4d4db0ee-8992-11ef-96f9-525400f334e1
22704,757915,54.80567477380796,2.289793676556712,39633038535034054,126.30050672838507,37.975019679382754,6431,main,dark,0,4998eeb3-8b92-11ef-a702-525400f334e1
22711,257438,41.172735546507695,2.2008248549177054,39627813094953959,250.90744515157223,0.8852213315866863,31149,main,dark,0,200d63e3-88ff-11ef-8fd8-525400f334e1
22765,117256,83.45611903414135,2.2762377451424083,39627672191502282,128.1887818835547,-4.757739268650331,21781,main,dark,0,b791d634-8964-11ef-bf0d-525400f334e1
22771,767818,44.529456450465005,2.4718930400888253,39633054368531323,246.88192480875057,38.861591738512814,9465,main,dark,0,df7b9741-86f4-11ef-bc2c-525400f334e1
22820,87634,67.93802046379376,2.6388837065401916,39627637034850052,185.02534340750765,-6.186061005795758,25470,main,dark,0,b61b68c7-8a26-11ef-a265-525400f334e1
22833,514619,91.13036344940868,2.1249845726926613,39628145359328517,120.50707557312596,15.080524075146174,4652,main,dark,0,45e06266-8a71-11ef-9d29-525400f334e1
22851,152947,87.02513625269776,3.231478502358797,39627712234526146,359.2258024874424,-3.33680582215472,17394,main,dark,0,45762f73-8743-11ef-9c99-525400f334e1
22873,614500,47.353060058146184,2.256892144029896,39628359776342097,6.283178108111096,24.522654861663906,19946,main,dark,0,49001a56-891b-11ef-b5dc-525400f334e1
22900,127023,65.16674968565087,2.289240098653434,39627682702433491,36.49534995637825,-4.300294410094179,17692,main,dark,0,e34ac7bf-8771-11ef-857e-525400f334e1
22916,22212,40.30803148105617,2.0839792463834934,39627503320435853,39.60720727596416,-11.735958239187465,36748,main,dark,0,50bd6b41-8ba6-11ef-9e26-525400f334e1
22933,645433,97.8569179992872,2.8243075241401976,39628436200753706,32.07689419637788,27.943750408771702,763,main,dark,0,923a7e72-8b5c-11ef-9955-525400f334e1
22936,12100,91.61803843499334,2.414917950077964,39627450702890778,64.46193127120867,-13.982462484246229,22572,main,dark,0,e2d31d98-89b0-11ef-80e2-525400f334e1
22949,297406,94.70848770280844,2.6241243934845464,39627853377045713,131.80696796862682,2.7786455632633595,4128,main,dark,0,df1d03de-8b71-11ef-8473-525400f334e1
22972,15035,63.77781406352699,2.199676780390867,39627473356327473,12.205354031616414,-13.089976940800174,16881,main,dark,0,8455fbf3-8728-11ef-a03b-525400f334e1
23024,379793,51.51270737045163,2.902639534042972,39627938571749699,181.8627084078747,6.339839239674466,27678,main,dark,0,d17f4c63-889d-11ef-9e69-525400f334e1
23055,808373,79.91876753945192,2.252570101259709,39633175692968519,261.1518343825434,45.51282204957637,9676,main,dark,0,19bb520c-871d-11ef-913a-525400f334e1
23060,597920,51.72679724231783,2.3833949168682995,39628320555401247,341.35229028636365,22.436604572434945,20155,main,dark,0,1caf816f-8945-11ef-9882-525400f334e1
23065,145176,96.74067033205522,3.4705741356002724,39627702902196872,162.10051408509412,-3.571592667593726,27010,main,dark,0,489dffd6-8781-11ef-abb4-525400f334e1
23100,181140,39.391176130755355,2.110074418150361,39627744719407164,135.3336047860695,-1.858366333619495,40956,main,dark,0,c2c54f90-8b61-11ef-aa28-525400f334e1
23113,123136,62.98723172061681,3.082038659889457,39627678495540566,144.97848175102612,-4.574331744376778,27175,main,dark,0,23091b1a-87db-11ef-9d06-525400f334e1
23116,119057,70.56488096414644,3.6900668511971904,39627673160387854,186.16883338117512,-4.75159900032983,26154,main,dark,0,ae94ad65-8655-11ef-b28b-525400f334e1
23118,208852,77.29967670224788,2.3405285162919425,39627770296276468,219.9746367575443,-0.7308179245356125,25933,main,dark,0,e0bbd2f8-85d2-11ef-bc88-525400f334e1
23123,653549,42.18597404216157,2.9619983964644483,39628457121940582,7.2181615848193905,28.950421011848416,20312,main,dark,0,6c641a27-8953-11ef-9f55-525400f334e1
23149,772131,74.81771234203131,2.4061488564272793,39633063780553160,247.61295079845513,39.37355412340932,9468,main,dark,0,0b575acb-86f6-11ef-b537-525400f334e1
23174,265759,27.994596889056155,2.228188057115586,39627821328372504,21.635292374966703,1.455506064252528,18178,main,dark,0,88237c8c-87e0-11ef-abd2-525400f334e1
