pair_id,profile,x,a_int_x,phi_x
NGC4319-Mrk205,exponential,0.0,1.0,-0.0
NGC4319-Mrk205,exponential,0.005025125628140704,0.9987482947685878,0.0012524892687293626
NGC4319-Mrk205,exponential,0.010050251256281407,0.9975214982637136,0.002481578306288853
NGC4319-Mrk205,exponential,0.01507537688442211,0.9963191148058498,0.0036876763220865176
NGC4319-Mrk205,exponential,0.020100502512562814,0.9951406585794093,0.0048711864082502995
NGC4319-Mrk205,exponential,0.02512562814070352,0.9939856534364545,0.006032505592242724
NGC4319-Mrk205,exponential,0.03015075376884422,0.9928536327043129,0.0071720248905900895
NGC4319-Mrk205,exponential,0.035175879396984924,0.9917441389970209,0.008290129363646887
NGC4319-Mrk205,exponential,0.04020100502512563,0.9906567240305192,0.009387198171319869
NGC4319-Mrk205,exponential,0.04522613065326633,0.9895909484415277,0.0104636046296758
NGC4319-Mrk205,exponential,0.05025125628140704,0.9885463816100224,0.011519716268363839
NGC4319-Mrk205,exponential,0.05527638190954774,0.987522601485246,0.012555894888780877
NGC4319-Mrk205,exponential,0.06030150753768844,0.9865191944151818,0.01357249662291304
NGC4319-Mrk205,exponential,0.06532663316582915,0.9855357549794195,0.014569871992790893
NGC4319-Mrk205,exponential,0.07035175879396985,0.9845718858253474,0.015548365970493666
NGC4319-Mrk205,exponential,0.07537688442211056,0.9836271975076055,0.01650831803864212
NGC4319-Mrk205,exponential,0.08040201005025126,0.9827013083307313,0.017450062251325435
NGC4319-Mrk205,exponential,0.08542713567839195,0.981793844194939,0.018373927295401573
NGC4319-Mrk205,exponential,0.09045226130653267,0.9809044384449666,0.019280236552121053
NGC4319-Mrk205,exponential,0.09547738693467336,0.9800327317219306,0.02016930815902182
NGC4319-Mrk205,exponential,0.10050251256281408,0.9791783718181301,0.021041455072043982
NGC4319-Mrk205,exponential,0.10552763819095477,0.9783410135347389,0.02189698512781842
NGC4319-Mrk205,exponential,0.11055276381909548,0.9775203185423301,0.022736201106084167
NGC4319-Mrk205,exponential,0.11557788944723618,0.9767159552441766,0.023559400792188174
NGC4319-Mrk205,exponential,0.12060301507537688,0.9759275986422707,0.024366877039629253
NGC4319-Mrk205,exponential,0.12562814070351758,0.9751549302060116,0.02515891783260207
NGC4319-Mrk205,exponential,0.1306532663316583,0.9743976377435043,0.025935806348506875
NGC4319-Mrk205,exponential,0.135678391959799,0.9736554152754211,0.026697821020384798
NGC4319-Mrk205,exponential,0.1407035175879397,0.9729279629113718,0.02744523559924707
NGC4319-Mrk205,exponential,0.1457286432160804,0.9722149867287355,0.028178319216261828
NGC4319-Mrk205,exponential,0.15075376884422112,0.9715161986539026,0.028897336444768818
NGC4319-Mrk205,exponential,0.15577889447236182,0.9708313163458807,0.029602547362091104
NGC4319-Mrk205,exponential,0.16080402010050251,0.970160063082216,0.03029420761111576
NGC4319-Mrk205,exponential,0.1658291457286432,0.969502167647186,0.03097256846161442
NGC4319-Mrk205,exponential,0.1708542713567839,0.968857364222216,0.03163787687128031
NGC4319-Mrk205,exponential,0.17587939698492464,0.9682253922784768,0.03229037554645609
NGC4319-Mrk205,exponential,0.18090452261306533,0.9676059964716197,0.03293030300252889
NGC4319-Mrk205,exponential,0.18592964824120603,0.9669989265386061,0.03355789362397172
NGC4319-Mrk205,exponential,0.19095477386934673,0.9664039371965907,0.0341733777240095
NGC4319-Mrk205,exponential,0.19597989949748745,0.9658207880438158,0.03477698160389218
NGC4319-Mrk205,exponential,0.20100502512562815,0.9652492434624789,0.035368927611754135
NGC4319-Mrk205,exponential,0.20603015075376885,0.9646890725235329,0.03594943420104449
NGC4319-Mrk205,exponential,0.21105527638190955,0.96414004889338,0.036518715988512446
NGC4319-Mrk205,exponential,0.21608040201005024,0.9636019507424242,0.037076983811730434
NGC4319-Mrk205,exponential,0.22110552763819097,0.9630745606554407,0.03762444478614482
NGC4319-Mrk205,exponential,0.22613065326633167,0.9625576655437326,0.038161302361636486
NGC4319-Mrk205,exponential,0.23115577889447236,0.962051056559032,0.038687756378583654
NGC4319-Mrk205,exponential,0.23618090452261306,0.9615545290091172,0.03920400312341274
NGC4319-Mrk205,exponential,0.24120603015075376,0.9610678822751079,0.03971023538362765
NGC4319-Mrk205,exponential,0.24623115577889448,0.9605909197304059,0.0402066425023093
NGC4319-Mrk205,exponential,0.25125628140703515,0.96012344866125,0.0406934104320746
NGC4319-Mrk205,exponential,0.2562814070351759,0.9596652801888507,0.04117072178848861
NGC4319-Mrk205,exponential,0.2613065326633166,0.9592162291930753,0.041638755902921584
NGC4319-Mrk205,exponential,0.2663316582914573,0.9587761142376507,0.04209768887484576
NGC4319-Mrk205,exponential,0.271356783919598,0.958344757496856,0.04254769362356438
NGC4319-Mrk205,exponential,0.2763819095477387,0.9579219846836723,0.04298893993936909
NGC4319-Mrk205,exponential,0.2814070351758794,0.9575076249793636,0.04342159453412109
NGC4319-Mrk205,exponential,0.2864321608040201,0.9571015109644584,0.04384582109125139
NGC4319-Mrk205,exponential,0.2914572864321608,0.9567034785511049,0.044261780315177586
NGC4319-Mrk205,exponential,0.2964824120603015,0.9563133669167726,0.04466962998013395
NGC4319-Mrk205,exponential,0.30150753768844224,0.9559310184392721,0.04506952497841329
NGC4319-Mrk205,exponential,0.3065326633165829,0.95555627863307,0.04546161736801687
NGC4319-Mrk205,exponential,0.31155778894472363,0.9551889960868692,0.045846056419714225
NGC4319-Mrk205,exponential,0.3165829145728643,0.9548290224024323,0.04622298866350919
NGC4319-Mrk205,exponential,0.32160804020100503,0.9544762121346222,0.04659255793451289
NGC4319-Mrk205,exponential,0.32663316582914576,0.9541304227326357,0.04695490541822466
NGC4319-Mrk205,exponential,0.3316582914572864,0.9537915144824075,0.04731016969521855
NGC4319-Mrk205,exponential,0.33668341708542715,0.9534593504501585,0.04765848678524023
NGC4319-Mrk205,exponential,0.3417085427135678,0.9531337964270693,0.04799999019071127
NGC4319-Mrk205,exponential,0.34673366834170855,0.9528147208750538,0.04833481093964522
NGC4319-Mrk205,exponential,0.35175879396984927,0.9525019948736119,0.048663077627976156
NGC4319-Mrk205,exponential,0.35678391959798994,0.9521954920677401,0.04898491646130142
NGC4319-Mrk205,exponential,0.36180904522613067,0.9518950886168785,0.04930045129604228
NGC4319-Mrk205,exponential,0.36683417085427134,0.951600663144874,0.049609803680023226
NGC4319-Mrk205,exponential,0.37185929648241206,0.9513120966909385,0.04991309289247494
NGC4319-Mrk205,exponential,0.3768844221105528,0.9510292726615842,0.05021043598346218
NGC4319-Mrk205,exponential,0.38190954773869346,0.9507520767835139,0.05050194781274177
NGC4319-Mrk205,exponential,0.3869346733668342,0.9504803970574506,0.05078774108805194
NGC4319-Mrk205,exponential,0.3919597989949749,0.9502141237128839,0.05106792640283958
NGC4319-Mrk205,exponential,0.3969849246231156,0.9499531491637188,0.05134261227342721
NGC4319-Mrk205,exponential,0.4020100502512563,0.9496973679648052,0.05161190517562475
NGC4319-Mrk205,exponential,0.40703517587939697,0.9494466767693344,0.05187590958079033
NGC4319-Mrk205,exponential,0.4120603015075377,0.949200974287082,0.052134727991343936
NGC4319-Mrk205,exponential,0.4170854271356784,0.9489601612434823,0.05238846097574039
NGC4319-Mrk205,exponential,0.4221105527638191,0.9487241403395167,0.052637207202903324
NGC4319-Mrk205,exponential,0.4271356783919598,0.9484928162124013,0.05288106347612797
NGC4319-Mrk205,exponential,0.4321608040201005,0.9482660953970556,0.053120124766456195
NGC4319-Mrk205,exponential,0.4371859296482412,0.9480438862883388,0.05335448424552871
NGC4319-Mrk205,exponential,0.44221105527638194,0.9478260991040369,0.053584233317920706
NGC4319-Mrk205,exponential,0.4472361809045226,0.9476126458485877,0.05380946165296443
NGC4319-Mrk205,exponential,0.45226130653266333,0.9474034402775254,0.05403025721606688
NGC4319-Mrk205,exponential,0.457286432160804,0.9471983978626353,0.05424670629952388
NGC4319-Mrk205,exponential,0.4623115577889447,0.9469974357577998,0.05445889355284007
NGC4319-Mrk205,exponential,0.46733668341708545,0.9468004727655255,0.05466690201255803
NGC4319-Mrk205,exponential,0.4723618090452261,0.9466074293041356,0.054870813131601956
NGC4319-Mrk205,exponential,0.47738693467336685,0.9464182273756154,0.05507070680814301
NGC4319-Mrk205,exponential,0.4824120603015075,0.9462327905340979,0.05526666141399071
NGC4319-Mrk205,exponential,0.48743718592964824,0.9460510438549761,0.05545875382251608
NGC4319-Mrk205,exponential,0.49246231155778897,0.9458729139046301,0.055647059436112985
NGC4319-Mrk205,exponential,0.49748743718592964,0.9456983287107573,0.055831652213202534
NGC4319-Mrk205,exponential,0.5025125628140703,0.9455272177332915,0.05601260469478723
NGC4319-Mrk205,exponential,0.507537688442211,0.9453595118359023,0.056189988030559204
NGC4319-Mrk205,exponential,0.5125628140703518,0.945195143258061,0.056363872004569236
NGC4319-Mrk205,exponential,0.5175879396984925,0.9450340455876618,0.056534325060463055
NGC4319-Mrk205,exponential,0.5226130653266332,0.9448761537341892,0.05670141432628806
NGC4319-Mrk205,exponential,0.5276381909547738,0.9447214039024179,0.05686520563887934
NGC4319-Mrk205,exponential,0.5326633165829145,0.9445697335666371,0.05702576356782807
NGC4319-Mrk205,exponential,0.5376884422110553,0.9444210814453872,0.057183151439039966
NGC4319-Mrk205,exponential,0.542713567839196,0.9442753874766995,0.05733743135788772
NGC4319-Mrk205,exponential,0.5477386934673367,0.9441325927938287,0.05748866423196456
NGC4319-Mrk205,exponential,0.5527638190954774,0.9439926397014676,0.05763690979344396
NGC4319-Mrk205,exponential,0.5577889447236181,0.9438554716524366,0.05778222662105049
NGC4319-Mrk205,exponential,0.5628140703517588,0.943721033224835,0.057924672161648684
NGC4319-Mrk205,exponential,0.5678391959798995,0.9435892700996491,0.05806430275145461
NGC4319-Mrk205,exponential,0.5728643216080402,0.9434601290388045,0.05820117363687518
NGC4319-Mrk205,exponential,0.577889447236181,0.9433335578636555,0.05833533899498243
NGC4319-Mrk205,exponential,0.5829145728643216,0.943209505433903,0.058466851953625845
NGC4319-Mrk205,exponential,0.5879396984924623,0.9430879216269312,0.05859576461119081
NGC4319-Mrk205,exponential,0.592964824120603,0.9429687573175564,0.05872212805600533
NGC4319-Mrk205,exponential,0.5979899497487438,0.9428519643581773,0.058845992385404146
NGC4319-Mrk205,exponential,0.6030150753768845,0.9427374955593224,0.05896740672445177
NGC4319-Mrk205,exponential,0.6080402010050251,0.9426253046705826,0.059086419244332354
NGC4319-Mrk205,exponential,0.6130653266331658,0.9425153463619244,0.05920307718041018
NGC4319-Mrk205,exponential,0.6180904522613065,0.9424075762053744,0.05931742684996653
NGC4319-Mrk205,exponential,0.6231155778894473,0.9423019506570685,0.05942951366961813
NGC4319-Mrk205,exponential,0.628140703517588,0.9421984270396583,0.05953938217242081
NGC4319-Mrk205,exponential,0.6331658291457286,0.9420969635250674,0.05964707602466601
NGC4319-Mrk205,exponential,0.6381909547738693,0.9419975191175914,0.059752638042372117
NGC4319-Mrk205,exponential,0.6432160804020101,0.9419000536373338,0.05985611020747727
NGC4319-Mrk205,exponential,0.6482412060301508,0.9418045277039706,0.05995753368373915
NGC4319-Mrk205,exponential,0.6532663316582915,0.9417109027208407,0.060056948832343394
NGC4319-Mrk205,exponential,0.6582914572864321,0.9416191408593494,0.06015439522722962
NGC4319-Mrk205,exponential,0.6633165829145728,0.9415292050436851,0.060249911670135825
NGC4319-Mrk205,exponential,0.6683417085427136,0.9414410589358387,0.060343536205368205
NGC4319-Mrk205,exponential,0.6733668341708543,0.9413546669209214,0.060435306134300516
NGC4319-Mrk205,exponential,0.678391959798995,0.9412699940927749,0.06052525802960609
NGC4319-Mrk205,exponential,0.6834170854271356,0.9411870062398673,0.060613427749229655
NGC4319-Mrk205,exponential,0.6884422110552764,0.9411056698314709,0.060699850450099686
NGC4319-Mrk205,exponential,0.6934673366834171,0.9410259520041139,0.060784560601589495
NGC4319-Mrk205,exponential,0.6984924623115578,0.9409478205483017,0.06086759199872854
NGC4319-Mrk205,exponential,0.7035175879396985,0.940871243895504,0.06094897777516885
NGC4319-Mrk205,exponential,0.7085427135678392,0.9407961911053984,0.061028750415912277
NGC4319-Mrk205,exponential,0.7135678391959799,0.94072263185337,0.06110694176979961
NGC4319-Mrk205,exponential,0.7185929648241206,0.9406505364182589,0.06118358306176895
NGC4319-Mrk205,exponential,0.7236180904522613,0.9405798756703512,0.061258704904884935
NGC4319-Mrk205,exponential,0.7286432160804021,0.9405106210596093,0.06133233731214402
NGC4319-Mrk205,exponential,0.7336683417085427,0.9404427446041367,0.06140450970805888
NGC4319-Mrk205,exponential,0.7386934673366834,0.9403762188788723,0.06147525094002613
NGC4319-Mrk205,exponential,0.7437185929648241,0.940311017004509,0.061544589289482
NGC4319-Mrk205,exponential,0.7487437185929648,0.9402471126366332,0.06161255248284804
NGC4319-Mrk205,exponential,0.7537688442211056,0.9401844799550809,0.06167916770227126
NGC4319-Mrk205,exponential,0.7587939698492463,0.9401230936535054,0.061744461596162765
NGC4319-Mrk205,exponential,0.7638190954773869,0.9400629289291518,0.06180846028953839
NGC4319-Mrk205,exponential,0.7688442211055276,0.9400039614728357,0.0618711893941638
NGC4319-Mrk205,exponential,0.7738693467336684,0.9399461674591219,0.06193267401850849
NGC4319-Mrk205,exponential,0.7788944723618091,0.9398895235366972,0.06199293877751176
NGC4319-Mrk205,exponential,0.7839195979899498,0.9398340068189356,0.062052007802164806
NGC4319-Mrk205,exponential,0.7889447236180904,0.9397795948746513,0.062109904748910046
NGC4319-Mrk205,exponential,0.7939698492462312,0.9397262657190353,0.062166652808863986
NGC4319-Mrk205,exponential,0.7989949748743719,0.9396739978047726,0.062222274716863715
NGC4319-Mrk205,exponential,0.8040201005025126,0.9396227700133362,0.06227679276034289
NGC4319-Mrk205,exponential,0.8090452261306533,0.9395725616464544,0.06233022878803815
NGC4319-Mrk205,exponential,0.8140703517587939,0.9395233524177476,0.06238260421853077
NGC4319-Mrk205,exponential,0.8190954773869347,0.939475122444532,0.06243394004862479
NGC4319-Mrk205,exponential,0.8241206030150754,0.9394278522397854,0.062484256861566674
NGC4319-Mrk205,exponential,0.8291457286432161,0.9393815227042746,0.06253357483510685
NGC4319-Mrk205,exponential,0.8341708542713568,0.9393361151188377,0.06258191374940826
NGC4319-Mrk205,exponential,0.8391959798994975,0.9392916111368212,0.06262929299480408
NGC4319-Mrk205,exponential,0.8442211055276382,0.9392479927766668,0.06267573157940608
NGC4319-Mrk205,exponential,0.8492462311557789,0.9392052424146464,0.06272124813656799
NGC4319-Mrk205,exponential,0.8542713567839196,0.939163342777741,0.0627658609322063
NGC4319-Mrk205,exponential,0.8592964824120604,0.9391222769366621,0.06280958787198002
NGC4319-Mrk205,exponential,0.864321608040201,0.9390820282990106,0.06285244650833334
NGC4319-Mrk205,exponential,0.8693467336683417,0.9390425806025741,0.06289445404740217
NGC4319-Mrk205,exponential,0.8743718592964824,0.9390039179087551,0.06293562735578939
NGC4319-Mrk205,exponential,0.8793969849246231,0.9389660245961319,0.06297598296720869
NGC4319-Mrk205,exponential,0.8844221105527639,0.938928885354146,0.06301553708900107
NGC4319-Mrk205,exponential,0.8894472361809045,0.938892485176917,0.0630543056085256
NGC4319-Mrk205,exponential,0.8944723618090452,0.9388568093571786,0.06309230409942802
NGC4319-Mrk205,exponential,0.8994974874371859,0.9388218434803371,0.06312954782778664
NGC4319-Mrk205,exponential,0.9045226130653267,0.9387875734186464,0.06316605175814205
NGC4319-Mrk205,exponential,0.9095477386934674,0.9387539853255005,0.06320183055940806
NGC4319-Mrk205,exponential,0.914572864321608,0.9387210656298383,0.06323689861067068
NGC4319-Mrk205,exponential,0.9195979899497487,0.9386888010306608,0.0632712700068731
NGC4319-Mrk205,exponential,0.9246231155778895,0.9386571784916565,0.06330495856439224
NGC4319-Mrk205,exponential,0.9296482412060302,0.9386261852359346,0.06333797782650646
NGC4319-Mrk205,exponential,0.9346733668341709,0.9385958087408619,0.06337034106875779
NGC4319-Mrk205,exponential,0.9396984924623115,0.938566036733004,0.06340206130421026
NGC4319-Mrk205,exponential,0.9447236180904522,0.9385368571831655,0.06343315128860635
NGC4319-Mrk205,exponential,0.949748743718593,0.93850825830153,0.06346362352542348
NGC4319-Mrk205,exponential,0.9547738693467337,0.9384802285328964,0.06349349027083218
NGC4319-Mrk205,exponential,0.9597989949748744,0.9384527565520107,0.06352276353855775
NGC4319-Mrk205,exponential,0.964824120603015,0.9384258312589889,0.06355145510464885
NGC4319-Mrk205,exponential,0.9698492462311558,0.9383994417748333,0.0635795765121518
NGC4319-Mrk205,exponential,0.9748743718592965,0.9383735774370363,0.06360713907569446
NGC4319-Mrk205,exponential,0.9798994974874372,0.9383482277952725,0.06363415388598193
NGC4319-Mrk205,exponential,0.9849246231155779,0.9383233826071761,0.06366063181420353
NGC4319-Mrk205,exponential,0.9899497487437187,0.9382990318342027,0.06368658351635452
NGC4319-Mrk205,exponential,0.9949748743718593,0.9382751656375735,0.06371201943747358
NGC4319-Mrk205,exponential,1.0,0.9382517743742996,0.06373694981579786
NGC4319-Mrk205,tanh,0.0,1.0,-0.0
NGC4319-Mrk205,tanh,0.005025125628140704,0.9999945548918394,5.445122985239666e-06
NGC4319-Mrk205,tanh,0.010050251256281407,0.9999887335135537,1.1266549913672557e-05
NGC4319-Mrk205,tanh,0.01507537688442211,0.9999825099424514,1.7490210501425868e-05
NGC4319-Mrk205,tanh,0.020100502512562814,0.999975856481161,2.4143810298390485e-05
NGC4319-Mrk205,tanh,0.02512562814070352,0.999968743537744,3.125695074938623e-05
NGC4319-Mrk205,tanh,0.03015075376884422,0.9999611394979393,3.88612571495726e-05
NGC4319-Mrk205,tanh,0.035175879396984924,0.9999530105890583,4.69905149786782e-05
NGC4319-Mrk205,tanh,0.04020100502512563,0.9999443207350197,5.5680815128106e-05
NGC4319-Mrk205,tanh,0.04522613065326633,0.9999350314019936,6.49707085571977e-05
NGC4319-Mrk205,tanh,0.05025125628140704,0.9999251014340951,7.490137094257433e-05
NGC4319-Mrk205,tanh,0.05527638190954774,0.999914486878543,8.551677791241473e-05
NGC4319-Mrk205,tanh,0.06030150753768844,0.9999031407996752,9.686389148002872e-05
NGC4319-Mrk205,tanh,0.06532663316582915,0.9998910130811818,0.00010899285832401427
NGC4319-Mrk205,tanh,0.07035175879396985,0.9998780502158982,0.0001219572205813612
NGC4319-Mrk205,tanh,0.07537688442211056,0.9998641950824714,0.00013581413985140557
NGC4319-Mrk205,tanh,0.08040201005025126,0.9998493867081921,0.00015062463512869614
NGC4319-Mrk205,tanh,0.08542713567839195,0.9998335600172633,0.00016645383540772827
NGC4319-Mrk205,tanh,0.09045226130653267,0.9998166455637555,0.00018337124772415902
NGC4319-Mrk205,tanh,0.09547738693467336,0.9997985692484879,0.00020145104141067887
NGC4319-Mrk205,tanh,0.10050251256281408,0.9997792520190542,0.0002207723493676441
NGC4319-Mrk205,tanh,0.10552763819095477,0.9997586095522126,0.0002414195871509159
NGC4319-Mrk205,tanh,0.11055276381909548,0.9997365519178498,0.00026348279069223575
NGC4319-Mrk205,tanh,0.11557788944723618,0.9997129832237384,0.0002870579734596137
NGC4319-Mrk205,tanh,0.12060301507537688,0.9996878012403168,0.0003122475038615324
NGC4319-Mrk205,tanh,0.12562814070351758,0.9996608970047423,0.00033916050367966105
NGC4319-Mrk205,tanh,0.1306532663316583,0.9996321544035036,0.00036791326828350456
NGC4319-Mrk205,tanh,0.135678391959799,0.9996014497329208,0.0003986297093454651
NGC4319-Mrk205,tanh,0.1407035175879397,0.9995686512369255,0.0004314418207133539
NGC4319-Mrk205,tanh,0.1457286432160804,0.9995336186215921,0.00046649016802927866
NGC4319-Mrk205,tanh,0.15075376884422112,0.9994962025459879,0.000503924402588783
NGC4319-Mrk205,tanh,0.15577889447236182,0.9994562440890369,0.0005439037998211948
NGC4319-Mrk205,tanh,0.16080402010050251,0.9994135741922362,0.0005865978226303997
NGC4319-Mrk205,tanh,0.1658291457286432,0.999368013078249,0.0006321867096656706
NGC4319-Mrk205,tanh,0.1708542713567839,0.9993193696456095,0.0006808620883862296
NGC4319-Mrk205,tanh,0.17587939698492464,0.999267440840031,0.0007328276125433106
NGC4319-Mrk205,tanh,0.18090452261306533,0.9992120110031047,0.000788299623415771
NGC4319-Mrk205,tanh,0.18592964824120603,0.9991528511995261,0.0008475078338030363
NGC4319-Mrk205,tanh,0.19095477386934673,0.9990897185243882,0.0009106960333894761
NGC4319-Mrk205,tanh,0.19597989949748745,0.9990223553925449,0.0009781228136468711
NGC4319-Mrk205,tanh,0.20100502512562815,0.9989504888125802,0.0010500623099259656
NGC4319-Mrk205,tanh,0.20603015075376885,0.9988738296485261,0.0011268049577987827
NGC4319-Mrk205,tanh,0.21105527638190955,0.9987920718731624,0.001208658260042214
NGC4319-Mrk205,tanh,0.21608040201005024,0.998704891817506,0.00129594755989749
NGC4319-Mrk205,tanh,0.22110552763819097,0.9986119474219749,0.0013890168153828355
NGC4319-Mrk205,tanh,0.22613065326633167,0.9985128774956883,0.0014882293684809701
NGC4319-Mrk205,tanh,0.23115577889447236,0.998407300991447,0.001593968701957594
NGC4319-Mrk205,tanh,0.23618090452261306,0.9982948163051456,0.0017066391753807618
NGC4319-Mrk205,tanh,0.24120603015075376,0.9981750006096822,0.001826666730610597
NGC4319-Mrk205,tanh,0.24623115577889448,0.9980474092348803,0.001954499555596846
NGC4319-Mrk205,tanh,0.25125628140703515,0.9979115751064978,0.002090608693768448
NGC4319-Mrk205,tanh,0.2562814070351759,0.9977670082590911,0.0022354885846130675
NGC4319-Mrk205,tanh,0.2613065326633166,0.9976131954392997,0.002389657519246173
NGC4319-Mrk205,tanh,0.2663316582914573,0.9974495998180265,0.0025536579928440877
NGC4319-Mrk205,tanh,0.271356783919598,0.9972756608319892,0.002728056933800527
NGC4319-Mrk205,tanh,0.2763819095477387,0.9970907941771796,0.0029134457873632186
NGC4319-Mrk205,tanh,0.2814070351758794,0.9968943919788795,0.0031104404293483454
NGC4319-Mrk205,tanh,0.2864321608040201,0.996685823164983,0.003319680883354788
NGC4319-Mrk205,tanh,0.2914572864321608,0.9964644340714378,0.003541830812746088
NGC4319-Mrk205,tanh,0.2964824120603015,0.9962295493105737,0.003777576756589678
NGC4319-Mrk205,tanh,0.30150753768844224,0.9959804729348551,0.004027627076822122
NGC4319-Mrk205,tanh,0.3065326633165829,0.9957164899301129,0.0042927105822047696
NGC4319-Mrk205,tanh,0.31155778894472363,0.9954368680734532,0.0045735747932649975
NGC4319-Mrk205,tanh,0.3165829145728643,0.9951408601917133,0.004870983811479769
NGC4319-Mrk205,tanh,0.32160804020100503,0.9948277068563894,0.0051857157555862034
NGC4319-Mrk205,tanh,0.32663316582914576,0.9944966395502778,0.005518559728230591
NGC4319-Mrk205,tanh,0.3316582914572864,0.9941468843394669,0.005870312277358232
NGC4319-Mrk205,tanh,0.33668341708542715,0.9937776660816486,0.006241773318961141
NGC4319-Mrk205,tanh,0.3417085427135678,0.9933882131978088,0.006633741491207865
NGC4319-Mrk205,tanh,0.34673366834170855,0.9929777630290288,0.007047008914768285
NGC4319-Mrk205,tanh,0.35175879396984927,0.9925455677932403,0.007482355340474173
NGC4319-Mrk205,tanh,0.35678391959798994,0.9920909011481601,0.007940541673487508
NGC4319-Mrk205,tanh,0.36180904522613067,0.9916130653561932,0.008422302873018553
NGC4319-Mrk205,tanh,0.36683417085427134,0.9911113990347442,0.008928340238435733
NGC4319-Mrk205,tanh,0.37185929648241206,0.9905852854611075,0.009459313106396387
NGC4319-Mrk205,tanh,0.3768844221105528,0.9900341613849726,0.010015829999368023
NGC4319-Mrk205,tanh,0.38190954773869346,0.9894575262837104,0.010598439283524257
NGC4319-Mrk205,tanh,0.3869346733668342,0.9888549519762603,0.011207619413262681
NGC4319-Mrk205,tanh,0.3919597989949749,0.9882260924909603,0.011843768860213679
NGC4319-Mrk205,tanh,0.3969849246231156,0.9875706940615445,0.012507195846141725
NGC4319-Mrk205,tanh,0.4020100502512563,0.9868886051043901,0.013198108021010046
NGC4319-Mrk205,tanh,0.40703517587939697,0.9861797860096693,0.013916602248991355
NGC4319-Mrk205,tanh,0.4120603015075377,0.98544431856022,0.014662654685515834
NGC4319-Mrk205,tanh,0.4170854271356784,0.9846824147756442,0.015436111346619874
NGC4319-Mrk205,tanh,0.4221105527638191,0.9838944249664184,0.01623667938684416
NGC4319-Mrk205,tanh,0.4271356783919598,0.9830808447746919,0.01706391931267175
NGC4319-Mrk205,tanh,0.4321608040201005,0.9822423209760027,0.0179172383638926
NGC4319-Mrk205,tanh,0.4371859296482412,0.9813796558202714,0.018795885294335256
NGC4319-Mrk205,tanh,0.44221105527638194,0.9804938097019248,0.019698946775227398
NGC4319-Mrk205,tanh,0.4472361809045226,0.9795859019683936,0.020625345628352804
NGC4319-Mrk205,tanh,0.45226130653266333,0.9786572097037546,0.021573841071771276
NGC4319-Mrk205,tanh,0.457286432160804,0.9777091643598252,0.02254303112810077
NGC4319-Mrk205,tanh,0.4623115577889447,0.9767433461500473,0.023531357304563
NGC4319-Mrk205,tanh,0.46733668341708545,0.9757614761710373,0.024537111605963096
NGC4319-Mrk205,tanh,0.4723618090452261,0.9747654062713689,0.025558445887710057
NGC4319-Mrk205,tanh,0.47738693467336685,0.9737571067451963,0.02659338349755101
NGC4319-Mrk205,tanh,0.4824120603015075,0.9727386519876224,0.027639833093902277
NGC4319-Mrk205,tanh,0.48743718592964824,0.9717122043069368,0.02869560446781716
NGC4319-Mrk205,tanh,0.49246231155778897,0.9706799961435378,0.029758426137224535
NGC4319-Mrk205,tanh,0.49748743718592964,0.9696443109941092,0.030825964428609777
NGC4319-Mrk205,tanh,0.5025125628140703,0.9686074633801904,0.031895843715221084
NGC4319-Mrk205,tanh,0.507537688442211,0.9675717782307618,0.03296566744429626
NGC4319-Mrk205,tanh,0.5125628140703518,0.9665395700673628,0.034033039560493576
NGC4319-Mrk205,tanh,0.5175879396984925,0.9655131223866772,0.03509558591988284
NGC4319-Mrk205,tanh,0.5226130653266332,0.9644946676291033,0.036150975289165235
NGC4319-Mrk205,tanh,0.5276381909547738,0.9634863681029308,0.03719693953820306
NGC4319-Mrk205,tanh,0.5326633165829145,0.9624902982032624,0.03823129265981749
NGC4319-Mrk205,tanh,0.5376884422110553,0.9615084282242523,0.03925194828787063
NGC4319-Mrk205,tanh,0.542713567839196,0.9605426100144744,0.04025693543113878
NGC4319-Mrk205,tanh,0.5477386934673367,0.959594564670545,0.04124441219422187
NGC4319-Mrk205,tanh,0.5527638190954774,0.9586658724059061,0.04221267731531392
NGC4319-Mrk205,tanh,0.5577889447236181,0.9577579646723748,0.043160179411550634
NGC4319-Mrk205,tanh,0.5628140703517588,0.9568721185540282,0.04408552388338051
NGC4319-Mrk205,tanh,0.5678391959798995,0.9560094533982969,0.04498747748768421
NGC4319-Mrk205,tanh,0.5728643216080402,0.9551709295996077,0.0458649706431746
NGC4319-Mrk205,tanh,0.577889447236181,0.9543573494078812,0.04671709757934036
NGC4319-Mrk205,tanh,0.5829145728643216,0.9535693595986554,0.04754311448062913
NGC4319-Mrk205,tanh,0.5879396984924623,0.9528074558140797,0.04834243580995063
NGC4319-Mrk205,tanh,0.592964824120603,0.9520719883646304,0.04911462901959694
NGC4319-Mrk205,tanh,0.5979899497487438,0.9513631692699095,0.049859407873389515
NGC4319-Mrk205,tanh,0.6030150753768845,0.9506810803127551,0.050576624611688756
NGC4319-Mrk205,tanh,0.6080402010050251,0.9500256818833394,0.05126626119154082
NGC4319-Mrk205,tanh,0.6130653266331658,0.9493968223980394,0.0519284198285578
NGC4319-Mrk205,tanh,0.6180904522613065,0.9487942480905892,0.052563313056177896
NGC4319-Mrk205,tanh,0.6231155778894473,0.9482176129893269,0.053171253502785294
NGC4319-Mrk205,tanh,0.628140703517588,0.947666488913192,0.053752643568882506
NGC4319-Mrk205,tanh,0.6331658291457286,0.9471403753395554,0.05430796516612028
NGC4319-Mrk205,tanh,0.6381909547738693,0.9466387090181064,0.054837769658446965
NGC4319-Mrk205,tanh,0.6432160804020101,0.9461608732261395,0.05534266812376814
NGC4319-Mrk205,tanh,0.6482412060301508,0.9457062065810593,0.05582332203300572
NGC4319-Mrk205,tanh,0.6532663316582915,0.9452740113452708,0.05628043442288374
NGC4319-Mrk205,tanh,0.6582914572864321,0.9448635611764908,0.05671474161956468
NGC4319-Mrk205,tanh,0.6633165829145728,0.944474108292651,0.057127005552740036
NGC4319-Mrk205,tanh,0.6683417085427136,0.9441048900348328,0.05751800668411881
NGC4319-Mrk205,tanh,0.6733668341708543,0.9437551348240218,0.05788853756056836
NGC4319-Mrk205,tanh,0.678391959798995,0.9434240675179102,0.05823939699044876
NGC4319-Mrk205,tanh,0.6834170854271356,0.9431109141825863,0.05857138483190169
NGC4319-Mrk205,tanh,0.6884422110552764,0.9428149063008464,0.05888529737390693
NGC4319-Mrk205,tanh,0.6934673366834171,0.9425352844441868,0.059181923284660834
NGC4319-Mrk205,tanh,0.6984924623115578,0.9422713014394445,0.05946204009711844
NGC4319-Mrk205,tanh,0.7035175879396985,0.9420222250637258,0.05972641119818742
NGC4319-Mrk205,tanh,0.7085427135678392,0.9417873403028618,0.05997578328589681
NGC4319-Mrk205,tanh,0.7135678391959799,0.9415659512093166,0.06021088425772474
NGC4319-Mrk205,tanh,0.7185929648241206,0.9413573823954201,0.06043242149296655
NGC4319-Mrk205,tanh,0.7236180904522613,0.94116098019712,0.06064108049243808
NGC4319-Mrk205,tanh,0.7286432160804021,0.9409761135423105,0.060837523839757435
NGC4319-Mrk205,tanh,0.7336683417085427,0.9408021745562731,0.0610223904498494
NGC4319-Mrk205,tanh,0.7386934673366834,0.9406385789349999,0.06119629507201934
NGC4319-Mrk205,tanh,0.7437185929648241,0.9404847661152085,0.06135982801688332
NGC4319-Mrk205,tanh,0.7487437185929648,0.9403401992678019,0.06151355507852072
NGC4319-Mrk205,tanh,0.7537688442211056,0.9402043651394194,0.06165801762536977
NGC4319-Mrk205,tanh,0.7587939698492463,0.9400767737646174,0.0617937328355667
NGC4319-Mrk205,tanh,0.7638190954773869,0.939956958069154,0.06192119405458294
NGC4319-Mrk205,tanh,0.7688442211055276,0.9398444733828526,0.06204087125511449
NGC4319-Mrk205,tanh,0.7738693467336684,0.9397388968786113,0.062153211581191754
NGC4319-Mrk205,tanh,0.7788944723618091,0.9396398269523247,0.06225863996039191
NGC4319-Mrk205,tanh,0.7839195979899498,0.9395468825567936,0.062357559769835605
NGC4319-Mrk205,tanh,0.7889447236180904,0.9394597025011372,0.0624503535433245
NGC4319-Mrk205,tanh,0.7939698492462312,0.9393779447257735,0.06253738370852899
NGC4319-Mrk205,tanh,0.7989949748743719,0.9393012855617194,0.06261899334455492
NGC4319-Mrk205,tanh,0.8040201005025126,0.9392294189817547,0.06269550695152015
NGC4319-Mrk205,tanh,0.8090452261306533,0.9391620558499114,0.06276723122494747
NGC4319-Mrk205,tanh,0.8140703517587939,0.9390989231747735,0.06283445582884087
NGC4319-Mrk205,tanh,0.8190954773869347,0.9390397633711949,0.06289745416226745
NGC4319-Mrk205,tanh,0.8241206030150754,0.9389843335342686,0.06295648411511388
NGC4319-Mrk205,tanh,0.8291457286432161,0.9389324047286901,0.06301178880944207
NGC4319-Mrk205,tanh,0.8341708542713568,0.9388837612960507,0.06306359732353459
NGC4319-Mrk205,tanh,0.8391959798994975,0.9388382001820634,0.06311212539630667
NGC4319-Mrk205,tanh,0.8442211055276382,0.9387955302852627,0.06315757611027249
NGC4319-Mrk205,tanh,0.8492462311557789,0.9387555718283117,0.06320014055170058
NGC4319-Mrk205,tanh,0.8542713567839196,0.9387181557527076,0.06323999844697702
NGC4319-Mrk205,tanh,0.8592964824120604,0.9386831231373741,0.06327731877452918
NGC4319-Mrk205,tanh,0.864321608040201,0.9386503246413789,0.06331226035194303
NGC4319-Mrk205,tanh,0.8693467336683417,0.938619619970796,0.06334497239815004
NGC4319-Mrk205,tanh,0.8743718592964824,0.9385908773695574,0.06337559507076093
NGC4319-Mrk205,tanh,0.8793969849246231,0.9385639731339829,0.06340425997879355
NGC4319-Mrk205,tanh,0.8844221105527639,0.9385387911505613,0.06343109067117998
NGC4319-Mrk205,tanh,0.8894472361809045,0.9385152224564498,0.06345620310155423
NGC4319-Mrk205,tanh,0.8944723618090452,0.938493164822087,0.06347970606990888
NGC4319-Mrk205,tanh,0.8994974874371859,0.9384725223552455,0.06350170164178681
NGC4319-Mrk205,tanh,0.9045226130653267,0.9384532051258118,0.06352228554572245
NGC4319-Mrk205,tanh,0.9095477386934674,0.9384351288105441,0.06354154754969077
NGC4319-Mrk205,tanh,0.914572864321608,0.9384182143570363,0.06355957181735115
NGC4319-Mrk205,tanh,0.9195979899497487,0.9384023876661074,0.06357643724488561
NGC4319-Mrk205,tanh,0.9246231155778895,0.9383875792918283,0.06359221777924498
NGC4319-Mrk205,tanh,0.9296482412060302,0.9383737241584015,0.0636069827186132
NGC4319-Mrk205,tanh,0.9346733668341709,0.9383607612931179,0.0636207969958957
NGC4319-Mrk205,tanh,0.9396984924623115,0.9383486335746244,0.06363372144602825
NGC4319-Mrk205,tanh,0.9447236180904522,0.9383372874957566,0.06364581305788565
NGC4319-Mrk205,tanh,0.949748743718593,0.9383266729402046,0.06365712521155402
NGC4319-Mrk205,tanh,0.9547738693467337,0.938316742972306,0.06366770790170645
NGC4319-Mrk205,tanh,0.9597989949748744,0.9383074536392799,0.06367760794780303
NGC4319-Mrk205,tanh,0.964824120603015,0.9382987637852414,0.0636868691918061
NGC4319-Mrk205,tanh,0.9698492462311558,0.9382906348763603,0.06369553268408297
NGC4319-Mrk205,tanh,0.9748743718592965,0.9382830308365557,0.06370363685813547
NGC4319-Mrk205,tanh,0.9798994974874372,0.9382759178931386,0.0637112176947748
NGC4319-Mrk205,tanh,0.9849246231155779,0.9382692644318482,0.06371830887632807
NGC4319-Mrk205,tanh,0.9899497487437187,0.938263040860746,0.06372494193144224
NGC4319-Mrk205,tanh,0.9949748743718593,0.9382572194824602,0.0637311463710199
NGC4319-Mrk205,tanh,1.0,0.9382517743742996,0.06373694981579786
NGC4319-Mrk205,yukawa,0.0,0.9999989818402955,1.0181602228716055e-06
NGC4319-Mrk205,yukawa,0.005025125628140704,0.9999989349783892,1.0650221779269465e-06
NGC4319-Mrk205,yukawa,0.010050251256281407,0.9999988859338512,1.1140667693495568e-06
NGC4319-Mrk205,yukawa,0.01507537688442211,0.9999988346035892,1.1653970898931783e-06
NGC4319-Mrk205,yukawa,0.020100502512562814,0.9999987808795598,1.2191211832825253e-06
NGC4319-Mrk205,yukawa,0.02512562814070352,0.9999987246485265,1.275352286801125e-06
NGC4319-Mrk205,yukawa,0.03015075376884422,0.9999986657918041,1.3342090859809934e-06
NGC4319-Mrk205,yukawa,0.035175879396984924,0.9999986041849921,1.3958159820603145e-06
NGC4319-Mrk205,yukawa,0.04020100502512563,0.9999985396976934,1.460303372875306e-06
NGC4319-Mrk205,yukawa,0.04522613065326633,0.999998472193219,1.527807948074495e-06
NGC4319-Mrk205,yukawa,0.05025125628140704,0.9999984015282787,1.5984729988774994e-06
NGC4319-Mrk205,yukawa,0.05527638190954774,0.9999983275526546,1.6724487439326912e-06
NGC4319-Mrk205,yukawa,0.06030150753768844,0.9999982501088598,1.7498926712737991e-06
NGC4319-Mrk205,yukawa,0.06532663316582915,0.9999981690317786,1.8309698975967687e-06
NGC4319-Mrk205,yukawa,0.07035175879396985,0.999998084148289,1.9158535463002507e-06
NGC4319-Mrk205,yukawa,0.07537688442211056,0.9999979952768657,2.0047251437346858e-06
NGC4319-Mrk205,yukawa,0.08040201005025126,0.9999979022271633,2.0977750369907517e-06
NGC4319-Mrk205,yukawa,0.08542713567839195,0.9999978047995779,2.1952028315619424e-06
NGC4319-Mrk205,yukawa,0.09045226130653267,0.9999977027847865,2.297217852101037e-06
NGC4319-Mrk205,yukawa,0.09547738693467336,0.9999975959632628,2.404039626936719e-06
NGC4319-Mrk205,yukawa,0.10050251256281408,0.9999974841047681,2.515898396794576e-06
NGC4319-Mrk205,yukawa,0.10552763819095477,0.9999973669678168,2.633035649610001e-06
NGC4319-Mrk205,yukawa,0.11055276381909548,0.9999972442991129,2.755704684097715e-06
NGC4319-Mrk205,yukawa,0.11557788944723618,0.9999971158329591,2.884171200079675e-06
NGC4319-Mrk205,yukawa,0.12060301507537688,0.9999969812906351,3.0187139212337193e-06
NGC4319-Mrk205,yukawa,0.12562814070351758,0.9999968403797425,3.1596252491529506e-06
NGC4319-Mrk205,yukawa,0.1306532663316583,0.9999966927935175,3.3072119512696145e-06
NGC4319-Mrk205,yukawa,0.135678391959799,0.9999965382101078,3.4617958841980506e-06
NGC4319-Mrk205,yukawa,0.1407035175879397,0.9999963762918104,3.62371475527259e-06
NGC4319-Mrk205,yukawa,0.1457286432160804,0.9999962066842716,3.7933229230578697e-06
NGC4319-Mrk205,yukawa,0.15075376884422112,0.9999960290156443,3.970992240051585e-06
NGC4319-Mrk205,yukawa,0.15577889447236182,0.9999958428957018,4.157112939023364e-06
NGC4319-Mrk205,yukawa,0.16080402010050251,0.999995647914905,4.3520945653216835e-06
NGC4319-Mrk205,yukawa,0.1658291457286432,0.999995443643421,4.55636695925714e-06
NGC4319-Mrk205,yukawa,0.1708542713567839,0.9999952296300892,4.770381289006695e-06
NGC4319-Mrk205,yukawa,0.17587939698492464,0.9999950054013355,4.994611137592213e-06
NGC4319-Mrk205,yukawa,0.18090452261306533,0.9999947704600256,5.22955364848586e-06
NGC4319-Mrk205,yukawa,0.18592964824120603,0.9999945242842615,5.475730730287182e-06
NGC4319-Mrk205,yukawa,0.19095477386934673,0.9999942663261118,5.733690325801721e-06
NGC4319-Mrk205,yukawa,0.19597989949748745,0.9999939960102757,6.004007748297628e-06
NGC4319-Mrk205,yukawa,0.20100502512562815,0.9999937127326757,6.287287089271102e-06
NGC4319-Mrk205,yukawa,0.20603015075376885,0.9999934158589759,6.584162699609122e-06
NGC4319-Mrk205,yukawa,0.21105527638190955,0.9999931047230206,6.89530075192222e-06
NGC4319-Mrk205,yukawa,0.21608040201005024,0.99999277862519,7.221400884270657e-06
NGC4319-Mrk205,yukawa,0.22110552763819097,0.9999924368306669,7.563197934056214e-06
NGC4319-Mrk205,yukawa,0.22613065326633167,0.9999920785676117,7.921463762969383e-06
NGC4319-Mrk205,yukawa,0.23115577889447236,0.9999917030252382,8.29700918187552e-06
NGC4319-Mrk205,yukawa,0.23618090452261306,0.9999913093517852,8.690685978750543e-06
NGC4319-Mrk205,yukawa,0.24120603015075376,0.9999908966523797,9.10338905599662e-06
NGC4319-Mrk205,yukawa,0.24623115577889448,0.9999904639867836,9.536058684467714e-06
NGC4319-Mrk205,yukawa,0.25125628140703515,0.9999900103670172,9.989682879536716e-06
NGC4319-Mrk205,yukawa,0.2562814070351759,0.999989534754855,1.0465299906090477e-05
NGC4319-Mrk205,yukawa,0.2613065326633166,0.999989036059183,1.0964000921448795e-05
NGC4319-Mrk205,yukawa,0.2663316582914573,0.9999885131332126,1.1486932761984134e-05
NGC4319-Mrk205,yukawa,0.271356783919598,0.999987964771541,1.203530088299393e-05
NGC4319-Mrk205,yukawa,0.2763819095477387,0.9999873897070497,1.261037246071172e-05
NGC4319-Mrk205,yukawa,0.2814070351758794,0.9999867866076327,1.3213479664899636e-05
NGC4319-Mrk205,yukawa,0.2864321608040201,0.9999861540727429,1.3846023112796854e-05
NGC4319-Mrk205,yukawa,0.2914572864321608,0.9999854906297473,1.4509475514644017e-05
NGC4319-Mrk205,yukawa,0.2964824120603015,0.9999847947300794,1.5205385521892516e-05
NGC4319-Mrk205,yukawa,0.30150753768844224,0.9999840647451772,1.5935381790318428e-05
NGC4319-Mrk205,yukawa,0.3065326633165829,0.9999832989621938,1.670117727003965e-05
NGC4319-Mrk205,yukawa,0.31155778894472363,0.9999824955794676,1.7504573736545134e-05
NGC4319-Mrk205,yukawa,0.3165829145728643,0.9999816527017372,1.834746657651299e-05
NGC4319-Mrk205,yukawa,0.32160804020100503,0.999980768335087,1.9231849843860658e-05
NGC4319-Mrk205,yukawa,0.32663316582914576,0.9999798403816063,2.015982160158265e-05
NGC4319-Mrk205,yukawa,0.3316582914572864,0.9999788666337451,2.113358956759715e-05
NGC4319-Mrk205,yukawa,0.33668341708542715,0.9999778447683493,2.2155477081492114e-05
NGC4319-Mrk205,yukawa,0.3417085427135678,0.9999767723403536,2.3227929412615784e-05
NGC4319-Mrk205,yukawa,0.34673366834170855,0.9999756467761152,2.435352042940342e-05
NGC4319-Mrk205,yukawa,0.35175879396984927,0.9999744653663613,2.553495965305362e-05
NGC4319-Mrk205,yukawa,0.35678391959798994,0.9999732252587328,2.6775099717004704e-05
NGC4319-Mrk205,yukawa,0.36180904522613067,0.9999719234498944,2.8076944259326302e-05
NGC4319-Mrk205,yukawa,0.36683417085427134,0.9999705567771867,2.9443656273478855e-05
NGC4319-Mrk205,yukawa,0.37185929648241206,0.999969121909793,3.087856694500625e-05
NGC4319-Mrk205,yukawa,0.3768844221105528,0.9999676153393874,3.238518500705966e-05
NGC4319-Mrk205,yukawa,0.38190954773869346,0.9999660333702358,3.396720664321353e-05
NGC4319-Mrk205,yukawa,0.3869346733668342,0.9999643721087127,3.562852597569817e-05
NGC4319-Mrk205,yukawa,0.3919597989949749,0.9999626274521982,3.7373246172848487e-05
NGC4319-Mrk205,yukawa,0.3969849246231156,0.9999607950773163,3.920569121679035e-05
NGC4319-Mrk205,yukawa,0.4020100502512563,0.9999588704274716,4.113041837250325e-05
NGC4319-Mrk205,yukawa,0.40703517587939697,0.9999568486996411,4.315223140306872e-05
NGC4319-Mrk205,yukawa,0.4120603015075377,0.9999547248303727,4.527619457869704e-05
NGC4319-Mrk205,yukawa,0.4170854271356784,0.9999524934809386,4.750764753179653e-05
NGC4319-Mrk205,yukawa,0.4221105527638191,0.9999501490215905,4.985222101080345e-05
NGC4319-Mrk205,yukawa,0.4271356783919598,0.999947685514857,5.231585359338371e-05
NGC4319-Mrk205,yukawa,0.4321608040201005,0.9999450966978212,5.4904809420296225e-05
NGC4319-Mrk205,yukawa,0.4371859296482412,0.9999423759633114,5.762569701721615e-05
NGC4319-Mrk205,yukawa,0.44221105527638194,0.9999395163399327,6.048548927760484e-05
NGC4319-Mrk205,yukawa,0.4472361809045226,0.9999365104708637,6.34915446817286e-05
NGC4319-Mrk205,yukawa,0.45226130653266333,0.9999333505913347,6.66516298358294e-05
NGC4319-Mrk205,yukawa,0.457286432160804,0.9999300285046991,6.997394342013492e-05
NGC4319-Mrk205,yukawa,0.4623115577889447,0.9999265355570043,7.346714164008149e-05
NGC4319-Mrk205,yukawa,0.46733668341708545,0.9999228626099581,7.714036528336636e-05
NGC4319-Mrk205,yukawa,0.4723618090452261,0.9999190000121838,8.100326849235901e-05
NGC4319-Mrk205,yukawa,0.47738693467336685,0.9999149375686434,8.506604937042869e-05
NGC4319-Mrk205,yukawa,0.4824120603015075,0.9999106645081052,8.933948254755547e-05
NGC4319-Mrk205,yukawa,0.48743718592964824,0.9999061694485178,9.383495384373658e-05
NGC4319-Mrk205,yukawa,0.49246231155778897,0.9999014403601456,9.856449717485367e-05
NGC4319-Mrk205,yukawa,0.49748743718592964,0.9998964645263068,0.00010354083386037717
NGC4319-Mrk205,yukawa,0.5025125628140703,0.9998912285015452,0.00010877741450322519
NGC4319-Mrk205,yukawa,0.507537688442211,0.9998857180670528,0.00011428846362482061
NGC4319-Mrk205,yukawa,0.5125628140703518,0.9998799181831446,0.00012008902725401135
NGC4319-Mrk205,yukawa,0.5175879396984925,0.9998738129385745,0.00012619502368259636
NGC4319-Mrk205,yukawa,0.5226130653266332,0.9998673854964608,0.00013262329761995053
NGC4319-Mrk205,yukawa,0.5276381909547738,0.9998606180365738,0.00013939167799478685
NGC4319-Mrk205,yukawa,0.5326633165829145,0.999853491693717,0.00014651903967331578
NGC4319-Mrk205,yukawa,0.5376884422110553,0.9998459864919103,0.00015402536938796479
NGC4319-Mrk205,yukawa,0.542713567839196,0.9998380812740635,0.00016193183618863668
NGC4319-Mrk205,yukawa,0.5477386934673367,0.9998297536267969,0.00017026086676186618
NGC4319-Mrk205,yukawa,0.5527638190954774,0.9998209798000419,0.00017903622598676013
NGC4319-Mrk205,yukawa,0.5577889447236181,0.9998117346210208,0.00018828310313026081
NGC4319-Mrk205,yukawa,0.5628140703517588,0.9998019914021729,0.0001980282041177406
NGC4319-Mrk205,yukawa,0.5678391959798995,0.9997917218425539,0.0002082998503536551
NGC4319-Mrk205,yukawa,0.5728643216080402,0.9997808959221984,0.00021912808460674643
NGC4319-Mrk205,yukawa,0.577889447236181,0.9997694817888865,0.00023054478452020383
NGC4319-Mrk205,yukawa,0.5829145728643216,0.9997574456367095,0.00024258378435760314
NGC4319-Mrk205,yukawa,0.5879396984924623,0.9997447515757757,0.00025528100564769845
NGC4319-Mrk205,yukawa,0.592964824120603,0.9997313614923329,0.00026867459745456824
NGC4319-Mrk205,yukawa,0.5979899497487438,0.9997172348985273,0.00028280508706190647
NGC4319-Mrk205,yukawa,0.6030150753768845,0.9997023287709373,0.0002977155419369596
NGC4319-Mrk205,yukawa,0.6080402010050251,0.99968659737695,0.0003134517439154261
NGC4319-Mrk205,yukawa,0.6130653266331658,0.9996699920879508,0.0003300623766430145
NGC4319-Mrk205,yukawa,0.6180904522613065,0.99965246117821,0.0003475992274022112
NGC4319-Mrk205,yukawa,0.6231155778894473,0.9996339496082343,0.0003661174045642666
NGC4319-Mrk205,yukawa,0.628140703517588,0.9996143987912361,0.0003856755720269433
NGC4319-Mrk205,yukawa,0.6331658291457286,0.9995937463412442,0.00040633620212987694
NGC4319-Mrk205,yukawa,0.6381909547738693,0.9995719258012256,0.0004281658486905129
NGC4319-Mrk205,yukawa,0.6432160804020101,0.9995488663494345,0.00045123544196632115
NGC4319-Mrk205,yukawa,0.6482412060301508,0.9995244924820187,0.0004756206075325145
NGC4319-Mrk205,yukawa,0.6532663316582915,0.99949872366971,0.0005014020112719674
NGC4319-Mrk205,yukawa,0.6582914572864321,0.9994714739862093,0.000528665732896637
NGC4319-Mrk205,yukawa,0.6633165829145728,0.9994426517056139,0.000557503670681925
NGC4319-Mrk205,yukawa,0.6683417085427136,0.9994121588659655,0.000588013980374749
NGC4319-Mrk205,yukawa,0.6733668341708543,0.9993798907956742,0.0006203015515600406
NGC4319-Mrk205,yukawa,0.678391959798995,0.9993457355992275,0.0006544785251266564
NGC4319-Mrk205,yukawa,0.6834170854271356,0.9993095735981915,0.000690664855879629
NGC4319-Mrk205,yukawa,0.6884422110552764,0.9992712767230727,0.0007289889247981672
NGC4319-Mrk205,yukawa,0.6934673366834171,0.9992307078511012,0.0007695882059499191
NGC4319-Mrk205,yukawa,0.6984924623115578,0.9991877200844339,0.0008126099936526816
NGC4319-Mrk205,yukawa,0.7035175879396985,0.9991421559626346,0.0008582121961252519
NGC4319-Mrk205,yukawa,0.7085427135678392,0.9990938466025662,0.000906564202610756
NGC4319-Mrk205,yukawa,0.7135678391959799,0.9990426107580059,0.0009578478317970698
NGC4319-Mrk205,yukawa,0.7185929648241206,0.9989882537903659,0.001012258370310646
NGC4319-Mrk205,yukawa,0.7236180904522613,0.9989305665408383,0.0010700057111501118
NGC4319-Mrk205,yukawa,0.7286432160804021,0.998869324093075,0.0011313156031664128
NGC4319-Mrk205,yukawa,0.7336683417085427,0.998804284414131,0.0011964310241140657
NGC4319-Mrk205,yukawa,0.7386934673366834,0.9987351868598211,0.0012656136914217023
NGC4319-Mrk205,yukawa,0.7437185929648241,0.9986617505288236,0.0013391457266982189
NGC4319-Mrk205,yukawa,0.7487437185929648,0.9985836724477843,0.001417331492133718
NGC4319-Mrk205,yukawa,0.7537688442211056,0.9985006255672766,0.0015004996194262557
NGC4319-Mrk205,yukawa,0.7587939698492463,0.9984122565456968,0.001589005254728689
NGC4319-Mrk205,yukawa,0.7638190954773869,0.9983181832949835,0.0016832325464110076
NGC4319-Mrk205,yukawa,0.7688442211055276,0.9982179922583214,0.0017835974062847544
NGC4319-Mrk205,yukawa,0.7738693467336684,0.9981112353856818,0.001890550579401765
NGC4319-Mrk205,yukawa,0.7788944723618091,0.9979974267680146,0.002004581062760036
NGC4319-Mrk205,yukawa,0.7839195979899498,0.9978760388850259,0.002126219919358312
NGC4319-Mrk205,yukawa,0.7889447236180904,0.9977464984145851,0.0022560445412008914
NGC4319-Mrk205,yukawa,0.7939698492462312,0.9976081815437087,0.0023946834232875945
NGC4319-Mrk205,yukawa,0.7989949748743719,0.9974604087115198,0.0025428215205750195
NGC4319-Mrk205,yukawa,0.8040201005025126,0.9973024387033081,0.002701206271671185
NGC4319-Mrk205,yukawa,0.8090452261306533,0.9971334620014294,0.002870654387023873
NGC4319-Mrk205,yukawa,0.8140703517587939,0.9969525932828701,0.0030520595160311876
NGC4319-Mrk205,yukawa,0.8190954773869347,0.9967588629342975,0.003246400927450814
NGC4319-Mrk205,yukawa,0.8241206030150754,0.9965512074326457,0.003454753361414873
NGC4319-Mrk205,yukawa,0.8291457286432161,0.9963284584119082,0.003678298240197806
NGC4319-Mrk205,yukawa,0.8341708542713568,0.996089330203749,0.003918336459765719
NGC4319-Mrk205,yukawa,0.8391959798994975,0.9958324055994814,0.004176303026498137
NGC4319-Mrk205,yukawa,0.8442211055276382,0.9955561195321871,0.004453783855156329
NGC4319-Mrk205,yukawa,0.8492462311557789,0.9952587403181277,0.004752535107488907
NGC4319-Mrk205,yukawa,0.8542713567839196,0.9949383480233629,0.005074505528819946
NGC4319-Mrk205,yukawa,0.8592964824120604,0.994592809431112,0.00542186233640807
NGC4319-Mrk205,yukawa,0.864321608040201,0.994219748973282,0.005797021333296882
NGC4319-Mrk205,yukawa,0.8693467336683417,0.9938165148497949,0.0062026820713372965
NGC4319-Mrk205,yukawa,0.8743718592964824,0.9933801393840413,0.00664186907564114
NGC4319-Mrk205,yukawa,0.8793969849246231,0.9929072924416888,0.007117980381294453
NGC4319-Mrk205,yukawa,0.8844221105527639,0.9923942264594589,0.007634844936897135
NGC4319-Mrk205,yukawa,0.8894472361809045,0.9918367112720393,0.008196790818789372
NGC4319-Mrk205,yukawa,0.8944723618090452,0.9912299564642494,0.008808726702333437
NGC4319-Mrk205,yukawa,0.8994974874371859,0.9905685183782407,0.009476239690122198
NGC4319-Mrk205,yukawa,0.9045226130653267,0.9898461881256074,0.010205713453665055
NGC4319-Mrk205,yukawa,0.9095477386934674,0.9890558559276316,0.01100447177762675
NGC4319-Mrk205,yukawa,0.914572864321608,0.9881893457436084,0.011880954106437962
NGC4319-Mrk205,yukawa,0.9195979899497487,0.9872372123200344,0.012844931727796249
NGC4319-Mrk205,yukawa,0.9246231155778895,0.986188490320133,0.013907775996239014
NGC4319-Mrk205,yukawa,0.9296482412060302,0.9850303818095213,0.015082793809057896
NGC4319-Mrk205,yukawa,0.9346733668341709,0.9837478636916657,0.016385650849664028
NGC4319-Mrk205,yukawa,0.9396984924623115,0.9823231901279083,0.017834910590658136
NGC4319-Mrk205,yukawa,0.9447236180904522,0.980735255666704,0.019452727738132246
NGC4319-Mrk205,yukawa,0.949748743718593,0.9789587714005648,0.021265750310246734
NGC4319-Mrk205,yukawa,0.9547738693467337,0.976963186862429,0.023306307421589463
NGC4319-Mrk205,yukawa,0.9597989949748744,0.9747112612074855,0.02561399419439207
NGC4319-Mrk205,yukawa,0.964824120603015,0.9721571430289697,0.028237817805958316
NGC4319-Mrk205,yukawa,0.9698492462311558,0.9692437497994191,0.03123915094359088
NGC4319-Mrk205,yukawa,0.9748743718592965,0.9658991297963767,0.034695870722464314
NGC4319-Mrk205,yukawa,0.9798994974874372,0.9620313139831992,0.038708277928113724
NGC4319-Mrk205,yukawa,0.9849246231155779,0.9575208727697765,0.04340775892757144
NGC4319-Mrk205,yukawa,0.9899497487437187,0.952209889011329,0.04896979684051883
NGC4319-Mrk205,yukawa,0.9949748743718593,0.9458851603032338,0.05563411232752571
NGC4319-Mrk205,yukawa,1.0,0.9382517743742996,0.06373694981579786
NGC7603-NGC7603B,exponential,0.0,1.0,-0.0
NGC7603-NGC7603B,exponential,0.005025125628140704,0.9994819497975902,0.0005181844367780081
NGC7603-NGC7603B,exponential,0.010050251256281407,0.9989742087083013,0.001026317775658294
NGC7603-NGC7603B,exponential,0.01507537688442211,0.9984765715824919,0.0015245900144694857
NGC7603-NGC7603B,exponential,0.020100502512562814,0.9979888373529642,0.0020131877502958116
NGC7603-NGC7603B,exponential,0.02512562814070352,0.9975108089537243,0.002492294232994096
NGC7603-NGC7603B,exponential,0.03015075376884422,0.9970422932403591,0.0029620894181580826
NGC7603-NGC7603B,exponential,0.035175879396984924,0.9965831009119971,0.0034227500195220654
NGC7603-NGC7603B,exponential,0.04020100502512563,0.9961330464348227,0.0038744495607996856
NGC7603-NGC7603B,exponential,0.04522613065326633,0.9956919479671128,0.0043173584269504866
NGC7603-NGC7603B,exponential,0.05025125628140704,0.995259627285764,0.004751643914872176
NGC7603-NGC7603B,exponential,0.05527638190954774,0.9948359097142834,0.005177470283511763
NGC7603-NGC7603B,exponential,0.06030150753768844,0.9944206240522112,0.005594998803394433
NGC7603-NGC7603B,exponential,0.06532663316582915,0.9940136025059485,0.006004387805566204
NGC7603-NGC7603B,exponential,0.07035175879396985,0.993614680620961,0.006405792729948018
NGC7603-NGC7603B,exponential,0.07537688442211056,0.9932236972153327,0.006799366173099555
NGC7603-NGC7603B,exponential,0.08040201005025126,0.9928404943146405,0.007185257935391753
NGC7603-NGC7603B,exponential,0.08542713567839195,0.9924649170881265,0.007563615067586466
NGC7603-NGC7603B,exponential,0.09045226130653267,0.9920968137861391,0.007934581916822838
NGC7603-NGC7603B,exponential,0.09547738693467336,0.9917360356788196,0.008298300172011627
NGC7603-NGC7603B,exponential,0.10050251256281408,0.9913824369960088,0.008654908908635559
NGC7603-NGC7603B,exponential,0.10552763819095477,0.9910358748683497,0.009004544632958236
NGC7603-NGC7603B,exponential,0.11055276381909548,0.9906962092695614,0.009347341325642564
NGC7603-NGC7603B,exponential,0.11557788944723618,0.9903633029598631,0.009683430484778719
NGC7603-NGC7603B,exponential,0.12060301507537688,0.9900370214305227,0.010012941168324987
NGC7603-NGC7603B,exponential,0.12562814070351758,0.9897172328495099,0.010336000035962545
NGC7603-NGC7603B,exponential,0.1306532663316583,0.9894038080082294,0.010652731390367084
NGC7603-NGC7603B,exponential,0.135678391959799,0.9890966202693159,0.010963257217899322
NGC7603-NGC7603B,exponential,0.1407035175879397,0.9887955455154667,0.01126769722871776
NGC7603-NGC7603B,exponential,0.1457286432160804,0.9885004620992925,0.011566168896316708
NGC7603-NGC7603B,exponential,0.15075376884422112,0.9882112507941674,0.011858787496492327
NGC7603-NGC7603B,exponential,0.15577889447236182,0.987927794746055,0.012145666145741373
NGC7603-NGC7603B,exponential,0.16080402010050251,0.9876499794262952,0.01242691583909498
NGC7603-NGC7603B,exponential,0.1658291457286432,0.9873776925853293,0.012702645487392696
NGC7603-NGC7603B,exponential,0.1708542713567839,0.9871108242073459,0.012972961954000384
NGC7603-NGC7603B,exponential,0.17587939698492464,0.9868492664658303,0.013237970090975583
NGC7603-NGC7603B,exponential,0.18090452261306533,0.9865929136799974,0.013497772774686235
NGC7603-NGC7603B,exponential,0.18592964824120603,0.9863416622720922,0.013752470940885853
NGC7603-NGC7603B,exponential,0.19095477386934673,0.98609541072554,0.014002163619250886
NGC7603-NGC7603B,exponential,0.19597989949748745,0.9858540595439288,0.014246947967384639
NGC7603-NGC7603B,exponential,0.20100502512562815,0.9856175112108091,0.014486919304292434
NGC7603-NGC7603B,exponential,0.20603015075376885,0.9853856701502922,0.014722171143334134
NGC7603-NGC7603B,exponential,0.21105527638190955,0.985158442688434,0.014952795224657553
NGC7603-NGC7603B,exponential,0.21608040201005024,0.9849357370153863,0.01517888154711939
NGC7603-NGC7603B,exponential,0.22110552763819097,0.9847174631483014,0.015400518399698535
NGC7603-NGC7603B,exponential,0.22613065326633167,0.9845035328949757,0.015617792392406484
NGC7603-NGC7603B,exponential,0.23115577889447236,0.9842938598182157,0.015830788486701136
NGC7603-NGC7603B,exponential,0.23618090452261306,0.9840883592009136,0.016039590025409497
NGC7603-NGC7603B,exponential,0.24120603015075376,0.9838869480118183,0.016244278762163836
NGC7603-NGC7603B,exponential,0.24623115577889448,0.9836895448719865,0.016444934890358233
NGC7603-NGC7603B,exponential,0.25125628140703515,0.9834960700219023,0.01664163707162993
NGC7603-NGC7603B,exponential,0.2562814070351759,0.9833064452892515,0.016834462463871585
NGC7603-NGC7603B,exponential,0.2613065326633166,0.9831205940573353,0.01702348674878103
NGC7603-NGC7603B,exponential,0.2663316582914573,0.9829384412341151,0.017208784158952023
NGC7603-NGC7603B,exponential,0.271356783919598,0.9827599132218711,0.017390427504514392
NGC7603-NGC7603B,exponential,0.2763819095477387,0.9825849378874657,0.017568488199327218
NGC7603-NGC7603B,exponential,0.2814070351758794,0.9824134445331993,0.017743036286731247
NGC7603-NGC7603B,exponential,0.2864321608040201,0.9822453638682447,0.01791414046486739
NGC7603-NGC7603B,exponential,0.2914572864321608,0.9820806279806501,0.018081868111565917
NGC7603-NGC7603B,exponential,0.2964824120603015,0.981919170309901,0.018246285308811467
NGC7603-NGC7603B,exponential,0.30150753768844224,0.9817609256200256,0.018407456866791704
NGC7603-NGC7603B,exponential,0.3065326633165829,0.9816058299732374,0.018565446347533335
NGC7603-NGC7603B,exponential,0.31155778894472363,0.9814538207041013,0.018720316088131937
NGC7603-NGC7603B,exponential,0.3165829145728643,0.9813048363942135,0.0188721272235816
NGC7603-NGC7603B,exponential,0.32160804020100503,0.9811588168473869,0.019020939709208894
NGC7603-NGC7603B,exponential,0.32663316582914576,0.981015703065328,0.01916681234271861
NGC7603-NGC7603B,exponential,0.3316582914572864,0.9808754372238,0.019309802785854372
NGC7603-NGC7603B,exponential,0.33668341708542715,0.9807379626492584,0.019449967585682487
NGC7603-NGC7603B,exponential,0.3417085427135678,0.9806032237959531,0.019587362195501952
NGC7603-NGC7603B,exponential,0.34673366834170855,0.9804711662234853,0.01972204099538788
NGC7603-NGC7603B,exponential,0.35175879396984927,0.9803417365748107,0.019854057312373392
NGC7603-NGC7603B,exponential,0.35678391959798994,0.9802148825546817,0.01998346344027432
NGC7603-NGC7603B,exponential,0.36180904522613067,0.9800905529085175,0.02011031065916344
NGC7603-NGC7603B,exponential,0.36683417085427134,0.9799686974016947,0.020234649254499852
NGC7603-NGC7603B,exponential,0.37185929648241206,0.9798492667992506,0.020356528535916338
NGC7603-NGC7603B,exponential,0.3768844221105528,0.9797322128459902,0.020475996855672814
NGC7603-NGC7603B,exponential,0.38190954773869346,0.979617488246989,0.020593101626779575
NGC7603-NGC7603B,exponential,0.3869346733668342,0.9795050466484835,0.02070788934079564
NGC7603-NGC7603B,exponential,0.3919597989949749,0.9793948426191423,0.02082040558530736
NGC7603-NGC7603B,exponential,0.3969849246231156,0.9792868316317102,0.020930695061092627
NGC7603-NGC7603B,exponential,0.4020100502512563,0.9791809700450167,0.02103880159897487
NGC7603-NGC7603B,exponential,0.40703517587939697,0.9790772150863436,0.02114476817637306
NGC7603-NGC7603B,exponential,0.4120603015075377,0.9789755248341427,0.02124863693355109
NGC7603-NGC7603B,exponential,0.4170854271356784,0.9788758582010977,0.02135044918957293
NGC7603-NGC7603B,exponential,0.4221105527638191,0.9787781749175227,0.021450245457967112
NGC7603-NGC7603B,exponential,0.4271356783919598,0.9786824355150923,0.021548065462105682
NGC7603-NGC7603B,exponential,0.4321608040201005,0.9785886013108941,0.021643948150302232
NGC7603-NGC7603B,exponential,0.4371859296482412,0.978496634391799,0.021737931710634747
NGC7603-NGC7603B,exponential,0.44221105527638194,0.9784064975991433,0.021830053585494974
NGC7603-NGC7603B,exponential,0.4472361809045226,0.9783181545137144,0.021920350485872413
NGC7603-NGC7603B,exponential,0.45226130653266333,0.9782315694410357,0.022008858405374893
NGC7603-NGC7603B,exponential,0.457286432160804,0.9781467073969452,0.022095612633990548
NGC7603-NGC7603B,exponential,0.4623115577889447,0.9780635340934597,0.022180647771596472
NGC7603-NGC7603B,exponential,0.46733668341708545,0.9779820159249211,0.022263997741217637
NGC7603-NGC7603B,exponential,0.4723618090452261,0.9779021199544183,0.022345695802039885
NGC7603-NGC7603B,exponential,0.47738693467336685,0.9778238139004798,0.022425774562181953
NGC7603-NGC7603B,exponential,0.4824120603015075,0.9777470661240292,0.022504265991231107
NGC7603-NGC7603B,exponential,0.48743718592964824,0.9776718456156032,0.02258120143254398
NGC7603-NGC7603B,exponential,0.49246231155778897,0.9775981219828211,0.022656611615320434
NGC7603-NGC7603B,exponential,0.49748743718592964,0.9775258654381062,0.022730526666450465
NGC7603-NGC7603B,exponential,0.5025125628140703,0.9774550467866487,0.02280297612214137
NGC7603-NGC7603B,exponential,0.507537688442211,0.9773856374146117,0.02287398893932607
NGC7603-NGC7603B,exponential,0.5125628140703518,0.9773176092775683,0.02294359350685929
NGC7603-NGC7603B,exponential,0.5175879396984925,0.977250934889171,0.02301181765650305
NGC7603-NGC7603B,exponential,0.5226130653266332,0.9771855873100465,0.023078688673705897
NGC7603-NGC7603B,exponential,0.5276381909547738,0.9771215401369101,0.023144233308179954
NGC7603-NGC7603B,exponential,0.5326633165829145,0.9770587674918982,0.023208477784279116
NGC7603-NGC7603B,exponential,0.5376884422110553,0.9769972440121127,0.023271447811180724
NGC7603-NGC7603B,exponential,0.542713567839196,0.9769369448393728,0.02333316859287661
NGC7603-NGC7603B,exponential,0.5477386934673367,0.976877845610171,0.02339366483797485
NGC7603-NGC7603B,exponential,0.5527638190954774,0.97681992244583,0.02345296076931591
NGC7603-NGC7603B,exponential,0.5577889447236181,0.9767631519428542,0.02351108013340751
NGC7603-NGC7603B,exponential,0.5628140703517588,0.9767075111634735,0.02356804620968046
NGC7603-NGC7603B,exponential,0.5678391959798995,0.9766529776263758,0.023623881819569013
NGC7603-NGC7603B,exponential,0.5728643216080402,0.9765995292976231,0.023678609335419248
NGC7603-NGC7603B,exponential,0.577889447236181,0.9765471445817494,0.023732250689227224
NGC7603-NGC7603B,exponential,0.5829145728643216,0.9764958023130347,0.023784827381212605
NGC7603-NGC7603B,exponential,0.5879396984924623,0.9764454817469536,0.02383636048822711
NGC7603-NGC7603B,exponential,0.592964824120603,0.9763961625517927,0.023886870672004987
NGC7603-NGC7603B,exponential,0.5979899497487438,0.9763478248004372,0.023936378187253724
NGC7603-NGC7603B,exponential,0.6030150753768845,0.976300448962318,0.02398490288959267
NGC7603-NGC7603B,exponential,0.6080402010050251,0.9762540158955212,0.02403246424333856
NGC7603-NGC7603B,exponential,0.6130653266331658,0.9762085068390537,0.024079081329142594
NGC7603-NGC7603B,exponential,0.6180904522613065,0.9761639034052632,0.024124772851481523
NGC7603-NGC7603B,exponential,0.6231155778894473,0.9761201875724087,0.024169557146004834
NGC7603-NGC7603B,exponential,0.628140703517588,0.9760773416773787,0.024213452186742184
NGC7603-NGC7603B,exponential,0.6331658291457286,0.9760353484085548,0.0242564755931712
NGC7603-NGC7603B,exponential,0.6381909547738693,0.9759941907988168,0.024298644637150736
NGC7603-NGC7603B,exponential,0.6432160804020101,0.9759538522186876,0.02433997624972028
NGC7603-NGC7603B,exponential,0.6482412060301508,0.9759143163696137,0.024380487027769293
NGC7603-NGC7603B,exponential,0.6532663316582915,0.9758755672773802,0.024420193240577544
NGC7603-NGC7603B,exponential,0.6582914572864321,0.9758375892856566,0.024459110836230116
NGC7603-NGC7603B,exponential,0.6633165829145728,0.9758003670496703,0.02449725544790865
NGC7603-NGC7603B,exponential,0.6683417085427136,0.9757638855300078,0.024534642400061046
NGC7603-NGC7603B,exponential,0.6733668341708543,0.9757281299865369,0.024571286714452915
NGC7603-NGC7603B,exponential,0.678391959798995,0.9756930859724519,0.024607203116101338
NGC7603-NGC7603B,exponential,0.6834170854271356,0.9756587393284358,0.02464240603909476
NGC7603-NGC7603B,exponential,0.6884422110552764,0.97562507617694,0.02467690963230004
NGC7603-NGC7603B,exponential,0.6934673366834171,0.9755920829165768,0.02471072776495902
NGC7603-NGC7603B,exponential,0.6984924623115578,0.9755597462166237,0.0247438740321775
NGC7603-NGC7603B,exponential,0.7035175879396985,0.9755280530116373,0.02477636176030715
NGC7603-NGC7603B,exponential,0.7085427135678392,0.9754969904961744,0.024808204012223698
NGC7603-NGC7603B,exponential,0.7135678391959799,0.9754665461196182,0.024839413592502656
NGC7603-NGC7603B,exponential,0.7185929648241206,0.9754367075811071,0.024870003052494434
NGC7603-NGC7603B,exponential,0.7236180904522613,0.9754074628245643,0.024899984695301892
NGC7603-NGC7603B,exponential,0.7286432160804021,0.975378800033827,0.02492937058066001
NGC7603-NGC7603B,exponential,0.7336683417085427,0.9753507076278723,0.024958172529721937
NGC7603-NGC7603B,exponential,0.7386934673366834,0.9753231742561377,0.024986402129751138
NGC7603-NGC7603B,exponential,0.7437185929648241,0.9752961887939349,0.025014070738722943
NGC7603-NGC7603B,exponential,0.7487437185929648,0.9752697403379548,0.025041189489836874
NGC7603-NGC7603B,exponential,0.7537688442211056,0.9752438182018629,0.025067769295939634
NGC7603-NGC7603B,exponential,0.7587939698492463,0.9752184119119807,0.025093820853864128
NGC7603-NGC7603B,exponential,0.7638190954773869,0.975193511203054,0.025119354648682476
NGC7603-NGC7603B,exponential,0.7688442211055276,0.9751691060141058,0.025144380957876498
NGC7603-NGC7603B,exponential,0.7738693467336684,0.9751451864843705,0.025168909855427465
NGC7603-NGC7603B,exponential,0.7788944723618091,0.9751217429493105,0.025192951215825186
NGC7603-NGC7603B,exponential,0.7839195979899498,0.9750987659367106,0.025216514717999707
NGC7603-NGC7603B,exponential,0.7889447236180904,0.9750762461628513,0.025239609849175774
NGC7603-NGC7603B,exponential,0.7939698492462312,0.9750541745287573,0.02526224590865232
NGC7603-NGC7603B,exponential,0.7989949748743719,0.9750325421165217,0.025284432011508023
NGC7603-NGC7603B,exponential,0.8040201005025126,0.9750113401857023,0.025306177092234247
NGC7603-NGC7603B,exponential,0.8090452261306533,0.9749905601697905,0.025327489908297536
NGC7603-NGC7603B,exponential,0.8140703517587939,0.9749701936727493,0.025348379043631963
NGC7603-NGC7603B,exponential,0.8190954773869347,0.974950232465622,0.025368852912063155
NGC7603-NGC7603B,exponential,0.8241206030150754,0.9749306684832063,0.025388919760665842
NGC7603-NGC7603B,exponential,0.8291457286432161,0.9749114938207964,0.02540858767305504
NGC7603-NGC7603B,exponential,0.8341708542713568,0.974892700730989,0.025427864572613004
NGC7603-NGC7603B,exponential,0.8391959798994975,0.9748742816205521,0.025446758225653746
NGC7603-NGC7603B,exponential,0.8442211055276382,0.9748562290473587,0.025465276244523705
NGC7603-NGC7603B,exponential,0.8492462311557789,0.9748385357173781,0.02548342609064406
NGC7603-NGC7603B,exponential,0.8542713567839196,0.9748211944817301,0.02550121507749121
NGC7603-NGC7603B,exponential,0.8592964824120604,0.9748041983337958,0.025518650373520208
NGC7603-NGC7603B,exponential,0.864321608040201,0.9747875404063872,0.02553573900503016
NGC7603-NGC7603B,exponential,0.8693467336683417,0.9747712139689715,0.025552487858974068
NGC7603-NGC7603B,exponential,0.8743718592964824,0.9747552124249529,0.02556890368571262
NGC7603-NGC7603B,exponential,0.8793969849246231,0.974739529309007,0.025584993101714117
NGC7603-NGC7603B,exponential,0.8844221105527639,0.9747241582844676,0.02560076259220276
NGC7603-NGC7603B,exponential,0.8894472361809045,0.9747090931407676,0.02561621851375254
NGC7603-NGC7603B,exponential,0.8944723618090452,0.974694327790929,0.025631367096832176
NGC7603-NGC7603B,exponential,0.8994974874371859,0.9746798562691037,0.02564621444829904
NGC7603-NGC7603B,exponential,0.9045226130653267,0.974665672728163,0.02566076655384421
NGC7603-NGC7603B,exponential,0.9095477386934674,0.974651771437335,0.025675029280389706
NGC7603-NGC7603B,exponential,0.914572864321608,0.9746381467798891,0.025689008378438388
NGC7603-NGC7603B,exponential,0.9195979899497487,0.9746247932508673,0.025702709484377306
NGC7603-NGC7603B,exponential,0.9246231155778895,0.9746117054548584,0.02571613812273671
NGC7603-NGC7603B,exponential,0.9296482412060302,0.97459887810382,0.025729299708403083
NGC7603-NGC7603B,exponential,0.9346733668341709,0.9745863060149399,0.025742199548790406
NGC7603-NGC7603B,exponential,0.9396984924623115,0.9745739841085438,0.02575484284596684
NGC7603-NGC7603B,exponential,0.9447236180904522,0.9745619074060418,0.025767234698740944
NGC7603-NGC7603B,exponential,0.949748743718593,0.9745500710279168,0.0257793801047064
NGC7603-NGC7603B,exponential,0.9547738693467337,0.9745384701917537,0.025791283962245903
NGC7603-NGC7603B,exponential,0.9597989949748744,0.9745271002103065,0.025802951072495982
NGC7603-NGC7603B,exponential,0.964824120603015,0.9745159564896047,0.02581438614127365
NGC7603-NGC7603B,exponential,0.9698492462311558,0.9745050345270969,0.02582559378096372
NGC7603-NGC7603B,exponential,0.9748743718592965,0.9744943299098319,0.025836578512370492
NGC7603-NGC7603B,exponential,0.9798994974874372,0.9744838383126753,0.025847344766531537
NGC7603-NGC7603B,exponential,0.9849246231155779,0.9744735554965622,0.025857896886496597
NGC7603-NGC7603B,exponential,0.9899497487437187,0.9744634773067847,0.02586823912907084
NGC7603-NGC7603B,exponential,0.9949748743718593,0.9744535996713126,0.025878375666524255
NGC7603-NGC7603B,exponential,1.0,0.9744439185991484,0.025888310588267013
NGC7603-NGC7603B,tanh,0.0,1.0,-0.0
NGC7603-NGC7603B,tanh,0.005025125628140704,0.999997746402816,2.253599723330501e-06
NGC7603-NGC7603B,tanh,0.010050251256281407,0.9999953370766236,4.662934247880494e-06
NGC7603-NGC7603B,tanh,0.01507537688442211,0.9999927612926544,7.238733545215474e-06
NGC7603-NGC7603B,tanh,0.020100502512562814,0.9999900075876432,9.992462281258992e-06
NGC7603-NGC7603B,tanh,0.02512562814070352,0.99998706371421,1.2936369464488352e-05
NGC7603-NGC7603B,tanh,0.03015075376884422,0.9999839165879848,1.6083541354657647e-05
NGC7603-NGC7603B,tanh,0.035175879396984924,0.9999805522312774,1.944795783295286e-05
NGC7603-NGC7603B,tanh,0.04020100502512563,0.9999769557130791,2.30445524445626e-05
NGC7603-NGC7603B,tanh,0.04522613065326633,0.9999731110851797,2.6889276333628366e-05
NGC7603-NGC7603B,tanh,0.05025125628140704,0.9999690013141644,3.099916630475038e-05
NGC7603-NGC7603B,tanh,0.05527638190954774,0.9999646082090513,3.5392417252901836e-05
NGC7603-NGC7603B,tanh,0.06030150753768844,0.999959912344317,4.008845921451796e-05
NGC7603-NGC7603B,tanh,0.06532663316582915,0.9999548929780455,4.510803930679053e-05
NGC7603-NGC7603B,tanh,0.07035175879396985,0.9999495279649294,5.0473308826602816e-05
NGC7603-NGC7603B,tanh,0.07537688442211056,0.9999437936638368,5.6207915798514536e-05
NGC7603-NGC7603B,tanh,0.08040201005025126,0.9999376648396535,6.233710326333228e-05
NGC7603-NGC7603B,tanh,0.08542713567839195,0.9999311145590974,6.888781361350351e-05
NGC7603-NGC7603B,tanh,0.09045226130653267,0.999924114080196,7.588879928609643e-05
NGC7603-NGC7603B,tanh,0.09547738693467336,0.9999166327351091,8.337074013446459e-05
NGC7603-NGC7603B,tanh,0.10050251256281408,0.999908637805978,9.136636780141619e-05
NGC7603-NGC7603B,tanh,0.10552763819095477,0.9999000943934739,9.991059742358571e-05
NGC7603-NGC7603B,tanh,0.11055276381909548,0.9998909652777208,0.00010904066699664434
NGC7603-NGC7603B,tanh,0.11557788944723618,0.9998812107712696,0.0001187962847296527
NGC7603-NGC7603B,tanh,0.12060301507537688,0.9998707885638031,0.00012921978471370889
NGC7603-NGC7603B,tanh,0.12562814070351758,0.999859653558264,0.00014035629121941925
NGC7603-NGC7603B,tanh,0.1306532663316583,0.999847757698108,0.00015225389192762278
NGC7603-NGC7603B,tanh,0.135678391959799,0.9998350497854052,0.0001649638203776915
NGC7603-NGC7603B,tanh,0.1407035175879397,0.9998214752895394,0.00017854064789361583
NGC7603-NGC7603B,tanh,0.1457286432160804,0.9998069761462834,0.00019304248521819615
NGC7603-NGC7603B,tanh,0.15075376884422112,0.9997914905470755,0.00020853119404268348
NGC7603-NGC7603B,tanh,0.15577889447236182,0.9997749527183664,0.00022507260857303492
NGC7603-NGC7603B,tanh,0.16080402010050251,0.9997572926909736,0.00024273676721192603
NGC7603-NGC7603B,tanh,0.1658291457286432,0.9997384360594513,0.0002615981543623535
NGC7603-NGC7603B,tanh,0.1708542713567839,0.9997183037315739,0.00028173595227263783
NGC7603-NGC7603B,tanh,0.17587939698492464,0.9996968116681346,0.00030323430273979123
NGC7603-NGC7603B,tanh,0.18090452261306533,0.999673870613389,0.00032618257836467863
NGC7603-NGC7603B,tanh,0.18592964824120603,0.9996493858166099,0.0003506756629137202
NGC7603-NGC7603B,tanh,0.19095477386934673,0.9996232567453932,0.00037681424017618813
NGC7603-NGC7603B,tanh,0.19597989949748745,0.9995953767915425,0.00040470509051621003
NGC7603-NGC7603B,tanh,0.20100502512562815,0.999565632970583,0.0004344613941020657
NGC7603-NGC7603B,tanh,0.20603015075376885,0.9995339056162043,0.000466203039546917
NGC7603-NGC7603B,tanh,0.21105527638190955,0.9995000680712194,0.0005000569364125981
NGC7603-NGC7603B,tanh,0.21608040201005024,0.999463986376947,0.0005361573297098275
NGC7603-NGC7603B,tanh,0.22110552763819097,0.9994255189632865,0.0005746461141699149
NGC7603-NGC7603B,tanh,0.22613065326633167,0.9993845163421601,0.0006156731456615496
NGC7603-NGC7603B,tanh,0.23115577889447236,0.9993408208074452,0.0006593965466808352
NGC7603-NGC7603B,tanh,0.23618090452261306,0.9992942661450183,0.000705983002346822
NGC7603-NGC7603B,tanh,0.24120603015075376,0.9992446773570761,0.0007556080427930453
NGC7603-NGC7603B,tanh,0.24623115577889448,0.9991918704055006,0.0008084563072494915
NGC7603-NGC7603B,tanh,0.25125628140703515,0.999135651979679,0.0008647217844614819
NGC7603-NGC7603B,tanh,0.2562814070351759,0.9990758192948893,0.0009246080233983689
NGC7603-NGC7603B,tanh,0.2613065326633166,0.9990121599281099,0.0009883283074528567
NGC7603-NGC7603B,tanh,0.2663316582914573,0.9989444516988981,0.001056105784544857
NGC7603-NGC7603B,tanh,0.271356783919598,0.9988724626038122,0.0011281735447101191
NGC7603-NGC7603B,tanh,0.2763819095477387,0.9987959508137043,0.0012047746358936602
NGC7603-NGC7603B,tanh,0.2814070351758794,0.9987146647440852,0.0012861620077863224
NGC7603-NGC7603B,tanh,0.2864321608040201,0.9986283432096346,0.0013725983726577036
NGC7603-NGC7603B,tanh,0.2914572864321608,0.9985367156747772,0.0014643559712738472
NGC7603-NGC7603B,tanh,0.2964824120603015,0.9984395026130635,0.0015617162311510216
NGC7603-NGC7603B,tanh,0.30150753768844224,0.9983364159888181,0.0016649693036431751
NGC7603-NGC7603B,tanh,0.3065326633165829,0.9982271598751521,0.0017744134656982155
NGC7603-NGC7603B,tanh,0.31155778894472363,0.998111431222906,0.0018903543716064215
NGC7603-NGC7603B,tanh,0.3165829145728643,0.9979889207953693,0.002013104139739776
NGC7603-NGC7603B,tanh,0.32160804020100503,0.9978593142836454,0.002142980259204281
NGC7603-NGC7603B,tanh,0.32663316582914576,0.9977222936172471,0.002280304301549779
NGC7603-NGC7603B,tanh,0.3316582914572864,0.9975775384838439,0.0024254004232737037
NGC7603-NGC7603B,tanh,0.33668341708542715,0.9974247280709799,0.002578593645882624
NGC7603-NGC7603B,tanh,0.3417085427135678,0.9972635430409591,0.002740207901810253
NGC7603-NGC7603B,tanh,0.34673366834170855,0.9970936677478953,0.0029105638366003096
NGC7603-NGC7603B,tanh,0.35175879396984927,0.9969147927030669,0.0030899763605248542
NGC7603-NGC7603B,tanh,0.35678391959798994,0.9967266172911554,0.0032787519462716256
NGC7603-NGC7603B,tanh,0.36180904522613067,0.9965288527356235,0.0034771856735631513
NGC7603-NGC7603B,tanh,0.36683417085427134,0.99632122530638,0.003685558026589087
NGC7603-NGC7603B,tanh,0.37185929648241206,0.9961034797569701,0.0039041314559622813
NGC7603-NGC7603B,tanh,0.3768844221105528,0.9958753829718568,0.0041331467235216236
NGC7603-NGC7603B,tanh,0.38190954773869346,0.9956367277969571,0.004372819055667296
NGC7603-NGC7603B,tanh,0.3869346733668342,0.9953873370185953,0.004623334138908349
NGC7603-NGC7603B,tanh,0.3919597989949749,0.9951270674475562,0.0048848439998150335
NGC7603-NGC7603B,tanh,0.3969849246231156,0.9948558140561848,0.005157462820381332
NGC7603-NGC7603B,tanh,0.4020100502512563,0.9945735141077243,0.005441262748691245
NGC7603-NGC7603B,tanh,0.40703517587939697,0.9942801512086352,0.0057362697734237855
NGC7603-NGC7603B,tanh,0.4120603015075377,0.9939757592068352,0.006042459738793491
NGC7603-NGC7603B,tanh,0.4170854271356784,0.9936604258520557,0.006359754583589961
NGC7603-NGC7603B,tanh,0.4221105527638191,0.993334296129241,0.006688018893641214
NGC7603-NGC7603B,tanh,0.4271356783919598,0.9929975751725625,0.0070270568608296535
NGC7603-NGC7603B,tanh,0.4321608040201005,0.9926505306666078,0.007376609743304486
NGC7603-NGC7603B,tanh,0.4371859296482412,0.9922934946430111,0.0077363539203641205
NGC7603-NGC7603B,tanh,0.44221105527638194,0.9919268645855529,0.0081058996312781
NGC7603-NGC7603B,tanh,0.4472361809045226,0.9915511037647767,0.008484790479845471
NGC7603-NGC7603B,tanh,0.45226130653266333,0.9911667407345688,0.008872503775601722
NGC7603-NGC7603B,tanh,0.457286432160804,0.9907743679378503,0.009268451768332395
NGC7603-NGC7603B,tanh,0.4623115577889447,0.9903746393863431,0.009671983815092888
NGC7603-NGC7603B,tanh,0.46733668341708545,0.9899682673998711,0.010082389498657376
NGC7603-NGC7603B,tanh,0.4723618090452261,0.9895560184132983,0.010498902693758978
NGC7603-NGC7603B,tanh,0.47738693467336685,0.9891387078832192,0.010920706553364384
NGC7603-NGC7603B,tanh,0.4824120603015075,0.9887171943510666,0.011346939362395558
NGC7603-NGC7603B,tanh,0.48743718592964824,0.9882923727433928,0.01177670118174453
NGC7603-NGC7603B,tanh,0.49246231155778897,0.9878651670127155,0.01220906118213694
NGC7603-NGC7603B,tanh,0.49748743718592964,0.9874365222425016,0.012643065546405862
NGC7603-NGC7603B,tanh,0.5025125628140703,0.9870073963566468,0.013077745801002355
NGC7603-NGC7603B,tanh,0.507537688442211,0.9865787515864328,0.013512127423918299
NGC7603-NGC7603B,tanh,0.5125628140703518,0.9861515458557556,0.013945238567300908
NGC7603-NGC7603B,tanh,0.5175879396984925,0.9857267242480817,0.01437611872931428
NGC7603-NGC7603B,tanh,0.5226130653266332,0.9853052107159291,0.01480382721145621
NGC7603-NGC7603B,tanh,0.5276381909547738,0.98488790018585,0.01522745120446558
NGC7603-NGC7603B,tanh,0.5326633165829145,0.9844756511992773,0.0156461133578342
NGC7603-NGC7603B,tanh,0.5376884422110553,0.9840692792128053,0.016058978704178467
NGC7603-NGC7603B,tanh,0.542713567839196,0.983669550661298,0.016465260829567317
NGC7603-NGC7603B,tanh,0.5477386934673367,0.9832771778645796,0.016864227203422434
NGC7603-NGC7603B,tanh,0.5527638190954774,0.9828928148343716,0.017255203605800094
NGC7603-NGC7603B,tanh,0.5577889447236181,0.9825170540135955,0.017637577614713313
NGC7603-NGC7603B,tanh,0.5628140703517588,0.9821504239561373,0.01801080114065358
NGC7603-NGC7603B,tanh,0.5678391959798995,0.9817933879325406,0.018374392018731357
NGC7603-NGC7603B,tanh,0.5728643216080402,0.9814463434265859,0.01872793469008842
NGC7603-NGC7603B,tanh,0.577889447236181,0.9811096224699074,0.019071080022841972
NGC7603-NGC7603B,tanh,0.5829145728643216,0.9807834927470926,0.019403544338343362
NGC7603-NGC7603B,tanh,0.5879396984924623,0.9804681593923131,0.019725107720740247
NGC7603-NGC7603B,tanh,0.592964824120603,0.9801637673905131,0.020035611696614056
NGC7603-NGC7603B,tanh,0.5979899497487438,0.979870404491424,0.020334956376914244
NGC7603-NGC7603B,tanh,0.6030150753768845,0.9795881045429635,0.02062309715571828
NGC7603-NGC7603B,tanh,0.6080402010050251,0.9793168511515922,0.020900041059828102
NGC7603-NGC7603B,tanh,0.6130653266331658,0.9790565815805531,0.021165842840245773
NGC7603-NGC7603B,tanh,0.6180904522613065,0.9788071908021913,0.021420600891575513
NGC7603-NGC7603B,tanh,0.6231155778894473,0.9785685356272915,0.021664453078827972
NGC7603-NGC7603B,tanh,0.628140703517588,0.9783404388421783,0.02189757254337342
NGC7603-NGC7603B,tanh,0.6331658291457286,0.9781226932927684,0.02212016355133311
NGC7603-NGC7603B,tanh,0.6381909547738693,0.9779150658635248,0.022332457438863036
NGC7603-NGC7603B,tanh,0.6432160804020101,0.977717301307993,0.022534708699913763
NGC7603-NGC7603B,tanh,0.6482412060301508,0.9775291258960814,0.022727191253390754
NGC7603-NGC7603B,tanh,0.6532663316582915,0.977350250851253,0.02291019491843041
NGC7603-NGC7603B,tanh,0.6582914572864321,0.9771803755581893,0.023084022118880672
NGC7603-NGC7603B,tanh,0.6633165829145728,0.9770191905281684,0.023248984831168194
NGC7603-NGC7603B,tanh,0.6683417085427136,0.9768663801153045,0.02340540178359515
NGC7603-NGC7603B,tanh,0.6733668341708543,0.9767216249819013,0.023553595909777746
NGC7603-NGC7603B,tanh,0.678391959798995,0.976584604315503,0.02369389205440464
NGC7603-NGC7603B,tanh,0.6834170854271356,0.9764549978037791,0.02382661492574172
NGC7603-NGC7603B,tanh,0.6884422110552764,0.9763324873762423,0.023952087286279896
NGC7603-NGC7603B,tanh,0.6934673366834171,0.9762167587239963,0.024070628370570325
NGC7603-NGC7603B,tanh,0.6984924623115578,0.9761075026103303,0.024182552517541023
NGC7603-NGC7603B,tanh,0.7035175879396985,0.9760044159860849,0.024288168003373776
NGC7603-NGC7603B,tanh,0.7085427135678392,0.9759072029243712,0.02438777606026763
NGC7603-NGC7603B,tanh,0.7135678391959799,0.9758155753895138,0.024481670066058597
NGC7603-NGC7603B,tanh,0.7185929648241206,0.9757292538550631,0.02457013488963158
NGC7603-NGC7603B,tanh,0.7236180904522613,0.975647967785444,0.024653446377297487
NGC7603-NGC7603B,tanh,0.7286432160804021,0.9755714559953361,0.02473187096575191
NGC7603-NGC7603B,tanh,0.7336683417085427,0.9754994669002502,0.024805665407843954
NGC7603-NGC7603B,tanh,0.7386934673366834,0.9754317586710385,0.024875076598101693
NGC7603-NGC7603B,tanh,0.7437185929648241,0.975368099304259,0.024940341485775102
NGC7603-NGC7603B,tanh,0.7487437185929648,0.9753082666194693,0.025001687064010104
NGC7603-NGC7603B,tanh,0.7537688442211056,0.9752520481936477,0.025059330424648814
NGC7603-NGC7603B,tanh,0.7587939698492463,0.9751992412420722,0.025113478869036452
NGC7603-NGC7603B,tanh,0.7638190954773869,0.9751496524541301,0.025164330066084435
NGC7603-NGC7603B,tanh,0.7688442211055276,0.9751030977917031,0.025212072249685975
NGC7603-NGC7603B,tanh,0.7738693467336684,0.9750594022569883,0.025256884448383324
NGC7603-NGC7603B,tanh,0.7788944723618091,0.9750183996358619,0.02529893674095609
NGC7603-NGC7603B,tanh,0.7839195979899498,0.9749799322222014,0.025338390532312793
NGC7603-NGC7603B,tanh,0.7889447236180904,0.974943850527929,0.025375398844735768
NGC7603-NGC7603B,tanh,0.7939698492462312,0.9749100129829441,0.025410106620145503
NGC7603-NGC7603B,tanh,0.7989949748743719,0.9748782856285654,0.02544265102961203
NGC7603-NGC7603B,tanh,0.8040201005025126,0.9748485418076058,0.025473161786855873
NGC7603-NGC7603B,tanh,0.8090452261306533,0.9748206618537552,0.025501761462944736
NGC7603-NGC7603B,tanh,0.8140703517587939,0.9747945327825385,0.02552856579981094
NGC7603-NGC7603B,tanh,0.8190954773869347,0.9747700479857594,0.025553684020588954
NGC7603-NGC7603B,tanh,0.8241206030150754,0.9747471069310137,0.025577219135105748
NGC7603-NGC7603B,tanh,0.8291457286432161,0.9747256148675745,0.02559926823915303
NGC7603-NGC7603B,tanh,0.8341708542713568,0.974705482539697,0.0256199228064316
NGC7603-NGC7603B,tanh,0.8391959798994975,0.9746866259081748,0.025639268972286182
NGC7603-NGC7603B,tanh,0.8442211055276382,0.974668965880782,0.025657387808549464
NGC7603-NGC7603B,tanh,0.8492462311557789,0.9746524280520729,0.025674355588989374
NGC7603-NGC7603B,tanh,0.8542713567839196,0.9746369424528649,0.02569024404500066
NGC7603-NGC7603B,tanh,0.8592964824120604,0.974622443309609,0.025705120611313054
NGC7603-NGC7603B,tanh,0.864321608040201,0.9746088688137432,0.025719048661597903
NGC7603-NGC7603B,tanh,0.8693467336683417,0.9745961609010404,0.02573208773394715
NGC7603-NGC7603B,tanh,0.8743718592964824,0.9745842650408844,0.025744293746277118
NGC7603-NGC7603B,tanh,0.8793969849246231,0.9745731300353453,0.025755719201776314
NGC7603-NGC7603B,tanh,0.8844221105527639,0.9745627078278788,0.025766413384566592
NGC7603-NGC7603B,tanh,0.8894472361809045,0.9745529533214276,0.025776422545793664
NGC7603-NGC7603B,tanh,0.8944723618090452,0.9745438242056744,0.025785790080395794
NGC7603-NGC7603B,tanh,0.8994974874371859,0.9745352807931703,0.02579455669482643
NGC7603-NGC7603B,tanh,0.9045226130653267,0.9745272858640392,0.025802760566028798
NGC7603-NGC7603B,tanh,0.9095477386934674,0.9745198045189524,0.02581043749197259
NGC7603-NGC7603B,tanh,0.914572864321608,0.9745128040400509,0.02581762103407521
NGC7603-NGC7603B,tanh,0.9195979899497487,0.9745062537594948,0.02582434265183455
NGC7603-NGC7603B,tanh,0.9246231155778895,0.9745001249353116,0.025830631830002757
NGC7603-NGC7603B,tanh,0.9296482412060302,0.9744943906342189,0.025836516198631646
NGC7603-NGC7603B,tanh,0.9346733668341709,0.9744890256211028,0.02584202164631413
NGC7603-NGC7603B,tanh,0.9396984924623115,0.9744840062548313,0.025847172426945186
NGC7603-NGC7603B,tanh,0.9447236180904522,0.974479310390097,0.02585199126031592
NGC7603-NGC7603B,tanh,0.949748743718593,0.9744749172849839,0.025856499426850317
NGC7603-NGC7603B,tanh,0.9547738693467337,0.9744708075139686,0.025860716856779736
NGC7603-NGC7603B,tanh,0.9597989949748744,0.9744669628860693,0.02586466221404847
NGC7603-NGC7603B,tanh,0.964824120603015,0.974463366367871,0.025868352975225793
NGC7603-NGC7603B,tanh,0.9698492462311558,0.9744600020111636,0.025871805503695652
NGC7603-NGC7603B,tanh,0.9748743718592965,0.9744568548849384,0.025875035119380944
NGC7603-NGC7603B,tanh,0.9798994974874372,0.9744539110115051,0.02587805616424843
NGC7603-NGC7603B,tanh,0.9849246231155779,0.974451157306494,0.02588088206383266
NGC7603-NGC7603B,tanh,0.9899497487437187,0.9744485815225248,0.025883525385002968
NGC7603-NGC7603B,tanh,0.9949748743718593,0.9744461721963323,0.025885997890188635
NGC7603-NGC7603B,tanh,1.0,0.9744439185991484,0.025888310588267013
NGC7603-NGC7603B,yukawa,0.0,0.9999995864495759,4.135505096396069e-07
NGC7603-NGC7603B,yukawa,0.005025125628140704,0.9999995674154625,4.32584631088868e-07
NGC7603-NGC7603B,yukawa,0.010050251256281407,0.9999995474948189,4.525052834837913e-07
NGC7603-NGC7603B,yukawa,0.01507537688442211,0.9999995266457719,4.7335434017979683e-07
NGC7603-NGC7603B,yukawa,0.020100502512562814,0.9999995048244368,4.951756858193336e-07
NGC7603-NGC7603B,yukawa,0.02512562814070352,0.9999994819848196,5.180153145872959e-07
NGC7603-NGC7603B,yukawa,0.03015075376884422,0.9999994580787134,5.419214334625083e-07
NGC7603-NGC7603B,yukawa,0.035175879396984924,0.9999994330555898,5.669445709093779e-07
NGC7603-NGC7603B,yukawa,0.04020100502512563,0.9999994068624846,5.931376913427848e-07
NGC7603-NGC7603B,yukawa,0.04522613065326633,0.999999379443878,6.205563145890658e-07
NGC7603-NGC7603B,yukawa,0.05025125628140704,0.9999993507415691,6.492586416753644e-07
NGC7603-NGC7603B,yukawa,0.05527638190954774,0.999999320694543,6.793056877245161e-07
NGC7603-NGC7603B,yukawa,0.06030150753768844,0.9999992892388324,7.107614201791192e-07
NGC7603-NGC7603B,yukawa,0.06532663316582915,0.9999992563073712,7.436929053524089e-07
NGC7603-NGC7603B,yukawa,0.07035175879396985,0.9999992218298414,7.781704614185643e-07
NGC7603-NGC7603B,yukawa,0.07537688442211056,0.9999991857325118,8.142678197298445e-07
NGC7603-NGC7603B,yukawa,0.08040201005025126,0.9999991479380685,8.520622944605681e-07
NGC7603-NGC7603B,yukawa,0.08542713567839195,0.9999991083654374,8.916349601338631e-07
NGC7603-NGC7603B,yukawa,0.09045226130653267,0.9999990669295962,9.330708391406318e-07
NGC7603-NGC7603B,yukawa,0.09547738693467336,0.9999990235413787,9.764590980295044e-07
NGC7603-NGC7603B,yukawa,0.10050251256281408,0.9999989781072672,1.0218932548992726e-06
NGC7603-NGC7603B,yukawa,0.10552763819095477,0.999998930529176,1.0694713958954277e-06
NGC7603-NGC7603B,yukawa,0.11055276381909548,0.999998880704222,1.1192964043635433e-06
NGC7603-NGC7603B,yukawa,0.11557788944723618,0.9999988285244854,1.1714762007721546e-06
NGC7603-NGC7603B,yukawa,0.12060301507537688,0.9999987738767562,1.2261239955145915e-06
NGC7603-NGC7603B,yukawa,0.12562814070351758,0.9999987166422688,1.283358554700826e-06
NGC7603-NGC7603B,yukawa,0.1306532663316583,0.9999986566964231,1.3433044791614142e-06
NGC7603-NGC7603B,yukawa,0.135678391959799,0.9999985939084896,1.4060924989950548e-06
NGC7603-NGC7603B,yukawa,0.1407035175879397,0.9999985281413011,1.4718597821054917e-06
NGC7603-NGC7603B,yukawa,0.1457286432160804,0.999998459250927,1.54075025994747e-06
NGC7603-NGC7603B,yukawa,0.15075376884422112,0.9999983870863315,1.6129149692605541e-06
NGC7603-NGC7603B,yukawa,0.15577889447236182,0.9999983114890127,1.6885124127884826e-06
NGC7603-NGC7603B,yukawa,0.16080402010050251,0.9999982322926253,1.767708937096745e-06
NGC7603-NGC7603B,yukawa,0.1658291457286432,0.9999981493225799,1.8506791325954996e-06
NGC7603-NGC7603B,yukawa,0.1708542713567839,0.9999980623956254,1.937606251771103e-06
NGC7603-NGC7603B,yukawa,0.17587939698492464,0.9999979713194055,2.0286826522877044e-06
NGC7603-NGC7603B,yukawa,0.18090452261306533,0.9999978758919952,2.1241102607401497e-06
NGC7603-NGC7603B,yukawa,0.18592964824120603,0.9999977759014103,2.2241010630535314e-06
NGC7603-NGC7603B,yukawa,0.19095477386934673,0.9999976711250922,2.328877619642132e-06
NGC7603-NGC7603B,yukawa,0.19597989949748745,0.9999975613293657,2.4386736078814167e-06
NGC7603-NGC7603B,yukawa,0.20100502512562815,0.9999974462688666,2.5537343942247143e-06
NGC7603-NGC7603B,yukawa,0.20603015075376885,0.9999973256859404,2.674317635631685e-06
NGC7603-NGC7603B,yukawa,0.21105527638190955,0.9999971993100076,2.800693914305585e-06
NGC7603-NGC7603B,yukawa,0.21608040201005024,0.9999970668568964,2.9331474052954487e-06
NGC7603-NGC7603B,yukawa,0.22110552763819097,0.9999969280281379,3.0719765806271683e-06
NGC7603-NGC7603B,yukawa,0.22613065326633167,0.9999967825102254,3.2174949507408885e-06
NGC7603-NGC7603B,yukawa,0.23115577889447236,0.9999966299738324,3.370031846121593e-06
NGC7603-NGC7603B,yukawa,0.23618090452261306,0.9999964700729891,3.5299332411216035e-06
NGC7603-NGC7603B,yukawa,0.24120603015075376,0.9999963024442139,3.697562622084777e-06
NGC7603-NGC7603B,yukawa,0.24623115577889448,0.9999961267055982,3.873301902992443e-06
NGC7603-NGC7603B,yukawa,0.25125628140703515,0.9999959424558418,4.057552390074804e-06
NGC7603-NGC7603B,yukawa,0.2562814070351759,0.9999957492732343,4.250735800051228e-06
NGC7603-NGC7603B,yukawa,0.2613065326633166,0.999995546714583,4.453295332888141e-06
NGC7603-NGC7603B,yukawa,0.2663316582914573,0.9999953343140804,4.665696803960099e-06
NGC7603-NGC7603B,yukawa,0.271356783919598,0.9999951115821101,4.888429838279228e-06
NGC7603-NGC7603B,yukawa,0.2763819095477387,0.9999948780039871,5.122009130346473e-06
NGC7603-NGC7603B,yukawa,0.2814070351758794,0.999994633038629,5.366975773178174e-06
NGC7603-NGC7603B,yukawa,0.2864321608040201,0.9999943761171526,5.623898661504871e-06
NGC7603-NGC7603B,yukawa,0.2914572864321608,0.9999941066413935,5.893375972362961e-06
NGC7603-NGC7603B,yukawa,0.2964824120603015,0.9999938239823435,6.176036728187339e-06
NGC7603-NGC7603B,yukawa,0.30150753768844224,0.9999935274784998,6.472542447069163e-06
NGC7603-NGC7603B,yukawa,0.3065326633165829,0.9999932164341231,6.783588885398147e-06
NGC7603-NGC7603B,yukawa,0.31155778894472363,0.9999928901173974,7.109907877886857e-06
NGC7603-NGC7603B,yukawa,0.3165829145728643,0.9999925477584861,7.452269281973098e-06
NGC7603-NGC7603B,yukawa,0.32160804020100503,0.9999921885474784,7.811483031154114e-06
NGC7603-NGC7603B,yukawa,0.32663316582914576,0.9999918116322202,8.188401304693135e-06
NGC7603-NGC7603B,yukawa,0.3316582914572864,0.999991416116021,8.583920820694956e-06
NGC7603-NGC7603B,yukawa,0.33668341708542715,0.9999910010552306,8.998985260102541e-06
NGC7603-NGC7603B,yukawa,0.3417085427135678,0.9999905654566771,9.434587828500827e-06
NGC7603-NGC7603B,yukawa,0.34673366834170855,0.9999901082749585,9.891773964945697e-06
NGC7603-NGC7603B,yukawa,0.35175879396984927,0.9999896284095778,1.0371644207480459e-05
NGC7603-NGC7603B,yukawa,0.35678391959798994,0.9999891247019143,1.0875357222227035e-05
NGC7603-NGC7603B,yukawa,0.36180904522613067,0.9999885959320168,1.140413301004495e-05
NGC7603-NGC7603B,yukawa,0.36683417085427134,0.9999880408152142,1.1959256297424119e-05
NGC7603-NGC7603B,yukawa,0.37185929648241206,0.9999874579985253,1.2542080126271643e-05
NGC7603-NGC7603B,yukawa,0.3768844221105528,0.9999868460568601,1.3154029653811734e-05
NGC7603-NGC7603B,yukawa,0.38190954773869346,0.9999862034889978,1.3796606174928652e-05
NGC7603-NGC7603B,yukawa,0.3869346733668342,0.9999855287133284,1.4471391381725927e-05
NGC7603-NGC7603B,yukawa,0.3919597989949749,0.9999848200633406,1.518005187585298e-05
NGC7603-NGC7603B,yukawa,0.3969849246231156,0.9999840757828439,1.5924343947818965e-05
NGC7603-NGC7603B,yukawa,0.4020100502512563,0.9999832940209051,1.670611864128942e-05
NGC7603-NGC7603B,yukawa,0.40703517587939697,0.9999824728264813,1.752732712136166e-05
NGC7603-NGC7603B,yukawa,0.4120603015075377,0.9999816101427309,1.8390026364594876e-05
NGC7603-NGC7603B,yukawa,0.4170854271356784,0.9999807038009818,1.929638519223604e-05
NGC7603-NGC7603B,yukawa,0.4221105527638191,0.9999797515143338,2.024869066952766e-05
NGC7603-NGC7603B,yukawa,0.4271356783919598,0.9999787508708716,2.1249354894318203e-05
NGC7603-NGC7603B,yukawa,0.4321608040201005,0.9999776993264644,2.2300922199308278e-05
NGC7603-NGC7603B,yukawa,0.4371859296482412,0.9999765941971223,2.340607679781903e-05
NGC7603-NGC7603B,yukawa,0.44221105527638194,0.9999754326508823,2.4567650899974087e-05
NGC7603-NGC7603B,yukawa,0.4472361809045226,0.9999742116991928,2.578863333118513e-05
NGC7603-NGC7603B,yukawa,0.45226130653266333,0.9999729281877607,2.7072178687388055e-05
NGC7603-NGC7603B,yukawa,0.457286432160804,0.9999715787868286,2.8421617061701928e-05
NGC7603-NGC7603B,yukawa,0.4623115577889447,0.99997015998084,2.9840464382183317e-05
NGC7603-NGC7603B,yukawa,0.46733668341708545,0.9999686680574535,3.133243340201797e-05
NGC7603-NGC7603B,yukawa,0.4723618090452261,0.9999670990958612,3.290144538538451e-05
NGC7603-NGC7603B,yukawa,0.47738693467336685,0.9999654489543612,3.455164253989077e-05
NGC7603-NGC7603B,yukawa,0.4824120603015075,0.9999637132571365,3.628740124327027e-05
NGC7603-NGC7603B,yukawa,0.48743718592964824,0.9999618873801815,3.811334612280239e-05
NGC7603-NGC7603B,yukawa,0.49246231155778897,0.9999599664363186,4.003436504592798e-05
NGC7603-NGC7603B,yukawa,0.49748743718592964,0.99995794525924,4.205562508542614e-05
NGC7603-NGC7603B,yukawa,0.5025125628140703,0.9999558183865056,4.418258953063258e-05
NGC7603-NGC7603B,yukawa,0.507537688442211,0.9999535800414232,4.642103601641366e-05
NGC7603-NGC7603B,yukawa,0.5125628140703518,0.9999512241137294,4.87770758528362e-05
NGC7603-NGC7603B,yukawa,0.5175879396984925,0.9999487441389856,5.125717464093045e-05
NGC7603-NGC7603B,yukawa,0.5226130653266332,0.9999461332765954,5.3868174268619595e-05
NGC7603-NGC7603B,yukawa,0.5276381909547738,0.9999433842863417,5.661731638834667e-05
NGC7603-NGC7603B,yukawa,0.5326633165829145,0.9999404895033343,5.9512267485610886e-05
NGC7603-NGC7603B,yukawa,0.5376884422110553,0.9999374408112502,6.256114565741961e-05
NGC7603-NGC7603B,yukawa,0.542713567839196,0.999934229613739,6.57725492276826e-05
NGC7603-NGC7603B,yukawa,0.5477386934673367,0.9999308468038527,6.915558733981749e-05
NGC7603-NGC7603B,yukawa,0.5527638190954774,0.9999272827313519,7.271991267686198e-05
NGC7603-NGC7603B,yukawa,0.5577889447236181,0.9999235271677245,7.647575647164048e-05
NGC7603-NGC7603B,yukawa,0.5628140703517588,0.9999195692687403,8.043396598445382e-05
NGC7603-NGC7603B,yukawa,0.5678391959798995,0.9999153975343487,8.46060446417995e-05
NGC7603-NGC7603B,yukawa,0.5728643216080402,0.999910999765712,8.900419504389803e-05
NGC7603-NGC7603B,yukawa,0.577889447236181,0.9999063630191455,9.364136507029384e-05
NGC7603-NGC7603B,yukawa,0.5829145728643216,0.9999014735567201,9.853129732875055e-05
NGC7603-NGC7603B,yukawa,0.5879396984924623,0.9998963167932542,0.00010368858222105632
NGC7603-NGC7603B,yukawa,0.592964824120603,0.9998908772394054,0.0001091287149162162
NGC7603-NGC7603B,yukawa,0.5979899497487438,0.9998851384405387,0.00011486815655537085
NGC7603-NGC7603B,yukawa,0.6030150753768845,0.9998790829110242,0.00012092440003633327
NGC7603-NGC7603B,yukawa,0.6080402010050251,0.9998726920635793,0.00012731604076386078
NGC7603-NGC7603B,yukawa,0.6130653266331658,0.999865946133239,0.00013406285278369897
NGC7603-NGC7603B,yukawa,0.6180904522613065,0.9998588240954976,0.00014118587075836916
NGC7603-NGC7603B,yukawa,0.6231155778894473,0.999851303578117,0.000148707478291963
NGC7603-NGC7603B,yukawa,0.628140703517588,0.9998433607660545,0.00015665150315153633
NGC7603-NGC7603B,yukawa,0.6331658291457286,0.9998349702989039,0.00016504331999559998
NGC7603-NGC7603B,yukawa,0.6381909547738693,0.9998261051601867,0.00017390996127404935
NGC7603-NGC7603B,yukawa,0.6432160804020101,0.9998167365577627,0.0001832802370338679
NGC7603-NGC7603B,yukawa,0.6482412060301508,0.9998068337945544,0.00019318486443998726
NGC7603-NGC7603B,yukawa,0.6532663316582915,0.9997963641286991,0.00020365660790013177
NGC7603-NGC7603B,yukawa,0.6582914572864321,0.9997852926221481,0.0002147304307807641
NGC7603-NGC7603B,yukawa,0.6633165829145728,0.9997735819766315,0.00022644365979896134
NGC7603-NGC7603B,yukawa,0.6683417085427136,0.9997611923557901,0.00023883616329585592
NGC7603-NGC7603B,yukawa,0.6733668341708543,0.9997480811921485,0.0002519505447245334
NGC7603-NGC7603B,yukawa,0.678391959798995,0.9997342029774579,0.0002658323528313388
NGC7603-NGC7603B,yukawa,0.6834170854271356,0.9997195090347736,0.0002805303101746481
NGC7603-NGC7603B,yukawa,0.6884422110552764,0.9997039472704528,0.0002960965618079036
NGC7603-NGC7603B,yukawa,0.6934673366834171,0.9996874619040458,0.000312586946163562
NGC7603-NGC7603B,yukawa,0.6984924623115578,0.9996699931738283,0.0003300612904070496
NGC7603-NGC7603B,yukawa,0.7035175879396985,0.9996514770154529,0.0003485837327976915
NGC7603-NGC7603B,yukawa,0.7085427135678392,0.9996318447109044,0.0003682230748917054
NGC7603-NGC7603B,yukawa,0.7135678391959799,0.9996110225046032,0.00038905316676636373
NGC7603-NGC7603B,yukawa,0.7185929648241206,0.999588931183118,0.00041115332882907154
NGC7603-NGC7603B,yukawa,0.7236180904522613,0.9995654856145099,0.00043460881422048754
NGC7603-NGC7603B,yukawa,0.7286432160804021,0.999540594242835,0.00045951131632071773
NGC7603-NGC7603B,yukawa,0.7336683417085427,0.9995141585327583,0.00048595952644763174
NGC7603-NGC7603B,yukawa,0.7386934673366834,0.9994860723585811,0.0005140597474931092
NGC7603-NGC7603B,yukawa,0.7437185929648241,0.9994562213312375,0.0005439265700022972
NGC7603-NGC7603B,yukawa,0.7487437185929648,0.9994244820559477,0.0005756836180729
NGC7603-NGC7603B,yukawa,0.7537688442211056,0.9993907213122335,0.0006094643734529028
NGC7603-NGC7603B,yukawa,0.7587939698492463,0.9993547951468451,0.0006454130873801304
NGC7603-NGC7603B,yukawa,0.7638190954773869,0.99931654786883,0.0006836857910474751
NGC7603-NGC7603B,yukawa,0.7688442211055276,0.999275810934429,0.0007244514171414537
NGC7603-NGC7603B,yukawa,0.7738693467336684,0.999232401707699,0.0007678930467151445
NGC7603-NGC7603B,yukawa,0.7788944723618091,0.9991861220806681,0.0008142092977789066
NGC7603-NGC7603B,yukawa,0.7839195979899498,0.999136756934389,0.0008636158744714098
NGC7603-NGC7603B,yukawa,0.7889447236180904,0.9990840724193913,0.0009163472985821984
NGC7603-NGC7603B,yukawa,0.7939698492462312,0.9990278140306647,0.0009726588486240841
NGC7603-NGC7603B,yukawa,0.7989949748743719,0.9989677044483273,0.00103282873569297
NGC7603-NGC7603B,yukawa,0.8040201005025126,0.9989034411104392,0.0010971605501376952
NGC7603-NGC7603B,yukawa,0.8090452261306533,0.9988346934788297,0.0011659860187477132
NGC7603-NGC7603B,yukawa,0.8140703517587939,0.998761099952169,0.001239668118936352
NGC7603-NGC7603B,yukawa,0.8190954773869347,0.998682264372564,0.0013186046044997976
NGC7603-NGC7603B,yukawa,0.8241206030150754,0.9985977520624342,0.001403232007252401
NGC7603-NGC7603B,yukawa,0.8291457286432161,0.9985070853169498,0.0014940301905522597
NGC7603-NGC7603B,yukawa,0.8341708542713568,0.9984097382634511,0.0015915275448999415
NGC7603-NGC7603B,yukawa,0.8391959798994975,0.9983051309824437,0.0016963069329982389
NGC7603-NGC7603B,yukawa,0.8442211055276382,0.9981926227642521,0.001809012512655907
NGC7603-NGC7603B,yukawa,0.8492462311557789,0.998071504350321,0.0019303575916308293
NGC7603-NGC7603B,yukawa,0.8542713567839196,0.9979409889772614,0.002061133700179191
NGC7603-NGC7603B,yukawa,0.8592964824120604,0.997800202003592,0.002202221106240812
NGC7603-NGC7603B,yukawa,0.864321608040201,0.9976481688517054,0.0023546010469111135
NGC7603-NGC7603B,yukawa,0.8693467336683417,0.997483800938378,0.0025193700107572214
NGC7603-NGC7603B,yukawa,0.8743718592964824,0.9973058791927645,0.0026977564821305876
NGC7603-NGC7603B,yukawa,0.8793969849246231,0.9971130346668277,0.002891140655533374
NGC7603-NGC7603B,yukawa,0.8844221105527639,0.9969037256236549,0.0031010777514592805
NGC7603-NGC7603B,yukawa,0.8894472361809045,0.9966762103361398,0.0033293257232601048
NGC7603-NGC7603B,yukawa,0.8944723618090452,0.9964285146313463,0.00357787834868502
NGC7603-NGC7603B,yukawa,0.8994974874371859,0.9961583929598324,0.0038490049651848913
NGC7603-NGC7603B,yukawa,0.9045226130653267,0.9958632814341212,0.0041452984560275885
NGC7603-NGC7603B,yukawa,0.9095477386934674,0.9955402408382522,0.00446973355427819
NGC7603-NGC7603B,yukawa,0.914572864321608,0.9951858870214827,0.004825738145319583
NGC7603-NGC7603B,yukawa,0.9195979899497487,0.994796305297631,0.005217281075032747
NGC7603-NGC7603B,yukawa,0.9246231155778895,0.9943669443966772,0.005648981095318096
NGC7603-NGC7603B,yukawa,0.9296482412060302,0.9938924840397256,0.0061262431257872955
NGC7603-NGC7603B,yukawa,0.9346733668341709,0.9933666681592032,0.006655430164338754
NGC7603-NGC7603B,yukawa,0.9396984924623115,0.9927820929041848,0.007244082216348685
NGC7603-NGC7603B,yukawa,0.9447236180904522,0.992129934462212,0.007901197953921243
NGC7603-NGC7603B,yukawa,0.949748743718593,0.9913995957851324,0.00863760111701721
NGC7603-NGC7603B,yukawa,0.9547738693467337,0.9905782425688644,0.009466422960927277
NGC7603-NGC7603B,yukawa,0.9597989949748744,0.989650185766156,0.010403746006466945
NGC7603-NGC7603B,yukawa,0.964824120603015,0.9885960479805429,0.01146947570927449
NGC7603-NGC7603B,yukawa,0.9698492462311558,0.9873916200508438,0.012688540077281598
NGC7603-NGC7603B,yukawa,0.9748743718592965,0.9860062646564319,0.014092570792756776
NGC7603-NGC7603B,yukawa,0.9798994974874372,0.9844006428220642,0.015722307456444803
NGC7603-NGC7603B,yukawa,0.9849246231155779,0.9825234028446378,0.01763111583320627
NGC7603-NGC7603B,yukawa,0.9899497487437187,0.9803062338055379,0.01989027265527329
NGC7603-NGC7603B,yukawa,0.9949748743718593,0.9776562568990349,0.022597146292691533
NGC7603-NGC7603B,yukawa,1.0,0.9744439185991484,0.025888310588267013
NGC3067-3C232,exponential,0.0,1.0,-0.0
NGC3067-3C232,exponential,0.005025125628140704,0.9930168463551361,0.0070076499699578436
NGC3067-3C232,exponential,0.010050251256281407,0.9861726563098061,0.013923831889810324
NGC3067-3C232,exponential,0.01507537688442211,0.9794646645114233,0.020749117274883457
NGC3067-3C232,exponential,0.020100502512562814,0.972890160637459,0.027484090488571075
NGC3067-3C232,exponential,0.02512562814070352,0.9664464883003532,0.03412934834314477
NGC3067-3C232,exponential,0.03015075376884422,0.9601310439742178,0.04068549969628728
NGC3067-3C232,exponential,0.035175879396984924,0.9539412759428982,0.04715316504388582
NGC3067-3C232,exponential,0.04020100502512563,0.9478746832689682,0.053532976109616895
NGC3067-3C232,exponential,0.04522613065326633,0.9419288147832416,0.059825575431848486
NGC3067-3C232,exponential,0.05025125628140704,0.9361012680943925,0.06603161594838249
NGC3067-3C232,exponential,0.05527638190954774,0.9303896886182842,0.07215176057954761
NGC3067-3C232,exponential,0.06030150753768844,0.9247917686266136,0.07818668181015198
NGC3067-3C232,exponential,0.06532663316582915,0.9193052463144882,0.08413706127078963
NGC3067-3C232,exponential,0.07035175879396985,0.9139279048865578,0.09000358931898855
NGC3067-3C232,exponential,0.07537688442211056,0.9086575716613324,0.0957869646206778
NGC3067-3C232,exponential,0.08040201005025126,0.9034921171933228,0.10148789373243843
NGC3067-3C232,exponential,0.08542713567839195,0.8984294544126523,0.10710709068499026
NGC3067-3C232,exponential,0.09045226130653267,0.8934675377817884,0.11264527656835863
NGC3067-3C232,exponential,0.09547738693467336,0.8886043624690567,0.11810317911914478
NGC3067-3C232,exponential,0.10050251256281408,0.8838379635386001,0.12348153231031812
NGC3067-3C232,exponential,0.10552763819095477,0.8791664151564597,0.12878107594392632
NGC3067-3C232,exponential,0.11055276381909548,0.8745878298124528,0.13400255524711172
NGC3067-3C232,exponential,0.11557788944723618,0.8701003575575362,0.13914672047180324
NGC3067-3C232,exponential,0.12060301507537688,0.8657021852563463,0.144214326498438
NGC3067-3C232,exponential,0.12562814070351758,0.8613915358546123,0.14920613244405453
NGC3067-3C232,exponential,0.1306532663316583,0.8571666676611486,0.1541229012750792
NGC3067-3C232,exponential,0.135678391959799,0.8530258736441355,0.15896539942511564
NGC3067-3C232,exponential,0.1407035175879397,0.8489674807414036,0.16373439641802778
NGC3067-3C232,exponential,0.1457286432160804,0.844989849184443,0.16843066449659322
NGC3067-3C232,exponential,0.15075376884422112,0.8410913718358651,0.17305497825698624
NGC3067-3C232,exponential,0.15577889447236182,0.8372704735400494,0.17760811428933346
NGC3067-3C232,exponential,0.16080402010050251,0.8335256104867104,0.18209085082457102
NGC3067-3C232,exponential,0.1658291457286432,0.8298552695871316,0.18650396738781314
NGC3067-3C232,exponential,0.1708542713567839,0.826257967862811,0.19084824445842846
NGC3067-3C232,exponential,0.17587939698492464,0.822732251846273,0.19512446313700327
NGC3067-3C232,exponential,0.18090452261306533,0.8192766969938035,0.19933340481935724
NGC3067-3C232,exponential,0.18592964824120603,0.815889907109872,0.20347585087775924
NGC3067-3C232,exponential,0.19095477386934673,0.8125705137830079,0.2075525823494771
NGC3067-3C232,exponential,0.19597989949748745,0.8093171758329019,0.21156437963278227
NGC3067-3C232,exponential,0.20100502512562815,0.8061285787685101,0.2155120221905118
NGC3067-3C232,exponential,0.20603015075376885,0.8030034342569426,0.21939628826127963
NGC3067-3C232,exponential,0.21105527638190955,0.7999404796029206,0.22321795457841323
NGC3067-3C232,exponential,0.21608040201005024,0.7969384772385915,0.22697779609667948
NGC3067-3C232,exponential,0.22110552763819097,0.793996214223498,0.23067658572684932
NGC3067-3C232,exponential,0.22613065326633167,0.7911125017544967,0.23431509407813983
NGC3067-3C232,exponential,0.23115577889447236,0.7882861746854299,0.23789408920855742
NGC3067-3C232,exponential,0.23618090452261306,0.7855160910563548,0.2414143363831595
NGC3067-3C232,exponential,0.24120603015075376,0.7828011316321422,0.24487659784023097
NGC3067-3C232,exponential,0.24623115577889448,0.7801401994502566,0.24828163256537222
NGC3067-3C232,exponential,0.25125628140703515,0.7775322193775348,0.2516301960734779
NGC3067-3C232,exponential,0.2562814070351759,0.7749761376757854,0.25492304019857553
NGC3067-3C232,exponential,0.2613065326633166,0.7724709215760323,0.2581609128914871
NGC3067-3C232,exponential,0.2663316582914573,0.7700155588612305,0.2613445580252659
NGC3067-3C232,exponential,0.271356783919598,0.7676090574572866,0.2644747152083508
NGC3067-3C232,exponential,0.2763819095477387,0.7652504450322172,0.2675521196053734
NGC3067-3C232,exponential,0.2814070351758794,0.7629387686032839,0.27057750176554807
NGC3067-3C232,exponential,0.2864321608040201,0.7606730941519468,0.2735515874585613
NGC3067-3C232,exponential,0.2914572864321608,0.7584525062464803,0.27647509751787586
NGC3067-3C232,exponential,0.2964824120603015,0.7562761076720981,0.27934874769135776
NGC3067-3C232,exponential,0.30150753768844224,0.7541430190684394,0.2821732484991241
NGC3067-3C232,exponential,0.3065326633165829,0.7520523785742688,0.28494930509851024
NGC3067-3C232,exponential,0.31155778894472363,0.7500033414792464,0.2876776171560439
NGC3067-3C232,exponential,0.3165829145728643,0.7479950798826284,0.29035887872631383
NGC3067-3C232,exponential,0.32160804020100503,0.7460267823587581,0.2929937781376134
NGC3067-3C232,exponential,0.32663316582914576,0.744097653629215,0.29558299788423587
NGC3067-3C232,exponential,0.3316582914572864,0.7422069142414872,0.29812721452529584
NGC3067-3C232,exponential,0.33668341708542715,0.7403538002540387,0.30062709858994674
NGC3067-3C232,exponential,0.3417085427135678,0.7385375629276432,0.30308331448886283
NGC3067-3C232,exponential,0.34673366834170855,0.7367574684228608,0.30549652043184916
NGC3067-3C232,exponential,0.35175879396984927,0.735012797503535,0.3078673683514446
NGC3067-3C232,exponential,0.35678391959798994,0.7333028452461894,0.310196503832377
NGC3067-3C232,exponential,0.36180904522613067,0.731626920755208,0.31248456604673136
NGC3067-3C232,exponential,0.36683417085427134,0.7299843468836826,0.3147321876946889
NGC3067-3C232,exponential,0.37185929648241206,0.7283744599598168,0.31693999495069347
NGC3067-3C232,exponential,0.3768844221105528,0.7267966095187725,0.3191086074149032
NGC3067-3C232,exponential,0.38190954773869346,0.7252501580398538,0.3212386380697838
NGC3067-3C232,exponential,0.3869346733668342,0.7237344806889217,0.32333069324169594
NGC3067-3C232,exponential,0.3919597989949749,0.722248965065932,0.32538537256733907
NGC3067-3C232,exponential,0.3969849246231156,0.7207930109575005,0.3274032689649004
NGC3067-3C232,exponential,0.4020100502512563,0.7193660300943895,0.32938496860977307
NGC3067-3C232,exponential,0.40703517587939697,0.7179674459138219,0.3313310509146939
NGC3067-3C232,exponential,0.4120603015075377,0.7165966933265238,0.33324208851416587
NGC3067-3C232,exponential,0.4170854271356784,0.7152532184884044,0.33511864725301754
NGC3067-3C232,exponential,0.4221105527638191,0.7139364785767788,0.3369612861789657
NGC3067-3C232,exponential,0.4271356783919598,0.7126459415710427,0.3387705575390405
NGC3067-3C232,exponential,0.4321608040201005,0.7113810860377143,0.340547006779734
NGC3067-3C232,exponential,0.4371859296482412,0.7101414009197512,0.3422911725507426
NGC3067-3C232,exponential,0.44221105527638194,0.7089263853300618,0.344003586712163
NGC3067-3C232,exponential,0.4472361809045226,0.7077355483491242,0.3456847743450175
NGC3067-3C232,exponential,0.45226130653266333,0.7065684088266337,0.3473352537649716
NGC3067-3C232,exponential,0.457286432160804,0.7054244951870972,0.34895553653912176
NGC3067-3C232,exponential,0.4623115577889447,0.7043033452392949,0.35054612750572556
NGC3067-3C232,exponential,0.46733668341708545,0.7032045059895365,0.35210752479675034
NGC3067-3C232,exponential,0.4723618090452261,0.7021275334586305,0.35364021986312066
NGC3067-3C232,exponential,0.47738693467336685,0.701071992502498,0.35514469750254524
NGC3067-3C232,exponential,0.4824120603015075,0.7000374566363547,0.35662143588980677
NGC3067-3C232,exponential,0.48743718592964824,0.6990235078623932,0.35807090660940105
NGC3067-3C232,exponential,0.49246231155778897,0.698029736500893,0.3594935746904132
NGC3067-3C232,exponential,0.49748743718592964,0.697055741024692,0.36088989864352333
NGC3067-3C232,exponential,0.5025125628140703,0.6961011278969522,0.3622603305000339
NGC3067-3C232,exponential,0.507537688442211,0.6951655114121533,0.36360531585281514
NGC3067-3C232,exponential,0.5125628140703518,0.694248513540251,0.3649252938990673
NGC3067-3C232,exponential,0.5175879396984925,0.6933497637739361,0.36622069748480096
NGC3067-3C232,exponential,0.5226130653266332,0.6924688989789334,0.36749195315093947
NGC3067-3C232,exponential,0.5276381909547738,0.6916055632472797,0.36873948118094785
NGC3067-3C232,exponential,0.5326633165829145,0.6907594077535213,0.3699636956499005
NGC3067-3C232,exponential,0.5376884422110553,0.6899300906137726,0.3711650044748964
NGC3067-3C232,exponential,0.542713567839196,0.6891172767475814,0.3723438094667352
NGC3067-3C232,exponential,0.5477386934673367,0.6883206377425406,0.37350050638277366
NGC3067-3C232,exponential,0.5527638190954774,0.6875398517215954,0.3746354849808801
NGC3067-3C232,exponential,0.5577889447236181,0.6867746032129911,0.3757491290744065
NGC3067-3C232,exponential,0.5628140703517588,0.686024583022809,0.376841816588104
NGC3067-3C232,exponential,0.5678391959798995,0.6852894881100375,0.37791391961491005
NGC3067-3C232,exponential,0.5728643216080402,0.6845690214641311,0.3789658044735311
NGC3067-3C232,exponential,0.577889447236181,0.6838628919850052,0.3799978317667559
NGC3067-3C232,exponential,0.5829145728643216,0.6831708143654183,0.3810103564404326
NGC3067-3C232,exponential,0.5879396984924623,0.6824925089756955,0.3820037278430443
NGC3067-3C232,exponential,0.592964824120603,0.6818277017507466,0.3829782897858199
NGC3067-3C232,exponential,0.5979899497487438,0.6811761240793308,0.38393438060332497
NGC3067-3C232,exponential,0.6030150753768845,0.6805375126955269,0.38487233321447
NGC3067-3C232,exponential,0.6080402010050251,0.6799116095723612,0.38579247518388515
NGC3067-3C232,exponential,0.6130653266331658,0.6792981618175545,0.3866951287836038
NGC3067-3C232,exponential,0.6180904522613065,0.6786969215713421,0.3875806110550079
NGC3067-3C232,exponential,0.6231155778894473,0.6781076459063271,0.38844923387098423
NGC3067-3C232,exponential,0.628140703517588,0.6775300967293278,0.38930130399824286
NGC3067-3C232,exponential,0.6331658291457286,0.6769640406851772,0.3901371231597561
NGC3067-3C232,exponential,0.6381909547738693,0.6764092490624376,0.3909569880972704
NGC3067-3C232,exponential,0.6432160804020101,0.6758654977009908,0.39176119063385373
NGC3067-3C232,exponential,0.6482412060301508,0.675332566901468,0.3925500177364357
NGC3067-3C232,exponential,0.6532663316582915,0.674810241336481,0.3933237515783051
NGC3067-3C232,exponential,0.6582914572864321,0.6742983099636214,0.39408266960152444
NGC3067-3C232,exponential,0.6633165829145728,0.6737965659401893,0.39482704457923284
NGC3067-3C232,exponential,0.6683417085427136,0.6733048065396205,0.3955571446777989
NGC3067-3C232,exponential,0.6733668341708543,0.672822833069576,0.39627323351879484
NGC3067-3C232,exponential,0.678391959798995,0.6723504507916609,0.3969755702407629
NGC3067-3C232,exponential,0.6834170854271356,0.6718874688427422,0.39766440956074234
NGC3067-3C232,exponential,0.6884422110552764,0.671433700157832,0.3983400018355326
NGC3067-3C232,exponential,0.6934673366834171,0.6709889613945041,0.39900259312266806
NGC3067-3C232,exponential,0.6984924623115578,0.6705530728588165,0.3996524252410768
NGC3067-3C232,exponential,0.7035175879396985,0.6701258584327068,0.40028973583140304
NGC3067-3C232,exponential,0.7085427135678392,0.669707145502833,0.4009147584159713
NGC3067-3C232,exponential,0.7135678391959799,0.6692967648908292,0.40152772245837237
NGC3067-3C232,exponential,0.7185929648241206,0.6688945507849522,0.4021288534226484
NGC3067-3C232,exponential,0.7236180904522613,0.6685003406730838,0.40271837283206585
NGC3067-3C232,exponential,0.7286432160804021,0.6681139752770707,0.4032964983274518
NGC3067-3C232,exponential,0.7336683417085427,0.6677352984883684,0.4038634437250833
NGC3067-3C232,exponential,0.7386934673366834,0.6673641573049662,0.40441941907411366
NGC3067-3C232,exponential,0.7437185929648241,0.6670004017695683,0.40496463071351885
NGC3067-3C232,exponential,0.7487437185929648,0.6666438849090042,0.40549928132855595
NGC3067-3C232,exponential,0.7537688442211056,0.666294462674845,0.4060235700067181
NGC3067-3C232,exponential,0.7587939698492463,0.6659519938852017,0.40653769229317727
NGC3067-3C232,exponential,0.7638190954773869,0.6656163401676816,0.40704184024570145
NGC3067-3C232,exponential,0.7688442211055276,0.6652873659034795,0.4075362024890423
NGC3067-3C232,exponential,0.7738693467336684,0.6649649381725822,0.408020964268779
NGC3067-3C232,exponential,0.7788944723618091,0.6646489267000621,0.4084963075046147
NGC3067-3C232,exponential,0.7839195979899498,0.664339203803442,0.40896241084311497
NGC3067-3C232,exponential,0.7889447236180904,0.664035644341104,0.40941944970988686
NGC3067-3C232,exponential,0.7939698492462312,0.6637381256617281,0.4098675963611867
NGC3067-3C232,exponential,0.7989949748743719,0.6634465275547348,0.41030701993495805
NGC3067-3C232,exponential,0.8040201005025126,0.6631607322017159,0.4107378865012887
NGC3067-3C232,exponential,0.8090452261306533,0.6628806241288292,0.4111603591122908
NGC3067-3C232,exponential,0.8140703517587939,0.6626060901601434,0.41157459785139244
NGC3067-3C232,exponential,0.8190954773869347,0.6623370193719091,0.41198075988204486
NGC3067-3C232,exponential,0.8241206030150754,0.6620733030477415,0.4123789994958395
NGC3067-3C232,exponential,0.8291457286432161,0.6618148346346933,0.4127694681600344
NGC3067-3C232,exponential,0.8341708542713568,0.6615615097002037,0.413152314564488
NGC3067-3C232,exponential,0.8391959798994975,0.6613132258899019,0.41352768466800166
NGC3067-3C232,exponential,0.8442211055276382,0.6610698828862531,0.41389572174406625
NGC3067-3C232,exponential,0.8492462311557789,0.660831382368024,0.4142565664260194
NGC3067-3C232,exponential,0.8542713567839196,0.6605976279705575,0.4146103567516075
NGC3067-3C232,exponential,0.8592964824120604,0.6603685252468379,0.41495722820695674
NGC3067-3C232,exponential,0.864321608040201,0.6601439816293286,0.4152973137699547
NGC3067-3C232,exponential,0.8693467336683417,0.6599239063925724,0.41563074395304167
NGC3067-3C232,exponential,0.8743718592964824,0.659708210616533,0.4159576468454162
NGC3067-3C232,exponential,0.8793969849246231,0.6594968071506686,0.41627814815465436
NGC3067-3C232,exponential,0.8844221105527639,0.6592896105787183,0.41659237124774917
NGC3067-3C232,exponential,0.8894472361809045,0.659086537184191,0.4169004371915664
NGC3067-3C232,exponential,0.8944723618090452,0.6588875049165395,0.417202464792728
NGC3067-3C232,exponential,0.8994974874371859,0.6586924333580093,0.41749857063691825
NGC3067-3C232,exponential,0.9045226130653267,0.6585012436911457,0.41778886912762253
NGC3067-3C232,exponential,0.9095477386934674,0.6583138586669481,0.4180734725242981
NGC3067-3C232,exponential,0.914572864321608,0.6581302025736586,0.4183524909799823
NGC3067-3C232,exponential,0.9195979899497487,0.6579502012061702,0.41862603257834335
NGC3067-3C232,exponential,0.9246231155778895,0.6577737818360456,0.4188942033701745
NGC3067-3C232,exponential,0.9296482412060302,0.6576008731821315,0.41915710740934004
NGC3067-3C232,exponential,0.9346733668341709,0.6574314053817572,0.4194148467881749
NGC3067-3C232,exponential,0.9396984924623115,0.6572653099625079,0.41966752167234317
NGC3067-3C232,exponential,0.9447236180904522,0.6571025198145584,0.4199152303351602
NGC3067-3C232,exponential,0.949748743718593,0.656942969163558,0.42015806919138354
NGC3067-3C232,exponential,0.9547738693467337,0.6567865935440547,0.42039613283047766
NGC3067-3C232,exponential,0.9597989949748744,0.6566333297734481,0.4206295140493571
NGC3067-3C232,exponential,0.964824120603015,0.6564831159264614,0.42085830388461337
NGC3067-3C232,exponential,0.9698492462311558,0.65633589131012,0.42108259164423134
NGC3067-3C232,exponential,0.9748743718592965,0.6561915964392299,0.42130246493879975
NGC3067-3C232,exponential,0.9798994974874372,0.6560501730123425,0.42151800971222064
NGC3067-3C232,exponential,0.9849246231155779,0.6559115638881983,0.42172931027192656
NGC3067-3C232,exponential,0.9899497487437187,0.6557757130626392,0.4219364493186064
NGC3067-3C232,exponential,0.9949748743718593,0.655642565645981,0.4221395079754474
NGC3067-3C232,exponential,1.0,0.6555120678408349,0.42233856581690116
NGC3067-3C232,tanh,0.0,1.0,-0.0
NGC3067-3C232,tanh,0.005025125628140704,0.999969622219398,3.0378242016119472e-05
NGC3067-3C232,tanh,0.010050251256281407,0.9999371452607866,6.285671465531226e-05
NGC3067-3C232,tanh,0.01507537688442211,0.9999024245037456,9.758025705287153e-05
NGC3067-3C232,tanh,0.020100502512562814,0.9998653054270695,0.00013470364505911353
NGC3067-3C232,tanh,0.02512562814070352,0.9998256229399293,0.00017439226551794877
NGC3067-3C232,tanh,0.03015075376884422,0.999783200669138,0.000216822835234197
NGC3067-3C232,tanh,0.035175879396984924,0.9997378501998287,0.00026218416743649587
NGC3067-3C232,tanh,0.04020100502512563,0.9996893702667105,0.0003106779886984506
NGC3067-3C232,tanh,0.04522613065326633,0.999637545892927,0.0003625198094394375
NGC3067-3C232,tanh,0.05025125628140704,0.9995821474734077,0.0004179398512860546
NGC3067-3C232,tanh,0.05527638190954774,0.9995229297994447,0.00047718403474948835
NGC3067-3C232,tanh,0.06030150753768844,0.9994596310210965,0.0005405150308372005
NGC3067-3C232,tanh,0.06532663316582915,0.999391971543868,0.0006082133803969576
NGC3067-3C232,tanh,0.07035175879396985,0.9993196528559838,0.0006805786851592588
NGC3067-3C232,tanh,0.07537688442211056,0.9992423562824285,0.0007579308746238502
NGC3067-3C232,tanh,0.08040201005025126,0.9991597416618079,0.0008406115531046186
NGC3067-3C232,tanh,0.08542713567839195,0.999071445941959,0.0009289854314167335
NGC3067-3C232,tanh,0.09045226130653267,0.9989770816901372,0.0010234418478519594
NGC3067-3C232,tanh,0.09547738693467336,0.998876235513514,0.0011243963832429822
NGC3067-3C232,tanh,0.10050251256281408,0.9987684663856531,0.001232292575056289
NGC3067-3C232,tanh,0.10552763819095477,0.9986533038745872,0.0013476037355815054
NGC3067-3C232,tanh,0.11055276381909548,0.9985302462681058,0.0014708348793872749
NGC3067-3C232,tanh,0.11557788944723618,0.9983987585918875,0.001602524765295394
NGC3067-3C232,tanh,0.12060301507537688,0.9982582705161783,0.0017432480581723983
NGC3067-3C232,tanh,0.12562814070351758,0.9981081741468422,0.0018936176158457804
NGC3067-3C232,tanh,0.1306532663316583,0.9979478216967881,0.0020542869064197255
NGC3067-3C232,tanh,0.135678391959799,0.9977765230340407,0.002225952561168368
NGC3067-3C232,tanh,0.1407035175879397,0.9975935431030573,0.002409357068033235
NGC3067-3C232,tanh,0.1457286432160804,0.9973980992163372,0.0026052916105139667
NGC3067-3C232,tanh,0.15075376884422112,0.9971893582139233,0.0028145990564204634
NGC3067-3C232,tanh,0.15577889447236182,0.9969664334890775,0.0030381771005250214
NGC3067-3C232,tanh,0.16080402010050251,0.9967283818792478,0.0032769815646044617
NGC3067-3C232,tanh,0.1658291457286432,0.9964742004224482,0.0035320298576726147
NGC3067-3C232,tanh,0.1708542713567839,0.9962028229803714,0.0038044045983529184
NGC3067-3C232,tanh,0.17587939698492464,0.9959131167309703,0.004095257400309277
NGC3067-3C232,tanh,0.18090452261306533,0.9956038785349061,0.004405812820408306
NGC3067-3C232,tanh,0.18592964824120603,0.995273831182205,0.004737372467807734
NGC3067-3C232,tanh,0.19095477386934673,0.9949216195277072,0.005091319270418745
NGC3067-3C232,tanh,0.19597989949748745,0.9945458065264862,0.005469121893140271
NGC3067-3C232,tanh,0.20100502512562815,0.9941448691833876,0.005872339299877092
NGC3067-3C232,tanh,0.20603015075376885,0.9937171944342198,0.0063026254485931184
NGC3067-3C232,tanh,0.21105527638190955,0.9932610749799753,0.006761734105469118
NGC3067-3C232,tanh,0.21608040201005024,0.9927747050997998,0.007251523760597119
NGC3067-3C232,tanh,0.22110552763819097,0.9922561764733037,0.007773962623492049
NGC3067-3C232,tanh,0.22613065326633167,0.991703474048257,0.008331133672005837
NGC3067-3C232,tanh,0.23115577889447236,0.9911144719957748,0.008925239722923804
NGC3067-3C232,tanh,0.23618090452261306,0.9904869298017944,0.009558608486581003
NGC3067-3C232,tanh,0.24120603015075376,0.9898184885510195,0.010233697561192025
NGC3067-3C232,tanh,0.24623115577889448,0.9891066674675554,0.01095309931521878
NGC3067-3C232,tanh,0.25125628140703515,0.9883488607851936,0.01171954559796128
NGC3067-3C232,tanh,0.2562814070351759,0.9875423350297207,0.012535912209618758
NGC3067-3C232,tanh,0.2613065326633166,0.9866842268056768,0.013405223052327265
NGC3067-3C232,tanh,0.2663316582914573,0.985771541190639,0.014330653873117655
NGC3067-3C232,tanh,0.271356783919598,0.9848011508512454,0.015315535498395155
NGC3067-3C232,tanh,0.2763819095477387,0.9837697960067101,0.01636335644743873
NGC3067-3C232,tanh,0.2814070351758794,0.9826740853773228,0.0174777647996502
NGC3067-3C232,tanh,0.2864321608040201,0.9815104982671821,0.018662569176943797
NGC3067-3C232,tanh,0.2914572864321608,0.9802753879419032,0.019921738688918784
NGC3067-3C232,tanh,0.2964824120603015,0.9789649864729404,0.021259401674503728
NGC3067-3C232,tanh,0.30150753768844224,0.9775754112300641,0.022679843059867213
NGC3067-3C232,tanh,0.3065326633165829,0.9761026732119696,0.024187500138878604
NGC3067-3C232,tanh,0.31155778894472363,0.9745426874113887,0.025786956569701352
NGC3067-3C232,tanh,0.3165829145728643,0.9728912854148113,0.02748293436967135
NGC3067-3C232,tanh,0.32160804020100503,0.9711442304372574,0.029280283681064705
NGC3067-3C232,tanh,0.32663316582914576,0.9692972349886885,0.0311839700733357
NGC3067-3C232,tanh,0.3316582914572864,0.9673459813597259,0.033199059143702234
NGC3067-3C232,tanh,0.33668341708542715,0.965286145099455,0.03533069817840705
NGC3067-3C232,tanh,0.3417085427135678,0.9631134216362633,0.037584094642560545
NGC3067-3C232,tanh,0.34673366834170855,0.9608235561629703,0.03996449127817737
NGC3067-3C232,tanh,0.35175879396984927,0.9584123768690366,0.04247713760893292
NGC3067-3C232,tanh,0.35678391959798994,0.9558758315546034,0.04512725767738773
NGC3067-3C232,tanh,0.36180904522613067,0.9532100276028574,0.04792001387702865
NGC3067-3C232,tanh,0.36683417085427134,0.9504112752183362,0.050860466788472364
NGC3067-3C232,tanh,0.37185929648241206,0.9474761337591858,0.05395353098745364
NGC3067-3C232,tanh,0.3768844221105528,0.9444014609013505,0.0572039268624559
NGC3067-3C232,tanh,0.38190954773869346,0.9411844642730045,0.06061612856243534
NGC3067-3C232,tanh,0.3869346733668342,0.9378227550895856,0.06419430829005321
NGC3067-3C232,tanh,0.3919597989949749,0.9343144032055518,0.06794227726271682
NGC3067-3C232,tanh,0.3969849246231156,0.9306579928811745,0.0718634237814996
NGC3067-3C232,tanh,0.4020100502512563,0.9268526784447231,0.07596064897497001
NGC3067-3C232,tanh,0.40703517587939697,0.9228982389164452,0.0802363009186839
NGC3067-3C232,tanh,0.4120603015075377,0.9187951305556158,0.08469210796833422
NGC3067-3C232,tanh,0.4170854271356784,0.9145445362009906,0.08932911228126794
NGC3067-3C232,tanh,0.4221105527638191,0.9101484102039756,0.09414760463242872
NGC3067-3C232,tanh,0.4271356783919598,0.9056095177086279,0.09914706175118078
NGC3067-3C232,tanh,0.4321608040201005,0.9009314670189179,0.10432608750879872
NGC3067-3C232,tanh,0.4371859296482412,0.896118733816752,0.10968235936611717
NGC3067-3C232,tanh,0.44221105527638194,0.8911766760583594,0.11521258154032923
NGC3067-3C232,tanh,0.4472361809045226,0.8861115384848307,0.12091244636279716
NGC3067-3C232,tanh,0.45226130653266333,0.8809304458361608,0.12677660527025192
NGC3067-3C232,tanh,0.457286432160804,0.8756413840564259,0.13279865079519731
NGC3067-3C232,tanh,0.4623115577889447,0.8702531690177485,0.13897111079449162
NGC3067-3C232,tanh,0.46733668341708545,0.8647754025671194,0.14528545597663275
NGC3067-3C232,tanh,0.4723618090452261,0.8592184160052265,0.15173212155916396
NGC3067-3C232,tanh,0.47738693467336685,0.853593201430256,0.1583005436112969
NGC3067-3C232,tanh,0.4824120603015075,0.8479113317104523,0.16497921031938814
NGC3067-3C232,tanh,0.48743718592964824,0.8421848701740123,0.1717557280630134
NGC3067-3C232,tanh,0.49246231155778897,0.8364262714100161,0.17861690181810458
NGC3067-3C232,tanh,0.49748743718592964,0.830648274846077,0.18554882902404227
NGC3067-3C232,tanh,0.5025125628140703,0.8248637929947581,0.19253700567815554
NGC3067-3C232,tanh,0.507537688442211,0.8190857964308188,0.19956644306896895
NGC3067-3C232,tanh,0.5125628140703518,0.8133271976668226,0.20662179324372149
NGC3067-3C232,tanh,0.5175879396984925,0.8076007361303827,0.2136874810401767
NGC3067-3C232,tanh,0.5226130653266332,0.8019188664105789,0.22074784030963784
NGC3067-3C232,tanh,0.5276381909547738,0.7962936518356084,0.22778725182685763
NGC3067-3C232,tanh,0.5326633165829145,0.7907366652737156,0.2347902803293792
NGC3067-3C232,tanh,0.5376884422110553,0.7852588988230864,0.24174180815629553
NGC3067-3C232,tanh,0.542713567839196,0.7798706837844089,0.2486271630631727
NGC3067-3C232,tanh,0.5477386934673367,0.7745816220046742,0.25543223797087006
NGC3067-3C232,tanh,0.5527638190954774,0.7694005293560042,0.262143600652736
NGC3067-3C232,tanh,0.5577889447236181,0.7643353917824756,0.26874859166582193
NGC3067-3C232,tanh,0.5628140703517588,0.7593933340240829,0.2752354091738663
NGC3067-3C232,tanh,0.5678391959798995,0.7545806008219169,0.2815931796780645
NGC3067-3C232,tanh,0.5728643216080402,0.7499025501322071,0.2878120140508821
NGC3067-3C232,tanh,0.577889447236181,0.7453636576368592,0.2938830486435996
NGC3067-3C232,tanh,0.5829145728643216,0.7409675316398443,0.2997984715963184
NGC3067-3C232,tanh,0.5879396984924623,0.7367169372852191,0.30555153480806757
NGC3067-3C232,tanh,0.592964824120603,0.7326138289243898,0.31113655231491344
NGC3067-3C232,tanh,0.5979899497487438,0.7286593893961117,0.31654888606869597
NGC3067-3C232,tanh,0.6030150753768845,0.7248540749596604,0.32178492030388806
NGC3067-3C232,tanh,0.6080402010050251,0.7211976646352831,0.32684202582338256
NGC3067-3C232,tanh,0.6130653266331658,0.7176893127512494,0.3317185156263995
NGC3067-3C232,tanh,0.6180904522613065,0.7143276035678305,0.3364135933458007
NGC3067-3C232,tanh,0.6231155778894473,0.7111106069394845,0.3409272959621945
NGC3067-3C232,tanh,0.628140703517588,0.708035934081649,0.3452604322237643
NGC3067-3C232,tanh,0.6331658291457286,0.7051007926224987,0.3494145181299925
NGC3067-3C232,tanh,0.6381909547738693,0.7023020402379775,0.35339171074096415
NGC3067-3C232,tanh,0.6432160804020101,0.6996362362862315,0.3571947414582995
NGC3067-3C232,tanh,0.6482412060301508,0.6970996909717984,0.3608268497952927
NGC3067-3C232,tanh,0.6532663316582915,0.6946885116778646,0.364291718518264
NGC3067-3C232,tanh,0.6582914572864321,0.6923986462045717,0.36759341090358344
NGC3067-3C232,tanh,0.6633165829145728,0.6902259227413801,0.37073631071958846
NGC3067-3C232,tanh,0.6683417085427136,0.688166086481109,0.37372506541318234
NGC3067-3C232,tanh,0.6733668341708543,0.6862148328521465,0.37656453285997976
NGC3067-3C232,tanh,0.678391959798995,0.6843678374035775,0.3792597319263552
NGC3067-3C232,tanh,0.6834170854271356,0.6826207824260238,0.38181579699288887
NGC3067-3C232,tanh,0.6884422110552764,0.6809693804294462,0.3842379365021446
NGC3067-3C232,tanh,0.6934673366834171,0.6794093946288653,0.38653139551954485
NGC3067-3C232,tanh,0.6984924623115578,0.6779366566107707,0.38870142223407117
NGC3067-3C232,tanh,0.7035175879396985,0.6765470813678945,0.390753238274998
NGC3067-3C232,tanh,0.7085427135678392,0.6752366798989318,0.39269201268104825
NGC3067-3C232,tanh,0.7135678391959799,0.674001569573653,0.3945228393282493
NGC3067-3C232,tanh,0.7185929648241206,0.6728379824635122,0.3962507176013185
NGC3067-3C232,tanh,0.7236180904522613,0.6717422718341248,0.39788053607950996
NGC3067-3C232,tanh,0.7286432160804021,0.6707109169895895,0.3994170590004316
NGC3067-3C232,tanh,0.7336683417085427,0.6697405266501959,0.40086491526335866
NGC3067-3C232,tanh,0.7386934673366834,0.6688278410351581,0.4022285897360379
NGC3067-3C232,tanh,0.7437185929648241,0.6679697328111143,0.40351241663503035
NGC3067-3C232,tanh,0.7487437185929648,0.6671632070556414,0.40472057475845574
NGC3067-3C232,tanh,0.7537688442211056,0.6664054003732796,0.40585708436089984
NGC3067-3C232,tanh,0.7587939698492463,0.6656935792898154,0.40692580547259316
NGC3067-3C232,tanh,0.7638190954773869,0.6650251380390405,0.40793043747827706
NGC3067-3C232,tanh,0.7688442211055276,0.6643975958450601,0.4088745197849745
NGC3067-3C232,tanh,0.7738693467336684,0.663808593792578,0.40976143342185894
NGC3067-3C232,tanh,0.7788944723618091,0.6632558913675313,0.4105944034292467
NGC3067-3C232,tanh,0.7839195979899498,0.6627373627410351,0.41137650190722996
NGC3067-3C232,tanh,0.7889447236180904,0.6622509928608596,0.41211065160743565
NGC3067-3C232,tanh,0.7939698492462312,0.661794873406615,0.41279962996371183
NGC3067-3C232,tanh,0.7989949748743719,0.6613671986574474,0.4134460734691455
NGC3067-3C232,tanh,0.8040201005025126,0.6609662613143488,0.41405248231762715
NGC3067-3C232,tanh,0.8090452261306533,0.6605904483131277,0.41462122523817463
NGC3067-3C232,tanh,0.8140703517587939,0.6602382366586299,0.41515454445943856
NGC3067-3C232,tanh,0.8190954773869347,0.6599081893059289,0.41565456075018653
NGC3067-3C232,tanh,0.8241206030150754,0.6595989511098648,0.41612327848918745
NGC3067-3C232,tanh,0.8291457286432161,0.6593092448604635,0.4165625907247862
NGC3067-3C232,tanh,0.8341708542713568,0.6590378674183868,0.416974284190615
NGC3067-3C232,tanh,0.8391959798994975,0.658783685961587,0.4173600442494028
NGC3067-3C232,tanh,0.8442211055276382,0.6585456343517573,0.41772145974171765
NGC3067-3C232,tanh,0.8492462311557789,0.6583227096269116,0.41806002772080897
NGC3067-3C232,tanh,0.8542713567839196,0.6581139686244978,0.41837715805850295
NGC3067-3C232,tanh,0.8592964824120604,0.6579185247377777,0.41867417791043327
NGC3067-3C232,tanh,0.864321608040201,0.6577355448067942,0.4189523360317799
NGC3067-3C232,tanh,0.8693467336683417,0.6575642461440468,0.41921280693718765
NGC3067-3C232,tanh,0.8743718592964824,0.6574038936939928,0.41945669490069176
NGC3067-3C232,tanh,0.8793969849246231,0.6572537973246566,0.41968503779331506
NGC3067-3C232,tanh,0.8844221105527639,0.6571133092489474,0.41989881075756774
NGC3067-3C232,tanh,0.8894472361809045,0.656981821572729,0.420098929719389
NGC3067-3C232,tanh,0.8944723618090452,0.6568587639662478,0.4202862547391753
NGC3067-3C232,tanh,0.8994974874371859,0.6567436014551817,0.4204615932044408
NGC3067-3C232,tanh,0.9045226130653267,0.6566358323273209,0.42062570286739226
NGC3067-3C232,tanh,0.9095477386934674,0.6565349861506977,0.4207792947313027
NGC3067-3C232,tanh,0.914572864321608,0.656440621898876,0.42092303579001805
NGC3067-3C232,tanh,0.9195979899497487,0.6563523261790271,0.4210575516253009
NGC3067-3C232,tanh,0.9246231155778895,0.6562697115584064,0.4211834288669662
NGC3067-3C232,tanh,0.9296482412060302,0.656192414984851,0.4213012175209494
NGC3067-3C232,tanh,0.9346733668341709,0.6561200962969669,0.4214114331705537
NGC3067-3C232,tanh,0.9396984924623115,0.6560524368197385,0.42151455905618346
NGC3067-3C232,tanh,0.9447236180904522,0.6559891380413903,0.42161104803886534
NGC3067-3C232,tanh,0.949748743718593,0.6559299203674273,0.42170132445283104
NGC3067-3C232,tanh,0.9547738693467337,0.6558745219479079,0.42178578585235876
NGC3067-3C232,tanh,0.9597989949748744,0.6558226975741246,0.4218648046579778
NGC3067-3C232,tanh,0.964824120603015,0.6557742176410062,0.4219387297070201
NGC3067-3C232,tanh,0.9698492462311558,0.655728867171697,0.42200788771336023
NGC3067-3C232,tanh,0.9748743718592965,0.6556864449009057,0.4220725846410468
NGC3067-3C232,tanh,0.9798994974874372,0.6556467624137654,0.4221331069963582
NGC3067-3C232,tanh,0.9849246231155779,0.6556096433370894,0.4221897230426527
NGC3067-3C232,tanh,0.9899497487437187,0.6555749225800483,0.4222426839422112
NGC3067-3C232,tanh,0.9949748743718593,0.6555424456214369,0.4222922248291001
NGC3067-3C232,tanh,1.0,0.6555120678408349,0.42233856581690116
NGC3067-3C232,yukawa,0.0,0.9999932534129891,6.746609769262282e-06
NGC3067-3C232,yukawa,0.005025125628140704,0.9999929428949244,7.0571299771305646e-06
NGC3067-3C232,yukawa,0.010050251256281407,0.9999926179143138,7.382112933909231e-06
NGC3067-3C232,yukawa,0.01507537688442211,0.9999922777880558,7.722241760659885e-06
NGC3067-3C232,yukawa,0.020100502512562814,0.999991921800244,8.078232384843354e-06
NGC3067-3C232,yukawa,0.02512562814070352,0.9999915492005603,8.450835147881066e-06
NGC3067-3C232,yukawa,0.03015075376884422,0.9999911592025873,8.840836492781163e-06
NGC3067-3C232,yukawa,0.035175879396984924,0.999990750982036,9.249060736382995e-06
NGC3067-3C232,yukawa,0.04020100502512563,0.9999903236748852,9.676371930773826e-06
NGC3067-3C232,yukawa,0.04522613065326633,0.9999898763754252,1.0123675818986915e-05
NGC3067-3C232,yukawa,0.05025125628140704,0.9999894081342059,1.059192188831391e-05
NGC3067-3C232,yukawa,0.05527638190954774,0.9999889179558777,1.1082105528561631e-05
NGC3067-3C232,yukawa,0.06030150753768844,0.9999884047969264,1.1595270298475673e-05
NGC3067-3C232,yukawa,0.06532663316582915,0.9999878675632912,1.2132510307439328e-05
NGC3067-3C232,yukawa,0.07035175879396985,0.9999873051078628,1.2694972718002392e-05
NGC3067-3C232,yukawa,0.07537688442211056,0.9999867162278552,1.3283860374905675e-05
NGC3067-3C232,yukawa,0.08040201005025126,0.9999860996620415,1.3900434569043098e-05
NGC3067-3C232,yukawa,0.08542713567839195,0.9999854540878511,1.4546017941694921e-05
NGC3067-3C232,yukawa,0.09045226130653267,0.999984778118318,1.522199753603153e-05
NGC3067-3C232,yukawa,0.09547738693467336,0.9999840702988725,1.5929828006551455e-05
NGC3067-3C232,yukawa,0.10050251256281408,0.9999833291039696,1.6671034991344573e-05
NGC3067-3C232,yukawa,0.10552763819095477,0.999982552933544,1.7447218657845408e-05
NGC3067-3C232,yukawa,0.11055276381909548,0.9999817401092832,1.8260057430632513e-05
NGC3067-3C232,yukawa,0.11557788944723618,0.9999808888707088,1.9111311911163067e-05
NGC3067-3C232,yukawa,0.12060301507537688,0.9999799973710559,2.0002828999332542e-05
NGC3067-3C232,yukawa,0.12562814070351758,0.9999790636729396,2.0936546228304644e-05
NGC3067-3C232,yukawa,0.1306532663316583,0.9999780857437982,2.191449632261426e-05
NGC3067-3C232,yukawa,0.135678391959799,0.9999770614510989,2.2938811993655287e-05
NGC3067-3C232,yukawa,0.1407035175879397,0.9999759885572963,2.4011730983002516e-05
NGC3067-3C232,yukawa,0.1457286432160804,0.9999748647145282,2.5135601368348116e-05
NGC3067-3C232,yukawa,0.15075376884422112,0.9999736874590346,2.6312887146390554e-05
NGC3067-3C232,yukawa,0.15577889447236182,0.9999724542052868,2.754617410557216e-05
NGC3067-3C232,yukawa,0.16080402010050251,0.9999711622398081,2.88381760081138e-05
NGC3067-3C232,yukawa,0.1658291457286432,0.9999698087146726,3.019174109346941e-05
NGC3067-3C232,yukawa,0.1708542713567839,0.9999683906406612,3.160985892509563e-05
NGC3067-3C232,yukawa,0.17587939698492464,0.9999669048800597,3.309566759588356e-05
NGC3067-3C232,yukawa,0.18090452261306533,0.9999653481390753,3.4652461314264105e-05
NGC3067-3C232,yukawa,0.18592964824120603,0.9999637169598552,3.628369839022544e-05
NGC3067-3C232,yukawa,0.19095477386934673,0.9999620077120814,3.799300964381527e-05
NGC3067-3C232,yukawa,0.19597989949748745,0.999960216584121,3.978420726003664e-05
NGC3067-3C232,yukawa,0.20100502512562815,0.9999583395737065,4.166129411316147e-05
NGC3067-3C232,yukawa,0.20603015075376885,0.9999563724781192,4.362847358882015e-05
NGC3067-3C232,yukawa,0.21105527638190955,0.9999543108838512,4.569015992823295e-05
NGC3067-3C232,yukawa,0.21608040201005024,0.9999521501557128,4.7850989127504e-05
NGC3067-3C232,yukawa,0.22110552763819097,0.9999498854253575,5.01158304197969e-05
NGC3067-3C232,yukawa,0.22613065326633167,0.9999475115791913,5.248979837410225e-05
NGC3067-3C232,yukawa,0.23115577889447236,0.9999450232456308,5.497826564631342e-05
NGC3067-3C232,yukawa,0.23618090452261306,0.9999424147816756,5.7586876416780194e-05
NGC3067-3C232,yukawa,0.24120603015075376,0.9999396802587526,6.032156055618027e-05
NGC3067-3C232,yukawa,0.24623115577889448,0.9999368134477966,6.318854855767226e-05
NGC3067-3C232,yukawa,0.25125628140703515,0.9999338078035179,6.619438728218731e-05
NGC3067-3C232,yukawa,0.2562814070351759,0.9999306564478155,6.934595655973167e-05
NGC3067-3C232,yukawa,0.2613065326633166,0.9999273521522846,7.265048669813521e-05
NGC3067-3C232,yukawa,0.2663316582914573,0.9999238873197662,7.611557695080698e-05
NGC3067-3C232,yukawa,0.271356783919598,0.9999202539648874,7.974921499674133e-05
NGC3067-3C232,yukawa,0.2763819095477387,0.9999164436935287,8.355979749391898e-05
NGC3067-3C232,yukawa,0.2814070351758794,0.9999124476811625,8.75561517654924e-05
NGC3067-3C232,yukawa,0.2864321608040201,0.9999082566499917,9.174755868682712e-05
NGC3067-3C232,yukawa,0.2914572864321608,0.9999038608448239,9.614377684094146e-05
NGC3067-3C232,yukawa,0.2964824120603015,0.9998992500076024,0.00010075506801901908
NGC3067-3C232,yukawa,0.30150753768844224,0.9998944133505208,0.00010559222414192323
NGC3067-3C232,yukawa,0.3065326633165829,0.9998893395276334,0.00011066659568844662
NGC3067-3C232,yukawa,0.31155778894472363,0.999884016604875,0.00011599012171906733
NGC3067-3C232,yukawa,0.3165829145728643,0.9998784320283977,0.00012157536158713269
NGC3067-3C232,yukawa,0.32160804020100503,0.9998725725911198,0.00012743552844220936
NGC3067-3C232,yukawa,0.32663316582914576,0.9998664243973877,0.0001335845246276148
NGC3067-3C232,yukawa,0.3316582914572864,0.9998599728256309,0.00014003697908919368
NGC3067-3C232,yukawa,0.33668341708542715,0.9998532024888949,0.00014680828691435537
NGC3067-3C232,yukawa,0.3417085427135678,0.9998460971931219,0.00015391465113034393
NGC3067-3C232,yukawa,0.34673366834170855,0.999838639893044,0.0001613731268986757
NGC3067-3C232,yukawa,0.35175879396984927,0.999830812645544,0.00016920166825098724
NGC3067-3C232,yukawa,0.35678391959798994,0.9998225965603296,0.0001774191775219619
NGC3067-3C232,yukawa,0.36180904522613067,0.9998139717477573,0.0001860455576442212
NGC3067-3C232,yukawa,0.36683417085427134,0.999804917263631,0.00019510176748118355
NGC3067-3C232,yukawa,0.37185929648241206,0.999795411050787,0.0002046098803870237
NGC3067-3C232,yukawa,0.3768844221105528,0.9997854298772713,0.00021459314619101533
NGC3067-3C232,yukawa,0.38190954773869346,0.9997749492708916,0.00022507605682381047
NGC3067-3C232,yukawa,0.3869346733668342,0.9997639434499228,0.0002360844158099531
NGC3067-3C232,yukawa,0.3919597989949749,0.9997523852497222,0.0002476454118716821
NGC3067-3C232,yukawa,0.3969849246231156,0.999740246044997,0.00025978769690475275
NGC3067-3C232,yukawa,0.4020100502512563,0.9997274956674519,0.000272541468600379
NGC3067-3C232,yukawa,0.40703517587939697,0.9997141023185191,0.00028593855801423444
NGC3067-3C232,yukawa,0.4120603015075377,0.9997000324768613,0.0003000125223952266
NGC3067-3C232,yukawa,0.4170854271356784,0.9996852508003099,0.00031479874361566696
NGC3067-3C232,yukawa,0.4221105527638191,0.9996697200218799,0.0003303345325645385
NGC3067-3C232,yukawa,0.4271356783919598,0.9996534008394805,0.0003466592398912336
NGC3067-3C232,yukawa,0.4321608040201005,0.9996362517989088,0.0003638143735153149
NGC3067-3C232,yukawa,0.4371859296482412,0.999618229169689,0.00038184372334730863
NGC3067-3C232,yukawa,0.44221105527638194,0.9995992868132861,0.0004007934936969614
NGC3067-3C232,yukawa,0.4472361809045226,0.9995793760431919,0.0004207124438786643
NGC3067-3C232,yukawa,0.45226130653266333,0.9995584454763418,0.00044165203756311376
NGC3067-3C232,yukawa,0.457286432160804,0.9995364408752856,0.00046366660146129527
NGC3067-3C232,yukawa,0.4623115577889447,0.9995133049804913,0.00048681349397189697
NGC3067-3C232,yukawa,0.46733668341708545,0.9994889773321154,0.0005111532844687402
NGC3067-3C232,yukawa,0.4723618090452261,0.9994633940805255,0.0005367499439561027
NGC3067-3C232,yukawa,0.47738693467336685,0.9994364877848089,0.0005636710478717057
NGC3067-3C232,yukawa,0.4824120603015075,0.9994081871984399,0.0005919879918794363
NGC3067-3C232,yukawa,0.48743718592964824,0.9993784170412229,0.0006217762215544927
NGC3067-3C232,yukawa,0.49246231155778897,0.9993470977565542,0.0006531154769343784
NGC3067-3C232,yukawa,0.49748743718592964,0.9993141452529812,0.0006860900529823963
NGC3067-3C232,yukawa,0.5025125628140703,0.999279470628951,0.0007207890770943714
NGC3067-3C232,yukawa,0.507537688442211,0.9992429798795612,0.0007573068048631912
NGC3067-3C232,yukawa,0.5125628140703518,0.9992045735840335,0.0007957429354145528
NGC3067-3C232,yukawa,0.5175879396984925,0.9991641465725243,0.0008362029477305381
NGC3067-3C232,yukawa,0.5226130653266332,0.9991215875707867,0.000878798459490254
NGC3067-3C232,yukawa,0.5276381909547738,0.9990767788210737,0.0009236476100792848
NGC3067-3C232,yukawa,0.5326633165829145,0.9990295956775448,0.000970875469556513
NGC3067-3C232,yukawa,0.5376884422110553,0.9989799061743031,0.0010206144755080658
NGC3067-3C232,yukawa,0.542713567839196,0.9989275705640303,0.0010730048998837307
NGC3067-3C232,yukawa,0.5477386934673367,0.9988724408250277,0.001128195348079024
NGC3067-3C232,yukawa,0.5527638190954774,0.9988143601342863,0.0011863432927216961
NGC3067-3C232,yukawa,0.5577889447236181,0.9987531623040136,0.0012476156448243605
NGC3067-3C232,yukawa,0.5628140703517588,0.9986886711788283,0.001312189365196693
NGC3067-3C232,yukawa,0.5678391959798995,0.9986206999905984,0.0013802521192569906
NGC3067-3C232,yukawa,0.5728643216080402,0.9985490506676412,0.0014520029786562454
NGC3067-3C232,yukawa,0.577889447236181,0.9984735130947194,0.0015276531734297017
NGC3067-3C232,yukawa,0.5829145728643216,0.9983938643199622,0.001607426898715905
NGC3067-3C232,yukawa,0.5879396984924623,0.9983098677044967,0.0016915621804483906
NGC3067-3C232,yukawa,0.592964824120603,0.9982212720102054,0.0017803118048215199
NGC3067-3C232,yukawa,0.5979899497487438,0.9981278104206182,0.0018739443167684877
NGC3067-3C232,yukawa,0.6030150753768845,0.9980291994894943,0.0019727450931748495
NGC3067-3C232,yukawa,0.6080402010050251,0.9979251380111589,0.0020770174970816523
NGC3067-3C232,yukawa,0.6130653266331658,0.9978153058061131,0.002187084119719809
NGC3067-3C232,yukawa,0.6180904522613065,0.9976993624148348,0.002303288117871454
NGC3067-3C232,yukawa,0.6231155778894473,0.9975769456920295,0.0024259946547671696
NGC3067-3C232,yukawa,0.628140703517588,0.9974476702928525,0.0025555924535332485
NGC3067-3C232,yukawa,0.6331658291457286,0.997311126041822,0.002692495473080927
NGC3067-3C232,yukawa,0.6381909547738693,0.9971668761742413,0.0028371447173162717
NGC3067-3C232,yukawa,0.6432160804020101,0.9970144554389602,0.002990010189639805
NGC3067-3C232,yukawa,0.6482412060301508,0.9968533680502039,0.00315159300592188
NGC3067-3C232,yukawa,0.6532663316582915,0.9966830854749746,0.003322427680494539
NGC3067-3C232,yukawa,0.6582914572864321,0.9965030440411744,0.003503084601214341
NGC3067-3C232,yukawa,0.6633165829145728,0.996312642350085,0.0036941727113381424
NGC3067-3C232,yukawa,0.6683417085427136,0.9961112384751524,0.0038963424178517863
NGC3067-3C232,yukawa,0.6733668341708543,0.9958981469271487,0.004110288748002662
NGC3067-3C232,yukawa,0.678391959798995,0.9956726353636765,0.004336754778174784
NGC3067-3C232,yukawa,0.6834170854271356,0.9954339210186349,0.004576535361911081
NGC3067-3C232,yukawa,0.6884422110552764,0.9951811668246333,0.004830481186901056
NGC3067-3C232,yukawa,0.6934673366834171,0.9949134771983809,0.0050995031941416455
NGC3067-3C232,yukawa,0.6984924623115578,0.9946298934557688,0.0053845773963082716
NGC3067-3C232,yukawa,0.7035175879396985,0.9943293888196247,0.005686750136704273
NGC3067-3C232,yukawa,0.7085427135678392,0.9940108629789168,0.006007143835061046
NGC3067-3C232,yukawa,0.7135678391959799,0.9936731361534391,0.006346963272029021
NGC3067-3C232,yukawa,0.7185929648241206,0.99331494261265,0.0067075024705245305
NGC3067-3C232,yukawa,0.7236180904522613,0.9929349235912641,0.007090152239306164
NGC3067-3C232,yukawa,0.7286432160804021,0.99253161953732,0.007496408452372816
NGC3067-3C232,yukawa,0.7336683417085427,0.992103461620628,0.007927881147176432
NGC3067-3C232,yukawa,0.7386934673366834,0.9916487624206131,0.008386304535407497
NGC3067-3C232,yukawa,0.7437185929648241,0.9911657057024331,0.00887354803246946
NGC3067-3C232,yukawa,0.7487437185929648,0.9906523351786796,0.009391628425973204
NGC3067-3C232,yukawa,0.7537688442211056,0.9901065421407278,0.009942723319970362
NGC3067-3C232,yukawa,0.7587939698492463,0.9895260518286253,0.010529186010581358
NGC3067-3C232,yukawa,0.7638190954773869,0.9889084083909738,0.011153561970600136
NGC3067-3C232,yukawa,0.7688442211055276,0.9882509582661881,0.01181860714612279
NGC3067-3C232,yukawa,0.7738693467336684,0.9875508317933649,0.01252730829787727
NGC3067-3C232,yukawa,0.7788944723618091,0.9868049228342239,0.013282905654514718
NGC3067-3C232,yukawa,0.7839195979899498,0.9860098661565688,0.01408891818557915
NGC3067-3C232,yukawa,0.7889447236180904,0.9851620122936752,0.014949171849351116
NGC3067-3C232,yukawa,0.7939698492462312,0.9842573995520583,0.015867831226622754
NGC3067-3C232,yukawa,0.7989949748743719,0.9832917227910906,0.016849435017390814
NGC3067-3C232,yukawa,0.8040201005025126,0.9822602985405968,0.01789893595552114
NGC3067-3C232,yukawa,0.8090452261306533,0.9811580259552684,0.01902174578914596
NGC3067-3C232,yukawa,0.8140703517587939,0.9799793430255296,0.020223786085053087
NGC3067-3C232,yukawa,0.8190954773869347,0.9787181773710009,0.021511545747462422
NGC3067-3C232,yukawa,0.8241206030150754,0.9773678908320067,0.022892146300189268
NGC3067-3C232,yukawa,0.8291457286432161,0.9759212169431137,0.024373416172277312
NGC3067-3C232,yukawa,0.8341708542713568,0.9743701902160334,0.025963975458319626
NGC3067-3C232,yukawa,0.8391959798994975,0.9727060659719503,0.02767333290541001
NGC3067-3C232,yukawa,0.8442211055276382,0.970919229238657,0.029511997221099717
NGC3067-3C232,yukawa,0.8492462311557789,0.9689990909573529,0.03149160521631764
NGC3067-3C232,yukawa,0.8542713567839196,0.9669339694170108,0.03362506981375114
NGC3067-3C232,yukawa,0.8592964824120604,0.9647109544375198,0.035926751591236206
NGC3067-3C232,yukawa,0.864321608040201,0.9623157513395433,0.0384126583244142
NGC3067-3C232,yukawa,0.8693467336683417,0.9597325011477997,0.0411006779865939
NGC3067-3C232,yukawa,0.8743718592964824,0.9569435727479944,0.044010851913321845
NGC3067-3C232,yukawa,0.8793969849246231,0.9539293218208786,0.047165696420000916
NGC3067-3C232,yukawa,0.8844221105527639,0.9506678102647151,0.05059058317353498
NGC3067-3C232,yukawa,0.8894472361809045,0.9471344784312051,0.05431419119856596
NGC3067-3C232,yukawa,0.8944723618090452,0.9433017607632843,0.058369046728597114
NGC3067-3C232,yukawa,0.8994974874371859,0.93913863323589,0.06279217144262268
NGC3067-3C232,yukawa,0.9045226130653267,0.934610078230604,0.06762586530444245
NGC3067-3C232,yukawa,0.9095477386934674,0.9296764489464219,0.07291865772628313
NGC3067-3C232,yukawa,0.914572864321608,0.9242927109272769,0.0787264707889386
NGC3067-3C232,yukawa,0.9195979899497487,0.9184075324572079,0.08511405173312593
NGC3067-3C232,yukawa,0.9246231155778895,0.9119621880099867,0.092156750282682
NGC3067-3C232,yukawa,0.9296482412060302,0.904889229061828,0.099942741600268
NGC3067-3C232,yukawa,0.9346733668341709,0.8971108635902123,0.10857583081436263
NGC3067-3C232,yukawa,0.9396984924623115,0.8885369683980077,0.11817902460189936
NGC3067-3C232,yukawa,0.9447236180904522,0.87906263551361,0.12889912614100463
NGC3067-3C232,yukawa,0.949748743718593,0.8685651232394597,0.14091271253184112
NGC3067-3C232,yukawa,0.9547738693467337,0.8569000410664948,0.15443400538257593
NGC3067-3C232,yukawa,0.9597989949748744,0.8438965416635799,0.1697253728671632
NGC3067-3C232,yukawa,0.964824120603015,0.8293512170753535,0.18711155002606356
NGC3067-3C232,yukawa,0.9698492462311558,0.813020292947189,0.20699920917118816
NGC3067-3C232,yukawa,0.9748743718592965,0.7946095750728301,0.22990438549449033
NGC3067-3C232,yukawa,0.9798994974874372,0.7737614170641762,0.25649169959729584
NGC3067-3C232,yukawa,0.9849246231155779,0.75003774001582,0.28763175369669736
NGC3067-3C232,yukawa,0.9899497487437187,0.7228978542555761,0.32448734722544775
NGC3067-3C232,yukawa,0.9949748743718593,0.6916695714992622,0.36864693523629755
NGC3067-3C232,yukawa,1.0,0.6555120678408349,0.42233856581690116
NGC1073-QSOs,exponential,0.0,1.0,-0.0
NGC1073-QSOs,exponential,0.005025125628140704,0.9924894115094725,0.007538934982010343
NGC1073-QSOs,exponential,0.010050251256281407,0.9851282824844445,0.014983410265206236
NGC1073-QSOs,exponential,0.01507537688442211,0.9779136387063371,0.02233391682759624
NGC1073-QSOs,exponential,0.020100502512562814,0.9708425651430278,0.029590960661302203
NGC1073-QSOs,exponential,0.02512562814070352,0.9639122047710499,0.03675506240802228
NGC1073-QSOs,exponential,0.03015075376884422,0.9571197574212302,0.04382675698714415
NGC1073-QSOs,exponential,0.035175879396984924,0.9504624786472975,0.050806593217048154
NGC1073-QSOs,exponential,0.04020100502512563,0.9439376786170062,0.057695133430136165
NGC1073-QSOs,exponential,0.04522613065326633,0.9375427210253265,0.06449295308212913
NGC1073-QSOs,exponential,0.05025125628140704,0.9312750220292616,0.07120064035617395
NGC1073-QSOs,exponential,0.05527638190954774,0.9251320492038615,0.07781879576229866
NGC1073-QSOs,exponential,0.06030150753768844,0.9191113205190133,0.08434803173275422
NGC1073-QSOs,exponential,0.06532663316582915,0.9132104033365912,0.09078897221377942
NGC1073-QSOs,exponential,0.07035175879396985,0.907426913427565,0.09714225225431498
NGC1073-QSOs,exponential,0.07537688442211056,0.9017585140086668,0.10340851759219657
NGC1073-QSOs,exponential,0.08040201005025126,0.8962029147982283,0.10958842423834222
NGC1073-QSOs,exponential,0.08542713567839195,0.8907578710908066,0.11568263805944677
NGC1073-QSOs,exponential,0.09045226130653267,0.8854211828502245,0.12169183435968614
NGC1073-QSOs,exponential,0.09547738693467336,0.8801906938206606,0.12761669746192392
NGC1073-QSOs,exponential,0.10050251256281408,0.875064290655426,0.13345792028890818
NGC1073-QSOs,exponential,0.10552763819095477,0.8700399020630811,0.1392162039449258
NGC1073-QSOs,exponential,0.11055276381909548,0.8651154979705422,0.14489225729838218
NGC1073-QSOs,exponential,0.11557788944723618,0.8602890887028432,0.1504867965657519
NGC1073-QSOs,exponential,0.12060301507537688,0.8555587241792202,0.15600054489733794
NGC1073-QSOs,exponential,0.12562814070351758,0.8509224931251926,0.16143423196526627
NGC1073-QSOs,exponential,0.1306532663316583,0.8463785223003258,0.16678859355411924
NGC1073-QSOs,exponential,0.135678391959799,0.8419249757413587,0.17206437115461112
NGC1073-QSOs,exponential,0.1407035175879397,0.8375600540203945,0.17726231156068056
NGC1073-QSOs,exponential,0.1457286432160804,0.8332819935178535,0.1823831664703676
NGC1073-QSOs,exponential,0.15075376884422112,0.829089065709893,0.1874276920908277
NGC1073-QSOs,exponential,0.15577889447236182,0.8249795764700083,0.19239664874781512
NGC1073-QSOs,exponential,0.16080402010050251,0.820951865384531,0.19729080049995532
NGC1073-QSOs,exponential,0.1658291457286432,0.8170043050817496,0.2021109147581108
NGC1073-QSOs,exponential,0.1708542713567839,0.8131353005743795,0.206857761910126
NGC1073-QSOs,exponential,0.17587939698492464,0.8093432886151187,0.21153211495122284
NGC1073-QSOs,exponential,0.18090452261306533,0.8056267370650274,0.21613474912030078
NGC1073-QSOs,exponential,0.18592964824120603,0.8019841442744766,0.22066644154238207
NGC1073-QSOs,exponential,0.19095477386934673,0.7984140384764158,0.22512797087742276
NGC1073-QSOs,exponential,0.19597989949748745,0.7949149771917147,0.2295201169756965
NGC1073-QSOs,exponential,0.20100502512562815,0.7914855466463386,0.23384366053994227
NGC1073-QSOs,exponential,0.20603015075376885,0.7881243612001216,0.23809938279445153
NGC1073-QSOs,exponential,0.21105527638190955,0.7848300627869074,0.24228806516125265
NGC1073-QSOs,exponential,0.21608040201005024,0.781601320365831,0.24641048894353884
NGC1073-QSOs,exponential,0.22110552763819097,0.7784368293835198,0.25046743501646895
NGC1073-QSOs,exponential,0.22613065326633167,0.775335311246997,0.2544596835254538
NGC1073-QSOs,exponential,0.23115577889447236,0.772295512807074,0.25838801359203056
NGC1073-QSOs,exponential,0.23618090452261306,0.7693162058520234,0.2622532030274107
NGC1073-QSOs,exponential,0.24120603015075376,0.7663961866113272,0.2660560280537743
NGC1073-QSOs,exponential,0.24623115577889448,0.7635342752693015,0.26979726303336904
NGC1073-QSOs,exponential,0.25125628140703515,0.7607293154883986,0.27347768020546226
NGC1073-QSOs,exponential,0.2562814070351759,0.7579801739419962,0.27709804943117833
NGC1073-QSOs,exponential,0.2613065326633166,0.755285739856484,0.28065913794624364
NGC1073-QSOs,exponential,0.2663316582914573,0.7526449245624622,0.28416171012164915
NGC1073-QSOs,exponential,0.271356783919598,0.7500566610548718,0.2876065272322305
NGC1073-QSOs,exponential,0.2763819095477387,0.7475199035618771,0.29099434723315193
NGC1073-QSOs,exponential,0.2814070351758794,0.7450336271223289,0.2943259245442732
NGC1073-QSOs,exponential,0.2864321608040201,0.7425968271716348,0.2976020098423668
NGC1073-QSOs,exponential,0.2914572864321608,0.740208519135871,0.3008233498611446
NGC1073-QSOs,exponential,0.2964824120603015,0.7378677380339718,0.3039906871990422
NGC1073-QSOs,exponential,0.30150753768844224,0.7355735380878347,0.3071047601347022
NGC1073-QSOs,exponential,0.3065326633165829,0.7333249923401842,0.31016630245009186
NGC1073-QSOs,exponential,0.31155778894472363,0.7311211922800414,0.3131760432611753
NGC1073-QSOs,exponential,0.3165829145728643,0.7289612474756446,0.3161347068560637
NGC1073-QSOs,exponential,0.32160804020100503,0.7268442852146773,0.3190430125405507
NGC1073-QSOs,exponential,0.32663316582914576,0.7247694501516524,0.3219016744909417
NGC1073-QSOs,exponential,0.3316582914572864,0.7227359039623173,0.32471140161407225
NGC1073-QSOs,exponential,0.33668341708542715,0.720742825004932,0.32747289741441477
NGC1073-QSOs,exponential,0.3417085427135678,0.7187894079882915,0.3301868598681554
NGC1073-QSOs,exponential,0.34673366834170855,0.7168748636463518,0.3328539813041322
NGC1073-QSOs,exponential,0.35175879396984927,0.7149984184193328,0.3354749482915091
NGC1073-QSOs,exponential,0.35678391959798994,0.7131593141411651,0.3380504415340665
NGC1073-QSOs,exponential,0.36180904522613067,0.7113568077331589,0.3405811357709756
NGC1073-QSOs,exponential,0.36683417085427134,0.7095901709037671,0.3430676996839318
NGC1073-QSOs,exponential,0.37185929648241206,0.7078586898543231,0.34551079581051064
NGC1073-QSOs,exponential,0.3768844221105528,0.7061616649906359,0.34791108046361
NGC1073-QSOs,exponential,0.38190954773869346,0.7044984106403227,0.35026920365684444
NGC1073-QSOs,exponential,0.3869346733668342,0.7028682547757676,0.35258580903574777
NGC1073-QSOs,exponential,0.3919597989949749,0.7012705387425924,0.3548615338146483
NGC1073-QSOs,exponential,0.3969849246231156,0.6997046169935321,0.3570970087190676
NGC1073-QSOs,exponential,0.4020100502512563,0.6981698568276054,0.35929285793350774
NGC1073-QSOs,exponential,0.40703517587939697,0.6966656381344749,0.3614496990544776
NGC1073-QSOs,exponential,0.4120603015075377,0.6951913531438971,0.3635681430486157
NGC1073-QSOs,exponential,0.4170854271356784,0.6937464061801549,0.36564879421576824
NGC1073-QSOs,exponential,0.4221105527638191,0.6923302134213791,0.3676922501568749
NGC1073-QSOs,exponential,0.4271356783919598,0.6909422026636594,0.3696991017465188
NGC1073-QSOs,exponential,0.4321608040201005,0.6895818130898479,0.37166993311000174
NGC1073-QSOs,exponential,0.4371859296482412,0.6882484950429653,0.37360532160479654
NGC1073-QSOs,exponential,0.44221105527638194,0.6869417098041148,0.37550583780623925
NGC1073-QSOs,exponential,0.4472361809045226,0.6856609293748166,0.377372045497319
NGC1073-QSOs,exponential,0.45226130653266333,0.6844056362636729,0.379204501662426
NGC1073-QSOs,exponential,0.457286432160804,0.6831753232772788,0.3810037564849216
NGC1073-QSOs,exponential,0.4623115577889447,0.6819694933152942,0.3827703533483913
NGC1073-QSOs,exponential,0.46733668341708545,0.6807876591695934,0.38450482884144915
NGC1073-QSOs,exponential,0.4723618090452261,0.6796293433274114,0.38620771276595794
NGC1073-QSOs,exponential,0.47738693467336685,0.6784940777784083,0.38787952814853616
NGC1073-QSOs,exponential,0.4824120603015075,0.677381403825572,0.3895207912552215
NGC1073-QSOs,exponential,0.48743718592964824,0.6762908718998853,0.39113201160916344
NGC1073-QSOs,exponential,0.49246231155778897,0.6752220413786796,0.39271369201122264
NGC1073-QSOs,exponential,0.49748743718592964,0.6741744804076044,0.39426632856335037
NGC1073-QSOs,exponential,0.5025125628140703,0.6731477657261392,0.3957904106946318
NGC1073-QSOs,exponential,0.507537688442211,0.6721414824965777,0.39728642118987173
NGC1073-QSOs,exponential,0.5125628140703518,0.6711552241364149,0.39875483622060987
NGC1073-QSOs,exponential,0.5175879396984925,0.6701885921540708,0.4001961253784495
NGC1073-QSOs,exponential,0.5226130653266332,0.669241195987881,0.40161075171059274
NGC1073-QSOs,exponential,0.5276381909547738,0.6683126528482943,0.40299917175746874
NGC1073-QSOs,exponential,0.5326633165829145,0.6674025875632073,0.40436183559235644
NGC1073-QSOs,exponential,0.5376884422110553,0.6665106324263796,0.4056991868628891
NGC1073-QSOs,exponential,0.542713567839196,0.6656364270488642,0.4070116628343506
NGC1073-QSOs,exponential,0.5477386934673367,0.6647796182133939,0.4082996944346564
NGC1073-QSOs,exponential,0.5527638190954774,0.6639398597316671,0.40956370630092964
NGC1073-QSOs,exponential,0.5577889447236181,0.6631168123044717,0.41080411682757617
NGC1073-QSOs,exponential,0.5628140703517588,0.6623101433845936,0.4120213382157701
NGC1073-QSOs,exponential,0.5678391959798995,0.6615195270424532,0.41321577652426017
NGC1073-QSOs,exponential,0.5728643216080402,0.6607446438344153,0.41438783172141436
NGC1073-QSOs,exponential,0.577889447236181,0.6599851806737206,0.41553789773841576
NGC1073-QSOs,exponential,0.5829145728643216,0.6592408307039839,0.4166663625235352
NGC1073-QSOs,exponential,0.5879396984924623,0.6585112931752111,0.41777360809739805
NGC1073-QSOs,exponential,0.592964824120603,0.6577962733222835,0.41886001060917044
NGC1073-QSOs,exponential,0.5979899497487438,0.6570954822458595,0.4199259403935957
NGC1073-QSOs,exponential,0.6030150753768845,0.6564086367956457,0.4209717620288072
NGC1073-QSOs,exponential,0.6080402010050251,0.6557354594559932,0.42199783439484834
NGC1073-QSOs,exponential,0.6130653266331658,0.6550756782337687,0.4230045107328382
NGC1073-QSOs,exponential,0.6180904522613065,0.6544290265484565,0.42399213870471664
NGC1073-QSOs,exponential,0.6231155778894473,0.6537952431244494,0.4249610604535068
NGC1073-QSOs,exponential,0.628140703517588,0.6531740718854813,0.42591161266403815
NGC1073-QSOs,exponential,0.6331658291457286,0.6525652618511615,0.42684412662407195
NGC1073-QSOs,exponential,0.6381909547738693,0.651968567035567,0.4277589282857755
NGC1073-QSOs,exponential,0.6432160804020101,0.6513837463478547,0.4286563383274897
NGC1073-QSOs,exponential,0.6482412060301508,0.6508105634948484,0.42953667221574476
NGC1073-QSOs,exponential,0.6532663316582915,0.6502487868855675,0.43040024026746926
NGC1073-QSOs,exponential,0.6582914572864321,0.6496981895376532,0.4312473477123507
NGC1073-QSOs,exponential,0.6633165829145728,0.6491585489856584,0.43207829475530013
NGC1073-QSOs,exponential,0.6683417085427136,0.6486296471911609,0.43289337663898086
NGC1073-QSOs,exponential,0.6733668341708543,0.6481112704546674,0.43369288370635595
NGC1073-QSOs,exponential,0.678391959798995,0.6476032093292692,0.4344771014632201
NGC1073-QSOs,exponential,0.6834170854271356,0.6471052585360157,0.43524631064067587
NGC1073-QSOs,exponential,0.6884422110552764,0.6466172168809743,0.43600078725751756
NGC1073-QSOs,exponential,0.6934673366834171,0.6461388871739373,0.43674080268249266
NGC1073-QSOs,exponential,0.6984924623115578,0.6456700761487502,0.4374666236964028
NGC1073-QSOs,exponential,0.7035175879396985,0.6452105943852225,0.43817851255401885
NGC1073-QSOs,exponential,0.7085427135678392,0.6447602562325944,0.43887672704577674
NGC1073-QSOs,exponential,0.7135678391959799,0.644318879734525,0.4395615205592279
NGC1073-QSOs,exponential,0.7185929648241206,0.643886286555575,0.44023314214021686
NGC1073-QSOs,exponential,0.7236180904522613,0.6434623019091502,0.4408918365537638
NGC1073-QSOs,exponential,0.7286432160804021,0.6430467544868809,0.44153784434462223
NGC1073-QSOs,exponential,0.7336683417085427,0.6426394763894057,0.44217140189749565
NGC1073-QSOs,exponential,0.7386934673366834,0.6422403030585322,0.44279274149688935
NGC1073-QSOs,exponential,0.7437185929648241,0.6418490732107491,0.44340209138657577
NGC1073-QSOs,exponential,0.7487437185929648,0.6414656287720605,0.44399967582865707
NGC1073-QSOs,exponential,0.7537688442211056,0.641089814814116,0.4445857151622075
NGC1073-QSOs,exponential,0.7587939698492463,0.6407214794916144,0.4451604258614751
NGC1073-QSOs,exponential,0.7638190954773869,0.6403604739809503,0.44572402059363303
NGC1073-QSOs,exponential,0.7688442211055276,0.640006652420084,0.4462767082760597
NGC1073-QSOs,exponential,0.7738693467336684,0.6396598718496054,0.44681869413314135
NGC1073-QSOs,exponential,0.7788944723618091,0.6393199921549737,0.44735017975257585
NGC1073-QSOs,exponential,0.7839195979899498,0.6389868760099038,0.4478713631411757
NGC1073-QSOs,exponential,0.7889447236180904,0.6386603888208808,0.4483824387801514
NGC1073-QSOs,exponential,0.7939698492462312,0.6383403986727789,0.4488835976798688
NGC1073-QSOs,exponential,0.7989949748743719,0.6380267762755611,0.44937502743407287
NGC1073-QSOs,exponential,0.8040201005025126,0.6377193949120408,0.44985691227356633
NGC1073-QSOs,exponential,0.8090452261306533,0.6374181303866822,0.450329433119337
NGC1073-QSOs,exponential,0.8140703517587939,0.6371228609754203,0.45079276763512793
NGC1073-QSOs,exponential,0.8190954773869347,0.6368334673764786,0.4512470902794431
NGC1073-QSOs,exponential,0.8241206030150754,0.6365498326621666,0.45169257235698274
NGC1073-QSOs,exponential,0.8291457286432161,0.6362718422316349,0.45212938206950587
NGC1073-QSOs,exponential,0.8341708542713568,0.6359993837645723,0.45255768456611273
NGC1073-QSOs,exponential,0.8391959798994975,0.6357323471758233,0.45297764199294555
NGC1073-QSOs,exponential,0.8442211055276382,0.6354706245709083,0.45338941354230466
NGC1073-QSOs,exponential,0.8492462311557789,0.6352141102024302,0.4537931555011758
NGC1073-QSOs,exponential,0.8542713567839196,0.6349627004273478,0.4541890212991681
NGC1073-QSOs,exponential,0.8592964824120604,0.634716293665099,0.4545771615558611
NGC1073-QSOs,exponential,0.864321608040201,0.6344747903565577,0.45495772412755936
NGC1073-QSOs,exponential,0.8693467336683417,0.6342380929238086,0.45533085415345353
NGC1073-QSOs,exponential,0.8743718592964824,0.6340061057307202,0.45569669410118896
NGC1073-QSOs,exponential,0.8793969849246231,0.6337787350443045,0.45605538381184135
NGC1073-QSOs,exponential,0.8844221105527639,0.6335558889968441,0.45640706054429975
NGC1073-QSOs,exponential,0.8894472361809045,0.6333374775487742,0.45675185901905896
NGC1073-QSOs,exponential,0.8944723618090452,0.6331234124523023,0.45708991146142114
NGC1073-QSOs,exponential,0.8994974874371859,0.6329136072157523,0.4574213476441097
NGC1073-QSOs,exponential,0.9045226130653267,0.6327079770686181,0.4577462949292965
NGC1073-QSOs,exponential,0.9095477386934674,0.6325064389273127,0.4580648783100453
NGC1073-QSOs,exponential,0.914572864321608,0.632308911361599,0.4583772204511721
NGC1073-QSOs,exponential,0.9195979899497487,0.6321153145616872,0.4586834417295301
NGC1073-QSOs,exponential,0.9246231155778895,0.6319255703059901,0.4589836602737146
NGC1073-QSOs,exponential,0.9296482412060302,0.6317396019295165,0.45927799200319813
NGC1073-QSOs,exponential,0.9346733668341709,0.6315573342928962,0.45956655066689617
NGC1073-QSOs,exponential,0.9396984924623115,0.6313786937520194,0.45984944788116716
NGC1073-QSOs,exponential,0.9447236180904522,0.6312036081282827,0.46012679316724986
NGC1073-QSOs,exponential,0.949748743718593,0.6310320066794244,0.46039869398814637
NGC1073-QSOs,exponential,0.9547738693467337,0.630863820070942,0.4606652557849492
NGC1073-QSOs,exponential,0.9597989949748744,0.6306989803480786,0.46092658201261977
NGC1073-QSOs,exponential,0.964824120603015,0.6305374209083652,0.46118277417522485
NGC1073-QSOs,exponential,0.9698492462311558,0.6303790764747109,0.46143393186063103
NGC1073-QSOs,exponential,0.9748743718592965,0.6302238830690287,0.4616801527746649
NGC1073-QSOs,exponential,0.9798994974874372,0.6300717779863841,0.4619215327747446
NGC1073-QSOs,exponential,0.9849246231155779,0.629922699769661,0.4621581659029855
NGC1073-QSOs,exponential,0.9899497487437187,0.6297765881847295,0.46239014441878507
NGC1073-QSOs,exponential,0.9949748743718593,0.6296333841961087,0.4626175588308962
NGC1073-QSOs,exponential,1.0,0.6294930299431143,0.4628404979289878
NGC1073-QSOs,tanh,0.0,1.0,-0.0
NGC1073-QSOs,tanh,0.005025125628140704,0.9999673277975882,3.2672736159796447e-05
NGC1073-QSOs,tanh,0.010050251256281407,0.9999323978670784,6.760441804873725e-05
NGC1073-QSOs,tanh,0.01507537688442211,0.999895054664927,0.00010495084221997206
NGC1073-QSOs,tanh,0.020100502512562814,0.9998551319990028,0.0001448784953796247
NGC1073-QSOs,tanh,0.02512562814070352,0.999812452309231,0.00018756528003641612
NGC1073-QSOs,tanh,0.03015075376884422,0.9997668259010276,0.00023320128827924785
NGC1073-QSOs,tanh,0.035175879396984924,0.9997180501286251,0.0002819896267126994
NGC1073-QSOs,tanh,0.04020100502512563,0.999665908525244,0.0003341472957460251
NGC1073-QSOs,tanh,0.04522613065326633,0.999610169876911,0.000389906126604401
NGC1073-QSOs,tanh,0.05025125628140704,0.9995505872365746,0.0004495137796077672
NGC1073-QSOs,tanh,0.05527638190954774,0.9994868968750101,0.0005132348074446831
NGC1073-QSOs,tanh,0.06030150753768844,0.9994188171648527,0.0005813517873558201
NGC1073-QSOs,tanh,0.06532663316582915,0.9993460473939455,0.0006541665263275446
NGC1073-QSOs,tanh,0.07035175879396985,0.9992682665040359,0.0007320013435886963
NGC1073-QSOs,tanh,0.07537688442211056,0.9991851317507101,0.000815200434892334
NGC1073-QSOs,tanh,0.08040201005025126,0.9990962772803177,0.0009041313232541138
NGC1073-QSOs,tanh,0.08542713567839195,0.999001312619509,0.0009991864010043265
NGC1073-QSOs,tanh,0.09045226130653267,0.9988998210728965,0.0011007845681890677
NGC1073-QSOs,tanh,0.09547738693467336,0.9987913580242542,0.001209372972526832
NGC1073-QSOs,tanh,0.10050251256281408,0.9986754491365926,0.0013254288562854336
NGC1073-QSOs,tanh,0.10552763819095477,0.998551588446403,0.0014494615155851314
NGC1073-QSOs,tanh,0.11055276381909548,0.9984192363473496,0.0015820143777540985
NGC1073-QSOs,tanh,0.11557788944723618,0.9982778174587107,0.0017236672024586225
NGC1073-QSOs,tanh,0.12060301507537688,0.9981267183739506,0.001875038412387846
NGC1073-QSOs,tanh,0.12562814070351758,0.9979652852849286,0.0020367875592990177
NGC1073-QSOs,tanh,0.1306532663316583,0.9977928214774495,0.0022096179312002654
NGC1073-QSOs,tanh,0.135678391959799,0.9976085846941419,0.0023942793063614727
NGC1073-QSOs,tanh,0.1407035175879397,0.9974117843610069,0.0025915708596969725
NGC1073-QSOs,tanh,0.1457286432160804,0.9972015786744653,0.0028023442268219345
NGC1073-QSOs,tanh,0.15075376884422112,0.9969770715463164,0.003027506730765674
NGC1073-QSOs,tanh,0.15577889447236182,0.9967373094047643,0.003268024775876565
NGC1073-QSOs,tanh,0.16080402010050251,0.9964812778505605,0.003524927412896971
NGC1073-QSOs,tanh,0.1658291457286432,0.9962078981683951,0.0037993100784632617
NGC1073-QSOs,tanh,0.1708542713567839,0.9959160236949544,0.0040923385114095346
NGC1073-QSOs,tanh,0.17587939698492464,0.9956044360465875,0.004405252847172553
NGC1073-QSOs,tanh,0.18090452261306533,0.9952718412113158,0.004739371890294524
NGC1073-QSOs,tanh,0.18592964824120603,0.9949168655119986,0.005096097563475486
NGC1073-QSOs,tanh,0.19095477386934673,0.9945380514498955,0.005476919529785521
NGC1073-QSOs,tanh,0.19597989949748745,0.9941338534406425,0.005883419982499562
NGC1073-QSOs,tanh,0.20100502512562815,0.993702633457861,0.006317278594500868
NGC1073-QSOs,tanh,0.20603015075376885,0.993242656603256,0.006780277616288693
NGC1073-QSOs,tanh,0.21105527638190955,0.9927520866261977,0.007274307108268185
NGC1073-QSOs,tanh,0.21608040201005024,0.9922289814204471,0.007801370289152899
NGC1073-QSOs,tanh,0.22110552763819097,0.9916712885309263,0.008363588977922519
NGC1073-QSOs,tanh,0.22613065326633167,0.9910768407093042,0.008963209101796495
NGC1073-QSOs,tanh,0.23115577889447236,0.9904433515636769,0.009602606237066704
NGC1073-QSOs,tanh,0.23618090452261306,0.9897684113548364,0.010284291143313801
NGC1073-QSOs,tanh,0.24120603015075376,0.9890494829995429,0.011010915244476874
NGC1073-QSOs,tanh,0.24623115577889448,0.988283898349875,0.011785276002399616
NGC1073-QSOs,tanh,0.25125628140703515,0.9874688548271283,0.012610322119804205
NGC1073-QSOs,tanh,0.2562814070351759,0.9866014124988581,0.01348915850010813
NGC1073-QSOs,tanh,0.2613065326633166,0.9856784916984729,0.014425050881089382
NGC1073-QSOs,tanh,0.2663316582914573,0.984696871298238,0.01542143004810487
NGC1073-QSOs,tanh,0.271356783919598,0.9836531877585339,0.016481895520403654
NGC1073-QSOs,tanh,0.2763819095477387,0.9825439350886155,0.017610218591079158
NGC1073-QSOs,tanh,0.2814070351758794,0.9813654658667507,0.018810344587459175
NGC1073-QSOs,tanh,0.2864321608040201,0.9801139934802628,0.020086394204332638
NGC1073-QSOs,tanh,0.2914572864321608,0.9787855957583549,0.0214426637475336
NGC1073-QSOs,tanh,0.2964824120603015,0.9773762201823211,0.02288362411023358
NGC1073-QSOs,tanh,0.30150753768844224,0.9758816908683994,0.024413918289126885
NGC1073-QSOs,tanh,0.3065326633165829,0.9742977175275868,0.026038357232856066
NGC1073-QSOs,tanh,0.31155778894472363,0.9726199066136243,0.027761913800947873
NGC1073-QSOs,tanh,0.3165829145728643,0.9708437748743706,0.02958971459872471
NGC1073-QSOs,tanh,0.32160804020100503,0.968964765522144,0.031527029442727034
NGC1073-QSOs,tanh,0.32663316582914576,0.9669782672344711,0.033579258202832606
NGC1073-QSOs,tanh,0.3316582914572864,0.9648796361870839,0.035751914762311494
NGC1073-QSOs,tanh,0.33668341708542715,0.9626642213049926,0.038050607836400976
NGC1073-QSOs,tanh,0.3417085427135678,0.9603273928939854,0.04048101839465394
NGC1073-QSOs,tanh,0.34673366834170855,0.9578645747829705,0.04304887344337589
NGC1073-QSOs,tanh,0.35175879396984927,0.9552712800662008,0.04575991594308721
NGC1073-QSOs,tanh,0.35678391959798994,0.9525431504827575,0.048619870663298856
NGC1073-QSOs,tanh,0.36180904522613067,0.9496759994080118,0.051634405814163044
NGC1073-QSOs,tanh,0.36683417085427134,0.9466658583577026,0.054809090342856845
NGC1073-QSOs,tanh,0.37185929648241206,0.9435090268196512,0.058149346842880326
NGC1073-QSOs,tanh,0.3768844221105528,0.940202125131303,0.061660400097593764
NGC1073-QSOs,tanh,0.38190954773869346,0.9367421500140876,0.06534722136577735
NGC1073-QSOs,tanh,0.3869346733668342,0.9331265322594853,0.06921446861690488
NGC1073-QSOs,tanh,0.3919597989949749,0.9293531959388209,0.07326642303680218
NGC1073-QSOs,tanh,0.3969849246231156,0.9254206183821017,0.07750692224944633
NGC1073-QSOs,tanh,0.4020100502512563,0.9213278900443441,0.0819392908362053
NGC1073-QSOs,tanh,0.40703517587939697,0.917074773255282,0.08656626887736443
NGC1073-QSOs,tanh,0.4120603015075377,0.9126617587352739,0.09138993938905766
NGC1073-QSOs,tanh,0.4170854271356784,0.908090118662421,0.09641165567754534
NGC1073-QSOs,tanh,0.4221105527638191,0.9033619549995215,0.101631969777128
NGC1073-QSOs,tanh,0.4271356783919598,0.8984802417408746,0.10705056327201617
NGC1073-QSOs,tanh,0.4321608040201005,0.8934488597242294,0.11266618191970669
NGC1073-QSOs,tanh,0.4371859296482412,0.8882726226779841,0.11847657558688003
NGC1073-QSOs,tanh,0.44221105527638194,0.882957293242693,0.12447844507139066
NGC1073-QSOs,tanh,0.4472361809045226,0.8775095878222828,0.13066739740860786
NGC1073-QSOs,tanh,0.45226130653266333,0.8719371692855551,0.13703791124075185
NGC1073-QSOs,tanh,0.457286432160804,0.8662486267517987,0.1435833137585895
NGC1073-QSOs,tanh,0.4623115577889447,0.8604534419524863,0.15029577060200083
NGC1073-QSOs,tanh,0.46733668341708545,0.8545619419583323,0.15716628992750772
NGC1073-QSOs,tanh,0.4723618090452261,0.8485852383890983,0.16418474161727598
NGC1073-QSOs,tanh,0.47738693467336685,0.8425351535718187,0.1713398923183
NGC1073-QSOs,tanh,0.4824120603015075,0.8364241344689209,0.1786194566683024
NGC1073-QSOs,tanh,0.48743718592964824,0.8302651555470313,0.1860101646949206
NGC1073-QSOs,tanh,0.49246231155778897,0.8240716120854397,0.19349784497825634
NGC1073-QSOs,tanh,0.49748743718592964,0.8178572057157121,0.2010675227573737
NGC1073-QSOs,tanh,0.5025125628140703,0.8116358242274022,0.20870353175401077
NGC1073-QSOs,tanh,0.507537688442211,0.8054214178576746,0.2163896380978115
NGC1073-QSOs,tanh,0.5125628140703518,0.799227874396083,0.22410917438303543
NGC1073-QSOs,tanh,0.5175879396984925,0.7930688954741935,0.23184518158239212
NGC1073-QSOs,tanh,0.5226130653266332,0.7869578763712954,0.23958055630306138
NGC1073-QSOs,tanh,0.5276381909547738,0.7809077915540161,0.24729820070415223
NGC1073-QSOs,tanh,0.5326633165829145,0.7749310879847819,0.2549811723116083
NGC1073-QSOs,tanh,0.5376884422110553,0.769039587990628,0.26261283096976823
NGC1073-QSOs,tanh,0.542713567839196,0.7632444031913156,0.27017698025834513
NGC1073-QSOs,tanh,0.5477386934673367,0.7575558606575591,0.2776580008752046
NGC1073-QSOs,tanh,0.5527638190954774,0.7519834421208315,0.28504097373104814
NGC1073-QSOs,tanh,0.5577889447236181,0.7465357367004213,0.2923117908105961
NGC1073-QSOs,tanh,0.5628140703517588,0.7412204072651302,0.29945725221232283
NGC1073-QSOs,tanh,0.5678391959798995,0.7360441702188849,0.3064651481696674
NGC1073-QSOs,tanh,0.5728643216080402,0.7310127882022397,0.31332432526466797
NGC1073-QSOs,tanh,0.577889447236181,0.7261310749435927,0.32002473645400836
NGC1073-QSOs,tanh,0.5829145728643216,0.7214029112806934,0.32655747492243076
NGC1073-QSOs,tanh,0.5879396984924623,0.7168312712078404,0.3329147921459987
NGC1073-QSOs,tanh,0.592964824120603,0.7124182566878323,0.3390901008767033
NGC1073-QSOs,tanh,0.5979899497487438,0.7081651398987701,0.34507796404201607
NGC1073-QSOs,tanh,0.6030150753768845,0.7040724115610125,0.3508740707825635
NGC1073-QSOs,tanh,0.6080402010050251,0.7001398340042935,0.3564752010254
NGC1073-QSOs,tanh,0.6130653266331658,0.696366497683629,0.36187918010915315
NGC1073-QSOs,tanh,0.6180904522613065,0.6927508799290267,0.36708482504277656
NGC1073-QSOs,tanh,0.6231155778894473,0.6892909048118113,0.37209188399578824
NGC1073-QSOs,tanh,0.628140703517588,0.685984003123463,0.3769009705901527
NGC1073-QSOs,tanh,0.6331658291457286,0.6828271715854117,0.38151349449889277
NGC1073-QSOs,tanh,0.6381909547738693,0.6798170305351025,0.3859315897610464
NGC1073-QSOs,tanh,0.6432160804020101,0.6769498794603568,0.39015804210387844
NGC1073-QSOs,tanh,0.6482412060301508,0.6742217498769134,0.3941962164282573
NGC1073-QSOs,tanh,0.6532663316582915,0.6716284551601438,0.3980499854682249
NGC1073-QSOs,tanh,0.6582914572864321,0.6691656370491288,0.40172366048685926
NGC1073-QSOs,tanh,0.6633165829145728,0.6668288086381218,0.4052219247224583
NGC1073-QSOs,tanh,0.6683417085427136,0.6646133937560303,0.4085497701560319
NGC1073-QSOs,tanh,0.6733668341708543,0.6625147627086432,0.41171243803622853
NGC1073-QSOs,tanh,0.678391959798995,0.6605282644209702,0.414715363473602
NGC1073-QSOs,tanh,0.6834170854271356,0.6586492550687438,0.41756412430406514
NGC1073-QSOs,tanh,0.6884422110552764,0.65687312332949,0.4202643943224774
NGC1073-QSOs,tanh,0.6934673366834171,0.6551953124155275,0.422821900901826
NGC1073-QSOs,tanh,0.6984924623115578,0.6536113390747149,0.4252423869413053
NGC1073-QSOs,tanh,0.7035175879396985,0.6521168097607932,0.4275315770271809
NGC1073-QSOs,tanh,0.7085427135678392,0.6507074341847594,0.4296951476428825
NGC1073-QSOs,tanh,0.7135678391959799,0.6493790364628514,0.43173870122826974
NGC1073-QSOs,tanh,0.7185929648241206,0.6481275640763635,0.43366774386134765
NGC1073-QSOs,tanh,0.7236180904522613,0.6469490948544987,0.4354876663176858
NGC1073-QSOs,tanh,0.7286432160804021,0.6458398421845802,0.4372037282522441
NGC1073-QSOs,tanh,0.7336683417085427,0.6447961586448763,0.4388210452440704
NGC1073-QSOs,tanh,0.7386934673366834,0.6438145382446414,0.44034457844533686
NGC1073-QSOs,tanh,0.7437185929648241,0.6428916174442562,0.44177912658141305
NGC1073-QSOs,tanh,0.7487437185929648,0.6420241751159861,0.4431293200572396
NGC1073-QSOs,tanh,0.7537688442211056,0.6412091315932393,0.44439961693635777
NGC1073-QSOs,tanh,0.7587939698492463,0.6404435469435714,0.4455943005718648
NGC1073-QSOs,tanh,0.7638190954773869,0.6397246185882779,0.4467174786827248
NGC1073-QSOs,tanh,0.7688442211055276,0.6390496783794373,0.4477730836837246
NGC1073-QSOs,tanh,0.7738693467336684,0.63841618923381,0.44876487409255694
NGC1073-QSOs,tanh,0.7788944723618091,0.637821741412188,0.44969643685266103
NGC1073-QSOs,tanh,0.7839195979899498,0.6372640485226672,0.45057119042529903
NGC1073-QSOs,tanh,0.7889447236180904,0.6367409433169164,0.4513923885187106
NGC1073-QSOs,tanh,0.7939698492462312,0.6362503733398583,0.452163124335874
NGC1073-QSOs,tanh,0.7989949748743719,0.6357903964852533,0.4528863352353438
NGC1073-QSOs,tanh,0.8040201005025126,0.6353591765024718,0.45356480771173335
NGC1073-QSOs,tanh,0.8090452261306533,0.6349549784932188,0.454201182613649
NGC1073-QSOs,tanh,0.8140703517587939,0.6345761644311156,0.4547979605272231
NGC1073-QSOs,tanh,0.8190954773869347,0.6342211887317984,0.45535750726286844
NGC1073-QSOs,tanh,0.8241206030150754,0.6338885938965266,0.4558820593914842
NGC1073-QSOs,tanh,0.8291457286432161,0.6335770062481599,0.45637372978412927
NGC1073-QSOs,tanh,0.8341708542713568,0.6332851317747192,0.45683451311618223
NGC1073-QSOs,tanh,0.8391959798994975,0.6330117520925538,0.45726629130326546
NGC1073-QSOs,tanh,0.8442211055276382,0.63275572053835,0.45767083884178517
NGC1073-QSOs,tanh,0.8492462311557789,0.6325159583967979,0.4580498280318756
NGC1073-QSOs,tanh,0.8542713567839196,0.6322914512686489,0.458404834064875
NGC1073-QSOs,tanh,0.8592964824120604,0.6320812455821074,0.45873733996128
NGC1073-QSOs,tanh,0.864321608040201,0.6318844452489725,0.4590487413484425
NGC1073-QSOs,tanh,0.8693467336683417,0.6317002084656647,0.45934035107015253
NGC1073-QSOs,tanh,0.8743718592964824,0.6315277446581857,0.45961340362274045
NGC1073-QSOs,tanh,0.8793969849246231,0.6313663115691637,0.45986905941446
NGC1073-QSOs,tanh,0.8844221105527639,0.6312152124844037,0.4601084088467187
NGC1073-QSOs,tanh,0.8894472361809045,0.6310737935957647,0.4603324762172647
NGC1073-QSOs,tanh,0.8944723618090452,0.6309414414967112,0.46054222344670925
NGC1073-QSOs,tanh,0.8994974874371859,0.6308175808065217,0.4607385536308377
NGC1073-QSOs,tanh,0.9045226130653267,0.6307016719188601,0.4609223144220225
NGC1073-QSOs,tanh,0.9095477386934674,0.6305932088702177,0.46109430124375894
NGC1073-QSOs,tanh,0.914572864321608,0.6304917173236053,0.46125526034290204
NGC1073-QSOs,tanh,0.9195979899497487,0.6303967526627965,0.46140589168460894
NGC1073-QSOs,tanh,0.9246231155778895,0.6303078981924042,0.46154685169531273
NGC1073-QSOs,tanh,0.9296482412060302,0.6302247634390785,0.4616787558592851
NGC1073-QSOs,tanh,0.9346733668341709,0.6301469825491688,0.46180218117448446
NGC1073-QSOs,tanh,0.9396984924623115,0.6300742127782616,0.4619176684734727
NGC1073-QSOs,tanh,0.9447236180904522,0.6300061330681042,0.462025724615207
NGC1073-QSOs,tanh,0.949748743718593,0.6299424427065397,0.46212682455347964
NGC1073-QSOs,tanh,0.9547738693467337,0.6298828600662033,0.4622214132877266
NGC1073-QSOs,tanh,0.9597989949748744,0.6298271214178703,0.4623099077018197
NGC1073-QSOs,tanh,0.964824120603015,0.6297749798144892,0.4623926982963415
NGC1073-QSOs,tanh,0.9698492462311558,0.6297262040420867,0.46247015081969284
NGC1073-QSOs,tanh,0.9748743718592965,0.6296805776338834,0.46254260780323
NGC1073-QSOs,tanh,0.9798994974874372,0.6296378979441115,0.46261039000545434
NGC1073-QSOs,tanh,0.9849246231155779,0.6295979752781873,0.4626737977700941
NGC1073-QSOs,tanh,0.9899497487437187,0.6295606320760359,0.46273311230274194
NGC1073-QSOs,tanh,0.9949748743718593,0.6295257021455261,0.46278859687051044
NGC1073-QSOs,tanh,1.0,0.6294930299431143,0.4628404979289878
NGC1073-QSOs,yukawa,0.0,0.9999926064230595,7.393604273086765e-06
NGC1073-QSOs,yukawa,0.005025125628140704,0.9999922661267849,7.733903121617228e-06
NGC1073-QSOs,yukawa,0.010050251256281407,0.9999919099810392,8.09005168522893e-06
NGC1073-QSOs,yukawa,0.01507537688442211,0.9999915372372139,8.462798595477939e-06
NGC1073-QSOs,yukawa,0.020100502512562814,0.9999911471107501,8.852928436954891e-06
NGC1073-QSOs,yukawa,0.02512562814070352,0.999990738779377,9.26126350831548e-06
NGC1073-QSOs,yukawa,0.03015075376884422,0.9999903113812633,9.688665671705879e-06
NGC1073-QSOs,yukawa,0.035175879396984924,0.9999898640130743,1.0136038295137122e-05
NGC1073-QSOs,yukawa,0.04020100502512563,0.999989395727933,1.0604328292695729e-05
NGC1073-QSOs,yukawa,0.04522613065326633,0.9999889055332766,1.1094528267478092e-05
NGC1073-QSOs,yukawa,0.05025125628140704,0.9999883923886068,1.1607678762025348e-05
NGC1073-QSOs,yukawa,0.05527638190954774,0.9999878552031257,1.2144870622923162e-05
NGC1073-QSOs,yukawa,0.06030150753768844,0.999987292833251,1.2707247485676023e-05
NGC1073-QSOs,yukawa,0.06532663316582915,0.9999867040800079,1.3296008383634491e-05
NGC1073-QSOs,yukawa,0.07035175879396985,0.9999860876862858,1.3912410491304603e-05
NGC1073-QSOs,yukawa,0.07537688442211056,0.9999854423339583,1.455777200559659e-05
NGC1073-QSOs,yukawa,0.08040201005025126,0.9999847666408548,1.5233475174010716e-05
NGC1073-QSOs,yukawa,0.08542713567839195,0.9999840591575787,1.5940969477870267e-05
NGC1073-QSOs,yukawa,0.09045226130653267,0.9999833183641631,1.668177497693601e-05
NGC1073-QSOs,yukawa,0.09547738693467336,0.9999825426665552,1.7457485825844756e-05
NGC1073-QSOs,yukawa,0.10050251256281408,0.999981730392921,1.8269773970261965e-05
NGC1073-QSOs,yukawa,0.10552763819095477,0.9999808797897614,1.912039303219323e-05
NGC1073-QSOs,yukawa,0.11055276381909548,0.9999799890178265,2.0011182395898805e-05
NGC1073-QSOs,yukawa,0.11557788944723618,0.9999790561478223,2.0944071503191634e-05
NGC1073-QSOs,yukawa,0.12060301507537688,0.9999780791558951,2.1921084370120044e-05
NGC1073-QSOs,yukawa,0.12562814070351758,0.9999770559188818,2.294434433770338e-05
NGC1073-QSOs,yukawa,0.1306532663316583,0.9999759842093164,2.4016079067280784e-05
NGC1073-QSOs,yukawa,0.135678391959799,0.9999748616901771,2.513862579547542e-05
NGC1073-QSOs,yukawa,0.1407035175879397,0.9999736859093604,2.631443686133546e-05
NGC1073-QSOs,yukawa,0.1457286432160804,0.9999724542938683,2.754608552165656e-05
NGC1073-QSOs,yukawa,0.15075376884422112,0.9999711641436931,2.8836272068160633e-05
NGC1073-QSOs,yukawa,0.15577889447236182,0.9999698126253833,3.0187830264648883e-05
NGC1073-QSOs,yukawa,0.16080402010050251,0.9999683967652722,3.1603734120583715e-05
NGC1073-QSOs,yukawa,0.1658291457286432,0.9999669134423526,3.3087105019666015e-05
NGC1073-QSOs,yukawa,0.1708542713567839,0.9999653593807781,3.4641219221977e-05
NGC1073-QSOs,yukawa,0.17587939698492464,0.9999637311419699,3.6269515761032266e-05
NGC1073-QSOs,yukawa,0.18090452261306533,0.999962025116307,3.7975604757099014e-05
NGC1073-QSOs,yukawa,0.18592964824120603,0.999960237514379,3.9763276169574174e-05
NGC1073-QSOs,yukawa,0.19095477386934673,0.9999583643577763,4.163650901111425e-05
NGC1073-QSOs,yukawa,0.19597989949748745,0.9999564014693915,4.359948105209614e-05
NGC1073-QSOs,yukawa,0.20100502512562815,0.9999543444632061,4.565657903966338e-05
NGC1073-QSOs,yukawa,0.20603015075376885,0.9999521887335348,4.781240946028015e-05
NGC1073-QSOs,yukawa,0.21105527638190955,0.9999499294436944,5.007180987771959e-05
NGC1073-QSOs,yukawa,0.21608040201005024,0.999947561514069,5.243986087642041e-05
NGC1073-QSOs,yukawa,0.22110552763819097,0.9999450796095349,5.492189864492759e-05
NGC1073-QSOs,yukawa,0.22613065326633167,0.999942478126211,5.752352823547292e-05
NGC1073-QSOs,yukawa,0.23115577889447236,0.999939751177496,6.025063753720366e-05
NGC1073-QSOs,yukawa,0.23618090452261306,0.9999368925793539,6.310941200313055e-05
NGC1073-QSOs,yukawa,0.24120603015075376,0.9999338958348031,6.610635017354239e-05
NGC1073-QSOs,yukawa,0.24623115577889448,0.9999307541175656,6.924828004119951e-05
NGC1073-QSOs,yukawa,0.25125628140703515,0.999927460254829,7.254237630551978e-05
NGC1073-QSOs,yukawa,0.2562814070351759,0.9999240067090697,7.599617856675994e-05
NGC1073-QSOs,yukawa,0.2613065326633166,0.9999203855588841,7.96176105137653e-05
NGC1073-QSOs,yukawa,0.2663316582914573,0.9999165884787723,8.341500016209892e-05
NGC1073-QSOs,yukawa,0.271356783919598,0.9999126067178126,8.739710120282282e-05
NGC1073-QSOs,yukawa,0.2763819095477387,0.9999084310771631,9.157311552666775e-05
NGC1073-QSOs,yukawa,0.2814070351758794,0.9999040518863245,9.595271699024001e-05
NGC1073-QSOs,yukawa,0.2864321608040201,0.9998994589780901,0.00010054607649726963
NGC1073-QSOs,yukawa,0.2914572864321608,0.9998946416621083,0.00010536388847126608
NGC1073-QSOs,yukawa,0.2964824120603015,0.9998895886969758,0.00011041739880086627
NGC1073-QSOs,yukawa,0.30150753768844224,0.9998842882607761,0.00011571843434363852
NGC1073-QSOs,yukawa,0.3065326633165829,0.9998787279199729,0.00012127943408036561
NGC1073-QSOs,yukawa,0.31155778894472363,0.9998728945965588,0.0001271134820175386
NGC1073-QSOs,yukawa,0.3165829145728643,0.9998667745333598,0.00013323434194095242
NGC1073-QSOs,yukawa,0.32160804020100503,0.9998603532573839,0.00013965649413034555
NGC1073-QSOs,yukawa,0.32663316582914576,0.9998536155410978,0.0001463951741528632
NGC1073-QSOs,yukawa,0.3316582914572864,0.9998465453615091,0.00015346641385863323
NGC1073-QSOs,yukawa,0.33668341708542715,0.9998391258569215,0.0001608870847114835
NGC1073-QSOs,yukawa,0.3417085427135678,0.9998313392812221,0.00016867494359635492
NGC1073-QSOs,yukawa,0.34673366834170855,0.9998231669555553,0.0001768486812509467
NGC1073-QSOs,yukawa,0.35175879396984927,0.9998145892172198,0.00018542797348433952
NGC1073-QSOs,yukawa,0.35678391959798994,0.9998055853656248,0.00019443353535001517
NGC1073-QSOs,yukawa,0.36180904522613067,0.9997961336051223,0.00020388717845592675
NGC1073-QSOs,yukawa,0.36683417085427134,0.9997862109845252,0.00021381187160397216
NGC1073-QSOs,yukawa,0.37185929648241206,0.9997757933331071,0.00022423180496515977
NGC1073-QSOs,yukawa,0.3768844221105528,0.9997648551928657,0.0002351724580091546
NGC1073-QSOs,yukawa,0.38190954773869346,0.9997533697468193,0.0002466606714230914
NGC1073-QSOs,yukawa,0.3869346733668342,0.9997413087430861,0.00025872472326887404
NGC1073-QSOs,yukawa,0.3919597989949749,0.9997286424144857,0.00027139440964576165
NGC1073-QSOs,yukawa,0.3969849246231156,0.9997153393933776,0.0002847011301433194
NGC1073-QSOs,yukawa,0.4020100502512563,0.9997013666214394,0.0002986779783875675
NGC1073-QSOs,yukawa,0.40703517587939697,0.9996866892540592,0.0003133598380068413
NGC1073-QSOs,yukawa,0.4120603015075377,0.9996712705590034,0.0003287834843633775
NGC1073-QSOs,yukawa,0.4170854271356784,0.9996550718089882,0.00034498769242318644
NGC1073-QSOs,yukawa,0.4221105527638191,0.9996380521677671,0.0003620133511595956
NGC1073-QSOs,yukawa,0.4271356783919598,0.9996201685693115,0.00037990358491794824
NGC1073-QSOs,yukawa,0.4321608040201005,0.9996013755896364,0.0003987038821942244
NGC1073-QSOs,yukawa,0.4371859296482412,0.9995816253107918,0.0004184622323165955
NGC1073-QSOs,yukawa,0.44221105527638194,0.9995608671765036,0.0004392292705511387
NGC1073-QSOs,yukawa,0.4472361809045226,0.999539047838914,0.000461058432191916
NGC1073-QSOs,yukawa,0.45226130653266333,0.9995161109958307,0.00048400611623448665
NGC1073-QSOs,yukawa,0.457286432160804,0.9994919972178514,0.0005081318592781226
NGC1073-QSOs,yukawa,0.4623115577889447,0.9994666437646853,0.0005334985203462267
NGC1073-QSOs,yukawa,0.46733668341708545,0.9994399843899423,0.0005601724773676121
NGC1073-QSOs,yukawa,0.4723618090452261,0.9994119491336094,0.0005882238361146298
NGC1073-QSOs,yukawa,0.47738693467336685,0.9993824641013728,0.0006177266524558779
NGC1073-QSOs,yukawa,0.4824120603015075,0.9993514512298853,0.0006487591688424161
NGC1073-QSOs,yukawa,0.48743718592964824,0.9993188280370089,0.0006814040660200634
NGC1073-QSOs,yukawa,0.49246231155778897,0.9992845073559892,0.0007157487310321851
NGC1073-QSOs,yukawa,0.49748743718592964,0.9992483970524414,0.0007518855426624088
NGC1073-QSOs,yukawa,0.5025125628140703,0.9992103997229405,0.0007899121755525418
NGC1073-QSOs,yukawa,0.507537688442211,0.9991704123739132,0.0008299319243316489
NGC1073-QSOs,yukawa,0.5125628140703518,0.9991283260794344,0.0008720540491923985
NGC1073-QSOs,yukawa,0.5175879396984925,0.9990840256164149,0.0009163941444672272
NGC1073-QSOs,yukawa,0.5226130653266332,0.9990373890755538,0.0009630745318816923
NGC1073-QSOs,yukawa,0.5276381909547738,0.998988287446297,0.0010122246802944247
NGC1073-QSOs,yukawa,0.5326633165829145,0.998936584173902,0.0010639816538833495
NGC1073-QSOs,yukawa,0.5376884422110553,0.9988821346865633,0.0011184905908936309
NGC1073-QSOs,yukawa,0.542713567839196,0.9988247858903764,0.001175905215243131
NGC1073-QSOs,yukawa,0.5477386934673367,0.9987643756297457,0.0012363883834668552
NGC1073-QSOs,yukawa,0.5527638190954774,0.9987007321106423,0.0013001126696918271
NGC1073-QSOs,yukawa,0.5577889447236181,0.9986336732838976,0.001367260991563924
NGC1073-QSOs,yukawa,0.5628140703517588,0.9985630061854925,0.0014380272802935364
NGC1073-QSOs,yukawa,0.5678391959798995,0.9984885262305351,0.001512617198263143
NGC1073-QSOs,yukawa,0.5728643216080402,0.9984100164573476,0.001591248907936523
NGC1073-QSOs,yukawa,0.577889447236181,0.9983272467177694,0.0016741538961411364
NGC1073-QSOs,yukawa,0.5829145728643216,0.9982399728094504,0.0017615778581505162
NGC1073-QSOs,yukawa,0.5879396984924623,0.9981479355455367,0.0018537816463960145
NGC1073-QSOs,yukawa,0.592964824120603,0.9980508597567488,0.0019510422890663761
NGC1073-QSOs,yukawa,0.5979899497487438,0.9979484532204036,0.0020536540843402924
NGC1073-QSOs,yukawa,0.6030150753768845,0.997840405510448,0.002161929776519392
NGC1073-QSOs,yukawa,0.6080402010050251,0.9977263867620282,0.002276201820918363
NGC1073-QSOs,yukawa,0.6130653266331658,0.9976060463435316,0.002396823745010714
NGC1073-QSOs,yukawa,0.6180904522613065,0.9974790114283831,0.002524171614040399
NGC1073-QSOs,yukawa,0.6231155778894473,0.9973448854581595,0.002658645610101027
NGC1073-QSOs,yukawa,0.628140703517588,0.9972032464877866,0.00280067173455739
NGC1073-QSOs,yukawa,0.6331658291457286,0.997053645402714,0.00295070364465034
NGC1073-QSOs,yukawa,0.6381909547738693,0.9968956039969783,0.0031092246362094296
NGC1073-QSOs,yukawa,0.6432160804020101,0.9967286128999997,0.0032767497855869386
NGC1073-QSOs,yukawa,0.6482412060301508,0.9965521293387561,0.0034538282652661254
NGC1073-QSOs,yukawa,0.6532663316582915,0.9963655747206561,0.0036410458490779667
NGC1073-QSOs,yukawa,0.6582914572864321,0.9961683320209583,0.003839027624619854
NGC1073-QSOs,yukawa,0.6633165829145728,0.9959597429569467,0.004048440932322239
NGC1073-QSOs,yukawa,0.6683417085427136,0.9957391049292429,0.004269998552682864
NGC1073-QSOs,yukawa,0.6733668341708543,0.9955056677086056,0.004504462165508773
NGC1073-QSOs,yukawa,0.678391959798995,0.9952586298442858,0.004752646107617324
NGC1073-QSOs,yukawa,0.6834170854271356,0.9949971347674709,0.005015421458372969
NGC1073-QSOs,yukawa,0.6884422110552764,0.9947202665604981,0.005293720485737346
NGC1073-QSOs,yukawa,0.6934673366834171,0.9944270453593308,0.005588541489223651
NGC1073-QSOs,yukawa,0.6984924623115578,0.9941164223532041,0.0059009540803454125
NGC1073-QSOs,yukawa,0.7035175879396985,0.9937872743413166,0.006232104945895521
NGC1073-QSOs,yukawa,0.7085427135678392,0.9934383978019142,0.0065832241447637664
NGC1073-QSOs,yukawa,0.7135678391959799,0.9930685024239884,0.006955631995105282
NGC1073-QSOs,yukawa,0.7185929648241206,0.9926762040460403,0.007350746615603607
NGC1073-QSOs,yukawa,0.7236180904522613,0.9922600169398232,0.0077700921924697885
NGC1073-QSOs,yukawa,0.7286432160804021,0.9918183453695723,0.008215308052827717
NGC1073-QSOs,yukawa,0.7336683417085427,0.9913494743488237,0.008688158635438802
NGC1073-QSOs,yukawa,0.7386934673366834,0.990851559507376,0.009190544461513652
NGC1073-QSOs,yukawa,0.7437185929648241,0.9903226159700583,0.00972451422190394
NGC1073-QSOs,yukawa,0.7487437185929648,0.9897605061365571,0.010292278112546233
NGC1073-QSOs,yukawa,0.7537688442211056,0.9891629262373592,0.010896222567986703
NGC1073-QSOs,yukawa,0.7587939698492463,0.9885273915246104,0.011538926563569392
NGC1073-QSOs,yukawa,0.7638190954773869,0.9878512199380312,0.01222317968090198
NGC1073-QSOs,yukawa,0.7688442211055276,0.987131514064576,0.01295200215911623
NGC1073-QSOs,yukawa,0.7738693467336684,0.9863651411857935,0.013728667186915611
NGC1073-QSOs,yukawa,0.7788944723618091,0.9855487111782842,0.014556725728298019
NGC1073-QSOs,yukawa,0.7839195979899498,0.9846785519995912,0.01544003421918432
NGC1073-QSOs,yukawa,0.7889447236180904,0.9837506824535006,0.01638278552420753
NGC1073-QSOs,yukawa,0.7939698492462312,0.9827607818841095,0.01738954360414068
NGC1073-QSOs,yukawa,0.7989949748743719,0.9817041563959991,0.01846528241669561
NGC1073-QSOs,yukawa,0.8040201005025126,0.9805757011370383,0.01961542965897172
NGC1073-QSOs,yukawa,0.8090452261306533,0.9793698581090726,0.02084591606143732
NGC1073-QSOs,yukawa,0.8140703517587939,0.9780805688879786,0.022163231064418986
NGC1073-QSOs,yukawa,0.8190954773869347,0.9767012215358393,0.023574485852883652
NGC1073-QSOs,yukawa,0.8241206030150754,0.9752245908712898,0.025087484899108923
NGC1073-QSOs,yukawa,0.8291457286432161,0.9736427711257045,0.026710807372249196
NGC1073-QSOs,yukawa,0.8341708542713568,0.971947099848317,0.0284539000271042
NGC1073-QSOs,yukawa,0.8391959798994975,0.9701280717269718,0.030327183492041068
NGC1073-QSOs,yukawa,0.8442211055276382,0.9681752407560668,0.03234217425129609
NGC1073-QSOs,yukawa,0.8492462311557789,0.9660771089007245,0.0345116250766987
NGC1073-QSOs,yukawa,0.8542713567839196,0.9638209990655605,0.036849687229938415
NGC1073-QSOs,yukawa,0.8592964824120604,0.9613929097640668,0.03937209845682871
NGC1073-QSOs,yukawa,0.864321608040201,0.958777348383592,0.04209640166594621
NGC1073-QSOs,yukawa,0.8693467336683417,0.9559571393296228,0.04504220027299453
NGC1073-QSOs,yukawa,0.8743718592964824,0.9529132025841925,0.048231457561637686
NGC1073-QSOs,yukawa,0.8793969849246231,0.9496242972917738,0.051688849143994214
NGC1073-QSOs,yukawa,0.8844221105527639,0.946066723847119,0.05544217980961803
NGC1073-QSOs,yukawa,0.8894472361809045,0.942213976545282,0.059522878878773895
NGC1073-QSOs,yukawa,0.8944723618090452,0.9380363370895034,0.06396659182485469
NGC1073-QSOs,yukawa,0.8994974874371859,0.933500397040014,0.06881389067638595
NGC1073-QSOs,yukawa,0.9045226130653267,0.9285684944980839,0.07411113193000826
NGC1073-QSOs,yukawa,0.9095477386934674,0.9231980467863213,0.079911498929932
NGC1073-QSOs,yukawa,0.914572864321608,0.9173407563853001,0.08627627663996308
NGC1073-QSOs,yukawa,0.9195979899497487,0.9109416616216325,0.09327642150963882
NGC1073-QSOs,yukawa,0.9246231155778895,0.9039379961776515,0.10099450924130361
NGC1073-QSOs,yukawa,0.9296482412060302,0.8962578118770397,0.10952717092549522
NGC1073-QSOs,yukawa,0.9346733668341709,0.8878183066801042,0.11898816651984309
NGC1073-QSOs,yukawa,0.9396984924623115,0.8785237834353058,0.12951229894363653
NGC1073-QSOs,yukawa,0.9447236180904522,0.8682631433858711,0.14126044968287024
NGC1073-QSOs,yukawa,0.949748743718593,0.8569067899877426,0.1544261294409872
NGC1073-QSOs,yukawa,0.9547738693467337,0.8443027809590007,0.1692441035077716
NGC1073-QSOs,yukawa,0.9597989949748744,0.8302720166697692,0.1860019009561103
NGC1073-QSOs,yukawa,0.964824120603015,0.814602187293216,0.20505539865822575
NGC1073-QSOs,yukawa,0.9698492462311558,0.7970401153864276,0.2268502684768681
NGC1073-QSOs,yukawa,0.9748743718592965,0.7772820210863945,0.25195203296792934
NGC1073-QSOs,yukawa,0.9798994974874372,0.7549611037145484,0.2810890493190997
NGC1073-QSOs,yukawa,0.9849246231155779,0.7296316875190775,0.31521540980674484
NGC1073-QSOs,yukawa,0.9899497487437187,0.700749063472127,0.35560542540316714
NGC1073-QSOs,yukawa,0.9949748743718593,0.667644199559799,0.4039998827356326
NGC1073-QSOs,yukawa,1.0,0.6294930299431143,0.4628404979289878
NGC7319-QSO,exponential,0.0,1.0,-0.0
NGC7319-QSO,exponential,0.005025125628140704,0.9863850250809204,0.013708508633169131
NGC7319-QSO,exponential,0.010050251256281407,0.9730409859049934,0.027329074451025843
NGC7319-QSO,exponential,0.01507537688442211,0.959962490895859,0.04086106726706511
NGC7319-QSO,exponential,0.020100502512562814,0.9471442557686324,0.05430386817983508
NGC7319-QSO,exponential,0.02512562814070352,0.9345811013948219,0.06765686998293692
NGC7319-QSO,exponential,0.03015075376884422,0.922267951709734,0.08091947757174389
NGC7319-QSO,exponential,0.035175879396984924,0.9101998316615206,0.09409110834630494
NGC7319-QSO,exponential,0.04020100502512563,0.8983718652010406,0.10717119260989735
NGC7319-QSO,exponential,0.04522613065326633,0.8867792733117225,0.12015917396268933
NGC7319-QSO,exponential,0.05025125628140704,0.8754173720786312,0.13305450968997382
NGC7319-QSO,exponential,0.05527638190954774,0.864281570795963,0.1458566711444284
NGC7319-QSO,exponential,0.06030150753768844,0.8533673701121981,0.1585651441218657
NGC7319-QSO,exponential,0.06532663316582915,0.8426703602121656,0.17117942922993357
NGC7319-QSO,exponential,0.07035175879396985,0.8321862190352853,0.18369904224922995
NGC7319-QSO,exponential,0.07537688442211056,0.8219107105292665,0.1961235144863026
NGC7319-QSO,exponential,0.08040201005025126,0.8118396829385556,0.20845239311801042
NGC7319-QSO,exponential,0.08542713567839195,0.8019690671268467,0.22068524152672478
NGC7319-QSO,exponential,0.09045226130653267,0.7922948749329712,0.2328216396258655
NGC7319-QSO,exponential,0.09547738693467336,0.7828131975595072,0.24486118417526853
NGC7319-QSO,exponential,0.10050251256281408,0.7735202039934521,0.25680348908590017
NGC7319-QSO,exponential,0.10552763819095477,0.7644121394583279,0.2686481857134349
NGC7319-QSO,exponential,0.11055276381909548,0.7554853238970852,0.28039492314024056
NGC7319-QSO,exponential,0.11557788944723618,0.7467361504851999,0.2920433684453165
NGC7319-QSO,exponential,0.12060301507537688,0.7381610841733577,0.30359320696175335
NGC7319-QSO,exponential,0.12562814070351758,0.7297566602591394,0.3150441425212993
NGC7319-QSO,exponential,0.1306532663316583,0.7215194829871296,0.3263958976856329
NGC7319-QSO,exponential,0.135678391959799,0.7134462241768826,0.3376482139639646
NGC7319-QSO,exponential,0.1407035175879397,0.7055336218781911,0.34880085201660943
NGC7319-QSO,exponential,0.1457286432160804,0.6977784790531167,0.35985359184418864
NGC7319-QSO,exponential,0.15075376884422112,0.6901776622842455,0.37080623296215254
NGC7319-QSO,exponential,0.15577889447236182,0.6827281005086504,0.38165859456032525
NGC7319-QSO,exponential,0.16080402010050251,0.6754267837770476,0.3924105156472072
NGC7319-QSO,exponential,0.1658291457286432,0.6682707620376447,0.40306185517879034
NGC7319-QSO,exponential,0.1708542713567839,0.6612571439441909,0.4136124921716685
NGC7319-QSO,exponential,0.17587939698492464,0.6543830956877461,0.4240623258002499
NGC7319-QSO,exponential,0.18090452261306533,0.6476458398516984,0.43441127547790614
NGC7319-QSO,exponential,0.18592964824120603,0.641042654289566,0.4446592809219207
NGC7319-QSO,exponential,0.19095477386934673,0.6345708710251302,0.45480630220212376
NGC7319-QSO,exponential,0.19597989949748745,0.6282278751744572,0.46485231977313096
NGC7319-QSO,exponential,0.20100502512562815,0.6220111038893695,0.47479733449013145
NGC7319-QSO,exponential,0.20603015075376885,0.6159180453219437,0.4846413676081962
NGC7319-QSO,exponential,0.21105527638190955,0.6099462376096129,0.4943844607651117
NGC7319-QSO,exponential,0.21608040201005024,0.6040932678804677,0.5040266759477612
NGC7319-QSO,exponential,0.22110552763819097,0.5983567712783493,0.5135680954421209
NGC7319-QSO,exponential,0.22613065326633167,0.592734430007344,0.5230088217669487
NGC7319-QSO,exponential,0.23115577889447236,0.5872239723952932,0.5323489775912813
NGC7319-QSO,exponential,0.23618090452261306,0.581823171975937,0.5415887056358835
NGC7319-QSO,exponential,0.24120603015075376,0.5765298465893246,0.550728168558814
NGC7319-QSO,exponential,0.24623115577889448,0.571341857500127,0.5597675488253018
NGC7319-QSO,exponential,0.25125628140703515,0.5662571085334934,0.5687070485621567
NGC7319-QSO,exponential,0.2562814070351759,0.5612735452281046,0.5775468893969592
NGC7319-QSO,exponential,0.2613065326633166,0.5563891540060812,0.5862873122822947
NGC7319-QSO,exponential,0.2663316582914573,0.5516019613594099,0.5949285773053348
NGC7319-QSO,exponential,0.271356783919598,0.546910033052559,0.6034709634830754
NGC7319-QSO,exponential,0.2763819095477387,0.542311473340964,0.611914768543575
NGC7319-QSO,exponential,0.2814070351758794,0.537804424205062,0.620260308693553
NGC7319-QSO,exponential,0.2864321608040201,0.533387064599572,0.6285079183727267
NGC7319-QSO,exponential,0.2914572864321608,0.5290576097177113,0.6366579499952898
NGC7319-QSO,exponential,0.2964824120603015,0.5248143102700573,0.6447107736789455
NGC7319-QSO,exponential,0.30150753768844224,0.5206554517777559,0.6526667769619355
NGC7319-QSO,exponential,0.3065326633165829,0.5165793538797983,0.6605263645085074
NGC7319-QSO,exponential,0.31155778894472363,0.5125843696540807,0.6682899578032913
NGC7319-QSO,exponential,0.3165829145728643,0.508668884951977,0.6759579948350578
NGC7319-QSO,exponential,0.32160804020100503,0.5048313177461501,0.6835309297703571
NGC7319-QSO,exponential,0.32663316582914576,0.501070117491345,0.6910092326175248
NGC7319-QSO,exponential,0.3316582914572864,0.4973837644979002,0.6983933888815801
NGC7319-QSO,exponential,0.33668341708542715,0.49377076931772623,0.7056838992105247
NGC7319-QSO,exponential,0.3417085427135678,0.4902296721425039,0.7128812790335705
NGC7319-QSO,exponential,0.34673366834170855,0.48675904221385724,0.719986058191829
NGC7319-QSO,exponential,0.35175879396984927,0.4833574772452648,0.7269987805619947
NGC7319-QSO,exponential,0.35678391959798994,0.4800236028554744,0.7339200036735621
NGC7319-QSO,exponential,0.36180904522613067,0.4767560720131927,0.740750298320118
NGC7319-QSO,exponential,0.36683417085427134,0.47355356449282615,0.7474902481652459
NGC7319-QSO,exponential,0.37185929648241206,0.47041478634105105,0.7541404493435908
NGC7319-QSO,exponential,0.3768844221105528,0.4673384693540007,0.7607015100576122
NGC7319-QSO,exponential,0.38190954773869346,0.4643233705648546,0.7671740501705728
NGC7319-QSO,exponential,0.3869346733668342,0.4613682717416262,0.7735587007962845
NGC7319-QSO,exponential,0.3919597989949749,0.45847197889494373,0.779856103886146
NGC7319-QSO,exponential,0.3969849246231156,0.455633321795625,0.7860669118139932
NGC7319-QSO,exponential,0.4020100502512563,0.45285115350185556,0.7921917869592662
NGC7319-QSO,exponential,0.40703517587939697,0.450124349895772,0.7982314012890155
NGC7319-QSO,exponential,0.4120603015075377,0.4474518092292705,0.8041864359392285
NGC7319-QSO,exponential,0.4170854271356784,0.44483245167885177,0.8100575807959758
NGC7319-QSO,exponential,0.4221105527638191,0.4422652189093249,0.8158455340768476
NGC7319-QSO,exponential,0.4271356783919598,0.43974907364619387,0.8215510019131491
NGC7319-QSO,exponential,0.4321608040201005,0.4372829992565531,0.8271746979333081
NGC7319-QSO,exponential,0.4371859296482412,0.43486599933832326,0.8327173428479371
NGC7319-QSO,exponential,0.44221105527638194,0.43249709731766117,0.8381796640369762
NGC7319-QSO,exponential,0.4472361809045226,0.4301753360543812,0.843562395139336
NGC7319-QSO,exponential,0.45226130653266333,0.42789977745522856,0.8488662756454358
NGC7319-QSO,exponential,0.457286432160804,0.4256695020948491,0.8540920504930273
NGC7319-QSO,exponential,0.4623115577889447,0.42348360884430014,0.8592404696666748
NGC7319-QSO,exponential,0.46733668341708545,0.42134121450695583,0.8643122878012443
NGC7319-QSO,exponential,0.4723618090452261,0.4192414534616571,0.8693082637897455
NGC7319-QSO,exponential,0.47738693467336685,0.41718347731296135,0.8742291603958541
NGC7319-QSO,exponential,0.4824120603015075,0.4151664545483559,0.8790757438714119
NGC7319-QSO,exponential,0.48743718592964824,0.4131895702022881,0.8838487835792144
NGC7319-QSO,exponential,0.49246231155778897,0.41125202552688545,0.8885490516213461
NGC7319-QSO,exponential,0.49748743718592964,0.40935303766922504,0.8931773224733375
NGC7319-QSO,exponential,0.5025125628140703,0.40749183935502775,0.8977343726243764
NGC7319-QSO,exponential,0.507537688442211,0.40566767857864516,0.902220980223813
NGC7319-QSO,exponential,0.5125628140703518,0.4038798182992166,0.9066379247341624
NGC7319-QSO,exponential,0.5175879396984925,0.4021275361428722,0.9109859865908055
NGC7319-QSO,exponential,0.5226130653266332,0.40041012411086263,0.9152659468685671
NGC7319-QSO,exponential,0.5276381909547738,0.398726888293496,0.9194785869553377
NGC7319-QSO,exponential,0.5326633165829145,0.39707714858976795,0.9236246882328886
NGC7319-QSO,exponential,0.5376884422110553,0.39546023843257205,0.9277050317650106
NGC7319-QSO,exponential,0.542713567839196,0.39387550451937625,0.9317203979931068
NGC7319-QSO,exponential,0.5477386934673367,0.3923223065482605,0.9356715664393326
NGC7319-QSO,exponential,0.5527638190954774,0.3908000169592071,0.9395593154173817
NGC7319-QSO,exponential,0.5577889447236181,0.3893080206805385,0.9433844217509947
NGC7319-QSO,exponential,0.5628140703517588,0.3878457148804012,0.947147660500254
NGC7319-QSO,exponential,0.5678391959798995,0.3864125087231963,0.9508498046957111
NGC7319-QSO,exponential,0.5728643216080402,0.3850078231308546,0.9544916250803961
NGC7319-QSO,exponential,0.577889447236181,0.38363109054886524,0.95807388985972
NGC7319-QSO,exponential,0.5829145728643216,0.38228175471695736,0.9615973644593016
NGC7319-QSO,exponential,0.5879396984924623,0.3809592704443474,0.9650628112907053
NGC7319-QSO,exponential,0.592964824120603,0.3796631033894583,0.9684709895250918
NGC7319-QSO,exponential,0.5979899497487438,0.37839272984402106,0.9718226548747632
NGC7319-QSO,exponential,0.6030150753768845,0.3771476365214753,0.9751185593825642
NGC7319-QSO,exponential,0.6080402010050251,0.37592732034957765,0.9783594512191169
NGC7319-QSO,exponential,0.6130653266331658,0.37473128826713875,0.9815460744878272
NGC7319-QSO,exponential,0.6180904522613065,0.3735590570248053,0.9846791690376134
NGC7319-QSO,exponential,0.6231155778894473,0.3724101529898062,0.9877594702832937
NGC7319-QSO,exponential,0.628140703517588,0.37128411195458366,0.9907877090335581
NGC7319-QSO,exponential,0.6331658291457286,0.37018047894923356,0.9937646113264452
NGC7319-QSO,exponential,0.6381909547738693,0.36909880805767725,0.9966908982722403
NGC7319-QSO,exponential,0.6432160804020101,0.36803866223749204,0.9995672859036989
NGC7319-QSO,exponential,0.6482412060301508,0.3669996131433273,1.0023944850334976
NGC7319-QSO,exponential,0.6532663316582915,0.36598124095383344,1.0051732011188121
NGC7319-QSO,exponential,0.6582914572864321,0.36498313420203654,1.007904134132906
NGC7319-QSO,exponential,0.6633165829145728,0.36400488960908683,1.0105879784436214
NGC7319-QSO,exponential,0.6683417085427136,0.36304611192131697,1.013225422698652
NGC7319-QSO,exponential,0.6733668341708543,0.362106413750542,1.0158171497174722
NGC7319-QSO,exponential,0.678391959798995,0.3611854154175377,1.0183638363898033
NGC7319-QSO,exponential,0.6834170854271356,0.3602827447986333,1.0208661535804795
NGC7319-QSO,exponential,0.6884422110552764,0.35939803717535757,1.0233247660405869
NGC7319-QSO,exponential,0.6934673366834171,0.3585309350870761,1.02574033232474
NGC7319-QSO,exponential,0.6984924623115578,0.3576810881865621,1.0281135047143555
NGC7319-QSO,exponential,0.7035175879396985,0.3568481530984404,1.0304449291467868
NGC7319-QSO,exponential,0.7085427135678392,0.35603179328044876,1.0327352451501837
NGC7319-QSO,exponential,0.7135678391959799,0.3552316788874602,1.0349850857839231
NGC7319-QSO,exponential,0.7185929648241206,0.35444748663821124,1.0371950775844814
NGC7319-QSO,exponential,0.7236180904522613,0.3536788996846818,1.039365840516597
NGC7319-QSO,exponential,0.7286432160804021,0.35292560748407464,1.0414979879295847
NGC7319-QSO,exponential,0.7336683417085427,0.352187305673343,1.0435921265186485
NGC7319-QSO,exponential,0.7386934673366834,0.3514636959462143,1.045648856291061
NGC7319-QSO,exponential,0.7437185929648241,0.3507544859326609,1.0476687705370589
NGC7319-QSO,exponential,0.7487437185929648,0.3500593890807707,1.0496524558053082
NGC7319-QSO,exponential,0.7537688442211056,0.34937812454096706,1.0516004918828046
NGC7319-QSO,exponential,0.7587939698492463,0.34871041705253314,1.0535134517790608
NGC7319-QSO,exponential,0.7638190954773869,0.34805599683239474,1.0553919017144426
NGC7319-QSO,exponential,0.7688442211055276,0.3474145994661163,1.057236401112513
NGC7319-QSO,exponential,0.7738693467336684,0.34678596580106547,1.0590475025962465
NGC7319-QSO,exponential,0.7788944723618091,0.3461698418417044,1.0608257519879771
NGC7319-QSO,exponential,0.7839195979899498,0.34556597864696437,1.0625716883129444
NGC7319-QSO,exponential,0.7889447236180904,0.34497413222966244,1.064285843806303
NGC7319-QSO,exponential,0.7939698492462312,0.34439406345792034,1.0659687439234666
NGC7319-QSO,exponential,0.7989949748743719,0.34382553795854487,1.067620907353651
NGC7319-QSO,exponential,0.8040201005025126,0.3432683260223296,1.0692428460364998
NGC7319-QSO,exponential,0.8090452261306533,0.3427222025112441,1.07083506518165
NGC7319-QSO,exponential,0.8140703517587939,0.34218694676746675,1.0723980632911323
NGC7319-QSO,exponential,0.8190954773869347,0.34166234252423056,1.0739323321844687
NGC7319-QSO,exponential,0.8241206030150754,0.34114817781844087,1.0754383570263635
NGC7319-QSO,exponential,0.8291457286432161,0.34064424490503376,1.076916616356857
NGC7319-QSO,exponential,0.8341708542713568,0.3401503401730377,1.0783675821238392
NGC7319-QSO,exponential,0.8391959798994975,0.33966626406330525,1.0797917197178066
NGC7319-QSO,exponential,0.8442211055276382,0.33919182098788336,1.0811894880087496
NGC7319-QSO,exponential,0.8492462311557789,0.3387268192509867,1.082561339385073
NGC7319-QSO,exponential,0.8542713567839196,0.3382710709715442,1.0839077197944382
NGC7319-QSO,exponential,0.8592964824120604,0.337824392007287,1.085229068786427
NGC7319-QSO,exponential,0.864321608040201,0.33738660188034686,1.0865258195569294
NGC7319-QSO,exponential,0.8693467336683417,0.3369575237043352,1.087798398994159
NGC7319-QSO,exponential,0.8743718592964824,0.33653698411287314,1.0890472277262009
NGC7319-QSO,exponential,0.8793969849246231,0.33612481318954435,1.0902727201699995
NGC7319-QSO,exponential,0.8844221105527639,0.3357208443992403,1.0914752845817053
NGC7319-QSO,exponential,0.8894472361809045,0.3353249145208743,1.0926553231082798
NGC7319-QSO,exponential,0.8944723618090452,0.3349368635814318,1.0938132318402916
NGC7319-QSO,exponential,0.8994974874371859,0.3345565347913346,1.094949400865811
NGC7319-QSO,exponential,0.9045226130653267,0.3341837744810914,1.0960642143253274
NGC7319-QSO,exponential,0.9095477386934674,0.333818432039208,1.0971580504676166
NGC7319-QSO,exponential,0.914572864321608,0.3334603598513345,1.0982312817064777
NGC7319-QSO,exponential,0.9195979899497487,0.3331094132406214,1.0992842746782787
NGC7319-QSO,exponential,0.9246231155778895,0.33276545040926486,1.1003173903002277
NGC7319-QSO,exponential,0.9296482412060302,0.3324283323812136,1.1013309838293168
NGC7319-QSO,exponential,0.9346733668341709,0.3320979229460175,1.1023254049218625
NGC7319-QSO,exponential,0.9396984924623115,0.33177408860379054,1.1033009976935955
NGC7319-QSO,exponential,0.9447236180904522,0.33145669851127335,1.1042581007802192
NGC7319-QSO,exponential,0.949748743718593,0.33114562442896545,1.105197047398401
NGC7319-QSO,exponential,0.9547738693467337,0.3308407406693107,1.1061181654071268
NGC7319-QSO,exponential,0.9597989949748744,0.330541924045915,1.1070217773693687
NGC7319-QSO,exponential,0.964824120603015,0.3302490538237728,1.1079082006140177
NGC7319-QSO,exponential,0.9698492462311558,0.3299620116704852,1.1087777472980285
NGC7319-QSO,exponential,0.9748743718592965,0.32968068160844866,1.1096307244687311
NGC7319-QSO,exponential,0.9798994974874372,0.3294049499679945,1.1104674341262633
NGC7319-QSO,exponential,0.9849246231155779,0.3291347053414613,1.1112881732860829
NGC7319-QSO,exponential,0.9899497487437187,0.3288698385381823,1.1120932340415082
NGC7319-QSO,exponential,0.9949748743718593,0.3286102425403663,1.1128829036262657
NGC7319-QSO,exponential,1.0,0.3283558124598587,1.113657464476987
NGC7319-QSO,tanh,0.0,1.0,-0.0
NGC7319-QSO,tanh,0.005025125628140704,0.9999407727880515,5.922896594908364e-05
NGC7319-QSO,tanh,0.010050251256281407,0.999877452832709,0.00012255467680861244
NGC7319-QSO,tanh,0.01507537688442211,0.9998097581691908,0.00019025992908167598
NGC7319-QSO,tanh,0.020100502512562814,0.9997373875292672,0.0002626469594259131
NGC7319-QSO,tanh,0.02512562814070352,0.9996600190372337,0.00034003876939632413
NGC7319-QSO,tanh,0.03015075376884422,0.9995773088203019,0.00042278053879651775
NGC7319-QSO,tanh,0.035175879396984924,0.9994888895281578,0.0005112411333229019
NGC7319-QSO,tanh,0.04020100502512563,0.999394368756161,0.0006058147125207961
NGC7319-QSO,tanh,0.04522613065326633,0.9992933273663904,0.000706922444411691
NGC7319-QSO,tanh,0.05025125628140704,0.9991853177004615,0.0008150143335101548
NGC7319-QSO,tanh,0.05527638190954774,0.9990698616777568,0.0009305711693183704
NGC7319-QSO,tanh,0.06030150753768844,0.9989464487724351,0.0010541066027712025
NGC7319-QSO,tanh,0.06532663316582915,0.9988145338623027,0.001186169358497037
NGC7319-QSO,tanh,0.07035175879396985,0.9986735349423594,0.0013273455911658977
NGC7319-QSO,tanh,0.07537688442211056,0.9985228306955669,0.0014782613946106202
NGC7319-QSO,tanh,0.08040201005025126,0.998361757913139,0.0016395854728233701
NGC7319-QSO,tanh,0.08542713567839195,0.9981896087564196,0.001812031982359604
NGC7319-QSO,tanh,0.09045226130653267,0.9980056278522108,0.001996363556101162
NGC7319-QSO,tanh,0.09547738693467336,0.9978090092132353,0.0021933945187567376
NGC7319-QSO,tanh,0.10050251256281408,0.9975988929752865,0.002403994304890699
NGC7319-QSO,tanh,0.10552763819095477,0.9973743619425297,0.0026290910906760045
NGC7319-QSO,tanh,0.11055276381909548,0.9971344379323974,0.002869675650949275
NGC7319-QSO,tanh,0.11557788944723618,0.9968780779115639,0.003126805453504663
NGC7319-QSO,tanh,0.12060301507537688,0.996604169914621,0.0034016090028870026
NGC7319-QSO,tanh,0.12562814070351758,0.9963115287373128,0.003695290446220994
NGC7319-QSO,tanh,0.1306532663316583,0.9959988913965455,0.004009134453835458
NGC7319-QSO,tanh,0.135678391959799,0.9956649123498877,0.004344511387593025
NGC7319-QSO,tanh,0.1407035175879397,0.9953081584679411,0.004702882769902366
NGC7319-QSO,tanh,0.1457286432160804,0.9949271037538236,0.005085807066347846
NGC7319-QSO,tanh,0.15075376884422112,0.9945201238050811,0.005494945794716187
NGC7319-QSO,tanh,0.15577889447236182,0.9940854900146805,0.005932069972884956
NGC7319-QSO,tanh,0.16080402010050251,0.993621363509364,0.006399066917558733
NGC7319-QSO,tanh,0.1658291457286432,0.993125788825601,0.006897947405152639
NGC7319-QSO,tanh,0.1708542713567839,0.9925966873257083,0.007430853205201571
NGC7319-QSO,tanh,0.17587939698492464,0.992031850359476,0.008000064995476163
NGC7319-QSO,tanh,0.18090452261306533,0.991428932179875,0.008608010666475405
NGC7319-QSO,tanh,0.18592964824120603,0.9907854426252041,0.009257274021090238
NGC7319-QSO,tanh,0.19095477386934673,0.9900987395844192,0.009950603872941976
NGC7319-QSO,tanh,0.19597989949748745,0.9893660212674377,0.010690923544135787
NGC7319-QSO,tanh,0.20100502512562815,0.9885843183079983,0.011481340759873537
NGC7319-QSO,tanh,0.20603015075376885,0.9877504857332668,0.012325157933464155
NGC7319-QSO,tanh,0.21105527638190955,0.9868611948418641,0.01322588283069319
NGC7319-QSO,tanh,0.21608040201005024,0.9859129250404607,0.01418723959716686
NGC7319-QSO,tanh,0.22110552763819097,0.9849019556985842,0.015213180126063592
NGC7319-QSO,tanh,0.22613065326633167,0.9838243580919127,0.01630789573659759
NGC7319-QSO,tanh,0.23115577889447236,0.9826759875161445,0.01747582912534168
NGC7319-QSO,tanh,0.23618090452261306,0.9814524756665961,0.018721686543265365
NGC7319-QSO,tanh,0.24120603015075376,0.9801492233930517,0.020050450140811617
NGC7319-QSO,tanh,0.24623115577889448,0.9787613939550778,0.021467390411471193
NGC7319-QSO,tanh,0.25125628140703515,0.977283906920054,0.022978078651005932
NGC7319-QSO,tanh,0.2562814070351759,0.97571143286452,0.024588399334628475
NGC7319-QSO,tanh,0.2613065326633166,0.974038389059046,0.026304562297983648
NGC7319-QSO,tanh,0.2663316582914573,0.9722589363375834,0.02813311458961805
NGC7319-QSO,tanh,0.271356783919598,0.9703669773739885,0.03008095184271588
NGC7319-QSO,tanh,0.2763819095477387,0.9683561566108871,0.03215532899219758
NGC7319-QSO,tanh,0.2814070351758794,0.966219862108954,0.03436387013982204
NGC7319-QSO,tanh,0.2864321608040201,0.9639512296075937,0.036714577344761835
NGC7319-QSO,tanh,0.2914572864321608,0.9615431491104196,0.039215838090328047
NGC7319-QSO,tanh,0.2964824120603015,0.9589882743301724,0.041876431149285805
NGC7319-QSO,tanh,0.30150753768844224,0.9562790353470306,0.044705530540760485
NGC7319-QSO,tanh,0.3065326633165829,0.9534076548507016,0.04771270724143974
NGC7319-QSO,tanh,0.31155778894472363,0.9503661683491622,0.05090792828306779
NGC7319-QSO,tanh,0.3165829145728643,0.9471464487341918,0.05430155283768166
NGC7319-QSO,tanh,0.32160804020100503,0.9437402355944963,0.05790432486236458
NGC7319-QSO,tanh,0.32663316582914576,0.9401391696597068,0.06172736184735069
NGC7319-QSO,tanh,0.3316582914572864,0.9363348327411531,0.06578213918613914
NGC7319-QSO,tanh,0.33668341708542715,0.9323187935062688,0.07008046966506291
NGC7319-QSO,tanh,0.3417085427135678,0.928082659380936,0.07463447755389846
NGC7319-QSO,tanh,0.34673366834170855,0.9236181348161814,0.07945656677015336
NGC7319-QSO,tanh,0.35175879396984927,0.9189170860806353,0.08455938258936087
NGC7319-QSO,tanh,0.35678391959798994,0.9139716126465063,0.08995576638393382
NGC7319-QSO,tanh,0.36180904522613067,0.9087741251232438,0.09565870289587416
NGC7319-QSO,tanh,0.36683417085427134,0.9033174295587697,0.10168125958598
NGC7319-QSO,tanh,0.37185929648241206,0.8975948177729508,0.10803651765622842
NGC7319-QSO,tanh,0.3768844221105528,0.8916001632124582,0.11473749441474446
NGC7319-QSO,tanh,0.38190954773869346,0.8853280216218306,0.12179705674605756
NGC7319-QSO,tanh,0.3869346733668342,0.8787737356150848,0.12922782556476367
NGC7319-QSO,tanh,0.3919597989949749,0.8719335420094984,0.1370420712693976
NGC7319-QSO,tanh,0.3969849246231156,0.8648046805534892,0.14525160037589083
NGC7319-QSO,tanh,0.4020100502512563,0.8573855024505411,0.1538676336962961
NGC7319-QSO,tanh,0.40703517587939697,0.8496755768589539,0.16290067663752675
NGC7319-QSO,tanh,0.4120603015075377,0.8416757933422266,0.17236038242465493
NGC7319-QSO,tanh,0.4170854271356784,0.8333884580675736,0.18225540930066003
NGC7319-QSO,tanh,0.4221105527638191,0.824817381411614,0.19259327301499177
NGC7319-QSO,tanh,0.4271356783919598,0.8159679545441398,0.20338019618115682
NGC7319-QSO,tanh,0.4321608040201005,0.8068472125341988,0.21462095635169
NGC7319-QSO,tanh,0.4371859296482412,0.7974638815676942,0.22631873491903037
NGC7319-QSO,tanh,0.44221105527638194,0.7878284079907028,0.23847496919359204
NGC7319-QSO,tanh,0.4472361809045226,0.7779529671036186,0.25108921022545816
NGC7319-QSO,tanh,0.45226130653266333,0.7678514499306504,0.26415898911287516
NGC7319-QSO,tanh,0.457286432160804,0.7575394265757704,0.27767969466823234
NGC7319-QSO,tanh,0.4623115577889447,0.7470340852441849,0.2916444653800265
NGC7319-QSO,tanh,0.46733668341708545,0.7363541465473264,0.3060440986078861
NGC7319-QSO,tanh,0.4723618090452261,0.7255197533041705,0.32086697986911134
NGC7319-QSO,tanh,0.47738693467336685,0.7145523366830291,0.3360990349133936
NGC7319-QSO,tanh,0.4824120603015075,0.7034744601729652,0.35172370703415284
NGC7319-QSO,tanh,0.48743718592964824,0.6923096435072105,0.367721961729985
NGC7319-QSO,tanh,0.49246231155778897,0.6810821692558717,0.3840723204111686
NGC7319-QSO,tanh,0.49748743718592964,0.6698168753354925,0.40075092435073917
NGC7319-QSO,tanh,0.5025125628140703,0.6585389371243663,0.4177316295175029
NGC7319-QSO,tanh,0.507537688442211,0.647273643203987,0.434986132313148
NGC7319-QSO,tanh,0.5125628140703518,0.6360461689526482,0.45248412558389384
NGC7319-QSO,tanh,0.5175879396984925,0.6248813522868935,0.47019348360790497
NGC7319-QSO,tanh,0.5226130653266332,0.6138034757768294,0.48808047409368566
NGC7319-QSO,tanh,0.5276381909547738,0.6028360591556883,0.5061099945834594
NGC7319-QSO,tanh,0.5326633165829145,0.5920016659125322,0.5242458300606512
NGC7319-QSO,tanh,0.5376884422110553,0.5813217272156739,0.5424509280325552
NGC7319-QSO,tanh,0.542713567839196,0.5708163858840882,0.5606876869167735
NGC7319-QSO,tanh,0.5477386934673367,0.5605043625292082,0.5789182532188415
NGC7319-QSO,tanh,0.5527638190954774,0.55040284535624,0.597104822761104
NGC7319-QSO,tanh,0.5577889447236181,0.5405274044691559,0.6152099411175869
NGC7319-QSO,tanh,0.5628140703517588,0.5308919308921645,0.6331967984302905
NGC7319-QSO,tanh,0.5678391959798995,0.5215085999256599,0.6510295139281727
NGC7319-QSO,tanh,0.5728643216080402,0.5123878579157188,0.6686734057357988
NGC7319-QSO,tanh,0.577889447236181,0.5035384310482446,0.6860952419344625
NGC7319-QSO,tanh,0.5829145728643216,0.4949673543922851,0.7032634693109476
NGC7319-QSO,tanh,0.5879396984924623,0.48668001911763203,0.7201484167811602
NGC7319-QSO,tanh,0.592964824120603,0.4786802356009048,0.7367224710882053
NGC7319-QSO,tanh,0.5979899497487438,0.47097031000931744,0.7529602230262121
NGC7319-QSO,tanh,0.6030150753768845,0.4635511319063693,0.7688385831105988
NGC7319-QSO,tanh,0.6080402010050251,0.4564222704503603,0.7843368662811915
NGC7319-QSO,tanh,0.6130653266331658,0.4495820768447738,0.7994368458663702
NGC7319-QSO,tanh,0.6180904522613065,0.4430277908380281,0.8141227776359641
NGC7319-QSO,tanh,0.6231155778894473,0.4367556492474004,0.8283813953122986
NGC7319-QSO,tanh,0.628140703517588,0.43076099468690776,0.842201879380034
NGC7319-QSO,tanh,0.6331658291457286,0.425038382901089,0.8555758014272227
NGC7319-QSO,tanh,0.6381909547738693,0.41958168733661483,0.8684970465567726
NGC7319-QSO,tanh,0.6432160804020101,0.4143841998133524,0.8809617166272811
NGC7319-QSO,tanh,0.6482412060301508,0.4094387263792233,0.8929680172163149
NGC7319-QSO,tanh,0.6532663316582915,0.4047376776436773,0.9045161312518161
NGC7319-QSO,tanh,0.6582914572864321,0.40027315307892264,0.9156080822351427
NGC7319-QSO,tanh,0.6633165829145728,0.3960370189535899,0.9262475898908106
NGC7319-QSO,tanh,0.6683417085427136,0.39202097971870553,0.9364399209332267
NGC7319-QSO,tanh,0.6733668341708543,0.3882166428001518,0.9461917374501915
NGC7319-QSO,tanh,0.678391959798995,0.3846155768653623,0.9555109451776194
NGC7319-QSO,tanh,0.6834170854271356,0.38120936372566694,0.9644065436903785
NGC7319-QSO,tanh,0.6884422110552764,0.37798964411069647,0.9728884802703902
NGC7319-QSO,tanh,0.6934673366834171,0.3749481576091571,0.9809675089442182
NGC7319-QSO,tanh,0.6984924623115578,0.37207677711282805,0.9886550559162472
NGC7319-QSO,tanh,0.7035175879396985,0.36936753812968615,0.9959630923667755
NGC7319-QSO,tanh,0.7085427135678392,0.36681266334943907,1.0029040153423292
NGC7319-QSO,tanh,0.7135678391959799,0.36440458285226496,1.0094905372421976
NGC7319-QSO,tanh,0.7185929648241206,0.36213595035090473,1.015735584203376
NGC7319-QSO,tanh,0.7236180904522613,0.35999965584897153,1.0216522035075173
NGC7319-QSO,tanh,0.7286432160804021,0.3579888350858701,1.027253479978736
NGC7319-QSO,tanh,0.7336683417085427,0.35609687612227525,1.0325524612101347
NGC7319-QSO,tanh,0.7386934673366834,0.3543174234008126,1.037562091348894
NGC7319-QSO,tanh,0.7437185929648241,0.3526443795953387,1.0422951530833713
NGC7319-QSO,tanh,0.7487437185929648,0.3510719055398047,1.0467642174092662
NGC7319-QSO,tanh,0.7537688442211056,0.3495944185047809,1.0509816007035453
NGC7319-QSO,tanh,0.7587939698492463,0.348206589066807,1.0549593286024865
NGC7319-QSO,tanh,0.7638190954773869,0.3469033367932626,1.0587091061617673
NGC7319-QSO,tanh,0.7688442211055276,0.3456798249437142,1.0622422937699674
NGC7319-QSO,tanh,0.7738693467336684,0.34453145436794597,1.065569888290188
NGC7319-QSO,tanh,0.7788944723618091,0.3434538567612746,1.0687025089158697
NGC7319-QSO,tanh,0.7839195979899498,0.342442887419398,1.0716503872446794
NGC7319-QSO,tanh,0.7889447236180904,0.3414946176179946,1.0744233610969782
NGC7319-QSO,tanh,0.7939698492462312,0.34060532672659183,1.07703087163159
NGC7319-QSO,tanh,0.7989949748743719,0.33977149415186036,1.0794819633402013
NGC7319-QSO,tanh,0.8040201005025126,0.338989791192421,1.081785286531771
NGC7319-QSO,tanh,0.8090452261306533,0.3382570728754395,1.083949101948999
NGC7319-QSO,tanh,0.8140703517587939,0.3375703698346547,1.085981287189535
NGC7319-QSO,tanh,0.8190954773869347,0.33692688027998363,1.087889344634662
NGC7319-QSO,tanh,0.8241206030150754,0.33632396210038273,1.0896804106172762
NGC7319-QSO,tanh,0.8291457286432161,0.3357591251341504,1.091361265588769
NGC7319-QSO,tanh,0.8341708542713568,0.3352300236342577,1.0929383450706893
NGC7319-QSO,tanh,0.8391959798994975,0.33473444895049465,1.0944177512016964
NGC7319-QSO,tanh,0.8442211055276382,0.3342703224451782,1.0958052647131749
NGC7319-QSO,tanh,0.8492462311557789,0.33383568865477764,1.0971063571880018
NGC7319-QSO,tanh,0.8542713567839196,0.333428708706035,1.0983262034762757
NGC7319-QSO,tanh,0.8592964824120604,0.3330476539919176,1.0994696941594149
NGC7319-QSO,tanh,0.864321608040201,0.33269090010997093,1.1005414479699687
NGC7319-QSO,tanh,0.8693467336683417,0.33235692106331305,1.1015458240887999
NGC7319-QSO,tanh,0.8743718592964824,0.3320442837225459,1.102486934254134
NGC7319-QSO,tanh,0.8793969849246231,0.3317516425452377,1.1033686546283838
NGC7319-QSO,tanh,0.8844221105527639,0.33147773454829466,1.1041946373787745
NGC7319-QSO,tanh,0.8894472361809045,0.33122137452746114,1.1049683219366997
NGC7319-QSO,tanh,0.8944723618090452,0.33098145051732897,1.1056929459085598
NGC7319-QSO,tanh,0.8994974874371859,0.3307569194845721,1.106371555617629
NGC7319-QSO,tanh,0.9045226130653267,0.33054680324662333,1.1070070162624037
NGC7319-QSO,tanh,0.9095477386934674,0.33035018460764776,1.1076020216819766
NGC7319-QSO,tanh,0.914572864321608,0.3301662037034392,1.108159103723308
NGC7319-QSO,tanh,0.9195979899497487,0.3299940545467197,1.1086806412090024
NGC7319-QSO,tanh,0.9246231155778895,0.32983298176429177,1.1091688685072594
NGC7319-QSO,tanh,0.9296482412060302,0.32968227751749923,1.109625883708332
NGC7319-QSO,tanh,0.9346733668341709,0.3295412785975559,1.1100536564139203
NGC7319-QSO,tanh,0.9396984924623115,0.3294093636874236,1.1104540351477117
NGC7319-QSO,tanh,0.9447236180904522,0.3292859507821019,1.1108287543966717
NGC7319-QSO,tanh,0.949748743718593,0.3291704947593972,1.111179441293792
NGC7319-QSO,tanh,0.9547738693467337,0.32906248509346825,1.111507621953845
NGC7319-QSO,tanh,0.9597989949748744,0.32896144370369773,1.1118147274743064
NGC7319-QSO,tanh,0.964824120603015,0.32886692293170083,1.1121020996140358
NGC7319-QSO,tanh,0.9698492462311558,0.32877850363955685,1.1123709961625536
NGC7319-QSO,tanh,0.9748743718592965,0.3286957934226251,1.1126225960128826
NGC7319-QSO,tanh,0.9798994974874372,0.32861842493059146,1.112858003950915
NGC7319-QSO,tanh,0.9849246231155779,0.32854605429066785,1.1130782551741765
NGC7319-QSO,tanh,0.9899497487437187,0.32847835962714966,1.1132843195526796
NGC7319-QSO,tanh,0.9949748743718593,0.3284150396718072,1.1134771056443231
NGC7319-QSO,tanh,1.0,0.3283558124598587,1.113657464476987
NGC7319-QSO,yukawa,0.0,0.999982210136355,1.7790021886480127e-05
NGC7319-QSO,yukawa,0.005025125628140704,0.9999813913457405,1.8608827402665624e-05
NGC7319-QSO,yukawa,0.010050251256281407,0.9999805344199584,1.946576949848391e-05
NGC7319-QSO,yukawa,0.01507537688442211,0.9999796375578335,2.0362649483861433e-05
NGC7319-QSO,yukawa,0.020100502512562814,0.999978698871696,2.130135517626293e-05
NGC7319-QSO,yukawa,0.02512562814070352,0.9999777163831448,2.2283865138668387e-05
NGC7319-QSO,yukawa,0.03015075376884422,0.9999766880185995,2.331225312894817e-05
NGC7319-QSO,yukawa,0.035175879396984924,0.9999756116046273,2.438869277441522e-05
NGC7319-QSO,yukawa,0.04020100502512563,0.999974484863037,2.5515462479672186e-05
NGC7319-QSO,yukawa,0.04522613065326633,0.9999733054057242,2.6694950582867302e-05
NGC7319-QSO,yukawa,0.05025125628140704,0.9999720707292578,2.792966077158832e-05
NGC7319-QSO,yukawa,0.05527638190954774,0.9999707782091924,2.9222217772401077e-05
NGC7319-QSO,yukawa,0.06030150753768844,0.9999694250940943,3.0575373327707925e-05
NGC7319-QSO,yukawa,0.06532663316582915,0.9999680084992628,3.199201247615687e-05
NGC7319-QSO,yukawa,0.07035175879396985,0.9999665254001359,3.34751601510578e-05
NGC7319-QSO,yukawa,0.07537688442211056,0.9999649726253588,3.502798811404047e-05
NGC7319-QSO,yukawa,0.08040201005025126,0.9999633468495013,3.665382224185733e-05
NGC7319-QSO,yukawa,0.08542713567839195,0.9999616445854034,3.835615018434841e-05
NGC7319-QSO,yukawa,0.09045226130653267,0.9999598621761309,4.0138629413142964e-05
NGC7319-QSO,yukawa,0.09547738693467336,0.9999579957865197,4.200509568200816e-05
NGC7319-QSO,yukawa,0.10050251256281408,0.9999560413942876,4.395957192020337e-05
NGC7319-QSO,yukawa,0.10552763819095477,0.9999539947806902,4.600627758231202e-05
NGC7319-QSO,yukawa,0.11055276381909548,0.9999518515206972,4.814963847802784e-05
NGC7319-QSO,yukawa,0.11557788944723618,0.9999496069726637,5.039429710759798e-05
NGC7319-QSO,yukawa,0.12060301507537688,0.9999472562674689,5.274512353062945e-05
NGC7319-QSO,yukawa,0.12562814070351758,0.9999447942970956,5.5207226795305784e-05
NGC7319-QSO,yukawa,0.1306532663316583,0.9999422157026175,5.778596695928635e-05
NGC7319-QSO,yukawa,0.135678391959799,0.9999395148615667,6.048696773301351e-05
NGC7319-QSO,yukawa,0.1407035175879397,0.9999366858746441,6.331612977971413e-05
NGC7319-QSO,yukawa,0.1457286432160804,0.999933722551741,6.627964470616882e-05
NGC7319-QSO,yukawa,0.15075376884422112,0.9999306183972315,6.93840097832183e-05
NGC7319-QSO,yukawa,0.15577889447236182,0.9999273665944997,7.263604343387694e-05
NGC7319-QSO,yukawa,0.16080402010050251,0.9999239599896568,7.604290153137713e-05
NGC7319-QSO,yukawa,0.1658291457286432,0.9999203910744078,7.961209455092579e-05
NGC7319-QSO,yukawa,0.1708542713567839,0.9999166519680185,8.335150562174462e-05
NGC7319-QSO,yukawa,0.17587939698492464,0.9999127343983355,8.726940952864795e-05
NGC7319-QSO,yukawa,0.18090452261306533,0.9999086296818077,9.13744927140955e-05
NGC7319-QSO,yukawa,0.18592964824120603,0.9999043287024528,9.567587433767413e-05
NGC7319-QSO,yukawa,0.19095477386934673,0.999899821889714,0.00010018312844798638
NGC7319-QSO,yukawa,0.19597989949748745,0.9998950991951431,0.00010490630733116471
NGC7319-QSO,yukawa,0.20100502512562815,0.9998901500678461,0.00010985596609959165
NGC7319-QSO,yukawa,0.20603015075376885,0.9998849634286243,0.00011504318858954466
NGC7319-QSO,yukawa,0.21105527638190955,0.9998795276427374,0.00012047961463996011
NGC7319-QSO,yukawa,0.21608040201005024,0.999873830491211,0.00012617746883098884
NGC7319-QSO,yukawa,0.22110552763819097,0.9998678591406112,0.00013214959076138986
NGC7319-QSO,yukawa,0.22613065326633167,0.9998616001111957,0.0001384094669526275
NGC7319-QSO,yukawa,0.23115577889447236,0.9998550392433558,0.0001449712644701408
NGC7319-QSO,yukawa,0.23618090452261306,0.9998481616622485,0.00015184986635886322
NGC7319-QSO,yukawa,0.24120603015075376,0.9998409517405212,0.0001590609089944618
NGC7319-QSO,yukawa,0.24623115577889448,0.9998333930590179,0.0001666208214602749
NGC7319-QSO,yukawa,0.25125628140703515,0.9998254683653549,0.00017454686706322298
NGC7319-QSO,yukawa,0.2562814070351759,0.999817159530245,0.0001828571871114908
NGC7319-QSO,yukawa,0.2613065326633166,0.9998084475014403,0.00019157084708275936
NGC7319-QSO,yukawa,0.2663316582914573,0.99979931225516,0.0002007078853200859
NGC7319-QSO,yukawa,0.271356783919598,0.9997897327448584,0.0002102893644001984
NGC7319-QSO,yukawa,0.2763819095477387,0.9997796868471787,0.00022033742532909231
NGC7319-QSO,yukawa,0.2814070351758794,0.9997691513049344,0.00023087534472706727
NGC7319-QSO,yukawa,0.2864321608040201,0.9997581016669427,0.00024192759517815737
NGC7319-QSO,yukawa,0.2914572864321608,0.9997465122245303,0.00025351990892630397
NGC7319-QSO,yukawa,0.2964824120603015,0.9997343559445163,0.0002656793451155818
NGC7319-QSO,yukawa,0.30150753768844224,0.9997216043984684,0.00027843436078089066
NGC7319-QSO,yukawa,0.3065326633165829,0.999708227688013,0.00029181488580942396
NGC7319-QSO,yukawa,0.31155778894472363,0.9996941943659697,0.0003058524021080382
NGC7319-QSO,yukawa,0.3165829145728643,0.9996794713530606,0.0003205800272257165
NGC7319-QSO,yukawa,0.32160804020100503,0.9996640238499381,0.0003360326026934186
NGC7319-QSO,yukawa,0.32663316582914576,0.999647815244249,0.0003522467873669627
NGC7319-QSO,yukawa,0.3316582914572864,0.9996308070124422,0.00036926115606754703
NGC7319-QSO,yukawa,0.33668341708542715,0.9996129586160059,0.00038711630384262024
NGC7319-QSO,yukawa,0.3417085427135678,0.9995942273917997,0.0004058549561822009
NGC7319-QSO,yukawa,0.34673366834170855,0.9995745684361276,0.00042552208555495874
NGC7319-QSO,yukawa,0.35175879396984927,0.999553934482173,0.00044616503464521047
NGC7319-QSO,yukawa,0.35678391959798994,0.9995322757703955,0.0004678336467013327
NGC7319-QSO,yukawa,0.36180904522613067,0.9995095399114589,0.0004905804034317469
NGC7319-QSO,yukawa,0.36683417085427134,0.9994856717412373,0.0005144605709114858
NGC7319-QSO,yukawa,0.37185929648241206,0.9994606131674116,0.0005395323539965208
NGC7319-QSO,yukawa,0.3768844221105528,0.9994343030071415,0.0005658570597714252
NGC7319-QSO,yukawa,0.38190954773869346,0.9994066768152586,0.0005934992705961353
NGC7319-QSO,yukawa,0.3869346733668342,0.9993776667023968,0.0006225270273503323
NGC7319-QSO,yukawa,0.3919597989949749,0.9993472011424295,0.0006530120235194543
NGC7319-QSO,yukawa,0.3969849246231156,0.9993152047685482,0.0006850298108049894
NGC7319-QSO,yukawa,0.4020100502512563,0.9992815981572678,0.0007186600169919987
NGC7319-QSO,yukawa,0.40703517587939697,0.9992462975995973,0.000753986576855542
NGC7319-QSO,yukawa,0.4120603015075377,0.9992092148585634,0.0007910979769412112
NGC7319-QSO,yukawa,0.4170854271356784,0.9991702569122196,0.00083008751511356
NGC7319-QSO,yukawa,0.4221105527638191,0.9991293256812118,0.0008710535758284335
NGC7319-QSO,yukawa,0.4271356783919598,0.999086317739911,0.0009140999221515582
NGC7319-QSO,yukawa,0.4321608040201005,0.9990411240100526,0.0009593360056182517
NGC7319-QSO,yukawa,0.4371859296482412,0.9989936294357498,0.001006877295107737
NGC7319-QSO,yukawa,0.44221105527638194,0.9989437126386673,0.0010568456259874206
NGC7319-QSO,yukawa,0.4472361809045226,0.9988912455520611,0.001109369570874039
NGC7319-QSO,yukawa,0.45226130653266333,0.9988360930322921,0.0011645848334554158
NGC7319-QSO,yukawa,0.457286432160804,0.9987781124463286,0.001222634666922537
NGC7319-QSO,yukawa,0.4623115577889447,0.9987171532336434,0.001283670318672533
NGC7319-QSO,yukawa,0.46733668341708545,0.9986530564407974,0.0013478515030694652
NGC7319-QSO,yukawa,0.4723618090452261,0.9985856542268792,0.0014153469041787961
NGC7319-QSO,yukawa,0.47738693467336685,0.9985147693378366,0.0014863347105364276
NGC7319-QSO,yukawa,0.4824120603015075,0.998440214547592,0.0015610031841683375
NGC7319-QSO,yukawa,0.48743718592964824,0.9983617920636809,0.0016395512662433452
NGC7319-QSO,yukawa,0.49246231155778897,0.9982792928949819,0.001722189221925526
NGC7319-QSO,yukawa,0.49748743718592964,0.9981924961789305,0.0018091393271872996
NGC7319-QSO,yukawa,0.5025125628140703,0.9981011684654111,0.0019006366005600225
NGC7319-QSO,yukawa,0.507537688442211,0.998005062954308,0.0019969295830321704
NGC7319-QSO,yukawa,0.5125628140703518,0.9979039186834754,0.002098281169552129
NGC7319-QSO,yukawa,0.5175879396984925,0.9977974596636284,0.002204969495874891
NGC7319-QSO,yukawa,0.5226130653266332,0.9976853939564,0.002317288884781643
NGC7319-QSO,yukawa,0.5276381909547738,0.9975674126915078,0.0024355508560331674
NGC7319-QSO,yukawa,0.5326633165829145,0.9974431890186706,0.0025600852047642703
NGC7319-QSO,yukawa,0.5376884422110553,0.99731237698956,0.002691241153420048
NGC7319-QSO,yukawa,0.542713567839196,0.9971746103647151,0.002829388582746458
NGC7319-QSO,yukawa,0.5477386934673367,0.9970295013399333,0.002974919347813318
NGC7319-QSO,yukawa,0.5527638190954774,0.9968766391862197,0.0031282486855450497
NGC7319-QSO,yukawa,0.5577889447236181,0.9967155887968974,0.0032898167207852567
NGC7319-QSO,yukawa,0.5628140703517588,0.9965458891349639,0.0034600900785180903
NGC7319-QSO,yukawa,0.5678391959798995,0.9963670515732133,0.003639563610530106
NGC7319-QSO,yukawa,0.5728643216080402,0.9961785581190292,0.0038287622455118434
NGC7319-QSO,yukawa,0.577889447236181,0.9959798595150832,0.004028242972391913
NGC7319-QSO,yukawa,0.5829145728643216,0.9957703732064386,0.004238596967562089
NGC7319-QSO,yukawa,0.5879396984924623,0.9955494811637648,0.0044604518776057665
NGC7319-QSO,yukawa,0.592964824120603,0.995316527551492,0.004694474270188906
NGC7319-QSO,yukawa,0.5979899497487438,0.9950708162287792,0.004941372266931888
NGC7319-QSO,yukawa,0.6030150753768845,0.9948116080701324,0.005201898373346775
NGC7319-QSO,yukawa,0.6080402010050251,0.9945381180913555,0.005476852522336498
NGC7319-QSO,yukawa,0.6130653266331658,0.9942495123652771,0.0057670853492954935
NGC7319-QSO,yukawa,0.6180904522613065,0.9939449047103113,0.006073501718573144
NGC7319-QSO,yukawa,0.6231155778894473,0.9936233531334132,0.006397064522954265
NGC7319-QSO,yukawa,0.628140703517588,0.9932838560073335,0.006738798779915847
NGC7319-QSO,yukawa,0.6331658291457286,0.9929253479602559,0.007099796050751994
NGC7319-QSO,yukawa,0.6381909547738693,0.9925466954539078,0.007481219211248959
NGC7319-QSO,yukawa,0.6432160804020101,0.9921466920240315,0.007884307605472613
NGC7319-QSO,yukawa,0.6482412060301508,0.9917240531546808,0.008310382617437592
NGC7319-QSO,yukawa,0.6532663316582915,0.9912774107551391,0.00876085369900097
NGC7319-QSO,yukawa,0.6582914572864321,0.9908053072053046,0.009237224896312209
NGC7319-QSO,yukawa,0.6633165829145728,0.9903061889321365,0.009741101921609747
NGC7319-QSO,yukawa,0.6683417085427136,0.9897783994761595,0.010274199822140116
NGC7319-QSO,yukawa,0.6733668341708543,0.9892201720030425,0.01083835130356869
NGC7319-QSO,yukawa,0.678391959798995,0.9886296212108651,0.011435515771520782
NGC7319-QSO,yukawa,0.6834170854271356,0.9880047345788039,0.01206778916194163
NGC7319-QSO,yukawa,0.6884422110552764,0.9873433628975519,0.012737414638899467
NGC7319-QSO,yukawa,0.6934673366834171,0.9866432100157778,0.01344679424739559
NGC7319-QSO,yukawa,0.6984924623115578,0.9859018217302473,0.014198501618846806
NGC7319-QSO,yukawa,0.7035175879396985,0.9851165737397993,0.01499529583831998
NGC7319-QSO,yukawa,0.7085427135678392,0.9842846585750954,0.01584013659553643
NGC7319-QSO,yukawa,0.7135678391959799,0.9834030714068382,0.01673620075634008
NGC7319-QSO,yukawa,0.7185929648241206,0.9824685946248706,0.01768690050800598
NGC7319-QSO,yukawa,0.7236180904522613,0.9814777810690739,0.018695903250769495
NGC7319-QSO,yukawa,0.7286432160804021,0.9804269357801499,0.019767153429631815
NGC7319-QSO,yukawa,0.7336683417085427,0.9793120961239945,0.020904896525284482
NGC7319-QSO,yukawa,0.7386934673366834,0.9781290101272841,0.022113705451381273
NGC7319-QSO,yukawa,0.7437185929648241,0.9768731128438504,0.0233985096379737
NGC7319-QSO,yukawa,0.7487437185929648,0.975539500551167,0.0247646271184092
NGC7319-QSO,yukawa,0.7537688442211056,0.974122902553526,0.026217799980205563
NGC7319-QSO,yukawa,0.7587939698492463,0.972617650342897,0.027764233590342424
NGC7319-QSO,yukawa,0.7638190954773869,0.9710176438396726,0.029410640063239266
NGC7319-QSO,yukawa,0.7688442211055276,0.9693163144030541,0.03116428650682784
NGC7319-QSO,yukawa,0.7738693467336684,0.9675065842642581,0.033033048660263485
NGC7319-QSO,yukawa,0.7788944723618091,0.9655808219944256,0.035025470628005755
NGC7319-QSO,yukawa,0.7839195979899498,0.963530793572479,0.03715083152168966
NGC7319-QSO,yukawa,0.7889447236180904,0.9613476085654438,0.039419219946389604
NGC7319-QSO,yukawa,0.7939698492462312,0.9590216608741108,0.04184161741518679
NGC7319-QSO,yukawa,0.7989949748743719,0.9565425634294011,0.04442999194980524
NGC7319-QSO,yukawa,0.8040201005025126,0.9538990761483518,0.047197403330917626
NGC7319-QSO,yukawa,0.8090452261306533,0.9510790263720421,0.05015812170619991
NGC7319-QSO,yukawa,0.8140703517587939,0.9480692209096824,0.05332776155557007
NGC7319-QSO,yukawa,0.8190954773869347,0.9448553487019585,0.056723433361484006
NGC7319-QSO,yukawa,0.8241206030150754,0.9414218729909094,0.0603639157503735
NGC7319-QSO,yukawa,0.8291457286432161,0.9377519117412563,0.06426985137518423
NGC7319-QSO,yukawa,0.8341708542713568,0.9338271048972535,0.0684639704184406
NGC7319-QSO,yukawa,0.8391959798994975,0.9296274668777085,0.0729713463355071
NGC7319-QSO,yukawa,0.8442211055276382,0.9251312225077392,0.0778196893606692
NGC7319-QSO,yukawa,0.8492462311557789,0.9203146243571143,0.08303968440504426
NGC7319-QSO,yukawa,0.8542713567839196,0.9151517491999543,0.0886653813373945
NGC7319-QSO,yukawa,0.8592964824120604,0.9096142710281038,0.09473464732400624
NGC7319-QSO,yukawa,0.864321608040201,0.903671207740625,0.10128969299936957
NGC7319-QSO,yukawa,0.8693467336683417,0.8972886382964975,0.10837768685959678
NGC7319-QSO,yukawa,0.8743718592964824,0.8904293867615438,0.1160514755654851
NGC7319-QSO,yukawa,0.8793969849246231,0.8830526693133126,0.12437043201061009
NGC7319-QSO,yukawa,0.8844221105527639,0.8751136999057516,0.13340145831692
NGC7319-QSO,yukawa,0.8894472361809045,0.8665632499665422,0.14322017772238368
NGC7319-QSO,yukawa,0.8944723618090452,0.8573471572481076,0.1539123581053438
NGC7319-QSO,yukawa,0.8994974874371859,0.8474057788478115,0.16557562130878703
NGC7319-QSO,yukawa,0.9045226130653267,0.8366733835609262,0.17832150739617306
NGC7319-QSO,yukawa,0.9095477386934674,0.8250774792961217,0.19227798275879832
NGC7319-QSO,yukawa,0.914572864321608,0.8125380725187693,0.20759250739142984
NGC7319-QSO,yukawa,0.9195979899497487,0.7989668589752673,0.22443581220468034
NGC7319-QSO,yukawa,0.9246231155778895,0.7842663488754412,0.2430065856186685
NGC7319-QSO,yukawa,0.9296482412060302,0.768328936160382,0.2635373352375463
NGC7319-QSO,yukawa,0.9346733668341709,0.7510359318225307,0.286301783059582
NGC7319-QSO,yukawa,0.9396984924623115,0.7322565975662809,0.31162428332337705
NGC7319-QSO,yukawa,0.9447236180904522,0.7118472416299355,0.3398919388614969
NGC7319-QSO,yukawa,0.949748743718593,0.6896504783411284,0.3715703628610106
NGC7319-QSO,yukawa,0.9547738693467337,0.6654948147554226,0.40722443267931924
NGC7319-QSO,yukawa,0.9597989949748744,0.6391948237705962,0.44754598254378053
NGC7319-QSO,yukawa,0.964824120603015,0.6105523126941975,0.4933913008236247
NGC7319-QSO,yukawa,0.9698492462311558,0.5793591298384587,0.5458327349017619
NGC7319-QSO,yukawa,0.9748743718592965,0.5454026175279255,0.6062310093010406
NGC7319-QSO,yukawa,0.9798994974874372,0.5084752938976642,0.676338650912487
NGC7319-QSO,yukawa,0.9849246231155779,0.46839124623452355,0.7584513360870878
NGC7319-QSO,yukawa,0.9899497487437187,0.4250131237588801,0.8556352311018209
NGC7319-QSO,yukawa,0.9949748743718593,0.3782957785589505,0.9720789063825485
NGC7319-QSO,yukawa,1.0,0.3283558124598587,1.113657464476987
NGC1199-companion,exponential,0.0,1.0,-0.0
NGC1199-companion,exponential,0.005025125628140704,0.9993068211513125,0.0006934192082267884
NGC1199-companion,exponential,0.010050251256281407,0.9986274364467659,0.0013735063814144348
NGC1199-companion,exponential,0.01507537688442211,0.997961571385179,0.0020405090381068274
NGC1199-companion,exponential,0.020100502512562814,0.997308956927899,0.0026946704375682045
NGC1199-companion,exponential,0.02512562814070352,0.9966693293900974,0.003336229640223112
NGC1199-companion,exponential,0.03015075376884422,0.9960424303342303,0.003965421567745392
NGC1199-companion,exponential,0.035175879396984924,0.9954280064656179,0.004582477062774794
NGC1199-companion,exponential,0.04020100502512563,0.9948258095301025,0.005187622948241955
NGC1199-companion,exponential,0.04522613065326633,0.994235596213743,0.005781082086283172
NGC1199-companion,exponential,0.05025125628140704,0.9936571280445055,0.006363073436728252
NGC1199-companion,exponential,0.05527638190954774,0.9930901712959099,0.0069338121151438885
NGC1199-companion,exponential,0.06030150753768844,0.9925344968925943,0.007493509450419729
NGC1199-companion,exponential,0.06532663316582915,0.9919898803177587,0.008042373041879755
NGC1199-companion,exponential,0.07035175879396985,0.9914561015224498,0.008580606815909534
NGC1199-companion,exponential,0.07537688442211056,0.9909329448366524,0.009108411082083417
NGC1199-companion,exponential,0.08040201005025126,0.9904201988821486,0.00962598258878376
NGC1199-companion,exponential,0.08542713567839195,0.9899176564871122,0.010133514578298928
NGC1199-companion,exponential,0.09045226130653267,0.9894251146024015,0.01063119684139272
NGC1199-companion,exponential,0.09547738693467336,0.9889423742195196,0.011119215771334017
NGC1199-companion,exponential,0.10050251256281408,0.9884692402902054,0.011597754417381556
NGC1199-companion,exponential,0.10552763819095477,0.988005521647626,0.01206699253771396
NGC1199-companion,exponential,0.11055276381909548,0.9875510309291367,0.012527106651799647
NGC1199-companion,exponential,0.11557788944723618,0.9871055845005782,0.01297827009220103
NGC1199-companion,exponential,0.12060301507537688,0.9866690023820808,0.013420653055806768
NGC1199-companion,exponential,0.12562814070351758,0.986241108175344,0.013854422654488654
NGC1199-companion,exponential,0.1306532663316583,0.9858217289923649,0.014279742965177688
NGC1199-companion,exponential,0.135678391959799,0.9854106953855823,0.014696775079358064
NGC1199-companion,exponential,0.1407035175879397,0.9850078412794141,0.015105677151973787
NGC1199-companion,exponential,0.1457286432160804,0.9846130039031543,0.015506604449747304
NGC1199-companion,exponential,0.15075376884422112,0.9842260237252073,0.015899709398907686
NGC1199-companion,exponential,0.15577889447236182,0.9838467443886294,0.016285141632327384
NGC1199-companion,exponential,0.16080402010050251,0.9834750126479544,0.01666304803606575
NGC1199-companion,exponential,0.1658291457286432,0.9831106783072756,0.01703357279532007
NGC1199-companion,exponential,0.1708542713567839,0.9827535941595597,0.017396857439783423
NGC1199-companion,exponential,0.17587939698492464,0.9824036159271688,0.01775304088840981
NGC1199-companion,exponential,0.18090452261306533,0.9820606022035667,0.01810225949358705
NGC1199-companion,exponential,0.18592964824120603,0.9817244143961831,0.018444647084719608
NGC1199-companion,exponential,0.19095477386934673,0.9813949166704171,0.018780335011220842
NGC1199-companion,exponential,0.19597989949748745,0.9810719758947543,0.019109452184918246
NGC1199-companion,exponential,0.20100502512562815,0.9807554615869746,0.019432125121873603
NGC1199-companion,exponential,0.20603015075376885,0.9804452458614329,0.019748477983618652
NGC1199-companion,exponential,0.21105527638190955,0.9801412033773873,0.020058632617810816
NGC1199-companion,exponential,0.21608040201005024,0.9798432112883555,0.02036270859831162
NGC1199-companion,exponential,0.22110552763819097,0.9795511491924802,0.02066082326468908
NGC1199-companion,exponential,0.22613065326633167,0.9792648990838809,0.02095309176115031
NGC1199-companion,exponential,0.23115577889447236,0.9789843453049746,0.021239627074905443
NGC1199-companion,exponential,0.23618090452261306,0.978709374499745,0.0215205400739676
NGC1199-companion,exponential,0.24120603015075376,0.9784398755679418,0.02179593954439358
NGC1199-companion,exponential,0.24623115577889448,0.9781757396201911,0.022065932226967358
NGC1199-companion,exponential,0.25125628140703515,0.9779168599339997,0.022330622853333284
NGC1199-companion,exponential,0.2562814070351759,0.977663131910634,0.022590114181581192
NGC1199-companion,exponential,0.2613065326633166,0.9774144530328583,0.022844507031288992
NGC1199-companion,exponential,0.2663316582914573,0.9771707228235126,0.02309390031802795
NGC1199-companion,exponential,0.271356783919598,0.9769318428049156,0.023338391087334185
NGC1199-companion,exponential,0.2763819095477387,0.9766977164590759,0.023578074548152413
NGC1199-companion,exponential,0.2814070351758794,0.9764682491886937,0.02381304410575665
NGC1199-companion,exponential,0.2864321608040201,0.9762433482789402,0.024043391394152503
NGC1199-companion,exponential,0.2914572864321608,0.976022922859996,0.02426920630796777
NGC1199-companion,exponential,0.2964824120603015,0.9758068838703363,0.02449057703383436
NGC1199-companion,exponential,0.30150753768844224,0.9755951440207455,0.024707590081269378
NGC1199-companion,exponential,0.3065326633165829,0.9753876177590494,0.024920330313058563
NGC1199-companion,exponential,0.31155778894472363,0.9751842212355474,0.02512888097514956
NGC1199-companion,exponential,0.3165829145728643,0.9749848722691344,0.02533332372605895
NGC1199-companion,exponential,0.32160804020100503,0.9747894903140955,0.025533738665800085
NGC1199-companion,exponential,0.32663316582914576,0.9745979964275622,0.025730204364335277
NGC1199-companion,exponential,0.3316582914572864,0.9744103132376158,0.025922797889561144
NGC1199-companion,exponential,0.33668341708542715,0.9742263649120264,0.02611159483482905
NGC1199-companion,exponential,0.3417085427135678,0.9740460771276126,0.02629666934600951
NGC1199-companion,exponential,0.34673366834170855,0.9738693770402119,0.026478094148104765
NGC1199-companion,exponential,0.35175879396984927,0.9736961932552488,0.026655940571414988
NGC1199-companion,exponential,0.35678391959798994,0.9735264557988877,0.026830278577264936
NGC1199-companion,exponential,0.36180904522613067,0.9733600960897612,0.027001176783295593
NGC1199-companion,exponential,0.36683417085427134,0.9731970469112593,0.027168702488327614
NGC1199-companion,exponential,0.37185929648241206,0.9730372423843715,0.02733292169680201
NGC1199-companion,exponential,0.3768844221105528,0.9728806179410687,0.027493899142802543
NGC1199-companion,exponential,0.38190954773869346,0.9727271102982151,0.027651698313667327
NGC1199-companion,exponential,0.3869346733668342,0.9725766574319985,0.027806381473194804
NGC1199-companion,exponential,0.3919597989949749,0.9724291985528704,0.0279580096844487
NGC1199-companion,exponential,0.3969849246231156,0.9722846740809842,0.028106642832168786
NGC1199-companion,exponential,0.4020100502512563,0.9721430256221223,0.02825233964479297
NGC1199-companion,exponential,0.40703517587939697,0.9720041959441026,0.028395157716095035
NGC1199-companion,exponential,0.4120603015075377,0.9718681289536538,0.028535153526445547
NGC1199-companion,exponential,0.4170854271356784,0.9717347696737512,0.028672382463700293
NGC1199-companion,exponential,0.4221105527638191,0.9716040642214041,0.02880689884372051
NGC1199-companion,exponential,0.4271356783919598,0.9714759597858841,0.028938755930534094
NGC1199-companion,exponential,0.4321608040201005,0.9713504046073876,0.02906800595613835
NGC1199-companion,exponential,0.4371859296482412,0.9712273479561229,0.029194700139953633
NGC1199-companion,exponential,0.44221105527638194,0.9711067401118121,0.02931888870793141
NGC1199-companion,exponential,0.4472361809045226,0.9709885323436029,0.029440620911321894
NGC1199-companion,exponential,0.45226130653266333,0.9708726768903791,0.029559945045106877
NGC1199-companion,exponential,0.457286432160804,0.9707591269414624,0.02967690846610372
NGC1199-companion,exponential,0.4623115577889447,0.9706478366176994,0.02979155761074352
NGC1199-companion,exponential,0.46733668341708545,0.9705387609529244,0.0299039380125311
NGC1199-companion,exponential,0.4723618090452261,0.9704318558757905,0.030014094319190308
NGC1199-companion,exponential,0.47738693467336685,0.9703270781919638,0.030122070309499264
NGC1199-companion,exponential,0.4824120603015075,0.9702243855666703,0.03022790890982214
NGC1199-companion,exponential,0.48743718592964824,0.9701237365075909,0.030331652210340964
NGC1199-companion,exponential,0.49246231155778897,0.9700250903480968,0.030433341480992374
NGC1199-companion,exponential,0.49748743718592964,0.9699284072308183,0.030533017187115447
NGC1199-companion,exponential,0.5025125628140703,0.969833648091541,0.03063071900481276
NGC1199-companion,exponential,0.507537688442211,0.9697407746434217,0.030726485836032765
NGC1199-companion,exponential,0.5125628140703518,0.9696497493615189,0.030820355823374574
NGC1199-companion,exponential,0.5175879396984925,0.9695605354676314,0.030912366364622603
NGC1199-companion,exponential,0.5226130653266332,0.9694730969154384,0.031002554127013162
NGC1199-companion,exponential,0.5276381909547738,0.9693873983759341,0.03109095506124043
NGC1199-companion,exponential,0.5326633165829145,0.9693034052231548,0.031177604415202308
NGC1199-companion,exponential,0.5376884422110553,0.9692210835201875,0.03126253674749401
NGC1199-companion,exponential,0.542713567839196,0.9691404000054581,0.031345785940652036
NGC1199-companion,exponential,0.5477386934673367,0.9690613220792922,0.03142738521415255
NGC1199-companion,exponential,0.5527638190954774,0.9689838177907436,0.03150736713716916
NGC1199-companion,exponential,0.5577889447236181,0.9689078558246849,0.031585763641093376
NGC1199-companion,exponential,0.5628140703517588,0.9688334054891542,0.031662606031822894
NGC1199-companion,exponential,0.5678391959798995,0.9687604367029545,0.03173792500182087
NGC1199-companion,exponential,0.5728643216080402,0.9686889199835002,0.031811750641949264
NGC1199-companion,exponential,0.577889447236181,0.9686188264349034,0.03188411245308324
NGC1199-companion,exponential,0.5829145728643216,0.9685501277363003,0.03195503935750623
NGC1199-companion,exponential,0.5879396984924623,0.9684827961304072,0.032024559710093554
NGC1199-companion,exponential,0.592964824120603,0.968416804412306,0.03209270130928457
NGC1199-companion,exponential,0.5979899497487438,0.9683521259184519,0.0321594914078506
NGC1199-companion,exponential,0.6030150753768845,0.9682887345158998,0.0322249567234595
NGC1199-companion,exponential,0.6080402010050251,0.9682266045917466,0.0322891234490411
NGC1199-companion,exponential,0.6130653266331658,0.9681657110427812,0.032352017262958714
NGC1199-companion,exponential,0.6180904522613065,0.9681060292653423,0.032413663338987556
NGC1199-companion,exponential,0.6231155778894473,0.9680475351453776,0.03247408635610534
NGC1199-companion,exponential,0.628140703517588,0.9679902050487003,0.03253331050809766
NGC1199-companion,exponential,0.6331658291457286,0.9679340158114399,0.03259135951298192
NGC1199-companion,exponential,0.6381909547738693,0.9678789447306833,0.032648256622252306
NGC1199-companion,exponential,0.6432160804020101,0.9678249695553014,0.03270402462994966
NGC1199-companion,exponential,0.6482412060301508,0.9677720684769592,0.03275868588155931
NGC1199-companion,exponential,0.6532663316582915,0.9677202201213033,0.032812262282740236
NGC1199-companion,exponential,0.6582914572864321,0.9676694035393273,0.03286477530788666
NGC1199-companion,exponential,0.6633165829145728,0.9676195981989058,0.03291624600852909
NGC1199-companion,exponential,0.6683417085427136,0.9675707839764995,0.032966695021573164
NGC1199-companion,exponential,0.6733668341708543,0.9675229411490244,0.0330161425773827
NGC1199-companion,exponential,0.678391959798995,0.9674760503858824,0.03306460850770755
NGC1199-companion,exponential,0.6834170854271356,0.9674300927411511,0.03311211225346095
NGC1199-companion,exponential,0.6884422110552764,0.967385049645929,0.03315867287234746
NGC1199-companion,exponential,0.6934673366834171,0.9673409029008323,0.03320430904634536
NGC1199-companion,exponential,0.6984924623115578,0.9672976346686424,0.03324903908904521
NGC1199-companion,exponential,0.7035175879396985,0.967255227467098,0.03329288095284865
NGC1199-companion,exponential,0.7085427135678392,0.9672136641618321,0.03333585223602844
NGC1199-companion,exponential,0.7135678391959799,0.9671729279594485,0.0333779701896531
NGC1199-companion,exponential,0.7185929648241206,0.9671330024007373,0.033419251724378554
NGC1199-companion,exponential,0.7236180904522613,0.9670938713540236,0.033459713417109654
NGC1199-companion,exponential,0.7286432160804021,0.9670555190086505,0.033499371517532725
NGC1199-companion,exponential,0.7336683417085427,0.9670179298685906,0.033538241954523075
NGC1199-companion,exponential,0.7386934673366834,0.9669810887461844,0.033576340342429234
NGC1199-companion,exponential,0.7437185929648241,0.9669449807560049,0.03361368198723471
NGC1199-companion,exponential,0.7487437185929648,0.9669095913088422,0.033650281892602774
NGC1199-companion,exponential,0.7537688442211056,0.9668749061058096,0.033686154765803195
NGC1199-companion,exponential,0.7587939698492463,0.9668409111325655,0.03372131502352517
NGC1199-companion,exponential,0.7638190954773869,0.9668075926536517,0.0337557767975776
NGC1199-companion,exponential,0.7688442211055276,0.9667749372069432,0.033789553940479236
NGC1199-companion,exponential,0.7738693467336684,0.966742931598209,0.033822660030941046
NGC1199-companion,exponential,0.7788944723618091,0.9667115628957812,0.03385510837924187
NGC1199-companion,exponential,0.7839195979899498,0.9666808184253299,0.03388691203250013
NGC1199-companion,exponential,0.7889447236180904,0.9666506857647423,0.03391808377984376
NGC1199-companion,exponential,0.7939698492462312,0.9666211527391037,0.033948636157479214
NGC1199-companion,exponential,0.7989949748743719,0.9665922074157777,0.033978581453663
NGC1199-companion,exponential,0.8040201005025126,0.966563838099586,0.034007931713575544
NGC1199-companion,exponential,0.8090452261306533,0.9665360333280822,0.03403669874410165
NGC1199-companion,exponential,0.8140703517587939,0.9665087818669206,0.03406489411851746
NGC1199-companion,exponential,0.8190954773869347,0.9664820727053169,0.03409252918108607
NGC1199-companion,exponential,0.8241206030150754,0.9664558950516001,0.03411961505156416
NGC1199-companion,exponential,0.8291457286432161,0.9664302383288512,0.03414616262962095
NGC1199-companion,exponential,0.8341708542713568,0.9664050921706305,0.034172182599170674
NGC1199-companion,exponential,0.8391959798994975,0.9663804464167884,0.03419768543262155
NGC1199-companion,exponential,0.8442211055276382,0.9663562911093609,0.0342226813950408
NGC1199-companion,exponential,0.8492462311557789,0.9663326164885455,0.03424718054823979
NGC1199-companion,exponential,0.8542713567839196,0.9663094129887585,0.03427119275477801
NGC1199-companion,exponential,0.8592964824120604,0.9662866712347695,0.034294727681890486
NGC1199-companion,exponential,0.864321608040201,0.9662643820379136,0.034317794805337615
NGC1199-companion,exponential,0.8693467336683417,0.966242536392379,0.03434040341317983
NGC1199-companion,exponential,0.8743718592964824,0.9662211254715679,0.034362562609478835
NGC1199-companion,exponential,0.8793969849246231,0.9662001406245305,0.03438428131792651
NGC1199-companion,exponential,0.8844221105527639,0.9661795733724692,0.034405568285403074
NGC1199-companion,exponential,0.8894472361809045,0.9661594154053134,0.034426432085464684
NGC1199-companion,exponential,0.8944723618090452,0.9661396585783611,0.034446881121764396
NGC1199-companion,exponential,0.8994974874371859,0.9661202949089891,0.03446692363140473
NGC1199-companion,exponential,0.9045226130653267,0.9661013165734265,0.03448656768822561
NGC1199-companion,exponential,0.9095477386934674,0.9660827159035944,0.03450582120602721
NGC1199-companion,exponential,0.914572864321608,0.9660644853840076,0.03452469194173018
NGC1199-companion,exponential,0.9195979899497487,0.9660466176487373,0.034543187498473994
NGC1199-companion,exponential,0.9246231155778895,0.966029105478436,0.034561315328653926
NGC1199-companion,exponential,0.9296482412060302,0.9660119417974197,0.034579082736899205
NGC1199-companion,exponential,0.9346733668341709,0.9659951196708094,0.03459649688299232
NGC1199-companion,exponential,0.9396984924623115,0.9659786323017291,0.034613564784731564
NGC1199-companion,exponential,0.9447236180904522,0.9659624730285594,0.03463029332073658
NGC1199-companion,exponential,0.949748743718593,0.9659466353222461,0.03464668923319975
NGC1199-companion,exponential,0.9547738693467337,0.9659311127836622,0.03466275913058275
NGC1199-companion,exponential,0.9597989949748744,0.9659158991410219,0.03467850949026097
NGC1199-companion,exponential,0.964824120603015,0.9659009882473475,0.03469394666111508
NGC1199-companion,exponential,0.9698492462311558,0.9658863740779845,0.03470907686607271
NGC1199-companion,exponential,0.9748743718592965,0.9658720507281684,0.03472390620459914
NGC1199-companion,exponential,0.9798994974874372,0.9658580124106384,0.03473844065513974
NGC1199-companion,exponential,0.9849246231155779,0.9658442534532993,0.03475268607751409
NGC1199-companion,exponential,0.9899497487437187,0.9658307682969296,0.03476664821526299
NGC1199-companion,exponential,0.9949748743718593,0.9658175514929356,0.03478033269794943
NGC1199-companion,exponential,1.0,0.9658045977011492,0.03479374504341456
NGC1199-companion,tanh,0.0,1.0,-0.0
NGC1199-companion,tanh,0.005025125628140704,0.9999969845665648,3.015437981600284e-06
NGC1199-companion,tanh,0.010050251256281407,0.9999937607593964,6.2392600677542005e-06
NGC1199-companion,tanh,0.01507537688442211,0.9999903142228291,9.68582407830731e-06
NGC1199-companion,tanh,0.020100502512562814,0.9999866296184021,1.337047098222573e-05
NGC1199-companion,tanh,0.02512562814070352,0.9999826905584662,1.7309591343886754e-05
NGC1199-companion,tanh,0.03015075376884422,0.9999784795354354,2.1520696133125954e-05
NGC1199-companion,tanh,0.035175879396984924,0.9999739778464133,2.6022492168825754e-05
NGC1199-companion,tanh,0.04020100502512563,0.9999691655129129,3.083496247964179e-05
NGC1199-companion,tanh,0.04522613065326633,0.9999640211953768,3.597945187596501e-05
NGC1199-companion,tanh,0.05025125628140704,0.9999585221021855,4.1478758046292104e-05
NGC1199-companion,tanh,0.05527638190954774,0.9999526438928338,4.735722850206325e-05
NGC1199-companion,tanh,0.06030150753768844,0.9999463605749334,5.364086371204914e-05
NGC1199-companion,tanh,0.06532663316582915,0.9999396443946925,6.035742678031986e-05
NGC1199-companion,tanh,0.07035175879396985,0.9999324657205066,6.753656003548355e-05
NGC1199-companion,tanh,0.07537688442211056,0.9999247929192783,7.520990891602505e-05
NGC1199-companion,tanh,0.08040201005025126,0.9999165922250763,8.341125354555019e-05
NGC1199-companion,tanh,0.08542713567839195,0.9999078275997306,9.217664840610303e-05
NGC1199-companion,tanh,0.09045226130653267,0.9998984605849459,0.00010154457052948306
NGC1199-companion,tanh,0.09547738693467336,0.999888450145514,0.00011155607663376807
NGC1199-companion,tanh,0.10050251256281408,0.9998777525031917,0.00012225496964260414
NGC1199-companion,tanh,0.10552763819095477,0.9998663209608123,0.0001336879750268305
NGC1199-companion,tanh,0.11055276381909548,0.9998541057161935,0.00014590492741277744
NGC1199-companion,tanh,0.11557788944723618,0.9998410536654077,0.00015895896789968348
NGC1199-companion,tanh,0.12060301507537688,0.9998271081949903,0.00017290675252069107
NGC1199-companion,tanh,0.12562814070351758,0.9998122089626692,0.00018780867227547298
NGC1199-companion,tanh,0.1306532663316583,0.9997962916662204,0.00020372908514040776
NGC1199-companion,tanh,0.135678391959799,0.9997792878000786,0.000220736560443475
NGC1199-companion,tanh,0.1407035175879397,0.9997611243993657,0.0002389041359549327
NGC1199-companion,tanh,0.1457286432160804,0.9997417237710436,0.00025830958800560083
NGC1199-companion,tanh,0.15075376884422112,0.9997210032119545,0.00027903571488989697
NGC1199-companion,tanh,0.15577889447236182,0.9996988747135752,0.00030117063374756036
NGC1199-companion,tanh,0.16080402010050251,0.9996752446534015,0.00032480809103572193
NGC1199-companion,tanh,0.1658291457286432,0.9996500134729718,0.00035004778660654214
NGC1199-companion,tanh,0.1708542713567839,0.999623075342662,0.0003769957112918363
NGC1199-companion,tanh,0.17587939698492464,0.999594317813524,0.000405764497756409
NGC1199-companion,tanh,0.18090452261306533,0.9995636214566029,0.0004364737842220094
NGC1199-companion,tanh,0.18592964824120603,0.9995308594903635,0.0004692505904756922
NGC1199-companion,tanh,0.19095477386934673,0.9994958973970779,0.0005042297053561506
NGC1199-companion,tanh,0.19597989949748745,0.9994585925292837,0.0005415540846619453
NGC1199-companion,tanh,0.20100502512562815,0.999418793707717,0.0005813752581325862
NGC1199-companion,tanh,0.20603015075376885,0.9993763408124612,0.0006238537438253331
NGC1199-companion,tanh,0.21105527638190955,0.9993310643694332,0.0006691594678331053
NGC1199-companion,tanh,0.21608040201005024,0.9992827851347604,0.0007174721868649816
NGC1199-companion,tanh,0.22110552763819097,0.9992313136800847,0.0007689819107319993
NGC1199-companion,tanh,0.22613065326633167,0.9991764499823709,0.0008238893212466857
NGC1199-companion,tanh,0.23115577889447236,0.9991179830224015,0.0008824061834471471
NGC1199-companion,tanh,0.23618090452261306,0.9990556903967988,0.0009447557444003177
NGC1199-companion,tanh,0.24120603015075376,0.9989893379491523,0.001011173114108679
NGC1199-companion,tanh,0.24623115577889448,0.9989186794266279,0.0010819056222515534
NGC1199-companion,tanh,0.25125628140703515,0.9988434561692973,0.0011572131436284982
NGC1199-companion,tanh,0.2562814070351759,0.9987633968403683,0.0012373683842367338
NGC1199-companion,tanh,0.2613065326633166,0.9986782172064891,0.0013226571189179706
NGC1199-companion,tanh,0.2663316582914573,0.998587619978357,0.0014133783704484415
NGC1199-companion,tanh,0.271356783919598,0.9984912947229714,0.0015098445188326817
NGC1199-companion,tanh,0.2763819095477387,0.9983889178600122,0.0016123813284057418
NGC1199-companion,tanh,0.2814070351758794,0.9982801527559919,0.0017213278791671784
NGC1199-companion,tanh,0.2864321608040201,0.9981646499309971,0.0018370363875799861
NGC1199-companion,tanh,0.2914572864321608,0.9980420473939745,0.0019598719008973365
NGC1199-companion,tanh,0.2964824120603015,0.9979119711236003,0.0020902118479618104
NGC1199-companion,tanh,0.30150753768844224,0.9977740357127519,0.002228445428390322
NGC1199-companion,tanh,0.3065326633165829,0.9976278451954415,0.0023749728211634384
NGC1199-companion,tanh,0.31155778894472363,0.9974729940757027,0.002530204192933406
NGC1199-companion,tanh,0.3165829145728643,0.997309068578295,0.002694558485911685
NGC1199-companion,tanh,0.32160804020100503,0.9971356481411227,0.0028684619650662197
NGC1199-companion,tanh,0.32663316582914576,0.9969523071688798,0.0030523465046335156
NGC1199-companion,tanh,0.3316582914572864,0.9967586170665553,0.0032466475947056862
NGC1199-companion,tanh,0.33668341708542715,0.996554148569943,0.0034518020499968312
NGC1199-companion,tanh,0.3417085427135678,0.996338474388144,0.003668245404903496
NGC1199-companion,tanh,0.34673366834170855,0.9961111721700991,0.0038964089817583774
NGC1199-companion,tanh,0.35175879396984927,0.9958718278033635,0.004136716622828267
NGC1199-companion,tanh,0.35678391959798994,0.9956200390485799,0.004389581081193581
NGC1199-companion,tanh,0.36180904522613067,0.9953554195073133,0.00465540007126456
NGC1199-companion,tanh,0.36683417085427134,0.9950776029140768,0.004934551986361587
NGC1199-companion,tanh,0.37185929648241206,0.9947862477354771,0.005227391298545352
NGC1199-companion,tanh,0.3768844221105528,0.9944810420504708,0.005534243664708671
NGC1199-companion,tanh,0.38190954773869346,0.9941617086758273,0.005855400772763004
NGC1199-companion,tanh,0.3869346733668342,0.9938280104901804,0.0061911149724530965
NGC1199-companion,tanh,0.3919597989949749,0.9934797558987104,0.006541593746727373
NGC1199-companion,tanh,0.3969849246231156,0.9931168043688031,0.006906994091422193
NGC1199-companion,tanh,0.4020100502512563,0.9927390719553264,0.007287416882960731
NGC1199-companion,tanh,0.40703517587939697,0.9923465367228484,0.007682901325423277
NGC1199-companion,tanh,0.4120603015075377,0.9919392439616915,0.008093419579236833
NGC1199-companion,tanh,0.4170854271356784,0.9915173110856845,0.008518871683340434
NGC1199-companion,tanh,0.4221105527638191,0.9910809320924289,0.008959080890429294
NGC1199-companion,tanh,0.4271356783919598,0.9906303814624058,0.009413789540174914
NGC1199-companion,tanh,0.4321608040201005,0.9901660173718949,0.00988265559757599
NGC1199-companion,tanh,0.4371859296482412,0.9896882840969625,0.010365249982273752
NGC1199-companion,tanh,0.44221105527638194,0.9891977134921428,0.010861054809299485
NGC1199-companion,tanh,0.4472361809045226,0.9886949254381746,0.011369462651971984
NGC1199-companion,tanh,0.45226130653266333,0.9881806271683966,0.01188977692335113
NGC1199-companion,tanh,0.457286432160804,0.9876556114030898,0.012421213453782288
NGC1199-companion,tanh,0.4623115577889447,0.9871207532448796,0.01296290331888665
NGC1199-companion,tanh,0.46733668341708545,0.9865770058157479,0.013513896945334287
NGC1199-companion,tanh,0.4723618090452261,0.986025394646491,0.014073169491596729
NGC1199-companion,tanh,0.47738693467336685,0.9854670108615995,0.014639627468571292
NGC1199-companion,tanh,0.4824120603015075,0.98490300323538,0.015212116531628912
NGC1199-companion,tanh,0.48743718592964824,0.9843345692273725,0.015789430342561837
NGC1199-companion,tanh,0.49246231155778897,0.98376294513541,0.016370320368452006
NGC1199-companion,tanh,0.49748743718592964,0.9831893955316636,0.016953506456028954
NGC1199-companion,tanh,0.5025125628140703,0.9826152021694856,0.017537687995922566
NGC1199-companion,tanh,0.507537688442211,0.9820416525657393,0.018121555472482263
NGC1199-companion,tanh,0.5125628140703518,0.9814700284737767,0.018703802182426794
NGC1199-companion,tanh,0.5175879396984925,0.9809015944657693,0.019283135900119323
NGC1199-companion,tanh,0.5226130653266332,0.9803375868395497,0.0198582902689935
NGC1199-companion,tanh,0.5276381909547738,0.9797792030546583,0.02042803570750521
NGC1199-companion,tanh,0.5326633165829145,0.9792275918854013,0.020991189633525257
NGC1199-companion,tanh,0.5376884422110553,0.9786838444562697,0.0215466258325465
NGC1199-companion,tanh,0.542713567839196,0.9781489862980595,0.022093282821455965
NGC1199-companion,tanh,0.5477386934673367,0.9776239705327526,0.022630171089682006
NGC1199-companion,tanh,0.5527638190954774,0.9771096722629746,0.023156379131929285
NGC1199-companion,tanh,0.5577889447236181,0.9766068842090064,0.02367107822008751
NGC1199-companion,tanh,0.5628140703517588,0.9761163136041867,0.02417352589489326
NGC1199-companion,tanh,0.5678391959798995,0.9756385803292543,0.024663068189325933
NGC1199-companion,tanh,0.5728643216080402,0.9751742162387435,0.025139140624465067
NGC1199-companion,tanh,0.577889447236181,0.9747236656087204,0.025601268043788754
NGC1199-companion,tanh,0.5829145728643216,0.9742872866154647,0.02604906337305521
NGC1199-companion,tanh,0.5879396984924623,0.9738653537394577,0.02648222540960629
NGC1199-companion,tanh,0.592964824120603,0.9734580609783008,0.026900535757048066
NGC1199-companion,tanh,0.5979899497487438,0.9730655257458228,0.027303855028878304
NGC1199-companion,tanh,0.6030150753768845,0.9726877933323461,0.02769211844800575
NGC1199-companion,tanh,0.6080402010050251,0.9723248418024388,0.02806533096864834
NGC1199-companion,tanh,0.6130653266331658,0.9719765872109688,0.028423562043313574
NGC1199-companion,tanh,0.6180904522613065,0.9716428890253219,0.028766940151020017
NGC1199-companion,tanh,0.6231155778894473,0.9713235556506784,0.029095647194205265
NGC1199-companion,tanh,0.628140703517588,0.9710183499656722,0.02940991286147595
NGC1199-companion,tanh,0.6331658291457286,0.9707269947870725,0.02971000904203185
NGC1199-companion,tanh,0.6381909547738693,0.9704491781938359,0.029996244365749783
NGC1199-companion,tanh,0.6432160804020101,0.9701845586525694,0.030268958930978994
NGC1199-companion,tanh,0.6482412060301508,0.9699327698977858,0.03052851927044089
NGC1199-companion,tanh,0.6532663316582915,0.9696934255310501,0.030775313594537522
NGC1199-companion,tanh,0.6582914572864321,0.9694661233130052,0.031009747341076248
NGC1199-companion,tanh,0.6633165829145728,0.9692504491312063,0.03123223905106014
NGC1199-companion,tanh,0.6683417085427136,0.9690459806345939,0.031443216581876224
NGC1199-companion,tanh,0.6733668341708543,0.9688522905322693,0.03164311366197729
NGC1199-companion,tanh,0.678391959798995,0.9686689495600266,0.031832366784984294
NGC1199-companion,tanh,0.6834170854271356,0.9684955291228542,0.032011412436031526
NGC1199-companion,tanh,0.6884422110552764,0.9683316036254466,0.03218068463903545
NGC1199-companion,tanh,0.6934673366834171,0.9681767525057078,0.03234061281035324
NGC1199-companion,tanh,0.6984924623115578,0.9680305619883973,0.032491619901891325
NGC1199-companion,tanh,0.7035175879396985,0.9678926265775489,0.03263412081504376
NGC1199-companion,tanh,0.7085427135678392,0.9677625503071747,0.03276852106579436
NGC1199-companion,tanh,0.7135678391959799,0.9676399477701522,0.032895215680799096
NGC1199-companion,tanh,0.7185929648241206,0.9675244449451573,0.03301458830419667
NGC1199-companion,tanh,0.7236180904522613,0.9674156798411371,0.033127010495190116
NGC1199-companion,tanh,0.7286432160804021,0.9673133029781779,0.0332328411970237
NGC1199-companion,tanh,0.7336683417085427,0.9672169777227922,0.03333242635878226
NGC1199-companion,tanh,0.7386934673366834,0.9671263804946602,0.03342609869240748
NGC1199-companion,tanh,0.7437185929648241,0.9670412008607809,0.033514177548402566
NGC1199-companion,tanh,0.7487437185929648,0.966961141531852,0.03359696889484493
NGC1199-companion,tanh,0.7537688442211056,0.9668859182745213,0.03367476538551069
NGC1199-companion,tanh,0.7587939698492463,0.9668152597519969,0.033747846504102105
NGC1199-companion,tanh,0.7638190954773869,0.9667489073043505,0.0338164787727415
NGC1199-companion,tanh,0.7688442211055276,0.9666866146787477,0.03388091601403147
NGC1199-companion,tanh,0.7738693467336684,0.9666281477187784,0.03394139965707227
NGC1199-companion,tanh,0.7788944723618091,0.9665732840210646,0.033998159078856005
NGC1199-companion,tanh,0.7839195979899498,0.9665218125663888,0.03405141197342782
NGC1199-companion,tanh,0.7889447236180904,0.966473533331716,0.034101364742103915
NGC1199-companion,tanh,0.7939698492462312,0.966428256888688,0.03414821289886526
NGC1199-companion,tanh,0.7989949748743719,0.9663858039934322,0.034192141485812
NGC1199-companion,tanh,0.8040201005025126,0.9663460051718655,0.03423332549425391
NGC1199-companion,tanh,0.8090452261306533,0.9663087003040713,0.034271930287643144
NGC1199-companion,tanh,0.8140703517587939,0.9662737382107858,0.03430811202312063
NGC1199-companion,tanh,0.8190954773869347,0.9662409762445463,0.03434201806895567
NGC1199-companion,tanh,0.8241206030150754,0.9662102798876252,0.034373787415609335
NGC1199-companion,tanh,0.8291457286432161,0.9661815223584872,0.0344035510785546
NGC1199-companion,tanh,0.8341708542713568,0.9661545842281773,0.03443143249133757
NGC1199-companion,tanh,0.8391959798994975,0.9661293530477477,0.03445754788767693
NGC1199-companion,tanh,0.8442211055276382,0.966105722987574,0.034482006671670604
NGC1199-companion,tanh,0.8492462311557789,0.9660835944891948,0.034504911775409715
NGC1199-companion,tanh,0.8542713567839196,0.9660628739301056,0.034526360003511114
NGC1199-companion,tanh,0.8592964824120604,0.9660434733017835,0.03454644236424712
NGC1199-companion,tanh,0.864321608040201,0.9660253099010706,0.034565244387106106
NGC1199-companion,tanh,0.8693467336683417,0.9660083060349288,0.03458284642674141
NGC1199-companion,tanh,0.8743718592964824,0.96599238873848,0.034599323953371924
NGC1199-companion,tanh,0.8793969849246231,0.9659774895061589,0.03461474782978862
NGC1199-companion,tanh,0.8844221105527639,0.9659635440357416,0.03462918457519177
NGC1199-companion,tanh,0.8894472361809045,0.9659504919849558,0.03464269661614461
NGC1199-companion,tanh,0.8944723618090452,0.9659382767403369,0.034655342524974056
NGC1199-companion,tanh,0.8994974874371859,0.9659268451979576,0.03466717724599022
NGC1199-companion,tanh,0.9045226130653267,0.9659161475556353,0.03467825230991886
NGC1199-companion,tanh,0.9095477386934674,0.9659061371162033,0.03468861603696711
NGC1199-companion,tanh,0.914572864321608,0.9658967701014186,0.03469831372895193
NGC1199-companion,tanh,0.9195979899497487,0.9658880054760729,0.03470738785093133
NGC1199-companion,tanh,0.9246231155778895,0.965879804781871,0.03471587820278256
NGC1199-companion,tanh,0.9296482412060302,0.9658721319806426,0.03472382208116818
NGC1199-companion,tanh,0.9346733668341709,0.9658649533064567,0.03473125443233085
NGC1199-companion,tanh,0.9396984924623115,0.9658582371262159,0.034738207996148
NGC1199-companion,tanh,0.9447236180904522,0.9658519538083155,0.03474471344187162
NGC1199-companion,tanh,0.949748743718593,0.9658460755989637,0.03475079949596729
NGC1199-companion,tanh,0.9547738693467337,0.9658405765057725,0.03475649306245259
NGC1199-companion,tanh,0.9597989949748744,0.9658354321882363,0.03476181933612689
NGC1199-companion,tanh,0.964824120603015,0.965830619854736,0.03476680190906726
NGC1199-companion,tanh,0.9698492462311558,0.9658261181657138,0.034771462870752126
NGC1199-companion,tanh,0.9748743718592965,0.965821907142683,0.03477582290216123
NGC1199-companion,tanh,0.9798994974874372,0.9658179680827471,0.0347799013641835
NGC1199-companion,tanh,0.9849246231155779,0.9658142834783201,0.034783716380653674
NGC1199-companion,tanh,0.9899497487437187,0.9658108369417528,0.03478728491631913
NGC1199-companion,tanh,0.9949748743718593,0.9658076131345844,0.03479062285002785
NGC1199-companion,tanh,1.0,0.9658045977011492,0.03479374504341456
NGC1199-companion,yukawa,0.0,0.9999994441905761,5.5580957839208e-07
NGC1199-companion,yukawa,0.005025125628140704,0.9999994186088375,5.813913315542039e-07
NGC1199-companion,yukawa,0.010050251256281407,0.9999993918356077,6.0816457722265e-07
NGC1199-companion,yukawa,0.01507537688442211,0.9999993638146093,6.361855930671054e-07
NGC1199-companion,yukawa,0.020100502512562814,0.9999993344868614,6.6551336005194e-07
NGC1199-companion,yukawa,0.02512562814070352,0.9999993037905487,6.962096936657925e-07
NGC1199-companion,yukawa,0.03015075376884422,0.9999992716608812,7.283393840330617e-07
NGC1199-companion,yukawa,0.035175879396984924,0.999999238029949,7.619703413545986e-07
NGC1199-companion,yukawa,0.04020100502512563,0.9999992028265686,7.971737491201049e-07
NGC1199-companion,yukawa,0.04522613065326633,0.999999165976122,8.34024225758385e-07
NGC1199-companion,yukawa,0.05025125628140704,0.9999991274003874,8.72599993282179e-07
NGC1199-companion,yukawa,0.05527638190954774,0.9999990870173612,9.129830555921262e-07
NGC1199-companion,yukawa,0.06030150753768844,0.9999990447410717,9.552593845525025e-07
NGC1199-companion,yukawa,0.06532663316582915,0.9999990004813826,9.99519116947374e-07
NGC1199-companion,yukawa,0.07035175879396985,0.9999989541437869,1.0458567599857244e-06
NGC1199-companion,yukawa,0.07537688442211056,0.9999989056291905,1.094371408353182e-06
NGC1199-companion,yukawa,0.08040201005025126,0.9999988548336841,1.145166971589128e-06
NGC1199-companion,yukawa,0.08542713567839195,0.9999988016483046,1.198352413454555e-06
NGC1199-companion,yukawa,0.09045226130653267,0.9999987459587826,1.2540420037347958e-06
NGC1199-companion,yukawa,0.09547738693467336,0.9999986876452793,1.3123555818110246e-06
NGC1199-companion,yukawa,0.10050251256281408,0.999998626582108,1.3734188351092023e-06
NGC1199-companion,yukawa,0.10552763819095477,0.9999985626374417,1.4373635913162812e-06
NGC1199-companion,yukawa,0.11055276381909548,0.9999984956730068,1.5043281246967897e-06
NGC1199-companion,yukawa,0.11557788944723618,0.9999984255437594,1.5744574800625655e-06
NGC1199-companion,yukawa,0.12060301507537688,0.9999983520975463,1.6479038115091169e-06
NGC1199-companion,yukawa,0.12562814070351758,0.9999982751747477,1.7248267398044588e-06
NGC1199-companion,yukawa,0.1306532663316583,0.9999981946079017,1.8053937279864115e-06
NGC1199-companion,yukawa,0.135678391959799,0.9999981102213092,1.8897804763896832e-06
NGC1199-companion,yukawa,0.1407035175879397,0.9999980218306185,1.97817133810203e-06
NGC1199-companion,yukawa,0.1457286432160804,0.999997929242388,2.070759756070838e-06
NGC1199-companion,yukawa,0.15075376884422112,0.9999978322536266,2.1677487229704536e-06
NGC1199-companion,yukawa,0.15577889447236182,0.9999977306513096,2.2693512653847024e-06
NGC1199-companion,yukawa,0.16080402010050251,0.9999976242118698,2.3757909524157424e-06
NGC1199-companion,yukawa,0.1658291457286432,0.999997512700661,2.48730243238314e-06
NGC1199-companion,yukawa,0.1708542713567839,0.9999973958713949,2.6041319958369675e-06
NGC1199-companion,yukawa,0.17587939698492464,0.999997273465547,2.7265381699921326e-06
NGC1199-companion,yukawa,0.18090452261306533,0.9999971452117313,2.854792343584924e-06
NGC1199-companion,yukawa,0.18592964824120603,0.9999970108250433,2.9891794242614244e-06
NGC1199-companion,yukawa,0.19095477386934673,0.9999968700063665,3.1299985319397114e-06
NGC1199-companion,yukawa,0.19597989949748745,0.9999967224416434,3.2775637278130513e-06
NGC1199-companion,yukawa,0.20100502512562815,0.9999965678011072,3.432204782769126e-06
NGC1199-companion,yukawa,0.20603015075376885,0.9999964057384726,3.5942679867799362e-06
NGC1199-companion,yukawa,0.21105527638190955,0.9999962358900838,3.764117000483969e-06
NGC1199-companion,yukawa,0.21608040201005024,0.9999960578740166,3.942133753623971e-06
NGC1199-companion,yukawa,0.22110552763819097,0.9999958712891321,4.128719391006886e-06
NGC1199-companion,yukawa,0.22613065326633167,0.9999956757140809,4.324295268873015e-06
NGC1199-companion,yukawa,0.23115577889447236,0.9999954707062518,4.529304005449696e-06
NGC1199-companion,yukawa,0.23618090452261306,0.9999952558006652,4.74421058857665e-06
NGC1199-companion,yukawa,0.24120603015075376,0.9999950305088063,4.969503541624905e-06
NGC1199-companion,yukawa,0.24623115577889448,0.9999947943173946,5.2056961550374724e-06
NGC1199-companion,yukawa,0.25125628140703515,0.9999945466870873,5.4533277820492805e-06
NGC1199-companion,yukawa,0.2562814070351759,0.9999942870511114,5.712965207580046e-06
NGC1199-companion,yukawa,0.2613065326633166,0.9999940148138213,5.9852040899679865e-06
NGC1199-companion,yukawa,0.2663316582914573,0.9999937293491782,6.270670482428825e-06
NGC1199-companion,yukawa,0.271356783919598,0.9999934299991442,6.570022438349106e-06
NGC1199-companion,yukawa,0.2763819095477387,0.9999931160719902,6.883951704189879e-06
NGC1199-companion,yukawa,0.2814070351758794,0.9999927868405091,7.2131855058864006e-06
NGC1199-companion,yukawa,0.2864321608040201,0.9999924415401305,7.558488434851689e-06
NGC1199-companion,yukawa,0.2914572864321608,0.9999920793669307,7.920664437693535e-06
NGC1199-companion,yukawa,0.2964824120603015,0.9999916994755326,8.300558916974421e-06
NGC1199-companion,yukawa,0.30150753768844224,0.9999913009768873,8.699060949455836e-06
NGC1199-companion,yukawa,0.3065326633165829,0.999990882935933,9.117105627713596e-06
NGC1199-companion,yukawa,0.31155778894472363,0.9999904443691217,9.555676533675575e-06
NGC1199-companion,yukawa,0.3165829145728643,0.9999899842418066,1.0015808351412313e-05
NGC1199-companion,yukawa,0.32160804020100503,0.9999895014654832,1.0498589626844344e-05
NGC1199-companion,yukawa,0.32663316582914576,0.9999889948948725,1.1005165684139894e-05
NGC1199-companion,yukawa,0.3316582914572864,0.9999884633248401,1.153674170779983e-05
NGC1199-companion,yukawa,0.33668341708542715,0.9999879054871398,1.2094585999427175e-05
NGC1199-companion,yukawa,0.3417085427135678,0.9999873200469694,1.26800334218428e-05
NGC1199-companion,yukawa,0.34673366834170855,0.9999867055993319,1.3294489039434625e-05
NGC1199-companion,yukawa,0.35175879396984927,0.9999860606651846,1.3939431968846367e-05
NGC1199-companion,yukawa,0.35678391959798994,0.9999853836873679,1.461641945144807e-05
NGC1199-companion,yukawa,0.36180904522613067,0.9999846730262981,1.5327091161140703e-05
NGC1199-companion,yukawa,0.36683417085427134,0.9999839269554096,1.607317376315761e-05
NGC1199-companion,yukawa,0.37185929648241206,0.9999831436563311,1.685648573863813e-05
NGC1199-companion,yukawa,0.3768844221105528,0.999982321213781,1.7678942490638162e-05
NGC1199-companion,yukawa,0.38190954773869346,0.9999814576101612,1.8542561751018226e-05
NGC1199-companion,yukawa,0.3869346733668342,0.9999805507198342,1.94494693055416e-05
NGC1199-companion,yukawa,0.3919597989949749,0.9999795983030602,2.0401905057292047e-05
NGC1199-companion,yukawa,0.3969849246231156,0.9999785979995753,2.1402229450742843e-05
NGC1199-companion,yukawa,0.4020100502512563,0.9999775473217866,2.2452930278588505e-05
NGC1199-companion,yukawa,0.40703517587939697,0.9999764436475596,2.3556629895673228e-05
NGC1199-companion,yukawa,0.4120603015075377,0.9999752842125731,2.4716092867016813e-05
NGC1199-companion,yukawa,0.4170854271356784,0.9999740661022131,2.593423407627531e-05
NGC1199-companion,yukawa,0.4221105527638191,0.9999727862429744,2.7214127326638705e-05
NGC1199-companion,yukawa,0.4271356783919598,0.9999714413933412,2.855901446361752e-05
NGC1199-companion,yukawa,0.4321608040201005,0.9999700281341087,2.997231505661251e-05
NGC1199-companion,yukawa,0.4371859296482412,0.999968542858113,3.1457636673278904e-05
NGC1199-companion,yukawa,0.44221105527638194,0.9999669817593261,3.3018785788028776e-05
NGC1199-companion,yukawa,0.4472361809045226,0.9999653408212773,3.4659779365909186e-05
NGC1199-companion,yukawa,0.45226130653266333,0.999963615804755,3.638485716587476e-05
NGC1199-companion,yukawa,0.457286432160804,0.9999618022347385,3.819849481469663e-05
NGC1199-companion,yukawa,0.4623115577889447,0.9999598953865114,4.010541770009186e-05
NGC1199-companion,yukawa,0.46733668341708545,0.9999578902708981,4.211061574143573e-05
NGC1199-companion,yukawa,0.4723618090452261,0.9999557816185651,4.4219359096317316e-05
NGC1199-companion,yukawa,0.47738693467336685,0.9999535638633225,4.643721486831411e-05
NGC1199-companion,yukawa,0.4824120603015075,0.9999512311243556,4.8770064884703915e-05
NGC1199-companion,yukawa,0.48743718592964824,0.999948777187314,5.1224124619062014e-05
NGC1199-companion,yukawa,0.49246231155778897,0.9999461954841774,5.3805963337481065e-05
NGC1199-companion,yukawa,0.49748743718592964,0.9999434790718104,5.652252555749241e-05
NGC1199-companion,yukawa,0.5025125628140703,0.9999406206091168,5.9381153909007995e-05
NGC1199-companion,yukawa,0.507537688442211,0.9999376123326901,6.238961350138879e-05
NGC1199-companion,yukawa,0.5125628140703518,0.9999344460308541,6.555611790121283e-05
NGC1199-companion,yukawa,0.5175879396984925,0.9999311130159771,6.888935684010876e-05
NGC1199-companion,yukawa,0.5226130653266332,0.9999276040949328,7.239852577726804e-05
NGC1199-companion,yukawa,0.5276381909547738,0.9999239095375727,7.609335745338484e-05
NGC1199-companion,yukawa,0.5326633165829145,0.9999200190430652,7.998415558213535e-05
NGC1199-companion,yukawa,0.5376884422110553,0.9999159217039375,8.408183084056313e-05
NGC1199-companion,yukawa,0.542713567839196,0.9999116059676548,8.839793932788852e-05
NGC1199-companion,yukawa,0.5477386934673367,0.9999070595955447,9.294472368230109e-05
NGC1199-companion,yukawa,0.5527638190954774,0.9999022696188689,9.773515705601393e-05
NGC1199-companion,yukawa,0.5577889447236181,0.999897222291822,0.00010278299016858076
NGC1199-companion,yukawa,0.5628140703517588,0.9998919030412197,0.00010810280167765373
NGC1199-companion,yukawa,0.5678391959798995,0.9998862964126188,0.00011371005212410356
NGC1199-companion,yukawa,0.5728643216080402,0.9998803860125888,0.00011962114173472942
NGC1199-companion,yukawa,0.577889447236181,0.9998741544468288,0.00012585347238722104
NGC1199-companion,yukawa,0.5829145728643216,0.9998675832538014,0.00013242551406992558
NGC1199-companion,yukawa,0.5879396984924623,0.9998606528335171,0.0001393568762013233
NGC1199-companion,yukawa,0.592964824120603,0.9998533423710791,0.00014666838420249024
NGC1199-companion,yukawa,0.5979899497487438,0.999845629754558,0.0001543821617546634
NGC1199-companion,yukawa,0.6030150753768845,0.9998374914867236,0.0001625217192155529
NGC1199-companion,yukawa,0.6080402010050251,0.9998289025901264,0.00017111204870527797
NGC1199-companion,yukawa,0.6130653266331658,0.9998198365049613,0.00018017972643072543
NGC1199-companion,yukawa,0.6180904522613065,0.9998102649791046,0.00018975302286154723
NGC1199-companion,yukawa,0.6231155778894473,0.999800157949647,0.00019986202143624677
NGC1199-companion,yukawa,0.628140703517588,0.9997894834151854,0.00021053874654120466
NGC1199-companion,yukawa,0.6331658291457286,0.9997782072980629,0.00022181730157584838
NGC1199-companion,yukawa,0.6381909547738693,0.9997662932956656,0.0002337340180019241
NGC1199-companion,yukawa,0.6432160804020101,0.9997537027197941,0.00024632761636222744
NGC1199-companion,yukawa,0.6482412060301508,0.9997403943230321,0.00025963938035486586
NGC1199-companion,yukawa,0.6532663316582915,0.999726324110919,0.0002737133451611763
NGC1199-companion,yukawa,0.6582914572864321,0.999711445138614,0.000288596501350498
NGC1199-companion,yukawa,0.6633165829145728,0.999695707290598,0.00030433901582256086
NGC1199-companion,yukawa,0.6683417085427136,0.9996790570418078,0.0003209944714055531
NGC1199-companion,yukawa,0.6733668341708543,0.9996614371984218,0.00033862012690266576
NGC1199-companion,yukawa,0.678391959798995,0.9996427866163233,0.00035727719957512224
NGC1199-companion,yukawa,0.6834170854271356,0.9996230398950513,0.0003770311722693172
NGC1199-companion,yukawa,0.6884422110552764,0.9996021270447988,0.00039795212764653714
NGC1199-companion,yukawa,0.6934673366834171,0.9995799731237484,0.00042011511224855657
NGC1199-companion,yukawa,0.6984924623115578,0.9995564978427176,0.0004436005334519218
NGC1199-companion,yukawa,0.7035175879396985,0.9995316151337362,0.00046849459271938894
NGC1199-companion,yukawa,0.7085427135678392,0.9995052326787791,0.0004948897589590911
NGC1199-companion,yukawa,0.7135678391959799,0.9994772513944249,0.0005228852862625908
NGC1199-companion,yukawa,0.7185929648241206,0.9994475648676938,0.0005525877808154086
NGC1199-companion,yukawa,0.7236180904522613,0.9994160587377373,0.0005841118223628602
NGC1199-companion,yukawa,0.7286432160804021,0.9993826100173787,0.0006175806462965407
NGC1199-companion,yukawa,0.7336683417085427,0.9993470863477452,0.0006531268931971557
NGC1199-companion,yukawa,0.7386934673366834,0.9993093451783548,0.0006908934335585112
NGC1199-companion,yukawa,0.7437185929648241,0.9992692328640221,0.0007310342764342799
NGC1199-companion,yukawa,0.7487437185929648,0.9992265836687902,0.0007737155719221618
NGC1199-companion,yukawa,0.7537688442211056,0.9991812186657731,0.0008191167187470515
NGC1199-companion,yukawa,0.7587939698492463,0.9991329445202558,0.000867431589767892
NGC1199-companion,yukawa,0.7638190954773869,0.9990815521416254,0.0009188698900380316
NGC1199-companion,yukawa,0.7688442211055276,0.999026815187649,0.0009736586641456671
NGC1199-companion,yukawa,0.7738693467336684,0.9989684884022147,0.0010320439720050418
NGC1199-companion,yukawa,0.7788944723618091,0.9989063057648637,0.0010942927551146266
NGC1199-companion,yukawa,0.7839195979899498,0.9988399784271722,0.0011606949186333188
NGC1199-companion,yukawa,0.7889447236180904,0.9987691924072126,0.0012315656585385026
NGC1199-companion,yukawa,0.7939698492462312,0.9986936060088237,0.0013072480677277117
NGC1199-companion,yukawa,0.7989949748743719,0.9986128469271056,0.0013881160603619097
NGC1199-companion,yukawa,0.8040201005025126,0.9985265089952761,0.0014745776601769714
NGC1199-companion,yukawa,0.8090452261306533,0.9984341485205706,0.0015670787061277318
NGC1199-companion,yukawa,0.8140703517587939,0.9983352801479907,0.0016661070378331182
NGC1199-companion,yukawa,0.8190954773869347,0.9982293721801008,0.0017721972341768586
NGC1199-companion,yukawa,0.8241206030150754,0.9981158412683575,0.00188593599148281
NGC1199-companion,yukawa,0.8291457286432161,0.997994046376149,0.002007968243428024
NGC1199-companion,yukawa,0.8341708542713568,0.9978632818952263,0.002139004143897927
NGC1199-companion,yukawa,0.8391959798994975,0.9977227697747731,0.0022798270571146298
NGC1199-companion,yukawa,0.8442211055276382,0.997571650495019,0.0024313027275800593
NGC1199-companion,yukawa,0.8492462311557789,0.997408972683845,0.0025943898369428686
NGC1199-companion,yukawa,0.8542713567839196,0.997233681133692,0.0027701521974526273
NGC1199-companion,yukawa,0.8592964824120604,0.9970446029252538,0.0029597728843108197
NGC1199-companion,yukawa,0.864321608040201,0.9968404313013165,0.003164570674701057
NGC1199-companion,yukawa,0.8693467336683417,0.9966197068552991,0.003386019243141979
NGC1199-companion,yukawa,0.8743718592964824,0.996380795500094,0.0036257696657506925
NGC1199-companion,yukawa,0.8793969849246231,0.9961218625578274,0.0038856769162399114
NGC1199-companion,yukawa,0.8844221105527639,0.9958408421523094,0.004167831202279401
NGC1199-companion,yukawa,0.8894472361809045,0.9955354008827103,0.004474595203369259
NGC1199-companion,yukawa,0.8944723618090452,0.9952028944951793,0.004808648545684632
NGC1199-companion,yukawa,0.8994974874371859,0.9948403159292949,0.005173041206102344
NGC1199-companion,yukawa,0.9045226130653267,0.9944442326717369,0.00557125800527338
NGC1199-companion,yukawa,0.9095477386934674,0.9940107107632767,0.006007296967846024
NGC1199-companion,yukawa,0.914572864321608,0.9935352220250037,0.006485765152656459
NGC1199-companion,yukawa,0.9195979899497487,0.9930125300216908,0.007011996666433413
NGC1199-companion,yukawa,0.9246231155778895,0.9924365488581316,0.007592199085970739
NGC1199-companion,yukawa,0.9296482412060302,0.9918001669536971,0.008233636593081524
NGC1199-companion,yukawa,0.9346733668341709,0.9910950252336295,0.008944861021452729
NGC1199-companion,yukawa,0.9396984924623115,0.9903112353723786,0.009736006096257296
NGC1199-companion,yukawa,0.9447236180904522,0.9894370183078326,0.010619165982614524
NGC1199-companion,yukawa,0.949748743718593,0.9884582354176972,0.01160888772666438
NGC1199-companion,yukawa,0.9547738693467337,0.9873577732560074,0.012722819662280541
NGC1199-companion,yukawa,0.9597989949748744,0.9861147255768585,0.013982576607741663
NGC1199-companion,yukawa,0.964824120603015,0.9847032902269081,0.015414911384406692
NGC1199-companion,yukawa,0.9698492462311558,0.9830912578352482,0.017053327095904416
NGC1199-companion,yukawa,0.9748743718592965,0.981237904538182,0.01894033654678402
NGC1199-companion,yukawa,0.9798994974874372,0.9790909953457323,0.021130693533229016
NGC1199-companion,yukawa,0.9849246231155779,0.9765824272264949,0.02369612134557423
NGC1199-companion,yukawa,0.9899497487437187,0.973621732741596,0.026732415514407113
NGC1199-companion,yukawa,0.9949748743718593,0.9700861096536056,0.030370438586015115
NGC1199-companion,yukawa,1.0,0.9658045977011492,0.03479374504341456
NGC3628-XQSO,exponential,0.0,1.0,-0.0
NGC3628-XQSO,exponential,0.005025125628140704,0.9878658029354909,0.012208417447959564
NGC3628-XQSO,exponential,0.010050251256281407,0.975973074380382,0.024320280674611238
NGC3628-XQSO,exponential,0.01507537688442211,0.9643170091513787,0.03633519076272925
NGC3628-XQSO,exponential,0.020100502512562814,0.9528928976875365,0.0482527660217732
NGC3628-XQSO,exponential,0.02512562814070352,0.9416961241473931,0.06007264227856828
NGC3628-XQSO,exponential,0.03015075376884422,0.9307221645439658,0.07179447315627581
NGC3628-XQSO,exponential,0.035175879396984924,0.9199665849168626,0.0834179303412059
NGC3628-XQSO,exponential,0.04020100502512563,0.9094250395407679,0.09494270383704474
NGC3628-XQSO,exponential,0.04522613065326633,0.8990932691695797,0.10636850220608517
NGC3628-XQSO,exponential,0.05025125628140704,0.8889670993154865,0.11769505279706648
NGC3628-XQSO,exponential,0.05527638190954774,0.8790424385622926,0.12892210195924902
NGC3628-XQSO,exponential,0.06030150753768844,0.8693152769123056,0.14004941524237274
NGC3628-XQSO,exponential,0.06532663316582915,0.8597816841661228,0.15107677758216329
NGC3628-XQSO,exponential,0.07035175879396985,0.8504378083346571,0.16200399347108194
NGC3628-XQSO,exponential,0.07537688442211056,0.8412798740827663,0.17283088711402683
NGC3628-XQSO,exponential,0.08040201005025126,0.8323041812038507,0.18355730256872957
NGC3628-XQSO,exponential,0.08542713567839195,0.8235071031248092,0.1941831038706044
NGC3628-XQSO,exponential,0.09045226130653267,0.8148850854407432,0.20470817514184336
NGC3628-XQSO,exponential,0.09547738693467336,0.8064346444788226,0.21513242068456714
NGC3628-XQSO,exponential,0.10050251256281408,0.7981523658907289,0.2254557650578767
NGC3628-XQSO,exponential,0.10552763819095477,0.7900349032731088,0.23567815313867183
NGC3628-XQSO,exponential,0.11055276381909548,0.7820789768154809,0.2457995501661329
NGC3628-XQSO,exponential,0.11557788944723618,0.7742813719750485,0.2558199417697905
NGC3628-XQSO,exponential,0.12060301507537688,0.7666389381778836,0.2657393339811337
NGC3628-XQSO,exponential,0.12562814070351758,0.7591485875459567,0.27555775322873755
NGC3628-XQSO,exponential,0.1306532663316583,0.751807293649499,0.28527524631691803
NGC3628-XQSO,exponential,0.135678391959799,0.7446120902841927,0.294891880387951
NGC3628-XQSO,exponential,0.1407035175879397,0.7375600702726934,0.304407742867921
NGC3628-XQSO,exponential,0.1457286432160804,0.7306483842900042,0.3138229413962902
NGC3628-XQSO,exponential,0.15075376884422112,0.7238742397122231,0.32313760373931033
NGC3628-XQSO,exponential,0.15577889447236182,0.7172348994882004,0.3323518776874248
NGC3628-XQSO,exponential,0.16080402010050251,0.7107276810336507,0.3414659309368339
NGC3628-XQSO,exponential,0.1658291457286432,0.704349955147271,0.35047995095542717
NGC3628-XQSO,exponential,0.1708542713567839,0.6980991449484278,0.35939414483330717
NGC3628-XQSO,exponential,0.17587939698492464,0.6919727248359855,0.3682087391181577
NGC3628-XQSO,exponential,0.18090452261306533,0.685968219467852,0.37692397963573276
NGC3628-XQSO,exponential,0.18592964824120603,0.6800832027608323,0.385540131295768
NGC3628-XQSO,exponential,0.19095477386934673,0.6743152969103848,0.3940574778836332
NGC3628-XQSO,exponential,0.19597989949748745,0.6686621714298839,0.402476321838076
NGC3628-XQSO,exponential,0.20100502512562815,0.6631215422090013,0.41079698401541836
NGC3628-XQSO,exponential,0.20603015075376885,0.6576911705908259,0.41901980344059203
NGC3628-XQSO,exponential,0.21105527638190955,0.6523688624673469,0.42714513704542184
NGC3628-XQSO,exponential,0.21608040201005024,0.6471524673929405,0.43517335939456786
NGC3628-XQSO,exponential,0.22110552763819097,0.6420398777154932,0.443104862399581
NGC3628-XQSO,exponential,0.22613065326633167,0.637029027724819,0.45094005502151113
NGC3628-XQSO,exponential,0.23115577889447236,0.6321178928180226,0.4586793629625427
NGC3628-XQSO,exponential,0.23618090452261306,0.6273044886814703,0.466323228347141
NGC3628-XQSO,exponential,0.24120603015075376,0.6225868704890407,0.4738721093931967
NGC3628-XQSO,exponential,0.24623115577889448,0.6179631321163297,0.4813264800736752
NGC3628-XQSO,exponential,0.25125628140703515,0.6134314053704927,0.4886868297692816
NGC3628-XQSO,exponential,0.2562814070351759,0.608989859235413,0.49595366291266263
NGC3628-XQSO,exponential,0.2613065326633166,0.604636699131891,0.5031274986246721
NGC3628-XQSO,exponential,0.2663316582914573,0.6003701661925556,0.5102088703432303
NGC3628-XQSO,exponential,0.271356783919598,0.5961885365512043,0.5171983254453179
NGC3628-XQSO,exponential,0.2763819095477387,0.592090120646287,0.5240964248626364
NGC3628-XQSO,exponential,0.2814070351758794,0.5880732625382474,0.5309037426914841
NGC3628-XQSO,exponential,0.2864321608040201,0.5841363392404524,0.5376208657973813
NGC3628-XQSO,exponential,0.2914572864321608,0.5802777600634335,0.5442483934149887
NGC3628-XQSO,exponential,0.2964824120603015,0.5764959659721786,0.5507869367438567
NGC3628-XQSO,exponential,0.30150753768844224,0.5727894289562143,0.5572371185405395
NGC3628-XQSO,exponential,0.3065326633165829,0.5691566514122222,0.5635995727076059
NGC3628-XQSO,exponential,0.31155778894472363,0.565596165538941,0.5698749438800725
NGC3628-XQSO,exponential,0.3165829145728643,0.5621065327441117,0.5760638870097774
NGC3628-XQSO,exponential,0.32160804020100503,0.5586863430632225,0.5821670669482066
NGC3628-XQSO,exponential,0.32663316582914576,0.5553342145898215,0.5881851580282806
NGC3628-XQSO,exponential,0.3316582914572864,0.5520487929171662,0.5941188436455889
NGC3628-XQSO,exponential,0.33668341708542715,0.5488287505909836,0.5999688158395662
NGC3628-XQSO,exponential,0.3417085427135678,0.5456727865731203,0.6057357748750768
NGC3628-XQSO,exponential,0.34673366834170855,0.542579625715867,0.6114204288248752
NGC3628-XQSO,exponential,0.35175879396984927,0.539548018246742,0.6170234931533923
NGC3628-XQSO,exponential,0.35678391959798994,0.5365767392635288,0.6225456903022856
NGC3628-XQSO,exponential,0.36180904522613067,0.5336645882393617,0.6279877492781772
NGC3628-XQSO,exponential,0.36683417085427134,0.5308103885376609,0.6333504052429942
NGC3628-XQSO,exponential,0.37185929648241206,0.5280129869367192,0.6386343991073048
NGC3628-XQSO,exponential,0.3768844221105528,0.5252712531637502,0.643840477127034
NGC3628-XQSO,exponential,0.38190954773869346,0.5225840794382084,0.648969390503929
NGC3628-XQSO,exponential,0.3869346733668342,0.5199503800241976,0.6540218949901203
NGC3628-XQSO,exponential,0.3919597989949749,0.517369090791786,0.6589987504971214
NGC3628-XQSO,exponential,0.3969849246231156,0.5148391687870506,0.6639007207095848
NGC3628-XQSO,exponential,0.4020100502512563,0.5123595918106787,0.6687285727041183
NGC3628-XQSO,exponential,0.40703517587939697,0.5099293580049548,0.6734830765734513
NGC3628-XQSO,exponential,0.4120603015075377,0.5075474854489651,0.6781650050562262
NGC3628-XQSO,exponential,0.4170854271356784,0.5052130117618598,0.6827751331726667
NGC3628-XQSO,exponential,0.4221105527638191,0.5029249937140079,0.6873142378663675
NGC3628-XQSO,exponential,0.4271356783919598,0.500682506845892,0.6917830976524248
NGC3628-XQSO,exponential,0.4321608040201005,0.4984846450945857,0.6961824922721231
NGC3628-XQSO,exponential,0.4371859296482412,0.49633052042766435,0.7005132023543639
NGC3628-XQSO,exponential,0.44221105527638194,0.49421926248440184,0.704776009084014
NGC3628-XQSO,exponential,0.4472361809045226,0.49215001822410553,0.708971693877342
NGC3628-XQSO,exponential,0.45226130653266333,0.49012195158145155,0.7131010380646754
NGC3628-XQSO,exponential,0.457286432160804,0.48813424312867737,0.717164822580423
NGC3628-XQSO,exponential,0.4623115577889447,0.4861860897444965,0.7211638276605717
NGC3628-XQSO,exponential,0.46733668341708545,0.48427670428960357,0.7250988325477573
NGC3628-XQSO,exponential,0.4723618090452261,0.4824053152886344,0.7289706152040047
NGC3628-XQSO,exponential,0.47738693467336685,0.48057116661845667,0.7327799520312059
NGC3628-XQSO,exponential,0.4824120603015075,0.47877351720266326,0.7365276175993961
NGC3628-XQSO,exponential,0.48743718592964824,0.4770116407121445,0.7402143843828801
NGC3628-XQSO,exponential,0.49246231155778897,0.47528482527161964,0.7438410225042404
NGC3628-XQSO,exponential,0.49748743718592964,0.47359237317200764,0.7474082994862516
NGC3628-XQSO,exponential,0.5025125628140703,0.47193360058852285,0.7509169800117107
NGC3628-XQSO,exponential,0.507537688442211,0.4703078373043793,0.7543678256911863
NGC3628-XQSO,exponential,0.5125628140703518,0.46871442643999406,0.7577615948386741
NGC3628-XQSO,exponential,0.5175879396984925,0.4671527241875787,0.7610990422551371
NGC3628-XQSO,exponential,0.5226130653266332,0.4656220995510133,0.7643809190199006
NGC3628-XQSO,exponential,0.5276381909547738,0.46412193409089586,0.7676079722898604
NGC3628-XQSO,exponential,0.5326633165829145,0.4626516216746661,0.7707809451064559
NGC3628-XQSO,exponential,0.5376884422110553,0.46121056823170115,0.773900576210348
NGC3628-XQSO,exponential,0.542713567839196,0.4597981915132848,0.7769675998637382
NGC3628-XQSO,exponential,0.5477386934673367,0.4584139208573541,0.7799827456802513
NGC3628-XQSO,exponential,0.5527638190954774,0.45705719695792635,0.7829467384623042
NGC3628-XQSO,exponential,0.5577889447236181,0.4557274716391152,0.7858602980458712
NGC3628-XQSO,exponential,0.5628140703517588,0.4544242076336432,0.7887241391525518
NGC3628-XQSO,exponential,0.5678391959798995,0.4531468783657633,0.791538971248838
NGC3628-XQSO,exponential,0.5728643216080402,0.4518949677384977,0.7943054984124835
NGC3628-XQSO,exponential,0.577889447236181,0.4506679699251136,0.7970244192058524
NGC3628-XQSO,exponential,0.5829145728643216,0.4494653891647459,0.7996964265561441
NGC3628-XQSO,exponential,0.5879396984924623,0.44828673956208864,0.802322207642365
NGC3628-XQSO,exponential,0.592964824120603,0.44713154489107154,0.8049024437889304
NGC3628-XQSO,exponential,0.5979899497487438,0.4459993384024449,0.8074378103657632
NGC3628-XQSO,exponential,0.6030150753768845,0.4448896626351908,0.8099289766947683
NGC3628-XQSO,exponential,0.6080402010050251,0.4438020692316904,0.8123766059625382
NGC3628-XQSO,exponential,0.6130653266331658,0.4427361187565667,0.8147813551391658
NGC3628-XQSO,exponential,0.6180904522613065,0.44169138051913415,0.8171438749030175
NGC3628-XQSO,exponential,0.6231155778894473,0.4406674323993802,0.8194648095713347
NGC3628-XQSO,exponential,0.628140703517588,0.4396638606774105,0.8217447970365188
NGC3628-XQSO,exponential,0.6331658291457286,0.43868025986628845,0.8239844687079563
NGC3628-XQSO,exponential,0.6381909547738693,0.43771623254819947,0.8261844494592498
NGC3628-XQSO,exponential,0.6432160804020101,0.43677138921387826,0.8283453575806967
NGC3628-XQSO,exponential,0.6482412060301508,0.4358453481052291,0.8304678047368871
NGC3628-XQSO,exponential,0.6532663316582915,0.434937735061079,0.8325523959292671
NGC3628-XQSO,exponential,0.6582914572864321,0.4340481833660004,0.8345997294635258
NGC3628-XQSO,exponential,0.6633165829145728,0.4331763336021416,0.8366103969216641
NGC3628-XQSO,exponential,0.6683417085427136,0.4323218335040069,0.8385849831385995
NGC3628-XQSO,exponential,0.6733668341708543,0.4314843378161256,0.8405240661831664
NGC3628-XQSO,exponential,0.678391959798995,0.43066350815355325,0.8424282173433708
NGC3628-XQSO,exponential,0.6834170854271356,0.42985901286515005,0.8442980011157543
NGC3628-XQSO,exponential,0.6884422110552764,0.4290705268995785,0.846133975198735
NGC3628-XQSO,exponential,0.6934673366834171,0.42829773167396934,0.8479366904897806
NGC3628-XQSO,exponential,0.6984924623115578,0.42754031494519895,0.8497066910862839
NGC3628-XQSO,exponential,0.7035175879396985,0.4267979706837307,0.8514445142899973
NGC3628-XQSO,exponential,0.7085427135678392,0.42607039894996457,0.8531506906149036
NGC3628-XQSO,exponential,0.7135678391959799,0.425357305773049,0.8548257437983816
NGC3628-XQSO,exponential,0.7185929648241206,0.42465840303210356,0.8564701908155454
NGC3628-XQSO,exponential,0.7236180904522613,0.4239734083398057,0.8580845418966248
NGC3628-XQSO,exponential,0.7286432160804021,0.4233020449282935,0.8596693005472645
NGC3628-XQSO,exponential,0.7336683417085427,0.42264404153734014,0.8612249635716178
NGC3628-XQSO,exponential,0.7386934673366834,0.4219991323047516,0.8627520210981168
NGC3628-XQSO,exponential,0.7437185929648241,0.4213670566589477,0.8642509566077953
NGC3628-XQSO,exponential,0.7487437185929648,0.4207475592136799,0.8657222469650533
NGC3628-XQSO,exponential,0.7537688442211056,0.42014038966484335,0.867166362450751
NGC3628-XQSO,exponential,0.7587939698492463,0.4195453026893431,0.8685837667975157
NGC3628-XQSO,exponential,0.7638190954773869,0.4189620578459735,0.8699749172271554
NGC3628-XQSO,exponential,0.7688442211055276,0.41839041947826916,0.8713402644900756
NGC3628-XQSO,exponential,0.7738693467336684,0.4178301566192886,0.8726802529065955
NGC3628-XQSO,exponential,0.7788944723618091,0.4172810428982948,0.8739953204100549
NGC3628-XQSO,exponential,0.7839195979899498,0.41674285644929066,0.8752858985916276
NGC3628-XQSO,exponential,0.7889447236180904,0.4162153798213756,0.8765524127467317
NGC3628-XQSO,exponential,0.7939698492462312,0.41569839989088575,0.8777952819229531
NGC3628-XQSO,exponential,0.7989949748743719,0.41519170777528347,0.8790149189693847
NGC3628-XQSO,exponential,0.8040201005025126,0.414695098748758,0.8802117305873024
NGC3628-XQSO,exponential,0.8090452261306533,0.414208372159509,0.8813861173820787
NGC3628-XQSO,exponential,0.8140703517587939,0.41373133134867346,0.8825384739162654
NGC3628-XQSO,exponential,0.8190954773869347,0.413263783570867,0.8836691887637548
NGC3628-XQSO,exponential,0.8241206030150754,0.41280553991630664,0.8847786445649459
NGC3628-XQSO,exponential,0.8291457286432161,0.41235641523448263,0.8858672180828384
NGC3628-XQSO,exponential,0.8341708542713568,0.4119162280593498,0.8869352802599826
NGC3628-XQSO,exponential,0.8391959798994975,0.4114848005360068,0.8879831962762139
NGC3628-XQSO,exponential,0.8442211055276382,0.41106195834883585,0.8890113256071016
NGC3628-XQSO,exponential,0.8492462311557789,0.41064753065107085,0.8900200220830503
NGC3628-XQSO,exponential,0.8542713567839196,0.41024134999576767,0.8910096339489875
NGC3628-XQSO,exponential,0.8592964824120604,0.4098432522681493,0.8919805039245718
NGC3628-XQSO,exponential,0.864321608040201,0.409453076619295,0.8929329692648746
NGC3628-XQSO,exponential,0.8693467336683417,0.4090706654011509,0.893867361821463
NGC3628-XQSO,exponential,0.8743718592964824,0.40869586410283365,0.8947840081038393
NGC3628-XQSO,exponential,0.8793969849246231,0.4083285212882005,0.8956832293411836
NGC3628-XQSO,exponential,0.8844221105527639,0.40796848853466317,0.8965653415443418
NGC3628-XQSO,exponential,0.8894472361809045,0.40761562037321786,0.8974306555680195
NGC3628-XQSO,exponential,0.8944723618090452,0.40726977422967003,0.8982794771731275
NGC3628-XQSO,exponential,0.8994974874371859,0.40693081036702794,0.899112107089238
NGC3628-XQSO,exponential,0.9045226130653267,0.406598591829043,0.8999288410771074
NGC3628-XQSO,exponential,0.9095477386934674,0.4062729843848729,0.9007299699912255
NGC3628-XQSO,exponential,0.914572864321608,0.4059538564748473,0.9015157798423492
NGC3628-XQSO,exponential,0.9195979899497487,0.40564107915731085,0.9022865518599879
NGC3628-XQSO,exponential,0.9246231155778895,0.4053345260565263,0.9030425625547969
NGC3628-XQSO,exponential,0.9296482412060302,0.40503407331161256,0.9037840837808541
NGC3628-XQSO,exponential,0.9346733668341709,0.4047395995264992,0.9045113827977801
NGC3628-XQSO,exponential,0.9396984924623115,0.4044509857208777,0.9052247223326729
NGC3628-XQSO,exponential,0.9447236180904522,0.4041681152821279,0.9059243606418286
NGC3628-XQSO,exponential,0.949748743718593,0.4038908739182018,0.9066105515722184
NGC3628-XQSO,exponential,0.9547738693467337,0.4036191496114434,0.9072835446226982
NGC3628-XQSO,exponential,0.9597989949748744,0.4033528325733302,0.9079435850049199
NGC3628-XQSO,exponential,0.964824120603015,0.40309181520011284,0.9085909137039264
NGC3628-XQSO,exponential,0.9698492462311558,0.4028359920293385,0.9092257675384057
NGC3628-XQSO,exponential,0.9748743718592965,0.40258525969724,0.9098483792205797
NGC3628-XQSO,exponential,0.9798994974874372,0.4023395168969722,0.9104589774157119
NGC3628-XQSO,exponential,0.9849246231155779,0.4020986643376786,0.911057786801216
NGC3628-XQSO,exponential,0.9899497487437187,0.40186260470437507,0.9116450281253375
NGC3628-XQSO,exponential,0.9949748743718593,0.40163124261862904,0.912220918265408
NGC3628-XQSO,exponential,1.0,0.4014044846000233,0.9127856702856401
NGC3628-XQSO,tanh,0.0,1.0,-0.0
NGC3628-XQSO,tanh,0.005025125628140704,0.9999472143969683,5.278699624065129e-05
NGC3628-XQSO,tanh,0.010050251256281407,0.9998907811812769,0.00010922478353255439
NGC3628-XQSO,tanh,0.01507537688442211,0.9998304490549067,0.00016956532047972058
NGC3628-XQSO,tanh,0.020100502512562814,0.9997659495158524,0.00023407787823664466
NGC3628-XQSO,tanh,0.02512562814070352,0.9996969956959225,0.00030305021915683777
NGC3628-XQSO,tanh,0.03015075376884422,0.9996232811222664,0.00037678985411601504
NGC3628-XQSO,tanh,0.035175879396984924,0.9995444783979458,0.00045562538353683573
NGC3628-XQSO,tanh,0.04020100502512563,0.9994602377966287,0.000539907927429276
NGC3628-XQSO,tanh,0.04522613065326633,0.9993701857662405,0.000630012650058688
NGC3628-XQSO,tanh,0.05025125628140704,0.9992739233361558,0.0007263403851673817
NGC3628-XQSO,tanh,0.05527638190954774,0.999171024422268,0.0008293193679951733
NGC3628-XQSO,tanh,0.06030150753768844,0.9990610340240207,0.0009394070806744848
NGC3628-XQSO,tanh,0.06532663316582915,0.9989434663072377,0.001057092217919321
NGC3628-XQSO,tanh,0.07035175879396985,0.9988178025663462,0.0011828967802713628
NGC3628-XQSO,tanh,0.07537688442211056,0.9986834890593507,0.00131737830252226
NGC3628-XQSO,tanh,0.08040201005025126,0.9985399347086944,0.001461132225288348
NGC3628-XQSO,tanh,0.08542713567839195,0.9983865086609391,0.0016147944180712288
NGC3628-XQSO,tanh,0.09045226130653267,0.9982225376980072,0.0017790438624976403
NGC3628-XQSO,tanh,0.09547738693467336,0.998047303492578,0.001954605504780203
NGC3628-XQSO,tanh,0.10050251256281408,0.9978600397001084,0.0021422532867854767
NGC3628-XQSO,tanh,0.10552763819095477,0.997659928879871,0.0023428133654206065
NGC3628-XQSO,tanh,0.11055276381909548,0.9974460992373813,0.0025571675303571566
NGC3628-XQSO,tanh,0.11557788944723618,0.9972176211806281,0.0027862568303866934
NGC3628-XQSO,tanh,0.12060301507537688,0.9969735036826375,0.0030310854189470877
NGC3628-XQSO,tanh,0.12562814070351758,0.9967126904431161,0.003292724629548764
NGC3628-XQSO,tanh,0.1306532663316583,0.9964340558422342,0.0035723172919718987
NGC3628-XQSO,tanh,0.135678391959799,0.996136400680058,0.0038710823001711562
NGC3628-XQSO,tanh,0.1407035175879397,0.9958184476957302,0.0041903194428075255
NGC3628-XQSO,tanh,0.1457286432160804,0.9954788368612674,0.004531414507205329
NGC3628-XQSO,tanh,0.15075376884422112,0.9951161204457986,0.004895844667295605
NGC3628-XQSO,tanh,0.15577889447236182,0.9947287578472656,0.00528518416571771
NGC3628-XQSO,tanh,0.16080402010050251,0.9943151101900467,0.005701110299705142
NGC3628-XQSO,tanh,0.1658291457286432,0.9938734346887179,0.006145409719628975
NGC3628-XQSO,tanh,0.1708542713567839,0.9934018787802433,0.00661998504809902
NGC3628-XQSO,tanh,0.17587939698492464,0.9928984740293483,0.007126861826287234
NGC3628-XQSO,tanh,0.18090452261306533,0.9923611298147217,0.00766819579259389
NGC3628-XQSO,tanh,0.18592964824120603,0.99178762680706,0.008246280496897334
NGC3628-XQSO,tanh,0.19095477386934673,0.9911756102538746,0.008863555251345632
NGC3628-XQSO,tanh,0.19597989949748745,0.9905225830904848,0.009522613415924154
NGC3628-XQSO,tanh,0.20100502512562815,0.9898258989017792,0.010226211013803325
NGC3628-XQSO,tanh,0.20603015075376885,0.9890827547652137,0.01097727566766927
NGC3628-XQSO,tanh,0.21105527638190955,0.9882901840121944,0.011778915843804472
NGC3628-XQSO,tanh,0.21608040201005024,0.987445048952531,0.0126344303855396
NGC3628-XQSO,tanh,0.22110552763819097,0.9865440336151237,0.013547318311756734
NGC3628-XQSO,tanh,0.22613065326633167,0.9855836365675118,0.014521288849317108
NGC3628-XQSO,tanh,0.23115577889447236,0.9845601638874463,0.015560271660518831
NGC3628-XQSO,tanh,0.23618090452261306,0.9834697223712905,0.01666842721786968
NGC3628-XQSO,tanh,0.24120603015075376,0.9823082130768594,0.0178501572685079
NGC3628-XQSO,tanh,0.24623115577889448,0.981071325312292,0.01911011531942207
NGC3628-XQSO,tanh,0.25125628140703515,0.9797545311977386,0.020453217062120055
NGC3628-XQSO,tanh,0.2562814070351759,0.9783530809429947,0.021884650641513202
NGC3628-XQSO,tanh,0.2613065326633166,0.9768619990016884,0.02340988665842519
NGC3628-XQSO,tanh,0.2663316582914573,0.9752760812811243,0.025034687778265396
NGC3628-XQSO,tanh,0.271356783919598,0.9735898936062535,0.026765117799987755
NGC3628-XQSO,tanh,0.2763819095477387,0.9717977716562758,0.028607550019471108
NGC3628-XQSO,tanh,0.2814070351758794,0.9698938226127887,0.03056867469995474
NGC3628-XQSO,tanh,0.2864321608040201,0.967871928778825,0.03265550543918872
NGC3628-XQSO,tanh,0.2914572864321608,0.9657257534480895,0.03487538419866426
NGC3628-XQSO,tanh,0.2964824120603015,0.9634487493226379,0.03723598473485491
NGC3628-XQSO,tanh,0.30150753768844224,0.961034169794458,0.03974531414608672
NGC3628-XQSO,tanh,0.3065326633165829,0.9584750834210546,0.042411712221851625
NGC3628-XQSO,tanh,0.31155778894472363,0.9557643919362686,0.04524384825451793
NGC3628-XQSO,tanh,0.3165829145728643,0.9528948521440385,0.04825071494709067
NGC3628-XQSO,tanh,0.32160804020100503,0.9498591020434,0.05144161902563218
NGC3628-XQSO,tanh,0.32663316582914576,0.9466496915263235,0.05482616814204403
NGC3628-XQSO,tanh,0.3316582914572864,0.9432591179744892,0.058414253633163965
NGC3628-XQSO,tanh,0.33668341708542715,0.9396798670552241,0.06221602868671335
NGC3628-XQSO,tanh,0.3417085427135678,0.9359044589788974,0.06624188145491801
NGC3628-XQSO,tanh,0.34673366834170855,0.9319255004284738,0.07050240265411302
NGC3628-XQSO,tanh,0.35175879396984927,0.9277357423050828,0.0750083471950002
NGC3628-XQSO,tanh,0.35678391959798994,0.9233281433499851,0.07977058940525371
NGC3628-XQSO,tanh,0.36180904522613067,0.9186959396020947,0.08480007143572556
NGC3628-XQSO,tanh,0.36683417085427134,0.9138327195305269,0.09010774448552994
NGC3628-XQSO,tanh,0.37185929648241206,0.9087325045433146,0.09570450254167155
NGC3628-XQSO,tanh,0.3768844221105528,0.9033898344170009,0.10160110840740925
NGC3628-XQSO,tanh,0.38190954773869346,0.8977998570186199,0.10780811189181425
NGC3628-XQSO,tanh,0.3869346733668342,0.8919584215039973,0.11433576015221181
NGC3628-XQSO,tanh,0.3919597989949749,0.8858621739778071,0.12119390032220517
NGC3628-XQSO,tanh,0.3969849246231156,0.8795086543961018,0.12839187472092908
NGC3628-XQSO,tanh,0.4020100502512563,0.8728963932870707,0.1359384091235006
NGC3628-XQSO,tanh,0.40703517587939697,0.8660250066677742,0.1438414947768219
NGC3628-XQSO,tanh,0.4120603015075377,0.8588952873519238,0.15210826506640815
NGC3628-XQSO,tanh,0.4170854271356784,0.8515092906857546,0.1607448679750255
NGC3628-XQSO,tanh,0.4221105527638191,0.8438704126256357,0.16975633571766796
NGC3628-XQSO,tanh,0.4271356783919598,0.8359834579925123,0.1791464531834988
NGC3628-XQSO,tanh,0.4321608040201005,0.8278546967145111,0.18891762705630233
NGC3628-XQSO,tanh,0.4371859296482412,0.8194919059091077,0.19907075771205948
NGC3628-XQSO,tanh,0.44221105527638194,0.8109043957676648,0.20960511619582514
NGC3628-XQSO,tanh,0.4472361809045226,0.8021030173931176,0.2205182287498365
NGC3628-XQSO,tanh,0.45226130653266333,0.7931001510084319,0.23180577149011752
NGC3628-XQSO,tanh,0.457286432160804,0.7839096732979969,0.24346147789932013
NGC3628-XQSO,tanh,0.4623115577889447,0.7745469030611782,0.25547706180948637
NGC3628-XQSO,tanh,0.46733668341708545,0.7650285248375833,0.26784215848136794
NGC3628-XQSO,tanh,0.4723618090452261,0.7553724906936932,0.28054428624047695
NGC3628-XQSO,tanh,0.47738693467336685,0.745597900923204,0.2935688309001209
NGC3628-XQSO,tanh,0.4824120603015075,0.7357248649882616,0.3068990548873585
NGC3628-XQSO,tanh,0.48743718592964824,0.725774344593139,0.3205161325915692
NGC3628-XQSO,tanh,0.49246231155778897,0.7157679813121073,0.33439921298331216
NGC3628-XQSO,tanh,0.49748743718592964,0.7057279116658579,0.34852551001333615
NGC3628-XQSO,tanh,0.5025125628140703,0.6956765729341656,0.36287042071156944
NGC3628-XQSO,tanh,0.507537688442211,0.685636503287916,0.3774076702805664
NGC3628-XQSO,tanh,0.5125628140703518,0.6756301400068843,0.39210948283683106
NGC3628-XQSO,tanh,0.5175879396984925,0.6656796196117617,0.4069467758181969
NGC3628-XQSO,tanh,0.5226130653266332,0.6558065836768192,0.42188937546855143
NGC3628-XQSO,tanh,0.5276381909547738,0.6460319939063301,0.4369062502551258
NGC3628-XQSO,tanh,0.5326633165829145,0.6363759597624401,0.4519657585895857
NGC3628-XQSO,tanh,0.5376884422110553,0.6268575815388451,0.46703590683129004
NGC3628-XQSO,tanh,0.542713567839196,0.6174948113020264,0.48208461326506286
NGC3628-XQSO,tanh,0.5477386934673367,0.6083043335915912,0.4970799735782872
NGC3628-XQSO,tanh,0.5527638190954774,0.5993014672069056,0.5119905233199171
NGC3628-XQSO,tanh,0.5577889447236181,0.5905000888323585,0.5267854929088999
NGC3628-XQSO,tanh,0.5628140703517588,0.5819125786909156,0.5414350509679688
NGC3628-XQSO,tanh,0.5678391959798995,0.5735497878855123,0.5559105320822982
NGC3628-XQSO,tanh,0.5728643216080402,0.565421026607511,0.5701846455080336
NGC3628-XQSO,tanh,0.577889447236181,0.5575340719743875,0.5842316618662228
NGC3628-XQSO,tanh,0.5829145728643216,0.5498951939142687,0.5980275754333323
NGC3628-XQSO,tanh,0.5879396984924623,0.5425091972480995,0.6115502402585126
NGC3628-XQSO,tanh,0.592964824120603,0.5353794779322492,0.6247794789774499
NGC3628-XQSO,tanh,0.5979899497487438,0.5285080913129525,0.637697163830758
NGC3628-XQSO,tanh,0.6030150753768845,0.5218958302039214,0.6502872700103635
NGC3628-XQSO,tanh,0.6080402010050251,0.5155423106222163,0.6625359020315243
NGC3628-XQSO,tanh,0.6130653266331658,0.509446063096026,0.6744312943451105
NGC3628-XQSO,tanh,0.6180904522613065,0.5036046275814035,0.685963787852171
NGC3628-XQSO,tanh,0.6231155778894473,0.4980146501830224,0.6971257843519886
NGC3628-XQSO,tanh,0.628140703517588,0.49267198005670876,0.7079116812407669
NGC3628-XQSO,tanh,0.6331658291457286,0.4875717650694965,0.7183177889796555
NGC3628-XQSO,tanh,0.6381909547738693,0.4827085449979286,0.7283422339699356
NGC3628-XQSO,tanh,0.6432160804020101,0.4780763412500382,0.7379848495148086
NGC3628-XQSO,tanh,0.6482412060301508,0.4736687422949405,0.7472470575185379
NGC3628-XQSO,tanh,0.6532663316582915,0.46947898417154954,0.7561317434835986
NGC3628-XQSO,tanh,0.6582914572864321,0.465500025621126,0.7646431272250038
NGC3628-XQSO,tanh,0.6633165829145728,0.4617246175447992,0.7727866315386615
NGC3628-XQSO,tanh,0.6683417085427136,0.45814536662553407,0.7805687508479972
NGC3628-XQSO,tanh,0.6733668341708543,0.4547547930736997,0.7879969216203203
NGC3628-XQSO,tanh,0.678391959798995,0.45154538255662324,0.7950793961008211
NGC3628-XQSO,tanh,0.6834170854271356,0.44850963245598496,0.8018251206660106
NGC3628-XQSO,tanh,0.6884422110552764,0.4456400926637546,0.8082436198569378
NGC3628-XQSO,tanh,0.6934673366834171,0.44292940117896873,0.8143448869214926
NGC3628-XQSO,tanh,0.6984924623115578,0.4403703148055653,0.8201392814790844
NGC3628-XQSO,tanh,0.7035175879396985,0.4379557352773853,0.8256374347232348
NGC3628-XQSO,tanh,0.7085427135678392,0.4356787311519338,0.8308501624004121
NGC3628-XQSO,tanh,0.7135678391959799,0.4335325558211982,0.8357883856478394
NGC3628-XQSO,tanh,0.7185929648241206,0.43151066198723464,0.8404630596393899
NGC3628-XQSO,tanh,0.7236180904522613,0.4296067129437474,0.8448851098766357
NGC3628-XQSO,tanh,0.7286432160804021,0.42781459099376973,0.8490653758706538
NGC3628-XQSO,tanh,0.7336683417085427,0.426128403318899,0.853014561887969
NGC3628-XQSO,tanh,0.7386934673366834,0.42454248559833496,0.856743194379344
NGC3628-XQSO,tanh,0.7437185929648241,0.42305140365702865,0.8602615856711945
NGC3628-XQSO,tanh,0.7487437185929648,0.4216499534022847,0.8635798034742763
NGC3628-XQSO,tanh,0.7537688442211056,0.4203331592877313,0.86670764575108
NGC3628-XQSO,tanh,0.7587939698492463,0.41909627152316387,0.8696546204801764
NGC3628-XQSO,tanh,0.7638190954773869,0.4179347622287328,0.8724299298608886
NGC3628-XQSO,tanh,0.7688442211055276,0.41684432071257704,0.8750424585134514
NGC3628-XQSO,tanh,0.7738693467336684,0.4158208480325115,0.8775007652468408
NGC3628-XQSO,tanh,0.7788944723618091,0.41486045098489965,0.879813077987402
NGC3628-XQSO,tanh,0.7839195979899498,0.41395943564749227,0.8819872914851226
NGC3628-XQSO,tanh,0.7889447236180904,0.41311430058782894,0.8840309674399661
NGC3628-XQSO,tanh,0.7939698492462312,0.4123217298348095,0.8859513367172437
NGC3628-XQSO,tanh,0.7989949748743719,0.41157858569824424,0.8877553033478881
NGC3628-XQSO,tanh,0.8040201005025126,0.4108819015095385,0.8894494500362045
NGC3628-XQSO,tanh,0.8090452261306533,0.41022887434614874,0.8910400449236938
NGC3628-XQSO,tanh,0.8140703517587939,0.4096168577929634,0.8925330493826515
NGC3628-XQSO,tanh,0.8190954773869347,0.4090433547853016,0.8939341266370889
NGC3628-XQSO,tanh,0.8241206030150754,0.40850601057067504,0.8952486510310234
NGC3628-XQSO,tanh,0.8291457286432161,0.40800260581978,0.8964817177851847
NGC3628-XQSO,tanh,0.8341708542713568,0.4075310499113054,0.8976381531026322
NGC3628-XQSO,tanh,0.8391959798994975,0.4070893744099766,0.8987225245016819
NGC3628-XQSO,tanh,0.8442211055276382,0.40667572675275776,0.8997391512708915
NGC3628-XQSO,tanh,0.8492462311557789,0.40628836415422487,0.9006921149557098
NGC3628-XQSO,tanh,0.8542713567839196,0.40592564773875595,0.9015852697998029
NGC3628-XQSO,tanh,0.8592964824120604,0.40558603690429307,0.9024222530761145
NGC3628-XQSO,tanh,0.864321608040201,0.40526808391996527,0.9032064952534882
NGC3628-XQSO,tanh,0.8693467336683417,0.4049704287577891,0.9039412299542193
NGC3628-XQSO,tanh,0.8743718592964824,0.40469179415690726,0.9046295036663814
NGC3628-XQSO,tanh,0.8793969849246231,0.40443098091738594,0.9052741851821884
NGC3628-XQSO,tanh,0.8844221105527639,0.40418686341939525,0.9058779747401773
NGC3628-XQSO,tanh,0.8894472361809045,0.40395838536264195,0.9064434128546377
NGC3628-XQSO,tanh,0.8944723618090452,0.40374455572015233,0.906972888820637
NGC3628-XQSO,tanh,0.8994974874371859,0.4035444448999149,0.9074686488871863
NGC3628-XQSO,tanh,0.9045226130653267,0.40335718110744534,0.9079328040947008
NGC3628-XQSO,tanh,0.9095477386934674,0.40318194690201614,0.9083673377759592
NGC3628-XQSO,tanh,0.914572864321608,0.4030179759390843,0.9087741127223398
NGC3628-XQSO,tanh,0.9195979899497487,0.4028645498913289,0.9091548780192444
NGC3628-XQSO,tanh,0.9246231155778895,0.40272099554067264,0.9095112755563894
NGC3628-XQSO,tanh,0.9296482412060302,0.4025866820336771,0.9098448462200779
NGC3628-XQSO,tanh,0.9346733668341709,0.4024610182927856,0.910157035775706
NGC3628-XQSO,tanh,0.9396984924623115,0.4023434505760026,0.9104492004496534
NGC3628-XQSO,tanh,0.9447236180904522,0.4022334601777554,0.9107226122203923
NGC3628-XQSO,tanh,0.949748743718593,0.4021305612638675,0.9109784638291324
NGC3628-XQSO,tanh,0.9547738693467337,0.4020342988337827,0.9112178735206548
NGC3628-XQSO,tanh,0.9597989949748744,0.4019442468033946,0.9114418895251947
NGC3628-XQSO,tanh,0.964824120603015,0.4018600062020775,0.9116514942923019
NGC3628-XQSO,tanh,0.9698492462311558,0.4017812034777569,0.9118476084876019
NGC3628-XQSO,tanh,0.9748743718592965,0.4017074889041009,0.9120310947632937
NGC3628-XQSO,tanh,0.9798994974874372,0.401638535084171,0.91220276131305
NGC3628-XQSO,tanh,0.9849246231155779,0.4015740355451166,0.9123633652217824
NGC3628-XQSO,tanh,0.9899497487437187,0.40151370341874637,0.9125136156204787
NGC3628-XQSO,tanh,0.9949748743718593,0.401457270203055,0.9126541766560284
NGC3628-XQSO,tanh,1.0,0.4014044846000233,0.9127856702856401
NGC3628-XQSO,yukawa,0.0,0.999985418892988,1.458121331739808e-05
NGC3628-XQSO,yukawa,0.005025125628140704,0.999984747786461,1.525232985523258e-05
NGC3628-XQSO,yukawa,0.010050251256281407,0.9999840454230456,1.595470422997452e-05
NGC3628-XQSO,yukawa,0.01507537688442211,0.9999833103264271,1.6689812847085443e-05
NGC3628-XQSO,yukawa,0.020100502512562814,0.999982540949395,1.7459203016015606e-05
NGC3628-XQSO,yukawa,0.02512562814070352,0.9999817356703712,1.8264496423713633e-05
NGC3628-XQSO,yukawa,0.03015075376884422,0.9999808927897632,1.9107392781857432e-05
NGC3628-XQSO,yukawa,0.035175879396984924,0.9999800105261344,1.9989673657806663e-05
NGC3628-XQSO,yukawa,0.04020100502512563,0.999979087012182,2.0913206497612207e-05
NGC3628-XQSO,yukawa,0.04522613065326633,0.9999781202905127,2.1879948851639778e-05
NGC3628-XQSO,yukawa,0.05025125628140704,0.9999771083092043,2.2891952814475737e-05
NGC3628-XQSO,yukawa,0.05527638190954774,0.9999760489171445,2.3951369687231702e-05
NGC3628-XQSO,yukawa,0.06030150753768844,0.9999749398591334,2.5060454877138066e-05
NGC3628-XQSO,yukawa,0.06532663316582915,0.9999737787707375,2.6221573044987962e-05
NGC3628-XQSO,yukawa,0.07035175879396985,0.9999725631728839,2.7437203512771016e-05
NGC3628-XQSO,yukawa,0.07537688442211056,0.9999712904661788,2.8709945947723695e-05
NGC3628-XQSO,yukawa,0.08040201005025126,0.9999699579249381,3.004252633402866e-05
NGC3628-XQSO,yukawa,0.08542713567839195,0.999968562690913,3.1437803249503855e-05
NGC3628-XQSO,yukawa,0.09045226130653267,0.9999671017666955,3.2898774463291867e-05
NGC3628-XQSO,yukawa,0.09547738693467336,0.9999655720087876,3.442858386934115e-05
NGC3628-XQSO,yukawa,0.10050251256281408,0.9999639701203156,3.60305287761356e-05
NGC3628-XQSO,yukawa,0.10552763819095477,0.9999622926433702,3.770806757002304e-05
NGC3628-XQSO,yukawa,0.11055276381909548,0.9999605359509545,3.946482777160586e-05
NGC3628-XQSO,yukawa,0.11557788944723618,0.9999586962385161,4.1304614507769176e-05
NGC3628-XQSO,yukawa,0.12060301507537688,0.9999567695150451,4.323141941926115e-05
NGC3628-XQSO,yukawa,0.12562814070351758,0.9999547515937112,4.5249430028851334e-05
NGC3628-XQSO,yukawa,0.1306532663316583,0.9999526380820172,4.736303959387649e-05
NGC3628-XQSO,yukawa,0.135678391959799,0.999950424371443,4.957685746909778e-05
NGC3628-XQSO,yukawa,0.1407035175879397,0.999948105626552,5.1895720007575415e-05
NGC3628-XQSO,yukawa,0.1457286432160804,0.9999456767735315,5.4324702028383204e-05
NGC3628-XQSO,yukawa,0.15075376884422112,0.9999431324881368,5.686912888143587e-05
NGC3628-XQSO,yukawa,0.15577889447236182,0.9999404671830063,5.953458914215213e-05
NGC3628-XQSO,yukawa,0.16080402010050251,0.999937674994314,6.232694796990615e-05
NGC3628-XQSO,yukawa,0.1658291457286432,0.9999347497677228,6.525236116622778e-05
NGC3628-XQSO,yukawa,0.1708542713567839,0.9999316850436026,6.831728997027697e-05
NGC3628-XQSO,yukawa,0.17587939698492464,0.9999284740414698,7.152851663356946e-05
NGC3628-XQSO,yukawa,0.18090452261306533,0.9999251096436085,7.489316081427878e-05
NGC3628-XQSO,yukawa,0.18592964824120603,0.9999215843778283,7.841869683733728e-05
NGC3628-XQSO,yukawa,0.19095477386934673,0.9999178903993093,8.211297186846219e-05
NGC3628-XQSO,yukawa,0.19597989949748745,0.9999140194714873,8.59842250502491e-05
NGC3628-XQSO,yukawa,0.20100502512562815,0.9999099629459226,9.004110765626665e-05
NGC3628-XQSO,yukawa,0.20603015075376885,0.9999057117411002,9.429270431710756e-05
NGC3628-XQSO,yukawa,0.21105527638190955,0.9999012563200984,9.874855537970305e-05
NGC3628-XQSO,yukawa,0.21608040201005024,0.9998965866670663,0.00010341868046112061
NGC3628-XQSO,yukawa,0.22110552763819097,0.9998916922624409,0.00010831360326564473
NGC3628-XQSO,yukawa,0.22613065326633167,0.9998865620568362,0.00011344437773385879
NGC3628-XQSO,yukawa,0.23115577889447236,0.9998811844435275,0.00011882261559992063
NGC3628-XQSO,yukawa,0.23618090452261306,0.9998755472294534,0.00012446051543526056
NGC3628-XQSO,yukawa,0.24120603015075376,0.9998696376046528,0.00013037089326285736
NGC3628-XQSO,yukawa,0.24623115577889448,0.9998634421100459,0.00013656721483173528
NGC3628-XQSO,yukawa,0.25125628140703515,0.9998569466034687,0.00014306362964437415
NGC3628-XQSO,yukawa,0.2562814070351759,0.9998501362238593,0.00014987500683844303
NGC3628-XQSO,yukawa,0.2613065326633166,0.9998429953534922,0.0001570169730275512
NGC3628-XQSO,yukawa,0.2663316582914573,0.9998355075781487,0.00016450595221355267
NGC3628-XQSO,yukawa,0.271356783919598,0.999827655645105,0.00017235920788990304
NGC3628-XQSO,yukawa,0.2763819095477387,0.9998194214188134,0.00018059488746164956
NGC3628-XQSO,yukawa,0.2814070351758794,0.999810785834143,0.0001892320691157263
NGC3628-XQSO,yukawa,0.2864321608040201,0.9998017288470381,0.0001982908112854367
NGC3628-XQSO,yukawa,0.2914572864321608,0.9997922293824472,0.00020779220485778757
NGC3628-XQSO,yukawa,0.2964824120603015,0.9997822652793606,0.00021775842828501775
NGC3628-XQSO,yukawa,0.30150753768844224,0.9997718132327907,0.00022821280577080318
NGC3628-XQSO,yukawa,0.3065326633165829,0.9997608487325133,0.00023917986871122184
NGC3628-XQSO,yukawa,0.31155778894472363,0.9997493459983826,0.0002506854205819556
NGC3628-XQSO,yukawa,0.3165829145728643,0.9997372779120154,0.0002627566054781745
NGC3628-XQSO,yukawa,0.32160804020100503,0.9997246159446316,0.0002754219805202118
NGC3628-XQSO,yukawa,0.32663316582914576,0.9997113300808212,0.00028871159235992715
NGC3628-XQSO,yukawa,0.3316582914572864,0.9996973887379973,0.000302657058029813
NGC3628-XQSO,yukawa,0.33668341708542715,0.9996827586812748,0.0003172916503975287
NGC3628-XQSO,yukawa,0.3417085427135678,0.999667404933503,0.0003326503885029856
NGC3628-XQSO,yukawa,0.34673366834170855,0.9996512906801586,0.0003487701330741441
NGC3628-XQSO,yukawa,0.35175879396984927,0.9996343771687881,0.00036568968753586764
NGC3628-XQSO,yukawa,0.35678391959798994,0.9996166236026715,0.00038344990484752965
NGC3628-XQSO,yukawa,0.36180904522613067,0.9995979870283526,0.000402093800525687
NGC3628-XQSO,yukawa,0.36683417085427134,0.9995784222166626,0.0004216666722343704
NGC3628-XQSO,yukawa,0.37185929648241206,0.9995578815368377,0.000442216226346402
NGC3628-XQSO,yukawa,0.3768844221105528,0.9995363148233039,0.00046379271191063443
NGC3628-XQSO,yukawa,0.38190954773869346,0.9995136692346768,0.00048644906248579965
NGC3628-XQSO,yukawa,0.3869346733668342,0.999489889104493,0.0005102410463326523
NGC3628-XQSO,yukawa,0.3919597989949749,0.9994649157831549,0.0005352274254927448
NGC3628-XQSO,yukawa,0.3969849246231156,0.9994386874705415,0.0005614701243123912
NGC3628-XQSO,yukawa,0.4020100502512563,0.9994111390386968,0.0005890344080130526
NGC3628-XQSO,yukawa,0.40703517587939697,0.9993822018439673,0.0006179890719492052
NGC3628-XQSO,yukawa,0.4120603015075377,0.999351803527922,0.000648406642237185
NGC3628-XQSO,yukawa,0.4170854271356784,0.9993198678063372,0.0006803635884885653
NGC3628-XQSO,yukawa,0.4221105527638191,0.9992863142454828,0.0007139405494315595
NGC3628-XQSO,yukawa,0.4271356783919598,0.999251058024893,0.0007492225722574401
NGC3628-XQSO,yukawa,0.4321608040201005,0.9992140096857483,0.0007862993665908402
NGC3628-XQSO,yukawa,0.4371859296482412,0.9991750748639325,0.0008252655740442973
NGC3628-XQSO,yukawa,0.44221105527638194,0.9991341540067673,0.0008662210543871198
NGC3628-XQSO,yukawa,0.4472361809045226,0.999091142072351,0.0009092711894318513
NGC3628-XQSO,yukawa,0.45226130653266333,0.9990459282103574,0.0009545272058219984
NGC3628-XQSO,yukawa,0.457286432160804,0.9989983954230659,0.0010021065179906651
NGC3628-XQSO,yukawa,0.4623115577889447,0.9989484202053055,0.0010521330926521189
NGC3628-XQSO,yukawa,0.46733668341708545,0.9988958721619032,0.0011047378362901948
NGC3628-XQSO,yukawa,0.4723618090452261,0.9988406136011225,0.0011600590072139859
NGC3628-XQSO,yukawa,0.47738693467336685,0.9987824991024689,0.0012182426538693495
NGC3628-XQSO,yukawa,0.4824120603015075,0.9987213750571169,0.0012794430812244786
NGC3628-XQSO,yukawa,0.48743718592964824,0.9986570791790902,0.0013438233471801293
NGC3628-XQSO,yukawa,0.49246231155778897,0.9985894399851806,0.0014115557911087643
NGC3628-XQSO,yukawa,0.49748743718592964,0.9985182762414455,0.0014828225967867643
NGC3628-XQSO,yukawa,0.5025125628140703,0.9984433963739602,0.0015578163921582677
NGC3628-XQSO,yukawa,0.507537688442211,0.9983645978413224,0.0016367408885615226
NGC3628-XQSO,yukawa,0.5125628140703518,0.9982816664662199,0.0017198115622534048
NGC3628-XQSO,yukawa,0.5175879396984925,0.9981943757231616,0.0018072563812937992
NGC3628-XQSO,yukawa,0.5226130653266332,0.9981024859792514,0.0018993165810946473
NGC3628-XQSO,yukawa,0.5276381909547738,0.9980057436846378,0.0019962474922063014
NGC3628-XQSO,yukawa,0.5326633165829145,0.9979038805090116,0.002098319424201527
NGC3628-XQSO,yukawa,0.5376884422110553,0.9977966124202359,0.0022058186098348953
NGC3628-XQSO,yukawa,0.542713567839196,0.9976836387008818,0.002319048213997871
NGC3628-XQSO,yukawa,0.5477386934673367,0.9975646408981028,0.002438329412369863
NGC3628-XQSO,yukawa,0.5527638190954774,0.9974392817019164,0.0025640025450702803
NGC3628-XQSO,yukawa,0.5577889447236181,0.997307203746557,0.0026964283510721217
NGC3628-XQSO,yukawa,0.5628140703517588,0.9971680283291274,0.0028359892896260056
NGC3628-XQSO,yukawa,0.5678391959798995,0.9970213540393038,0.0029830909554807417
NGC3628-XQSO,yukawa,0.5728643216080402,0.996866755293324,0.003138163595280313
NGC3628-XQSO,yukawa,0.577889447236181,0.9967037807649265,0.003301663733161389
NGC3628-XQSO,yukawa,0.5829145728643216,0.9965319517052845,0.0034740759142882762
NGC3628-XQSO,yukawa,0.5879396984924623,0.9963507601433053,0.003655914575842479
NGC3628-XQSO,yukawa,0.592964824120603,0.996159666956921,0.0038477260558438236
NGC3628-XQSO,yukawa,0.5979899497487438,0.995958099805189,0.004050090751127396
NGC3628-XQSO,yukawa,0.6030150753768845,0.9957454509101276,0.004263625436842137
NGC3628-XQSO,yukawa,0.6080402010050251,0.9955210746762425,0.0044889857609892005
NGC3628-XQSO,yukawa,0.6130653266331658,0.995284285134626,0.004726868928789862
NGC3628-XQSO,yukawa,0.6180904522613065,0.9950343531973391,0.004978016593075426
NGC3628-XQSO,yukawa,0.6231155778894473,0.9947705037064956,0.00524321796845104
NGC3628-XQSO,yukawa,0.628140703517588,0.9944919122610452,0.0055233131887050865
NGC3628-XQSO,yukawa,0.6331658291457286,0.9941977018026918,0.005819196928851506
NGC3628-XQSO,yukawa,0.6381909547738693,0.9938869389406586,0.006131822315311985
NGC3628-XQSO,yukawa,0.6432160804020101,0.9935586299931113,0.00646220515010808
NGC3628-XQSO,yukawa,0.6482412060301508,0.993211716720954,0.006811428477561874
NGC3628-XQSO,yukawa,0.6532663316582915,0.9928450717273938,0.00718064752493043
NGC3628-XQSO,yukawa,0.6582914572864321,0.9924574934941052,0.007571095051672232
NGC3628-XQSO,yukawa,0.6633165829145728,0.9920477010219892,0.007984087145694388
NGC3628-XQSO,yukawa,0.6683417085427136,0.9916143280413754,0.008421029509019655
NGC3628-XQSO,yukawa,0.6733668341708543,0.9911559167530247,0.008883424279893276
NGC3628-XQSO,yukawa,0.678391959798995,0.9906709110574218,0.009372877443489105
NGC3628-XQSO,yukawa,0.6834170854271356,0.9901576492255301,0.009891106889156292
NGC3628-XQSO,yukawa,0.6884422110552764,0.9896143559593998,0.010439951178645579
NGC3628-XQSO,yukawa,0.6934673366834171,0.9890391337856745,0.011021379097087529
NGC3628-XQSO,yukawa,0.6984924623115578,0.988429953719089,0.011637500066770891
NGC3628-XQSO,yukawa,0.7035175879396985,0.9877846451264062,0.01229057551312737
NGC3628-XQSO,yukawa,0.7085427135678392,0.9871008847138094,0.012983031282929615
NGC3628-XQSO,yukawa,0.7135678391959799,0.9863761845524501,0.013717471226743222
NGC3628-XQSO,yukawa,0.7185929648241206,0.9856078790475374,0.014496692071343156
NGC3628-XQSO,yukawa,0.7236180904522613,0.9847931107459025,0.01532369972338276
NGC3628-XQSO,yukawa,0.7286432160804021,0.983928814865234,0.01620172716336906
NGC3628-XQSO,yukawa,0.7336683417085427,0.9830117024149766,0.017134254109314635
NGC3628-XQSO,yukawa,0.7386934673366834,0.982038241764022,0.018125028652699764
NGC3628-XQSO,yukawa,0.7437185929648241,0.9810046384935549,0.019178091096092247
NGC3628-XQSO,yukawa,0.7487437185929648,0.9799068133544926,0.020297800252492348
NGC3628-XQSO,yukawa,0.7537688442211056,0.9787403781275583,0.021488862501887647
NGC3628-XQSO,yukawa,0.7587939698492463,0.9775006091598,0.02275636394142935
NGC3628-XQSO,yukawa,0.7638190954773869,0.9761824183238981,0.02410580601303754
NGC3628-XQSO,yukawa,0.7688442211055276,0.974780321115423,0.025543145047268196
NGC3628-XQSO,yukawa,0.7738693467336684,0.9732884015677397,0.027074836226323118
NGC3628-XQSO,yukawa,0.7788944723618091,0.9717002736238821,0.028707882543820427
NGC3628-XQSO,yukawa,0.7839195979899498,0.970009038558683,0.030449889426386698
NGC3628-XQSO,yukawa,0.7889447236180904,0.9682072379918576,0.03230912578474062
NGC3628-XQSO,yukawa,0.7939698492462312,0.9662868019726113,0.034294592382670464
NGC3628-XQSO,yukawa,0.7989949748743719,0.9642389915474655,0.03641609855480532
NGC3628-XQSO,yukawa,0.8040201005025126,0.9620543351439864,0.03868434847279164
NGC3628-XQSO,yukawa,0.8090452261306533,0.9597225580123556,0.04111103835986416
NGC3628-XQSO,yukawa,0.8140703517587939,0.9572325038623234,0.04370896629260612
NGC3628-XQSO,yukawa,0.8190954773869347,0.9545720477128286,0.046492156514284226
NGC3628-XQSO,yukawa,0.8241206030150754,0.9517279988328673,0.049476000526918876
NGC3628-XQSO,yukawa,0.8291457286432161,0.9486859924919971,0.052677417642243346
NGC3628-XQSO,yukawa,0.8341708542713568,0.9454303690536564,0.05611503817124013
NGC3628-XQSO,yukawa,0.8391959798994975,0.9419440387301202,0.059809413038669434
NGC3628-XQSO,yukawa,0.8442211055276382,0.9382083300696182,0.06378325434909038
NGC3628-XQSO,yukawa,0.8492462311557789,0.9342028199583554,0.06806171233770114
NGC3628-XQSO,yukawa,0.8542713567839196,0.9299051425865095,0.0726726952557125
NGC3628-XQSO,yukawa,0.8592964824120604,0.9252907744404577,0.0776472401211151
NGC3628-XQSO,yukawa,0.864321608040201,0.9203327919352596,0.08301994398329363
NGC3628-XQSO,yukawa,0.8693467336683417,0.9150015977827052,0.0888294674975336
NGC3628-XQSO,yukawa,0.8743718592964824,0.9092646115911646,0.09511912530611685
NGC3628-XQSO,yukawa,0.8793969849246231,0.9030859195038525,0.10193758113930843
NGC3628-XQSO,yukawa,0.8844221105527639,0.8964258768921215,0.10933966989937767
NGC3628-XQSO,yukawa,0.8894472361809045,0.8892406572218503,0.11738737456597542
NGC3628-XQSO,yukawa,0.8944723618090452,0.8814817391996314,0.12615099295761312
NGC3628-XQSO,yukawa,0.8994974874371859,0.8730953231846273,0.13571053874297045
NGC3628-XQSO,yukawa,0.9045226130653267,0.8640216666387626,0.14615743336430995
NGC3628-XQSO,yukawa,0.9095477386934674,0.8541943271232254,0.15759656175436812
NGC3628-XQSO,yukawa,0.914572864321608,0.843539300113997,0.17014878636363565
NGC3628-XQSO,yukawa,0.9195979899497487,0.8319740378507084,0.18395404315415922
NGC3628-XQSO,yukawa,0.9246231155778895,0.8194063348082987,0.1991751828664233
NGC3628-XQSO,yukawa,0.9296482412060302,0.8057330656257025,0.2160027754162878
NGC3628-XQSO,yukawa,0.9346733668341709,0.7908387631696808,0.2346611712217503
NGC3628-XQSO,yukawa,0.9396984924623115,0.7745940290662121,0.25541622034042305
NGC3628-XQSO,yukawa,0.9447236180904522,0.756853778501548,0.27858520338125775
NGC3628-XQSO,yukawa,0.949748743718593,0.7374553387001542,0.3045497502965595
NGC3628-XQSO,yukawa,0.9547738693467337,0.7162164517411167,0.33377285080601454
NGC3628-XQSO,yukawa,0.9597989949748744,0.6929332864817723,0.3668215521293368
NGC3628-XQSO,yukawa,0.964824120603015,0.6673786567802711,0.4043976928281996
NGC3628-XQSO,yukawa,0.9698492462311558,0.6393008001272131,0.4473801996425665
NGC3628-XQSO,yukawa,0.9748743718592965,0.6084233369018645,0.49688436150577725
NGC3628-XQSO,yukawa,0.9798994974874372,0.5744474826783927,0.5543465998346004
NGC3628-XQSO,yukawa,0.9849246231155779,0.5370583576274138,0.6216485169561736
NGC3628-XQSO,yukawa,0.9899497487437187,0.49593856000429676,0.7013032308889295
NGC3628-XQSO,yukawa,0.9949748743718593,0.45079444728760076,0.7967438143555513
NGC3628-XQSO,yukawa,1.0,0.4014044846000233,0.9127856702856401
NGC4258-QSOs,exponential,0.0,1.0,-0.0
NGC4258-QSOs,exponential,0.005025125628140704,0.9942507180786724,0.005765872663094329
NGC4258-QSOs,exponential,0.010050251256281407,0.9886158459141902,0.011449449597041346
NGC4258-QSOs,exponential,0.01507537688442211,0.9830931067713646,0.017051446360659323
NGC4258-QSOs,exponential,0.020100502512562814,0.9776802692216592,0.022572585484559825
NGC4258-QSOs,exponential,0.02512562814070352,0.9723751462415958,0.028013596058916786
NGC4258-QSOs,exponential,0.03015075376884422,0.9671755943291004,0.03337521332384414
NGC4258-QSOs,exponential,0.035175879396984924,0.9620795126374351,0.03865817826277312
NGC4258-QSOs,exponential,0.04020100502512563,0.9570848421263634,0.04386323719921657
NGC4258-QSOs,exponential,0.04522613065326633,0.9521895647302084,0.0489911413972833
NGC4258-QSOs,exponential,0.05025125628140704,0.9473917025424655,0.054042646666297996
NGC4258-QSOs,exponential,0.05527638190954774,0.9426893170166412,0.05901851296986037
NGC4258-QSOs,exponential,0.06030150753768844,0.9380805081829959,0.06391950403966476
NGC4258-QSOs,exponential,0.06532663316582915,0.9335634138808732,0.06874638699438589
NGC4258-QSOs,exponential,0.07035175879396985,0.9291362090063042,0.07349993196391826
NGC4258-QSOs,exponential,0.07537688442211056,0.9247971047745869,0.07818091171924148
NGC4258-QSOs,exponential,0.08040201005025126,0.920544347997538,0.08279010130816816
NGC4258-QSOs,exponential,0.08542713567839195,0.9163762203751284,0.08732827769721511
NGC4258-QSOs,exponential,0.09045226130653267,0.9122910378012148,0.09179621941982016
NGC4258-QSOs,exponential,0.09547738693467336,0.9082871496830864,0.0961947062311148
NGC4258-QSOs,exponential,0.10050251256281408,0.904362938274554,0.10052451876944282
NGC4258-QSOs,exponential,0.10552763819095477,0.9005168180223094,0.10478643822480253
NGC4258-QSOs,exponential,0.11055276381909548,0.896747234925292,0.10898124601437406
NGC4258-QSOs,exponential,0.11557788944723618,0.8930526659068048,0.11310972346527566
NGC4258-QSOs,exponential,0.12060301507537688,0.8894316181991243,0.1171726515046824
NGC4258-QSOs,exponential,0.12562814070351758,0.8858826287403575,0.12117081035742024
NGC4258-QSOs,exponential,0.1306532663316583,0.8824042635833,0.12510497925114025
NGC4258-QSOs,exponential,0.135678391959799,0.8789951173160596,0.1289759361291576
NGC4258-QSOs,exponential,0.1407035175879397,0.875653812494207,0.13278445737103234
NGC4258-QSOs,exponential,0.1457286432160804,0.8723789990842292,0.13653131752094907
NGC4258-QSOs,exponential,0.15075376884422112,0.8691693539180558,0.14021728902394626
NGC4258-QSOs,exponential,0.15577889447236182,0.8660235801584419,0.14384314197002773
NGC4258-QSOs,exponential,0.16080402010050251,0.8629404067749886,0.14740964384618113
NGC4258-QSOs,exponential,0.1658291457286432,0.8599185880305911,0.15091755929631326
NGC4258-QSOs,exponential,0.1708542713567839,0.8569569029781066,0.15436764988910226
NGC4258-QSOs,exponential,0.17587939698492464,0.8540541549670376,0.15776067389375764
NGC4258-QSOs,exponential,0.18090452261306533,0.8512091711600336,0.16109738606366322
NGC4258-QSOs,exponential,0.18592964824120603,0.8484208020590124,0.1643785374278756
NGC4258-QSOs,exponential,0.19095477386934673,0.8456879210407133,0.1676048750904346
NGC4258-QSOs,exponential,0.19597989949748745,0.8430094239014916,0.17077714203743813
NGC4258-QSOs,exponential,0.20100502512562815,0.8403842284111719,0.173896076951821
NGC4258-QSOs,exponential,0.20603015075376885,0.83781127387578,0.1769624140357732
NGC4258-QSOs,exponential,0.21105527638190955,0.8352895207089759,0.17997688284072283
NGC4258-QSOs,exponential,0.21608040201005024,0.8328179500120152,0.18294020810480202
NGC4258-QSOs,exponential,0.22110552763819097,0.8303955631620696,0.18585310959770873
NGC4258-QSOs,exponential,0.22613065326633167,0.8280213814087396,0.1887163019728692
NGC4258-QSOs,exponential,0.23115577889447236,0.8256944454785964,0.19153049462680125
NGC4258-QSOs,exponential,0.23618090452261306,0.8234138151875929,0.19429639156557357
NGC4258-QSOs,exponential,0.24120603015075376,0.8211785690611894,0.19701469127824772
NGC4258-QSOs,exponential,0.24623115577889448,0.818987803962036,0.19968608661719076
NGC4258-QSOs,exponential,0.25125628140703515,0.8168406347250666,0.20231126468513608
NGC4258-QSOs,exponential,0.2562814070351759,0.8147361937998534,0.20489090672887014
NGC4258-QSOs,exponential,0.2613065326633166,0.8126736309000777,0.20742568803941852
NGC4258-QSOs,exponential,0.2663316582914573,0.8106521126599779,0.20991627785859943
NGC4258-QSOs,exponential,0.271356783919598,0.8086708222976328,0.21236333929181372
NGC4258-QSOs,exponential,0.2763819095477387,0.806728959284946,0.2147675292269341
NGC4258-QSOs,exponential,0.2814070351758794,0.8048257390241974,0.21712949825915873
NGC4258-QSOs,exponential,0.2864321608040201,0.8029603925310315,0.21944989062168593
NGC4258-QSOs,exponential,0.2914572864321608,0.8011321661237538,0.22172934412207349
NGC4258-QSOs,exponential,0.2964824120603015,0.7993403211188108,0.2239684900841375
NGC4258-QSOs,exponential,0.30150753768844224,0.797584133532329,0.22616795329524944
NGC4258-QSOs,exponential,0.3065326633165829,0.795862893787594,0.22832835195888757
NGC4258-QSOs,exponential,0.31155778894472363,0.7941759064283505,0.23045029765229794
NGC4258-QSOs,exponential,0.3165829145728643,0.7925224898378069,0.2325343952891231
NGC4258-QSOs,exponential,0.32160804020100503,0.7909019759632333,0.23458124308685152
NGC4258-QSOs,exponential,0.32663316582914576,0.7893137100460379,0.23659143253894674
NGC4258-QSOs,exponential,0.3316582914572864,0.7877570503572167,0.2385655483915109
NGC4258-QSOs,exponential,0.33668341708542715,0.7862313679380659,0.24050416862434282
NGC4258-QSOs,exponential,0.3417085427135678,0.7847360463460562,0.24240786443624532
NGC4258-QSOs,exponential,0.34673366834170855,0.783270481405762,0.24427720023444502
NGC4258-QSOs,exponential,0.35175879396984927,0.7818340809647488,0.24611273362798256
NGC4258-QSOs,exponential,0.35678391959798994,0.7804262646543172,0.24791501542493677
NGC4258-QSOs,exponential,0.36180904522613067,0.7790464636550083,0.24968458963334633
NGC4258-QSOs,exponential,0.36683417085427134,0.7776941204667769,0.25142199346569144
NGC4258-QSOs,exponential,0.37185929648241206,0.7763686886837355,0.253127757346808
NGC4258-QSOs,exponential,0.3768844221105528,0.7750696327733837,0.25480240492509637
NGC4258-QSOs,exponential,0.38190954773869346,0.7737964278602287,0.25644645308690106
NGC4258-QSOs,exponential,0.3869346733668342,0.7725485595137132,0.2580604119739304
NGC4258-QSOs,exponential,0.3919597989949749,0.7713255235403624,0.2596447850035935
NGC4258-QSOs,exponential,0.3969849246231156,0.7701268257800683,0.26120006889213
NGC4258-QSOs,exponential,0.4020100502512563,0.768951981906427,0.262726753680413
NGC4258-QSOs,exponential,0.40703517587939697,0.7678005172310498,0.26422532276230665
NGC4258-QSOs,exponential,0.4120603015075377,0.766671966511768,0.26569625291546267
NGC4258-QSOs,exponential,0.4170854271356784,0.7655658737646553,0.2671400143344416
NGC4258-QSOs,exponential,0.4221105527638191,0.7644817920797896,0.26855707066604917
NGC4258-QSOs,exponential,0.4271356783919598,0.7634192834406821,0.2699478790467781
NGC4258-QSOs,exponential,0.4321608040201005,0.7623779185472999,0.2713128901422493
NGC4258-QSOs,exponential,0.4371859296482412,0.7613572766426089,0.2726525481885516
NGC4258-QSOs,exponential,0.44221105527638194,0.7603569453425707,0.27396729103537426
NGC4258-QSOs,exponential,0.4472361809045226,0.759376520469521,0.27525755019083853
NGC4258-QSOs,exponential,0.45226130653266333,0.7584156058888635,0.2765237508679317
NGC4258-QSOs,exponential,0.457286432160804,0.7574738133490151,0.2777663120324471
NGC4258-QSOs,exponential,0.4623115577889447,0.7565507623245346,0.27898564645234464
NGC4258-QSOs,exponential,0.46733668341708545,0.755646079862374,0.280182160748439
NGC4258-QSOs,exponential,0.4723618090452261,0.7547594004311892,0.2813562554463338
NGC4258-QSOs,exponential,0.47738693467336685,0.7538903657736491,0.2825083250295163
NGC4258-QSOs,exponential,0.4824120603015075,0.7530386247616843,0.28363875799353283
NGC4258-QSOs,exponential,0.48743718592964824,0.7522038332546154,0.284747936901168
NGC4258-QSOs,exponential,0.49246231155778897,0.7513856539601058,0.2858362384385504
NGC4258-QSOs,exponential,0.49748743718592964,0.7505837562978804,0.28690403347211285
NGC4258-QSOs,exponential,0.5025125628140703,0.7497978162661567,0.2879516871063367
NGC4258-QSOs,exponential,0.507537688442211,0.7490275163107337,0.28897955874221093
NGC4258-QSOs,exponential,0.5125628140703518,0.7482725451966867,0.2899880021363401
NGC4258-QSOs,exponential,0.5175879396984925,0.7475325978826144,0.2909773654606385
NGC4258-QSOs,exponential,0.5226130653266332,0.7468073753973885,0.29194799136254884
NGC4258-QSOs,exponential,0.5276381909547738,0.7460965847193568,0.2929002170257245
NGC4258-QSOs,exponential,0.5326633165829145,0.7453999386579493,0.29383437423112074
NGC4258-QSOs,exponential,0.5376884422110553,0.7447171557376406,0.2947507894184386
NGC4258-QSOs,exponential,0.542713567839196,0.744047960084222,0.29564978374786843
NGC4258-QSOs,exponential,0.5477386934673367,0.7433920813133355,0.2965316731620842
NGC4258-QSOs,exponential,0.5527638190954774,0.7427492544212266,0.2973967684484373
NGC4258-QSOs,exponential,0.5577889447236181,0.7421192196776726,0.2982453753013042
NGC4258-QSOs,exponential,0.5628140703517588,0.7415017225210381,0.29907779438454496
NGC4258-QSOs,exponential,0.5678391959798995,0.7408965134554226,0.29989432139402566
NGC4258-QSOs,exponential,0.5728643216080402,0.7403033479498526,0.30069524712016765
NGC4258-QSOs,exponential,0.577889447236181,0.7397219863394804,0.3014808575104817
NGC4258-QSOs,exponential,0.5829145728643216,0.7391521937287487,0.30225143373205043
NGC4258-QSOs,exponential,0.5879396984924623,0.7385937398964835,0.30300725223392316
NGC4258-QSOs,exponential,0.592964824120603,0.7380463992028732,0.3037485848093889
NGC4258-QSOs,exponential,0.5979899497487438,0.7375099504983016,0.3044756986580942
NGC4258-QSOs,exponential,0.6030150753768845,0.7369841770339931,0.3051888564479759
NGC4258-QSOs,exponential,0.6080402010050251,0.7364688663744368,0.3058883163769788
NGC4258-QSOs,exponential,0.6130653266331658,0.7359638103115527,0.3065743322345298
NGC4258-QSOs,exponential,0.6180904522613065,0.735468804780568,0.3072471534627412
NGC4258-QSOs,exponential,0.6231155778894473,0.7349836497775644,0.3079070252173212
NGC4258-QSOs,exponential,0.628140703517588,0.7345081492786685,0.3085541884281633
NGC4258-QSOs,exponential,0.6331658291457286,0.7340421111608495,0.30918887985959465
NGC4258-QSOs,exponential,0.6381909547738693,0.7335853471242932,0.3098113321702616
NGC4258-QSOs,exponential,0.6432160804020101,0.7331376726163203,0.31042177397263243
NGC4258-QSOs,exponential,0.6482412060301508,0.7326989067568195,0.31102042989209727
NGC4258-QSOs,exponential,0.6532663316582915,0.7322688722651631,0.31160752062564956
NGC4258-QSOs,exponential,0.6582914572864321,0.7318473953885793,0.31218326300012883
NGC4258-QSOs,exponential,0.6633165829145728,0.731434305831947,0.3127478700300145
NGC4258-QSOs,exponential,0.6683417085427136,0.73102943668899,0.31330155097474993
NGC4258-QSOs,exponential,0.6733668341708543,0.7306326243748396,0.31384451139558783
NGC4258-QSOs,exponential,0.678391959798995,0.7302437085599383,0.3143769532119433
NGC4258-QSOs,exponential,0.6834170854271356,0.7298625321052605,0.31489907475724055
NGC4258-QSOs,exponential,0.6884422110552764,0.7294889409988214,0.3154110708342453
NGC4258-QSOs,exponential,0.6934673366834171,0.7291227842934487,0.31591313276987204
NGC4258-QSOs,exponential,0.6984924623115578,0.7287639140457942,0.3164054484694552
NGC4258-QSOs,exponential,0.7035175879396985,0.7284121852565574,0.31688820247047966
NGC4258-QSOs,exponential,0.7085427135678392,0.7280674558119,0.3173615759957584
NGC4258-QSOs,exponential,0.7135678391959799,0.7277295864260258,0.3178257470060541
NGC4258-QSOs,exponential,0.7185929648241206,0.7273984405849023,0.31828089025213707
NGC4258-QSOs,exponential,0.7236180904522613,0.7270738844911042,0.3187271773262731
NGC4258-QSOs,exponential,0.7286432160804021,0.7267557870097525,0.3191647767131386
NGC4258-QSOs,exponential,0.7336683417085427,0.7264440196155302,0.3195938538401574
NGC4258-QSOs,exponential,0.7386934673366834,0.7261384563407534,0.32001457112725373
NGC4258-QSOs,exponential,0.7437185929648241,0.7258389737244738,0.32042708803602277
NGC4258-QSOs,exponential,0.7487437185929648,0.7255454507625957,0.32083156111831246
NGC4258-QSOs,exponential,0.7537688442211056,0.7252577688589849,0.3212281440642152
NGC4258-QSOs,exponential,0.7587939698492463,0.7249758117775503,0.32161698774946956
NGC4258-QSOs,exponential,0.7638190954773869,0.7246994655952801,0.321998240282269
NGC4258-QSOs,exponential,0.7688442211055276,0.7244286186562112,0.3223720470494777
NGC4258-QSOs,exponential,0.7738693467336684,0.724163161526316,0.32273855076225344
NGC4258-QSOs,exponential,0.7788944723618091,0.7239029869492856,0.32309789150107804
NGC4258-QSOs,exponential,0.7839195979899498,0.723647989803194,0.3234502067601942
NGC4258-QSOs,exponential,0.7889447236180904,0.723398067058024,0.32379563149145274
NGC4258-QSOs,exponential,0.7939698492462312,0.7231531177340389,0.3241342981475677
NGC4258-QSOs,exponential,0.7989949748743719,0.7229130428609817,0.3244663367247848
NGC4258-QSOs,exponential,0.8040201005025126,0.7226777454380875,0.32479187480496174
NGC4258-QSOs,exponential,0.8090452261306533,0.72244713039489,0.3251110375970661
NGC4258-QSOs,exponential,0.8140703517587939,0.7222211045528097,0.3254239479780888
NGC4258-QSOs,exponential,0.8190954773869347,0.7219995765875056,0.32573072653338087
NGC4258-QSOs,exponential,0.8241206030150754,0.7217824569919757,0.32603149159641226
NGC4258-QSOs,exponential,0.8291457286432161,0.7215696580403924,0.3263263592879601
NGC4258-QSOs,exponential,0.8341708542713568,0.7213610937526578,0.32661544355472477
NGC4258-QSOs,exponential,0.8391959798994975,0.7211566798596631,0.32689885620738274
NGC4258-QSOs,exponential,0.8442211055276382,0.720956333769242,0.32717670695807527
NGC4258-QSOs,exponential,0.8492462311557789,0.720759974532797,0.32744910345734257
NGC4258-QSOs,exponential,0.8542713567839196,0.7205675228125957,0.32771615133050047
NGC4258-QSOs,exponential,0.8592964824120604,0.7203789008497126,0.32797795421347115
NGC4258-QSOs,exponential,0.864321608040201,0.7201940324326122,0.32823461378806695
NGC4258-QSOs,exponential,0.8693467336683417,0.7200128428663557,0.32848622981673614
NGC4258-QSOs,exponential,0.8743718592964824,0.7198352589424215,0.3287329001767714
NGC4258-QSOs,exponential,0.8793969849246231,0.7196612089091254,0.32897472089398927
NGC4258-QSOs,exponential,0.8844221105527639,0.7194906224426296,0.32921178617588454
NGC4258-QSOs,exponential,0.8894472361809045,0.7193234306185292,0.3294441884442627
NGC4258-QSOs,exponential,0.8944723618090452,0.7191595658840033,0.32967201836735965
NGC4258-QSOs,exponential,0.8994974874371859,0.7189989620305213,0.3298953648914491
NGC4258-QSOs,exponential,0.9045226130653267,0.718841554167091,0.3301143152719481
NGC4258-QSOs,exponential,0.9095477386934674,0.7186872786940403,0.3303289551040215
NGC4258-QSOs,exponential,0.914572864321608,0.7185360732773203,0.3305393683526936
NGC4258-QSOs,exponential,0.9195979899497487,0.718387876823319,0.33074563738247265
NGC4258-QSOs,exponential,0.9246231155778895,0.7182426294541773,0.33094784298649105
NGC4258-QSOs,exponential,0.9296482412060302,0.7181002724835954,0.3311460644151707
NGC4258-QSOs,exponential,0.9346733668341709,0.7179607483931214,0.3313403794044152
NGC4258-QSOs,exponential,0.9396984924623115,0.7178240008089111,0.3315308642033376
NGC4258-QSOs,exponential,0.9447236180904522,0.7176899744789499,0.33171759360152925
NGC4258-QSOs,exponential,0.949748743718593,0.7175586152507297,0.3319006409558718
NGC4258-QSOs,exponential,0.9547738693467337,0.7174298700493682,0.3320800782169033
NGC4258-QSOs,exponential,0.9597989949748744,0.7173036868561642,0.3322559759547404
NGC4258-QSOs,exponential,0.964824120603015,0.7171800146875804,0.33242840338456353
NGC4258-QSOs,exponential,0.9698492462311558,0.717058803574643,0.33259742839167195
NGC4258-QSOs,exponential,0.9748743718592965,0.7169400045427532,0.33276311755611077
NGC4258-QSOs,exponential,0.9798994974874372,0.7168235695918976,0.33292553617688203
NGC4258-QSOs,exponential,0.9849246231155779,0.7167094516772561,0.3330847482957373
NGC4258-QSOs,exponential,0.9899497487437187,0.7165976046901921,0.33324081672056527
NGC4258-QSOs,exponential,0.9949748743718593,0.7164879834396232,0.33339380304837524
NGC4258-QSOs,exponential,1.0,0.7163805436337625,0.3335437676878827
NGC4258-QSOs,tanh,0.0,1.0,-0.0
NGC4258-QSOs,tanh,0.005025125628140704,0.9999749897490866,2.5010563674933365e-05
NGC4258-QSOs,tanh,0.010050251256281407,0.9999482512294291,5.175010958472587e-05
NGC4258-QSOs,tanh,0.01507537688442211,0.9999196653739686,8.033785303030607e-05
NGC4258-QSOs,tanh,0.020100502512562814,0.9998891049642564,0.00011090118505267357
NGC4258-QSOs,tanh,0.02512562814070352,0.9998564340797949,0.00014357622677832889
NGC4258-QSOs,tanh,0.03015075376884422,0.9998215075112377,0.00017850842044242913
NGC4258-QSOs,tanh,0.035175879396984924,0.999784170135235,0.0002158531593820878
NGC4258-QSOs,tanh,0.04020100502512563,0.9997442562485873,0.0002557764594225764
NGC4258-QSOs,tanh,0.04522613065326633,0.999701588859263,0.0002984556742012311
NGC4258-QSOs,tanh,0.05025125628140704,0.999655978931713,0.0003440802571099181
NGC4258-QSOs,tanh,0.05527638190954774,0.999607224583799,0.00039285257266886433
NGC4258-QSOs,tanh,0.06030150753768844,0.9995551102325321,0.0004449887602822074
NGC4258-QSOs,tanh,0.06532663316582915,0.9994994056857014,0.0005007196534634896
NGC4258-QSOs,tanh,0.07035175879396985,0.9994398651763597,0.0005602917577561628
NGC4258-QSOs,tanh,0.07537688442211056,0.9993762263370154,0.0006239682907158995
NGC4258-QSOs,tanh,0.08040201005025126,0.9993082091102827,0.0006920302874499654
NGC4258-QSOs,tanh,0.08542713567839195,0.9992355145926373,0.0007647777753486406
NGC4258-QSOs,tanh,0.09045226130653267,0.9991578238078416,0.0008425310217610976
NGC4258-QSOs,tanh,0.09547738693467336,0.9990747964065296,0.0009256318584903215
NGC4258-QSOs,tanh,0.10050251256281408,0.9989860692883824,0.0010144450870850248
NGC4258-QSOs,tanh,0.10552763819095477,0.9988912551432901,0.0011093599689989302
NGC4258-QSOs,tanh,0.11055276381909548,0.998789940907888,0.001210791804758603
NGC4258-QSOs,tanh,0.11557788944723618,0.9986816861338698,0.0013191836063328017
NGC4258-QSOs,tanh,0.12060301507537688,0.9985660212645409,0.0014350078669187576
NGC4258-QSOs,tanh,0.12562814070351758,0.9984424458161736,0.001558768432346556
NGC4258-QSOs,tanh,0.1306532663316583,0.9983104264608763,0.0016910024782543958
NGC4258-QSOs,tanh,0.135678391959799,0.9981693950079016,0.0018322825970843028
NGC4258-QSOs,tanh,0.1407035175879397,0.9980187462805973,0.001983218998793479
NGC4258-QSOs,tanh,0.1457286432160804,0.9978578358865692,0.002144461828950854
NGC4258-QSOs,tanh,0.15075376884422112,0.9976859778790771,0.002316703607589295
NGC4258-QSOs,tanh,0.15577889447236182,0.9975024423082516,0.002500681791791036
NGC4258-QSOs,tanh,0.16080402010050251,0.9973064526614043,0.002697181464488674
NGC4258-QSOs,tanh,0.1658291457286432,0.9970971831925319,0.0029070381513481075
NGC4258-QSOs,tanh,0.1708542713567839,0.9968737561420996,0.003131140766847567
NGC4258-QSOs,tanh,0.17587939698492464,0.996635238849357,0.003370434689754376
NGC4258-QSOs,tanh,0.18090452261306533,0.9963806407608096,0.0036259249671144887
NGC4258-QSOs,tanh,0.18592964824120603,0.9961089103400617,0.0038986796445805673
NGC4258-QSOs,tanh,0.19095477386934673,0.9958189318861042,0.004189833219382649
NGC4258-QSOs,tanh,0.19597989949748745,0.9955095222692458,0.004500590210478361
NGC4258-QSOs,tanh,0.20100502512562815,0.9951794275963387,0.004832228838356256
NGC4258-QSOs,tanh,0.20603015075376885,0.9948273198197316,0.005186104804594845
NGC4258-QSOs,tanh,0.21105527638190955,0.9944517933075544,0.005563655158549563
NGC4258-QSOs,tanh,0.21608040201005024,0.994051361396504,0.005966402235430827
NGC4258-QSOs,tanh,0.22110552763819097,0.993624452952323,0.006395957646492793
NGC4258-QSOs,tanh,0.22613065326633167,0.9931694089676426,0.00685402629806131
NGC4258-QSOs,tanh,0.23115577889447236,0.9926844792318561,0.007342410411622581
NGC4258-QSOs,tanh,0.23618090452261306,0.992167819113204,0.00786301351216767
NGC4258-QSOs,tanh,0.24120603015075376,0.9916174864993172,0.008417844346378857
NGC4258-QSOs,tanh,0.24623115577889448,0.9910314389490976,0.009009020686037882
NGC4258-QSOs,tanh,0.25125628140703515,0.9904075311159987,0.009638772965209002
NGC4258-QSOs,tanh,0.2562814070351759,0.9897435125105315,0.010309447692265113
NGC4258-QSOs,tanh,0.2613065326633166,0.9890370256780864,0.011023510569708617
NGC4258-QSOs,tanh,0.2663316582914573,0.9882856048769342,0.0117835492459598
NGC4258-QSOs,tanh,0.271356783919598,0.9874866753504429,0.012592275613902939
NGC4258-QSOs,tanh,0.2763819095477387,0.9866375532970392,0.013452527561016062
NGC4258-QSOs,tanh,0.2814070351758794,0.9857354466511148,0.014367270065452627
NGC4258-QSOs,tanh,0.2864321608040201,0.9847774567977564,0.015339595521588069
NGC4258-QSOs,tanh,0.2914572864321608,0.9837605813536376,0.01637272316744322
NGC4258-QSOs,tanh,0.2964824120603015,0.9826817181553847,0.017469997475231643
NGC4258-QSOs,tanh,0.30150753768844224,0.9815376706048817,0.018634885355291054
NGC4258-QSOs,tanh,0.3065326633165829,0.9803251545279212,0.019870972013147012
NGC4258-QSOs,tanh,0.31155778894472363,0.9790408067078781,0.02118195528977939
NGC4258-QSOs,tanh,0.3165829145728643,0.9776811952591525,0.022571638306751348
NGC4258-QSOs,tanh,0.32160804020100503,0.9762428320054093,0.02404392023121792
NGC4258-QSOs,tanh,0.32663316582914576,0.974722187024464,0.02560278497153965
NGC4258-QSOs,tanh,0.3316582914572864,0.973115705514327,0.02725228761294673
NGC4258-QSOs,tanh,0.33668341708542715,0.9714198271226521,0.028996538405153535
NGC4258-QSOs,tanh,0.3417085427135678,0.9696310078638692,0.03083968412081727
NGC4258-QSOs,tanh,0.34673366834170855,0.9677457447238325,0.03278588661611087
NGC4258-QSOs,tanh,0.35175879396984927,0.9657606030201427,0.03483929844331817
NGC4258-QSOs,tanh,0.35678391959798994,0.963672246546757,0.03700403539114464
NGC4258-QSOs,tanh,0.36180904522613067,0.9614774704835309,0.039284145862220864
NGC4258-QSOs,tanh,0.36683417085427134,0.9591732369946351,0.04168357703982326
NGC4258-QSOs,tanh,0.37185929648241206,0.9567567133742443,0.044206137847800704
NGC4258-QSOs,tanh,0.3768844221105528,0.9542253125237773,0.04685545876950323
NGC4258-QSOs,tanh,0.38190954773869346,0.9515767354629067,0.04963494866334019
NGC4258-QSOs,tanh,0.3869346733668342,0.9488090154876766,0.05254774879427856
NGC4258-QSOs,tanh,0.3919597989949749,0.9459205634950204,0.05559668439151155
NGC4258-QSOs,tanh,0.3969849246231156,0.9429102138959737,0.058784214141586695
NGC4258-QSOs,tanh,0.4020100502512563,0.9397772704427607,0.06211237813179463
NGC4258-QSOs,tanh,0.40703517587939697,0.9365215512011207,0.06558274486825436
NGC4258-QSOs,tanh,0.4120603015075377,0.9331434318126816,0.06919635810393293
NGC4258-QSOs,tanh,0.4170854271356784,0.9296438861173183,0.0729536843201334
NGC4258-QSOs,tanh,0.4221105527638191,0.9260245231469639,0.07685456180653231
NGC4258-QSOs,tanh,0.4271356783919598,0.9222876194651229,0.080898152374827
NGC4258-QSOs,tanh,0.4321608040201005,0.9184361458150788,0.08508289681427057
NGC4258-QSOs,tanh,0.4371859296482412,0.9144737870587687,0.0894064752484482
NGC4258-QSOs,tanh,0.44221105527638194,0.91040495444109,0.09386577357622948
NGC4258-QSOs,tanh,0.4472361809045226,0.90623478930346,0.09845685717098077
NGC4258-QSOs,tanh,0.45226130653266333,0.9019691574968864,0.10317495296655504
NGC4258-QSOs,tanh,0.457286432160804,0.8976146339080522,0.10801444097310531
NGC4258-QSOs,tanh,0.4623115577889447,0.8931784767095237,0.11296885613861751
NGC4258-QSOs,tanh,0.46733668341708545,0.8886685911727763,0.11803090130316167
NGC4258-QSOs,tanh,0.4723618090452261,0.8840934831338962,0.12319247178418037
NGC4258-QSOs,tanh,0.47738693467336685,0.879462202468426,0.12844469188672275
NGC4258-QSOs,tanh,0.4824120603015075,0.8747842772041821,0.13377796335866543
NGC4258-QSOs,tanh,0.48743718592964824,0.8700696391682787,0.13918202551592937
NGC4258-QSOs,tanh,0.49246231155778897,0.8653285423158025,0.14464602645661348
NGC4258-QSOs,tanh,0.49748743718592964,0.8605714751115056,0.15015860447728757
NGC4258-QSOs,tanh,0.5025125628140703,0.855809068522257,0.15570797851167828
NGC4258-QSOs,tanh,0.507537688442211,0.85105200131796,0.16128204614410366
NGC4258-QSOs,tanh,0.5125628140703518,0.8463109044654836,0.16686848751908287
NGC4258-QSOs,tanh,0.5175879396984925,0.8415962664295804,0.1724548732851712
NGC4258-QSOs,tanh,0.5226130653266332,0.8369183411653365,0.1780287745838146
NGC4258-QSOs,tanh,0.5276381909547738,0.8322870604998662,0.18357787302897974
NGC4258-QSOs,tanh,0.5326633165829145,0.8277119524609862,0.18909006862360464
NGC4258-QSOs,tanh,0.5376884422110553,0.8232020669242388,0.19455358362453729
NGC4258-QSOs,tanh,0.542713567839196,0.8187659097257103,0.19995706049541057
NGC4258-QSOs,tanh,0.5477386934673367,0.8144113861368759,0.20528965227074886
NGC4258-QSOs,tanh,0.5527638190954774,0.8101457543303023,0.21054110388590624
NGC4258-QSOs,tanh,0.5577889447236181,0.8059755891926724,0.21570182329559848
NGC4258-QSOs,tanh,0.5628140703517588,0.8019067565749938,0.22076294149696365
NGC4258-QSOs,tanh,0.5678391959798995,0.7979443978186836,0.22571636087882035
NGC4258-QSOs,tanh,0.5728643216080402,0.7940929241686394,0.23055479162483952
NGC4258-QSOs,tanh,0.577889447236181,0.7903560204867985,0.23527177619321965
NGC4258-QSOs,tanh,0.5829145728643216,0.7867366575164442,0.23986170216910427
NGC4258-QSOs,tanh,0.5879396984924623,0.7832371118210809,0.2443198040300863
NGC4258-QSOs,tanh,0.592964824120603,0.7798589924326418,0.248642154573491
NGC4258-QSOs,tanh,0.5979899497487438,0.7766032731910018,0.2528256469226542
NGC4258-QSOs,tanh,0.6030150753768845,0.7734703297377887,0.25686796815618945
NGC4258-QSOs,tanh,0.6080402010050251,0.7704599801387421,0.2607675656893412
NGC4258-QSOs,tanh,0.6130653266331658,0.7675715281460859,0.26452360758174337
NGC4258-QSOs,tanh,0.6180904522613065,0.7648038081708557,0.2681359379544451
NGC4258-QSOs,tanh,0.6231155778894473,0.7621552311099852,0.271605028675214
NGC4258-QSOs,tanh,0.628140703517588,0.7596238302595182,0.27493192841983144
NGC4258-QSOs,tanh,0.6331658291457286,0.7572073066391274,0.27811821014370103
NGC4258-QSOs,tanh,0.6381909547738693,0.7549030731502315,0.28116591790798956
NGC4258-QSOs,tanh,0.6432160804020101,0.7527082970870055,0.28407751390288893
NGC4258-QSOs,tanh,0.6482412060301508,0.7506199406136198,0.28685582640225177
NGC4258-QSOs,tanh,0.6532663316582915,0.74863479890993,0.2895039992730483
NGC4258-QSOs,tanh,0.6582914572864321,0.7467495357698932,0.29202544355347876
NGC4258-QSOs,tanh,0.6633165829145728,0.7449607165111104,0.2944237915081154
NGC4258-QSOs,tanh,0.6683417085427136,0.7432648381194354,0.29670285346945363
NGC4258-QSOs,tanh,0.6733668341708543,0.7416583566092985,0.2988665776844103
NGC4258-QSOs,tanh,0.678391959798995,0.7401377116283532,0.3009190133027103
NGC4258-QSOs,tanh,0.6834170854271356,0.73869934837461,0.3028642765723636
NGC4258-QSOs,tanh,0.6884422110552764,0.7373397369258843,0.3047065202457101
NGC4258-QSOs,tanh,0.6934673366834171,0.7360553891058412,0.3064499061476378
NGC4258-QSOs,tanh,0.6984924623115578,0.7348428730288807,0.3080985808151142
NGC4258-QSOs,tanh,0.7035175879396985,0.7336988254783776,0.30965665408345394
NGC4258-QSOs,tanh,0.7085427135678392,0.7326199622801248,0.31112818046903884
NGC4258-QSOs,tanh,0.7135678391959799,0.7316030868360061,0.3125171431796228
NGC4258-QSOs,tanh,0.7185929648241206,0.7306450969826477,0.3138274405710264
NGC4258-QSOs,tanh,0.7236180904522613,0.7297429903367232,0.3150628748620862
NGC4258-QSOs,tanh,0.7286432160804021,0.7288938682833195,0.3162271429172947
NGC4258-QSOs,tanh,0.7336683417085427,0.7280949387568283,0.31732382890788685
NGC4258-QSOs,tanh,0.7386934673366834,0.7273435179556762,0.31835639866643667
NGC4258-QSOs,tanh,0.7437185929648241,0.726637031123231,0.31932819555669445
NGC4258-QSOs,tanh,0.7487437185929648,0.7259730125177637,0.320242437688814
NGC4258-QSOs,tanh,0.7537688442211056,0.725349104684665,0.3211022163198117
NGC4258-QSOs,tanh,0.7587939698492463,0.7247630571344452,0.32191049528961313
NGC4258-QSOs,tanh,0.7638190954773869,0.7242127245205585,0.3226701113540317
NGC4258-QSOs,tanh,0.7688442211055276,0.7236960644019064,0.3233837752871932
NGC4258-QSOs,tanh,0.7738693467336684,0.7232111346661199,0.3240540736370189
NGC4258-QSOs,tanh,0.7788944723618091,0.7227560906814394,0.3246834710282258
NGC4258-QSOs,tanh,0.7839195979899498,0.7223291822372584,0.32527431291776776
NGC4258-QSOs,tanh,0.7889447236180904,0.7219287503262082,0.3258288287175877
NGC4258-QSOs,tanh,0.7939698492462312,0.7215532238140308,0.3263491352089424
NGC4258-QSOs,tanh,0.7989949748743719,0.7212011160374239,0.326837240181316
NGC4258-QSOs,tanh,0.8040201005025126,0.7208710213645166,0.3272950462370758
NGC4258-QSOs,tanh,0.8090452261306533,0.7205616117476583,0.3277243547104693
NGC4258-QSOs,tanh,0.8140703517587939,0.7202716332937008,0.32812686965641547
NGC4258-QSOs,tanh,0.8190954773869347,0.7199999028729529,0.32850420187072166
NGC4258-QSOs,tanh,0.8241206030150754,0.7197453047844055,0.3288578729089681
NGC4258-QSOs,tanh,0.8291457286432161,0.719506787491663,0.32918931907632976
NGC4258-QSOs,tanh,0.8341708542713568,0.7192833604412305,0.32949989536509483
NGC4258-QSOs,tanh,0.8391959798994975,0.7190740909723581,0.32979087932063855
NGC4258-QSOs,tanh,0.8442211055276382,0.7188781013255109,0.3300634748201421
NGC4258-QSOs,tanh,0.8492462311557789,0.7186945657546854,0.3303188157514572
NGC4258-QSOs,tanh,0.8542713567839196,0.7185227077471932,0.3305579695822382
NGC4258-QSOs,tanh,0.8592964824120604,0.7183617973531651,0.3307819408118389
NGC4258-QSOs,tanh,0.864321608040201,0.7182111486258609,0.33099167430052545
NGC4258-QSOs,tanh,0.8693467336683417,0.718070117172886,0.33118805847232574
NGC4258-QSOs,tanh,0.8743718592964824,0.7179380978175889,0.33137192838935126
NGC4258-QSOs,tanh,0.8793969849246231,0.7178145223692216,0.33154406869672026
NGC4258-QSOs,tanh,0.8844221105527639,0.7176988574998928,0.33170521643828943
NGC4258-QSOs,tanh,0.8894472361809045,0.7175906027258745,0.33185606374431864
NGC4258-QSOs,tanh,0.8944723618090452,0.7174892884904723,0.33199726039293814
NGC4258-QSOs,tanh,0.8994974874371859,0.7173944743453801,0.33212941624790837
NGC4258-QSOs,tanh,0.9045226130653267,0.7173057472272328,0.33225310357565285
NGC4258-QSOs,tanh,0.9095477386934674,0.7172227198259209,0.33236885924493587
NGC4258-QSOs,tanh,0.914572864321608,0.7171450290411252,0.3324771868128598
NGC4258-QSOs,tanh,0.9195979899497487,0.7170723345234797,0.33257855850107737
NGC4258-QSOs,tanh,0.9246231155778895,0.7170043172967471,0.33267341706626957
NGC4258-QSOs,tanh,0.9296482412060302,0.7169406784574028,0.33276217756904264
NGC4258-QSOs,tanh,0.9346733668341709,0.7168811379480611,0.3328452290454461
NGC4258-QSOs,tanh,0.9396984924623115,0.7168254334012304,0.332922936085327
NGC4258-QSOs,tanh,0.9447236180904522,0.7167733190499634,0.3329956403217123
NGC4258-QSOs,tanh,0.949748743718593,0.7167245647020495,0.33306366183536135
NGC4258-QSOs,tanh,0.9547738693467337,0.7166789547744995,0.3331273004785566
NGC4258-QSOs,tanh,0.9597989949748744,0.7166362873851752,0.3331868371221112
NGC4258-QSOs,tanh,0.964824120603015,0.7165963734985275,0.3332425348294652
NGC4258-QSOs,tanh,0.9698492462311558,0.7165590361225248,0.33329463996162384
NGC4258-QSOs,tanh,0.9748743718592965,0.7165241095539676,0.3333433832165696
NGC4258-QSOs,tanh,0.9798994974874372,0.716491438669506,0.3333889806066436
NGC4258-QSOs,tanh,0.9849246231155779,0.7164608782597939,0.33343163437726214
NGC4258-QSOs,tanh,0.9899497487437187,0.7164322924043334,0.3334715338701895
NGC4258-QSOs,tanh,0.9949748743718593,0.7164055538846759,0.3335088563344584
NGC4258-QSOs,tanh,1.0,0.7163805436337625,0.3335437676878827
NGC4258-QSOs,yukawa,0.0,0.9999946718490124,5.328165182284842e-06
NGC4258-QSOs,yukawa,0.005025125628140704,0.9999944266156287,5.573399902713406e-06
NGC4258-QSOs,yukawa,0.010050251256281407,0.9999941699603512,5.830056643571433e-06
NGC4258-QSOs,yukawa,0.01507537688442211,0.999993901343694,6.0986749028439366e-06
NGC4258-QSOs,yukawa,0.020100502512562814,0.9999936202002636,6.37982008739792e-06
NGC4258-QSOs,yukawa,0.02512562814070352,0.9999933259374888,6.674084782857024e-06
NGC4258-QSOs,yukawa,0.03015075376884422,0.9999930179342887,6.982090085992734e-06
NGC4258-QSOs,yukawa,0.035175879396984924,0.999992695539673,7.3044870047402644e-06
NGC4258-QSOs,yukawa,0.04020100502512563,0.9999923580712716,7.641957928060764e-06
NGC4258-QSOs,yukawa,0.04522613065326633,0.9999920048137912,7.995218170425118e-06
NGC4258-QSOs,yukawa,0.05025125628140704,0.9999916350173927,8.365017593918385e-06
NGC4258-QSOs,yukawa,0.05527638190954774,0.9999912478959878,8.7521423120743e-06
NGC4258-QSOs,yukawa,0.06030150753768844,0.9999908426254491,9.157416479882483e-06
NGC4258-QSOs,yukawa,0.06532663316582915,0.9999904183417291,9.58170417529934e-06
NGC4258-QSOs,yukawa,0.07035175879396985,0.9999899741388845,1.002591137481831e-05
NGC4258-QSOs,yukawa,0.07537688442211056,0.9999895090669996,1.0490988030651292e-05
NGC4258-QSOs,yukawa,0.08040201005025126,0.9999890221300043,1.097793025296553e-05
NGC4258-QSOs,yukawa,0.08542713567839195,0.999988512283381,1.1487782603284983e-05
NGC4258-QSOs,yukawa,0.09045226130653267,0.999987978431754,1.202164050560966e-05
NGC4258-QSOs,yukawa,0.09547738693467336,0.9999874194263566,1.258065277947514e-05
NGC4258-QSOs,yukawa,0.10050251256281408,0.9999868340623672,1.3166024304504014e-05
NGC4258-QSOs,yukawa,0.10552763819095477,0.9999862210761102,1.3779018820006124e-05
NGC4258-QSOs,yukawa,0.11055276381909548,0.9999855791421122,1.4420961869402098e-05
NGC4258-QSOs,yukawa,0.11557788944723618,0.9999849068700071,1.509324389535948e-05
NGC4258-QSOs,yukawa,0.12060301507537688,0.9999842028012815,1.5797323495527947e-05
NGC4258-QSOs,yukawa,0.12562814070351758,0.9999834654058527,1.6534730845208047e-05
NGC4258-QSOs,yukawa,0.1306532663316583,0.9999826930784687,1.730707129784039e-05
NGC4258-QSOs,yukawa,0.135678391959799,0.9999818841349226,1.811602917164939e-05
NGC4258-QSOs,yukawa,0.1407035175879397,0.9999810368080706,1.896337173299695e-05
NGC4258-QSOs,yukawa,0.1457286432160804,0.999980149243642,1.985095338689114e-05
NGC4258-QSOs,yukawa,0.15075376884422112,0.9999792194958322,2.0780720085429108e-05
NGC4258-QSOs,yukawa,0.15577889447236182,0.9999782455226651,2.175471396695272e-05
NGC4258-QSOs,yukawa,0.16080402010050251,0.9999772251811131,2.2775078237031353e-05
NGC4258-QSOs,yukawa,0.1658291457286432,0.9999761562219618,2.384406230560705e-05
NGC4258-QSOs,yukawa,0.1708542713567839,0.9999750362844052,2.4964027193528533e-05
NGC4258-QSOs,yukawa,0.17587939698492464,0.9999738628903562,2.613745122403343e-05
NGC4258-QSOs,yukawa,0.18090452261306533,0.9999726334384584,2.736693601274145e-05
NGC4258-QSOs,yukawa,0.18592964824120603,0.9999713451977813,2.865521277538527e-05
NGC4258-QSOs,yukawa,0.19095477386934673,0.9999699953011817,3.000514896828894e-05
NGC4258-QSOs,yukawa,0.19597989949748745,0.9999685807383137,3.1419755281602165e-05
NGC4258-QSOs,yukawa,0.20100502512562815,0.9999670983482678,3.29021930034137e-05
NGC4258-QSOs,yukawa,0.20603015075376885,0.9999655448118179,3.4455781775756634e-05
NGC4258-QSOs,yukawa,0.21105527638190955,0.9999639166432542,3.6084007765741855e-05
NGC4258-QSOs,yukawa,0.21608040201005024,0.9999622101817812,3.779053227195066e-05
NGC4258-QSOs,yukawa,0.22110552763819097,0.9999604215824534,3.957920079288273e-05
NGC4258-QSOs,yukawa,0.22613065326633167,0.9999585468066251,4.145405258226144e-05
NGC4258-QSOs,yukawa,0.23115577889447236,0.9999565816118865,4.341933071900063e-05
NGC4258-QSOs,yukawa,0.23618090452261306,0.9999545215414565,4.54794927199752e-05
NGC4258-QSOs,yukawa,0.24120603015075376,0.999952361913003,4.763922172674128e-05
NGC4258-QSOs,yukawa,0.24623115577889448,0.9999500978068565,4.99034382993562e-05
NGC4258-QSOs,yukawa,0.25125628140703515,0.9999477240535847,5.227731285023365e-05
NGC4258-QSOs,yukawa,0.2562814070351759,0.9999452352208895,5.476627875575086e-05
NGC4258-QSOs,yukawa,0.2613065326633166,0.9999426255997897,5.737604618411064e-05
NGC4258-QSOs,yukawa,0.2663316582914573,0.9999398891900477,6.0112616679413504e-05
NGC4258-QSOs,yukawa,0.271356783919598,0.9999370196847964,6.298229854690213e-05
NGC4258-QSOs,yukawa,0.2763819095477387,0.9999340104543212,6.599172308468464e-05
NGC4258-QSOs,yukawa,0.2814070351758794,0.9999308545289478,6.914786171047622e-05
NGC4258-QSOs,yukawa,0.2864321608040201,0.9999275445809835,7.245804403713063e-05
NGC4258-QSOs,yukawa,0.2914572864321608,0.9999240729056584,7.592997694930627e-05
NGC4258-QSOs,yukawa,0.2964824120603015,0.9999204314010067,7.957176474217719e-05
NGC4258-QSOs,yukawa,0.30150753768844224,0.9999166115466269,8.339193038345321e-05
NGC4258-QSOs,yukawa,0.3065326633165829,0.9999126043812551,8.739943796454585e-05
NGC4258-QSOs,yukawa,0.31155778894472363,0.9999084004790808,9.160371641151609e-05
NGC4258-QSOs,yukawa,0.3165829145728643,0.9999039899247322,9.601468453012981e-05
NGC4258-QSOs,yukawa,0.32160804020100503,0.9998993622868506,0.00010064277746381825
NGC4258-QSOs,yukawa,0.32663316582914576,0.9998945065901705,0.00010549897465059034
NGC4258-QSOs,yukawa,0.3316582914572864,0.999889411286017,0.00011059482936564679
NGC4258-QSOs,yukawa,0.33668341708542715,0.9998840642211241,0.00011594249994781159
NGC4258-QSOs,yukawa,0.3417085427135678,0.9998784526046728,0.00012155478281049608
NGC4258-QSOs,yukawa,0.34673366834170855,0.9998725629734444,0.0001274451473434011
NGC4258-QSOs,yukawa,0.35175879396984927,0.9998663811549698,0.00013362777282332236
NGC4258-QSOs,yukawa,0.35678391959798994,0.9998598922285573,0.0001401175874533742
NGC4258-QSOs,yukawa,0.36180904522613067,0.999853080484066,0.00014693030966334125
NGC4258-QSOs,yukawa,0.36683417085427134,0.9998459293782881,0.00015408249180938553
NGC4258-QSOs,yukawa,0.37185929648241206,0.9998384214887928,0.00016159156642119436
NGC4258-QSOs,yukawa,0.3768844221105528,0.9998305384650726,0.00016947589515563247
NGC4258-QSOs,yukawa,0.38190954773869346,0.9998222609768281,0.00017775482062395265
NGC4258-QSOs,yukawa,0.3869346733668342,0.9998135686592078,0.00018644872127484083
NGC4258-QSOs,yukawa,0.3919597989949749,0.9998044400548161,0.00019557906952336691
NGC4258-QSOs,yukawa,0.3969849246231156,0.9997948525522843,0.00020516849333171875
NGC4258-QSOs,yukawa,0.4020100502512563,0.9997847823211863,0.00021524084146175472
NGC4258-QSOs,yukawa,0.40703517587939697,0.9997742042430685,0.00022582125263136748
NGC4258-QSOs,yukawa,0.4120603015075377,0.9997630918383437,0.00023693622882784698
NGC4258-QSOs,yukawa,0.4170854271356784,0.9997514171887852,0.00024861371304298995
NGC4258-QSOs,yukawa,0.4221105527638191,0.9997391508553378,0.00026088317171772826
NGC4258-QSOs,yukawa,0.4271356783919598,0.9997262617909393,0.0002737756822029963
NGC4258-QSOs,yukawa,0.4321608040201005,0.9997127172480311,0.00028732402556364917
NGC4258-QSOs,yukawa,0.4371859296482412,0.9996984826804092,0.0003015627850771512
NGC4258-QSOs,yukawa,0.44221105527638194,0.9996835216390418,0.000316528450803152
NGC4258-QSOs,yukawa,0.4472361809045226,0.9996677956614569,0.0003322595306280637
NGC4258-QSOs,yukawa,0.45226130653266333,0.9996512641542706,0.00034879666821547775
NGC4258-QSOs,yukawa,0.457286432160804,0.9996338842683993,0.0003661827683278203
NGC4258-QSOs,yukawa,0.4623115577889447,0.9996156107664621,0.00038446313001660673
NGC4258-QSOs,yukawa,0.46733668341708545,0.9995963958818488,0.0004036855882151469
NGC4258-QSOs,yukawa,0.4723618090452261,0.999576189168883,0.0004239006643096802
NGC4258-QSOs,yukawa,0.47738693467336685,0.9995549373434763,0.00044516172630371093
NGC4258-QSOs,yukawa,0.4824120603015075,0.9995325841136157,0.00046752515924165436
NGC4258-QSOs,yukawa,0.48743718592964824,0.9995090699989843,0.0004910505466032703
NGC4258-QSOs,yukawa,0.49246231155778897,0.9994843321389578,0.000515800863438975
NGC4258-QSOs,yukawa,0.49748743718592964,0.9994583040881635,0.000541842682072572
NGC4258-QSOs,yukawa,0.5025125628140703,0.9994309155987254,0.000569246391262686
NGC4258-QSOs,yukawa,0.507537688442211,0.9994020923882528,0.0005980864297845839
NGC4258-QSOs,yukawa,0.5125628140703518,0.9993717558925546,0.000628441535467703
NGC4258-QSOs,yukawa,0.5175879396984925,0.9993398230019819,0.0006603950108091149
NGC4258-QSOs,yukawa,0.5226130653266332,0.9993062057802179,0.0006940350063691445
NGC4258-QSOs,yukawa,0.5276381909547738,0.9992708111642353,0.0007294548232550393
NGC4258-QSOs,yukawa,0.5326633165829145,0.9992335406440426,0.0007667532361039818
NGC4258-QSOs,yukawa,0.5376884422110553,0.9991942899207277,0.0008060348380909329
NGC4258-QSOs,yukawa,0.542713567839196,0.999152948541187,0.0008474104096141504
NGC4258-QSOs,yukawa,0.5477386934673367,0.9991093995077929,0.0008909973124485164
NGC4258-QSOs,yukawa,0.5527638190954774,0.9990635188611133,0.0009369199113045319
NGC4258-QSOs,yukawa,0.5577889447236181,0.9990151752336334,0.0009853100248994314
NGC4258-QSOs,yukawa,0.5628140703517588,0.9989642293722605,0.0010363074088228926
NGC4258-QSOs,yukawa,0.5678391959798995,0.9989105336272074,0.0010900602726764898
NGC4258-QSOs,yukawa,0.5728643216080402,0.9988539314046357,0.0011467258341854017
NGC4258-QSOs,yukawa,0.577889447236181,0.9987942565802235,0.0012064709132127737
NGC4258-QSOs,yukawa,0.5829145728643216,0.9987313328705675,0.0012694725688702682
NGC4258-QSOs,yukawa,0.5879396984924623,0.9986649731590647,0.0013359187832013041
NGC4258-QSOs,yukawa,0.592964824120603,0.9985949787726124,0.0014060091952312812
NGC4258-QSOs,yukawa,0.5979899497487438,0.9985211387051467,0.0014799558895202385
NGC4258-QSOs,yukawa,0.6030150753768845,0.9984432287836736,0.0015579842437372466
NGC4258-QSOs,yukawa,0.6080402010050251,0.9983610107720505,0.0016403338401983101
NGC4258-QSOs,yukawa,0.6130653266331658,0.9982742314073427,0.0017272594467680116
NGC4258-QSOs,yukawa,0.6180904522613065,0.9981826213630914,0.0018190320730468723
NGC4258-QSOs,yukawa,0.6231155778894473,0.9980858941333035,0.0019159401083264605
NGC4258-QSOs,yukawa,0.628140703517588,0.997983744830379,0.002018290548431067
NGC4258-QSOs,yukawa,0.6331658291457286,0.9978758488895455,0.002126410319258733
NGC4258-QSOs,yukawa,0.6381909547738693,0.9977618606716445,0.002240647705612805
NGC4258-QSOs,yukawa,0.6432160804020101,0.9976414119553157,0.0023613738947770545
NGC4258-QSOs,yukawa,0.6482412060301508,0.9975141103087383,0.00248898464524705
NGC4258-QSOs,yukawa,0.6532663316582915,0.9973795373300983,0.0026239020921027863
NGC4258-QSOs,yukawa,0.6582914572864321,0.9972372467448577,0.002766576701700024
NGC4258-QSOs,yukawa,0.6633165829145728,0.9970867623466716,0.0029174893896942414
NGC4258-QSOs,yukawa,0.6683417085427136,0.9969275757674393,0.0030771538179059626
NGC4258-QSOs,yukawa,0.6733668341708543,0.9967591440604504,0.0032461188872064564
NGC4258-QSOs,yukawa,0.678391959798995,0.9965808870788794,0.003424971445487068
NGC4258-QSOs,yukawa,0.6834170854271356,0.9963921846299766,0.003614339231881589
NGC4258-QSOs,yukawa,0.6884422110552764,0.9961923733831611,0.003814894080790412
NGC4258-QSOs,yukawa,0.6934673366834171,0.9959807435078174,0.00402735541193224
NGC4258-QSOs,yukawa,0.6984924623115578,0.9957565350138933,0.004252494035674406
NGC4258-QSOs,yukawa,0.7035175879396985,0.9955189337653539,0.00449113630631174
NGC4258-QSOs,yukawa,0.7085427135678392,0.995267067133111,0.0047441686598375535
NGC4258-QSOs,yukawa,0.7135678391959799,0.9949999992501635,0.005012542577148836
NGC4258-QSOs,yukawa,0.7185929648241206,0.9947167258273018,0.005297280018620124
NGC4258-QSOs,yukawa,0.7236180904522613,0.994416168482741,0.00559947938167717
NGC4258-QSOs,yukawa,0.7286432160804021,0.9940971685334068,0.005920322039488371
NGC4258-QSOs,yukawa,0.7336683417085427,0.9937584801891641,0.006261079526318529
NGC4258-QSOs,yukawa,0.7386934673366834,0.993398763083954,0.006623121443592008
NGC4258-QSOs,yukawa,0.7437185929648241,0.993016574069447,0.007007924170468576
NGC4258-QSOs,yukawa,0.7487437185929648,0.9926103581872496,0.007417080473966837
NGC4258-QSOs,yukawa,0.7537688442211056,0.9921784387247448,0.007852310126607854
NGC4258-QSOs,yukawa,0.7587939698492463,0.991719006247053,0.008315471654507654
NGC4258-QSOs,yukawa,0.7638190954773869,0.9912301064831133,0.008808575356168446
NGC4258-QSOs,yukawa,0.7688442211055276,0.9907096269271712,0.009333797752322086
NGC4258-QSOs,yukawa,0.7738693467336684,0.990155281997642,0.009893497650586693
NGC4258-QSOs,yukawa,0.7788944723618091,0.9895645965729319,0.010490234036003892
NGC4258-QSOs,yukawa,0.7839195979899498,0.9889348876978039,0.011126786030479875
NGC4258-QSOs,yukawa,0.7889447236180904,0.9882632442235995,0.011806175201645994
NGC4258-QSOs,yukawa,0.7939698492462312,0.9875465041102923,0.01253169054577352
NGC4258-QSOs,yukawa,0.7989949748743719,0.9867812290769897,0.013306916521445868
NGC4258-QSOs,yukawa,0.8040201005025126,0.9859636762389499,0.01413576457234283
NGC4258-QSOs,yukawa,0.8090452261306533,0.9850897663120503,0.01502250865071
NGC4258-QSOs,yukawa,0.8140703517587939,0.9841550478981872,0.015971825340352214
NGC4258-QSOs,yukawa,0.8190954773869347,0.9831546572852207,0.016988839282343664
NGC4258-QSOs,yukawa,0.8241206030150754,0.9820832731001977,0.01807917473190838
NGC4258-QSOs,yukawa,0.8291457286432161,0.9809350650415184,0.019249014225829936
NGC4258-QSOs,yukawa,0.8341708542713568,0.9797036357804755,0.02050516552229366
NGC4258-QSOs,yukawa,0.8391959798994975,0.9783819549603104,0.021855138196764094
NGC4258-QSOs,yukawa,0.8442211055276382,0.9769622840254205,0.0233072315479412
NGC4258-QSOs,yukawa,0.8492462311557789,0.9754360903769361,0.02487063579920313
NGC4258-QSOs,yukawa,0.8542713567839196,0.97379394906384,0.026555548988886242
NGC4258-QSOs,yukawa,0.8592964824120604,0.9720254298688242,0.028373312447442192
NGC4258-QSOs,yukawa,0.864321608040201,0.9701189672195054,0.030336568387143287
NGC4258-QSOs,yukawa,0.8693467336683417,0.9680617098284037,0.03245944391476256
NGC4258-QSOs,yukawa,0.8743718592964824,0.9658393463134235,0.03475776676451312
NGC4258-QSOs,yukawa,0.8793969849246231,0.9634359022410737,0.03724931929699801
NGC4258-QSOs,yukawa,0.8844221105527639,0.9608335030238345,0.039954138899414744
NGC4258-QSOs,yukawa,0.8894472361809045,0.9580120958339648,0.04289487495949812
NGC4258-QSOs,yukawa,0.8944723618090452,0.9549491220934947,0.04609721521535568
NGC4258-QSOs,yukawa,0.8994974874371859,0.9516191300644343,0.049590397703239274
NGC4258-QSOs,yukawa,0.9045226130653267,0.9479933144609273,0.053407829008388356
NGC4258-QSOs,yukawa,0.9095477386934674,0.9440389666564961,0.057587835450745695
NGC4258-QSOs,yukawa,0.914572864321608,0.9397188147206668,0.06217458174325649
NGC4258-QSOs,yukawa,0.9195979899497487,0.9349902268561826,0.06721920230831095
NGC4258-QSOs,yukawa,0.9246231155778895,0.9298042443597785,0.07278120492667316
NGC4258-QSOs,yukawa,0.9296482412060302,0.9241044003542518,0.07893022632667161
NGC4258-QSOs,yukawa,0.9346733668341709,0.9178252673354462,0.08574824707191211
NGC4258-QSOs,yukawa,0.9396984924623115,0.9108906587654496,0.09333241223460889
NGC4258-QSOs,yukawa,0.9447236180904522,0.9032113856905332,0.10179866028002174
NGC4258-QSOs,yukawa,0.949748743718593,0.8946824360190684,0.11128644376125062
NGC4258-QSOs,yukawa,0.9547738693467337,0.8851793977900935,0.12196494514963799
NGC4258-QSOs,yukawa,0.9597989949748744,0.8745538827896031,0.1340413708817848
NGC4258-QSOs,yukawa,0.964824120603015,0.8626276147375235,0.1477721819055234
NGC4258-QSOs,yukawa,0.9698492462311558,0.8491847142475316,0.16347854949458476
NGC4258-QSOs,yukawa,0.9748743718592965,0.8339615216938983,0.18156801474541304
NGC4258-QSOs,yukawa,0.9798994974874372,0.8166330201759213,0.20256546474479464
NGC4258-QSOs,yukawa,0.9849246231155779,0.796794511048302,0.22715846148007698
NGC4258-QSOs,yukawa,0.9899497487437187,0.7739365921817251,0.25626533099405363
NGC4258-QSOs,yukawa,0.9949748743718593,0.7474106125388896,0.2911405627555526
NGC4258-QSOs,yukawa,1.0,0.7163805436337625,0.3335437676878827
NGC2639-QSOs,exponential,0.0,1.0,-0.0
NGC2639-QSOs,exponential,0.005025125628140704,0.9954371353802182,0.0045733062611886515
NGC2639-QSOs,exponential,0.010050251256281407,0.9909650710097216,0.009075991479444741
NGC2639-QSOs,exponential,0.01507537688442211,0.9865819999786068,0.013508834846593867
NGC2639-QSOs,exponential,0.020100502512562814,0.9822861513341776,0.01787261660472753
NGC2639-QSOs,exponential,0.02512562814070352,0.9780757893654026,0.02216811771119012
NGC2639-QSOs,exponential,0.03015075376884422,0.9739492129016126,0.026396119510571615
NGC2639-QSOs,exponential,0.035175879396984924,0.9699047546251522,0.030557403413861463
NGC2639-QSOs,exponential,0.04020100502512563,0.965940780397711,0.0346527505848991
NGC2639-QSOs,exponential,0.04522613065326633,0.9620556886000601,0.03868294163424607
NGC2639-QSOs,exponential,0.05025125628140704,0.9582479094849273,0.042648756320588684
NGC2639-QSOs,exponential,0.05527638190954774,0.9545159045427514,0.04655097325976422
NGC2639-QSOs,exponential,0.06030150753768844,0.9508581658800557,0.05039036964149337
NGC2639-QSOs,exponential,0.06532663316582915,0.9472732156101941,0.05416772095388384
NGC2639-QSOs,exponential,0.07035175879396985,0.9437596052562193,0.05788380071576126
NGC2639-QSOs,exponential,0.07537688442211056,0.9403159151656355,0.06153938021686616
NGC2639-QSOs,exponential,0.08040201005025126,0.9369407539367959,0.06513522826594885
NGC2639-QSOs,exponential,0.08542713567839195,0.9336327578567157,0.06867211094677604
NGC2639-QSOs,exponential,0.09045226130653267,0.9303905903500724,0.07215079138205727
NGC2639-QSOs,exponential,0.09547738693467336,0.9272129414391709,0.07557202950528326
NGC2639-QSOs,exponential,0.10050251256281408,0.9240985272146547,0.07893658184046234
NGC2639-QSOs,exponential,0.10552763819095477,0.9210460893167509,0.08224520128972629
NGC2639-QSOs,exponential,0.11055276381909548,0.9180543944268373,0.08549863692877144
NGC2639-QSOs,exponential,0.11557788944723618,0.9151222337691278,0.08869763381008845
NGC2639-QSOs,exponential,0.12060301507537688,0.9122484226222739,0.09184293277392733
NGC2639-QSOs,exponential,0.12562814070351758,0.9094317998406856,0.09493527026693488
NGC2639-QSOs,exponential,0.1306532663316583,0.9066712273853772,0.09797537816839504
NGC2639-QSOs,exponential,0.135678391959799,0.9039655898641508,0.1009639836239925
NGC2639-QSOs,exponential,0.1407035175879397,0.9013137940809277,0.10390180888701805
NGC2639-QSOs,exponential,0.1457286432160804,0.8987147685940501,0.1067895711669212
NGC2639-QSOs,exponential,0.15075376884422112,0.8961674632833716,0.10962798248511407
NGC2639-QSOs,exponential,0.15577889447236182,0.8936708489259623,0.11241774953792484
NGC2639-QSOs,exponential,0.16080402010050251,0.8912239167802581,0.11515957356658907
NGC2639-QSOs,exponential,0.1658291457286432,0.8888256781784849,0.11785415023416959
NGC2639-QSOs,exponential,0.1708542713567839,0.8864751641271931,0.12050216950928448
NGC2639-QSOs,exponential,0.17587939698492464,0.8841714249157422,0.12310431555652285
NGC2639-QSOs,exponential,0.18090452261306533,0.8819135297325759,0.12566126663342292
NGC2639-QSOs,exponential,0.18592964824120603,0.8797005662891334,0.12817369499388317
NGC2639-QSOs,exponential,0.19095477386934673,0.8775316404512453,0.13064226679787533
NGC2639-QSOs,exponential,0.19597989949748745,0.8754058758778638,0.13306764202732543
NGC2639-QSOs,exponential,0.20100502512562815,0.8733224136669822,0.13545047440802604
NGC2639-QSOs,exponential,0.20603015075376885,0.871280412008602,0.1377914113374398
NGC2639-QSOs,exponential,0.21105527638190955,0.8692790458446035,0.14009109381825802
NGC2639-QSOs,exponential,0.21608040201005024,0.867317506535387,0.14235015639756834
NGC2639-QSOs,exponential,0.22110552763819097,0.8653950015331469,0.14456922711149192
NGC2639-QSOs,exponential,0.22613065326633167,0.8635107540616471,0.14674892743514675
NGC2639-QSOs,exponential,0.23115577889447236,0.8616640028023701,0.14888987223779185
NGC2639-QSOs,exponential,0.23618090452261306,0.8598540015869107,0.1509926697430091
NGC2639-QSOs,exponential,0.24120603015075376,0.8580800190954909,0.15305792149378025
NGC2639-QSOs,exponential,0.24623115577889448,0.8563413385614754,0.1550862223223116
NGC2639-QSOs,exponential,0.25125628140703515,0.8546372574817658,0.1570781603244669
NGC2639-QSOs,exponential,0.2562814070351759,0.8529670873329589,0.15903431683866256
NGC2639-QSOs,exponential,0.2613065326633166,0.8513301532931531,0.16095526642908503
NGC2639-QSOs,exponential,0.2663316582914573,0.8497257939692908,0.16284157687308784
NGC2639-QSOs,exponential,0.271356783919598,0.8481533611299266,0.16469380915262982
NGC2639-QSOs,exponential,0.2763819095477387,0.846612219443313,0.16651251744961462
NGC2639-QSOs,exponential,0.2814070351758794,0.8451017462206993,0.16829824914499444
NGC2639-QSOs,exponential,0.2864321608040201,0.8436213311647378,0.17005154482150311
NGC2639-QSOs,exponential,0.2914572864321608,0.8421703761228965,0.17177293826988405
NGC2639-QSOs,exponential,0.2964824120603015,0.8407482948457794,0.17346295649848092
NGC2639-QSOs,exponential,0.30150753768844224,0.839354512750257,0.17512211974605976
NGC2639-QSOs,exponential,0.3065326633165829,0.837988466687308,0.1767509414977374
NGC2639-QSOs,exponential,0.31155778894472363,0.8366496047144836,0.17834992850388615
NGC2639-QSOs,exponential,0.3165829145728643,0.8353373858728984,0.17991958080189294
NGC2639-QSOs,exponential,0.32160804020100503,0.8340512799686588,0.18146039174065226
NGC2639-QSOs,exponential,0.32663316582914576,0.8327907673586419,0.18297284800767025
NGC2639-QSOs,exponential,0.3316582914572864,0.8315553387405366,0.18445742965866607
NGC2639-QSOs,exponential,0.33668341708542715,0.8303444949470636,0.18591461014955335
NGC2639-QSOs,exponential,0.3417085427135678,0.8291577467442895,0.1873448563706925
NGC2639-QSOs,exponential,0.34673366834170855,0.8279946146339553,0.18874862868330028
NGC2639-QSOs,exponential,0.35175879396984927,0.8268546286597374,0.19012638095791337
NGC2639-QSOs,exponential,0.35678391959798994,0.8257373282173653,0.1914785606147983
NGC2639-QSOs,exponential,0.36180904522613067,0.8246422618685174,0.19280560866620697
NGC2639-QSOs,exponential,0.36683417085427134,0.8235689871584195,0.1941079597603784
NGC2639-QSOs,exponential,0.37185929648241206,0.822517070437074,0.19538604222718917
NGC2639-QSOs,exponential,0.3768844221105528,0.8214860866840467,0.19664027812535714
NGC2639-QSOs,exponential,0.38190954773869346,0.8204756193367391,0.19787108329110964
NGC2639-QSOs,exponential,0.3869346733668342,0.8194852601220797,0.19907886738822314
NGC2639-QSOs,exponential,0.3919597989949749,0.8185146088915631,0.20026403395935036
NGC2639-QSOs,exponential,0.3969849246231156,0.8175632734595734,0.20142698047854868
NGC2639-QSOs,exponential,0.4020100502512563,0.8166308694449226,0.20256809840493054
NGC2639-QSOs,exponential,0.40703517587939697,0.8157170201155451,0.20368777323735338
NGC2639-QSOs,exponential,0.4120603015075377,0.8148213562362809,0.20478638457007534
NGC2639-QSOs,exponential,0.4170854271356784,0.8139435159196884,0.20586430614930065
NGC2639-QSOs,exponential,0.4221105527638191,0.813083144479826,0.20692190593054352
NGC2639-QSOs,exponential,0.4271356783919598,0.8122398942889436,0.20795954613674103
NGC2639-QSOs,exponential,0.4321608040201005,0.8114134246370258,0.20897758331704736
NGC2639-QSOs,exponential,0.4371859296482412,0.8106034015941297,0.20997636840624556
NGC2639-QSOs,exponential,0.44221105527638194,0.8098094978754632,0.21095624678471236
NGC2639-QSOs,exponential,0.4472361809045226,0.8090313927091471,0.21191755833887865
NGC2639-QSOs,exponential,0.45226130653266333,0.8082687717066095,0.21286063752212472
NGC2639-QSOs,exponential,0.457286432160804,0.8075213267355588,0.21378581341605554
NGC2639-QSOs,exponential,0.4623115577889447,0.8067887557954851,0.21469340979210222
NGC2639-QSOs,exponential,0.46733668341708545,0.8060707628956385,0.21558374517339887
NGC2639-QSOs,exponential,0.4723618090452261,0.805367057935436,0.21645713289688193
NGC2639-QSOs,exponential,0.47738693467336685,0.8046773565872477,0.21731388117556896
NGC2639-QSOs,exponential,0.4824120603015075,0.804001380181517,0.21815429316096624
NGC2639-QSOs,exponential,0.48743718592964824,0.8033388555941648,0.21897866700556545
NGC2639-QSOs,exponential,0.49246231155778897,0.8026895151362362,0.2197872959253845
NGC2639-QSOs,exponential,0.49748743718592964,0.802053096445742,0.22058046826251376
NGC2639-QSOs,exponential,0.5025125628140703,0.8014293423816528,0.2213584675476293
NGC2639-QSOs,exponential,0.507537688442211,0.8008180009200033,0.22212157256243495
NGC2639-QSOs,exponential,0.5125628140703518,0.8002188250520635,0.22287005740200008
NGC2639-QSOs,exponential,0.5175879396984925,0.7996315726845359,0.22360419153695868
NGC2639-QSOs,exponential,0.5226130653266332,0.7990560065417396,0.22432423987553732
NGC2639-QSOs,exponential,0.5276381909547738,0.7984918940697401,0.22503046282538383
NGC2639-QSOs,exponential,0.5326633165829145,0.7979390073423881,0.22572311635516423
NGC2639-QSOs,exponential,0.5376884422110553,0.7973971229692266,0.22640245205590523
NGC2639-QSOs,exponential,0.542713567839196,0.7968660220052317,0.22706871720205224
NGC2639-QSOs,exponential,0.5477386934673367,0.7963454898623491,0.227722154812221
NGC2639-QSOs,exponential,0.5527638190954774,0.7958353162227914,0.22836300370961765
NGC2639-QSOs,exponential,0.5577889447236181,0.7953352949540601,0.22899149858210746
NGC2639-QSOs,exponential,0.5628140703517588,0.7948452240256592,0.2296078700419097
NGC2639-QSOs,exponential,0.5678391959798995,0.7943649054274663,0.2302123446848991
NGC2639-QSOs,exponential,0.5728643216080402,0.7938941450897274,0.23080514514949768
NGC2639-QSOs,exponential,0.577889447236181,0.7934327528046445,0.23138649017513718
NGC2639-QSOs,exponential,0.5829145728643216,0.7929805421495233,0.23195659466027693
NGC2639-QSOs,exponential,0.5879396984924623,0.79253733041145,0.23251566971996293
NGC2639-QSOs,exponential,0.592964824120603,0.7921029385134677,0.2330639227429129
NGC2639-QSOs,exponential,0.5979899497487438,0.791677190942221,0.2336015574481144
NGC2639-QSOs,exponential,0.6030150753768845,0.7912599156770416,0.23412877394092377
NGC2639-QSOs,exponential,0.6080402010050251,0.7908509441204434,0.23464576876865634
NGC2639-QSOs,exponential,0.6130653266331658,0.790450111030003,0.23515273497565398
NGC2639-QSOs,exponential,0.6180904522613065,0.7900572544515931,0.23564986215782416
NGC2639-QSOs,exponential,0.6231155778894473,0.7896722156539472,0.23613733651663954
NGC2639-QSOs,exponential,0.628140703517588,0.7892948390645244,0.23661534091259018
NGC2639-QSOs,exponential,0.6331658291457286,0.7889249722066517,0.23708405491808243
NGC2639-QSOs,exponential,0.6381909547738693,0.7885624656379165,0.23754365486977722
NGC2639-QSOs,exponential,0.6432160804020101,0.7882071728897857,0.23799431392036083
NGC2639-QSOs,exponential,0.6482412060301508,0.7878589504084254,0.23843620208974542
NGC2639-QSOs,exponential,0.6532663316582915,0.7875176574966992,0.23886948631569235
NGC2639-QSOs,exponential,0.6582914572864321,0.7871831562573207,0.2392943305038557
NGC2639-QSOs,exponential,0.6633165829145728,0.7868553115371363,0.23971089557724254
NGC2639-QSOs,exponential,0.6683417085427136,0.7865339908725179,0.24011933952508607
NGC2639-QSOs,exponential,0.6733668341708543,0.7862190644358416,0.240519817451131
NGC2639-QSOs,exponential,0.678391959798995,0.7859104049830317,0.24091248162132797
NGC2639-QSOs,exponential,0.6834170854271356,0.7856078878021485,0.24129748151093627
NGC2639-QSOs,exponential,0.6884422110552764,0.7853113906629993,0.24167496385103418
NGC2639-QSOs,exponential,0.6934673366834171,0.7850207937677517,0.2420450726744359
NGC2639-QSOs,exponential,0.6984924623115578,0.7847359797025306,0.24240794936101553
NGC2639-QSOs,exponential,0.7035175879396985,0.7844568333899774,0.2427637326824388
NGC2639-QSOs,exponential,0.7085427135678392,0.7841832420427539,0.2431125588463021
NGC2639-QSOs,exponential,0.7135678391959799,0.7839150951179711,0.24345456153968165
NGC2639-QSOs,exponential,0.7185929648241206,0.7836522842725254,0.2437898719720922
NGC2639-QSOs,exponential,0.7236180904522613,0.7833947033193228,0.24411861891785963
NGC2639-QSOs,exponential,0.7286432160804021,0.783142248184375,0.24444092875790654
NGC2639-QSOs,exponential,0.7336683417085427,0.7828948168647486,0.2447569255209557
NGC2639-QSOs,exponential,0.7386934673366834,0.7826523093873519,0.2450667309241529
NGC2639-QSOs,exponential,0.7437185929648241,0.7824146277685409,0.24537046441311175
NGC2639-QSOs,exponential,0.7487437185929648,0.7821816759745301,0.24566824320138422
NGC2639-QSOs,exponential,0.7537688442211056,0.7819533598825903,0.24596018230936068
NGC2639-QSOs,exponential,0.7587939698492463,0.7817295872430191,0.24624639460260095
NGC2639-QSOs,exponential,0.7638190954773869,0.7815102676418677,0.24652699082960355
NGC2639-QSOs,exponential,0.7688442211055276,0.78129531246441,0.24680207965901335
NGC2639-QSOs,exponential,0.7738693467336684,0.7810846348593381,0.24707176771627454
NGC2639-QSOs,exponential,0.7788944723618091,0.7808781497036712,0.24733615961973143
NGC2639-QSOs,exponential,0.7839195979899498,0.780675773568361,0.24759535801618404
NGC2639-QSOs,exponential,0.7889447236180904,0.780477424684584,0.24784946361589874
NGC2639-QSOs,exponential,0.7939698492462312,0.7802830229107025,0.24809857522708337
NGC2639-QSOs,exponential,0.7989949748743719,0.780092489699884,0.24834278978982885
NGC2639-QSOs,exponential,0.8040201005025126,0.7799057480683652,0.24858220240952245
NGC2639-QSOs,exponential,0.8090452261306533,0.7797227225643467,0.24881690638973952
NGC2639-QSOs,exponential,0.8140703517587939,0.7795433392375075,0.24904699326461613
NGC2639-QSOs,exponential,0.8190954773869347,0.7793675256091258,0.24927255283071026
NGC2639-QSOs,exponential,0.8241206030150754,0.7791952106427942,0.24949367317835583
NGC2639-QSOs,exponential,0.8291457286432161,0.7790263247157179,0.24971044072251478
NGC2639-QSOs,exponential,0.8341708542713568,0.7788607995905845,0.2499229402331323
NGC2639-QSOs,exponential,0.8391959798994975,0.7786985683879927,0.25013125486500287
NGC2639-QSOs,exponential,0.8442211055276382,0.77853956555943,0.2503354661871494
NGC2639-QSOs,exponential,0.8492462311557789,0.7783837268607888,0.2505356542117237
NGC2639-QSOs,exponential,0.8542713567839196,0.7782309893264081,0.2507318974224329
NGC2639-QSOs,exponential,0.8592964824120604,0.7780812912436336,0.2509242728024966
NGC2639-QSOs,exponential,0.864321608040201,0.7779345721278822,0.25111285586214266
NGC2639-QSOs,exponential,0.8693467336683417,0.7777907726982042,0.2512977206656451
NGC2639-QSOs,exponential,0.8743718592964824,0.7776498348533308,0.25147893985791103
NGC2639-QSOs,exponential,0.8793969849246231,0.7775117016481992,0.2516565846906217
NGC2639-QSOs,exponential,0.8844221105527639,0.7773763172709433,0.2518307250479346
NGC2639-QSOs,exponential,0.8894472361809045,0.7772436270203443,0.25200142947175
NGC2639-QSOs,exponential,0.8944723618090452,0.7771135772837287,0.252168765186551
NGC2639-QSOs,exponential,0.8994974874371859,0.7769861155153057,0.25233279812381926
NGC2639-QSOs,exponential,0.9045226130653267,0.7768611902149378,0.2524935929460342
NGC2639-QSOs,exponential,0.9095477386934674,0.7767387509073312,0.2526512130702621
NGC2639-QSOs,exponential,0.914572864321608,0.7766187481216421,0.2528057206913382
NGC2639-QSOs,exponential,0.9195979899497487,0.7765011333714885,0.25295717680464913
NGC2639-QSOs,exponential,0.9246231155778895,0.7763858591353592,0.25310564122852197
NGC2639-QSOs,exponential,0.9296482412060302,0.7762728788374131,0.25325117262622365
NGC2639-QSOs,exponential,0.9346733668341709,0.7761621468286611,0.2533938285275774
NGC2639-QSOs,exponential,0.9396984924623115,0.7760536183685207,0.25353366535020305
NGC2639-QSOs,exponential,0.9447236180904522,0.7759472496067402,0.2536707384203822
NGC2639-QSOs,exponential,0.949748743718593,0.7758429975656802,0.25380510199356077
NGC2639-QSOs,exponential,0.9547738693467337,0.7757408201229494,0.25393680927448703
NGC2639-QSOs,exponential,0.9597989949748744,0.7756406759943852,0.25406591243699594
NGC2639-QSOs,exponential,0.964824120603015,0.7755425247173728,0.25419246264344264
NGC2639-QSOs,exponential,0.9698492462311558,0.7754463266344966,0.2543165100637909
NGC2639-QSOs,exponential,0.9748743718592965,0.7753520428775176,0.2544381038943608
NGC2639-QSOs,exponential,0.9798994974874372,0.7752596353516675,0.25455729237624425
NGC2639-QSOs,exponential,0.9849246231155779,0.7751690667202581,0.254674122813389
NGC2639-QSOs,exponential,0.9899497487437187,0.775080300389595,0.25478864159035924
NGC2639-QSOs,exponential,0.9949748743718593,0.7749933004941922,0.25490089418977707
NGC2639-QSOs,exponential,1.0,0.774908031882281,0.2550109252094505
NGC2639-QSOs,tanh,0.0,1.0,-0.0
NGC2639-QSOs,tanh,0.005025125628140704,0.999980150844821,1.9849352176139985e-05
NGC2639-QSOs,tanh,0.010050251256281407,0.9999589300650783,4.107077831456968e-05
NGC2639-QSOs,tanh,0.01507537688442211,0.9999362431642981,6.375886825536507e-05
NGC2639-QSOs,tanh,0.020100502512562814,0.9999119891767306,8.801469644913126e-05
NGC2639-QSOs,tanh,0.02512562814070352,0.9998860602303253,0.00011394626130332924
NGC2639-QSOs,tanh,0.03015075376884422,0.9998583410810228,0.00014166895354954847
NGC2639-QSOs,tanh,0.035175879396984924,0.9998287086166057,0.00017130605543883384
NGC2639-QSOs,tanh,0.04020100502512563,0.9997970313282564,0.00020298927267209466
NGC2639-QSOs,tanh,0.04522613065326633,0.9997631687478802,0.00023685930106947425
NGC2639-QSOs,tanh,0.05025125628140704,0.9997269708491554,0.0002730664300889016
NGC2639-QSOs,tanh,0.05527638190954774,0.9996882774101832,0.00031177118540247876
NGC2639-QSOs,tanh,0.06030150753768844,0.9996469173355107,0.00035314501284979834
NGC2639-QSOs,tanh,0.06532663316582915,0.9996027079352112,0.0003973710061903717
NGC2639-QSOs,tanh,0.07035175879396985,0.9995554541586116,0.000444644681184602
NGC2639-QSOs,tanh,0.07537688442211056,0.9995049477801696,0.0004951747986374946
NGC2639-QSOs,tanh,0.08040201005025126,0.9994509665349217,0.0005491842391403699
NGC2639-QSOs,tanh,0.08542713567839195,0.99939327320084,0.0006069109323471649
NGC2639-QSOs,tanh,0.09045226130653267,0.999331614625373,0.0006686088437126912
NGC2639-QSOs,tanh,0.09547738693467336,0.9992657206933825,0.0007345490217064647
NGC2639-QSOs,tanh,0.10050251256281408,0.9991953032336459,0.0008050207085921482
NGC2639-QSOs,tanh,0.10552763819095477,0.9991200548610637,0.0008803325179249124
NGC2639-QSOs,tanh,0.11055276381909548,0.9990396477517025,0.0009608136819674594
NGC2639-QSOs,tanh,0.11557788944723618,0.9989537323478226,0.0010468153722519352
NGC2639-QSOs,tanh,0.12060301507537688,0.9988619359900801,0.0011387120965212487
NGC2639-QSOs,tanh,0.12562814070351758,0.9987638614741763,0.0012369031752579326
NGC2639-QSOs,tanh,0.1306532663316583,0.9986590855293443,0.0013418143009513853
NGC2639-QSOs,tanh,0.135678391959799,0.9985471572162332,0.0014538991831560817
NGC2639-QSOs,tanh,0.1407035175879397,0.9984275962419693,0.0015736412822484427
NGC2639-QSOs,tanh,0.1457286432160804,0.9982998911904667,0.0017015556345879842
NGC2639-QSOs,tanh,0.15075376884422112,0.9981634976664158,0.0018381907715250229
NGC2639-QSOs,tanh,0.15577889447236182,0.998017836351829,0.0019841307343560943
NGC2639-QSOs,tanh,0.16080402010050251,0.9978622909745661,0.0021399971869031018
NGC2639-QSOs,tanh,0.1658291457286432,0.9976962061889209,0.002306451626865482
NGC2639-QSOs,tanh,0.1708542713567839,0.9975188853691263,0.002484197696461402
NGC2639-QSOs,tanh,0.17587939698492464,0.997329588317572,0.0026739835921014677
NGC2639-QSOs,tanh,0.18090452261306533,0.9971275288906046,0.002876604571931331
NGC2639-QSOs,tanh,0.18592964824120603,0.9969118725460533,0.0030929055589998668
NGC2639-QSOs,tanh,0.19095477386934673,0.9966817338180926,0.0033237838365468633
NGC2639-QSOs,tanh,0.19597989949748745,0.9964361737267452,0.003570191830434499
NGC2639-QSOs,tanh,0.20100502512562815,0.9961741971312683,0.0038331399720458867
NGC2639-QSOs,tanh,0.20603015075376885,0.9958947500388808,0.004113699633012916
NGC2639-QSOs,tanh,0.21105527638190955,0.9955967168828014,0.004413006120893644
NGC2639-QSOs,tanh,0.21608040201005024,0.9952789177863985,0.004732261722366637
NGC2639-QSOs,tanh,0.22110552763819097,0.994940105833446,0.00507273877760984
NGC2639-QSOs,tanh,0.22613065326633167,0.9945789643680327,0.00543578276626919
NGC2639-QSOs,tanh,0.23115577889447236,0.9941941043516379,0.005822815381756821
NGC2639-QSOs,tanh,0.23618090452261306,0.9937840618092632,0.006235337566526599
NGC2639-QSOs,tanh,0.24120603015075376,0.9933472954013227,0.006674932476434388
NGC2639-QSOs,tanh,0.24623115577889448,0.9928821841632588,0.007143268337270851
NGC2639-QSOs,tanh,0.25125628140703515,0.9923870254605535,0.0076421011510501595
NGC2639-QSOs,tanh,0.2562814070351759,0.991860033212961,0.008173277203628579
NGC2639-QSOs,tanh,0.2613065326633166,0.9912993364483533,0.008738735318720296
NGC2639-QSOs,tanh,0.2663316582914573,0.9907029782535279,0.009340508796378178
NGC2639-QSOs,tanh,0.271356783919598,0.9900689151966089,0.009980726966550278
NGC2639-QSOs,tanh,0.2763819095477387,0.9893950173032078,0.010661616280442003
NGC2639-QSOs,tanh,0.2814070351758794,0.988679068676182,0.011385500854193816
NGC2639-QSOs,tanh,0.2864321608040201,0.9879187688565152,0.01215480237089782
NGC2639-QSOs,tanh,0.2914572864321608,0.987111735030346,0.012972039238376585
NGC2639-QSOs,tanh,0.2964824120603015,0.9862555051942979,0.01383982489157584
NGC2639-QSOs,tanh,0.30150753768844224,0.9853475423977314,0.014760865120096524
NGC2639-QSOs,tanh,0.3065326633165829,0.9843852401860489,0.015737954293562586
NGC2639-QSOs,tanh,0.31155778894472363,0.9833659293733664,0.01677397035049324
NGC2639-QSOs,tanh,0.3165829145728643,0.9822868862753011,0.017871868410479268
NGC2639-QSOs,tanh,0.32160804020100503,0.9811453425328465,0.019034672865178893
NGC2639-QSOs,tanh,0.32663316582914576,0.9799384966557875,0.02026546780142
NGC2639-QSOs,tanh,0.3316582914572864,0.978663527408281,0.021567385610071363
NGC2639-QSOs,tanh,0.33668341708542715,0.9773176091494945,0.022943593637905504
NGC2639-QSOs,tanh,0.3417085427135678,0.9758979292279366,0.024397278747069564
NGC2639-QSOs,tanh,0.34673366834170855,0.974401707508709,0.02593162965867511
NGC2639-QSOs,tanh,0.35175879396984927,0.9728262180877749,0.027549816974102363
NGC2639-QSOs,tanh,0.35678391959798994,0.9711688132159499,0.029254970790566243
NGC2639-QSOs,tanh,0.36180904522613067,0.9694269494172574,0.03105015585694967
NGC2639-QSOs,tanh,0.36683417085427134,0.9675982157412836,0.032938344252426005
NGC2639-QSOs,tanh,0.37185929648241206,0.9656803640371524,0.034922385614404396
NGC2639-QSOs,tanh,0.3768844221105528,0.9636713410779141,0.037004974994076595
NGC2639-QSOs,tanh,0.38190954773869346,0.9615693222990156,0.0391886184773447
NGC2639-QSOs,tanh,0.3869346733668342,0.9593727468439848,0.041475596775863495
NGC2639-QSOs,tanh,0.3919597989949749,0.9570803535358157,0.04386792706669287
NGC2639-QSOs,tanh,0.3969849246231156,0.9546912173155669,0.04636732343853617
NGC2639-QSOs,tanh,0.4020100502512563,0.9522047856126072,0.048975156386199446
NGC2639-QSOs,tanh,0.40703517587939697,0.9496209140364866,0.05169241188067189
NGC2639-QSOs,tanh,0.4120603015075377,0.9469399007117221,0.05451965062751995
NGC2639-QSOs,tanh,0.4170854271356784,0.9441625185173566,0.05745696820802092
NGC2639-QSOs,tanh,0.4221105527638191,0.9412900444467572,0.0605039568720625
NGC2639-QSOs,tanh,0.4271356783919598,0.9383242852735723,0.06365966981541
NGC2639-QSOs,tanh,0.4321608040201005,0.9352675987008341,0.06692258882230405
NGC2639-QSOs,tanh,0.4371859296482412,0.932122909185265,0.0702905961833035
NGC2639-QSOs,tanh,0.44221105527638194,0.92889371767073,0.0737609518037705
NGC2639-QSOs,tanh,0.4472361809045226,0.9255841045354699,0.07733027639677052
NGC2639-QSOs,tanh,0.45226130653266333,0.9221987251580858,0.08099454160250022
NGC2639-QSOs,tanh,0.457286432160804,0.9187427976368086,0.0847490677926932
NGC2639-QSOs,tanh,0.4623115577889447,0.9152220823534151,0.08858853020208773
NGC2639-QSOs,tanh,0.46733668341708545,0.911642853253768,0.09250697388072761
NGC2639-QSOs,tanh,0.4723618090452261,0.9080118609162998,0.09649783778301028
NGC2639-QSOs,tanh,0.47738693467336685,0.9043362876913441,0.10055398810611227
NGC2639-QSOs,tanh,0.4824120603015075,0.9006236954103809,0.10466776076749164
NGC2639-QSOs,tanh,0.48743718592964824,0.8968819663764822,0.1088310126759049
NGC2639-QSOs,tanh,0.49246231155778897,0.8931192385466165,0.1130351812113341
NGC2639-QSOs,tanh,0.49748743718592964,0.8893438359941881,0.11727135109579778
NGC2639-QSOs,tanh,0.5025125628140703,0.8855641958880929,0.1215303276189799
NGC2639-QSOs,tanh,0.507537688442211,0.8817887933356645,0.12580271498951776
NGC2639-QSOs,tanh,0.5125628140703518,0.8780260655057988,0.13007899842344597
NGC2639-QSOs,tanh,0.5175879396984925,0.8742843364719001,0.13434962846315363
NGC2639-QSOs,tanh,0.5226130653266332,0.8705717441909369,0.13860510594894115
NGC2639-QSOs,tanh,0.5276381909547738,0.8668961709659811,0.14283606604429994
NGC2639-QSOs,tanh,0.5326633165829145,0.8632651786285129,0.14703335974641626
NGC2639-QSOs,tanh,0.5376884422110553,0.8596859495288659,0.1511881313936335
NGC2639-QSOs,tanh,0.542713567839196,0.8561652342454724,0.15529189080781716
NGC2639-QSOs,tanh,0.5477386934673367,0.8527093067241952,0.15933657887573413
NGC2639-QSOs,tanh,0.5527638190954774,0.849323927346811,0.1633146255719365
NGC2639-QSOs,tanh,0.5577889447236181,0.8460143142115509,0.16721899964724357
NGC2639-QSOs,tanh,0.5628140703517588,0.842785122697016,0.1710432494421059
NGC2639-QSOs,tanh,0.5678391959798995,0.8396404331814469,0.1747815345231601
NGC2639-QSOs,tanh,0.5728643216080402,0.8365837466087087,0.1784286480748973
NGC2639-QSOs,tanh,0.577889447236181,0.8336179874355236,0.18198003019817396
NGC2639-QSOs,tanh,0.5829145728643216,0.8307455133649244,0.1854317724662912
NGC2639-QSOs,tanh,0.5879396984924623,0.8279681311705589,0.1887806142620408
NGC2639-QSOs,tanh,0.592964824120603,0.8252871178457943,0.1920239315616711
NGC2639-QSOs,tanh,0.5979899497487438,0.8227032462696737,0.19515971894209008
NGC2639-QSOs,tanh,0.6030150753768845,0.8202168145667139,0.19818656566528745
NGC2639-QSOs,tanh,0.6080402010050251,0.8178276783464653,0.20110362673991666
NGC2639-QSOs,tanh,0.6130653266331658,0.8155352850382962,0.2039105898763572
NGC2639-QSOs,tanh,0.6180904522613065,0.8133387095832654,0.20660763924148703
NGC2639-QSOs,tanh,0.6231155778894473,0.8112366908043669,0.20919541688655932
NGC2639-QSOs,tanh,0.628140703517588,0.8092276678451285,0.21167498267008986
NGC2639-QSOs,tanh,0.6331658291457286,0.8073098161409974,0.21404777343175618
NGC2639-QSOs,tanh,0.6381909547738693,0.8054810824650236,0.2163155620971047
NGC2639-QSOs,tanh,0.6432160804020101,0.803739218666331,0.21848041731021944
NGC2639-QSOs,tanh,0.6482412060301508,0.802081813794506,0.22054466410591342
NGC2639-QSOs,tanh,0.6532663316582915,0.8005063243735719,0.22251084604744248
NGC2639-QSOs,tanh,0.6582914572864321,0.7990101026543444,0.22438168917271434
NGC2639-QSOs,tanh,0.6633165829145728,0.7975904227327865,0.2261600680134378
NGC2639-QSOs,tanh,0.6683417085427136,0.796244504474,0.22784897387907888
NGC2639-QSOs,tanh,0.6733668341708543,0.7949695352264935,0.2294514855318726
NGC2639-QSOs,tanh,0.678391959798995,0.7937626893494345,0.23097074232105497
NGC2639-QSOs,tanh,0.6834170854271356,0.7926211456069799,0.23240991979416556
NGC2639-QSOs,tanh,0.6884422110552764,0.7915421025089145,0.23377220776066815
NGC2639-QSOs,tanh,0.6934673366834171,0.7905227916962321,0.2350607907479509
NGC2639-QSOs,tanh,0.6984924623115578,0.7895604894845496,0.23627883076156045
NGC2639-QSOs,tanh,0.7035175879396985,0.788652526687983,0.237429452239695
NGC2639-QSOs,tanh,0.7085427135678392,0.787796296851935,0.2385157290759086
NGC2639-QSOs,tanh,0.7135678391959799,0.7869892630257658,0.23954067357296344
NGC2639-QSOs,tanh,0.7185929648241206,0.786228963206099,0.24050722718412873
NGC2639-QSOs,tanh,0.7236180904522613,0.7855130145790732,0.24141825289529867
NGC2639-QSOs,tanh,0.7286432160804021,0.784839116685672,0.24227652910144704
NGC2639-QSOs,tanh,0.7336683417085427,0.784205053628753,0.24308474483358505
NGC2639-QSOs,tanh,0.7386934673366834,0.7836086954339276,0.24384549619699594
NGC2639-QSOs,tanh,0.7437185929648241,0.78304799866932,0.2445612838876337
NGC2639-QSOs,tanh,0.7487437185929648,0.7825210064217275,0.24523451166077312
NGC2639-QSOs,tanh,0.7537688442211056,0.7820258477190223,0.24586748563394253
NGC2639-QSOs,tanh,0.7587939698492463,0.7815607364809583,0.24646241431455726
NGC2639-QSOs,tanh,0.7638190954773869,0.7811239700730178,0.24702140925126054
NGC2639-QSOs,tanh,0.7688442211055276,0.780713927530643,0.24754648621657804
NGC2639-QSOs,tanh,0.7738693467336684,0.7803290675142482,0.24803956683692466
NGC2639-QSOs,tanh,0.7788944723618091,0.7799679260488349,0.24850248059418018
NGC2639-QSOs,tanh,0.7839195979899498,0.7796291140958824,0.2489369671308449
NGC2639-QSOs,tanh,0.7889447236180904,0.7793113149994795,0.24934467879817224
NGC2639-QSOs,tanh,0.7939698492462312,0.7790132818434001,0.249727183393578
NGC2639-QSOs,tanh,0.7989949748743719,0.7787338347510127,0.25008596704004826
NGC2639-QSOs,tanh,0.8040201005025126,0.7784718581555358,0.2504224371661746
NGC2639-QSOs,tanh,0.8090452261306533,0.7782262980641884,0.2507379255508727
NGC2639-QSOs,tanh,0.8140703517587939,0.7779961593362277,0.251033691401756
NGC2639-QSOs,tanh,0.8190954773869347,0.7777805029916763,0.25131092444060354
NGC2639-QSOs,tanh,0.8241206030150754,0.777578443564709,0.25157074797336615
NGC2639-QSOs,tanh,0.8291457286432161,0.7773891465131548,0.25181422192574576
NGC2639-QSOs,tanh,0.8341708542713568,0.7772118256933601,0.25204234582857854
NGC2639-QSOs,tanh,0.8391959798994975,0.7770457409077148,0.2522560617400805
NGC2639-QSOs,tanh,0.8442211055276382,0.776890195530452,0.2524562570945155
NGC2639-QSOs,tanh,0.8492462311557789,0.7767445342158652,0.252643767469026
NGC2639-QSOs,tanh,0.8542713567839196,0.7766081406918143,0.25281937926228415
NGC2639-QSOs,tanh,0.8592964824120604,0.7764804356403117,0.2529838322802724
NGC2639-QSOs,tanh,0.864321608040201,0.7763608746660478,0.25313782222593734
NGC2639-QSOs,tanh,0.8693467336683417,0.7762489463529365,0.25328200309068505
NGC2639-QSOs,tanh,0.8743718592964824,0.7761441704081047,0.25341698944673063
NGC2639-QSOs,tanh,0.8793969849246231,0.7760460958922009,0.2535433586402034
NGC2639-QSOs,tanh,0.8844221105527639,0.7759542995344584,0.2536616528856431
NGC2639-QSOs,tanh,0.8894472361809045,0.7758683841305785,0.2537723812631466
NGC2639-QSOs,tanh,0.8944723618090452,0.7757879770212173,0.2538760216199244
NGC2639-QSOs,tanh,0.8994974874371859,0.7757127286486349,0.2539730223784369
NGC2639-QSOs,tanh,0.9045226130653267,0.7756423111888985,0.25406380425360614
NGC2639-QSOs,tanh,0.9095477386934674,0.775576417256908,0.2541487618818526
NGC2639-QSOs,tanh,0.914572864321608,0.7755147586814409,0.2542282653648922
NGC2639-QSOs,tanh,0.9195979899497487,0.7754570653473593,0.25430266173136956
NGC2639-QSOs,tanh,0.9246231155778895,0.7754030841021113,0.254372276319492
NGC2639-QSOs,tanh,0.9296482412060302,0.7753525777236694,0.2544374140838776
NGC2639-QSOs,tanh,0.9346733668341709,0.7753053239470697,0.25449836082985344
NGC2639-QSOs,tanh,0.9396984924623115,0.7752611145467703,0.25455538437842756
NGC2639-QSOs,tanh,0.9447236180904522,0.7752197544720978,0.25460873566512676
NGC2639-QSOs,tanh,0.949748743718593,0.7751810610331256,0.2546586497758435
NGC2639-QSOs,tanh,0.9547738693467337,0.7751448631344008,0.25470534692276864
NGC2639-QSOs,tanh,0.9597989949748744,0.7751110005540245,0.2547490333634071
NGC2639-QSOs,tanh,0.964824120603015,0.7750793232656753,0.2547899022655888
NGC2639-QSOs,tanh,0.9698492462311558,0.7750496908012582,0.2548281345212937
NGC2639-QSOs,tanh,0.9748743718592965,0.7750219716519556,0.254863899512006
NGC2639-QSOs,tanh,0.9798994974874372,0.7749960427055503,0.2548973558282133
NGC2639-QSOs,tanh,0.9849246231155779,0.7749717887179829,0.25492865194556197
NGC2639-QSOs,tanh,0.9899497487437187,0.7749491018172027,0.2549579268600694
NGC2639-QSOs,tanh,0.9949748743718593,0.77492788103746,0.2549853106846938
NGC2639-QSOs,tanh,1.0,0.774908031882281,0.2550109252094505
NGC2639-QSOs,yukawa,0.0,0.9999959263590061,4.0736492911604336e-06
NGC2639-QSOs,yukawa,0.005025125628140704,0.9999957388655544,4.261143524285874e-06
NGC2639-QSOs,yukawa,0.010050251256281407,0.9999955426394695,4.457370464513062e-06
NGC2639-QSOs,yukawa,0.01507537688442211,0.9999953372682857,4.6627425848561925e-06
NGC2639-QSOs,yukawa,0.020100502512562814,0.9999951223197284,4.877692167496634e-06
NGC2639-QSOs,yukawa,0.02512562814070352,0.999994897340745,5.102672273628538e-06
NGC2639-QSOs,yukawa,0.03015075376884422,0.9999946618564851,5.338157762826836e-06
NGC2639-QSOs,yukawa,0.035175879396984924,0.9999944153692307,5.584646363381542e-06
NGC2639-QSOs,yukawa,0.04020100502512563,0.9999941573572724,5.8426597959305275e-06
NGC2639-QSOs,yukawa,0.04522613065326633,0.9999938872737287,6.112744954055278e-06
NGC2639-QSOs,yukawa,0.05025125628140704,0.999993604545306,6.3954751450601274e-06
NGC2639-QSOs,yukawa,0.05527638190954774,0.9999933085709958,6.6914513919350775e-06
NGC2639-QSOs,yukawa,0.06030150753768844,0.9999929987207063,7.001303802720513e-06
NGC2639-QSOs,yukawa,0.06532663316582915,0.9999926743338248,7.325693008052064e-06
NGC2639-QSOs,yukawa,0.07035175879396985,0.9999923347177059,7.66531167254901e-06
NGC2639-QSOs,yukawa,0.07537688442211056,0.999991979146085,8.020886082268024e-06
NGC2639-QSOs,yukawa,0.08040201005025126,0.9999916068574094,8.39317781321978e-06
NGC2639-QSOs,yukawa,0.08542713567839195,0.9999912170530851,8.782985485168904e-06
NGC2639-QSOs,yukawa,0.09045226130653267,0.9999908088956339,9.191146604604887e-06
NGC2639-QSOs,yukawa,0.09547738693467336,0.9999903815067563,9.618539501659916e-06
NGC2639-QSOs,yukawa,0.10050251256281408,0.9999899339652958,1.006608536708206e-05
NGC2639-QSOs,yukawa,0.10552763819095477,0.9999894653050971,1.0534750393152026e-05
NGC2639-QSOs,yukawa,0.11055276381909548,0.9999889745127573,1.1025548023875224e-05
NGC2639-QSOs,yukawa,0.11557788944723618,0.9999884605252576,1.1539541322667766e-05
NGC2639-QSOs,yukawa,0.12060301507537688,0.9999879222274765,1.2077845460426203e-05
NGC2639-QSOs,yukawa,0.12562814070351758,0.9999873584495722,1.2641630332866382e-05
NGC2639-QSOs,yukawa,0.1306532663316583,0.9999867679642311,1.3232123313019558e-05
NGC2639-QSOs,yukawa,0.135678391959799,0.9999861494837726,1.3850612146661668e-05
NGC2639-QSOs,yukawa,0.1407035175879397,0.9999855016571044,1.4498447997563953e-05
NGC2639-QSOs,yukawa,0.1457286432160804,0.9999848230665197,1.5177048651118921e-05
NGC2639-QSOs,yukawa,0.15075376884422112,0.9999841122243266,1.5887901885451347e-05
NGC2639-QSOs,yukawa,0.15577889447236182,0.9999833675693031,1.6632569017348166e-05
NGC2639-QSOs,yukawa,0.16080402010050251,0.9999825874629649,1.741268863511584e-05
NGC2639-QSOs,yukawa,0.1658291457286432,0.9999817701856397,1.8229980525367397e-05
NGC2639-QSOs,yukawa,0.1708542713567839,0.9999809139323346,1.9086249806737348e-05
NGC2639-QSOs,yukawa,0.17587939698492464,0.999980016808385,1.9983391281636386e-05
NGC2639-QSOs,yukawa,0.18090452261306533,0.9999790768248772,2.0923394015493067e-05
NGC2639-QSOs,yukawa,0.18592964824120603,0.9999780918938264,2.190834615970352e-05
NGC2639-QSOs,yukawa,0.19095477386934673,0.9999770598231016,2.2940440028293893e-05
NGC2639-QSOs,yukawa,0.19597989949748745,0.9999759783110806,2.4021977444741048e-05
NGC2639-QSOs,yukawa,0.20100502512562815,0.9999748449410217,2.515537537206769e-05
NGC2639-QSOs,yukawa,0.20603015075376885,0.9999736571751351,2.6343171843215667e-05
NGC2639-QSOs,yukawa,0.21105527638190955,0.9999724123483387,2.758803220759262e-05
NGC2639-QSOs,yukawa,0.21608040201005024,0.9999711076616804,2.8892755711243563e-05
NGC2639-QSOs,yukawa,0.22110552763819097,0.9999697401754071,3.02602824306547e-05
NGC2639-QSOs,yukawa,0.22613065326633167,0.9999683068016623,3.1693700577756624e-05
NGC2639-QSOs,yukawa,0.23115577889447236,0.9999668042967906,3.319625419891496e-05
NGC2639-QSOs,yukawa,0.23618090452261306,0.9999652292532273,3.477135128914512e-05
NGC2639-QSOs,yukawa,0.24120603015075376,0.9999635780909489,3.6422572344900475e-05
NGC2639-QSOs,yukawa,0.24623115577889448,0.9999618470484615,3.815367938089666e-05
NGC2639-QSOs,yukawa,0.25125628140703515,0.9999600321732984,3.996862543643833e-05
NGC2639-QSOs,yukawa,0.2562814070351759,0.9999581293120013,4.1871564600383555e-05
NGC2639-QSOs,yukawa,0.2613065326633166,0.9999561340995546,4.386686258210891e-05
NGC2639-QSOs,yukawa,0.2663316582914573,0.9999540419482407,4.595910786295018e-05
NGC2639-QSOs,yukawa,0.271356783919598,0.9999518480358845,4.815312345849109e-05
NGC2639-QSOs,yukawa,0.2763819095477387,0.9999495472934524,5.045397932818615e-05
NGC2639-QSOs,yukawa,0.2814070351758794,0.9999471343919649,5.286700547058731e-05
NGC2639-QSOs,yukawa,0.2864321608040201,0.9999446037286882,5.539780574189739e-05
NGC2639-QSOs,yukawa,0.2914572864321608,0.9999419494125591,5.805227244146702e-05
NGC2639-QSOs,yukawa,0.2964824120603015,0.9999391652487992,6.083660170930522e-05
NGC2639-QSOs,yukawa,0.30150753768844224,0.9999362447226728,6.375730978124035e-05
NGC2639-QSOs,yukawa,0.3065326633165829,0.9999331809823356,6.682125015437561e-05
NGC2639-QSOs,yukawa,0.31155778894472363,0.9999299668207223,7.003563171527504e-05
NGC2639-QSOs,yukawa,0.3165829145728643,0.9999265946564162,7.340803788788392e-05
NGC2639-QSOs,yukawa,0.32160804020100503,0.9999230565134394,7.694644686253477e-05
NGC2639-QSOs,yukawa,0.32663316582914576,0.9999193439999007,8.06592529694079e-05
NGC2639-QSOs,yukawa,0.3316582914572864,0.9999154482854312,8.455528926649886e-05
NGC2639-QSOs,yukawa,0.33668341708542715,0.9999113600773367,8.86438514133899e-05
NGC2639-QSOs,yukawa,0.3417085427135678,0.9999070695953884,9.293472290914435e-05
NGC2639-QSOs,yukawa,0.34673366834170855,0.9999025665451702,9.74382017772241e-05
NGC2639-QSOs,yukawa,0.35175879396984927,0.9998978400898938,0.00010216512878524918
NGC2639-QSOs,yukawa,0.35678391959798994,0.9998928788205906,0.00010712691729267262
NGC2639-QSOs,yukawa,0.36180904522613067,0.9998876707245787,0.00011233558482681354
NGC2639-QSOs,yukawa,0.36683417085427134,0.9998822031521003,0.00011780378649328745
NGC2639-QSOs,yukawa,0.37185929648241206,0.9998764627810159,0.00012354485033480754
NGC2639-QSOs,yukawa,0.3768844221105528,0.9998704355794366,0.00012957281475804898
NGC2639-QSOs,yukawa,0.38190954773869346,0.9998641067661633,0.000135902468158769
NGC2639-QSOs,yukawa,0.3869346733668342,0.9998574607687996,0.00014254939088210731
NGC2639-QSOs,yukawa,0.3919597989949749,0.9998504811793878,0.0001495299996653962
NGC2639-QSOs,yukawa,0.3969849246231156,0.9998431507074169,0.0001568615947197797
NGC2639-QSOs,yukawa,0.4020100502512563,0.9998354511300319,0.0001645624096186979
NGC2639-QSOs,yukawa,0.40703517587939697,0.9998273632392689,0.00017265166417195006
NGC2639-QSOs,yukawa,0.4120603015075377,0.9998188667861251,0.00018114962047671902
NGC2639-QSOs,yukawa,0.4170854271356784,0.9998099404212599,0.00019007764235062254
NGC2639-QSOs,yukawa,0.4221105527638191,0.9998005616321116,0.00019945825836433564
NGC2639-QSOs,yukawa,0.4271356783919598,0.999790706676194,0.00020931522871015182
NGC2639-QSOs,yukawa,0.4321608040201005,0.9997803505103273,0.0002196736161548141
NGC2639-QSOs,yukawa,0.4371859296482412,0.9997694667155353,0.00023055986134692342
NGC2639-QSOs,yukawa,0.44221105527638194,0.9997580274173229,0.00024200186276590607
NGC2639-QSOs,yukawa,0.4472361809045226,0.9997460032010296,0.00025402906162055644
NGC2639-QSOs,yukawa,0.45226130653266333,0.9997333630219308,0.0002666725320283455
NGC2639-QSOs,yukawa,0.457286432160804,0.9997200741097346,0.0002799650768304561
NGC2639-QSOs,yukawa,0.4623115577889447,0.9997061018670985,0.00029394132942153544
NGC2639-QSOs,yukawa,0.46733668341708545,0.9996914097617597,0.00030863786200556497
NGC2639-QSOs,yukawa,0.4723618090452261,0.9996759592118468,0.0003240933007138201
NGC2639-QSOs,yukawa,0.47738693467336685,0.9996597094639031,0.0003403484480596342
NGC2639-QSOs,yukawa,0.4824120603015075,0.9996426174631232,0.00035744641323493133
NGC2639-QSOs,yukawa,0.48743718592964824,0.9996246377152606,0.00037543275079593186
NGC2639-QSOs,yukawa,0.49246231155778897,0.999605722139628,0.00039435560832450876
NGC2639-QSOs,yukawa,0.49748743718592964,0.9995858199125649,0.00041426588369840187
NGC2639-QSOs,yukawa,0.5025125628140703,0.9995648773007008,0.0004352173926507764
NGC2639-QSOs,yukawa,0.507537688442211,0.9995428374832871,0.00045726704735579113
NGC2639-QSOs,yukawa,0.5125628140703518,0.9995196403628208,0.000480475046829938
NGC2639-QSOs,yukawa,0.5175879396984925,0.9994952223631135,0.0005049050800066127
NGC2639-QSOs,yukawa,0.5226130653266332,0.9994695162138986,0.0005306245424065835
NGC2639-QSOs,yukawa,0.5276381909547738,0.9994424507209949,0.0005577047674019954
NGC2639-QSOs,yukawa,0.5326633165829145,0.9994139505209662,0.0005862212731529651
NGC2639-QSOs,yukawa,0.5376884422110553,0.9993839358191299,0.0006162540263829507
NGC2639-QSOs,yukawa,0.542713567839196,0.9993523221096746,0.0006478877242582815
NGC2639-QSOs,yukawa,0.5477386934673367,0.9993190198765457,0.0006812120957368908
NGC2639-QSOs,yukawa,0.5527638190954774,0.9992839342736434,0.0007163222238722234
NGC2639-QSOs,yukawa,0.5577889447236181,0.9992469647827592,0.000753318890679663
NGC2639-QSOs,yukawa,0.5628140703517588,0.999208004847543,0.0007923089463108192
NGC2639-QSOs,yukawa,0.5678391959798995,0.9991669414816451,0.0008334057044333524
NGC2639-QSOs,yukawa,0.5728643216080402,0.9991236548490212,0.0008767293658769167
NGC2639-QSOs,yukawa,0.577889447236181,0.9990780178142137,0.0009224074727865585
NGC2639-QSOs,yukawa,0.5829145728643216,0.9990298954602274,0.0009705753957259825
NGC2639-QSOs,yukawa,0.5879396984924623,0.9989791445714136,0.001021376856387942
NGC2639-QSOs,yukawa,0.592964824120603,0.9989256130785411,0.0010749644888116592
NGC2639-QSOs,yukawa,0.5979899497487438,0.9988691394629802,0.0011315004422714782
NGC2639-QSOs,yukawa,0.6030150753768845,0.9988095521166485,0.0011911570292897516
NGC2639-QSOs,yukawa,0.6080402010050251,0.9987466686540567,0.0012541174225529428
NGC2639-QSOs,yukawa,0.6130653266331658,0.9986802951724558,0.0013205764048610175
NGC2639-QSOs,yukawa,0.6180904522613065,0.998610225455712,0.0013907411766344757
NGC2639-QSOs,yukawa,0.6231155778894473,0.9985362401171215,0.0014648322259387758
NGC2639-QSOs,yukawa,0.628140703517588,0.9984581056759217,0.0015430842664658038
NGC2639-QSOs,yukawa,0.6331658291457286,0.9983755735617462,0.0016257472494479728
NGC2639-QSOs,yukawa,0.6381909547738693,0.9982883790407132,0.0017130874560709116
NGC2639-QSOs,yukawa,0.6432160804020101,0.9981962400562109,0.0018053886776144311
NGC2639-QSOs,yukawa,0.6482412060301508,0.9980988559767544,0.001902953491280753
NGC2639-QSOs,yukawa,0.6532663316582915,0.997995906242516,0.0020061046404929624
NGC2639-QSOs,yukawa,0.6582914572864321,0.9978870489012776,0.0021151865293540665
NGC2639-QSOs,yukawa,0.6633165829145728,0.9977719190235953,0.002230566841983022
NGC2639-QSOs,yukawa,0.6683417085427136,0.997650126985903,0.0023526382985824424
NGC2639-QSOs,yukawa,0.6733668341708543,0.9975212566090861,0.0024818205613753074
NGC2639-QSOs,yukawa,0.678391959798995,0.9973848631387243,0.002618562304983304
NGC2639-QSOs,yukawa,0.6834170854271356,0.9972404710517098,0.002763343467431924
NGC2639-QSOs,yukawa,0.6884422110552764,0.997087571672261,0.0029166776997876687
NGC2639-QSOs,yukawa,0.6934673366834171,0.9969256205784741,0.003079115034477733
NGC2639-QSOs,yukawa,0.6984924623115578,0.9967540347784238,0.0032512447946554945
NGC2639-QSOs,yukawa,0.7035175879396985,0.9965721896324358,0.003433698769590054
NGC2639-QSOs,yukawa,0.7085427135678392,0.9963794154954444,0.0036271546840202663
NGC2639-QSOs,yukawa,0.7135678391959799,0.996174994050297,0.003832339992772993
NGC2639-QSOs,yukawa,0.7185929648241206,0.9959581542993956,0.0040500360357682745
NGC2639-QSOs,yukawa,0.7236180904522613,0.9957280681781424,0.0042810825928816
NGC2639-QSOs,yukawa,0.7286432160804021,0.9954838457491786,0.004526382883102098
NGC2639-QSOs,yukawa,0.7336683417085427,0.9952245299313236,0.004786909058095534
NGC2639-QSOs,yukawa,0.7386934673366834,0.9949490907113095,0.005063708246785152
NGC2639-QSOs,yukawa,0.7437185929648241,0.9946564187797674,0.0053579092150243335
NGC2639-QSOs,yukawa,0.7487437185929648,0.9943453185253185,0.005670729713016822
NGC2639-QSOs,yukawa,0.7537688442211056,0.9940145003118936,0.006003484593037295
NGC2639-QSOs,yukawa,0.7587939698492463,0.9936625719543631,0.006357594791437613
NGC2639-QSOs,yukawa,0.7638190954773869,0.9932880292959881,0.006734597282164336
NGC2639-QSOs,yukawa,0.7688442211055276,0.9928892457778313,0.007136156124388653
NGC2639-QSOs,yukawa,0.7738693467336684,0.9924644608747824,0.007564074744740895
NGC2639-QSOs,yukawa,0.7788944723618091,0.9920117672548788,0.008020309615523436
NGC2639-QSOs,yukawa,0.7839195979899498,0.9915290964976927,0.008506985514702864
NGC2639-QSOs,yukawa,0.7889447236180904,0.9910142031831464,0.009026412582152992
NGC2639-QSOs,yukawa,0.7939698492462312,0.9904646471335887,0.009581105420343624
NGC2639-QSOs,yukawa,0.7989949748743719,0.9898777735584756,0.010173804527489309
NGC2639-QSOs,yukawa,0.8040201005025126,0.9892506908116263,0.010807500398296475
NGC2639-QSOs,yukawa,0.8090452261306533,0.9885802454245611,0.011485460683436697
NGC2639-QSOs,yukawa,0.8140703517587939,0.9878629940244483,0.012211260865585369
NGC2639-QSOs,yukawa,0.8190954773869347,0.987095171679914,0.012988818989653999
NGC2639-QSOs,yukawa,0.8241206030150754,0.9862726561402243,0.013822435080608389
NGC2639-QSOs,yukawa,0.8291457286432161,0.9853909273404275,0.01471683599764381
NGC2639-QSOs,yukawa,0.8341708542713568,0.9844450214335874,0.01567722661304871
NGC2639-QSOs,yukawa,0.8391959798994975,0.9834294784770523,0.01670934837359178
NGC2639-QSOs,yukawa,0.8442211055276382,0.9823382827375282,0.017819546509030126
NGC2639-QSOs,yukawa,0.8492462311557789,0.9811647943829135,0.01901484740568427
NGC2639-QSOs,yukawa,0.8542713567839196,0.9799016710890293,0.020303047974914373
NGC2639-QSOs,yukawa,0.8592964824120604,0.9785407777958214,0.021692819232196733
NGC2639-QSOs,yukawa,0.864321608040201,0.9770730824866498,0.023193826782350064
NGC2639-QSOs,yukawa,0.8693467336683417,0.9754885354182824,0.0248168715064514
NGC2639-QSOs,yukawa,0.8743718592964824,0.9737759286753658,0.026574054500478603
NGC2639-QSOs,yukawa,0.8793969849246231,0.9719227322317292,0.028478971270236724
NGC2639-QSOs,yukawa,0.8844221105527639,0.9699149018329232,0.030546941402367522
NGC2639-QSOs,yukawa,0.8894472361809045,0.9677366529184553,0.03279528148881884
NGC2639-QSOs,yukawa,0.8944723618090452,0.9653701934098902,0.0352436310926582
NGC2639-QSOs,yukawa,0.8994974874371859,0.9627954064107248,0.037914344157799935
NGC2639-QSOs,yukawa,0.9045226130653267,0.9599894715721317,0.0408329616927572
NGC2639-QSOs,yukawa,0.9095477386934674,0.9569264109070063,0.04402878608976552
NGC2639-QSOs,yukawa,0.914572864321608,0.9535765409522912,0.04753558348508892
NGC2639-QSOs,yukawa,0.9195979899497487,0.9499058080662418,0.0513924487071336
NGC2639-QSOs,yukawa,0.9246231155778895,0.9458749768554379,0.05564487843639541
NGC2639-QSOs,yukawa,0.9296482412060302,0.9414386326231721,0.060346113441372765
NGC2639-QSOs,yukawa,0.9346733668341709,0.9365439464123131,0.06555883197121791
NGC2639-QSOs,yukawa,0.9396984924623115,0.9311291343753627,0.07135730630185023
NGC2639-QSOs,yukawa,0.9447236180904522,0.9251215199310323,0.07783017719996206
NGC2639-QSOs,yukawa,0.949748743718593,0.9184350746284858,0.08508406313075598
NGC2639-QSOs,yukawa,0.9547738693467337,0.910967267584068,0.0932483125717806
NGC2639-QSOs,yukawa,0.9597989949748744,0.9025949873000114,0.10248134522751227
NGC2639-QSOs,yukawa,0.964824120603015,0.8931692035947865,0.11297923834454475
NGC2639-QSOs,yukawa,0.9698492462311558,0.8825078955141733,0.12498754345643719
NGC2639-QSOs,yukawa,0.9748743718592965,0.8703865582781135,0.13881784615444653
NGC2639-QSOs,yukawa,0.9798994974874372,0.8565252776562189,0.15487144891998247
NGC2639-QSOs,yukawa,0.9849246231155779,0.8405708561156613,0.1736740273480283
NGC2639-QSOs,yukawa,0.9899497487437187,0.8220716784077826,0.19592768771818905
NGC2639-QSOs,yukawa,0.9949748743718593,0.8004417228796449,0.22259155009536327
NGC2639-QSOs,yukawa,1.0,0.774908031882281,0.2550109252094505
NGC1097-jetQSOs,exponential,0.0,1.0,-0.0
NGC1097-jetQSOs,exponential,0.005025125628140704,0.9931216914416373,0.006902073158871032
NGC1097-jetQSOs,exponential,0.010050251256281407,0.9863802600829734,0.01371333941357959
NGC1097-jetQSOs,exponential,0.01507537688442211,0.9797729820904324,0.020434385080870254
NGC1097-jetQSOs,exponential,0.020100502512562814,0.9732971878342747,0.02706580886417383
NGC1097-jetQSOs,exponential,0.02512562814070352,0.9669502608099497,0.0336082214495268
NGC1097-jetQSOs,exponential,0.03015075376884422,0.9607296365809139,0.0400622450978331
NGC1097-jetQSOs,exponential,0.035175879396984924,0.9546328017424854,0.04642851323399953
NGC1097-jetQSOs,exponential,0.04020100502512563,0.948657292906319,0.05270767003346981
NGC1097-jetQSOs,exponential,0.04522613065326633,0.9428006957050885,0.05890037000667795
NGC1097-jetQSOs,exponential,0.05025125628140704,0.9370606438169778,0.06500727758193203
NGC1097-jetQSOs,exponential,0.05527638190954774,0.9314348180095822,0.07102906668723448
NGC1097-jetQSOs,exponential,0.06030150753768844,0.9259209452028372,0.076966420331532
NGC1097-jetQSOs,exponential,0.06532663316582915,0.9205167975505947,0.08282003018588309
NGC1097-jetQSOs,exponential,0.07035175879396985,0.9152201915404756,0.08859059616501529
NGC1097-jetQSOs,exponential,0.07537688442211056,0.910028987111635,0.0942788260097385
NGC1097-jetQSOs,exponential,0.08040201005025126,0.9049410867900841,0.09988543487066347
NGC1097-jetQSOs,exponential,0.08542713567839195,0.8999544348412183,0.10541114489366633
NGC1097-jetQSOs,exponential,0.09045226130653267,0.8950670164392109,0.11085668480752285
NGC1097-jetQSOs,exponential,0.09547738693467336,0.8902768568529352,0.1162227895141261
NGC1097-jetQSOs,exponential,0.10050251256281408,0.8855820206480862,0.12151019968168424
NGC1097-jetQSOs,exponential,0.10552763819095477,0.880980610905181,0.12671966134128135
NGC1097-jetQSOs,exponential,0.11055276381909548,0.8764707684531192,0.13185192548717095
NGC1097-jetQSOs,exponential,0.11557788944723618,0.8720506711179977,0.13690774768115202
NGC1097-jetQSOs,exponential,0.12060301507537688,0.8677185329868715,0.14188788766136812
NGC1097-jetQSOs,exponential,0.12562814070351758,0.8634726036861672,0.1467931089558487
NGC1097-jetQSOs,exponential,0.1306532663316583,0.859311167674455,0.1516241785010992
NGC1097-jetQSOs,exponential,0.135678391959799,0.8552325435492956,0.15638186626602846
NGC1097-jetQSOs,exponential,0.1407035175879397,0.8512350833678787,0.16106694488148862
NGC1097-jetQSOs,exponential,0.1457286432160804,0.8473171719811833,0.16568018927568173
NGC1097-jetQSOs,exponential,0.15075376884422112,0.8434772263813857,0.17022237631567758
NGC1097-jetQSOs,exponential,0.15577889447236182,0.8397136950622556,0.1746942844552643
NGC1097-jetQSOs,exponential,0.16080402010050251,0.8360250573922793,0.17909669338934367
NGC1097-jetQSOs,exponential,0.1658291457286432,0.8324098230002579,0.183430383715062
NGC1097-jetQSOs,exponential,0.1708542713567839,0.8288665311731326,0.18769613659985462
NGC1097-jetQSOs,exponential,0.17587939698492464,0.8253937502657919,0.19189473345656693
NGC1097-jetQSOs,exponential,0.18090452261306533,0.8219900771226247,0.19602695562579703
NGC1097-jetQSOs,exponential,0.18592964824120603,0.818654136510584,0.20009358406559252
NGC1097-jetQSOs,exponential,0.19095477386934673,0.8153845805635324,0.204095399048618
NGC1097-jetQSOs,exponential,0.19597989949748745,0.8121800882376448,0.20803317986689604
NGC1097-jetQSOs,exponential,0.20100502512562815,0.8090393647776494,0.21190770454420943
NGC1097-jetQSOs,exponential,0.20603015075376885,0.8059611411936897,0.21571974955623982
NGC1097-jetQSOs,exponential,0.21105527638190955,0.8029441737485967,0.2194700895585043
NGC1097-jetQSOs,exponential,0.21608040201005024,0.7999872434553649,0.2231594971221374
NGC1097-jetQSOs,exponential,0.22110552763819097,0.7970891555846281,0.22678874247755423
NGC1097-jetQSOs,exponential,0.22613065326633167,0.7942487391819364,0.2303585932660203
NGC1097-jetQSOs,exponential,0.23115577889447236,0.7914648465946391,0.2338698142991366
NGC1097-jetQSOs,exponential,0.23618090452261306,0.7887363530081832,0.23732316732624326
NGC1097-jetQSOs,exponential,0.24120603015075376,0.7860621559916384,0.24071941080973053
NGC1097-jetQSOs,exponential,0.24623115577889448,0.7834411750522676,0.24405929970823478
NGC1097-jetQSOs,exponential,0.25125628140703515,0.7808723511989596,0.24734358526769284
NGC1097-jetQSOs,exponential,0.2562814070351759,0.7783546465143507,0.2505730148202098
NGC1097-jetQSOs,exponential,0.2613065326633166,0.775887043735461,0.2537483315906939
NGC1097-jetQSOs,exponential,0.2663316582914573,0.7734685458426749,0.25687027451120065
NGC1097-jetQSOs,exponential,0.271356783919598,0.7710981756569016,0.25993957804291923
NGC1097-jetQSOs,exponential,0.2763819095477387,0.7687749754447528,0.2629569720057272
NGC1097-jetQSOs,exponential,0.2814070351758794,0.7664980065315754,0.26592318141523474
NGC1097-jetQSOs,exponential,0.2864321608040201,0.7642663489221861,0.26883892632722894
NGC1097-jetQSOs,exponential,0.2914572864321608,0.7620791009291534,0.27170492168942423
NGC1097-jetQSOs,exponential,0.2964824120603015,0.7599353788084764,0.2745218772004194
NGC1097-jetQSOs,exponential,0.30150753768844224,0.7578343164025128,0.27729049717575754
NGC1097-jetQSOs,exponential,0.3065326633165829,0.7557750647900139,0.28001148042097446
NGC1097-jetQSOs,exponential,0.31155778894472363,0.7537567919431232,0.28268552011152437
NGC1097-jetQSOs,exponential,0.3165829145728643,0.7517786823912005,0.28531330367946056
NGC1097-jetQSOs,exponential,0.32160804020100503,0.7498399368913362,0.28789551270675
NGC1097-jetQSOs,exponential,0.32663316582914576,0.7479397721054218,0.2904328228250936
NGC1097-jetQSOs,exponential,0.3316582914572864,0.7460774202836478,0.29292590362212123
NGC1097-jetQSOs,exponential,0.33668341708542715,0.7442521289542977,0.2953754185538324
NGC1097-jetQSOs,exponential,0.3417085427135678,0.7424631606197183,0.29778202486314215
NGC1097-jetQSOs,exponential,0.34673366834170855,0.740709792458337,0.3001463735043992
NGC1097-jetQSOs,exponential,0.35175879396984927,0.7389913160326105,0.3024691090737356
NGC1097-jetQSOs,exponential,0.35678391959798994,0.7373070370027852,0.30475086974510557
NGC1097-jetQSOs,exponential,0.36180904522613067,0.7356562748463538,0.30699228721187405
NGC1097-jetQSOs,exponential,0.36683417085427134,0.7340383625830937,0.3091939866338114
NGC1097-jetQSOs,exponential,0.37185929648241206,0.7324526465055781,0.31135658658935095
NGC1097-jetQSOs,exponential,0.3768844221105528,0.7308984859150498,0.3134806990329622
NGC1097-jetQSOs,exponential,0.38190954773869346,0.7293752528625503,0.31556692925750307
NGC1097-jetQSOs,exponential,0.3869346733668342,0.7278823318952017,0.31761587586139806
NGC1097-jetQSOs,exponential,0.3919597989949749,0.726419119807536,0.3196281307205062
NGC1097-jetQSOs,exponential,0.3969849246231156,0.7249850253977743,0.32160427896453153
NGC1097-jetQSOs,exponential,0.4020100502512563,0.7235794692289543,0.3235448989578349
NGC1097-jetQSOs,exponential,0.40703517587939697,0.7222018833948142,0.32545056228450336
NGC1097-jetQSOs,exponential,0.4120603015075377,0.7208517112903317,0.32732183373754137
NGC1097-jetQSOs,exponential,0.4170854271356784,0.7195284073868329,0.32915927131203815
NGC1097-jetQSOs,exponential,0.4221105527638191,0.7182314370115734,0.33096342620217917
NGC1097-jetQSOs,exponential,0.4271356783919598,0.7169602761317084,0.33273484280195975
NGC1097-jetQSOs,exponential,0.4321608040201005,0.7157144111425593,0.3344740587094704
NGC1097-jetQSOs,exponential,0.4371859296482412,0.7144933386600955,0.3361816047346178
NGC1097-jetQSOs,exponential,0.44221105527638194,0.7132965653175454,0.3378580049101508
NGC1097-jetQSOs,exponential,0.4472361809045226,0.7121236075660541,0.3395037765058635
NGC1097-jetQSOs,exponential,0.45226130653266333,0.710973991479309,0.3411194300458456
NGC1097-jetQSOs,exponential,0.457286432160804,0.709847252562052,0.3427054693286575
NGC1097-jetQSOs,exponential,0.4623115577889447,0.7087429355624042,0.3442623914503033
NGC1097-jetQSOs,exponential,0.46733668341708545,0.7076605942879233,0.3457906868298874
NGC1097-jetQSOs,exponential,0.4723618090452261,0.7065997914253226,0.3472908392378284
NGC1097-jetQSOs,exponential,0.47738693467336685,0.7055600983637773,0.34876332582652086
NGC1097-jetQSOs,exponential,0.4824120603015075,0.7045410950217472,0.35020861716332735
NGC1097-jetQSOs,exponential,0.48743718592964824,0.7035423696772447,0.35162717726579257
NGC1097-jetQSOs,exponential,0.49246231155778897,0.7025635188014816,0.35301946363896775
NGC1097-jetQSOs,exponential,0.49748743718592964,0.7016041468958261,0.3543859273147414
NGC1097-jetQSOs,exponential,0.5025125628140703,0.7006638663320026,0.3557270128930745
NGC1097-jetQSOs,exponential,0.507537688442211,0.699742297195475,0.35704315858503266
NGC1097-jetQSOs,exponential,0.5125628140703518,0.6988390671319427,0.3583347962575256
NGC1097-jetQSOs,exponential,0.5175879396984925,0.6979538111968944,0.3596023514796507
NGC1097-jetQSOs,exponential,0.5226130653266332,0.6970861717081537,0.36084624357055184
NGC1097-jetQSOs,exponential,0.5276381909547738,0.6962357981013605,0.36206688564870004
NGC1097-jetQSOs,exponential,0.5326633165829145,0.6954023467883272,0.36326468468250983
NGC1097-jetQSOs,exponential,0.5376884422110553,0.6945854810182142,0.36444004154220455
NGC1097-jetQSOs,exponential,0.542713567839196,0.6937848707414676,0.3655933510528468
NGC1097-jetQSOs,exponential,0.5477386934673367,0.6930001924764649,0.36672500204845576
NGC1097-jetQSOs,exponential,0.5527638190954774,0.6922311291788148,0.3678353774271299
NGC1097-jetQSOs,exponential,0.5577889447236181,0.6914773701132559,0.3689248542071038
NGC1097-jetQSOs,exponential,0.5628140703517588,0.6907386107281077,0.36999380358366074
NGC1097-jetQSOs,exponential,0.5678391959798995,0.6900145525322174,0.371042590986834
NGC1097-jetQSOs,exponential,0.5728643216080402,0.6893049029743565,0.3720715761398284
NGC1097-jetQSOs,exponential,0.577889447236181,0.6886093753250178,0.3730811131180919
NGC1097-jetQSOs,exponential,0.5829145728643216,0.6879276885605632,0.3740715504089794
NGC1097-jetQSOs,exponential,0.5879396984924623,0.6872595672496788,0.3750432309719419
NGC1097-jetQSOs,exponential,0.592964824120603,0.6866047414420882,0.3759964922991851
NGC1097-jetQSOs,exponential,0.5979899497487438,0.6859629465594805,0.37693166647673776
NGC1097-jetQSOs,exponential,0.6030150753768845,0.6853339232886094,0.37784908024587854
NGC1097-jetQSOs,exponential,0.6080402010050251,0.6847174174765194,0.3787490550648624
NGC1097-jetQSOs,exponential,0.6130653266331658,0.6841131800278564,0.3796319071709028
NGC1097-jetQSOs,exponential,0.6180904522613065,0.6835209668042225,0.3804979476423553
NGC1097-jetQSOs,exponential,0.6231155778894473,0.6829405385255338,0.38134748246105765
NGC1097-jetQSOs,exponential,0.628140703517588,0.6823716606733399,0.38218081257478353
NGC1097-jetQSOs,exponential,0.6331658291457286,0.6818141033960692,0.38299823395976135
NGC1097-jetQSOs,exponential,0.6381909547738693,0.6812676414161578,0.38380003768322457
NGC1097-jetQSOs,exponential,0.6432160804020101,0.6807320539390282,0.38458650996594657
NGC1097-jetQSOs,exponential,0.6482412060301508,0.6802071245638786,0.38535793224472753
NGC1097-jetQSOs,exponential,0.6532663316582915,0.6796926411962465,0.38611458123479536
NGC1097-jetQSOs,exponential,0.6582914572864321,0.6791883959623148,0.38685672899208573
NGC1097-jetQSOs,exponential,0.6633165829145728,0.6786941851249207,0.3875846429753702
NGC1097-jetQSOs,exponential,0.6683417085427136,0.678209809001237,0.38829858610820067
NGC1097-jetQSOs,exponential,0.6733668341708543,0.6777350718820918,0.3889988168406383
NGC1097-jetQSOs,exponential,0.678391959798995,0.677269781952893,0.3896855892107446
NGC1097-jetQSOs,exponential,0.6834170854271356,0.6768137512161274,0.3903591529057991
NGC1097-jetQSOs,exponential,0.6884422110552764,0.6763667954154011,0.3910197533232274
NGC1097-jetQSOs,exponential,0.6934673366834171,0.6759287339609916,0.39166763163121
NGC1097-jetQSOs,exponential,0.6984924623115578,0.6754993898568823,0.39230302482894974
NGC1097-jetQSOs,exponential,0.7035175879396985,0.6750785896292477,0.3929261658065796
NGC1097-jetQSOs,exponential,0.7085427135678392,0.6746661632563629,0.39353728340468647
NGC1097-jetQSOs,exponential,0.7135678391959799,0.6742619440999066,0.3941366024734359
NGC1097-jetQSOs,exponential,0.7185929648241206,0.6738657688376333,0.39472434393127537
NGC1097-jetQSOs,exponential,0.7236180904522613,0.6734774773973825,0.3953007248232055
NGC1097-jetQSOs,exponential,0.7286432160804021,0.6730969128924033,0.3958659583785971
NGC1097-jetQSOs,exponential,0.7336683417085427,0.672723921557965,0.39642025406854386
NGC1097-jetQSOs,exponential,0.7386934673366834,0.67235835268923,0.3969638176627344
NGC1097-jetQSOs,exponential,0.7437185929648241,0.6720000585803614,0.3974968512858345
NGC1097-jetQSOs,exponential,0.7487437185929648,0.6716488944648442,0.39801955347336143
NGC1097-jetQSOs,exponential,0.7537688442211056,0.6713047184569931,0.3985321192270475
NGC1097-jetQSOs,exponential,0.7587939698492463,0.6709673914946246,0.39903474006967565
NGC1097-jetQSOs,exponential,0.7638190954773869,0.670636777282869,0.3995276040993834
NGC1097-jetQSOs,exponential,0.7688442211055276,0.6703127422391024,0.40001089604342194
NGC1097-jetQSOs,exponential,0.7738693467336684,0.6699951554389729,0.400484797311367
NGC1097-jetQSOs,exponential,0.7788944723618091,0.6696838885635015,0.40094948604777153
NGC1097-jetQSOs,exponential,0.7839195979899498,0.6693788158472351,0.4014051371842563
NGC1097-jetQSOs,exponential,0.7889447236180904,0.669079814027433,0.4018519224910296
NGC1097-jetQSOs,exponential,0.7939698492462312,0.6687867622942624,0.40229001062783504
NGC1097-jetQSOs,exponential,0.7989949748743719,0.6684995422419857,0.4027195671943217
NGC1097-jetQSOs,exponential,0.8040201005025126,0.6682180378211204,0.4031407547798303
NGC1097-jetQSOs,exponential,0.8090452261306533,0.6679421352915492,0.4035537330125967
NGC1097-jetQSOs,exponential,0.8140703517587939,0.6676717231765642,0.4039586586083674
NGC1097-jetQSOs,exponential,0.8190954773869347,0.6674066922178257,0.4043556854184243
NGC1097-jetQSOs,exponential,0.8241206030150754,0.6671469353312166,0.40474496447702063
NGC1097-jetQSOs,exponential,0.8291457286432161,0.6668923475635762,0.4051266440482229
NGC1097-jetQSOs,exponential,0.8341708542713568,0.6666428260502942,0.40550086967216015
NGC1097-jetQSOs,exponential,0.8391959798994975,0.666398269973749,0.4058677842106816
NGC1097-jetQSOs,exponential,0.8442211055276382,0.6661585805225729,0.40622752789241906
NGC1097-jetQSOs,exponential,0.8492462311557789,0.6659236608517282,0.40658023835725915
NGC1097-jetQSOs,exponential,0.8542713567839196,0.6656934160433771,0.4069260507002226
NGC1097-jetQSOs,exponential,0.8592964824120604,0.6654677530685312,0.40726509751475387
NGC1097-jetQSOs,exponential,0.864321608040201,0.6652465807494636,0.40759750893542235
NGC1097-jetQSOs,exponential,0.8693467336683417,0.6650298097228693,0.40792341268003596
NGC1097-jetQSOs,exponential,0.8743718592964824,0.6648173524037573,0.40824293409117285
NGC1097-jetQSOs,exponential,0.8793969849246231,0.6646091229500645,0.40855619617712646
NGC1097-jetQSOs,exponential,0.8844221105527639,0.66440503722797,0.40886331965227646
NGC1097-jetQSOs,exponential,0.8894472361809045,0.6642050127779021,0.4091644229768798
NGC1097-jetQSOs,exponential,0.8944723618090452,0.6640089687812211,0.40945962239629047
NGC1097-jetQSOs,exponential,0.8994974874371859,0.6638168260275645,0.4097490319796091
NGC1097-jetQSOs,exponential,0.9045226130653267,0.6636285068828431,0.410032763657767
NGC1097-jetQSOs,exponential,0.9095477386934674,0.6634439352578732,0.4103109272610475
NGC1097-jetQSOs,exponential,0.914572864321608,0.6632630365776331,0.41058363055605
NGC1097-jetQSOs,exponential,0.9195979899497487,0.6630857377511319,0.41085097928209974
NGC1097-jetQSOs,exponential,0.9246231155778895,0.6629119671418771,0.41111307718710877
NGC1097-jetQSOs,exponential,0.9296482412060302,0.6627416545389304,0.41137002606289086
NGC1097-jetQSOs,exponential,0.9346733668341709,0.6625747311285399,0.41162192577993706
NGC1097-jetQSOs,exponential,0.9396984924623115,0.6624111294663356,0.4118688743216555
NGC1097-jetQSOs,exponential,0.9447236180904522,0.6622507834500796,0.41211096781808
NGC1097-jetQSOs,exponential,0.949748743718593,0.6620936282929573,0.4123483005790544
NGC1097-jetQSOs,exponential,0.9547738693467337,0.6619396004974011,0.4125809651268947
NGC1097-jetQSOs,exponential,0.9597989949748744,0.6617886378294344,0.41280905222853714
NGC1097-jetQSOs,exponential,0.964824120603015,0.6616406792935264,0.4130326509271758
NGC1097-jetQSOs,exponential,0.9698492462311558,0.6614956651079476,0.4132518485733943
NGC1097-jetQSOs,exponential,0.9748743718592965,0.6613535366806143,0.41346673085580116
NGC1097-jetQSOs,exponential,0.9798994974874372,0.6612142365854161,0.4136773818311674
NGC1097-jetQSOs,exponential,0.9849246231155779,0.6610777085390126,0.4138838839540792
NGC1097-jetQSOs,exponential,0.9899497487437187,0.6609438973780924,0.41408631810610547
NGC1097-jetQSOs,exponential,0.9949748743718593,0.6608127490370851,0.4142847636244896
NGC1097-jetQSOs,exponential,1.0,0.6606842105263158,0.4144792983303692
NGC1097-jetQSOs,tanh,0.0,1.0,-0.0
NGC1097-jetQSOs,tanh,0.005025125628140704,0.9999700783114729,2.9922136189764584e-05
NGC1097-jetQSOs,tanh,0.010050251256281407,0.9999380889620002,6.191295456721355e-05
NGC1097-jetQSOs,tanh,0.01507537688442211,0.9999038895024933,9.611511641650344e-05
NGC1097-jetQSOs,tanh,0.020100502512562814,0.9998673277317285,0.00013268107001540742
NGC1097-jetQSOs,tanh,0.02512562814070352,0.9998282410375505,0.00017177371470931225
NGC1097-jetQSOs,tanh,0.03015075376884422,0.9997864556948403,0.00021356710899135054
NGC1097-jetQSOs,tanh,0.035175879396984924,0.9997417861175921,0.00025824722535227446
NGC1097-jetQSOs,tanh,0.04020100502512563,0.9996940340623124,0.0003060127548150003
NGC1097-jetQSOs,tanh,0.04522613065326633,0.9996429877798081,0.0003570759642266444
NGC1097-jetQSOs,tanh,0.05025125628140704,0.9995884211122997,0.0004116636095379478
NGC1097-jetQSOs,tanh,0.05527638190954774,0.9995300925326436,0.00047001790846978603
NGC1097-jetQSOs,tanh,0.06030150753768844,0.9994677441223135,0.0005323975761282429
NGC1097-jetQSOs,tanh,0.06532663316582915,0.9994011004846476,0.0005990789273038883
NGC1097-jetQSOs,tanh,0.07035175879396985,0.9993298675897263,0.0006703570493615722
NGC1097-jetQSOs,tanh,0.07537688442211056,0.9992537315471222,0.0007465470497937371
NGC1097-jetQSOs,tanh,0.08040201005025126,0.9991723573026245,0.0008279853826864221
NGC1097-jetQSOs,tanh,0.08542713567839195,0.999085387254937,0.0009150312585043191
NGC1097-jetQSOs,tanh,0.09045226130653267,0.9989924397882309,0.0010080681417679355
NGC1097-jetQSOs,tanh,0.09547738693467336,0.9988931077163589,0.0011075053413392396
NGC1097-jetQSOs,tanh,0.10050251256281408,0.9987869566344565,0.00121377969817603
NGC1097-jetQSOs,tanh,0.10552763819095477,0.9986735231736231,0.0013273573755338381
NGC1097-jetQSOs,tanh,0.11055276381909548,0.998552313154357,0.001448735756696573
NGC1097-jetQSOs,tanh,0.11557788944723618,0.9984227996344422,0.0015784454553972897
NGC1097-jetQSOs,tanh,0.12060301507537688,0.9982844208470575,0.0017170524441304067
NGC1097-jetQSOs,tanh,0.12562814070351758,0.9981365780249905,0.0018651603055692713
NGC1097-jetQSOs,tanh,0.1306532663316583,0.9979786331070274,0.002023412612261645
NGC1097-jetQSOs,tanh,0.135678391959799,0.9978099063228362,0.002192495439685233
NGC1097-jetQSOs,tanh,0.1407035175879397,0.9976296736529997,0.0023731400175869793
NGC1097-jetQSOs,tanh,0.1457286432160804,0.9974371641612896,0.0025661255242966246
NGC1097-jetQSOs,tanh,0.15075376884422112,0.9972315571968143,0.002772282028383635
NGC1097-jetQSOs,tanh,0.15577889447236182,0.9970119794643518,0.0029924935815999138
NGC1097-jetQSOs,tanh,0.16080402010050251,0.9967775019619947,0.003227701466507018
NGC1097-jetQSOs,tanh,0.1658291457286432,0.9965271367862308,0.0034789076014986537
NGC1097-jetQSOs,tanh,0.1708542713567839,0.9962598338057564,0.0037471781050920365
NGC1097-jetQSOs,tanh,0.17587939698492464,0.9959744772067171,0.004033647020333072
NGC1097-jetQSOs,tanh,0.18090452261306533,0.9956698819137114,0.0043395201989310265
NGC1097-jetQSOs,tanh,0.18592964824120603,0.9953447898927994,0.0046660793432753145
NGC1097-jetQSOs,tanh,0.19095477386934673,0.9949978663449737,0.005014686202754346
NGC1097-jetQSOs,tanh,0.19597989949748745,0.9946276958011043,0.005386786918771667
NGC1097-jetQSOs,tanh,0.20100502512562815,0.9942327781322899,0.005783916510495739
NGC1097-jetQSOs,tanh,0.20603015075376885,0.9938115244928889,0.0062077034906444055
NGC1097-jetQSOs,tanh,0.21105527638190955,0.993362253217285,0.006659874597467669
NGC1097-jetQSOs,tanh,0.21608040201005024,0.9928831856957216,0.007142259625488429
NGC1097-jetQSOs,tanh,0.22110552763819097,0.9923724422593363,0.0076567963334685935
NGC1097-jetQSOs,tanh,0.22613065326633167,0.9918280381098985,0.008205535403420996
NGC1097-jetQSOs,tanh,0.23115577889447236,0.9912478793357233,0.00879064541925346
NGC1097-jetQSOs,tanh,0.23618090452261306,0.9906297590618318,0.009414417827759404
NGC1097-jetQSOs,tanh,0.24120603015075376,0.9899713537896881,0.010079271838114575
NGC1097-jetQSOs,tanh,0.24623115577889448,0.989270219989773,0.010787759208763672
NGC1097-jetQSOs,tanh,0.25125628140703515,0.9885237910188587,0.011542568862548357
NGC1097-jetQSOs,tanh,0.2562814070351759,0.98772937444312,0.012346531262115283
NGC1097-jetQSOs,tanh,0.2613065326633166,0.9868841498581242,0.013202622468030067
NGC1097-jetQSOs,tanh,0.2663316582914573,0.985985167307221,0.01411396779161773
NGC1097-jetQSOs,tanh,0.271356783919598,0.9850293464108394,0.015083844943363187
NGC1097-jetQSOs,tanh,0.2763819095477387,0.9840134763305508,0.01611568656578872
NGC1097-jetQSOs,tanh,0.2814070351758794,0.9829342167033268,0.017213082027149385
NGC1097-jetQSOs,tanh,0.2864321608040201,0.9817880996930032,0.018379778339157295
NGC1097-jetQSOs,tanh,0.2914572864321608,0.9805715333172748,0.01961968004842777
NGC1097-jetQSOs,tanh,0.2964824120603015,0.979280806219284,0.020936847937623095
NGC1097-jetQSOs,tanh,0.30150753768844224,0.9779120940626219,0.022335496358624262
NGC1097-jetQSOs,tanh,0.3065326633165829,0.9764614677368593,0.023819989006820592
NGC1097-jetQSOs,tanh,0.31155778894472363,0.9749249035670372,0.025394832933161034
NGC1097-jetQSOs,tanh,0.3165829145728643,0.9732982957242168,0.027064670579459334
NGC1097-jetQSOs,tanh,0.32160804020100503,0.9715774710345185,0.028834269613156875
NGC1097-jetQSOs,tanh,0.32663316582914576,0.9697582063802899,0.03070851033097789
NGC1097-jetQSOs,tanh,0.3316582914572864,0.9678362488782519,0.032692370397439094
NGC1097-jetQSOs,tanh,0.33668341708542715,0.9658073390048071,0.03479090668483356
NGC1097-jetQSOs,tanh,0.3417085427135678,0.9636672368171918,0.03700923398704167
NGC1097-jetQSOs,tanh,0.34673366834170855,0.9614117513899114,0.039352500391330016
NGC1097-jetQSOs,tanh,0.35175879396984927,0.9590367735480005,0.041825859111248954
NGC1097-jetQSOs,tanh,0.35678391959798994,0.9565383119313393,0.044434436610892594
NGC1097-jetQSOs,tanh,0.36180904522613067,0.9539125323668731,0.04718329688721899
NGC1097-jetQSOs,tanh,0.36683417085427134,0.951155800457738,0.050077401823822955
NGC1097-jetQSOs,tanh,0.37185929648241206,0.9482647272198853,0.05312156758737323
NGC1097-jetQSOs,tanh,0.3768844221105528,0.9452362175081207,0.056320417107535
NGC1097-jetQSOs,tanh,0.38190954773869346,0.9420675208752963,0.059678328762967026
NGC1097-jetQSOs,tanh,0.3869346733668342,0.9387562844020672,0.06319938148991028
NGC1097-jetQSOs,tanh,0.3919597989949749,0.9353006069221014,0.06688729663550061
NGC1097-jetQSOs,tanh,0.3969849246231156,0.9316990939515902,0.07074537699420293
NGC1097-jetQSOs,tanh,0.4020100502512563,0.9279509125157206,0.07477644359096974
NGC1097-jetQSOs,tanh,0.40703517587939697,0.9240558449525305,0.07898277090645661
NGC1097-jetQSOs,tanh,0.4120603015075377,0.9200143406710173,0.08336602137464942
NGC1097-jetQSOs,tanh,0.4170854271356784,0.9158275647507925,0.08792718011755667
NGC1097-jetQSOs,tanh,0.4221105527638191,0.9114974422006252,0.09266649101038976
NGC1097-jetQSOs,tanh,0.4271356783919598,0.9070266966486923,0.09758339528838385
NGC1097-jetQSOs,tanh,0.4321608040201005,0.9024188822238798,0.10267647400703447
NGC1097-jetQSOs,tanh,0.4371859296482412,0.8976784074101942,0.10794339574460932
NGC1097-jetQSOs,tanh,0.44221105527638194,0.8928105497194965,0.11338087098281582
NGC1097-jetQSOs,tanh,0.4472361809045226,0.8878214601343188,0.1189846146122168
NGC1097-jetQSOs,tanh,0.45226130653266333,0.8827181564237915,0.12474931797774372
NGC1097-jetQSOs,tanh,0.457286432160804,0.8775085046310065,0.13066863180189534
NGC1097-jetQSOs,tanh,0.4623115577889447,0.8722011882665596,0.1367351611958625
NGC1097-jetQSOs,tanh,0.46733668341708545,0.8668056650152867,0.14294047379065902
NGC1097-jetQSOs,tanh,0.4723618090452261,0.8613321110637011,0.14927512179245178
NGC1097-jetQSOs,tanh,0.47738693467336685,0.855791353474599,0.15572867849215385
NGC1097-jetQSOs,tanh,0.4824120603015075,0.8501947913611516,0.16228978944512487
NGC1097-jetQSOs,tanh,0.48743718592964824,0.8445543069327159,0.16894623819118768
NGC1097-jetQSOs,tanh,0.49246231155778897,0.8388821677851397,0.1756850260191356
NGC1097-jetQSOs,tanh,0.49748743718592964,0.833190922076238,0.18249246490642848
NGC1097-jetQSOs,tanh,0.5025125628140703,0.8274932884500779,0.18935428239815746
NGC1097-jetQSOs,tanh,0.507537688442211,0.8218020427411761,0.196255736844537
NGC1097-jetQSOs,tanh,0.5125628140703518,0.8161299035935998,0.20318174110790982
NGC1097-jetQSOs,tanh,0.5175879396984925,0.8104894191651641,0.21011699259221905
NGC1097-jetQSOs,tanh,0.5226130653266332,0.8048928570517166,0.21704610725190845
NGC1097-jetQSOs,tanh,0.5276381909547738,0.7993520994626147,0.22395375511241633
NGC1097-jetQSOs,tanh,0.5326633165829145,0.7938785455110291,0.23082479478674262
NGC1097-jetQSOs,tanh,0.5376884422110553,0.7884830222597563,0.23764440450425142
NGC1097-jetQSOs,tanh,0.542713567839196,0.7831757058953093,0.2443982072774405
NGC1097-jetQSOs,tanh,0.5477386934673367,0.7779660541025242,0.2510723880146265
NGC1097-jetQSOs,tanh,0.5527638190954774,0.7728627503919969,0.25765380063286064
NGC1097-jetQSOs,tanh,0.5577889447236181,0.7678736608068193,0.2641300635245453
NGC1097-jetQSOs,tanh,0.5628140703517588,0.7630058031161215,0.270489642069825
NGC1097-jetQSOs,tanh,0.5678391959798995,0.7582653283024359,0.2767219172502361
NGC1097-jetQSOs,tanh,0.5728643216080402,0.7536575138776234,0.2828172397923845
NGC1097-jetQSOs,tanh,0.577889447236181,0.7491867683256905,0.2887669696390504
NGC1097-jetQSOs,tanh,0.5829145728643216,0.7448566457755232,0.2945635008958442
NGC1097-jetQSOs,tanh,0.5879396984924623,0.7406698698552985,0.30020027272289646
NGC1097-jetQSOs,tanh,0.592964824120603,0.7366283655737853,0.30567176692387726
NGC1097-jetQSOs,tanh,0.5979899497487438,0.7327332980105952,0.3109734932222601
NGC1097-jetQSOs,tanh,0.6030150753768845,0.7289851165747255,0.31610196340311975
NGC1097-jetQSOs,tanh,0.6080402010050251,0.7253836036042145,0.3210546556363599
NGC1097-jetQSOs,tanh,0.6130653266331658,0.7219279261242486,0.325829970384864
NGC1097-jetQSOs,tanh,0.6180904522613065,0.7186166896510194,0.33042717934138843
NGC1097-jetQSOs,tanh,0.6231155778894473,0.715447993018195,0.3348463688353754
NGC1097-jetQSOs,tanh,0.628140703517588,0.7124194833064303,0.33908837911068945
NGC1097-jetQSOs,tanh,0.6331658291457286,0.7095284100685778,0.3431547408037598
NGC1097-jetQSOs,tanh,0.6381909547738693,0.7067716781594426,0.34704760985522604
NGC1097-jetQSOs,tanh,0.6432160804020101,0.7041458985949764,0.3507697019734085
NGC1097-jetQSOs,tanh,0.6482412060301508,0.7016474369783152,0.35432422764092614
NGC1097-jetQSOs,tanh,0.6532663316582915,0.6992724591364043,0.35771482852219055
NGC1097-jetQSOs,tanh,0.6582914572864321,0.697016973709124,0.3609455159942803
NGC1097-jetQSOs,tanh,0.6633165829145728,0.6948768715215088,0.3640206123910169
NGC1097-jetQSOs,tanh,0.6683417085427136,0.6928479616480638,0.36694469542331837
NGC1097-jetQSOs,tanh,0.6733668341708543,0.6909260041460259,0.3697225461206703
NGC1097-jetQSOs,tanh,0.678391959798995,0.6891067394917972,0.37235910053068444
NGC1097-jetQSOs,tanh,0.6834170854271356,0.6873859148020991,0.374859405317363
NGC1097-jetQSOs,tanh,0.6884422110552764,0.6857593069592786,0.3772285773144465
NGC1097-jetQSOs,tanh,0.6934673366834171,0.6842227427894565,0.37947176701817087
NGC1097-jetQSOs,tanh,0.6984924623115578,0.6827721164636937,0.38159412594360664
NGC1097-jetQSOs,tanh,0.7035175879396985,0.6814034043070316,0.383600777719862
NGC1097-jetQSOs,tanh,0.7085427135678392,0.6801126772090411,0.3854967927610063
NGC1097-jetQSOs,tanh,0.7135678391959799,0.6788961108333125,0.38728716632062105
NGC1097-jetQSOs,tanh,0.7185929648241206,0.677749993822989,0.38897679971735855
NGC1097-jetQSOs,tanh,0.7236180904522613,0.676670734195765,0.39057048450573423
NGC1097-jetQSOs,tanh,0.7286432160804021,0.6756548641154763,0.39207288935948276
NGC1097-jetQSOs,tanh,0.7336683417085427,0.6746990432190948,0.39348854943321504
NGC1097-jetQSOs,tanh,0.7386934673366834,0.6738000606681915,0.3948218579708172
NGC1097-jetQSOs,tanh,0.7437185929648241,0.6729548360831958,0.39607705993519504
NGC1097-jetQSOs,tanh,0.7487437185929648,0.6721604195074571,0.3972582474428103
NGC1097-jetQSOs,tanh,0.7537688442211056,0.6714139905365427,0.39836935679727137
NGC1097-jetQSOs,tanh,0.7587939698492463,0.6707128567366276,0.3994141669284763
NGC1097-jetQSOs,tanh,0.7638190954773869,0.670054451464484,0.40039629905690793
NGC1097-jetQSOs,tanh,0.7688442211055276,0.6694363311905924,0.4013192174162884
NGC1097-jetQSOs,tanh,0.7738693467336684,0.6688561724164173,0.4021862308815125
NGC1097-jetQSOs,tanh,0.7788944723618091,0.6683117682669795,0.40300049536236615
NGC1097-jetQSOs,tanh,0.7839195979899498,0.6678010248305941,0.4037650168367522
NGC1097-jetQSOs,tanh,0.7889447236180904,0.6673219573090308,0.4044826549098468
NGC1097-jetQSOs,tanh,0.7939698492462312,0.6668726860334269,0.40515612679766594
NGC1097-jetQSOs,tanh,0.7989949748743719,0.6664514323940258,0.4057880116448618
NGC1097-jetQSOs,tanh,0.8040201005025126,0.6660565147252113,0.40638075509713306
NGC1097-jetQSOs,tanh,0.8090452261306533,0.6656863441813421,0.4069366740584053
NGC1097-jetQSOs,tanh,0.8140703517587939,0.6653394206335165,0.4074579615719193
NGC1097-jetQSOs,tanh,0.8190954773869347,0.6650143286126043,0.4079466917725404
NGC1097-jetQSOs,tanh,0.8241206030150754,0.6647097333195987,0.40840482486504165
NGC1097-jetQSOs,tanh,0.8291457286432161,0.6644243767205593,0.40883421208980425
NGC1097-jetQSOs,tanh,0.8341708542713568,0.6641570737400848,0.409236600643383
NGC1097-jetQSOs,tanh,0.8391959798994975,0.6639067085643211,0.4096136385267522
NGC1097-jetQSOs,tanh,0.8442211055276382,0.6636722310619639,0.409966879298802
NGC1097-jetQSOs,tanh,0.8492462311557789,0.6634526533295014,0.41029778671685835
NGC1097-jetQSOs,tanh,0.8542713567839196,0.6632470463650262,0.4106077392497015
NGC1097-jetQSOs,tanh,0.8592964824120604,0.6630545368733161,0.4108980344517807
NGC1097-jetQSOs,tanh,0.864321608040201,0.6628743042034795,0.4111698931901429
NGC1097-jetQSOs,tanh,0.8693467336683417,0.6627055774192883,0.41142446371801766
NGC1097-jetQSOs,tanh,0.8743718592964824,0.6625476325013253,0.41166282559109735
NGC1097-jetQSOs,tanh,0.8793969849246231,0.6623997896792583,0.4118859934243346
NGC1097-jetQSOs,tanh,0.8844221105527639,0.6622614108918734,0.4120949204885961
NGC1097-jetQSOs,tanh,0.8894472361809045,0.6621318973719587,0.41229050214778973
NGC1097-jetQSOs,tanh,0.8944723618090452,0.6620106873526925,0.41247357913814253
NGC1097-jetQSOs,tanh,0.8994974874371859,0.6618972538918593,0.4126449406921856
NGC1097-jetQSOs,tanh,0.9045226130653267,0.6617911028099569,0.4128053275107181
NGC1097-jetQSOs,tanh,0.9095477386934674,0.6616917707380847,0.4129554345865919
NGC1097-jetQSOs,tanh,0.914572864321608,0.6615988232713789,0.41309591388460776
NGC1097-jetQSOs,tanh,0.9195979899497487,0.6615118532236912,0.41322737688216027
NGC1097-jetQSOs,tanh,0.9246231155778895,0.6614304789791936,0.4133503969755074
NGC1097-jetQSOs,tanh,0.9296482412060302,0.6613543429365895,0.4134655117567278
NGC1097-jetQSOs,tanh,0.9346733668341709,0.6612831100416682,0.41357322516652084
NGC1097-jetQSOs,tanh,0.9396984924623115,0.6612164664040021,0.4136740095280578
NGC1097-jetQSOs,tanh,0.9447236180904522,0.6611541179936722,0.4137683074670951
NGC1097-jetQSOs,tanh,0.949748743718593,0.661095789414016,0.4138565337235194
NGC1097-jetQSOs,tanh,0.9547738693467337,0.6610412227465077,0.41393907685942355
NGC1097-jetQSOs,tanh,0.9597989949748744,0.6609901764640034,0.4140163008687174
NGC1097-jetQSOs,tanh,0.964824120603015,0.6609424244087236,0.414088546693155
NGC1097-jetQSOs,tanh,0.9698492462311558,0.6608977548314755,0.4141561336495309
NGC1097-jetQSOs,tanh,0.9748743718592965,0.6608559694887652,0.41421936077264065
NGC1097-jetQSOs,tanh,0.9798994974874372,0.6608168827945873,0.4142785080784536
NGC1097-jetQSOs,tanh,0.9849246231155779,0.6607803210238224,0.41433383775177396
NGC1097-jetQSOs,tanh,0.9899497487437187,0.6607461215643156,0.41438559526250157
NGC1097-jetQSOs,tanh,0.9949748743718593,0.6607141322148429,0.41443401041443284
NGC1097-jetQSOs,tanh,1.0,0.6606842105263158,0.4144792983303692
NGC1097-jetQSOs,yukawa,0.0,0.9999933789593178,6.621062601350901e-06
NGC1097-jetQSOs,yukawa,0.005025125628140704,0.9999930742196219,6.9258043614141016e-06
NGC1097-jetQSOs,yukawa,0.010050251256281407,0.9999927552865089,7.244739734180416e-06
NGC1097-jetQSOs,yukawa,0.01507537688442211,0.9999924214895887,7.578539128387511e-06
NGC1097-jetQSOs,yukawa,0.020100502512562814,0.9999920721262766,7.92790514914708e-06
NGC1097-jetQSOs,yukawa,0.02512562814070352,0.999991706460217,8.293574174635365e-06
NGC1097-jetQSOs,yukawa,0.03015075376884422,0.9999913237196261,8.67631801306981e-06
NGC1097-jetQSOs,yukawa,0.035175879396984924,0.9999909230955538,9.076945641527813e-06
NGC1097-jetQSOs,yukawa,0.04020100502512563,0.9999905037400566,9.49630503315978e-06
NGC1097-jetQSOs,yukawa,0.04522613065326633,0.9999900647642789,9.935285075907075e-06
NGC1097-jetQSOs,yukawa,0.05025125628140704,0.9999896052364375,1.0394817588389315e-05
NGC1097-jetQSOs,yukawa,0.05527638190954774,0.999989124179705,1.0875879437182237e-05
NGC1097-jetQSOs,yukawa,0.06030150753768844,0.9999886205699847,1.137949476148411e-05
NGC1097-jetQSOs,yukawa,0.06532663316582915,0.9999880933335745,1.1906737310391685e-05
NGC1097-jetQSOs,yukawa,0.07035175879396985,0.9999875413447107,1.2458732899006197e-05
NGC1097-jetQSOs,yukawa,0.07537688442211056,0.9999869634229883,1.3036661988591113e-05
NGC1097-jetQSOs,yukawa,0.08040201005025126,0.9999863583306497,1.364176239866813e-05
NGC1097-jetQSOs,yukawa,0.08542713567839195,0.9999857247697346,1.427533215749513e-05
NGC1097-jetQSOs,yukawa,0.09045226130653267,0.9999850613790853,1.4938732497037093e-05
NGC1097-jetQSOs,yukawa,0.09547738693467336,0.9999843667311987,1.5633391002094222e-05
NGC1097-jetQSOs,yukawa,0.10050251256281408,0.9999836393289169,1.636080492036548e-05
NGC1097-jetQSOs,yukawa,0.10552763819095477,0.9999828776019482,1.7122544641780626e-05
NGC1097-jetQSOs,yukawa,0.11055276381909548,0.9999820799032096,1.7920257357210847e-05
NGC1097-jetQSOs,yukawa,0.11557788944723618,0.9999812445049812,1.8755670905336592e-05
NGC1097-jetQSOs,yukawa,0.12060301507537688,0.9999803695948617,1.9630597817229026e-05
NGC1097-jetQSOs,yukawa,0.12562814070351758,0.9999794532715164,2.0546939570534063e-05
NGC1097-jetQSOs,yukawa,0.1306532663316583,0.9999784935402041,2.1506691063150332e-05
NGC1097-jetQSOs,yukawa,0.135678391959799,0.9999774883080732,2.251194531873604e-05
NGC1097-jetQSOs,yukawa,0.1407035175879397,0.999976435379213,2.3564898437047066e-05
NGC1097-jetQSOs,yukawa,0.1457286432160804,0.9999753324494484,2.4667854800666556e-05
NGC1097-jetQSOs,yukawa,0.15075376884422112,0.9999741771008631,2.5823232553684524e-05
NGC1097-jetQSOs,yukawa,0.15577889447236182,0.9999729667960375,2.7033569366111275e-05
NGC1097-jetQSOs,yukawa,0.16080402010050251,0.9999716988719848,2.8301528499697485e-05
NGC1097-jetQSOs,yukawa,0.1658291457286432,0.99997037053377,2.9629905191279883e-05
NGC1097-jetQSOs,yukawa,0.1708542713567839,0.999968978847794,3.1021633371883e-05
NGC1097-jetQSOs,yukawa,0.17587939698492464,0.999967520734725,3.2479792737811354e-05
NGC1097-jetQSOs,yukawa,0.18090452261306533,0.9999659929620567,3.400761619574236e-05
NGC1097-jetQSOs,yukawa,0.18592964824120603,0.9999643921362749,3.560849770016927e-05
NGC1097-jetQSOs,yukawa,0.19095477386934673,0.9999627146946086,3.728600050565435e-05
NGC1097-jetQSOs,yukawa,0.19597989949748745,0.9999609568963453,3.9043865856467503e-05
NGC1097-jetQSOs,yukawa,0.20100502512562815,0.9999591148136844,4.088602213763204e-05
NGC1097-jetQSOs,yukawa,0.20603015075376885,0.999957184322103,4.2816594514290856e-05
NGC1097-jetQSOs,yukawa,0.21105527638190955,0.9999551610902107,4.483991508331298e-05
NGC1097-jetQSOs,yukawa,0.21608040201005024,0.9999530405690585,4.696053357005878e-05
NGC1097-jetQSOs,yukawa,0.22110552763819097,0.9999508179808788,4.918322859634445e-05
NGC1097-jetQSOs,yukawa,0.22613065326633167,0.9999484883072182,5.1513019554645676e-05
NGC1097-jetQSOs,yukawa,0.23115577889447236,0.9999460462764331,5.395517912136722e-05
NGC1097-jetQSOs,yukawa,0.23618090452261306,0.9999434863505117,5.651524644478835e-05
NGC1097-jetQSOs,yukawa,0.24120603015075376,0.9999408027111817,5.9199041046966946e-05
NGC1097-jetQSOs,yukawa,0.24623115577889448,0.9999379892452679,6.201267747845031e-05
NGC1097-jetQSOs,yukawa,0.25125628140703515,0.9999350395292528,6.496258076998083e-05
NGC1097-jetQSOs,yukawa,0.2562814070351759,0.999931946812998,6.805550272517454e-05
NGC1097-jetQSOs,yukawa,0.2613065326633166,0.9999287040025765,7.129853910393668e-05
NGC1097-jetQSOs,yukawa,0.2663316582914573,0.9999253036421664,7.469914774550532e-05
NGC1097-jetQSOs,yukawa,0.271356783919598,0.9999217378949515,7.826516768680224e-05
NGC1097-jetQSOs,yukawa,0.2763819095477387,0.999917998522972,8.200483933289885e-05
NGC1097-jetQSOs,yukawa,0.2814070351758794,0.9999140768658639,8.592682574008859e-05
NGC1097-jetQSOs,yukawa,0.2864321608040201,0.9999099638184238,9.00402350765201e-05
NGC1097-jetQSOs,yukawa,0.2914572864321608,0.999905649806931,9.43546443284791e-05
NGC1097-jetQSOs,yukawa,0.2964824120603015,0.999901124764152,9.888012432631816e-05
NGC1097-jetQSOs,yukawa,0.30150753768844224,0.9998963781029551,0.0001036272661646189
NGC1097-jetQSOs,yukawa,0.3065326633165829,0.9998913986884472,0.00010860720910219662
NGC1097-jetQSOs,yukawa,0.31155778894472363,0.9998861748085527,0.00011383167002603994
NGC1097-jetQSOs,yukawa,0.3165829145728643,0.9998806941429359,0.00011931297457397795
NGC1097-jetQSOs,yukawa,0.32160804020100503,0.9998749437301747,0.00012506409001257924
NGC1097-jetQSOs,yukawa,0.32663316582914576,0.9998689099330762,0.00013109865997760746
NGC1097-jetQSOs,yukawa,0.3316582914572864,0.999862578402027,0.0001374310411859698
NGC1097-jetQSOs,yukawa,0.33668341708542715,0.9998559340362588,0.00014407634223892747
NGC1097-jetQSOs,yukawa,0.3417085427135678,0.9998489609429041,0.00015105046464295848
NGC1097-jetQSOs,yukawa,0.34673366834170855,0.9998416423937085,0.00015837014618106992
NGC1097-jetQSOs,yukawa,0.35175879396984927,0.9998339607792576,0.00016605300677987982
NGC1097-jetQSOs,yukawa,0.35678391959798994,0.9998258975605673,0.00017411759702177097
NGC1097-jetQSOs,yukawa,0.36180904522613067,0.9998174332178765,0.00018258344946707274
NGC1097-jetQSOs,yukawa,0.36683417085427134,0.9998085471964699,0.00019147113295756396
NGC1097-jetQSOs,yukawa,0.37185929648241206,0.9997992178493489,0.00020080231008560477
NGC1097-jetQSOs,yukawa,0.3768844221105528,0.9997894223765544,0.0002105997980263455
NGC1097-jetQSOs,yukawa,0.38190954773869346,0.9997791367609353,0.00022088763294173086
NGC1097-jetQSOs,yukawa,0.3869346733668342,0.9997683357001385,0.0002316911381805269
NGC1097-jetQSOs,yukawa,0.3919597989949749,0.9997569925345864,0.00024303699651201903
NGC1097-jetQSOs,yukawa,0.3969849246231156,0.9997450791711867,0.0002549533266508035
NGC1097-jetQSOs,yukawa,0.4020100502512563,0.9997325660025069,0.00026746976434156893
NGC1097-jetQSOs,yukawa,0.40703517587939697,0.9997194218211233,0.0002806175482982594
NGC1097-jetQSOs,yukawa,0.4120603015075377,0.9997056137288391,0.00029442961130521307
NGC1097-jetQSOs,yukawa,0.4170854271356784,0.9996911070404405,0.000308940676816328
NGC1097-jetQSOs,yukawa,0.4221105527638191,0.9996758651816398,0.00032418736140480797
NGC1097-jetQSOs,yukawa,0.4271356783919598,0.9996598495808293,0.0003402082834465898
NGC1097-jetQSOs,yukawa,0.4321608040201005,0.9996430195542437,0.0003570441784435982
NGC1097-jetQSOs,yukawa,0.4371859296482412,0.9996253321840995,0.0003747380214229701
NGC1097-jetQSOs,yukawa,0.44221105527638194,0.9996067421892496,0.00039333515688189444
NGC1097-jetQSOs,yukawa,0.4472361809045226,0.9995872017878601,0.00041288343677640705
NGC1097-jetQSOs,yukawa,0.45226130653266333,0.999566660551579,0.0004334333670932578
NGC1097-jetQSOs,yukawa,0.457286432160804,0.9995450652506274,0.0004550382635817285
NGC1097-jetQSOs,yukawa,0.4623115577889447,0.9995223596892071,0.0004777544172621529
NGC1097-jetQSOs,yukawa,0.46733668341708545,0.9994984845305679,0.0005016412703776573
NGC1097-jetQSOs,yukawa,0.4723618090452261,0.9994733771110355,0.0005267616035004402
NGC1097-jetQSOs,yukawa,0.47738693467336685,0.9994469712422445,0.0005531817345619704
NGC1097-jetQSOs,yukawa,0.4824120603015075,0.9994191970007689,0.0005809717306293895
NGC1097-jetQSOs,yukawa,0.48743718592964824,0.999389980504278,0.0006102056333168405
NGC1097-jetQSOs,yukawa,0.49246231155778897,0.9993592436732837,0.0006409616987851086
NGC1097-jetQSOs,yukawa,0.49748743718592964,0.9993269039774709,0.0006733226533587591
NGC1097-jetQSOs,yukawa,0.5025125628140703,0.9992928741655275,0.0007073759658686102
NGC1097-jetQSOs,yukawa,0.507537688442211,0.9992570619773071,0.0007432141379117887
NGC1097-jetQSOs,yukawa,0.5125628140703518,0.9992193698370657,0.000780935013320519
NGC1097-jetQSOs,yukawa,0.5175879396984925,0.9991796945264171,0.0008206421082259949
NGC1097-jetQSOs,yukawa,0.5226130653266332,0.999137926835542,0.0008624449632222544
NGC1097-jetQSOs,yukawa,0.5276381909547738,0.9990939511910755,0.0009064595192477476
NGC1097-jetQSOs,yukawa,0.5326633165829145,0.9990476452589626,0.000952808518941677
NGC1097-jetQSOs,yukawa,0.5376884422110553,0.9989988795204449,0.0010016219353688248
NGC1097-jetQSOs,yukawa,0.542713567839196,0.9989475168191807,0.001053037430168457
NGC1097-jetQSOs,yukawa,0.5477386934673367,0.9988934118773487,0.0011072008433492331
NGC1097-jetQSOs,yukawa,0.5527638190954774,0.998836410778398,0.0011642667171422913
NGC1097-jetQSOs,yukawa,0.5577889447236181,0.9987763504139214,0.0012243988565253394
NGC1097-jetQSOs,yukawa,0.5628140703517588,0.9987130578919102,0.0012877709292574476
NGC1097-jetQSOs,yukawa,0.5678391959798995,0.9986463499034229,0.0013545671085046524
NGC1097-jetQSOs,yukawa,0.5728643216080402,0.9985760320444426,0.00142498276140841
NGC1097-jetQSOs,yukawa,0.577889447236181,0.9985018980894231,0.0014992251872395453
NGC1097-jetQSOs,yukawa,0.5829145728643216,0.9984237292127202,0.0015775144091055696
NGC1097-jetQSOs,yukawa,0.5879396984924623,0.9983412931537676,0.001660084023532874
NGC1097-jetQSOs,yukawa,0.592964824120603,0.9982543433214982,0.0017471821126360727
NGC1097-jetQSOs,yukawa,0.5979899497487438,0.9981626178331027,0.0018390722240154385
NGC1097-jetQSOs,yukawa,0.6030150753768845,0.9980658384817817,0.0019360344239988028
NGC1097-jetQSOs,yukawa,0.6080402010050251,0.9979637096276571,0.002038366430366528
NGC1097-jetQSOs,yukawa,0.6130653266331658,0.9978559170054786,0.0021463848312730043
NGC1097-jetQSOs,yukawa,0.6180904522613065,0.9977421264421645,0.002260426397720727
NGC1097-jetQSOs,yukawa,0.6231155778894473,0.9976219824765733,0.002380849497644611
NGC1097-jetQSOs,yukawa,0.628140703517588,0.9974951068731751,0.00250803562045064
NGC1097-jetQSOs,yukawa,0.6331658291457286,0.9973610970205032,0.0026423910217190506
NGC1097-jetQSOs,yukawa,0.6381909547738693,0.9972195242043826,0.0027843484987463774
NGC1097-jetQSOs,yukawa,0.6432160804020101,0.9970699317449573,0.002934369308674108
NGC1097-jetQSOs,yukawa,0.6482412060301508,0.9969118329854564,0.0030929452421441686
NGC1097-jetQSOs,yukawa,0.6532663316582915,0.9967447091194392,0.003260600866750556
NGC1097-jetQSOs,yukawa,0.6582914572864321,0.9965680068419194,0.00343789595604367
NGC1097-jetQSOs,yukawa,0.6633165829145728,0.9963811358082841,0.0036254281215001363
NGC1097-jetQSOs,yukawa,0.6683417085427136,0.9961834658832663,0.003823835666729472
NGC1097-jetQSOs,yukawa,0.6733668341708543,0.9959743241603755,0.004033800685268129
NGC1097-jetQSOs,yukawa,0.678391959798995,0.9957529917301293,0.004256052425645804
NGC1097-jetQSOs,yukawa,0.6834170854271356,0.9955187001731132,0.004491370950033978
NGC1097-jetQSOs,yukawa,0.6884422110552764,0.9952706277513044,0.00474059111573723
NGC1097-jetQSOs,yukawa,0.6934673366834171,0.9950078952681932,0.005004606912118016
NGC1097-jetQSOs,yukawa,0.6984924623115578,0.9947295615649652,0.0052843761893034535
NGC1097-jetQSOs,yukawa,0.7035175879396985,0.9944346186163382,0.005580925819270723
NGC1097-jetQSOs,yukawa,0.7085427135678392,0.9941219861855072,0.005895357334724544
NGC1097-jetQSOs,yukawa,0.7135678391959799,0.993790505992979,0.006228853096640251
NGC1097-jetQSOs,yukawa,0.7185929648241206,0.9934389353488023,0.006582683047556461
NGC1097-jetQSOs,yukawa,0.7236180904522613,0.9930659401917191,0.006958212114773184
NGC1097-jetQSOs,yukawa,0.7286432160804021,0.9926700874719893,0.007356908335679526
NGC1097-jetQSOs,yukawa,0.7336683417085427,0.992249836806942,0.00778035178665835
NGC1097-jetQSOs,yukawa,0.7386934673366834,0.9918035313295488,0.008230244407581362
NGC1097-jetQSOs,yukawa,0.7437185929648241,0.9913293876403254,0.008708420826037663
NGC1097-jetQSOs,yukawa,0.7487437185929648,0.9908254847614726,0.009216860299384766
NGC1097-jetQSOs,yukawa,0.7537688442211056,0.9902897519791087,0.009757699908799999
NGC1097-jetQSOs,yukawa,0.7587939698492463,0.9897199554444922,0.010333249158088316
NGC1097-jetQSOs,yukawa,0.7638190954773869,0.9891136833879394,0.01094600615152649
NGC1097-jetQSOs,yukawa,0.7688442211055276,0.9884683297793543,0.01159867555001108
NGC1097-jetQSOs,yukawa,0.7738693467336684,0.9877810762464526,0.012294188533858554
NGC1097-jetQSOs,yukawa,0.7788944723618091,0.987048872035358,0.013035725034541585
NGC1097-jetQSOs,yukawa,0.7839195979899498,0.9862684117676386,0.01382673853735744
NGC1097-jetQSOs,yukawa,0.7889447236180904,0.9854361107122986,0.014670983803608912
NGC1097-jetQSOs,yukawa,0.7939698492462312,0.9845480772498142,0.015572547915708593
NGC1097-jetQSOs,yukawa,0.7989949748743719,0.9836000821569468,0.016535885113316915
NGC1097-jetQSOs,yukawa,0.8040201005025126,0.9825875242844394,0.017565855965237343
NGC1097-jetQSOs,yukawa,0.8090452261306533,0.9815053921332282,0.018667771512777005
NGC1097-jetQSOs,yukawa,0.8140703517587939,0.9803482207565429,0.019847443128720343
NGC1097-jetQSOs,yukawa,0.8190954773869347,0.9791100433228604,0.021111238965743236
NGC1097-jetQSOs,yukawa,0.8241206030150754,0.9777843365652378,0.02246614802374476
NGC1097-jetQSOs,yukawa,0.8291457286432161,0.9763639592125288,0.02391985305310536
NGC1097-jetQSOs,yukawa,0.8341708542713568,0.9748410823430153,0.025480813737708167
NGC1097-jetQSOs,yukawa,0.8391959798994975,0.9732071104156322,0.027158361877067466
NGC1097-jetQSOs,yukawa,0.8442211055276382,0.9714525915115276,0.02896281062296421
NGC1097-jetQSOs,yukawa,0.8492462311557789,0.9695671150507473,0.030905580237763793
NGC1097-jetQSOs,yukawa,0.8542713567839196,0.9675391949248681,0.032999343348519644
NGC1097-jetQSOs,yukawa,0.8592964824120604,0.9653561355931392,0.0352581932981247
NGC1097-jetQSOs,yukawa,0.864321608040201,0.9630038782103817,0.037697839974694246
NGC1097-jetQSOs,yukawa,0.8693467336683417,0.9604668232681995,0.040335838475549814
NGC1097-jetQSOs,yukawa,0.8743718592964824,0.9577276255097489,0.04319185718849033
NGC1097-jetQSOs,yukawa,0.8793969849246231,0.9547669559874179,0.046287993424451945
NGC1097-jetQSOs,yukawa,0.8844221105527639,0.9515632250271238,0.04964914671084444
NGC1097-jetQSOs,yukawa,0.8894472361809045,0.9480922584839265,0.05330346238643743
NGC1097-jetQSOs,yukawa,0.8944723618090452,0.9443269179447483,0.05728286140643346
NGC1097-jetQSOs,yukawa,0.8994974874371859,0.9402366533546527,0.061623676516109886
NGC1097-jetQSOs,yukawa,0.9045226130653267,0.9357869737805729,0.06636742052233324
NGC1097-jetQSOs,yukawa,0.9095477386934674,0.9309388185039958,0.07156171975704693
NGC1097-jetQSOs,yukawa,0.914572864321608,0.9256478061156643,0.07726145565113292
NGC1097-jetQSOs,yukawa,0.9195979899497487,0.9198633334527315,0.08353017056864054
NGC1097-jetQSOs,yukawa,0.9246231155778895,0.9135274886408927,0.090441812055906
NGC1097-jetQSOs,yukawa,0.9296482412060302,0.9065737325928901,0.09808291443043679
NGC1097-jetQSOs,yukawa,0.9346733668341709,0.8989252902637529,0.10655535111866637
NGC1097-jetQSOs,yukawa,0.9396984924623115,0.8904931756590495,0.11597983977527279
NGC1097-jetQSOs,yukawa,0.9447236180904522,0.8811737514918856,0.12650045172877578
NGC1097-jetQSOs,yukawa,0.949748743718593,0.8708456933398425,0.13829047816899429
NGC1097-jetQSOs,yukawa,0.9547738693467337,0.8593661861726053,0.15156015426985428
NGC1097-jetQSOs,yukawa,0.9597989949748744,0.8465661240466453,0.16656696581514716
NGC1097-jetQSOs,yukawa,0.964824120603015,0.8322440058677039,0.18362960487471325
NGC1097-jetQSOs,yukawa,0.9698492462311558,0.8161581136787995,0.20314717602514992
NGC1097-jetQSOs,yukawa,0.9748743718592965,0.798016414977011,0.22562611159726048
NGC1097-jetQSOs,yukawa,0.9798994974874372,0.7774634355110633,0.2517186643162027
NGC1097-jetQSOs,yukawa,0.9849246231155779,0.7540630940029464,0.28227923542607686
NGC1097-jetQSOs,yukawa,0.9899497487437187,0.7272761783416497,0.3184489859100248
NGC1097-jetQSOs,yukawa,0.9949748743718593,0.6964308231450017,0.36178681137688107
NGC1097-jetQSOs,yukawa,1.0,0.6606842105263158,0.4144792983303692
NGC1232-NGC1232A,exponential,0.0,1.0,-0.0
NGC1232-NGC1232A,exponential,0.005025125628140704,0.9996695563300941,0.00033049827844571926
NGC1232-NGC1232A,exponential,0.010050251256281407,0.9993456884344227,0.0006545257208109539
NGC1232-NGC1232A,exponential,0.01507537688442211,0.999028265456169,0.0009722069839252445
NGC1232-NGC1232A,exponential,0.020100502512562814,0.998717159142545,0.0012836644021810082
NGC1232-NGC1232A,exponential,0.02512562814070352,0.9984122437929722,0.0015890180277335682
NGC1232-NGC1232A,exponential,0.03015075376884422,0.9981133962082925,0.0018883856701259927
NGC1232-NGC1232A,exponential,0.035175879396984924,0.9978204956409908,0.0021818829353413894
NGC1232-NGC1232A,exponential,0.04020100502512563,0.9975334237464075,0.002469623264287267
NGC1232-NGC1232A,exponential,0.04522613065326633,0.997252064534922,0.0027517179707148404
NGC1232-NGC1232A,exponential,0.05025125628140704,0.9969763043250879,0.0030282762785774054
NGC1232-NGC1232A,exponential,0.05527638190954774,0.9967060316977009,0.003299405358831813
NGC1232-NGC1232A,exponential,0.06030150753768844,0.9964411374507803,0.0035652103656877185
NGC1232-NGC1232A,exponential,0.06532663316582915,0.9961815145554467,0.0038257944723085894
NGC1232-NGC1232A,exponential,0.07035175879396985,0.9959270581126776,0.0040812589059686195
NGC1232-NGC1232A,exponential,0.07537688442211056,0.9956776653109236,0.004331702982671535
NGC1232-NGC1232A,exponential,0.08040201005025126,0.9954332353845685,0.004577224141234407
NGC1232-NGC1232A,exponential,0.08542713567839195,0.9951936695732145,0.004817917976843583
NGC1232-NGC1232A,exponential,0.09045226130653267,0.99495887108178,0.005053878274084537
NGC1232-NGC1232A,exponential,0.09547738693467336,0.994728745041389,0.005285197039454959
NGC1232-NGC1232A,exponential,0.10050251256281408,0.9945031984710405,0.0055119645333619165
NGC1232-NGC1232A,exponential,0.10552763819095477,0.9942821402400401,0.0057342693016120974
NGC1232-NGC1232A,exponential,0.11055276381909548,0.9940654810311791,0.005952198206397884
NGC1232-NGC1232A,exponential,0.11557788944723618,0.9938531333046464,0.006165836456785984
NGC1232-NGC1232A,exponential,0.12060301507537688,0.9936450112626586,0.006375267638714313
NGC1232-NGC1232A,exponential,0.12562814070351758,0.993441030814794,0.006580573744501118
NGC1232-NGC1232A,exponential,0.1306532663316583,0.9932411095440163,0.006781835201873805
NGC1232-NGC1232A,exponential,0.135678391959799,0.9930451666733747,0.006979130902522116
NGC1232-NGC1232A,exponential,0.1407035175879397,0.9928531230333661,0.007172538230180951
NGC1232-NGC1232A,exponential,0.1457286432160804,0.9926649010299476,0.007362133088249409
NGC1232-NGC1232A,exponential,0.15075376884422112,0.9924804246131848,0.007547989926951285
NGC1232-NGC1232A,exponential,0.15577889447236182,0.9922996192465242,0.007730181770042445
NGC1232-NGC1232A,exponential,0.16080402010050251,0.9921224118766777,0.00790878024107155
NGC1232-NGC1232A,exponential,0.1658291457286432,0.9919487309041053,0.008083855589199065
NGC1232-NGC1232A,exponential,0.1708542713567839,0.991778506154086,0.008255476714580715
NGC1232-NGC1232A,exponential,0.17587939698492464,0.9916116688483642,0.008423711193321297
NGC1232-NGC1232A,exponential,0.18090452261306533,0.99144815157736,0.008588625302003763
NGC1232-NGC1232A,exponential,0.18592964824120603,0.9912878882729331,0.008750284041800501
NGC1232-NGC1232A,exponential,0.19095477386934673,0.9911308141816882,0.008908751162171281
NGC1232-NGC1232A,exponential,0.19597989949748745,0.9909768658388121,0.009064089184154182
NGC1232-NGC1232A,exponential,0.20100502512562815,0.9908259810424301,0.009216359423255823
NGC1232-NGC1232A,exponential,0.20603015075376885,0.9906780988284754,0.009365622011944493
NGC1232-NGC1232A,exponential,0.21105527638190955,0.9905331594460554,0.009511935921754186
NGC1232-NGC1232A,exponential,0.21608040201005024,0.9903911043333107,0.009655358985003621
NGC1232-NGC1232A,exponential,0.22110552763819097,0.9902518760937529,0.009795947916136595
NGC1232-NGC1232A,exponential,0.22613065326633167,0.9901154184730744,0.009933758332687934
NGC1232-NGC1232A,exponential,0.23115577889447236,0.9899816763364191,0.010068844775882315
NGC1232-NGC1232A,exponential,0.23618090452261306,0.989850595646105,0.010201260730870623
NGC1232-NGC1232A,exponential,0.24120603015075376,0.9897221234397914,0.010331058646608033
NGC1232-NGC1232A,exponential,0.24623115577889448,0.9895962078090793,0.010458289955381374
NGC1232-NGC1232A,exponential,0.25125628140703515,0.989472797878538,0.010583005091990118
NGC1232-NGC1232A,exponential,0.2562814070351759,0.9893518437851497,0.01070525351258513
NGC1232-NGC1232A,exponential,0.2613065326633166,0.9892332966581624,0.010825083713172432
NGC1232-NGC1232A,exponential,0.2663316582914573,0.9891171085993438,0.010942543247786166
NGC1232-NGC1232A,exponential,0.271356783919598,0.9890032326636284,0.011057678746335677
NGC1232-NGC1232A,exponential,0.2763819095477387,0.9888916228401501,0.011170535932132228
NGC1232-NGC1232A,exponential,0.2814070351758794,0.988782234033651,0.011281159639100376
NGC1232-NGC1232A,exponential,0.2864321608040201,0.9886750220462615,0.01138959382867885
NGC1232-NGC1232A,exponential,0.2914572864321608,0.9885699435596423,0.011495881606415927
NGC1232-NGC1232A,exponential,0.2964824120603015,0.988466956117482,0.011600065238264458
NGC1232-NGC1232A,exponential,0.30150753768844224,0.9883660181083426,0.011702186166580836
NGC1232-NGC1232A,exponential,0.3065326633165829,0.9882670887488467,0.01180228502583322
NGC1232-NGC1232A,exponential,0.31155778894472363,0.9881701280671996,0.011900401658023635
NGC1232-NGC1232A,exponential,0.3165829145728643,0.9880750968870385,0.011996575127828249
NGC1232-NGC1232A,exponential,0.32160804020100503,0.987981956811604,0.012090843737460987
NGC1232-NGC1232A,exponential,0.32663316582914576,0.9878906702082252,0.012183245041265065
NGC1232-NGC1232A,exponential,0.3316582914572864,0.9878012001931159,0.012273815860035776
NGC1232-NGC1232A,exponential,0.33668341708542715,0.9877135106164707,0.012362592295081238
NGC1232-NGC1232A,exponential,0.3417085427135678,0.9876275660478595,0.01244960974202319
NGC1232-NGC1232A,exponential,0.34673366834170855,0.9875433317619116,0.012534902904343899
NGC1232-NGC1232A,exponential,0.35175879396984927,0.9874607737242856,0.012618505806681841
NGC1232-NGC1232A,exponential,0.35678391959798994,0.9873798585779181,0.01270045180788245
NGC1232-NGC1232A,exponential,0.36180904522613067,0.9873005536295454,0.012780773613806175
NGC1232-NGC1232A,exponential,0.36683417085427134,0.9872228268364943,0.01285950328989932
NGC1232-NGC1232A,exponential,0.37185929648241206,0.9871466467937356,0.012936672273530738
NGC1232-NGC1232A,exponential,0.3768844221105528,0.9870719827211952,0.013012311386098896
NGC1232-NGC1232A,exponential,0.38190954773869346,0.9869988044513169,0.013086450844913975
NGC1232-NGC1232A,exponential,0.3869346733668342,0.9869270824168742,0.013159120274857041
NGC1232-NGC1232A,exponential,0.3919597989949749,0.9868567876390235,0.013230348719821918
NGC1232-NGC1232A,exponential,0.3969849246231156,0.9867878917155952,0.013300164653943155
NGC1232-NGC1232A,exponential,0.4020100502512563,0.9867203668096183,0.013368595992612857
NGC1232-NGC1232A,exponential,0.40703517587939697,0.9866541856380728,0.013435670103291103
NGC1232-NGC1232A,exponential,0.4120603015075377,0.9865893214608664,0.013501413816113592
NGC1232-NGC1232A,exponential,0.4170854271356784,0.9865257480700302,0.013565853434298955
NGC1232-NGC1232A,exponential,0.4221105527638191,0.9864634397791294,0.01362901474436113
NGC1232-NGC1232A,exponential,0.4271356783919598,0.9864023714128851,0.013690923026128066
NGC1232-NGC1232A,exponential,0.4321608040201005,0.9863425182970023,0.013751603062572133
NGC1232-NGC1232A,exponential,0.4371859296482412,0.9862838562482001,0.01381107914945446
NGC1232-NGC1232A,exponential,0.44221105527638194,0.9862263615644414,0.013869375104786693
NGC1232-NGC1232A,exponential,0.4472361809045226,0.9861700110153554,0.013926514278113871
NGC1232-NGC1232A,exponential,0.45226130653266333,0.9861147818328516,0.013982519559621376
NGC1232-NGC1232A,exponential,0.457286432160804,0.9860606517019211,0.014037413389068432
NGC1232-NGC1232A,exponential,0.4623115577889447,0.98600759875162,0.014091217764552608
NGC1232-NGC1232A,exponential,0.46733668341708545,0.9859556015462322,0.014143954251107774
NGC1232-NGC1232A,exponential,0.4723618090452261,0.985904639076609,0.01419564398913755
NGC1232-NGC1232A,exponential,0.47738693467336685,0.9858546907516803,0.014246307702688936
NGC1232-NGC1232A,exponential,0.4824120603015075,0.9858057363901349,0.014295965707568022
NGC1232-NGC1232A,exponential,0.48743718592964824,0.9857577562122664,0.014344637919300546
NGC1232-NGC1232A,exponential,0.49246231155778897,0.9857107308319808,0.014392343860941013
NGC1232-NGC1232A,exponential,0.49748743718592964,0.985664641248965,0.014439102670731277
NGC1232-NGC1232A,exponential,0.5025125628140703,0.9856194688410082,0.01448493310961481
NGC1232-NGC1232A,exponential,0.507537688442211,0.985575195356479,0.01452985356860423
NGC1232-NGC1232A,exponential,0.5125628140703518,0.98553180290695,0.014573882076010717
NGC1232-NGC1232A,exponential,0.5175879396984925,0.9854892739599711,0.014617036304531776
NGC1232-NGC1232A,exponential,0.5226130653266332,0.9854475913319846,0.014659333578205817
NGC1232-NGC1232A,exponential,0.5276381909547738,0.9854067381813829,0.014700790879230787
NGC1232-NGC1232A,exponential,0.5326633165829145,0.9853666980017035,0.014741424854653611
NGC1232-NGC1232A,exponential,0.5376884422110553,0.9853274546149601,0.01478125182292925
NGC1232-NGC1232A,exponential,0.542713567839196,0.9852889921651052,0.01482028778035523
NGC1232-NGC1232A,exponential,0.5477386934673367,0.9852512951116242,0.014858548407381229
NGC1232-NGC1232A,exponential,0.5527638190954774,0.9852143482232564,0.014896049074796735
NGC1232-NGC1232A,exponential,0.5577889447236181,0.9851781365718403,0.014932804849800554
NGC1232-NGC1232A,exponential,0.5628140703517588,0.9851426455262824,0.014968830501952418
NGC1232-NGC1232A,exponential,0.5678391959798995,0.9851078607466458,0.01500414050900934
NGC1232-NGC1232A,exponential,0.5728643216080402,0.9850737681783557,0.015038749062650283
NGC1232-NGC1232A,exponential,0.577889447236181,0.985040354046521,0.015072670074089085
NGC1232-NGC1232A,exponential,0.5829145728643216,0.9850076048503689,0.015105917179579353
NGC1232-NGC1232A,exponential,0.5879396984924623,0.9849755073577895,0.015138503745812642
NGC1232-NGC1232A,exponential,0.592964824120603,0.9849440485999897,0.0151704428752124
NGC1232-NGC1232A,exponential,0.5979899497487438,0.9849132158662535,0.015201747411124698
NGC1232-NGC1232A,exponential,0.6030150753768845,0.9848829966988056,0.015232429942908889
NGC1232-NGC1232A,exponential,0.6080402010050251,0.9848533788877789,0.01526250281092925
NGC1232-NGC1232A,exponential,0.6130653266331658,0.9848243504662801,0.015291978111449998
NGC1232-NGC1232A,exponential,0.6180904522613065,0.9847958997055555,0.015320867701434829
NGC1232-NGC1232A,exponential,0.6231155778894473,0.9847680151102514,0.015349183203253501
NGC1232-NGC1232A,exponential,0.628140703517588,0.9847406854137697,0.015376936009297114
NGC1232-NGC1232A,exponential,0.6331658291457286,0.984713899573716,0.015404137286502995
NGC1232-NGC1232A,exponential,0.6381909547738693,0.9846876467674376,0.01543079798079235
NGC1232-NGC1232A,exponential,0.6432160804020101,0.9846619163876507,0.015456928821420935
NGC1232-NGC1232A,exponential,0.6482412060301508,0.9846366980381547,0.015482540325245318
NGC1232-NGC1232A,exponential,0.6532663316582915,0.9846119815296318,0.015507642800905826
NGC1232-NGC1232A,exponential,0.6582914572864321,0.9845877568755298,0.015532246352928287
NGC1232-NGC1232A,exponential,0.6633165829145728,0.9845640142880274,0.01555636088574512
NGC1232-NGC1232A,exponential,0.6683417085427136,0.9845407441740791,0.015579996107639127
NGC1232-NGC1232A,exponential,0.6733668341708543,0.9845179371315395,0.015603161534609084
NGC1232-NGC1232A,exponential,0.678391959798995,0.9844955839453644,0.015625866494160385
NGC1232-NGC1232A,exponential,0.6834170854271356,0.9844736755838874,0.01564812012902223
NGC1232-NGC1232A,exponential,0.6884422110552764,0.9844522031951709,0.015669931400791072
NGC1232-NGC1232A,exponential,0.6934673366834171,0.9844311581034291,0.015691309093503913
NGC1232-NGC1232A,exponential,0.6984924623115578,0.9844105318055231,0.015712261817140836
NGC1232-NGC1232A,exponential,0.7035175879396985,0.9843903159675249,0.015732798011059826
NGC1232-NGC1232A,exponential,0.7085427135678392,0.9843705024213506,0.01575292594736363
NGC1232-NGC1232A,exponential,0.7135678391959799,0.9843510831614596,0.0157726537342014
NGC1232-NGC1232A,exponential,0.7185929648241206,0.9843320503416201,0.01579198931900547
NGC1232-NGC1232A,exponential,0.7236180904522613,0.9843133962717393,0.01581094049166424
NGC1232-NGC1232A,exponential,0.7286432160804021,0.9842951134147557,0.01582951488763392
NGC1232-NGC1232A,exponential,0.7336683417085427,0.9842771943835944,0.0158477199909881
NGC1232-NGC1232A,exponential,0.7386934673366834,0.9842596319381817,0.015865563137408698
NGC1232-NGC1232A,exponential,0.7437185929648241,0.9842424189825203,0.01588305151711728
NGC1232-NGC1232A,exponential,0.7487437185929648,0.9842255485618222,0.015900192177749465
NGC1232-NGC1232A,exponential,0.7537688442211056,0.9842090138596985,0.015916992027172706
NGC1232-NGC1232A,exponential,0.7587939698492463,0.9841928081954051,0.015933457836249065
NGC1232-NGC1232A,exponential,0.7638190954773869,0.9841769250211437,0.015949596241543244
NGC1232-NGC1232A,exponential,0.7688442211055276,0.9841613579194164,0.015965413747977567
NGC1232-NGC1232A,exponential,0.7738693467336684,0.984146100600432,0.015980916731435466
NGC1232-NGC1232A,exponential,0.7788944723618091,0.9841311468995652,0.01599611144131292
NGC1232-NGC1232A,exponential,0.7839195979899498,0.984116490774866,0.01601100400302003
NGC1232-NGC1232A,exponential,0.7889447236180904,0.9841021263046178,0.016025600420433998
NGC1232-NGC1232A,exponential,0.7939698492462312,0.9840880476849456,0.016039906578302756
NGC1232-NGC1232A,exponential,0.7989949748743719,0.9840742492274702,0.016053928244602604
NGC1232-NGC1232A,exponential,0.8040201005025126,0.9840607253570105,0.016067671072848202
NGC1232-NGC1232A,exponential,0.8090452261306533,0.9840474706093303,0.016081140604358286
NGC1232-NGC1232A,exponential,0.8140703517587939,0.9840344796289309,0.016094342270475934
NGC1232-NGC1232A,exponential,0.8190954773869347,0.9840217471668872,0.016107281394745373
NGC1232-NGC1232A,exponential,0.8241206030150754,0.9840092680787268,0.016119963195046154
NGC1232-NGC1232A,exponential,0.8291457286432161,0.9839970373223513,0.016132392785685224
NGC1232-NGC1232A,exponential,0.8341708542713568,0.9839850499559997,0.01614457517944714
NGC1232-NGC1232A,exponential,0.8391959798994975,0.9839733011362505,0.016156515289605274
NGC1232-NGC1232A,exponential,0.8442211055276382,0.983961786116066,0.016168217931891805
NGC1232-NGC1232A,exponential,0.8492462311557789,0.9839505002428738,0.016179687826429857
NGC1232-NGC1232A,exponential,0.8542713567839196,0.9839394389566865,0.016190929599627746
NGC1232-NGC1232A,exponential,0.8592964824120604,0.9839285977882601,0.016201947786034548
NGC1232-NGC1232A,exponential,0.864321608040201,0.9839179723572876,0.016212746830161082
NGC1232-NGC1232A,exponential,0.8693467336683417,0.9839075583706295,0.016223331088262842
NGC1232-NGC1232A,exponential,0.8743718592964824,0.983897351620579,0.01623370483008933
NGC1232-NGC1232A,exponential,0.8793969849246231,0.9838873479831619,0.016243872240598416
NGC1232-NGC1232A,exponential,0.8844221105527639,0.9838775434164705,0.016253837421636406
NGC1232-NGC1232A,exponential,0.8894472361809045,0.9838679339590304,0.016263604393585443
NGC1232-NGC1232A,exponential,0.8944723618090452,0.9838585157281998,0.016273177096978363
NGC1232-NGC1232A,exponential,0.8994974874371859,0.983849284918601,0.016282559394081457
NGC1232-NGC1232A,exponential,0.9045226130653267,0.9838402378005826,0.016291755070446064
NGC1232-NGC1232A,exponential,0.9095477386934674,0.9838313707187123,0.01630076783642996
NGC1232-NGC1232A,exponential,0.914572864321608,0.9838226800903009,0.01630960132868724
NGC1232-NGC1232A,exponential,0.9195979899497487,0.9838141624039538,0.016318259111630953
NGC1232-NGC1232A,exponential,0.9246231155778895,0.9838058142181525,0.01632674467886502
NGC1232-NGC1232A,exponential,0.9296482412060302,0.9837976321598643,0.016335061454588646
NGC1232-NGC1232A,exponential,0.9346733668341709,0.9837896129231791,0.016343212794972892
NGC1232-NGC1232A,exponential,0.9396984924623115,0.9837817532679742,0.016351201989509855
NGC1232-NGC1232A,exponential,0.9447236180904522,0.9837740500186046,0.016359032262335437
NGC1232-NGC1232A,exponential,0.949748743718593,0.98376650006262,0.016366706773525915
NGC1232-NGC1232A,exponential,0.9547738693467337,0.9837591003495075,0.016374228620368428
NGC1232-NGC1232A,exponential,0.9597989949748744,0.9837518478894589,0.01638160083860706
NGC1232-NGC1232A,exponential,0.964824120603015,0.9837447397521626,0.016388826403663688
NGC1232-NGC1232A,exponential,0.9698492462311558,0.9837377730656197,0.016395908231834986
NGC1232-NGC1232A,exponential,0.9748743718592965,0.9837309450149838,0.01640284918146552
NGC1232-NGC1232A,exponential,0.9798994974874372,0.9837242528414233,0.01640965205409799
NGC1232-NGC1232A,exponential,0.9849246231155779,0.9837176938410068,0.016416319595600342
NGC1232-NGC1232A,exponential,0.9899497487437187,0.9837112653636111,0.01642285449727055
NGC1232-NGC1232A,exponential,0.9949748743718593,0.9837049648118494,0.01642925939692019
NGC1232-NGC1232A,exponential,1.0,0.983698789640023,0.016435536879935545
NGC1232-NGC1232A,tanh,0.0,1.0,-0.0
NGC1232-NGC1232A,tanh,0.005025125628140704,0.9999985625197703,1.437481262913582e-06
NGC1232-NGC1232A,tanh,0.010050251256281407,0.9999970257061848,2.974298238459458e-06
NGC1232-NGC1232A,tanh,0.01507537688442211,0.9999953827157879,4.6172948717724106e-06
NGC1232-NGC1232A,tanh,0.020100502512562814,0.9999936262366176,6.373783694932936e-06
NGC1232-NGC1232A,tanh,0.02512562814070352,0.9999917484565559,8.251577488254071e-06
NGC1232-NGC1232A,tanh,0.03015075376884422,0.9999897410296026,1.0259023021011019e-05
NGC1232-NGC1232A,tanh,0.035175879396984924,0.9999875950399434,1.2405036998764494e-05
NGC1232-NGC1232A,tanh,0.04020100502512563,0.9999853009636805,1.4699144351347356e-05
NGC1232-NGC1232A,tanh,0.04522613065326633,0.9999828486280834,1.7151519003062792e-05
NGC1232-NGC1232A,tanh,0.05025125628140704,0.9999802271682124,1.9773027272572047e-05
NGC1232-NGC1232A,tanh,0.05527638190954774,0.999977424980762,2.2575274057551074e-05
NGC1232-NGC1232A,tanh,0.06030150753768844,0.9999744296749616,2.5570651964694245e-05
NGC1232-NGC1232A,tanh,0.06532663316582915,0.999971228020366,2.8772393555369166e-05
NGC1232-NGC1232A,tanh,0.07035175879396985,0.999967805891362,3.2194626879411306e-05
NGC1232-NGC1232A,tanh,0.07537688442211056,0.9999641482082097,3.585243448117957e-05
NGC1232-NGC1232A,tanh,0.08040201005025126,0.999960238874431,3.976191606353396e-05
NGC1232-NGC1232A,tanh,0.08542713567839195,0.9999560607103539,4.3940255004943264e-05
NGC1232-NGC1232A,tanh,0.09045226130653267,0.9999515953826144,4.8405788926942114e-05
NGC1232-NGC1232A,tanh,0.09547738693467336,0.999946823329414,5.317808451529217e-05
NGC1232-NGC1232A,tanh,0.10050251256281408,0.9999417236813289,5.827801680169087e-05
NGC1232-NGC1232A,tanh,0.10552763819095477,0.9999362741774618,6.3727853114715e-05
NGC1232-NGC1232A,tanh,0.11055276381909548,0.9999304510767306,6.955134190788731e-05
NGC1232-NGC1232A,tanh,0.11557788944723618,0.9999242290640861,7.577380667631159e-05
NGC1232-NGC1232A,tanh,0.12060301507537688,0.9999175811514558,8.242224516413718e-05
NGC1232-NGC1232A,tanh,0.12562814070351758,0.999910478573216,8.952543406606526e-05
NGC1232-NGC1232A,tanh,0.1306532663316583,0.9999028906760038,9.711403941188273e-05
NGC1232-NGC1232A,tanh,0.135678391959799,0.9998947848026911,0.00010522073281603873
NGC1232-NGC1232A,tanh,0.1407035175879397,0.9998861261703613,0.00011388031375546809
NGC1232-NGC1232A,tanh,0.1457286432160804,0.9998768777421478,0.00012312983801954683
NGC1232-NGC1232A,tanh,0.15075376884422112,0.9998670000928213,0.00013300875245068726
NGC1232-NGC1232A,tanh,0.15577889447236182,0.9998564512680442,0.00014355903606109614
NGC1232-NGC1232A,tanh,0.16080402010050251,0.9998451866372513,0.00015482534757429534
NGC1232-NGC1232A,tanh,0.1658291457286432,0.999833158740161,0.00016685517939026316
NGC1232-NGC1232A,tanh,0.1708542713567839,0.9998203171269802,0.00017969901792126957
NGC1232-NGC1232A,tanh,0.17587939698492464,0.9998066081924335,0.00019341051017344397
NGC1232-NGC1232A,tanh,0.18090452261306533,0.9997919750038228,0.00020804663637792955
NGC1232-NGC1232A,tanh,0.18592964824120603,0.9997763571234186,0.00022366788837871945
NGC1232-NGC1232A,tanh,0.19095477386934673,0.9997596904255891,0.000240338453383367
NGC1232-NGC1232A,tanh,0.19597989949748745,0.9997419069091956,0.00025812640255795156
NGC1232-NGC1232A,tanh,0.20100502512562815,0.9997229345059243,0.0002771038838108381
NGC1232-NGC1232A,tanh,0.20603015075376885,0.9997026968853838,0.000297347317948566
NGC1232-NGC1232A,tanh,0.21105527638190955,0.9996811132579797,0.00031893759720906593
NGC1232-NGC1232A,tanh,0.21608040201005024,0.9996580981767843,0.000341960284969888
NGC1232-NGC1232A,tanh,0.22110552763819097,0.9996335613398472,0.0003665058152046456
NGC1232-NGC1232A,tanh,0.22613065326633167,0.9996074073946547,0.000392669689998088
NGC1232-NGC1232A,tanh,0.23115577889447236,0.9995795357467285,0.0004205526731514094
NGC1232-NGC1232A,tanh,0.23618090452261306,0.9995498403746738,0.00045026097758798313
NGC1232-NGC1232A,tanh,0.24120603015075376,0.9995182096543351,0.000481906443924967
NGC1232-NGC1232A,tanh,0.24623115577889448,0.999484526195099,0.0005156067071965232
NGC1232-NGC1232A,tanh,0.25125628140703515,0.9994486666917952,0.0005514853482988972
NGC1232-NGC1232A,tanh,0.2562814070351759,0.9994105017960954,0.0005896720262861851
NGC1232-NGC1232A,tanh,0.2613065326633166,0.9993698960117822,0.0006303025871655258
NGC1232-NGC1232A,tanh,0.2663316582914573,0.9993267076187664,0.0006735191443398667
NGC1232-NGC1232A,tanh,0.271356783919598,0.9992807886312577,0.0007194701253133264
NGC1232-NGC1232A,tanh,0.2763819095477387,0.9992319847960371,0.0007683102787305618
NGC1232-NGC1232A,tanh,0.2814070351758794,0.9991801356373413,0.0008202006352564389
NGC1232-NGC1232A,tanh,0.2864321608040201,0.999125074555417,0.0008753084152466104
NGC1232-NGC1232A,tanh,0.2914572864321608,0.9990666289863547,0.0009338068756049317
NGC1232-NGC1232A,tanh,0.2964824120603015,0.9990046206313227,0.0009958750877007499
NGC1232-NGC1232A,tanh,0.30150753768844224,0.9989388657637917,0.0010616976377403435
NGC1232-NGC1232A,tanh,0.3065326633165829,0.9988691756237406,0.0011314642405726742
NGC1232-NGC1232A,tanh,0.31155778894472363,0.9987953569081343,0.0012053692575940658
NGC1232-NGC1232A,tanh,0.3165829145728643,0.9987172123671445,0.0012836111092165289
NGC1232-NGC1232A,tanh,0.32160804020100503,0.9986345415155967,0.0013663915723315363
NGC1232-NGC1232A,tanh,0.32663316582914576,0.9985471414689467,0.0014539149533542993
NGC1232-NGC1232A,tanh,0.3316582914572864,0.9984548079126679,0.0015463871278288297
NGC1232-NGC1232A,tanh,0.33668341708542715,0.9983573362132231,0.001644014438248596
NGC1232-NGC1232A,tanh,0.3417085427135678,0.9982545226777662,0.0017470024427422865
NGC1232-NGC1232A,tanh,0.34673366834170855,0.9981461659683099,0.0018555545086466425
NGC1232-NGC1232A,tanh,0.35175879396984927,0.9980320686742779,0.001969870246766773
NGC1232-NGC1232A,tanh,0.35678391959798994,0.9979120390450859,0.002090143784359808
NGC1232-NGC1232A,tanh,0.36180904522613067,0.9977858928816382,0.002216561877596847
NGC1232-NGC1232A,tanh,0.36683417085427134,0.9976534555823703,0.002349301867478608
NGC1232-NGC1232A,tanh,0.37185929648241206,0.9975145643356957,0.002488529486919508
NGC1232-NGC1232A,tanh,0.3768844221105528,0.9973690704464627,0.002634396530945743
NGC1232-NGC1232A,tanh,0.38190954773869346,0.9972168417793007,0.002787038406659909
NGC1232-NGC1232A,tanh,0.3869346733668342,0.9970577652966369,0.002946571584725498
NGC1232-NGC1232A,tanh,0.3919597989949749,0.9968917496637525,0.003113090979547132
NGC1232-NGC1232A,tanh,0.3969849246231156,0.9967187278876732,0.0032866672909298545
NGC1232-NGC1232A,tanh,0.4020100502512563,0.9965386599511111,0.0034673443456349675
NGC1232-NGC1232A,tanh,0.40703517587939697,0.9963515353972777,0.0036551364827232032
NGC1232-NGC1232A,tanh,0.4120603015075377,0.9961573758164168,0.003850026031655925
NGC1232-NGC1232A,tanh,0.4170854271356784,0.9959562371806004,0.004051960936560556
NGC1232-NGC1232A,tanh,0.4221105527638191,0.9957482119699722,0.004260852583585195
NGC1232-NGC1232A,tanh,0.4271356783919598,0.9955334310314812,0.004476573890592484
NGC1232-NGC1232A,tanh,0.4321608040201005,0.995312065110505,0.004698957719289878
NGC1232-NGC1232A,tanh,0.4371859296482412,0.9950843259968495,0.004927795669023707
NGC1232-NGC1232A,tanh,0.44221105527638194,0.9948504672296474,0.005162837308654012
NGC1232-NGC1232A,tanh,0.4472361809045226,0.994610784310798,0.005403789898028147
NGC1232-NGC1232A,tanh,0.45226130653266333,0.9943656143838542,0.00565031864351392
NGC1232-NGC1232A,tanh,0.457286432160804,0.9941153353446496,0.005902047522848071
NGC1232-NGC1232A,tanh,0.4623115577889447,0.9938603643613129,0.00615856070333865
NGC1232-NGC1232A,tanh,0.46733668341708545,0.9936011557943977,0.006419404564471203
NGC1232-NGC1232A,tanh,0.4723618090452261,0.9933381985222947,0.006684090321554762
NGC1232-NGC1232A,tanh,0.47738693467336685,0.9930720126924113,0.006952097231682229
NGC1232-NGC1232A,tanh,0.4824120603015075,0.992803145934264,0.0072228763475014135
NGC1232-NGC1232A,tanh,0.48743718592964824,0.9925321690859932,0.007495854768731743
NGC1232-NGC1232A,tanh,0.49246231155778897,0.9922596715002512,0.00777044032665467
NGC1232-NGC1232A,tanh,0.49748743718592964,0.9919862560082842,0.008046026623602015
NGC1232-NGC1232A,tanh,0.5025125628140703,0.9917125336317388,0.008321998338372515
NGC1232-NGC1232A,tanh,0.507537688442211,0.9914391181397718,0.008597736700040557
NGC1232-NGC1232A,tanh,0.5125628140703518,0.9911666205540298,0.00887262502719473
NGC1232-NGC1232A,tanh,0.5175879396984925,0.990895643705759,0.009146054227523393
NGC1232-NGC1232A,tanh,0.5226130653266332,0.9906267769476117,0.0094174281539498
NGC1232-NGC1232A,tanh,0.5276381909547738,0.9903605911177283,0.00968616871815173
NGC1232-NGC1232A,tanh,0.5326633165829145,0.9900976338456253,0.0099517206700523
NGC1232-NGC1232A,tanh,0.5376884422110553,0.9898384252787101,0.010213555962360404
NGC1232-NGC1232A,tanh,0.542713567839196,0.9895834542953734,0.010471177631978154
NGC1232-NGC1232A,tanh,0.5477386934673367,0.9893331752561688,0.010724123144488963
NGC1232-NGC1232A,tanh,0.5527638190954774,0.989088005329225,0.010971967163350754
NGC1232-NGC1232A,tanh,0.5577889447236181,0.9888483224103756,0.01121432372120472
NGC1232-NGC1232A,tanh,0.5628140703517588,0.9886144636431735,0.011450847786225446
NGC1232-NGC1232A,tanh,0.5678391959798995,0.988386724529518,0.011681236231134087
NGC1232-NGC1232A,tanh,0.5728643216080402,0.9881653586085418,0.011905228225871005
NGC1232-NGC1232A,tanh,0.577889447236181,0.9879505776700508,0.012122605086604444
NGC1232-NGC1232A,tanh,0.5829145728643216,0.9877425524594226,0.012333189623468587
NGC1232-NGC1232A,tanh,0.5879396984924623,0.9875414138236062,0.012536845037014088
NGC1232-NGC1232A,tanh,0.592964824120603,0.9873472542427453,0.012733473418781607
NGC1232-NGC1232A,tanh,0.5979899497487438,0.9871601296889119,0.012923013914721424
NGC1232-NGC1232A,tanh,0.6030150753768845,0.9869800617523498,0.0131054406115104
NGC1232-NGC1232A,tanh,0.6080402010050251,0.9868070399762705,0.013280760205372272
NGC1232-NGC1232A,tanh,0.6130653266331658,0.9866410243433861,0.013449009511019232
NGC1232-NGC1232A,tanh,0.6180904522613065,0.9864819478607223,0.013610252865082195
NGC1232-NGC1232A,tanh,0.6231155778894473,0.9863297191935603,0.013764579474161365
NGC1232-NGC1232A,tanh,0.628140703517588,0.9861842253043273,0.013912100752682835
NGC1232-NGC1232A,tanh,0.6331658291457286,0.9860453340576527,0.014052947690347721
NGC1232-NGC1232A,tanh,0.6381909547738693,0.9859128967583848,0.014187268283347548
NGC1232-NGC1232A,tanh,0.6432160804020101,0.9857867505949371,0.014315225057888825
NGC1232-NGC1232A,tanh,0.6482412060301508,0.9856667209657451,0.014436992709088109
NGC1232-NGC1232A,tanh,0.6532663316582915,0.9855526236717131,0.014552755873111242
NGC1232-NGC1232A,tanh,0.6582914572864321,0.9854442669622568,0.014662707045617266
NGC1232-NGC1232A,tanh,0.6633165829145728,0.9853414534267999,0.014767044655217878
NGC1232-NGC1232A,tanh,0.6683417085427136,0.9852439817273551,0.014865971296799107
NGC1232-NGC1232A,tanh,0.6733668341708543,0.9851516481710763,0.014959692126205478
NGC1232-NGC1232A,tanh,0.678391959798995,0.9850642481244263,0.015048413414945096
NGC1232-NGC1232A,tanh,0.6834170854271356,0.9849815772728785,0.01513234126122211
NGC1232-NGC1232A,tanh,0.6884422110552764,0.9849034327318887,0.015211680451716846
NGC1232-NGC1232A,tanh,0.6934673366834171,0.9848296140162824,0.015286633467063496
NGC1232-NGC1232A,tanh,0.6984924623115578,0.9847599238762313,0.015357399622893859
NGC1232-NGC1232A,tanh,0.7035175879396985,0.9846941690087003,0.015424174337565306
NGC1232-NGC1232A,tanh,0.7085427135678392,0.9846321606536683,0.015487148517231233
NGC1232-NGC1232A,tanh,0.7135678391959799,0.984573715084606,0.015546508048704867
NGC1232-NGC1232A,tanh,0.7185929648241206,0.9845186540026816,0.015602433390555953
NGC1232-NGC1232A,tanh,0.7236180904522613,0.9844668048439859,0.0156550992530434
NGC1232-NGC1232A,tanh,0.7286432160804021,0.9844180010087653,0.015704674357778288
NGC1232-NGC1232A,tanh,0.7336683417085427,0.9843720820212565,0.01575132126839914
NGC1232-NGC1232A,tanh,0.7386934673366834,0.9843288936282408,0.01579519628401275
NGC1232-NGC1232A,tanh,0.7437185929648241,0.9842882878439276,0.01583644938766451
NGC1232-NGC1232A,tanh,0.7487437185929648,0.9842501229482278,0.0158752242426487
NGC1232-NGC1232A,tanh,0.7537688442211056,0.984214263444924,0.01591165823003054
NGC1232-NGC1232A,tanh,0.7587939698492463,0.9841805799856879,0.0159458825213122
NGC1232-NGC1232A,tanh,0.7638190954773869,0.9841489492653492,0.01597802218072521
NGC1232-NGC1232A,tanh,0.7688442211055276,0.9841192538932945,0.016008196292169343
NGC1232-NGC1232A,tanh,0.7738693467336684,0.9840913822453683,0.01603651810632508
NGC1232-NGC1232A,tanh,0.7788944723618091,0.9840652283001758,0.01606309520395426
NGC1232-NGC1232A,tanh,0.7839195979899498,0.9840406914632387,0.016088029671852584
NGC1232-NGC1232A,tanh,0.7889447236180904,0.9840176763820433,0.016111418288341277
NGC1232-NGC1232A,tanh,0.7939698492462312,0.9839960927546392,0.016133352715572907
NGC1232-NGC1232A,tanh,0.7989949748743719,0.9839758551340987,0.01615391969627902
NGC1232-NGC1232A,tanh,0.8040201005025126,0.9839568827308274,0.01617320125291645
NGC1232-NGC1232A,tanh,0.8090452261306533,0.9839390992144339,0.016191274887455184
NGC1232-NGC1232A,tanh,0.8140703517587939,0.9839224325166044,0.01620821378032053
NGC1232-NGC1232A,tanh,0.8190954773869347,0.9839068146362002,0.01622408698723326
NGC1232-NGC1232A,tanh,0.8241206030150754,0.9838921814475895,0.016238959632905014
NGC1232-NGC1232A,tanh,0.8291457286432161,0.9838784725130428,0.01625289310072993
NGC1232-NGC1232A,tanh,0.8341708542713568,0.983865630899862,0.01626594521777984
NGC1232-NGC1232A,tanh,0.8391959798994975,0.9838536030027717,0.016278170434551858
NGC1232-NGC1232A,tanh,0.8442211055276382,0.9838423383719788,0.01628961999904624
NGC1232-NGC1232A,tanh,0.8492462311557789,0.9838317895472017,0.01630034212485706
NGC1232-NGC1232A,tanh,0.8542713567839196,0.9838219118978753,0.01631038215305847
NGC1232-NGC1232A,tanh,0.8592964824120604,0.9838126634696617,0.016319782707744222
NGC1232-NGC1232A,tanh,0.864321608040201,0.9838040048373319,0.016328583845150017
NGC1232-NGC1232A,tanh,0.8693467336683417,0.9837958989640192,0.016336823196348466
NGC1232-NGC1232A,tanh,0.8743718592964824,0.983788311066807,0.01634453610355069
NGC1232-NGC1232A,tanh,0.8793969849246231,0.9837812084885672,0.0163517557500935
NGC1232-NGC1232A,tanh,0.8844221105527639,0.9837745605759369,0.016358513284222723
NGC1232-NGC1232A,tanh,0.8894472361809045,0.9837683385632924,0.016364837936810775
NGC1232-NGC1232A,tanh,0.8944723618090452,0.9837625154625612,0.016370757133167227
NGC1232-NGC1232A,tanh,0.8994974874371859,0.983757065958694,0.016376296599120842
NGC1232-NGC1232A,tanh,0.9045226130653267,0.983751966310609,0.0163814804615595
NGC1232-NGC1232A,tanh,0.9095477386934674,0.9837471942574086,0.016386331343629514
NGC1232-NGC1232A,tanh,0.914572864321608,0.9837427289296691,0.01639087045479542
NGC1232-NGC1232A,tanh,0.9195979899497487,0.983738550765592,0.01639511767597122
NGC1232-NGC1232A,tanh,0.9246231155778895,0.9837346414318133,0.016399091639930887
NGC1232-NGC1232A,tanh,0.9296482412060302,0.983730983748661,0.016402809807207153
NGC1232-NGC1232A,tanh,0.9346733668341709,0.983727561619657,0.016406288537686137
NGC1232-NGC1232A,tanh,0.9396984924623115,0.9837243599650614,0.016409543158102058
NGC1232-NGC1232A,tanh,0.9447236180904522,0.983721364659261,0.01641258802563045
NGC1232-NGC1232A,tanh,0.949748743718593,0.9837185624718106,0.016415436587776385
NGC1232-NGC1232A,tanh,0.9547738693467337,0.9837159410119396,0.01641810143874481
NGC1232-NGC1232A,tanh,0.9597989949748744,0.9837134886763425,0.016420594372478687
NGC1232-NGC1232A,tanh,0.964824120603015,0.9837111946000796,0.016422926432539075
NGC1232-NGC1232A,tanh,0.9698492462311558,0.9837090486104204,0.01642510795899902
NGC1232-NGC1232A,tanh,0.9748743718592965,0.9837070411834671,0.01642714863251363
NGC1232-NGC1232A,tanh,0.9798994974874372,0.9837051634034054,0.016429057515723045
NGC1232-NGC1232A,tanh,0.9849246231155779,0.9837034069242351,0.016430843092137448
NGC1232-NGC1232A,tanh,0.9899497487437187,0.9837017639338382,0.016432513302647393
NGC1232-NGC1232A,tanh,0.9949748743718593,0.9837002271202527,0.016434075579795114
NGC1232-NGC1232A,tanh,1.0,0.983698789640023,0.016435536879935545
NGC1232-NGC1232A,yukawa,0.0,0.9999997374520158,2.625480187079177e-07
NGC1232-NGC1232A,yukawa,0.005025125628140704,0.9999997253679549,2.7463208281663675e-07
NGC1232-NGC1232A,yukawa,0.010050251256281407,0.9999997127210685,2.872789727968423e-07
NGC1232-NGC1232A,yukawa,0.01507537688442211,0.9999996994847725,3.0051527263513463e-07
NGC1232-NGC1232A,yukawa,0.020100502512562814,0.9999996856312064,3.1436884296639033e-07
NGC1232-NGC1232A,yukawa,0.02512562814070352,0.9999996711311703,3.288688838016369e-07
NGC1232-NGC1232A,yukawa,0.03015075376884422,0.9999996559540592,3.4404600003151085e-07
NGC1232-NGC1232A,yukawa,0.035175879396984924,0.9999996400677944,3.5993227037143723e-07
NGC1232-NGC1232A,yukawa,0.04020100502512563,0.9999996234387512,3.765613197485324e-07
NGC1232-NGC1232A,yukawa,0.04522613065326633,0.9999996060316817,3.9396839590738995e-07
NGC1232-NGC1232A,yukawa,0.05025125628140704,0.9999995878096365,4.1219044845839615e-07
NGC1232-NGC1232A,yukawa,0.05527638190954774,0.9999995687338794,4.312662135882259e-07
NGC1232-NGC1232A,yukawa,0.06030150753768844,0.9999995487637998,4.512363019900321e-07
NGC1232-NGC1232A,yukawa,0.06532663316582915,0.9999995278568199,4.721432915676464e-07
NGC1232-NGC1232A,yukawa,0.07035175879396985,0.9999995059682973,4.940318246917505e-07
NGC1232-NGC1232A,yukawa,0.07537688442211056,0.9999994830514228,5.169487107851817e-07
NGC1232-NGC1232A,yukawa,0.08040201005025126,0.9999994590571127,5.409430335712426e-07
NGC1232-NGC1232A,yukawa,0.08542713567839195,0.9999994339338957,5.660662645393368e-07
NGC1232-NGC1232A,yukawa,0.09045226130653267,0.9999994076277943,5.923723811846456e-07
NGC1232-NGC1232A,yukawa,0.09547738693467336,0.9999993800822001,6.199179920202579e-07
NGC1232-NGC1232A,yukawa,0.10050251256281408,0.9999993512377421,6.487624683617608e-07
NGC1232-NGC1232A,yukawa,0.10552763819095477,0.9999993210321492,6.789680813299891e-07
NGC1232-NGC1232A,yukawa,0.11055276381909548,0.9999992894001046,7.106001478467037e-07
NGC1232-NGC1232A,yukawa,0.11557788944723618,0.9999992562730938,7.437271827366305e-07
NGC1232-NGC1232A,yukawa,0.12060301507537688,0.9999992215792438,7.784210591563203e-07
NGC1232-NGC1232A,yukawa,0.12562814070351758,0.9999991852431548,8.14757177127799e-07
NGC1232-NGC1232A,yukawa,0.1306532663316583,0.9999991471857224,8.528146412872481e-07
NGC1232-NGC1232A,yukawa,0.135678391959799,0.9999991073239511,8.926764472936221e-07
NGC1232-NGC1232A,yukawa,0.1407035175879397,0.9999990655707585,9.344296781184676e-07
NGC1232-NGC1232A,yukawa,0.1457286432160804,0.999999021834768,9.781657104390112e-07
NGC1232-NGC1232A,yukawa,0.15075376884422112,0.9999989760200921,1.023980432133741e-06
NGC1232-NGC1232A,yukawa,0.15577889447236182,0.9999989280261041,1.071974470436419e-06
NGC1232-NGC1232A,yukawa,0.16080402010050251,0.9999988777471969,1.1222534328579773e-06
NGC1232-NGC1232A,yukawa,0.1658291457286432,0.9999988250725298,1.174928160432244e-06
NGC1232-NGC1232A,yukawa,0.1708542713567839,0.9999987698857631,1.2301149935075736e-06
NGC1232-NGC1232A,yukawa,0.17587939698492464,0.9999987120647768,1.2879360526379415e-06
NGC1232-NGC1232A,yukawa,0.18090452261306533,0.9999986514813753,1.3485195339074062e-06
NGC1232-NGC1232A,yukawa,0.18592964824120603,0.9999985880009777,1.4120000191320816e-06
NGC1232-NGC1232A,yukawa,0.19095477386934673,0.9999985214822891,1.478518803937272e-06
NGC1232-NGC1232A,yukawa,0.19597989949748745,0.9999984517769571,1.5482242413783584e-06
NGC1232-NGC1232A,yukawa,0.20100502512562815,0.9999983787292087,1.6212721055463993e-06
NGC1232-NGC1232A,yukawa,0.20603015075376885,0.9999983021754677,1.6978259736042002e-06
NGC1232-NGC1232A,yukawa,0.21105527638190955,0.9999982219439527,1.7780576280292862e-06
NGC1232-NGC1232A,yukawa,0.21608040201005024,0.9999981378542526,1.8621474811732971e-06
NGC1232-NGC1232A,yukawa,0.22110552763819097,0.9999980497168798,1.9502850220268707e-06
NGC1232-NGC1232A,yukawa,0.22613065326633167,0.9999979573327995,2.0426692867444375e-06
NGC1232-NGC1232A,yukawa,0.23115577889447236,0.9999978604929336,2.1395093551494888e-06
NGC1232-NGC1232A,yukawa,0.23618090452261306,0.9999977589776373,2.2410248737755664e-06
NGC1232-NGC1232A,yukawa,0.24120603015075376,0.9999976525561486,2.3474466066643517e-06
NGC1232-NGC1232A,yukawa,0.24623115577889448,0.9999975409860066,2.4590170168076052e-06
NGC1232-NGC1232A,yukawa,0.25125628140703515,0.9999974240124389,2.5759908790102847e-06
NGC1232-NGC1232A,yukawa,0.2562814070351759,0.9999973013677156,2.698635925729347e-06
NGC1232-NGC1232A,yukawa,0.2613065326633166,0.9999971727704685,2.827233528108896e-06
NGC1232-NGC1232A,yukawa,0.2663316582914573,0.9999970379249716,2.96207941532055e-06
NGC1232-NGC1232A,yukawa,0.271356783919598,0.9999968965203834,3.1034844324313196e-06
NGC1232-NGC1232A,yukawa,0.2763819095477387,0.9999967482299472,3.2517753397969106e-06
NGC1232-NGC1232A,yukawa,0.2814070351758794,0.9999965927101471,3.407295657755519e-06
NGC1232-NGC1232A,yukawa,0.2864321608040201,0.9999964295998174,3.570406556511465e-06
NGC1232-NGC1232A,yukawa,0.2914572864321608,0.9999962585192027,3.741487796649155e-06
NGC1232-NGC1232A,yukawa,0.2964824120603015,0.9999960790689655,3.920938721388031e-06
NGC1232-NGC1232A,yukawa,0.30150753768844224,0.9999958908291382,4.1091793044647855e-06
NGC1232-NGC1232A,yukawa,0.3065326633165829,0.9999956933580179,4.306651255752795e-06
NGC1232-NGC1232A,yukawa,0.31155778894472363,0.9999954861909969,4.513819190392548e-06
NGC1232-NGC1232A,yukawa,0.3165829145728643,0.9999952688393294,4.731171862543948e-06
NGC1232-NGC1232A,yukawa,0.32160804020100503,0.9999950407888277,4.959223469201318e-06
NGC1232-NGC1232A,yukawa,0.32663316582914576,0.9999948014984847,5.198515027513634e-06
NGC1232-NGC1232A,yukawa,0.3316582914572864,0.999994550399018,5.449615831162001e-06
NGC1232-NGC1232A,yukawa,0.33668341708542715,0.9999942868913316,5.713124988237868e-06
NGC1232-NGC1232A,yukawa,0.3417085427135678,0.9999940103448896,5.989673048505709e-06
NGC1232-NGC1232A,yukawa,0.34673366834170855,0.9999937200959957,6.279923722937969e-06
NGC1232-NGC1232A,yukawa,0.35175879396984927,0.9999934154459759,6.584575702407057e-06
NGC1232-NGC1232A,yukawa,0.35678391959798994,0.9999930956592532,6.904364581864198e-06
NGC1232-NGC1232A,yukawa,0.36180904522613067,0.9999927599613146,7.240064894558755e-06
NGC1232-NGC1232A,yukawa,0.36683417085427134,0.9999924075365565,7.592492266402965e-06
NGC1232-NGC1232A,yukawa,0.37185929648241206,0.9999920375260067,7.962505693925878e-06
NGC1232-NGC1232A,yukawa,0.3768844221105528,0.9999916490249124,8.351009957143142e-06
NGC1232-NGC1232A,yukawa,0.38190954773869346,0.9999912410801869,8.758958172674304e-06
NGC1232-NGC1232A,yukawa,0.3869346733668342,0.9999908126877045,9.187354499100958e-06
NGC1232-NGC1232A,yukawa,0.3919597989949749,0.9999903627894378,9.637257000453162e-06
NGC1232-NGC1232A,yukawa,0.3969849246231156,0.999989890270423,1.0109780680706301e-05
NGC1232-NGC1232A,yukawa,0.4020100502512563,0.9999893939555446,1.0606100699839587e-05
NGC1232-NGC1232A,yukawa,0.40703517587939697,0.9999888726061291,1.1127455780786463e-05
NGC1232-NGC1232A,yukawa,0.4120603015075377,0.9999883249163322,1.1675151822159e-05
NGC1232-NGC1232A,yukawa,0.4170854271356784,0.9999877495093088,1.2250565729075243e-05
NGC1232-NGC1232A,yukawa,0.4221105527638191,0.999987144933152,1.2855149475085366e-05
NGC1232-NGC1232A,yukawa,0.4271356783919598,0.9999865096565831,1.3490434412412038e-05
NGC1232-NGC1232A,yukawa,0.4321608040201005,0.99998584206438,1.4158035844501511e-05
NGC1232-NGC1232A,yukawa,0.4371859296482412,0.9999851404525245,1.485965787965686e-05
NGC1232-NGC1232A,yukawa,0.44221105527638194,0.99998440302305,1.5597098584081714e-05
NGC1232-NGC1232A,yukawa,0.4472361809045226,0.9999836278785716,1.637225545299697e-05
NGC1232-NGC1232A,yukawa,0.45226130653266333,0.9999828130164743,1.718713122360137e-05
NGC1232-NGC1232A,yukawa,0.457286432160804,0.9999819563227397,1.804384004942927e-05
NGC1232-NGC1232A,yukawa,0.4623115577889447,0.9999810555653839,1.894461406420942e-05
NGC1232-NGC1232A,yukawa,0.46733668341708545,0.9999801083874825,1.9891810358223144e-05
NGC1232-NGC1232A,yukawa,0.4723618090452261,0.9999791122997529,2.0887918398156103e-05
NGC1232-NGC1232A,yukawa,0.47738693467336685,0.9999780646726635,2.1935567919330567e-05
NGC1232-NGC1232A,yukawa,0.4824120603015075,0.9999769627280388,2.3037537323204522e-05
NGC1232-NGC1232A,yukawa,0.48743718592964824,0.9999758035301238,2.4196762615469272e-05
NGC1232-NGC1232A,yukawa,0.49246231155778897,0.999974583976069,2.541634692363319e-05
NGC1232-NGC1232A,yukawa,0.49748743718592964,0.9999733007857982,2.6699570632205635e-05
NGC1232-NGC1232A,yukawa,0.5025125628140703,0.9999719504912119,2.8049902182925197e-05
NGC1232-NGC1232A,yukawa,0.507537688442211,0.9999705294246822,2.9471009583706156e-05
NGC1232-NGC1232A,yukawa,0.5125628140703518,0.9999690337067848,3.0966772680751455e-05
NGC1232-NGC1232A,yukawa,0.5175879396984925,0.9999674592332158,3.254129624639907e-05
NGC1232-NGC1232A,yukawa,0.5226130653266332,0.9999658016608326,3.419892394393487e-05
NGC1232-NGC1232A,yukawa,0.5276381909547738,0.9999640563927545,3.594425323238922e-05
NGC1232-NGC1232A,yukawa,0.5326633165829145,0.9999622185624549,3.778215128155911e-05
NGC1232-NGC1232A,yukawa,0.5376884422110553,0.9999602830167675,3.9717771972725733e-05
NGC1232-NGC1232A,yukawa,0.542713567839196,0.9999582442977277,4.1756574065876986e-05
NGC1232-NGC1232A,yukawa,0.5477386934673367,0.9999560966231602,4.390434062125131e-05
NGC1232-NGC1232A,yukawa,0.5527638190954774,0.9999538338659161,4.616719977269219e-05
NGC1232-NGC1232A,yukawa,0.5577889447236181,0.9999514495316584,4.855164695376016e-05
NGC1232-NGC1232A,yukawa,0.5628140703517588,0.9999489367350816,5.10645686913339e-05
NGC1232-NGC1232A,yukawa,0.5678391959798995,0.9999462881744436,5.371326808811388e-05
NGC1232-NGC1232A,yukawa,0.5728643216080402,0.9999434961042788,5.6505492126456484e-05
NGC1232-NGC1232A,yukawa,0.577889447236181,0.999940552306145,5.944946093920465e-05
NGC1232-NGC1232A,yukawa,0.5829145728643216,0.9999374480572514,6.255389920298111e-05
NGC1232-NGC1232A,yukawa,0.5879396984924623,0.9999341740967923,6.582806982754154e-05
NGC1232-NGC1232A,yukawa,0.592964824120603,0.9999307205898029,6.928181012625922e-05
NGC1232-NGC1232A,yukawa,0.5979899497487438,0.9999270770883323,7.292557067250866e-05
NGC1232-NGC1232A,yukawa,0.6030150753768845,0.9999232324897119,7.677045706419716e-05
NGC1232-NGC1232A,yukawa,0.6080402010050251,0.9999191749916766,8.082827484040138e-05
NGC1232-NGC1232A,yukawa,0.6130653266331658,0.9999148920440717,8.511157781589324e-05
NGC1232-NGC1232A,yukawa,0.6180904522613065,0.9999103702968569,8.963372012495109e-05
NGC1232-NGC1232A,yukawa,0.6231155778894473,0.9999055955440862,9.440891229491764e-05
NGC1232-NGC1232A,yukawa,0.628140703517588,0.9999005526635149,9.945228169937644e-05
NGC1232-NGC1232A,yukawa,0.6331658291457286,0.9998952255514495,0.00010477993777646252
NGC1232-NGC1232A,yukawa,0.6381909547738693,0.9998895970524191,0.0001104090424349267
NGC1232-NGC1232A,yukawa,0.6432160804020101,0.9998836488832015,0.0001163578861148034
NGC1232-NGC1232A,yukawa,0.6482412060301508,0.9998773615506945,0.00012264597001500569
NGC1232-NGC1232A,yukawa,0.6532663316582915,0.9998707142630673,0.00012929409505400152
NGC1232-NGC1232A,yukawa,0.6582914572864321,0.9998636848335689,0.00013632445818780316
NGC1232-NGC1232A,yukawa,0.6633165829145728,0.9998562495763051,0.00014376075677727975
NGC1232-NGC1232A,yukawa,0.6683417085427136,0.9998483831932231,0.000151628301766841
NGC1232-NGC1232A,yukawa,0.6733668341708543,0.9998400586514584,0.00015995414052306394
NGC1232-NGC1232A,yukawa,0.678391959798995,0.9998312470501103,0.00016876719027085832
NGC1232-NGC1232A,yukawa,0.6834170854271356,0.9998219174754039,0.00017809838317162509
NGC1232-NGC1232A,yukawa,0.6884422110552764,0.9998120368430846,0.00018798082420346242
NGC1232-NGC1232A,yukawa,0.6934673366834171,0.9998015697267568,0.00019844996313460398
NGC1232-NGC1232A,yukawa,0.6984924623115578,0.9997904781707314,0.00020954378203350108
NGC1232-NGC1232A,yukawa,0.7035175879396985,0.9997787214857788,0.00022130299992375826
NGC1232-NGC1232A,yukawa,0.7085427135678392,0.9997662560259958,0.00023377129638462154
NGC1232-NGC1232A,yukawa,0.7135678391959799,0.9997530349447755,0.0002469955561156034
NGC1232-NGC1232A,yukawa,0.7185929648241206,0.9997390079276297,0.00026102613672835913
NGC1232-NGC1232A,yukawa,0.7236180904522613,0.9997241208993314,0.0002759171623081467
NGC1232-NGC1232A,yukawa,0.7286432160804021,0.9997083157025267,0.0002917268456119292
NGC1232-NGC1232A,yukawa,0.7336683417085427,0.9996915297446054,0.00030851784213014433
NGC1232-NGC1232A,yukawa,0.7386934673366834,0.9996736956092,0.0003263576396615484
NGC1232-NGC1232A,yukawa,0.7437185929648241,0.9996547406282074,0.00034531898753186754
NGC1232-NGC1232A,yukawa,0.7487437185929648,0.9996345864096781,0.00036548037013659846
NGC1232-NGC1232A,yukawa,0.7537688442211056,0.9996131483162844,0.00038692653013174395
NGC1232-NGC1232A,yukawa,0.7587939698492463,0.99959033488835,0.0004097490473262837
NGC1232-NGC1232A,yukawa,0.7638190954773869,0.9995660472045735,0.00043404698018960445
NGC1232-NGC1232A,yukawa,0.7688442211055276,0.9995401781725999,0.0004599275778754236
NGC1232-NGC1232A,yukawa,0.7738693467336684,0.9995126117404491,0.0004875070718153359
NGC1232-NGC1232A,yukawa,0.7788944723618091,0.9994832220184785,0.0005169115572839161
NGC1232-NGC1232A,yukawa,0.7839195979899498,0.9994518722999934,0.0005482779769107843
NGC1232-NGC1232A,yukawa,0.7889447236180904,0.9994184139667978,0.0005817552199602
NGC1232-NGC1232A,yukawa,0.7939698492462312,0.9993826852638154,0.0006175053533776424
NGC1232-NGC1232A,yukawa,0.7989949748743719,0.9993445099243846,0.0006557050031620468
NGC1232-NGC1232A,yukawa,0.8040201005025126,0.9993036956248146,0.0006965469076676913
NGC1232-NGC1232A,yukawa,0.8090452261306533,0.9992600322432317,0.0007402416680408599
NGC1232-NGC1232A,yukawa,0.8140703517587939,0.9992132898934933,0.0007870197252999734
NGC1232-NGC1232A,yukawa,0.8190954773869347,0.9991632166998641,0.0008371335987112483
NGC1232-NGC1232A,yukawa,0.8241206030150754,0.999109536272061,0.0008908604262788542
NGC1232-NGC1232A,yukawa,0.8291457286432161,0.9990519448329302,0.0009485048556118173
NGC1232-NGC1232A,yukawa,0.8341708542713568,0.9989901079421498,0.0010104023424182525
NGC1232-NGC1232A,yukawa,0.8391959798994975,0.9989236567485812,0.0010769229248052692
NGC1232-NGC1232A,yukawa,0.8442211055276382,0.9988521836907602,0.0011484755548898684
NGC1232-NGC1232A,yukawa,0.8492462311557789,0.9987752375489424,0.001225513085550276
NGC1232-NGC1232A,yukawa,0.8542713567839196,0.9986923177323277,0.0013085380302539557
NGC1232-NGC1232A,yukawa,0.8592964824120604,0.9986028676606361,0.0013981092387619198
NGC1232-NGC1232A,yukawa,0.864321608040201,0.9985062670687977,0.0014948496624411533
NGC1232-NGC1232A,yukawa,0.8693467336683417,0.9984018230255436,0.0015994554215819894
NGC1232-NGC1232A,yukawa,0.8743718592964824,0.9982887594089471,0.0017127064357470936
NGC1232-NGC1232A,yukawa,0.8793969849246231,0.9981662045216285,0.001835478939697056
NGC1232-NGC1232A,yukawa,0.8844221105527639,0.9980331764515702,0.001968760285762195
NGC1232-NGC1232A,yukawa,0.8894472361809045,0.9978885656861955,0.002113666533912783
NGC1232-NGC1232A,yukawa,0.8944723618090452,0.9977311143605864,0.002271463460361414
NGC1232-NGC1232A,yukawa,0.8994974874371859,0.9975593913560028,0.002443591784047174
NGC1232-NGC1232A,yukawa,0.9045226130653267,0.9973717622491692,0.0026316976312567284
NGC1232-NGC1232A,yukawa,0.9095477386934674,0.9971663528279345,0.0028376695506782445
NGC1232-NGC1232A,yukawa,0.914572864321608,0.9969410045093686,0.0030636837807506835
NGC1232-NGC1232A,yukawa,0.9195979899497487,0.9966932194857966,0.0033122599958513364
NGC1232-NGC1232A,yukawa,0.9246231155778895,0.9964200927304555,0.003586330471801373
NGC1232-NGC1232A,yukawa,0.9296482412060302,0.9961182270412442,0.0038893265934070425
NGC1232-NGC1232A,yukawa,0.9346733668341709,0.9957836259760352,0.004225287994165171
NGC1232-NGC1232A,yukawa,0.9396984924623115,0.9954115576677693,0.00459900154635979
NGC1232-NGC1232A,yukawa,0.9447236180904522,0.9949963798457252,0.005016180176167904
NGC1232-NGC1232A,yukawa,0.949748743718593,0.9945313125341251,0.0054836954782692265
NGC1232-NGC1232A,yukawa,0.9547738693467337,0.9940081392249424,0.00600988400401462
NGC1232-NGC1232A,yukawa,0.9597989949748744,0.9934168088219903,0.006604955954764572
NGC1232-NGC1232A,yukawa,0.964824120603015,0.9927448976733138,0.007281548572688291
NGC1232-NGC1232A,yukawa,0.9698492462311558,0.9919768707613944,0.00805548773380431
NGC1232-NGC1232A,yukawa,0.9748743718592965,0.9910930487848572,0.008946855230577705
NGC1232-NGC1232A,yukawa,0.9798994974874372,0.9900681348527093,0.00998151513815647
NGC1232-NGC1232A,yukawa,0.9849246231155779,0.9888690650089568,0.011193347419217478
NGC1232-NGC1232A,yukawa,0.9899497487437187,0.9874517905929252,0.01262760305131212
NGC1232-NGC1232A,yukawa,0.9949748743718593,0.9857563172883731,0.014346097633854553
NGC1232-NGC1232A,yukawa,1.0,0.983698789640023,0.016435536879935545
NGC3516-Qchain,exponential,0.0,1.0,-0.0
NGC3516-Qchain,exponential,0.005025125628140704,0.9903244824451176,0.009722629509517992
NGC3516-Qchain,exponential,0.010050251256281407,0.9808415060851107,0.019344396093322547
NGC3516-Qchain,exponential,0.01507537688442211,0.9715472393821298,0.028865386146469496
NGC3516-Qchain,exponential,0.020100502512562814,0.9624379270452933,0.038285706281369784
NGC3516-Qchain,exponential,0.02512562814070352,0.9535098885133856,0.04760548324201959
NGC3516-Qchain,exponential,0.03015075376884422,0.9447595164677486,0.056824863802214055
NGC3516-Qchain,exponential,0.035175879396984924,0.9361832753747675,0.06594401464791404
NGC3516-Qchain,exponential,0.04020100502512563,0.9277777000573604,0.07496312224396855
NGC3516-Qchain,exponential,0.04522613065326633,0.9195393942948942,0.08388239268541757
NGC3516-Qchain,exponential,0.05025125628140704,0.9114650294509636,0.09270205153362493
NGC3516-Qchain,exponential,0.05527638190954774,0.9035513431284756,0.10142234363751874
NGC3516-Qchain,exponential,0.06030150753768844,0.8957951378514984,0.11004353294023539
NGC3516-Qchain,exponential,0.06532663316582915,0.8881932797733411,0.1185659022714917
NGC3516-Qchain,exponential,0.07035175879396985,0.880742697410342,0.12698975312602684
NGC3516-Qchain,exponential,0.07537688442211056,0.8734403804008553,0.13531540542847936
NGC3516-Qchain,exponential,0.08040201005025126,0.8662833782889325,0.14354319728508436
NGC3516-Qchain,exponential,0.08542713567839195,0.8592687993322093,0.1516734847225933
NGC3516-Qchain,exponential,0.09045226130653267,0.852393809333515,0.15970664141483748
NGC3516-Qchain,exponential,0.09547738693467336,0.8456556304957324,0.16764305839737476
NGC3516-Qchain,exponential,0.10050251256281408,0.8390515402994463,0.17548314377067037
NGC3516-Qchain,exponential,0.10552763819095477,0.8325788704029268,0.18322732239228004
NGC3516-Qchain,exponential,0.11055276381909548,0.8262350055640013,0.19087603555851837
NGC3516-Qchain,exponential,0.11557788944723618,0.8200173825833834,0.19842974067609967
NGC3516-Qchain,exponential,0.12060301507537688,0.813923489269027,0.20588891092425896
NGC3516-Qchain,exponential,0.12562814070351758,0.8079508634210912,0.21325403490786202
NGC3516-Qchain,exponential,0.1306532663316583,0.8020970918371039,0.2205256163020249
NGC3516-Qchain,exponential,0.135678391959799,0.7963598093369217,0.2277041734887706
NGC3516-Qchain,exponential,0.1407035175879397,0.790736697807094,0.23479023918625383
NGC3516-Qchain,exponential,0.1457286432160804,0.7852254852642434,0.24178436007108897
NGC3516-Qchain,exponential,0.15075376884422112,0.7798239449370851,0.24868709639432252
NGC3516-Qchain,exponential,0.15577889447236182,0.7745298943667133,0.2554990215915887
NGC3516-Qchain,exponential,0.16080402010050251,0.7693411945247928,0.26222072188798945
NGC3516-Qchain,exponential,0.1658291457286432,0.7642557489492976,0.2688527958982394
NGC3516-Qchain,exponential,0.1708542713567839,0.7592715028974479,0.2753958542226149
NGC3516-Qchain,exponential,0.17587939698492464,0.7543864425155052,0.28185051903923936
NGC3516-Qchain,exponential,0.18090452261306533,0.7495985940250858,0.2882174236932405
NGC3516-Qchain,exponential,0.18592964824120603,0.744906022925669,0.29449721228330045
NGC3516-Qchain,exponential,0.19095477386934673,0.7403068332129732,0.3006905392461237
NGC3516-Qchain,exponential,0.19597989949748745,0.735799166612888,0.30679806893932926
NGC3516-Qchain,exponential,0.20100502512562815,0.7313812018306495,0.31282047522327733
NGC3516-Qchain,exponential,0.20603015075376885,0.7270511538149576,0.31875844104232187
NGC3516-Qchain,exponential,0.21105527638190955,0.722807273036737,0.3246126580059764
NGC3516-Qchain,exponential,0.21608040201005024,0.7186478447822509,0.3303838259704676
NGC3516-Qchain,exponential,0.22110552763819097,0.7145711884602814,0.33607265262113994
NGC3516-Qchain,exponential,0.22613065326633167,0.7105756569230977,0.3416798530561633
NGC3516-Qchain,exponential,0.23115577889447236,0.7066596358009347,0.3472061493719835
NGC3516-Qchain,exponential,0.23618090452261306,0.7028215428497191,0.3526522702509386
NGC3516-Qchain,exponential,0.24120603015075376,0.6990598273117712,0.35801895055145744
NGC3516-Qchain,exponential,0.24623115577889448,0.6953729692892328,0.36330693090123295
NGC3516-Qchain,exponential,0.25125628140703515,0.6917594791299604,0.36851695729375855
NGC3516-Qchain,exponential,0.2562814070351759,0.6882178968256415,0.3736497806885919
NGC3516-Qchain,exponential,0.2613065326633166,0.6847467914218869,0.37870615661570084
NGC3516-Qchain,exponential,0.2663316582914573,0.6813447604400624,0.3836868447842286
NGC3516-Qchain,exponential,0.271356783919598,0.6780104293106258,0.3885926086960005
NGC3516-Qchain,exponential,0.2763819095477387,0.6747424508177415,0.3934242152640739
NGC3516-Qchain,exponential,0.2814070351758794,0.6715395045549448,0.39818243443662926
NGC3516-Qchain,exponential,0.2864321608040201,0.6684002963916412,0.40286803882646466
NGC3516-Qchain,exponential,0.2914572864321608,0.6653235579502204,0.40748180334636136
NGC3516-Qchain,exponential,0.2964824120603015,0.662308046093576,0.41202450485055475
NGC3516-Qchain,exponential,0.30150753768844224,0.6593525424228242,0.41649692178253916
NGC3516-Qchain,exponential,0.3065326633165829,0.6564558527850166,0.42089983382941415
NGC3516-Qchain,exponential,0.31155778894472363,0.6536168067906505,0.42523402158296614
NGC3516-Qchain,exponential,0.3165829145728643,0.6508342573407806,0.429500266207661
NGC3516-Qchain,exponential,0.32160804020100503,0.6481070801635398,0.4336993491157149
NGC3516-Qchain,exponential,0.32663316582914576,0.6454341733598852,0.4378320516493817
NGC3516-Qchain,exponential,0.3316582914572864,0.642814456958382,0.44189915477059716
NGC3516-Qchain,exponential,0.33668341708542715,0.6402468724788477,0.44590143875809174
NGC3516-Qchain,exponential,0.3417085427135678,0.6377303825046798,0.4498396829120753
NGC3516-Qchain,exponential,0.34673366834170855,0.635263970263695,0.45371466526658316
NGC3516-Qchain,exponential,0.35175879396984927,0.6328466392173067,0.4575271623095597
NGC3516-Qchain,exponential,0.35678391959798994,0.6304774126578816,0.4612779487107363
NGC3516-Qchain,exponential,0.36180904522613067,0.6281553333141061,0.46496779705735697
NGC3516-Qchain,exponential,0.36683417085427134,0.6258794629642073,0.46859747759778386
NGC3516-Qchain,exponential,0.37185929648241206,0.6236488820568695,0.4721677579930093
NGC3516-Qchain,exponential,0.3768844221105528,0.6214626893396962,0.4756794030760834
NGC3516-Qchain,exponential,0.38190954773869346,0.6193200014950637,0.4791331746194602
NGC3516-Qchain,exponential,0.3869346733668342,0.617219952783223,0.48252983111025044
NGC3516-Qchain,exponential,0.3919597989949749,0.615161694692502,0.4858701275333617
NGC3516-Qchain,exponential,0.3969849246231156,0.6131443955964708,0.4891548151624938
NGC3516-Qchain,exponential,0.4020100502512563,0.6111672404179267,0.49238464135895216
NGC3516-Qchain,exponential,0.40703517587939697,0.6092294302995692,0.49556034937822335
NGC3516-Qchain,exponential,0.4120603015075377,0.6073301822812247,0.49868267818426687
NGC3516-Qchain,exponential,0.4170854271356784,0.6054687289834978,0.5017523622714427
NGC3516-Qchain,exponential,0.4221105527638191,0.6036443182977155,0.504770131494014
NGC3516-Qchain,exponential,0.4271356783919598,0.6018562130820428,0.5077367109031353
NGC3516-Qchain,exponential,0.4321608040201005,0.6001036908636451,0.5106528205912442
NGC3516-Qchain,exponential,0.4371859296482412,0.5983860435467772,0.5135191755437583
NGC3516-Qchain,exponential,0.44221105527638194,0.5967025771266816,0.5163364854979816
NGC3516-Qchain,exponential,0.4472361809045226,0.595052611409181,0.5191054548091107
NGC3516-Qchain,exponential,0.45226130653266333,0.5934354797358491,0.5218267823232347
NGC3516-Qchain,exponential,0.457286432160804,0.5918505287146516,0.5245011612572105
NGC3516-Qchain,exponential,0.4623115577889447,0.5902971179559473,0.5271292790852956
NGC3516-Qchain,exponential,0.46733668341708545,0.5887746198137432,0.529711817432413
NGC3516-Qchain,exponential,0.4723618090452261,0.587282419132097,0.5322494519739264
NGC3516-Qchain,exponential,0.47738693467336685,0.5858199129965675,0.5347428523417889
NGC3516-Qchain,exponential,0.4824120603015075,0.5843865104906114,0.5371926820369375
NGC3516-Qchain,exponential,0.48743718592964824,0.5829816324568263,0.5395995983477965
NGC3516-Qchain,exponential,0.49246231155778897,0.5816047112629461,0.5419642522747525
NGC3516-Qchain,exponential,0.49748743718592964,0.5802551905724928,0.5442872884604609
NGC3516-Qchain,exponential,0.5025125628140703,0.5789325251199919,0.5465693451258449
NGC3516-Qchain,exponential,0.507537688442211,0.5776361804906613,0.5488110540116449
NGC3516-Qchain,exponential,0.5125628140703518,0.5763656329044851,0.551013040325372
NGC3516-Qchain,exponential,0.5175879396984925,0.5751203690045819,0.5531759226935298
NGC3516-Qchain,exponential,0.5226130653266332,0.5738998856497878,0.5553003131189503
NGC3516-Qchain,exponential,0.5276381909547738,0.5727036897113644,0.55738681694311
NGC3516-Qchain,exponential,0.5326633165829145,0.5715312978737537,0.5594360328132738
NGC3516-Qchain,exponential,0.5376884422110553,0.5703822364392964,0.5614485526543305
NGC3516-Qchain,exponential,0.542713567839196,0.5692560411368388,0.5634249616451683
NGC3516-Qchain,exponential,0.5477386934673367,0.5681522569341462,0.5653658381994559
NGC3516-Qchain,exponential,0.5527638190954774,0.5670704378540492,0.5672717539506835
NGC3516-Qchain,exponential,0.5577889447236181,0.566010146794251,0.5691432737413211
NGC3516-Qchain,exponential,0.5628140703517588,0.5649709553507172,0.5709809556159611
NGC3516-Qchain,exponential,0.5678391959798995,0.5639524436445833,0.5727853508182982
NGC3516-Qchain,exponential,0.5728643216080402,0.5629542001525043,0.5745570037918202
NGC3516-Qchain,exponential,0.577889447236181,0.5619758215403814,0.576296452184066
NGC3516-Qchain,exponential,0.5829145728643216,0.5610169125003976,0.5780042268543218
NGC3516-Qchain,exponential,0.5879396984924623,0.5600770855912962,0.5796808518846248
NGC3516-Qchain,exponential,0.592964824120603,0.5591559610818366,0.5813268445939428
NGC3516-Qchain,exponential,0.5979899497487438,0.5582531667973676,0.5829427155554023
NGC3516-Qchain,exponential,0.6030150753768845,0.5573683379694514,0.5845289686164437
NGC3516-Qchain,exponential,0.6080402010050251,0.5565011170884817,0.5860861009217747
NGC3516-Qchain,exponential,0.6130653266331658,0.5556511537592344,0.5876146029390058
NGC3516-Qchain,exponential,0.6180904522613065,0.5548181045592917,0.5891149584868484
NGC3516-Qchain,exponential,0.6231155778894473,0.5540016329002855,0.5905876447657575
NGC3516-Qchain,exponential,0.628140703517588,0.5532014088919,0.5920331323909087
NGC3516-Qchain,exponential,0.6331658291457286,0.5524171092085823,0.593451885427394
NGC3516-Qchain,exponential,0.6381909547738693,0.5516484169589042,0.5948443614275344
NGC3516-Qchain,exponential,0.6432160804020101,0.5508950215575243,0.5962110114701946
NGC3516-Qchain,exponential,0.6482412060301508,0.5501566185996982,0.597552280202004
NGC3516-Qchain,exponential,0.6532663316582915,0.5494329097382854,0.5988686058803778
NGC3516-Qchain,exponential,0.6582914572864321,0.548723602563204,0.6001604204182437
NGC3516-Qchain,exponential,0.6633165829145728,0.548028410483284,0.601428149430374
NGC3516-Qchain,exponential,0.6683417085427136,0.5473470526104723,0.6026722122812341
NGC3516-Qchain,exponential,0.6733668341708543,0.5466792536463418,0.6038930221342526
NGC3516-Qchain,exponential,0.678391959798995,0.5460247437708581,0.6050909860024286
NGC3516-Qchain,exponential,0.6834170854271356,0.5453832585333609,0.6062665048001875
NGC3516-Qchain,exponential,0.6884422110552764,0.5447545387457138,0.6074199733964056
NGC3516-Qchain,exponential,0.6934673366834171,0.544138330377582,0.608551780668516
NGC3516-Qchain,exponential,0.6984924623115578,0.5435343844537917,0.609662309557628
NGC3516-Qchain,exponential,0.7035175879396985,0.542942456953734,0.6107519371245747
NGC3516-Qchain,exponential,0.7085427135678392,0.5423623087127696,0.611821034606821
NGC3516-Qchain,exponential,0.7135678391959799,0.5417937053255958,0.6128699674761598
NGC3516-Qchain,exponential,0.7185929648241206,0.5412364170515367,0.6138990954971265
NGC3516-Qchain,exponential,0.7236180904522613,0.5406902187217177,0.6149087727860683
NGC3516-Qchain,exponential,0.7286432160804021,0.5401548896480874,0.6158993478708027
NGC3516-Qchain,exponential,0.7336683417085427,0.5396302135342501,0.6168711637508035
NGC3516-Qchain,exponential,0.7386934673366834,0.5391159783880726,0.6178245579578557
NGC3516-Qchain,exponential,0.7437185929648241,0.5386119764360295,0.6187598626171226
NGC3516-Qchain,exponential,0.7487437185929648,0.5381180040392546,0.6196774045085678
NGC3516-Qchain,exponential,0.7537688442211056,0.5376338616112615,0.620577505128681
NGC3516-Qchain,exponential,0.7587939698492463,0.5371593535373013,0.6214604807524594
NGC3516-Qchain,exponential,0.7638190954773869,0.5366942880953264,0.6223266424955878
NGC3516-Qchain,exponential,0.7688442211055276,0.5362384773785263,0.6231762963767796
NGC3516-Qchain,exponential,0.7738693467336684,0.5357917372194043,0.6240097433802291
NGC3516-Qchain,exponential,0.7788944723618091,0.5353538871153672,0.62482727951813
NGC3516-Qchain,exponential,0.7839195979899498,0.5349247501557928,0.625629195893226
NGC3516-Qchain,exponential,0.7889447236180904,0.5345041529505513,0.6264157787613447
NGC3516-Qchain,exponential,0.7939698492462312,0.5340919255599474,0.6271873095938871
NGC3516-Qchain,exponential,0.7989949748743719,0.533687901426058,0.6279440651402269
NGC3516-Qchain,exponential,0.8040201005025126,0.5332919173054348,0.6286863174899936
NGC3516-Qchain,exponential,0.8090452261306533,0.5329038132031467,0.6294143341352009
NGC3516-Qchain,exponential,0.8140703517587939,0.532523432308136,0.6301283780321915
NGC3516-Qchain,exponential,0.8190954773869347,0.5321506209298583,0.6308287076633707
NGC3516-Qchain,exponential,0.8241206030150754,0.5317852284361861,0.6315155770986954
NGC3516-Qchain,exponential,0.8291457286432161,0.5314271071925457,0.632189236056898
NGC3516-Qchain,exponential,0.8341708542713568,0.5310761125022675,0.6328499299664129
NGC3516-Qchain,exponential,0.8391959798994975,0.5307321025481212,0.6334979000259898
NGC3516-Qchain,exponential,0.8442211055276382,0.5303949383350162,0.6341333832649639
NGC3516-Qchain,exponential,0.8492462311557789,0.5300644836338407,0.6347566126031654
NGC3516-Qchain,exponential,0.8542713567839196,0.5297406049264203,0.6353678169104462
NGC3516-Qchain,exponential,0.8592964824120604,0.5294231713515696,0.6359672210658078
NGC3516-Qchain,exponential,0.864321608040201,0.529112054652219,0.6365550460161096
NGC3516-Qchain,exponential,0.8693467336683417,0.528807129123594,0.637131508834339
NGC3516-Qchain,exponential,0.8743718592964824,0.5285082715624234,0.6376968227774362
NGC3516-Qchain,exponential,0.8793969849246231,0.5282153612171615,0.6382511973436473
NGC3516-Qchain,exponential,0.8844221105527639,0.5279282797391975,0.6387948383294028
NGC3516-Qchain,exponential,0.8894472361809045,0.5276469111350393,0.639327947885699
NGC3516-Qchain,exponential,0.8944723618090452,0.527371141719445,0.6398507245739816
NGC3516-Qchain,exponential,0.8994974874371859,0.5271008600694909,0.6403633634215087
NGC3516-Qchain,exponential,0.9045226130653267,0.5268359569795507,0.640866055976192
NGC3516-Qchain,exponential,0.9095477386934674,0.5265763254171723,0.6413589903609039
NGC3516-Qchain,exponential,0.914572864321608,0.5263218604798309,0.6418423513272427
NGC3516-Qchain,exponential,0.9195979899497487,0.5260724593525454,0.6423163203087441
NGC3516-Qchain,exponential,0.9246231155778895,0.5258280212663354,0.6427810754735407
NGC3516-Qchain,exponential,0.9296482412060302,0.5255884474575064,0.6432367917764552
NGC3516-Qchain,exponential,0.9346733668341709,0.5253536411277453,0.6436836410105253
NGC3516-Qchain,exponential,0.9396984924623115,0.5251235074050089,0.644121791857956
NGC3516-Qchain,exponential,0.9447236180904522,0.5248979533051925,0.6445514099404913
NGC3516-Qchain,exponential,0.949748743718593,0.5246768876945594,0.6449726578692079
NGC3516-Qchain,exponential,0.9547738693467337,0.5244602212529192,0.6453856952937211
NGC3516-Qchain,exponential,0.9597989949748744,0.5242478664375383,0.6457906789508053
NGC3516-Qchain,exponential,0.964824120603015,0.5240397374477693,0.6461877627124225
NGC3516-Qchain,exponential,0.9698492462311558,0.5238357501903832,0.6465770976331632
NGC3516-Qchain,exponential,0.9748743718592965,0.5236358222455924,0.646958831997092
NGC3516-Qchain,exponential,0.9798994974874372,0.5234398728337493,0.647333111364002
NGC3516-Qchain,exponential,0.9849246231155779,0.523247822782708,0.6477000786150756
NGC3516-Qchain,exponential,0.9899497487437187,0.5230595944958354,0.6480598739979521
NGC3516-Qchain,exponential,0.9949748743718593,0.5228751119206582,0.6484126351712043
NGC3516-Qchain,exponential,1.0,0.5226943005181346,0.6487584972482217
NGC3516-Qchain,tanh,0.0,1.0,-0.0
NGC3516-Qchain,tanh,0.005025125628140704,0.9999579100268388,4.2090858969017386e-05
NGC3516-Qchain,tanh,0.010050251256281407,0.9999129115348745,8.709225754607122e-05
NGC3516-Qchain,tanh,0.01507537688442211,0.999864804145097,0.00013520499468633323
NGC3516-Qchain,tanh,0.020100502512562814,0.9998133737604508,0.00018664365639287471
NGC3516-Qchain,tanh,0.02512562814070352,0.9997583916391236,0.00024163755287852714
NGC3516-Qchain,tanh,0.03015075376884422,0.9996996134070191,0.00030043171807042347
NGC3516-Qchain,tanh,0.035175879396984924,0.999636778005675,0.00036328797541128815
NGC3516-Qchain,tanh,0.04020100502512563,0.9995696065717067,0.00043048607412860375
NGC3516-Qchain,tanh,0.04522613065326633,0.999497801243654,0.000502324900376173
NGC3516-Qchain,tanh,0.05025125628140704,0.9994210438919142,0.0005791237678882277
NGC3516-Qchain,tanh,0.05527638190954774,0.9993389947672455,0.0006612237930316375
NGC3516-Qchain,tanh,0.06030150753768844,0.9992512910631229,0.0007489893593917743
NGC3516-Qchain,tanh,0.06532663316582915,0.9991575453870329,0.0008428096772855682
NGC3516-Qchain,tanh,0.07035175879396985,0.9990573441355992,0.0009431004438523755
NGC3516-Qchain,tanh,0.07537688442211056,0.9989502457682425,0.001050305609638958
NGC3516-Qchain,tanh,0.08040201005025126,0.9988357789739033,0.001164899257854389
NGC3516-Qchain,tanh,0.08542713567839195,0.9987134407251885,0.0012873876027334771
NGC3516-Qchain,tanh,0.09045226130653267,0.9985826942141582,0.0014183111137039915
NGC3516-Qchain,tanh,0.09547738693467336,0.9984429666638446,0.0015582467722976242
NGC3516-Qchain,tanh,0.10050251256281408,0.9982936470094991,0.0017078104689828388
NGC3516-Qchain,tanh,0.10552763819095477,0.9981340834435016,0.0018676595473173692
NGC3516-Qchain,tanh,0.11055276381909548,0.9979635808178509,0.0020384955030104887
NGC3516-Qchain,tanh,0.11557788944723618,0.9977813978981843,0.002221066845657479
NGC3516-Qchain,tanh,0.12060301507537688,0.9975867444633748,0.0024161721310376584
NGC3516-Qchain,tanh,0.12562814070351758,0.9973787782449164,0.0026246631719549236
NGC3516-Qchain,tanh,0.1306532663316583,0.9971566017005684,0.002847448435631713
NGC3516-Qchain,tanh,0.135678391959799,0.9969192586170809,0.003085496635634029
NGC3516-Qchain,tanh,0.1407035175879397,0.9966657305372965,0.0033398405261934063
NGC3516-Qchain,tanh,0.1457286432160804,0.9963949330075377,0.003611580906582547
NGC3516-Qchain,tanh,0.15075376884422112,0.9961057116419496,0.0039018908428889807
NGC3516-Qchain,tanh,0.15577889447236182,0.9957968380014206,0.004212020114082427
NGC3516-Qchain,tanh,0.16080402010050251,0.9954670052858582,0.004543299888674633
NGC3516-Qchain,tanh,0.1658291457286432,0.9951148238399867,0.004897147637501703
NGC3516-Qchain,tanh,0.1708542713567839,0.9947388164744974,0.005275072287181246
NGC3516-Qchain,tanh,0.17587939698492464,0.9943374136063388,0.00567867961759642
NGC3516-Qchain,tanh,0.18090452261306533,0.993908948224246,0.006109677905284343
NGC3516-Qchain,tanh,0.18592964824120603,0.9934516506882897,0.006569883812835783
NGC3516-Qchain,tanh,0.19095477386934673,0.9929636433753424,0.007061228522296661
NGC3516-Qchain,tanh,0.19597989949748745,0.9924429351859497,0.0075857641080594946
NGC3516-Qchain,tanh,0.20100502512562815,0.9918874159322081,0.00814567014179154
NGC3516-Qchain,tanh,0.20603015075376885,0.9912948506309426,0.008743260518521636
NGC3516-Qchain,tanh,0.21105527638190955,0.9906628737318073,0.009380990489030691
NGC3516-Qchain,tanh,0.21608040201005024,0.9899889833159399,0.010061463879114786
NGC3516-Qchain,tanh,0.22110552763819097,0.9892705353075585,0.010787440471042862
NGC3516-Qchain,tanh,0.22613065326633167,0.9885047377484432,0.011561843516544356
NGC3516-Qchain,tanh,0.23115577889447236,0.9876886451936353,0.012387767343881905
NGC3516-Qchain,tanh,0.23618090452261306,0.9868191532959806,0.013268485013898308
NGC3516-Qchain,tanh,0.24120603015075376,0.9858929936573426,0.014207455971334057
NGC3516-Qchain,tanh,0.24623115577889448,0.9849067290354754,0.015208333628098385
NGC3516-Qchain,tanh,0.25125628140703515,0.9838567490076421,0.016274972804507192
NGC3516-Qchain,tanh,0.2562814070351759,0.9827392662051145,0.017411436942700274
NGC3516-Qchain,tanh,0.2613065326633166,0.981550313246614,0.018622004993497327
NGC3516-Qchain,tanh,0.2663316582914573,0.9802857405135077,0.019911177863801553
NGC3516-Qchain,tanh,0.271356783919598,0.9789412149250155,0.021283684296326034
NGC3516-Qchain,tanh,0.2763819095477387,0.9775122198876582,0.022744486036910365
NGC3516-Qchain,tanh,0.2814070351758794,0.9759940566094515,0.02429878212708231
NGC3516-Qchain,tanh,0.2864321608040201,0.9743818469856403,0.025952012140889276
NGC3516-Qchain,tanh,0.2914572864321608,0.9726705382786865,0.027709858165547385
NGC3516-Qchain,tanh,0.2964824120603015,0.9708549098303252,0.029578245305324602
NGC3516-Qchain,tanh,0.30150753768844224,0.9689295820572255,0.0315633404675941
NGC3516-Qchain,tanh,0.3065326633165829,0.9668890279934756,0.033671549169517874
NGC3516-Qchain,tanh,0.31155778894472363,0.9647275876519776,0.03590951008382827
NGC3516-Qchain,tanh,0.3165829145728643,0.9624394854820069,0.038284087023225416
NGC3516-Qchain,tanh,0.32160804020100503,0.9600188512006604,0.04080235804569733
NGC3516-Qchain,tanh,0.32663316582914576,0.9574597442705759,0.04347160134840579
NGC3516-Qchain,tanh,0.3316582914572864,0.9547561822839452,0.0462992776066196
NGC3516-Qchain,tanh,0.33668341708542715,0.9519021734922164,0.04929300840758048
NGC3516-Qchain,tanh,0.3417085427135678,0.9488917536906305,0.05246055042839272
NGC3516-Qchain,tanh,0.34673366834170855,0.945719027625601,0.05580976501334665
NGC3516-Qchain,tanh,0.35175879396984927,0.9423782150396451,0.059348582820971864
NGC3516-Qchain,tanh,0.35678391959798994,0.9388637014020134,0.06308496323608306
NGC3516-Qchain,tanh,0.36180904522613067,0.9351700932924505,0.06702684827867549
NGC3516-Qchain,tanh,0.36683417085427134,0.9312922783100864,0.07118211079128556
NGC3516-Qchain,tanh,0.37185929648241206,0.9272254892691552,0.07555849675080979
NGC3516-Qchain,tanh,0.3768844221105528,0.922965372318501,0.08016356163103906
NGC3516-Qchain,tanh,0.38190954773869346,0.9185080584837335,0.08500460083933226
NGC3516-Qchain,tanh,0.3869346733668342,0.913850237981316,0.0900885743655508
NGC3516-Qchain,tanh,0.3919597989949749,0.908989236495599,0.09542202591370882
NGC3516-Qchain,tanh,0.3969849246231156,0.9039230924465725,0.10101099693626318
NGC3516-Qchain,tanh,0.4020100502512563,0.8986506341126774,0.10686093615625869
NGC3516-Qchain,tanh,0.40703517587939697,0.8931715553151323,0.11297660534148074
NGC3516-Qchain,tanh,0.4120603015075377,0.8874864882245653,0.11936198228416164
NGC3516-Qchain,tanh,0.4170854271356784,0.8815970717247424,0.12602016213534814
NGC3516-Qchain,tanh,0.4221105527638191,0.8755060136697795,0.13295325843941022
NGC3516-Qchain,tanh,0.4271356783919598,0.869217145308597,0.1401623054048553
NGC3516-Qchain,tanh,0.4321608040201005,0.8627354661314234,0.14764716312514464
NGC3516-Qchain,tanh,0.4371859296482412,0.8560671774251065,0.15540642761929757
NGC3516-Qchain,tanh,0.44221105527638194,0.8492197029128223,0.16343734768782758
NGC3516-Qchain,tanh,0.4472361809045226,0.8422016950036572,0.17173575066590846
NGC3516-Qchain,tanh,0.45226130653266333,0.8350230253903159,0.18029597919373003
NGC3516-Qchain,tanh,0.457286432160804,0.8276947590079315,0.1891108411056009
NGC3516-Qchain,tanh,0.4623115577889447,0.820229110699513,0.19817157445757994
NGC3516-Qchain,tanh,0.46733668341708545,0.8126393843165645,0.20746782956317142
NGC3516-Qchain,tanh,0.4723618090452261,0.8049398944061019,0.2169876696852034
NGC3516-Qchain,tanh,0.47738693467336685,0.797145871083969,0.2267175917395313
NGC3516-Qchain,tanh,0.4824120603015075,0.7892733491527139,0.23664256800606923
NGC3516-Qchain,tanh,0.48743718592964824,0.7813390429723058,0.2467461094216317
NGC3516-Qchain,tanh,0.49246231155778897,0.7733602090147357,0.25701035055746774
NGC3516-Qchain,tanh,0.49748743718592964,0.7653544984103928,0.2674161558757621
NGC3516-Qchain,tanh,0.5025125628140703,0.757339802107742,0.2779432463301789
NGC3516-Qchain,tanh,0.507537688442211,0.7493340915033988,0.28857034484438493
NGC3516-Qchain,tanh,0.5125628140703518,0.7413552575458288,0.29927533868942996
NGC3516-Qchain,tanh,0.5175879396984925,0.7334209513654208,0.3100354563062381
NGC3516-Qchain,tanh,0.5226130653266332,0.7255484294341656,0.3208274557029281
NGC3516-Qchain,tanh,0.5276381909547738,0.7177544061120327,0.3316278212160614
NGC3516-Qchain,tanh,0.5326633165829145,0.7100549162015701,0.3424129651751077
NGC3516-Qchain,tanh,0.5376884422110553,0.7024651898186216,0.3531594308615835
NGC3516-Qchain,tanh,0.542713567839196,0.694999541510203,0.3638440931151121
NGC3516-Qchain,tanh,0.5477386934673367,0.6876712751278187,0.3744443530098577
NGC3516-Qchain,tanh,0.5527638190954774,0.6804926055144773,0.38493832320317783
NGC3516-Qchain,tanh,0.5577889447236181,0.6734745976053123,0.3953050008358769
NGC3516-Qchain,tanh,0.5628140703517588,0.6666271230930281,0.4055244252278478
NGC3516-Qchain,tanh,0.5678391959798995,0.6599588343867111,0.4155778180482355
NGC3516-Qchain,tanh,0.5728643216080402,0.6534771552095376,0.42544770412715066
NGC3516-Qchain,tanh,0.577889447236181,0.647188286848355,0.43511801159638364
NGC3516-Qchain,tanh,0.5829145728643216,0.6410972287933921,0.44457415057915667
NGC3516-Qchain,tanh,0.5879396984924623,0.6352078122935693,0.45380307017400934
NGC3516-Qchain,tanh,0.592964824120603,0.6295227452030023,0.46279329397732943
NGC3516-Qchain,tanh,0.5979899497487438,0.624043666405457,0.4715349348471969
NGC3516-Qchain,tanh,0.6030150753768845,0.6187712080715619,0.48001969001542316
NGC3516-Qchain,tanh,0.6080402010050251,0.6137050640225356,0.4882408179956853
NGC3516-Qchain,tanh,0.6130653266331658,0.6088440625368186,0.496193099007658
NGC3516-Qchain,tanh,0.6180904522613065,0.6041862420344011,0.5038727808376414
NGC3516-Qchain,tanh,0.6231155778894473,0.5997289281996336,0.5112775121861289
NGC3516-Qchain,tanh,0.628140703517588,0.5954688112489794,0.5184062656154805
NGC3516-Qchain,tanh,0.6331658291457286,0.5914020222080482,0.5252592522120679
NGC3516-Qchain,tanh,0.6381909547738693,0.5875242072256841,0.5318378300242773
NGC3516-Qchain,tanh,0.6432160804020101,0.5838305991161212,0.5381444082389935
NGC3516-Qchain,tanh,0.6482412060301508,0.5803160854784895,0.5441823489236842
NGC3516-Qchain,tanh,0.6532663316582915,0.5769752728925336,0.5499558679979833
NGC3516-Qchain,tanh,0.6582914572864321,0.5738025468275041,0.5554699369164829
NGC3516-Qchain,tanh,0.6633165829145728,0.5707921270259182,0.5607301863513859
NGC3516-Qchain,tanh,0.6683417085427136,0.5679381182341894,0.5657428129669095
NGC3516-Qchain,tanh,0.6733668341708543,0.5652345562475587,0.5705144901830532
NGC3516-Qchain,tanh,0.678391959798995,0.5626754493174742,0.5750522836396096
NGC3516-Qchain,tanh,0.6834170854271356,0.5602548150361278,0.5793635718960374
NGC3516-Qchain,tanh,0.6884422110552764,0.557966712866157,0.5834559727419442
NGC3516-Qchain,tanh,0.6934673366834171,0.5558052725246589,0.5873372753483459
NGC3516-Qchain,tanh,0.6984924623115578,0.5537647184609091,0.5910153783626434
NGC3516-Qchain,tanh,0.7035175879396985,0.5518393906878094,0.5944982339406906
NGC3516-Qchain,tanh,0.7085427135678392,0.550023762239448,0.5977937976171658
NGC3516-Qchain,tanh,0.7135678391959799,0.5483124535324942,0.6009099838399294
NGC3516-Qchain,tanh,0.7185929648241206,0.5467002439086831,0.6038546269340668
NGC3516-Qchain,tanh,0.7236180904522613,0.5451820806304764,0.6066354472155421
NGC3516-Qchain,tanh,0.7286432160804021,0.543753085593119,0.6092600219413321
NGC3516-Qchain,tanh,0.7336683417085427,0.5424085600046269,0.6117357607610364
NGC3516-Qchain,tanh,0.7386934673366834,0.5411439872715207,0.6140698853227211
NGC3516-Qchain,tanh,0.7437185929648241,0.53995503431302,0.616269412681642
NGC3516-Qchain,tanh,0.7487437185929648,0.5388375515104925,0.6183411421631099
NGC3516-Qchain,tanh,0.7537688442211056,0.5377875714826592,0.6202916453388083
NGC3516-Qchain,tanh,0.7587939698492463,0.536801306860792,0.6221272587881501
NGC3516-Qchain,tanh,0.7638190954773869,0.535875147222154,0.6238540793317658
NGC3516-Qchain,tanh,0.7688442211055276,0.5350056553244993,0.6254779614420013
NGC3516-Qchain,tanh,0.7738693467336684,0.5341895627696914,0.6270045165546321
NGC3516-Qchain,tanh,0.7788944723618091,0.5334237652105761,0.6284391140261769
NGC3516-Qchain,tanh,0.7839195979899498,0.5327053172021947,0.6297868835017257
NGC3516-Qchain,tanh,0.7889447236180904,0.5320314267863273,0.6310527184785978
NGC3516-Qchain,tanh,0.7939698492462312,0.531399449887192,0.6322412808711261
NGC3516-Qchain,tanh,0.7989949748743719,0.5308068845859265,0.6333570064011012
NGC3516-Qchain,tanh,0.8040201005025126,0.5302513653321848,0.6344041106567663
NGC3516-Qchain,tanh,0.8090452261306533,0.5297306571427922,0.635386595680545
NGC3516-Qchain,tanh,0.8140703517587939,0.529242649829845,0.6363082569618619
NGC3516-Qchain,tanh,0.8190954773869347,0.5287853522938886,0.6371726907264025
NGC3516-Qchain,tanh,0.8241206030150754,0.5283568869117958,0.6379833014269576
NGC3516-Qchain,tanh,0.8291457286432161,0.5279554840436372,0.6387433093536219
NGC3516-Qchain,tanh,0.8341708542713568,0.5275794766781479,0.6394557582925691
NGC3516-Qchain,tanh,0.8391959798994975,0.5272272952322764,0.6401235231729943
NGC3516-Qchain,tanh,0.8442211055276382,0.526897462516714,0.6407493176511181
NGC3516-Qchain,tanh,0.8492462311557789,0.526588588876185,0.6413357015884679
NGC3516-Qchain,tanh,0.8542713567839196,0.5262993675105969,0.6418850883890448
NGC3516-Qchain,tanh,0.8592964824120604,0.5260285699808382,0.642399752166539
NGC3516-Qchain,tanh,0.864321608040201,0.5257750419010537,0.6428818347185108
NGC3516-Qchain,tanh,0.8693467336683417,0.5255376988175662,0.6433333522895003
NGC3516-Qchain,tanh,0.8743718592964824,0.5253155222732182,0.6437562021094357
NGC3516-Qchain,tanh,0.8793969849246231,0.5251075560547598,0.6441521686975018
NGC3516-Qchain,tanh,0.8844221105527639,0.5249129026199503,0.6445229299249259
NGC3516-Qchain,tanh,0.8894472361809045,0.5247307197002837,0.6448700628329376
NGC3516-Qchain,tanh,0.8944723618090452,0.524560217074633,0.6451950492045448
NGC3516-Qchain,tanh,0.8994974874371859,0.5244006535086355,0.6454992808907839
NGC3516-Qchain,tanh,0.9045226130653267,0.52425133385429,0.6457840648937784
NGC3516-Qchain,tanh,0.9095477386934674,0.5241116063039764,0.6460506282103335
NGC3516-Qchain,tanh,0.914572864321608,0.5239808597929461,0.6463001224409245
NGC3516-Qchain,tanh,0.9195979899497487,0.5238585215442313,0.646533628169855
NGC3516-Qchain,tanh,0.9246231155778895,0.523744054749892,0.6467521591230715
NGC3516-Qchain,tanh,0.9296482412060302,0.5236369563825354,0.646956666110675
NGC3516-Qchain,tanh,0.9346733668341709,0.5235367551311016,0.6471480407615813
NGC3516-Qchain,tanh,0.9396984924623115,0.5234430094550117,0.6473271190580516
NGC3516-Qchain,tanh,0.9447236180904522,0.5233553057508891,0.647494684678007
NGC3516-Qchain,tanh,0.949748743718593,0.5232732566262204,0.6476514721531174
NGC3516-Qchain,tanh,0.9547738693467337,0.5231964992744806,0.6477981698506754
NGC3516-Qchain,tanh,0.9597989949748744,0.5231246939464279,0.6479354227872128
NGC3516-Qchain,tanh,0.964824120603015,0.5230575225124596,0.6480638352817167
NGC3516-Qchain,tanh,0.9698492462311558,0.5229946871111155,0.6481839734561627
NGC3516-Qchain,tanh,0.9748743718592965,0.522935908879011,0.6482963675909013
NGC3516-Qchain,tanh,0.9798994974874372,0.5228809267576839,0.6484015143422331
NGC3516-Qchain,tanh,0.9849246231155779,0.5228294963730375,0.6484998788292847
NGC3516-Qchain,tanh,0.9899497487437187,0.5227813889832601,0.6485918965970512
NGC3516-Qchain,tanh,0.9949748743718593,0.5227363904912958,0.6486779754622325
NGC3516-Qchain,tanh,1.0,0.5226943005181346,0.6487584972482217
NGC3516-Qchain,yukawa,0.0,0.9999896365189221,1.0363534779098497e-05
NGC3516-Qchain,yukawa,0.005025125628140704,0.9999891595307806,1.0840527977708612e-05
NGC3516-Qchain,yukawa,0.010050251256281407,0.9999886603267447,1.1339737549864777e-05
NGC3516-Qchain,yukawa,0.01507537688442211,0.9999881378575116,1.1862212844152164e-05
NGC3516-Qchain,yukawa,0.020100502512562814,0.9999875910233877,1.2409053604242028e-05
NGC3516-Qchain,yukawa,0.02512562814070352,0.9999870186718209,1.2981412437232336e-05
NGC3516-Qchain,yukawa,0.03015075376884422,0.9999864195948086,1.358049740593093e-05
NGC3516-Qchain,yukawa,0.035175879396984924,0.9999857925261756,1.4207574751524636e-05
NGC3516-Qchain,yukawa,0.04020100502512563,0.9999851361387149,1.4863971753411208e-05
NGC3516-Qchain,yukawa,0.04522613065326633,0.9999844490411853,1.555107973208323e-05
NGC3516-Qchain,yukawa,0.05025125628140704,0.9999837297751567,1.6270357204839473e-05
NGC3516-Qchain,yukawa,0.05527638190954774,0.9999829768116962,1.702333319988078e-05
NGC3516-Qchain,yukawa,0.06030150753768844,0.9999821885478877,1.7811610738123014e-05
NGC3516-Qchain,yukawa,0.06532663316582915,0.9999813633031733,1.863687049206025e-05
NGC3516-Qchain,yukawa,0.07035175879396985,0.9999804993155116,1.95008746292357e-05
NGC3516-Qchain,yukawa,0.07537688442211056,0.9999795947373382,2.04054708519866e-05
NGC3516-Qchain,yukawa,0.08040201005025126,0.9999786476313234,2.135259664168839e-05
NGC3516-Qchain,yukawa,0.08542713567839195,0.999977655965911,2.2344283720609562e-05
NGC3516-Qchain,yukawa,0.09045226130653267,0.9999766176106324,2.3382662739937623e-05
NGC3516-Qchain,yukawa,0.09547738693467336,0.9999755303311783,2.446996820897724e-05
NGC3516-Qchain,yukawa,0.10050251256281408,0.9999743917842204,2.560854367552678e-05
NGC3516-Qchain,yukawa,0.10552763819095477,0.9999731995119667,2.6800847172770118e-05
NGC3516-Qchain,yukawa,0.11055276381909548,0.9999719509364368,2.8049456945579626e-05
NGC3516-Qchain,yukawa,0.11557788944723618,0.9999706433534432,2.9357077471570517e-05
NGC3516-Qchain,yukawa,0.12060301507537688,0.9999692739262634,3.07265457920266e-05
NGC3516-Qchain,yukawa,0.12562814070351758,0.9999678396789832,3.216083817103941e-05
NGC3516-Qchain,yukawa,0.1306532663316583,0.9999663374894978,3.366307709720797e-05
NGC3516-Qchain,yukawa,0.135678391959799,0.9999647640821498,3.523653864968794e-05
NGC3516-Qchain,yukawa,0.1407035175879397,0.9999631160199849,3.6884660245829514e-05
NGC3516-Qchain,yukawa,0.1457286432160804,0.9999613896966056,3.8611048791310503e-05
NGC3516-Qchain,yukawa,0.15075376884422112,0.9999595813276008,4.041948925578408e-05
NGC3516-Qchain,yukawa,0.15577889447236182,0.9999576869415274,4.231395369528798e-05
NGC3516-Qchain,yukawa,0.16080402010050251,0.9999557023704224,4.4298610746552055e-05
NGC3516-Qchain,yukawa,0.1658291457286432,0.999953623239816,4.637783561923431e-05
NGC3516-Qchain,yukawa,0.1708542713567839,0.999951444958223,4.8556220611231994e-05
NGC3516-Qchain,yukawa,0.17587939698492464,0.9999491627060801,5.083858617888206e-05
NGC3516-Qchain,yukawa,0.18090452261306533,0.9999467714241026,5.3229992588320145e-05
NGC3516-Qchain,yukawa,0.18592964824120603,0.9999442658010239,5.573575218426657e-05
NGC3516-Qchain,yukawa,0.19095477386934673,0.99994164026069,5.836144230585401e-05
NGC3516-Qchain,yukawa,0.19597989949748745,0.999938888948468,6.111291888833542e-05
NGC3516-Qchain,yukawa,0.20100502512562815,0.9999360057169341,6.399633078741038e-05
NGC3516-Qchain,yukawa,0.20603015075376885,0.9999329841107998,6.701813486525042e-05
NGC3516-Qchain,yukawa,0.21105527638190955,0.999929817351035,7.018511188231165e-05
NGC3516-Qchain,yukawa,0.21608040201005024,0.9999264983181424,7.35043832385912e-05
NGC3516-Qchain,yukawa,0.22110552763819097,0.9999230195345366,7.698342861155198e-05
NGC3516-Qchain,yukawa,0.22613065326633167,0.9999193731459772,8.06301045422849e-05
NGC3516-Qchain,yukawa,0.23115577889447236,0.9999155509020049,8.44526640209411e-05
NGC3516-Qchain,yukawa,0.23618090452261306,0.9999115441353211,8.845977712959057e-05
NGC3516-Qchain,yukawa,0.24120603015075376,0.9999073437400547,9.26605528016852e-05
NGC3516-Qchain,yukawa,0.24623115577889448,0.9999029401488516,9.706456176054692e-05
NGC3516-Qchain,yukawa,0.25125628140703515,0.9998983233087207,0.00010168186070443546
NGC3516-Qchain,yukawa,0.2562814070351759,0.9998934826555663,0.00010652301780888787
NGC3516-Qchain,yukawa,0.2613065326633166,0.9998884070873296,0.00011159913962271668
NGC3516-Qchain,yukawa,0.2663316582914573,0.9998830849356644,0.00011692189943453332
NGC3516-Qchain,yukawa,0.271356783919598,0.9998775039360572,0.00012250356719836064
NGC3516-Qchain,yukawa,0.2763819095477387,0.9998716511963082,0.00012835704110438913
NGC3516-Qchain,yukawa,0.2814070351758794,0.9998655131632734,0.0001344958808920824
NGC3516-Qchain,yukawa,0.2864321608040201,0.9998590755877712,0.00014093434300677804
NGC3516-Qchain,yukawa,0.2914572864321608,0.9998523234875439,0.00014768741770587471
NGC3516-Qchain,yukawa,0.2964824120603015,0.9998452411081638,0.00015477086822920125
NGC3516-Qchain,yukawa,0.30150753768844224,0.9998378118817607,0.00016220127215445552
NGC3516-Qchain,yukawa,0.3065326633165829,0.9998300183834464,0.00016999606506589896
NGC3516-Qchain,yukawa,0.31155778894472363,0.9998218422852975,0.0001781735866733562
NGC3516-Qchain,yukawa,0.3165829145728643,0.9998132643077545,0.00018675312952566464
NGC3516-Qchain,yukawa,0.32160804020100503,0.9998042641682842,0.00019575499047382402
NGC3516-Qchain,yukawa,0.32663316582914576,0.9997948205271412,0.00020520052504654918
NGC3516-Qchain,yukawa,0.3316582914572864,0.9997849109300575,0.00021511220491394803
NGC3516-Qchain,yukawa,0.33668341708542715,0.9997745117476743,0.00022551367862397312
NGC3516-Qchain,yukawa,0.3417085427135678,0.9997635981115223,0.0002364298358087923
NGC3516-Qchain,yukawa,0.34673366834170855,0.9997521438463401,0.00024788687507273926
NGC3516-Qchain,yukawa,0.35175879396984927,0.999740121398512,0.0002599123757833774
NGC3516-Qchain,yukawa,0.35678391959798994,0.9997275017603853,0.00027253537400621415
NGC3516-Qchain,yukawa,0.36180904522613067,0.9997142543902203,0.00028578644283519213
NGC3516-Qchain,yukawa,0.36683417085427134,0.9997003471275023,0.00029969777739047765
NGC3516-Qchain,yukawa,0.37185929648241206,0.9996857461033314,0.0003143032847716074
NGC3516-Qchain,yukawa,0.3768844221105528,0.9996704156455853,0.0003296386792747395
NGC3516-Qchain,yukawa,0.38190954773869346,0.9996543181785345,0.00034574158319915476
NGC3516-Qchain,yukawa,0.3869346733668342,0.9996374141165582,0.0003626516335971475
NGC3516-Qchain,yukawa,0.3919597989949749,0.9996196617515991,0.0003804105953372756
NGC3516-Qchain,yukawa,0.3969849246231156,0.999601017133958,0.00039906248088304817
NGC3516-Qchain,yukawa,0.4020100502512563,0.999581433946012,0.00041865367721041156
NGC3516-Qchain,yukawa,0.40703517587939697,0.9995608633684054,0.00043923308032231166
NGC3516-Qchain,yukawa,0.4120603015075377,0.999539253938237,0.00046085223784449284
NGC3516-Qchain,yukawa,0.4170854271356784,0.9995165513987275,0.00048356550022545165
NGC3516-Qchain,yukawa,0.4221105527638191,0.9994926985398263,0.000507430181094877
NGC3516-Qchain,yukawa,0.4271356783919598,0.9994676350291652,0.0005325067273788842
NGC3516-Qchain,yukawa,0.4321608040201005,0.9994412972327399,0.0005588588998083491
NGC3516-Qchain,yukawa,0.4371859296482412,0.9994136180246449,0.0005865539645031206
NGC3516-Qchain,yukawa,0.44221105527638194,0.9993845265851479,0.0006156628963655367
NGC3516-Qchain,yukawa,0.4472361809045226,0.9993539481863337,0.000646260595066497
NGC3516-Qchain,yukawa,0.45226130653266333,0.9993218039644974,0.0006784261144654924
NGC3516-Qchain,yukawa,0.457286432160804,0.9992880106784038,0.0007122429063668285
NGC3516-Qchain,yukawa,0.4623115577889447,0.9992524804524687,0.0007477990795807049
NGC3516-Qchain,yukawa,0.46733668341708545,0.9992151205038493,0.0007851876753286613
NGC3516-Qchain,yukawa,0.4723618090452261,0.9991758328523545,0.000824506960110187
NGC3516-Qchain,yukawa,0.47738693467336685,0.9991345140120086,0.000865860737231528
NGC3516-Qchain,yukawa,0.4824120603015075,0.9990910546630151,0.0009093586782864945
NGC3516-Qchain,yukawa,0.48743718592964824,0.9990453393027717,0.0009551166759781138
NGC3516-Qchain,yukawa,0.49246231155778897,0.9989972458744906,0.0010032572197755634
NGC3516-Qchain,yukawa,0.49748743718592964,0.9989466453718636,0.0010539097960160352
NGC3516-Qchain,yukawa,0.5025125628140703,0.9988934014181009,0.0011072113141839903
NGC3516-Qchain,yukawa,0.507537688442211,0.998837369817535,0.0011633065612386502
NGC3516-Qchain,yukawa,0.5125628140703518,0.9987783980778507,0.0012223486860047544
NGC3516-Qchain,yukawa,0.5175879396984925,0.9987163249008465,0.001284499715802377
NGC3516-Qchain,yukawa,0.5226130653266332,0.9986509796394711,0.0013499311076651897
NGC3516-Qchain,yukawa,0.5276381909547738,0.9985821817187019,0.0014188243366857003
NGC3516-Qchain,yukawa,0.5326633165829145,0.9985097400176363,0.0014913715242327544
NGC3516-Qchain,yukawa,0.5376884422110553,0.9984334522099625,0.0015677761090079297
NGC3516-Qchain,yukawa,0.542713567839196,0.998353104059744,0.001648253564156646
NGC3516-Qchain,yukawa,0.5477386934673367,0.9982684686692036,0.0017330321639144274
NGC3516-Qchain,yukawa,0.5527638190954774,0.998179305674927,0.001822353803560333
NGC3516-Qchain,yukawa,0.5577889447236181,0.9980853603886051,0.0019164748767710315
NGC3516-Qchain,yukawa,0.5628140703517588,0.9979863628781167,0.002015667214817399
NGC3516-Qchain,yukawa,0.5678391959798995,0.9978820269844019,0.0021202190924259866
NGC3516-Qchain,yukawa,0.5728643216080402,0.9977720492691886,0.002230436305552475
NGC3516-Qchain,yukawa,0.577889447236181,0.9976561078882232,0.0023466433267674267
NGC3516-Qchain,yukawa,0.5829145728643216,0.9975338613841883,0.0024691845444665835
NGC3516-Qchain,yukawa,0.5879396984924623,0.997404947392995,0.0025984255926687202
NGC3516-Qchain,yukawa,0.592964824120603,0.9972689812565843,0.002734754778776241
NGC3516-Qchain,yukawa,0.5979899497487438,0.9971255545347654,0.002878584617348508
NGC3516-Qchain,yukawa,0.6030150753768845,0.9969742334079619,0.003030353478675219
NGC3516-Qchain,yukawa,0.6080402010050251,0.9968145569620018,0.003190527361759193
NGC3516-Qchain,yukawa,0.6130653266331658,0.9966460353452921,0.0033596018022187036
NGC3516-Qchain,yukawa,0.6180904522613065,0.9964681477878323,0.0035381039266202613
NGC3516-Qchain,yukawa,0.6231155778894473,0.996280340470556,0.0037265946658569886
NGC3516-Qchain,yukawa,0.628140703517588,0.9960820242324133,0.003925671141412913
NGC3516-Qchain,yukawa,0.6331658291457286,0.9958725721014297,0.004135969239714032
NGC3516-Qchain,yukawa,0.6381909547738693,0.9956513166346701,0.004358166391273464
NGC3516-Qchain,yukawa,0.6432160804020101,0.9954175470505949,0.004592984573017969
NGC3516-Qchain,yukawa,0.6482412060301508,0.9951705061356945,0.004841193554050819
NGC3516-Qchain,yukawa,0.6532663316582915,0.9949093869055231,0.005103614407186328
NGC3516-Qchain,yukawa,0.6582914572864321,0.9946333289982855,0.0053811233109183456
NGC3516-Qchain,yukawa,0.6633165829145728,0.9943414147769514,0.0056746556690779265
NGC3516-Qchain,yukawa,0.6683417085427136,0.994032665113449,0.005985210578344104
NGC3516-Qchain,yukawa,0.6733668341708543,0.9937060348257902,0.006313855677026988
NGC3516-Qchain,yukawa,0.678391959798995,0.9933604077359749,0.006661732412195789
NGC3516-Qchain,yukawa,0.6834170854271356,0.9929945913131684,0.007030061766331779
NGC3516-Qchain,yukawa,0.6884422110552764,0.9926073108629003,0.007420150489307537
NGC3516-Qchain,yukawa,0.6934673366834171,0.9921972032188439,0.007833397886704244
NGC3516-Qchain,yukawa,0.6984924623115578,0.9917628098890442,0.00827130322135948
NGC3516-Qchain,yukawa,0.7035175879396985,0.9913025696032047,0.008735473791692065
NGC3516-Qchain,yukawa,0.7085427135678392,0.9908148102017341,0.009227633757883465
NGC3516-Qchain,yukawa,0.7135678391959799,0.9902977398006171,0.009749633795546688
NGC3516-Qchain,yukawa,0.7185929648241206,0.9897494371586951,0.010303461666232909
NGC3516-Qchain,yukawa,0.7236180904522613,0.9891678411655139,0.010891253805193665
NGC3516-Qchain,yukawa,0.7286432160804021,0.9885507393583716,0.011515308039447858
NGC3516-Qchain,yukawa,0.7336683417085427,0.9878957553664371,0.012178097563636766
NGC3516-Qchain,yukawa,0.7386934673366834,0.9872003351676076,0.012882286317692435
NGC3516-Qchain,yukawa,0.7437185929648241,0.9864617320299353,0.013630745929323004
NGC3516-Qchain,yukawa,0.7487437185929648,0.9856769899937241,0.014426574406159031
NGC3516-Qchain,yukawa,0.7537688442211056,0.98484292573249,0.015273116787575794
NGC3516-Qchain,yukawa,0.7587939698492463,0.9839561086105556,0.016173987995292946
NGC3516-Qchain,yukawa,0.7638190954773869,0.9830128387317201,0.017133098155541225
NGC3516-Qchain,yukawa,0.7688442211055276,0.9820091227467349,0.01815468070469747
NGC3516-Qchain,yukawa,0.7738693467336684,0.980940647156698,0.019243323635804326
NGC3516-Qchain,yukawa,0.7788944723618091,0.9798027488142823,0.020404004296517043
NGC3516-Qchain,yukawa,0.7839195979899498,0.9785903822842082,0.021642128211166275
NGC3516-Qchain,yukawa,0.7889447236180904,0.977298083677632,0.02296357247255291
NGC3516-Qchain,yukawa,0.7939698492462312,0.9759199305210848,0.02437473433490604
NGC3516-Qchain,yukawa,0.7989949748743719,0.9744494971580043,0.025882585740709032
NGC3516-Qchain,yukawa,0.8040201005025126,0.9728798051082016,0.02749473463401461
NGC3516-Qchain,yukawa,0.8090452261306533,0.9712032677260142,0.02921949405528375
NGC3516-Qchain,yukawa,0.8140703517587939,0.969411628399206,0.031065960182515468
NGC3516-Qchain,yukawa,0.8190954773869347,0.9674958914152753,0.03304410068641571
NGC3516-Qchain,yukawa,0.8241206030150754,0.965446244486558,0.03516485501098153
NGC3516-Qchain,yukawa,0.8291457286432161,0.9632519717665466,0.0374402484844052
NGC3516-Qchain,yukawa,0.8341708542713568,0.9609013560025343,0.0398835225202516
NGC3516-Qchain,yukawa,0.8391959798994975,0.9583815682484398,0.042509283600084366
NGC3516-Qchain,yukawa,0.8442211055276382,0.9556785432995709,0.04533367425473261
NGC3516-Qchain,yukawa,0.8492462311557789,0.9527768386997908,0.048374569905912324
NGC3516-Qchain,yukawa,0.8542713567839196,0.9496594748007643,0.05165180622338232
NGC3516-Qchain,yukawa,0.8592964824120604,0.9463077529100902,0.0551874426344606
NGC3516-Qchain,yukawa,0.864321608040201,0.9427010480346134,0.05900606884349815
NGC3516-Qchain,yukawa,0.8693467336683417,0.9388165720879276,0.06313516274529779
NGC3516-Qchain,yukawa,0.8743718592964824,0.9346291026633109,0.06760551003594395
NGC3516-Qchain,yukawa,0.8793969849246231,0.9301106715457773,0.07245169825284539
NGC3516-Qchain,yukawa,0.8844221105527639,0.9252302060132062,0.07771270106742474
NGC3516-Qchain,yukawa,0.8894472361809045,0.9199531146115546,0.0834325726164222
NGC3516-Qchain,yukawa,0.8944723618090452,0.9142408074270643,0.08966127677260888
NGC3516-Qchain,yukawa,0.8994974874371859,0.9080501388499994,0.09645568290755979
NGC3516-Qchain,yukawa,0.9045226130653267,0.9013327583445311,0.10388076841895896
NGC3516-Qchain,yukawa,0.9095477386934674,0.894034351703504,0.11201107982255633
NGC3516-Qchain,yukawa,0.914572864321608,0.8860937515484217,0.12093251958626579
NGC3516-Qchain,yukawa,0.9195979899497487,0.8774418912833948,0.13074454659447154
NGC3516-Qchain,yukawa,0.9246231155778895,0.8680005711527036,0.1415629063119762
NGC3516-Qchain,yukawa,0.9296482412060302,0.8576809982934859,0.15352304548850298
NGC3516-Qchain,yukawa,0.9346733668341709,0.8463820545274904,0.16678442022067458
NGC3516-Qchain,yukawa,0.9396984924623115,0.8339882359521442,0.1815359822958434
NGC3516-Qchain,yukawa,0.9447236180904522,0.8203671971578365,0.19800323754497295
NGC3516-Qchain,yukawa,0.949748743718593,0.8053668204152251,0.21645742781861174
NGC3516-Qchain,yukawa,0.9547738693467337,0.7888117174120369,0.2372276210727577
NGC3516-Qchain,yukawa,0.9597989949748744,0.7704990604043735,0.26071684368491194
NGC3516-Qchain,yukawa,0.964824120603015,0.7501936360309062,0.287423924400315
NGC3516-Qchain,yukawa,0.9698492462311558,0.7276220289410474,0.31797355662682
NGC3516-Qchain,yukawa,0.9748743718592965,0.7024658948656463,0.3531584271866954
NGC3516-Qchain,yukawa,0.9798994974874372,0.6743544160513013,0.3939994664364249
NGC3516-Qchain,yukawa,0.9849246231155779,0.6428563310096542,0.44183401515370785
NGC3516-Qchain,yukawa,0.9899497487437187,0.6074725674893134,0.4984482611832061
NGC3516-Qchain,yukawa,0.9949748743718593,0.5676318361403708,0.5662822462269491
NGC3516-Qchain,yukawa,1.0,0.5226943005181346,0.6487584972482217
