nest,pgc,dv_kms
100001,44628,748.0
100001,43895,2003.0
100001,44298,929.0
100001,44323,330.0
100001,44840,1586.0
100001,44938,1466.0
100001,43981,1454.0
100001,44737,2164.0
100001,44114,489.0
100001,44896,727.0
100001,44899,-1008.0
100001,44178,1189.0
100001,45133,534.0
100001,45253,452.0
100001,44539,1542.0
100001,43399,495.0
100001,45233,-552.0
100001,44908,937.0
100001,44945,1320.0
100001,44828,2443.0
100001,43726,649.0
100001,45358,575.0
100001,44144,3.0
100001,44481,1339.0
100001,44424,-564.0
100001,44534,739.0
100001,44037,554.0
100001,43863,-140.0
100001,44686,269.0
100001,44973,868.0
100001,43437,1254.0
100001,44502,2016.0
100001,44667,2075.0
100001,44263,1072.0
100001,44848,1234.0
100001,44587,428.0
100001,44405,773.0
100001,44795,848.0
100001,44921,687.0
100001,44438,1499.0
100001,44566,320.0
100001,44736,473.0
100001,44068,673.0
100001,44885,885.0
100001,44537,1636.0
100001,45542,43.0
100001,44633,-348.0
100001,44394,945.0
100001,44138,-17.0
100001,44043,958.0
100001,44682,1771.0
100001,43848,662.0
100001,44524,1121.0
100001,45055,-1106.0
100001,43514,1187.0
100001,44324,-424.0
100001,44337,900.0
100001,43618,1635.0
100001,44818,539.0
100001,43455,-29.0
100001,83717,1487.0
100001,44819,-663.0
100001,45032,1833.0
100001,43773,-291.0
100001,44808,-77.0
100001,44467,727.0
100001,44975,1168.0
100001,43708,-56.0
100001,44268,1044.0
100001,44697,-558.0
100001,45406,-204.0
100001,45328,1532.0
100001,45027,-232.0
100001,44487,1557.0
100001,44044,596.0
100001,44148,626.0
100001,45318,1522.0
100001,44553,605.0
100001,44799,1093.0
100001,43930,578.0
100001,44422,1259.0
100001,44768,-510.0
100001,43539,908.0
100001,44176,-196.0
100001,44544,1268.0
100001,43874,-3.0
100001,44929,1144.0
100001,45471,195.0
100001,44200,1208.0
100001,45023,1000.0
100001,44229,1094.0
100001,45097,188.0
100001,43875,1161.0
100001,44903,-1016.0
100001,45505,1153.0
100001,44640,1663.0
100001,45271,627.0
100001,44722,921.0
100001,1813789,902.0
100001,44485,370.0
100001,44449,-449.0
100001,44319,506.0
100001,43995,969.0
100001,43583,497.0
100001,44760,786.0
100001,44658,263.0
100001,44322,824.0
100001,45077,408.0
100001,45082,-370.0
100001,44508,-544.0
100001,44714,820.0
100001,44632,-441.0
100001,44822,179.0
100001,44603,355.0
100001,45140,-103.0
100001,44212,495.0
100001,44928,-669.0
100001,44137,460.0
100001,43619,-618.0
100001,44621,-643.0
100001,44551,132.0
100001,43509,-21.0
100001,94039,-139.0
100001,44151,-182.0
100001,45162,-531.0
100001,197657,-62.0
100001,45129,-850.0
100001,44563,-816.0
100001,43535,-818.0
100001,45003,-910.0
100001,44832,-1510.0
100001,44578,-1924.0
100001,44568,-1675.0
100001,44612,-1774.0
100001,44664,3101.0
100002,40153,567.0
100002,43375,103.0
100002,43944,95.0
100002,42442,693.0
100002,42396,-388.0
100002,39173,-7.0
100002,39028,-1150.0
100002,42699,-729.0
100002,41024,948.0
100002,43707,219.0
100002,39224,-1087.0
100002,40515,-289.0
100002,43303,383.0
100002,40622,-1143.0
100002,40295,190.0
100002,39362,-1171.0
100002,39907,-116.0
100002,41812,974.0
100002,39974,93.0
100002,39676,357.0
100002,39950,119.0
100002,40614,-95.0
100002,40245,-62.0
100002,42096,737.0
100002,40643,730.0
100002,40516,705.0
100002,40484,60.0
100002,39393,-143.0
100002,41472,495.0
100002,41365,-77.0
100002,41618,140.0
100002,41013,690.0
100002,41160,549.0
100002,40231,24.0
100002,41652,-62.0
100002,40249,129.0
100002,42574,788.0
100002,39754,352.0
100002,39398,-102.0
100002,40828,712.0
100002,39965,261.0
100002,39413,-65.0
100002,41772,-554.0
100002,41839,379.0
100002,40209,-532.0
100002,40240,301.0
100002,41383,749.0
100002,41811,1025.0
100002,42647,897.0
100002,41189,1352.0
100002,42319,1448.0
100002,40851,458.0
100002,42427,966.0
100002,41164,-412.0
100002,40251,2.0
100002,41923,1392.0
100002,41148,248.0
100002,41363,-18.0
100002,40252,-243.0
100002,40342,144.0
100002,41339,-117.0
100002,40621,441.0
100002,40051,52.0
100002,40439,-223.0
100002,41169,397.0
100002,42447,-145.0
100002,39206,-379.0
100002,40607,189.0
100002,40745,278.0
100002,40727,-89.0
100002,40743,398.0
100002,40273,421.0
100002,40317,247.0
100002,40280,-80.0
100002,43146,76.0
100002,40801,130.0
100002,42521,-384.0
100002,41847,-405.0
100002,40321,-265.0
100002,41517,1284.0
100002,39578,1418.0
100002,41361,304.0
100002,42831,107.0
100002,41228,1250.0
100002,42168,513.0
100002,42069,1238.0
100002,40455,57.0
100002,40581,1538.0
100002,42401,872.0
100002,41260,350.0
100002,41104,204.0
100002,42064,1278.0
100002,41111,934.0
100002,40850,-86.0
100002,42149,1283.0
100002,42545,865.0
100002,41538,341.0
100002,42816,387.0
100002,40898,-205.0
100002,42857,34.0
100002,42051,137.0
100002,40442,-58.0
100002,39710,8.0
100002,40105,435.0
100002,41297,347.0
100002,40816,895.0
100002,41241,585.0
100002,42728,155.0
100002,40785,545.0
100002,42628,-603.0
100002,42917,73.0
100002,42544,1273.0
100002,41934,-529.0
100002,40950,-470.0
100002,41968,-672.0
100002,41255,962.0
100002,41729,1328.0
100002,40477,370.0
100002,42516,635.0
100002,41061,664.0
100002,40507,-50.0
100002,40756,-145.0
100002,41781,340.0
100002,40313,1094.0
100002,41963,166.0
100002,40030,928.0
100002,40201,568.0
100002,40306,1314.0
100002,41876,274.0
100002,41763,1330.0
100002,41327,554.0
100002,40927,-281.0
100002,41504,1096.0
100002,41272,841.0
100002,42223,710.0
100002,40964,926.0
100002,41457,37.0
100002,40032,523.0
100002,42769,1013.0
100002,42753,671.0
100002,41095,-373.0
100002,41302,-162.0
100002,42100,-685.0
100002,41943,-630.0
100002,41552,300.0
100002,40562,-469.0
100002,41661,-70.0
100002,41738,209.0
100002,40597,91.0
100002,41614,887.0
100002,42913,-551.0
100002,41754,609.0
100002,40852,-70.0
100002,41171,-120.0
100002,41573,503.0
100002,40903,111.0
100002,41155,335.0
100002,41376,-509.0
100002,41803,355.0
100002,42707,-723.0
100002,41546,-450.0
100002,39925,-667.0
100002,40616,14.0
100002,42550,-455.0
100002,40985,-343.0
100002,41936,-272.0
100002,39246,-873.0
100002,40914,-938.0
100002,40644,-772.0
100002,38943,-623.0
100002,40095,-855.0
100002,41377,-859.0
100002,41060,-846.0
100002,41806,-923.0
100002,39308,-774.0
100002,40705,-918.0
100002,39247,-749.0
100002,43656,334.0
100002,43733,-33.0
100002,43241,148.0
100002,43516,-87.0
100002,40653,-1253.0
100002,42089,-1250.0
100002,40772,-1275.0
100002,40809,-564.0
100002,40987,-657.0
100002,43186,591.0
100002,38527,666.0
100002,43837,1862.0
100002,42389,1808.0
100002,39160,1425.0
100002,39183,-301.0
100002,42638,-809.0
100002,41959,-730.0
100002,42643,-1102.0
100002,41608,-1184.0
100003,43423,1739.0
100003,43790,1403.0
100003,42764,379.0
100003,42701,1562.0
100003,43845,40.0
100003,44361,806.0
100003,43170,1715.0
100003,43779,1943.0
100003,42891,-59.0
100003,42510,-374.0
100003,42845,2074.0
100003,43719,1809.0
100003,42879,-369.0
100003,43591,392.0
100003,43087,1626.0
100003,42392,1406.0
100003,42662,1668.0
100003,43661,406.0
100003,43411,893.0
100003,43155,157.0
100003,43447,1719.0
100003,43677,1518.0
100003,43701,1294.0
100003,42505,270.0
100003,42224,245.0
100003,43182,600.0
100003,43623,1004.0
100003,43670,1687.0
100003,44204,717.0
100003,42181,100.0
100003,43717,896.0
100003,43480,211.0
100003,43354,1339.0
100003,43326,1491.0
100003,43210,1595.0
100003,43355,1887.0
100003,43653,70.0
100003,43954,567.0
100003,43105,1586.0
100003,43561,1854.0
100003,43484,1876.0
100003,43994,1268.0
100003,43127,112.0
100003,44201,294.0
100003,43073,309.0
100003,42151,635.0
100003,43615,1873.0
100003,42369,751.0
100003,43893,419.0
100003,43218,666.0
100003,43075,1729.0
100003,42486,174.0
100003,43249,-327.0
100003,43374,681.0
100003,42492,258.0
100003,42411,14.0
100003,43578,260.0
100003,43435,-584.0
100003,43422,655.0
100003,42245,436.0
100003,43120,-406.0
100003,42733,1467.0
100003,42640,-252.0
100003,43534,421.0
100003,43306,507.0
100003,43362,396.0
100003,43681,1351.0
100003,42441,249.0
100003,44065,188.0
100003,43604,737.0
100003,42531,1369.0
100003,42761,-90.0
100003,42911,1429.0
100003,43500,1567.0
100003,43251,755.0
100003,43705,1886.0
100003,43572,494.0
100003,42271,1029.0
100003,42720,1510.0
100003,42983,-455.0
100003,42322,656.0
100003,43433,13.0
100003,43506,-520.0
100003,43328,1433.0
100003,42951,-26.0
100003,42966,-388.0
100003,43337,146.0
100003,42806,-157.0
100003,43332,-97.0
100003,41960,578.0
100003,42018,125.0
100003,41856,135.0
100003,42246,21.0
100003,42182,-152.0
100003,44199,886.0
100003,42086,562.0
100003,43166,278.0
100003,43584,192.0
100003,44944,425.0
100003,43432,1233.0
100003,44764,-225.0
100003,44237,-36.0
100003,43611,-879.0
100003,43479,-630.0
100003,43367,-958.0
100003,43402,-784.0
100003,43284,-715.0
100003,43723,-883.0
100003,43787,-626.0
100003,43466,2426.0
100003,44857,1971.0
100003,43262,-1150.0
100004,58348,-537.0
100004,58080,-505.0
100004,58191,216.0
100004,200339,-695.0
100004,58105,-580.0
100004,57882,895.0
100004,57978,402.0
100004,58135,790.0
100004,57994,1269.0
100004,58414,-680.0
100004,58092,-627.0
100004,58198,-388.0
100004,58386,-311.0
100004,58181,630.0
100004,58382,-215.0
100004,58234,-15.0
100004,58163,861.0
100004,58098,-367.0
100004,57959,334.0
100004,58505,227.0
100004,58248,622.0
100004,58046,1231.0
100004,58413,-160.0
100004,58308,265.0
100004,140634,-627.0
100004,58277,-1195.0
100004,58074,-740.0
100004,58245,923.0
100004,58227,-1289.0
100004,3388179,731.0
100004,58410,-270.0
100004,58296,1518.0
100004,58316,552.0
100004,58215,-636.0
100004,58432,-1167.0
100004,2147644,910.0
100004,3498605,457.0
100004,58266,697.0
100004,58268,389.0
100004,58030,-314.0
100004,58070,644.0
100004,58324,-997.0
100004,58120,446.0
100004,3388198,707.0
100004,58321,566.0
100004,58408,195.0
100004,58319,1042.0
100004,58100,235.0
100004,169659,832.0
100004,58545,-321.0
100004,58405,-911.0
100004,58395,452.0
100004,58334,-1124.0
100004,58249,230.0
100004,57950,248.0
100004,58307,-1002.0
100004,57894,320.0
100004,58428,-441.0
100004,58422,-466.0
100004,214500,-48.0
100004,58216,287.0
100004,58436,-227.0
100004,58325,-914.0
100004,58421,-490.0
100004,58385,-373.0
100004,58535,-122.0
100004,58121,-477.0
100004,58233,-592.0
100004,3498497,-327.0
100004,58186,-1054.0
100004,58344,-166.0
100004,97536,-184.0
100004,3498907,-499.0
100004,3388126,-973.0
100004,58143,-596.0
100004,3084707,-1551.0
100004,58212,-1535.0
100004,58387,-2031.0
100004,57989,-1040.0
100004,57986,-1158.0
100005,36706,722.0
100005,36224,304.0
100005,36606,249.0
100005,36649,1292.0
100005,36740,798.0
100005,36292,-519.0
100005,36068,1534.0
100005,36756,-423.0
100005,36476,70.0
100005,36675,751.0
100005,36670,-879.0
100005,36154,732.0
100005,36436,-138.0
100005,36314,-486.0
100005,36574,361.0
100005,36639,780.0
100005,36604,-1210.0
100005,36609,643.0
100005,36466,509.0
100005,36816,1034.0
100005,36469,92.0
100005,36402,1317.0
100005,36477,1167.0
100005,36443,567.0
100005,36684,511.0
100005,36619,1549.0
100005,36577,-660.0
100005,36481,586.0
100005,36650,726.0
100005,36133,1561.0
100005,36638,148.0
100005,36262,328.0
100005,83488,1115.0
100005,36548,42.0
100005,36511,513.0
100005,36544,500.0
100005,94330,1573.0
100005,36721,-123.0
100005,36458,665.0
100005,36503,142.0
100005,36516,98.0
100005,36512,138.0
100005,36371,89.0
100005,36603,288.0
100005,36349,-259.0
100005,36620,792.0
100005,36470,-604.0
100005,36388,762.0
100005,169975,-21.0
100005,36688,901.0
100005,36779,-89.0
100005,36582,-790.0
100005,36377,-222.0
100005,1575217,26.0
100005,1636326,140.0
100005,36502,-714.0
100005,36673,-768.0
100005,36694,-592.0
100005,36465,-647.0
100005,36589,2064.0
100006,31466,179.0
100006,31217,-499.0
100006,31586,-890.0
100006,31438,-316.0
100006,31513,-997.0
100006,31805,901.0
100006,31754,162.0
100006,31557,-513.0
100006,31488,969.0
100006,31421,112.0
100006,31154,-199.0
100006,31025,-227.0
100006,31085,303.0
100006,31571,37.0
100006,31616,81.0
100006,31585,-287.0
100006,31794,593.0
100006,31212,-315.0
100006,31353,751.0
100006,31874,-102.0
100006,31951,677.0
100006,31312,499.0
100006,31310,-722.0
100006,31443,233.0
100006,31593,315.0
100006,31504,-1193.0
100006,31456,551.0
100006,31316,-486.0
100006,31366,-44.0
100006,31495,-338.0
100006,31531,-1028.0
100006,31855,539.0
100006,31360,-559.0
100006,31182,323.0
100006,31280,499.0
100006,31293,-782.0
100006,31517,111.0
100006,31462,-149.0
100006,31642,-372.0
100006,31530,770.0
100006,31447,-504.0
100006,31401,-375.0
100006,31542,116.0
100006,31574,-46.0
100006,31577,531.0
100006,31091,-410.0
100006,31450,955.0
100006,31638,568.0
100006,31500,-621.0
100006,31659,-897.0
100006,31776,83.0
100006,31765,621.0
100006,31583,-693.0
100006,31430,-67.0
100006,31683,-814.0
100006,740192,-331.0
100006,3756723,229.0
100006,31001,-403.0
100006,31135,72.0
100006,31646,-238.0
100006,31161,-270.0
100006,3081757,-410.0
100006,31829,576.0
100006,31317,-528.0
100006,31371,575.0
100006,31039,-85.0
100006,31268,-158.0
100006,31437,-784.0
100006,31483,-1140.0
100006,31296,-430.0
100006,31402,-280.0
100006,31822,-118.0
100006,31441,-913.0
100006,31403,-670.0
100006,31363,-939.0
100006,31218,-926.0
100006,31981,-410.0
100006,31588,-1455.0
100006,31385,-1436.0
100006,31407,-1589.0
100006,31476,990.0
100006,31418,1052.0
100006,31330,-1555.0
100006,31599,1403.0
100007,57147,1640.0
100007,56780,1039.0
100007,56492,623.0
100007,57177,524.0
100007,56872,961.0
100007,57137,571.0
100007,57068,2861.0
100007,56784,89.0
100007,56942,1845.0
100007,57101,1863.0
100007,57075,1351.0
100007,57067,3232.0
100007,2790838,229.0
100007,56763,564.0
100007,57076,842.0
100007,57062,-297.0
100007,56877,-335.0
100007,56932,2225.0
100007,56769,-284.0
100007,57172,1248.0
100007,57096,-73.0
100007,57031,-539.0
100007,57155,1668.0
100007,56666,1931.0
100007,57093,2708.0
100007,56966,3336.0
100007,56717,74.0
100007,56786,1431.0
100007,56695,554.0
100007,56663,2821.0
100007,57033,-1207.0
100007,56972,167.0
100007,56847,531.0
100007,56617,-457.0
100007,56794,3253.0
100007,57084,-295.0
100007,57005,410.0
100007,57194,1366.0
100007,57086,-314.0
100007,56838,-1022.0
100007,56777,2965.0
100007,1488870,2257.0
100007,56813,-565.0
100007,56827,264.0
100007,57157,897.0
100007,1508620,2673.0
100007,57135,1366.0
100007,56943,-1437.0
100007,57250,1077.0
100007,56886,-102.0
100007,57139,-400.0
100007,57138,75.0
100007,57088,1349.0
100007,57019,-660.0
100007,57063,-349.0
100007,56704,-1104.0
100007,57111,221.0
100007,57175,1489.0
100007,56490,-125.0
100007,57015,-607.0
100007,57056,-435.0
100007,57278,77.0
100007,57095,-19.0
100007,57090,87.0
100007,100398,732.0
100007,57127,189.0
100007,142837,135.0
100007,56890,518.0
100007,57037,-90.0
100007,56915,-594.0
100007,56712,297.0
100007,57390,-397.0
100007,56850,-489.0
100007,57004,-1320.0
100007,3441824,-414.0
100007,57200,1167.0
100007,57128,939.0
100007,57232,651.0
100007,57107,653.0
100007,57453,-308.0
100007,1513342,-546.0
100007,56532,2193.0
100007,56518,3344.0
100007,214445,3829.0
100007,1502535,3674.0
100008,37617,576.0
100008,37306,587.0
100008,35164,353.0
100008,38739,591.0
100008,37642,556.0
100008,36921,691.0
100008,39241,584.0
100008,37760,470.0
100008,34767,690.0
100008,35616,526.0
100008,38795,313.0
100008,38654,539.0
100008,38440,385.0
100008,36699,467.0
100008,37691,411.0
100008,38370,621.0
100008,36875,522.0
100008,38302,297.0
100008,35676,431.0
100008,38392,375.0
100008,37229,386.0
100008,38068,272.0
100008,41333,141.0
100008,39285,468.0
100008,35931,813.0
100008,38643,463.0
100008,38693,603.0
100008,40228,324.0
100008,35711,593.0
100008,37719,285.0
100008,37520,632.0
100008,38361,110.0
100008,37036,502.0
100008,37290,357.0
100008,40973,-229.0
100008,38283,287.0
100008,40537,277.0
100008,37697,478.0
100008,37136,526.0
100008,35999,276.0
100008,35002,751.0
100008,38988,492.0
100008,37466,371.0
100008,38503,526.0
100008,37072,476.0
100008,41069,51.0
100008,39423,67.0
100008,37618,210.0
100008,37542,503.0
100008,38582,510.0
100008,37692,396.0
100008,37073,438.0
100008,37024,466.0
100008,36953,517.0
100008,36990,747.0
100008,36136,305.0
100008,36686,290.0
100008,37525,455.0
100008,38688,-180.0
100008,39237,280.0
100008,37584,334.0
100008,39461,36.0
100008,37832,282.0
100008,39840,87.0
100009,3099039,755.0
100009,140749,-309.0
100009,3097077,-1634.0
100009,3097051,-9.0
100009,3097059,442.0
100009,3097049,676.0
100009,3097067,958.0
100009,140751,569.0
100009,3099061,1060.0
100009,4684406,880.0
100009,4683062,-195.0
100009,3097080,-24.0
100009,3097081,-82.0
100009,3097063,671.0
100009,3097065,1100.0
100009,3097064,-680.0
100009,3097082,-1049.0
100009,3097062,-667.0
100009,3099055,1936.0
100009,3097066,-847.0
100009,3099070,-337.0
100009,3097079,-431.0
100009,140747,-1249.0
100009,3097057,-824.0
100009,3099051,49.0
100009,4077526,-659.0
100009,4681035,696.0
100009,3099048,1171.0
100009,3099056,334.0
100009,3099054,33.0
100009,3099062,-226.0
100009,4682904,-709.0
100009,4685166,184.0
100009,3099045,-279.0
100009,3099063,754.0
100009,4682915,1372.0
100009,3097070,103.0
100009,5060564,-297.0
100009,89015,-54.0
100009,4684410,936.0
100009,5061242,63.0
100009,5060700,715.0
100009,4684408,1906.0
100009,3097073,-1264.0
100009,4684951,1180.0
100009,3099073,172.0
100009,3097069,-655.0
100009,59646,1151.0
100009,3099066,146.0
100009,5060570,-573.0
100009,3099059,-1340.0
100009,5060658,-50.0
100009,4685087,-651.0
100009,3099053,701.0
100009,4684932,979.0
100009,3099044,-1788.0
100009,4684952,-520.0
100009,4684942,-1321.0
100009,5061039,291.0
100009,5060807,-1586.0
100009,4682914,-872.0
100009,3097068,-1452.0
100009,3097072,2228.0
100009,3099040,2171.0
100009,4684413,-2073.0
100010,46832,373.0
100010,46785,276.0
100010,47154,285.0
100010,47197,1540.0
100010,47626,697.0
100010,684268,826.0
100010,141556,245.0
100010,47752,618.0
100010,47355,1417.0
100010,47293,1793.0
100010,46860,340.0
100010,47273,1817.0
100010,47590,-1035.0
100010,46821,1124.0
100010,47548,-965.0
100010,97958,485.0
100010,98792,867.0
100010,47554,1564.0
100010,47177,-900.0
100010,47167,1129.0
100010,99666,1271.0
100010,46745,484.0
100010,47467,455.0
100010,47391,1993.0
100010,98766,1038.0
100010,97890,-232.0
100010,97989,405.0
100010,98589,1427.0
100010,2793693,1048.0
100010,97745,-1884.0
100010,47332,1273.0
100010,88847,991.0
100010,98955,1250.0
100010,46817,1341.0
100010,699631,399.0
100010,47807,1288.0
100010,47356,93.0
100010,88857,-1282.0
100010,47615,280.0
100010,98336,-462.0
100010,98045,751.0
100010,47539,1645.0
100010,47086,1227.0
100010,47173,284.0
100010,98008,706.0
100010,98022,-1650.0
100010,98947,-566.0
100010,3082268,-768.0
100010,98677,-211.0
100010,2800880,1000.0
100010,98829,-251.0
100010,88839,-906.0
100010,88889,-1556.0
100010,3810640,-1951.0
100011,48287,-180.0
100011,49051,327.0
100011,48909,-24.0
100011,49534,354.0
100011,49037,448.0
100011,48522,251.0
100011,49007,-970.0
100011,48893,-247.0
100011,48985,-169.0
100011,48950,303.0
100011,48991,568.0
100011,48888,11.0
100011,49300,160.0
100011,49208,0.0
100011,49090,-790.0
100011,49162,1197.0
100011,48957,406.0
100011,49006,651.0
100011,48617,78.0
100011,49188,539.0
100011,49131,911.0
100011,48480,35.0
100011,48533,-207.0
100011,48966,14.0
100011,159482,-252.0
100011,48955,692.0
100011,89767,230.0
100011,48770,-80.0
100011,49018,531.0
100011,86311,-249.0
100011,86310,353.0
100011,89777,511.0
100011,48908,-631.0
100011,48776,551.0
100011,49211,106.0
100011,48615,9.0
100011,49247,135.0
100011,49023,-355.0
100011,48911,-81.0
100011,48891,-355.0
100011,48894,-662.0
100011,48956,-275.0
100011,49245,175.0
100011,3813988,-349.0
100012,50423,341.0
100012,49726,879.0
100012,50325,727.0
100012,49908,-47.0
100012,49658,111.0
100012,49840,228.0
100012,49580,302.0
100012,50064,499.0
100012,50295,340.0
100012,50007,-103.0
100012,50110,-355.0
100012,89829,1026.0
100012,50172,-284.0
100012,49506,495.0
100012,50230,481.0
100012,49681,189.0
100012,49516,-308.0
100012,49730,-197.0
100012,50298,370.0
100012,49886,-724.0
100012,89806,-1.0
100012,49572,-88.0
100012,49562,-313.0
100012,89857,535.0
100012,49805,209.0
100012,86316,-230.0
100012,88939,238.0
100012,89827,0.0
100012,683463,-610.0
100012,49933,-385.0
100012,89867,-68.0
100012,50002,-245.0
100012,50164,615.0
100012,86320,-124.0
100012,86313,-150.0
100012,86319,-7.0
100012,49642,64.0
100012,86314,-1.0
100012,88946,-328.0
100012,50099,-208.0
100012,3818682,-134.0
100012,89831,-402.0
100013,44261,-269.0
100013,43926,-639.0
100013,43442,-344.0
100013,44572,90.0
100013,43560,-281.0
100013,44383,374.0
100013,44012,-629.0
100013,44328,609.0
100013,43643,-237.0
100013,43948,68.0
100013,44729,27.0
100013,43559,-207.0
100013,44227,-145.0
100013,43999,-240.0
100013,44099,28.0
100013,158229,-342.0
100013,43964,-541.0
100013,43316,-526.0
100013,170218,-236.0
100013,44650,-242.0
100013,43949,-181.0
100013,44248,-286.0
100013,44084,81.0
100013,3797560,-288.0
100013,158295,215.0
100013,44464,195.0
100013,935964,-232.0
100013,954978,562.0
100013,963326,-146.0
100013,183418,-110.0
100013,183372,70.0
100013,43344,-521.0
100013,158154,-469.0
100013,158288,-130.0
100013,927066,-217.0
100013,44083,-363.0
100013,43424,-719.0
100013,43725,-555.0
100013,43536,-728.0
100013,43625,-199.0
100013,43675,-132.0
100013,43313,-1055.0
100013,43443,-401.0
100013,43487,-328.0
100013,43823,-588.0
100013,43913,-691.0
100013,44854,-26.0
100013,926314,119.0
100014,30988,964.0
100014,31090,591.0
100014,30949,-70.0
100014,31014,303.0
100014,30859,-92.0
100014,30945,957.0
100014,30934,866.0
100014,30992,-448.0
100014,31253,-119.0
100014,30938,-438.0
100014,30875,-451.0
100014,31094,-156.0
100014,30716,229.0
100014,30849,346.0
100014,155257,866.0
100014,31160,171.0
100014,31173,-142.0
100014,83082,163.0
100014,30815,-128.0
100014,31086,313.0
100014,31273,-243.0
100014,83014,-75.0
100014,30976,216.0
100014,3099202,-53.0
100014,3099199,622.0
100014,31131,249.0
100014,31053,-286.0
100014,30750,73.0
100014,83203,-442.0
100014,82974,-142.0
100014,83003,-347.0
100014,83084,-253.0
100014,30821,-438.0
100014,31248,-215.0
100014,29993,27.0
100014,30314,152.0
100014,30657,537.0
100014,29898,145.0
100014,29895,-262.0
100014,31348,321.0
100014,31020,-843.0
100014,31095,-889.0
100014,83220,-738.0
100014,30753,1080.0
100014,4076048,1175.0
100014,83128,-730.0
100015,43757,-175.0
100015,43342,-59.0
100015,43493,340.0
100015,43464,46.0
100015,43571,-784.0
100015,43804,-847.0
100015,43467,252.0
100015,43810,-969.0
100015,158187,-113.0
100015,43929,-608.0
100015,43473,-169.0
100015,43852,-900.0
100015,43979,-152.0
100015,170216,-256.0
100015,158240,581.0
100015,43636,-243.0
100015,3797579,-320.0
100015,43870,-1053.0
100015,43363,254.0
100015,43343,-497.0
100015,170207,-113.0
100015,43319,-580.0
100015,43543,-127.0
100015,44016,-646.0
100015,43766,-458.0
100015,170215,367.0
100015,170214,-191.0
100015,979960,322.0
100015,183408,-283.0
100015,997642,-247.0
100015,183350,-39.0
100015,973965,-70.0
100015,44039,-297.0
100015,158258,-435.0
100015,44112,-401.0
100015,44059,-726.0
100015,1007925,-267.0
100015,43532,-533.0
100016,20716,1295.0
100016,20974,-2047.0
100016,20836,-979.0
100016,20784,-959.0
100016,20767,-1236.0
100016,20890,-273.0
100016,20721,403.0
100016,20493,-1229.0
100016,20931,-895.0
100016,20709,-316.0
100016,20806,-1719.0
100016,20768,-253.0
100016,2506884,406.0
100016,2500981,-1964.0
100016,2543940,-113.0
100016,20944,-256.0
100016,20797,-2504.0
100016,20789,-780.0
100016,20853,-978.0
100016,20935,-811.0
100016,20704,-190.0
100016,20472,-1456.0
100016,20451,-2549.0
100016,20880,-1243.0
100016,2541294,-909.0
100016,2495927,-1538.0
100016,90059,-2717.0
100016,20682,-2603.0
100016,2486782,-1581.0
100016,21174,-672.0
100016,21126,-1393.0
100016,20339,1166.0
100016,2523645,1659.0
100016,2521807,1353.0
100017,20338,-13.0
100017,20218,44.0
100017,20276,-106.0
100017,20045,361.0
100017,20364,242.0
100017,20142,391.0
100017,20306,581.0
100017,20357,170.0
100017,20141,386.0
100017,20490,-265.0
100017,20088,454.0
100017,20225,411.0
100017,20447,-117.0
100017,20436,303.0
100017,20433,621.0
100017,20318,384.0
100017,20175,63.0
100017,20378,-830.0
100017,20407,-17.0
100017,20308,244.0
100017,20229,-198.0
100017,20311,-299.0
100017,20319,-197.0
100017,20343,-133.0
100017,20402,-463.0
100017,20332,-1150.0
100017,20263,-1297.0
100017,20272,-1151.0
100018,38146,1054.0
100018,38169,888.0
100018,38161,1082.0
100018,38365,1030.0
100018,38069,885.0
100018,38324,865.0
100018,38298,944.0
100018,38308,1396.0
100018,38272,463.0
100018,38288,1024.0
100018,38290,801.0
100018,38338,440.0
100018,38209,-115.0
100018,38207,430.0
100018,38022,1206.0
100018,38323,846.0
100018,38060,835.0
100018,38420,997.0
100018,37964,941.0
100018,37952,764.0
100018,38243,709.0
100018,38163,1355.0
100018,38176,228.0
100018,1632488,-88.0
100018,38469,1056.0
100018,38086,115.0
100018,1626351,578.0
100018,38151,525.0
100018,86686,370.0
100019,46115,1054.0
100019,45877,1008.0
100019,46441,1148.0
100019,45868,1253.0
100019,46006,1113.0
100019,46078,146.0
100019,46166,1219.0
100019,45900,718.0
100019,45667,646.0
100019,45650,894.0
100019,45955,1117.0
100019,46081,486.0
100019,46068,444.0
100019,45991,664.0
100019,46150,139.0
100019,46270,779.0
100019,46141,477.0
100019,45924,1037.0
100019,46261,919.0
100019,46436,784.0
100019,45711,692.0
100019,45958,772.0
100019,170239,981.0
100019,83855,980.0
100019,45912,251.0
100019,46277,768.0
100019,46533,545.0
100019,46350,1124.0
100019,46049,784.0
100019,46366,1226.0
100019,46523,1123.0
100019,46579,-45.0
100020,34071,69.0
100020,34152,-1116.0
100020,33960,-868.0
100020,33931,-133.0
100020,33779,481.0
100020,34237,-130.0
100020,33669,-500.0
100020,33809,19.0
100020,33946,359.0
100020,33991,-1905.0
100020,33799,-801.0
100020,33617,-1026.0
100020,34054,355.0
100020,33932,-522.0
100020,33549,-541.0
100020,83454,984.0
100020,33999,236.0
100020,34080,-265.0
100020,33948,-1821.0
100020,33992,-1718.0
100020,34175,-890.0
100020,33731,-1046.0
100020,1839063,-1702.0
100020,33924,-1262.0
100020,34017,-934.0
100020,33971,-1775.0
100021,47653,1532.0
100021,47831,-118.0
100021,47209,-360.0
100021,47861,-111.0
100021,47161,-650.0
100021,47392,-723.0
100021,2793720,-284.0
100021,47642,1701.0
100021,47236,-602.0
100021,47017,-575.0
100021,47594,-1288.0
100021,159165,597.0
100021,47168,275.0
100021,183807,97.0
100021,47266,-945.0
100021,46965,325.0
100021,47051,-726.0
100021,47649,282.0
100021,47134,619.0
100021,47457,-165.0
100021,747828,-194.0
100021,47065,337.0
100021,47374,-708.0
100021,46888,-47.0
100021,47149,-430.0
100023,34684,537.0
100023,34433,295.0
100023,34935,550.0
100023,35268,199.0
100023,34298,244.0
100023,35193,276.0
100023,33140,488.0
100023,35224,207.0
100023,34326,-128.0
100023,34995,328.0
100023,34248,344.0
100023,35292,129.0
100023,34415,-319.0
100023,34419,17.0
100023,34522,-193.0
100024,48928,765.0
100024,49035,1218.0
100024,84052,687.0
100024,48758,250.0
100024,96004,-18.0
100024,692720,-565.0
100024,95987,1106.0
100024,159460,-372.0
100024,95995,82.0
100024,159459,1312.0
100024,48913,275.0
100024,95983,-19.0
100024,95981,2056.0
100024,159481,181.0
100024,159479,388.0
100024,672105,62.0
100024,95968,907.0
100024,690572,435.0
100024,95993,-786.0
100024,686078,-108.0
100024,95944,-411.0
100024,3082370,-450.0
100024,95991,-1084.0
100025,59292,-123.0
100025,59286,122.0
100025,59461,300.0
100025,59307,-11.0
100025,59315,-740.0
100025,59411,468.0
100025,59365,114.0
100025,59326,-60.0
100025,59290,-384.0
100025,1808251,592.0
100025,59376,-707.0
100025,1805398,622.0
100025,59457,-302.0
100025,1825476,-344.0
100025,59422,-366.0
100025,95561,115.0
100025,1802966,767.0
100025,59462,365.0
100025,59306,-269.0
100025,95562,-752.0
100025,59430,-615.0
100025,2832043,-415.0
100026,46623,942.0
100026,46665,445.0
100026,46655,269.0
100026,46700,209.0
100026,46751,342.0
100026,3806620,509.0
100026,46510,-460.0
100026,158848,202.0
100026,158838,198.0
100026,46567,262.0
100026,158781,904.0
100026,3093943,565.0
100026,158767,-111.0
100026,158741,411.0
100026,158856,385.0
100026,47009,250.0
100026,46710,-250.0
100026,46654,3.0
100026,899951,936.0
100026,183649,309.0
100026,889700,422.0
100026,158801,283.0
100027,47031,168.0
100027,47972,440.0
100027,47582,-21.0
100027,48057,340.0
100027,48140,163.0
100027,47881,714.0
100027,47345,-124.0
100027,47879,63.0
100027,48339,143.0
100027,47860,194.0
100027,48166,76.0
100027,48168,119.0
100027,183963,647.0
100027,47992,-164.0
100027,47902,-40.0
100027,48380,167.0
100027,47746,490.0
100027,47568,-221.0
100027,48125,95.0
100027,667467,48.0
100027,47738,120.0
100027,183938,162.0
100028,1115173,959.0
100028,1124446,561.0
100028,60125,1522.0
100028,1126470,561.0
100028,60102,1133.0
100028,1126051,975.0
100028,1133206,1099.0
100028,1133027,1081.0
100028,1113057,1044.0
100028,3082701,-533.0
100028,1121505,1299.0
100028,161115,156.0
100028,1113838,508.0
100028,1138274,439.0
100028,3082702,24.0
100028,1114610,187.0
100028,161111,40.0
100028,1128224,1070.0
100028,1118374,148.0
100028,1114457,758.0
100028,1131343,622.0
100028,1128817,2089.0
100029,31777,572.0
100029,31954,277.0
100029,31672,9.0
100029,31739,534.0
100029,93974,1325.0
100029,101358,452.0
100029,31534,69.0
100029,31781,815.0
100029,31669,-439.0
100029,31717,233.0
100029,31722,72.0
100029,101353,392.0
100029,31802,638.0
100029,101366,1052.0
100029,32076,383.0
100029,101357,887.0
100029,4584471,491.0
100029,31643,-361.0
100029,96487,479.0
100029,101359,-413.0
100029,155714,429.0
100029,32144,-579.0
100029,32328,-384.0
100029,32303,42.0
100029,155850,-339.0
100029,31906,-137.0
100029,31685,287.0
100029,31666,-740.0
100030,23395,567.0
100030,23329,331.0
100030,23567,141.0
100030,23367,383.0
100030,23337,481.0
100030,23355,1058.0
100030,23552,642.0
100030,23630,-94.0
100030,23240,163.0
100030,23204,171.0
100030,23442,626.0
100030,23289,312.0
100030,23561,206.0
100030,23319,-422.0
100030,23546,939.0
100030,23358,-10.0
100030,23326,-12.0
100030,23379,711.0
100030,23325,92.0
100030,23507,-68.0
100031,45340,298.0
100031,45200,611.0
100031,44355,-138.0
100031,45215,-1.0
100031,45149,432.0
100031,45062,-213.0
100031,45086,-280.0
100031,45098,-288.0
100031,45217,339.0
100031,44911,-228.0
100031,44755,397.0
100031,44614,-112.0
100031,45355,256.0
100031,45351,109.0
100031,44663,-375.0
100031,45179,415.0
100031,717446,183.0
100031,45173,542.0
100031,720702,345.0
100031,45272,243.0
100032,50035,42.0
100032,50112,1070.0
100032,50104,827.0
100032,49967,1.0
100032,49991,358.0
100032,49952,334.0
100032,50113,1152.0
100032,49948,712.0
100032,50048,1040.0
100032,50091,132.0
100032,50087,-274.0
100032,2800984,91.0
100032,50059,-501.0
100032,50019,342.0
100032,50009,-137.0
100032,49959,825.0
100032,50006,116.0
100032,169915,849.0
100032,49960,171.0
100033,600770,1022.0
100033,600908,1402.0
100033,48506,433.0
100033,2793722,1114.0
100033,48735,929.0
100033,48817,1168.0
100033,48653,109.0
100033,48654,1142.0
100033,601456,1463.0
100033,612131,256.0
100033,615249,2171.0
100033,48765,1088.0
100033,159412,475.0
100033,48600,-139.0
100033,615308,1069.0
100033,599332,1321.0
100033,48628,70.0
100033,608877,229.0
100034,26520,39.0
100034,26504,125.0
100034,26346,-631.0
100034,26389,351.0
100034,26300,-615.0
100034,26366,115.0
100034,26371,-884.0
100034,26339,178.0
100034,26342,41.0
100034,26400,26.0
100034,26285,221.0
100034,26426,-507.0
100034,26602,-329.0
100034,26397,-602.0
100034,26290,-355.0
100034,26365,-541.0
100034,139185,-1200.0
100034,26508,-705.0
100035,23150,-37.0
100035,22906,-170.0
100035,23114,106.0
100035,22890,-498.0
100035,23111,-54.0
100035,22891,180.0
100035,23180,-294.0
100035,23159,-150.0
100035,23047,-120.0
100035,2575016,-9.0
100035,23119,-234.0
100035,23022,-59.0
100035,23269,22.0
100035,22914,-329.0
100035,22979,218.0
100035,23189,-270.0
100035,3728652,-523.0
100035,23174,-557.0
100035,22988,73.0
100035,22954,312.0
100035,22949,412.0
100036,43777,498.0
100036,170210,-1017.0
100036,43876,269.0
100036,43531,995.0
100036,44051,1297.0
100036,43829,585.0
100036,158163,-304.0
100036,43667,-690.0
100036,43684,-661.0
100036,43646,491.0
100036,43606,1343.0
100036,43846,-259.0
100036,43429,1129.0
100036,43859,484.0
100036,43521,1198.0
100036,183290,245.0
100036,43730,-386.0
100037,51089,942.0
100037,51169,27.0
100037,51132,373.0
100037,51250,1077.0
100037,51329,-85.0
100037,51170,-366.0
100037,51188,-401.0
100037,51287,-410.0
100037,51003,450.0
100037,51147,-199.0
100037,744158,178.0
100037,51141,-61.0
100037,51109,859.0
100037,51153,-104.0
100037,3097814,64.0
100037,755929,-685.0
100037,159763,-364.0
100038,63916,-257.0
100038,63990,171.0
100038,63942,59.0
100038,63937,274.0
100038,63869,-169.0
100038,63854,289.0
100038,63927,203.0
100038,3097207,317.0
100038,63862,134.0
100038,214731,67.0
100038,5060515,-760.0
100038,63926,103.0
100038,63944,204.0
100038,4667469,74.0
100038,4667478,125.0
100038,5060686,39.0
100038,214732,58.0
100038,63696,304.0
100038,63712,384.0
100038,166641,812.0
100038,5060464,196.0
100038,63693,1324.0
100038,166638,1347.0
100039,49356,-214.0
100039,48767,13.0
100039,49618,-279.0
100039,49347,-229.0
100039,49069,7.0
100039,49157,-12.0
100039,49011,123.0
100039,49112,72.0
100039,48749,-9.0
100039,49275,-373.0
100039,49464,-371.0
100039,49146,8.0
100039,49380,-189.0
100039,49389,-127.0
100039,49322,-33.0
100039,49002,131.0
100039,49142,-238.0
100040,43927,-730.0
100040,44369,713.0
100040,44107,-1095.0
100040,44368,-133.0
100040,893413,560.0
100040,44545,-863.0
100040,3094111,-411.0
100040,866953,1843.0
100040,44085,-173.0
100040,83666,-2.0
100040,43938,549.0
100040,3094013,-953.0
100040,158246,-325.0
100040,44119,-132.0
100040,44316,307.0
100040,44509,-735.0
100041,57583,816.0
100041,57748,-265.0
100041,57762,214.0
100041,57734,114.0
100041,57899,808.0
100041,57565,791.0
100041,57684,-867.0
100041,57800,-293.0
100041,57592,-487.0
100041,57716,-562.0
100041,57737,502.0
100041,57698,-1125.0
100041,57834,566.0
100041,57763,-309.0
100041,57751,-42.0
100041,57784,-410.0
100042,52433,-217.0
100042,52384,675.0
100042,52434,-308.0
100042,52367,163.0
100042,52525,-482.0
100042,52372,190.0
100042,52453,-246.0
100042,52382,215.0
100042,52541,314.0
100042,52423,249.0
100042,52452,66.0
100042,52475,-547.0
100042,52502,-537.0
100042,52428,-878.0
100042,1253780,-878.0
100042,52448,-676.0
100043,50385,-250.0
100043,50373,489.0
100043,50399,244.0
100043,50247,275.0
100043,140256,-317.0
100043,50486,-442.0
100043,3819529,41.0
100043,3099313,-808.0
100043,88962,-282.0
100043,2793526,-656.0
100043,50644,-126.0
100043,3820954,-542.0
100043,3082408,105.0
100043,2793530,-886.0
100043,184498,-608.0
100043,3820176,-744.0
100043,50414,1037.0
100044,22325,129.0
100044,22547,-579.0
100044,22440,220.0
100044,22428,423.0
100044,22533,-325.0
100044,22291,-466.0
100044,22430,23.0
100044,22259,-122.0
100044,22833,193.0
100044,22512,-582.0
100044,22689,114.0
100044,22557,-918.0
100044,22536,-620.0
100044,22204,-340.0
100044,22544,-531.0
100044,3726005,-318.0
100044,22777,-246.0
100045,15810,274.0
100045,15730,725.0
100045,15548,419.0
100045,16052,292.0
100045,15763,122.0
100045,15933,294.0
100045,15628,-157.0
100045,15919,550.0
100045,16110,343.0
100045,15545,-140.0
100045,2750931,195.0
100045,15617,-128.0
100045,2753777,570.0
100045,2757022,-358.0
100045,15693,600.0
100045,15604,-178.0
100046,54848,1549.0
100046,54958,481.0
100046,54832,1458.0
100046,55012,624.0
100046,55100,105.0
100046,54896,1101.0
100046,94747,245.0
100046,54709,-227.0
100046,54943,501.0
100046,54746,535.0
100046,55026,781.0
100046,54762,-993.0
100046,54967,32.0
100046,55033,-469.0
100046,54937,296.0
100046,55069,-159.0
100046,54676,-119.0
100046,54912,-1356.0
100047,46023,358.0
100047,45898,-298.0
100047,46566,485.0
100047,46528,909.0
100047,46442,62.0
100047,45960,-118.0
100047,46771,473.0
100047,46056,-198.0
100047,3442027,207.0
100047,45918,-263.0
100047,45847,-219.0
100047,46100,-172.0
100047,45716,-436.0
100047,45926,-459.0
100047,46157,-30.0
100048,61566,303.0
100048,61710,-361.0
100048,61543,-360.0
100048,61675,46.0
100048,61617,-686.0
100048,61525,445.0
100048,61548,-86.0
100048,61672,-207.0
100048,61576,-511.0
100048,61504,-813.0
100048,61530,-485.0
100048,61612,-157.0
100048,61538,-510.0
100048,1641016,-276.0
100048,1644893,-231.0
100049,47339,68.0
100049,47281,83.0
100049,47363,437.0
100049,47498,-303.0
100049,47338,210.0
100049,47318,-244.0
100049,47279,522.0
100049,47579,78.0
100049,47358,-588.0
100049,47325,199.0
100049,47337,-365.0
100049,47507,-159.0
100049,47091,67.0
100049,47504,-400.0
100049,47385,-361.0
100050,35604,-53.0
100050,35743,-905.0
100050,35757,-223.0
100050,170153,131.0
100050,35727,-162.0
100050,35746,30.0
100050,170158,-184.0
100050,35664,19.0
100050,170147,-352.0
100050,988316,177.0
100050,170149,67.0
100050,170152,48.0
100050,156715,-558.0
100050,156711,-643.0
100050,35744,-271.0
100050,35448,311.0
100050,170154,274.0
100050,170151,506.0
100050,170144,410.0
100051,47895,735.0
100051,47837,538.0
100051,47492,-102.0
100051,47961,316.0
100051,3810097,340.0
100051,47872,-118.0
100051,48047,79.0
100051,47723,96.0
100051,47516,296.0
100051,47989,170.0
100051,47795,361.0
100051,47920,-185.0
100051,2050834,192.0
100051,47497,36.0
100051,2040554,-257.0
100052,49240,-571.0
100052,49289,-244.0
100052,49492,-12.0
100052,49502,-479.0
100052,49470,-599.0
100052,49530,-33.0
100052,49361,-222.0
100052,49126,-432.0
100052,49127,-424.0
100052,49081,-614.0
100052,49297,-718.0
100052,215031,-372.0
100052,49425,-627.0
100052,49241,-515.0
100052,214167,-649.0
100053,20458,323.0
100053,21039,516.0
100053,22213,182.0
100053,24602,-17.0
100053,21334,148.0
100053,23770,103.0
100053,20601,401.0
100053,25166,-134.0
100053,25451,-285.0
100053,21210,218.0
100053,22316,-6.0
100053,20491,-185.0
100053,22640,-37.0
100053,20677,-45.0
100053,19846,-266.0
100054,3875157,3233.0
100054,59545,1875.0
100054,60039,704.0
100054,58826,482.0
100054,59539,806.0
100054,59480,4421.0
100054,59458,3525.0
100054,2780088,1776.0
100054,2777218,817.0
100054,58619,298.0
100054,58877,638.0
100054,58288,415.0
100054,59563,3164.0
100054,2776925,54.0
100055,47366,2196.0
100055,47115,842.0
100055,47080,-173.0
100055,47013,-540.0
100055,3806776,366.0
100055,47075,-603.0
100055,47164,-245.0
100055,47335,1536.0
100055,47142,272.0
100055,46735,209.0
100055,47064,-214.0
100055,46984,-1873.0
100055,47250,-666.0
100055,46797,-936.0
100056,51637,-1009.0
100056,51570,41.0
100056,51535,1624.0
100056,51607,-646.0
100056,51734,-608.0
100056,51651,-222.0
100056,51919,-1636.0
100056,51506,-831.0
100056,51548,-56.0
100056,3090382,-1576.0
100056,51718,-722.0
100056,51691,-255.0
100056,3090534,-1533.0
100056,84164,-2443.0
100057,18710,105.0
100057,18679,-606.0
100057,18793,-683.0
100057,18690,369.0
100057,18600,-897.0
100057,5061246,15.0
100057,18714,379.0
100057,18597,-535.0
100057,2404801,325.0
100057,18790,-906.0
100057,138849,-1157.0
100057,18819,-1048.0
100057,18703,191.0
100057,2376283,-1100.0
100058,33176,296.0
100058,33144,563.0
100058,33051,447.0
100058,33017,757.0
100058,33090,320.0
100058,33091,192.0
100058,33065,882.0
100058,33066,732.0
100058,32963,921.0
100058,1205077,-127.0
100058,83400,268.0
100058,83391,225.0
100058,83398,19.0
100058,83389,224.0
100059,28702,31.0
100059,928741,-392.0
100059,926095,-388.0
100059,28678,-280.0
100059,28656,-339.0
100059,181965,-77.0
100059,28624,-212.0
100059,181917,28.0
100059,28750,143.0
100059,3093635,-171.0
100059,28755,-123.0
100059,922086,-27.0
100059,181877,76.0
100059,945033,98.0
100060,43649,275.0
100060,43456,-49.0
100060,43573,-15.0
100060,43418,100.0
100060,43589,-116.0
100060,43244,6.0
100060,43550,207.0
100060,43224,25.0
100060,43770,231.0
100060,43821,-119.0
100060,43558,348.0
100060,43812,42.0
100060,43731,-177.0
100060,170200,161.0
100061,38373,-430.0
100061,38714,-806.0
100061,38297,310.0
100061,38526,28.0
100061,38515,-184.0
100061,38576,-118.0
100061,38744,-189.0
100061,38615,-194.0
100061,38564,-360.0
100061,38525,-57.0
100061,38532,443.0
100061,38516,494.0
100061,38676,170.0
100062,62121,-56.0
100062,62146,536.0
100062,62117,30.0
100062,2811498,-204.0
100062,62128,411.0
100062,1586026,440.0
100062,62158,-220.0
100062,62050,-277.0
100062,62070,-75.0
100062,1589991,-298.0
100062,1586621,-454.0
100062,1621089,-46.0
100062,62054,-363.0
100063,18711,-326.0
100063,17839,197.0
100063,18807,108.0
100063,18764,-30.0
100063,18535,171.0
100063,18645,-32.0
100063,18672,28.0
100063,18384,-262.0
100063,18682,-513.0
100063,18553,-310.0
100063,17904,503.0
100063,17700,159.0
100063,2781190,144.0
100064,44905,-512.0
100064,45096,-248.0
100064,44250,-516.0
100064,44966,-120.0
100064,45056,-338.0
100064,45102,-289.0
100064,158354,94.0
100064,44984,29.0
100064,44249,-419.0
100064,45028,-220.0
100064,693479,-291.0
100064,183509,46.0
100064,694536,-557.0
100064,44918,181.0
100064,44894,-156.0
100064,44902,191.0
100065,39724,224.0
100065,38742,-483.0
100065,40097,255.0
100065,39492,372.0
100065,39764,-58.0
100065,40988,-47.0
100065,39437,163.0
100065,39800,279.0
100065,41755,460.0
100065,40086,212.0
100065,38618,-96.0
100065,40330,539.0
100065,40011,-74.0
100065,39846,-71.0
100066,5060536,1816.0
100066,5060548,973.0
100066,35663,1072.0
100066,5060575,900.0
100066,3098904,-1532.0
100066,3098888,116.0
100066,35647,898.0
100066,5060926,-395.0
100066,35741,-183.0
100066,5061048,173.0
100066,4076183,343.0
100066,4076187,87.0
100067,54598,104.0
100067,54665,353.0
100067,54620,447.0
100067,54606,642.0
100067,54661,-532.0
100067,54636,-40.0
100067,54575,-157.0
100067,2832032,10.0
100067,95546,524.0
100067,54529,-37.0
100067,54443,-1027.0
100067,54713,-1081.0
100067,54338,7.0
100067,54235,-141.0
100067,54303,165.0
100067,54221,423.0
100067,54375,1659.0
100067,1272206,539.0
100067,54384,412.0
100067,54335,415.0
100067,54321,-165.0
100067,54372,230.0
100067,54315,323.0
100067,54352,-548.0
100067,54442,-1170.0
100067,54420,-1044.0
100067,54232,1165.0
100067,54344,1931.0
100067,54327,-37.0
100067,54188,1771.0
100068,4683824,803.0
100068,38630,1359.0
100068,4678960,-285.0
100068,38409,-239.0
100068,38769,794.0
100068,510275,506.0
100068,38591,895.0
100068,38538,418.0
100068,516716,572.0
100068,38309,269.0
100068,512349,113.0
100068,165596,-499.0
100069,29846,-686.0
100069,29825,-146.0
100069,29830,-62.0
100069,29897,21.0
100069,29854,652.0
100069,29874,79.0
100069,29796,-78.0
100069,29837,-644.0
100069,29789,380.0
100069,29805,-579.0
100069,29733,-117.0
100069,2125218,-392.0
100070,58788,731.0
100070,58777,1141.0
100070,58730,24.0
100070,58662,-190.0
100070,58766,153.0
100070,58840,50.0
100070,58784,44.0
100070,58669,115.0
100070,58867,71.0
100070,58645,287.0
100070,58733,-87.0
100070,58685,137.0
100071,38188,342.0
100071,38216,659.0
100071,38075,-159.0
100071,38359,193.0
100071,38120,129.0
100071,38115,-235.0
100071,38213,-321.0
100071,38305,366.0
100071,38311,-105.0
100071,38118,-120.0
100071,38497,113.0
100071,38033,-760.0
100072,55444,669.0
100072,3085671,-107.0
100072,5060525,324.0
100072,507106,-406.0
100072,2793207,45.0
100072,2801411,221.0
100072,2801410,96.0
100072,507763,52.0
100072,5060559,-570.0
100072,2801409,360.0
100072,505448,302.0
100072,5060835,299.0
100073,53643,353.0
100073,53862,-272.0
100073,54119,457.0
100073,53770,4.0
100073,54111,252.0
100073,54013,106.0
100073,53578,-269.0
100073,53901,-181.0
100073,53865,-407.0
100073,53521,186.0
100073,53941,-377.0
100073,54134,101.0
100074,46902,-76.0
100074,47194,135.0
100074,46910,476.0
100074,47169,-304.0
100074,47106,32.0
100074,46935,-9.0
100074,46585,199.0
100074,47145,377.0
100074,47078,-7.0
100074,46869,-186.0
100074,47224,-46.0
100074,46803,-140.0
100075,29076,94.0
100075,28919,146.0
100075,28909,-155.0
100075,28829,212.0
100075,28948,-147.0
100075,28732,89.0
100075,29203,278.0
100075,28840,237.0
100075,28715,-398.0
100075,4076004,40.0
100075,2816694,-205.0
100075,28781,-169.0
100076,47423,240.0
100076,47256,389.0
100076,47494,99.0
100076,47576,392.0
100076,47430,35.0
100076,47382,208.0
100076,47439,62.0
100076,47445,230.0
100076,47511,431.0
100076,47607,595.0
100076,47545,278.0
100076,3808879,-62.0
100077,35872,-1443.0
100077,35987,-1259.0
100077,36805,-3236.0
100077,36124,269.0
100077,35638,-3911.0
100077,35858,-3296.0
100077,36337,-1088.0
100077,35459,-3866.0
100077,36774,-3248.0
100077,94197,-1405.0
100077,36662,-2228.0
100077,3543300,1764.0
100077,35329,2026.0
100077,35834,1872.0
100077,35104,-1843.0
100077,36993,1478.0
100077,35010,-2836.0
100078,2811870,-731.0
100078,62261,-465.0
100078,2025924,2560.0
100078,61933,2351.0
100078,1979747,-1551.0
100078,2018978,558.0
100078,1944372,1492.0
100078,1955759,1686.0
100078,1996622,2184.0
100078,1962079,521.0
100078,1990003,374.0
100079,687361,-88.0
100079,46012,1763.0
100079,669748,1264.0
100079,670153,706.0
100079,673557,564.0
100079,672822,858.0
100079,679529,70.0
100079,675478,-17.0
100079,669631,1075.0
100079,682706,1849.0
100079,140163,385.0
100080,17877,295.0
100080,17954,124.0
100080,4666791,940.0
100080,17934,-718.0
100080,3087304,602.0
100080,5061245,183.0
100080,17952,-327.0
100080,2387213,435.0
100080,97120,710.0
100080,5060641,-223.0
100080,213321,-709.0
100081,46092,443.0
100081,45554,-909.0
100081,45719,18.0
100081,45921,-513.0
100081,45498,-977.0
100081,45513,-1129.0
100081,45439,-910.0
100081,45637,-448.0
100081,45647,-101.0
100081,2044262,169.0
100081,2041309,-516.0
100082,41980,795.0
100082,42067,666.0
100082,41995,1191.0
100082,41774,1213.0
100082,42060,489.0
100082,41671,616.0
100082,42353,405.0
100082,42083,705.0
100082,42315,-67.0
100082,42013,1215.0
100082,1803149,-57.0
100083,1109773,1.0
100083,161019,546.0
100083,1106076,-64.0
100083,1115643,115.0
100083,1109807,881.0
100083,1112354,1373.0
100083,1109835,475.0
100083,1108766,381.0
100083,1113291,801.0
100083,1105380,1029.0
100083,161015,817.0
100084,60342,748.0
100084,60230,1075.0
100084,60425,987.0
100084,60433,889.0
100084,60420,693.0
100084,2545233,935.0
100084,91593,377.0
100084,60473,683.0
100084,60359,110.0
100084,60452,290.0
100084,2549616,192.0
100085,26140,250.0
100085,26037,-241.0
100085,26139,33.0
100085,26204,-25.0
100085,26023,-444.0
100085,26219,-165.0
100085,26088,-203.0
100085,25993,-981.0
100085,26166,-465.0
100085,26160,-835.0
100085,26203,-317.0
100085,26274,441.0
100085,26292,197.0
100085,26250,85.0
100086,59894,-130.0
100086,59845,-278.0
100086,59938,199.0
100086,59868,-661.0
100086,59794,-185.0
100086,59976,-297.0
100086,59984,-521.0
100086,59950,369.0
100086,59973,535.0
100086,59912,-257.0
100086,2231801,-10.0
100087,36712,564.0
100087,36530,-215.0
100087,36702,151.0
100087,36722,-155.0
100087,36708,461.0
100087,36532,-93.0
100087,36627,-168.0
100087,36455,33.0
100087,3088640,-269.0
100087,36276,624.0
100087,3088750,-202.0
100088,45354,290.0
100088,90177,744.0
100088,166280,540.0
100088,166276,155.0
100088,166287,-142.0
100088,166273,-34.0
100088,166283,-2.0
100088,96538,14.0
100088,166279,533.0
100088,2801336,269.0
100088,166277,-182.0
100089,19430,248.0
100089,19468,163.0
100089,19362,-56.0
100089,19550,219.0
100089,19414,-88.0
100089,19404,-163.0
100089,5060794,505.0
100089,213343,306.0
100089,5060923,705.0
100089,3087124,22.0
100089,2433837,-335.0
100090,33601,-180.0
100090,33923,-255.0
100090,33647,98.0
100090,33824,-134.0
100090,34005,-668.0
100090,33952,-599.0
100090,33744,424.0
100090,4080452,-194.0
100090,33962,-286.0
100090,34098,-221.0
100090,33591,-203.0
100091,29554,489.0
100091,29525,325.0
100091,29420,347.0
100091,29616,747.0
100091,29505,142.0
100091,154804,731.0
100091,3085368,330.0
100091,592940,553.0
100091,5061294,279.0
100091,595804,537.0
100091,587967,650.0
100092,40887,-451.0
100092,40549,-410.0
100092,40470,-100.0
100092,41537,-45.0
100092,39787,-192.0
100092,40870,-117.0
100092,40430,58.0
100092,40649,182.0
100092,40486,-191.0
100092,40227,-365.0
100092,41123,-314.0
100093,63074,-767.0
100093,63090,-1421.0
100093,63129,-364.0
100093,63118,310.0
100093,165805,-2655.0
100093,63208,-548.0
100093,63126,-1657.0
100093,5061017,-1661.0
100093,63122,-2845.0
100093,63142,-1710.0
100094,54516,1286.0
100094,54566,405.0
100094,54660,-188.0
100094,54533,-347.0
100094,54604,-219.0
100094,54550,-18.0
100094,54580,639.0
100094,54525,226.0
100094,54528,-1070.0
100094,54589,621.0
100095,524943,-422.0
100095,4684048,-576.0
100095,3098984,-457.0
100095,4584935,-1433.0
100095,3085627,472.0
100095,513610,-797.0
100095,3099328,295.0
100095,3085630,-1089.0
100095,3082593,-512.0
100095,4584883,-846.0
100096,59795,846.0
100096,59946,691.0
100096,60043,553.0
100096,59962,926.0
100096,59943,1536.0
100096,2573300,1388.0
100096,59800,942.0
100096,59767,497.0
100096,60109,46.0
100096,95565,258.0
100097,51705,387.0
100097,51627,364.0
100097,51687,259.0
100097,51619,820.0
100097,51732,-33.0
100097,51605,710.0
100097,51843,-333.0
100097,1393996,339.0
100097,51657,888.0
100097,51650,-222.0
100098,26220,55.0
100098,26252,417.0
100098,26335,724.0
100098,26131,742.0
100098,26011,75.0
100098,26213,-231.0
100098,1623094,385.0
100098,26182,275.0
100098,26314,541.0
100098,26092,-469.0
100099,49384,810.0
100099,49271,201.0
100099,49052,320.0
100099,49316,73.0
100099,49339,-293.0
100099,3094715,343.0
100099,49638,822.0
100099,743697,-16.0
100099,3082373,404.0
100099,3094716,-185.0
100100,49619,178.0
100100,49632,475.0
100100,49808,551.0
100100,170313,748.0
100100,49685,904.0
100100,159522,144.0
100100,170312,114.0
100100,170315,-95.0
100100,49651,6.0
100100,792474,-87.0
100101,160996,-4.0
100101,889479,22.0
100101,4667245,805.0
100101,4077442,-81.0
100101,5061236,-67.0
100101,5061097,-69.0
100101,893809,154.0
100101,161009,842.0
100101,160991,284.0
100101,4077444,-41.0
100102,28356,457.0
100102,28388,115.0
100102,28263,-211.0
100102,170068,-61.0
100102,154365,333.0
100102,1050685,54.0
100102,154344,29.0
100102,28244,-236.0
100102,1040901,-530.0
100102,3081658,-471.0
100103,3093258,247.0
100103,3082662,-254.0
100103,58247,-289.0
100103,3865405,-86.0
100103,3093259,131.0
100103,3082668,-324.0
100103,3093260,289.0
100103,3082672,-472.0
100103,3093388,-77.0
100103,3082671,-676.0
100104,2647870,23.0
100104,3086568,-189.0
100104,2647202,-266.0
100104,3086626,-322.0
100104,2659033,9.0
100104,3712498,-131.0
100104,3712949,302.0
100104,2656405,41.0
100104,2646083,-615.0
100104,19448,-336.0
100105,33752,306.0
100105,33456,114.0
100105,33554,0.0
100105,33759,60.0
100105,33531,81.0
100105,83445,-176.0
100105,983301,-348.0
100105,91081,539.0
100105,156290,34.0
100105,977286,-192.0
100106,31068,227.0
100106,30775,-108.0
100106,30594,18.0
100106,30774,-229.0
100106,30416,-359.0
100106,30792,131.0
100106,30231,-85.0
100106,30865,-31.0
100106,100031,70.0
100106,30409,102.0
100107,61560,231.0
100107,61549,-223.0
100107,61497,121.0
100107,61571,174.0
100107,61574,62.0
100107,61526,-170.0
100107,61545,134.0
100107,1721082,60.0
100107,61565,-91.0
100107,1751925,-171.0
100108,2211940,2634.0
100108,2194452,-1373.0
100108,3087746,2535.0
100108,2195184,-888.0
100109,25860,156.0
100109,25790,1215.0
100109,25777,-167.0
100109,25819,-192.0
100109,25672,-438.0
100109,25554,335.0
100109,25752,-986.0
100109,153430,-1240.0
100109,25746,-1972.0
100110,57920,641.0
100110,57984,886.0
100110,57858,772.0
100110,57842,-120.0
100110,57964,289.0
100110,57951,-288.0
100110,2107839,46.0
100110,57839,139.0
100110,57816,-764.0
100111,43008,-1158.0
100111,43174,-849.0
100111,43387,-1162.0
100111,43256,-590.0
100111,43164,-1398.0
100111,43278,-1105.0
100111,43142,-1258.0
100111,3796335,-1386.0
100111,1805971,-1430.0
100111,42837,-453.0
100112,44289,-720.0
100112,83650,-530.0
100112,704985,-1351.0
100112,707188,-721.0
100112,158348,181.0
100112,2793681,-233.0
100112,714349,-641.0
100112,44242,-487.0
100112,44379,-911.0
100113,47230,340.0
100113,3082232,-354.0
100113,170252,373.0
100113,170251,106.0
100113,3082233,-688.0
100113,158976,-521.0
100113,791681,-347.0
100113,3082245,-970.0
100113,3808608,-334.0
100114,3097101,537.0
100114,3097103,861.0
100114,3097106,-146.0
100114,3097102,1139.0
100114,4683039,623.0
100114,4684426,717.0
100114,166512,683.0
100114,4683041,327.0
100114,4682923,1164.0
100115,53139,217.0
100115,53110,-186.0
100115,53120,-152.0
100115,1508419,103.0
100115,53182,-338.0
100115,84338,-410.0
100115,53051,-122.0
100115,53203,-935.0
100115,53195,-1094.0
100116,166298,-494.0
100116,390637,-55.0
100116,389662,-149.0
100116,3075191,-986.0
100116,166297,223.0
100116,3075208,-147.0
100116,166301,-667.0
100116,3075149,-90.0
100116,3098955,-823.0
100117,48640,-757.0
100117,170289,237.0
100117,170286,-884.0
100117,48732,-929.0
100117,849216,-511.0
100117,48637,-664.0
100117,184050,-627.0
100117,844318,-296.0
100117,849597,-743.0
100118,93971,165.0
100118,833108,429.0
100118,27387,-573.0
100118,27440,-39.0
100118,848736,-163.0
100118,27392,-282.0
100118,27494,133.0
100118,847934,-326.0
100118,154146,-780.0
100119,29122,-300.0
100119,29052,80.0
100119,29130,-707.0
100119,28954,-161.0
100119,29105,506.0
100119,182119,-305.0
100119,910400,365.0
100119,29053,33.0
100119,29163,-223.0
100120,47021,378.0
100120,46995,451.0
100120,47138,-215.0
100120,47109,-53.0
100120,159021,-2.0
100120,47163,-392.0
100120,47243,-665.0
100120,47108,217.0
100120,47364,-170.0
100121,28749,-514.0
100121,28875,42.0
100121,28922,73.0
100121,28886,-133.0
100121,28950,271.0
100121,28962,-152.0
100121,3094214,-336.0
100121,3081675,-435.0
100121,29021,-576.0
100122,32192,-13.0
100122,32007,-155.0
100122,32292,-209.0
100122,31883,384.0
100122,32508,-72.0
100122,33160,-237.0
100122,32249,-251.0
100122,31302,482.0
100122,32306,400.0
100122,31982,334.0
100123,51118,308.0
100123,51066,370.0
100123,51257,17.0
100123,51140,217.0
100123,51079,-222.0
100123,51226,-442.0
100123,51160,152.0
100123,51022,118.0
100123,51056,-364.0
100123,51318,153.0
100124,19949,-53.0
100124,19924,510.0
100124,19941,-179.0
100124,19829,-17.0
100124,19958,450.0
100124,19768,658.0
100124,19926,112.0
100124,19956,298.0
100124,19889,266.0
100125,33191,-927.0
100125,33161,-243.0
100125,33198,-233.0
100125,33182,-206.0
100125,33303,-326.0
100125,33244,-442.0
100125,32970,-573.0
100125,3469500,-459.0
100125,33129,-304.0
100125,32872,-1188.0
100125,32903,-1674.0
100125,32987,-747.0
100125,32887,-1649.0
100125,32997,-746.0
100125,3098210,-1287.0
100125,33128,-369.0
100126,27508,-230.0
100126,27513,222.0
100126,27281,128.0
100126,27516,217.0
100126,27625,-14.0
100126,82440,374.0
100126,82445,322.0
100126,82453,502.0
100126,82506,101.0
100127,34933,-75.0
100127,34797,-224.0
100127,34833,-86.0
100127,34631,-320.0
100127,34865,-621.0
100127,34973,-414.0
100127,34702,-229.0
100127,34803,-154.0
100127,2048050,-497.0
100128,43276,214.0
100128,43321,250.0
100128,43826,554.0
100128,44191,35.0
100128,43507,476.0
100128,43594,240.0
100128,44160,414.0
100128,43902,248.0
100128,43478,508.0
100128,44087,-94.0
100128,43330,411.0
100128,43972,313.0
100128,44358,459.0
100128,43050,469.0
100129,36918,-125.0
100129,36737,294.0
100129,37178,209.0
100129,37271,-109.0
100129,37752,210.0
100129,36719,-131.0
100129,36904,-178.0
100129,36885,71.0
100129,3097920,-149.0
100130,19756,400.0
100130,19128,315.0
100130,19191,328.0
100130,19775,-131.0
100130,19094,33.0
100130,19307,67.0
100130,19321,168.0
100130,19521,-12.0
100130,19159,119.0
100131,61202,-296.0
100131,2200435,270.0
100131,3087780,357.0
100131,61186,-2108.0
100131,3087863,138.0
100131,61341,711.0
100131,61284,419.0
100131,61181,-1956.0
100132,46200,-228.0
100132,46091,332.0
100132,46375,-1867.0
100132,46397,-164.0
100132,46244,-380.0
100132,46232,-455.0
100132,46231,-133.0
100132,45932,-1761.0
100133,61170,1225.0
100133,61224,743.0
100133,61293,688.0
100133,61249,158.0
100133,61174,-860.0
100133,61248,797.0
100133,2260040,334.0
100133,2259495,-860.0
100134,20082,372.0
100134,20130,-84.0
100134,20119,70.0
100134,20089,102.0
100134,20067,-1039.0
100134,20068,-576.0
100134,20205,-1370.0
100134,20117,10.0
100135,54131,-783.0
100135,54233,-698.0
100135,54297,258.0
100135,84525,577.0
100135,54291,195.0
100135,84486,559.0
100135,84463,280.0
100135,84450,-210.0
100136,21990,-510.0
100136,22162,26.0
100136,21984,-337.0
100136,22093,597.0
100136,22026,589.0
100136,21938,306.0
100136,22049,-284.0
100136,21913,-404.0
100137,46529,-1015.0
100137,46855,-124.0
100137,46605,-900.0
100137,46557,-1246.0
100137,46515,-576.0
100137,2025012,-716.0
100137,2017374,-317.0
100137,46355,-745.0
100137,46890,170.0
100137,46728,1074.0
100137,2002651,43.0
100138,59414,-8.0
100138,59420,-444.0
100138,59474,-613.0
100138,59574,-508.0
100138,59501,-717.0
100138,59454,-706.0
100138,59418,-213.0
100138,59427,-1256.0
100139,61089,127.0
100139,60918,447.0
100139,60974,-320.0
100139,61141,-571.0
100139,61109,-674.0
100139,61010,110.0
100139,61157,-66.0
100139,61309,335.0
100140,39749,-184.0
100140,39736,-553.0
100140,39691,-189.0
100140,39987,-332.0
100140,39679,-894.0
100140,39677,-1029.0
100140,39737,-559.0
100140,39774,-876.0
100141,3097084,-321.0
100141,3097091,-651.0
100141,3097093,-429.0
100141,90273,-362.0
100141,3097087,73.0
100141,3097083,-510.0
100141,3097097,-965.0
100141,3097100,-786.0
100142,52781,279.0
100142,52788,-337.0
100142,52747,-203.0
100142,52773,-762.0
100142,52778,-114.0
100142,52790,66.0
100142,52913,-358.0
100142,3833510,141.0
100142,52794,-377.0
100142,93126,-319.0
100142,52597,-694.0
100143,55015,14.0
100143,55387,489.0
100143,55378,107.0
100143,55099,-436.0
100143,55246,-390.0
100143,3085995,-129.0
100143,55236,71.0
100143,55266,-489.0
100144,28924,258.0
100144,29127,-134.0
100144,28977,-230.0
100144,28946,-296.0
100144,28967,-382.0
100144,29025,-657.0
100144,28963,-310.0
100144,3092582,260.0
100145,59122,-53.0
100145,59174,-247.0
100145,95560,280.0
100145,59157,718.0
100145,58953,88.0
100145,59179,403.0
100145,2785443,454.0
100145,59465,191.0
100146,36148,-79.0
100146,36397,246.0
100146,36625,-17.0
100146,36414,-77.0
100146,36372,-573.0
100146,36403,339.0
100146,36415,241.0
100146,36600,-83.0
100147,60558,-284.0
100147,60724,-439.0
100147,60532,183.0
100147,60491,-137.0
100147,60511,-64.0
100147,60529,-289.0
100147,60471,-163.0
100147,60576,-721.0
100148,37702,-171.0
100148,37661,-51.0
100148,37699,-21.0
100148,37729,-155.0
100148,37619,332.0
100148,37629,275.0
100148,37643,39.0
100148,37732,-472.0
100149,49359,144.0
100149,49605,-303.0
100149,49739,-24.0
100149,49598,-495.0
100149,49956,158.0
100149,49237,-243.0
100149,49285,184.0
100149,49337,37.0
100150,51668,-130.0
100150,51875,-10.0
100150,51728,-222.0
100150,51667,-488.0
100150,51643,-95.0
100150,51835,-275.0
100150,51618,255.0
100150,51716,-444.0
100150,51960,241.0
100151,34688,-276.0
100151,34900,-534.0
100151,170138,-637.0
100151,170135,-719.0
100151,1009922,-278.0
100151,156534,-287.0
100151,34909,-508.0
100151,1005066,-214.0
100152,24676,159.0
100152,24966,64.0
100152,24860,273.0
100152,24488,195.0
100152,24872,-237.0
100152,81925,-319.0
100152,669843,-118.0
100152,24405,-223.0
100153,26318,280.0
100153,26660,107.0
100153,26591,-257.0
100153,605511,99.0
100153,26558,60.0
100153,26626,105.0
100153,26552,104.0
100153,181754,-372.0
100154,45247,71.0
100154,45193,172.0
100154,690971,276.0
100154,44892,174.0
100154,45183,385.0
100154,44985,581.0
100154,158423,-50.0
100154,690139,93.0
100155,50022,382.0
100155,49890,8.0
100155,50067,374.0
100155,49942,275.0
100155,49841,249.0
100155,50097,421.0
100155,50001,623.0
100155,49835,212.0
100156,31323,118.0
100156,31274,15.0
100156,31015,60.0
100156,31036,69.0
100156,31223,276.0
100156,2753764,416.0
100156,31354,-85.0
100156,3086184,-265.0
100157,44096,142.0
100157,43425,-23.0
100157,44893,-192.0
100157,44831,-192.0
100157,43469,300.0
100157,45390,198.0
100157,43751,-240.0
100157,2781632,-25.0
100158,49164,373.0
100158,49722,-31.0
100158,49242,160.0
100158,49836,219.0
100158,49119,466.0
100158,49737,-112.0
100158,49198,205.0
100158,49071,192.0
100159,58756,-177.0
100159,58847,-162.0
100159,58906,148.0
100159,58938,-110.0
100159,58866,-191.0
100159,58750,-112.0
100159,58716,120.0
100159,58769,339.0
100160,17794,391.0
100160,17675,358.0
100160,17661,-67.0
100160,17692,42.0
100160,17645,84.0
100160,17456,283.0
100160,17757,368.0
100160,17659,179.0
100161,36348,216.0
100161,36299,-200.0
100161,36131,-39.0
100161,36441,-214.0
100161,36311,-51.0
100161,36536,-174.0
100161,36475,-367.0
100161,36456,-251.0
100162,32999,20.0
100162,467209,-239.0
100162,33230,-141.0
100162,90134,-329.0
100162,461227,-114.0
100162,3098868,-73.0
100162,3098869,-369.0
100162,461860,-151.0
100163,13880,297.0
100163,14261,202.0
100163,13943,330.0
100163,14432,195.0
100163,13693,408.0
100163,14531,113.0
100163,13498,271.0
100163,2722040,333.0
100164,38995,108.0
100164,38912,233.0
100164,39098,168.0
100164,38605,40.0
100164,38573,-75.0
100164,38906,248.0
100164,38593,221.0
100164,38903,108.0
100165,47406,555.0
100165,47307,41.0
100165,47538,1903.0
100165,159185,-1153.0
100165,47403,1.0
100165,3809469,279.0
100165,2793692,-1446.0
100166,62551,286.0
100166,2113161,884.0
100166,2114951,-951.0
100166,3084942,1313.0
100166,4667380,-555.0
100166,2115849,-743.0
100166,5060944,-695.0
100167,5060530,-240.0
100167,2206265,-194.0
100167,5060680,116.0
100167,5060568,-1964.0
100167,2196794,85.0
100167,5060866,644.0
100167,5060916,-253.0
100168,57515,322.0
100168,1922971,-661.0
100168,57524,-175.0
100168,1882314,1070.0
100168,2832039,-202.0
100168,57197,-743.0
100168,57326,-907.0
100169,26829,-65.0
100169,26337,53.0
100169,26479,-440.0
100169,2507411,1407.0
100169,26413,-140.0
100169,3087025,732.0
100169,26279,438.0
100170,53768,36.0
100170,4076869,457.0
100170,54005,1479.0
100170,4076880,110.0
100170,53688,45.0
100170,96558,265.0
100170,4076849,97.0
100171,35389,-11.0
100171,35479,1031.0
100171,35122,-233.0
100171,35210,-726.0
100171,35180,-89.0
100171,35252,-47.0
100171,35200,223.0
100172,63514,1436.0
100172,63573,281.0
100172,63491,950.0
100172,3087293,821.0
100172,63568,615.0
100172,63532,211.0
100172,4667459,917.0
100173,60571,855.0
100173,60651,77.0
100173,60613,33.0
100173,2062462,-165.0
100173,2066747,193.0
100173,2064491,-376.0
100173,60675,-778.0
100173,2078310,989.0
100174,35067,-474.0
100174,34770,953.0
100174,34881,168.0
100174,34882,690.0
100174,35017,123.0
100174,34964,316.0
100174,1700539,54.0
100175,44774,487.0
100175,44410,-128.0
100175,44579,601.0
100175,44155,955.0
100175,3082119,-46.0
100175,158211,642.0
100175,158216,-168.0
100176,23536,-1132.0
100176,23493,-716.0
100176,23508,-862.0
100176,23452,-145.0
100176,1262298,-577.0
100176,23510,-817.0
100176,1262771,-33.0
100177,28869,384.0
100177,3081678,854.0
100177,28801,511.0
100177,782719,488.0
100177,779503,876.0
100177,3749543,1292.0
100177,182084,299.0
100178,26542,-47.0
100178,26583,18.0
100178,26614,-534.0
100178,26597,-913.0
100178,1672956,-564.0
100178,26585,-472.0
100178,90913,-824.0
100179,50129,-832.0
100179,50152,-627.0
100179,50307,82.0
100179,49970,-422.0
100179,49946,-153.0
100179,49977,-654.0
100179,50038,94.0
100180,200508,704.0
100180,200480,439.0
100180,200505,74.0
100180,200501,827.0
100180,200476,-100.0
100180,200507,-47.0
100180,200461,120.0
100181,54077,-130.0
100181,54048,183.0
100181,53964,-608.0
100181,54087,-452.0
100181,53976,-548.0
100181,54054,-484.0
100181,3090007,278.0
100182,5061203,881.0
100182,5061200,80.0
100182,5061206,635.0
100182,5061215,276.0
100182,17437,781.0
100182,5061244,367.0
100182,5060934,108.0
100183,57161,323.0
100183,1105964,-364.0
100183,1111127,-222.0
100183,1093458,-63.0
100183,160770,-220.0
100183,140563,-673.0
100183,1092784,239.0
100184,35033,-771.0
100184,35114,-545.0
100184,35098,-447.0
100184,34790,-418.0
100184,650459,-74.0
100184,649177,-923.0
100184,659567,-286.0
100185,47610,-114.0
100185,48043,-374.0
100185,170267,-351.0
100185,170266,-268.0
100185,48021,441.0
100185,170274,107.0
100185,159283,-475.0
100186,40363,-568.0
100186,40713,-108.0
100186,40344,-825.0
100186,40322,80.0
100186,40776,-266.0
100186,40815,-228.0
100186,94212,-344.0
100187,60794,-423.0
100187,60781,-501.0
100187,60817,-429.0
100187,60848,-402.0
100187,60905,-270.0
100187,60904,-498.0
100187,60804,-1020.0
100188,55817,144.0
100188,55775,-17.0
100188,55801,-260.0
100188,55862,-271.0
100188,55827,419.0
100188,55894,-182.0
100188,55746,-482.0
100188,55898,-149.0
100188,3852397,-104.0
100189,50577,604.0
100189,50580,249.0
100189,50560,615.0
100189,50719,171.0
100189,50657,-129.0
100189,50726,76.0
100189,50498,-17.0
100190,5061113,-778.0
100190,592507,-138.0
100190,592501,164.0
100190,592822,-230.0
100190,96574,-130.0
100190,592594,-28.0
100190,3085693,-243.0
100191,51996,-240.0
100191,52113,-828.0
100191,52011,-218.0
100191,52131,-346.0
100191,52047,-452.0
100191,52157,-718.0
100191,52041,-311.0
100192,59041,-625.0
100192,3097002,-747.0
100192,4077399,-776.0
100192,4077407,-591.0
100192,3097001,-857.0
100192,5060773,-740.0
100192,4077421,-612.0
100193,3882132,90.0
100193,59960,-541.0
100193,60155,-126.0
100193,60009,-403.0
100193,3880488,-81.0
100193,60088,-329.0
100193,3880988,-629.0
100194,45643,414.0
100194,45574,273.0
100194,45165,-116.0
100194,45246,-243.0
100194,45052,365.0
100194,45177,367.0
100194,45224,-45.0
100195,23989,-125.0
100195,23911,-92.0
100195,23953,107.0
100195,23993,-551.0
100195,24017,173.0
100195,24092,249.0
100195,23948,101.0
100196,26055,107.0
100196,26089,-417.0
100196,26012,140.0
100196,25969,-251.0
100196,26085,-445.0
100196,26052,-10.0
100196,25965,-409.0
100196,26178,208.0
100196,3088981,217.0
100196,26153,64.0
100197,3099341,-111.0
100197,903270,-187.0
100197,3748238,-508.0
100197,904264,220.0
100197,181839,-363.0
100197,90962,-79.0
100197,903935,-422.0
100198,61258,-136.0
100198,61321,217.0
100198,1835357,324.0
100198,61316,34.0
100198,61302,-205.0
100198,61327,-279.0
100198,61270,-368.0
100199,137872,41.0
100199,137837,154.0
100199,137852,-382.0
100199,137829,156.0
100199,137879,171.0
100199,137805,-68.0
100199,137864,-359.0
100200,49420,-348.0
100200,49439,-76.0
100200,49427,-192.0
100200,49443,-134.0
100200,49557,128.0
100200,49643,-389.0
100200,3816312,-527.0
100201,34583,339.0
100201,35249,16.0
100201,34641,-146.0
100201,35191,430.0
100201,34889,-136.0
100201,35113,141.0
100201,34718,242.0
100202,48860,287.0
100202,49548,87.0
100202,49489,319.0
100202,49192,501.0
100202,48534,455.0
100202,49508,22.0
100202,49451,-34.0
100203,33122,-204.0
100203,170106,-249.0
100203,170103,-158.0
100203,1029796,-173.0
100203,1027765,39.0
100203,1030278,413.0
100203,156187,-13.0
100204,47678,37.0
100204,47654,214.0
100204,48023,237.0
100204,47884,2.0
100204,47939,-15.0
100204,47984,-232.0
100204,47745,382.0
100205,22219,-273.0
100205,22310,-256.0
100205,22275,229.0
100205,22145,164.0
100205,22295,-6.0
100205,22410,-211.0
100205,22376,32.0
100206,47007,323.0
100206,47076,-97.0
100206,832213,140.0
100206,170259,281.0
100206,842341,6.0
100206,834239,403.0
100206,3098304,350.0
100207,47740,-163.0
100207,47981,-266.0
100207,48015,106.0
100207,48185,-151.0
100207,47850,-307.0
100207,47936,-475.0
100207,47720,-84.0
100208,38588,98.0
100208,38345,348.0
100208,38511,123.0
100208,38711,234.0
100208,38464,-147.0
100208,38799,272.0
100208,38334,397.0
100209,49166,-41.0
100209,49315,283.0
100209,49165,2.0
100209,49447,37.0
100209,49272,60.0
100209,3089897,444.0
100209,214174,216.0
100210,37541,245.0
100210,37197,129.0
100210,3779586,-175.0
100210,37265,-132.0
100210,3778896,-81.0
100210,3099206,-236.0
100210,37552,134.0
100211,53269,341.0
100211,53012,-43.0
100211,53123,282.0
100211,53024,-109.0
100211,53078,135.0
100211,53095,-13.0
100211,53259,-43.0
100212,45631,274.0
100212,45280,82.0
100212,45281,48.0
100212,44872,111.0
100212,45228,-85.0
100212,45443,-79.0
100212,3084924,-216.0
100213,18909,335.0
100213,18837,200.0
100213,18755,154.0
100213,18729,20.0
100213,18779,95.0
100213,3709720,176.0
100213,18687,-134.0
100214,45514,-284.0
100214,45657,-362.0
100214,45426,-315.0
100214,45408,-309.0
100214,45475,-88.0
100214,45738,-399.0
100214,45666,-365.0
100215,30887,100.0
100215,31335,58.0
100215,30868,-332.0
100215,30867,-115.0
100215,30544,-30.0
100215,30873,-119.0
100215,30876,27.0
100216,46414,-5.0
100216,46502,-125.0
100216,46583,218.0
100216,47003,-13.0
100216,47092,-35.0
100216,46417,129.0
100216,141854,261.0
100217,25097,122.0
100217,25003,-84.0
100217,25075,-47.0
100217,25102,-240.0
100217,24926,-243.0
100217,25029,-22.0
100217,25103,45.0
100218,56462,-72.0
100218,56450,-84.0
100218,56544,10.0
100218,56656,34.0
100218,56420,111.0
100218,56476,-200.0
100218,56568,78.0
100219,37496,19.0
100219,37773,-34.0
100219,37326,-81.0
100219,37690,-87.0
100219,37863,-126.0
100219,37562,66.0
100219,37476,-101.0
100220,1606441,-674.0
100220,97421,-2073.0
100220,97420,-3390.0
100220,49691,-3982.0
100220,49305,-5874.0
100220,3441829,-5867.0
100221,36177,5616.0
100221,1070018,4373.0
100221,1062643,1775.0
100221,87458,2648.0
100221,156912,2375.0
100221,1067206,37.0
100222,2638646,587.0
100222,2622393,105.0
100222,2651632,450.0
100222,2643562,-1820.0
100222,2646690,-1892.0
100222,2657256,-3337.0
100223,182481,-2006.0
100223,4682689,-1081.0
100223,182479,1115.0
100223,523297,333.0
100223,4683722,-1268.0
100223,182485,-2502.0
100224,45304,391.0
100224,141551,-789.0
100224,183498,817.0
100224,141539,1167.0
100224,45727,-207.0
100224,614193,-1663.0
100225,3089101,2163.0
100225,1877728,-56.0
100225,61868,-885.0
100225,1869649,1007.0
100225,1895679,542.0
100225,1880221,198.0
100226,2302681,380.0
100226,2303402,343.0
100226,5060858,218.0
100226,2302830,-235.0
100226,2297134,-242.0
100226,5060906,-2129.0
100227,60803,2202.0
100227,60745,630.0
100227,2140740,1964.0
100227,60823,202.0
100227,60728,453.0
100227,3888315,602.0
100228,43577,1222.0
100228,44111,591.0
100228,44465,2231.0
100228,44000,779.0
100228,2777010,2284.0
100228,91238,685.0
100229,62664,72.0
100229,62731,-31.0
100229,62767,-353.0
100229,3088057,-16.0
100229,2156705,162.0
100229,62787,-2105.0
100230,61514,1923.0
100230,61490,948.0
100230,61505,585.0
100230,61507,-273.0
100230,61458,273.0
100230,61446,747.0
100231,668505,8.0
100231,183757,-660.0
100231,659951,1204.0
100231,659239,-171.0
100231,676398,-671.0
100231,46732,-437.0
100232,35720,-540.0
100232,35736,-524.0
100232,35920,-323.0
100232,35553,831.0
100232,35780,-557.0
100232,35774,-971.0
100233,84033,-872.0
100233,3811714,325.0
100233,84039,-839.0
100233,3810760,314.0
100233,652847,117.0
100233,84040,-831.0
100234,50364,999.0
100234,50393,1231.0
100234,50367,1328.0
100234,50336,459.0
100234,50358,277.0
100234,2748497,752.0
100235,48838,-957.0
100235,48750,-839.0
100235,1680585,-1170.0
100235,1681382,-189.0
100235,214145,0.0
100235,91309,-755.0
100236,54298,-378.0
100236,54325,690.0
100236,54280,590.0
100236,54515,778.0
100236,54151,597.0
100236,54331,852.0
100237,30732,-80.0
100237,30601,571.0
100237,30746,-243.0
100237,30767,-294.0
100237,1073846,19.0
100237,30899,-729.0
100238,35400,-12.0
100238,35170,588.0
100238,35327,-164.0
100238,35370,653.0
100238,35276,-321.0
100238,35281,-120.0
100239,38349,-257.0
100239,38387,479.0
100239,38149,687.0
100239,38350,421.0
100239,38388,159.0
100239,38398,-271.0
100240,58312,-492.0
100240,58353,-3.0
100240,58383,-529.0
100240,58241,-267.0
100240,58374,-347.0
100240,58313,-1005.0
100241,19210,-453.0
100241,19239,-266.0
100241,19169,326.0
100241,19168,-81.0
100241,5060874,230.0
100241,2403310,-624.0
100242,24269,794.0
100242,24267,778.0
100242,24268,653.0
100242,24241,878.0
100242,24204,880.0
100242,213510,1083.0
100243,27681,-439.0
100243,27716,88.0
100243,27701,-276.0
100243,27667,-394.0
100243,27630,50.0
100243,27558,-790.0
100243,27838,-517.0
100243,27866,-602.0
100243,27665,-903.0
100244,44977,37.0
100244,908309,521.0
100244,44990,-154.0
100244,44645,56.0
100244,904862,503.0
100244,918532,-330.0
100245,31863,156.0
100245,32141,530.0
100245,32058,61.0
100245,3088112,285.0
100245,32052,56.0
100245,31949,-497.0
100246,52787,743.0
100246,52855,595.0
100246,52791,143.0
100246,52872,443.0
100246,52767,736.0
100246,52748,753.0
100247,29531,-419.0
100247,29590,154.0
100247,29690,-294.0
100247,29529,77.0
100247,29905,-418.0
100247,29608,-629.0
100248,25902,514.0
100248,25773,193.0
100248,25895,666.0
100248,25885,594.0
100248,25868,317.0
100248,25748,-97.0
100249,22080,734.0
100249,21974,245.0
100249,22013,294.0
100249,22079,472.0
100249,22086,-122.0
100249,21975,204.0
100250,58004,108.0
100250,58060,-644.0
100250,58009,104.0
100250,58059,51.0
100250,58005,-83.0
100250,3091489,-371.0
100251,44767,362.0
100251,45029,75.0
100251,44788,308.0
100251,88703,-24.0
100251,3082118,-257.0
100251,820263,-433.0
100252,51087,307.0
100252,50955,803.0
100252,166026,458.0
100252,50935,544.0
100252,50966,48.0
100252,4682836,308.0
100253,88983,37.0
100253,170342,732.0
100253,159747,208.0
100253,51124,181.0
100253,3823722,83.0
100253,3094252,-45.0
100254,36156,-391.0
100254,35935,1.0
100254,36036,-434.0
100254,35907,-30.0
100254,36058,255.0
100254,36113,-304.0
100255,17400,133.0
100255,17419,-256.0
100255,2708162,443.0
100255,2719024,-15.0
100255,2703603,-149.0
100255,17488,-270.0
100256,24682,255.0
100256,24838,197.0
100256,24397,136.0
100256,24722,-368.0
100256,24473,-30.0
100256,24923,306.0
100257,16812,-122.0
100257,16741,-239.0
100257,2646322,-206.0
100257,2627870,-325.0
100257,2648208,-250.0
100257,2628413,-715.0
100258,53913,211.0
100258,53898,159.0
100258,53857,-121.0
100258,53906,80.0
100258,53952,-115.0
100258,53951,-445.0
100259,59088,-213.0
100259,59050,-93.0
100259,58995,-236.0
100259,58976,-431.0
100259,59027,-394.0
100259,58978,-629.0
100260,16816,325.0
100260,16316,624.0
100260,16723,211.0
100260,16912,476.0
100260,16724,100.0
100260,2770237,228.0
100261,25609,260.0
100261,25821,-65.0
100261,25622,390.0
100261,25734,-113.0
100261,25831,300.0
100261,25949,224.0
100262,3773920,219.0
100262,35959,112.0
100262,36039,263.0
100262,35962,112.0
100262,695908,589.0
100262,685479,299.0
100263,40378,-82.0
100263,39981,-283.0
100263,38578,-397.0
100263,40048,80.0
100263,38777,-25.0
100263,39763,-342.0
100264,59987,531.0
100264,59970,252.0
100264,1297243,152.0
100264,59920,95.0
100264,165724,321.0
100264,59995,238.0
100265,55620,76.0
100265,55601,-98.0
100265,55584,390.0
100265,55701,52.0
100265,55563,-64.0
100265,55781,214.0
100266,52261,270.0
100266,52179,119.0
100266,52160,299.0
100266,52183,125.0
100266,51928,-191.0
100266,52189,191.0
100267,22501,101.0
100267,22404,89.0
100267,22585,298.0
100267,22469,-209.0
100267,22460,141.0
100267,22531,254.0
100268,47835,-110.0
100268,799956,-332.0
100268,47909,-195.0
100268,88899,-11.0
100268,800080,-374.0
100268,47662,-366.0
100269,32128,-16.0
100269,32305,42.0
100269,32188,-81.0
100269,32147,97.0
100269,32206,75.0
100269,32258,397.0
100270,58804,-23.0
100270,58956,-177.0
100270,58745,-240.0
100270,58587,-358.0
100270,58586,-398.0
100270,58941,-280.0
100271,60418,-186.0
100271,60531,-369.0
100271,60439,-26.0
100271,60417,-191.0
100271,60438,-191.0
100271,1297095,-403.0
100272,860296,306.0
100272,25469,327.0
100272,25504,267.0
100272,25379,157.0
100272,181572,105.0
100272,2816650,-46.0
100273,30099,129.0
100273,30059,-33.0
100273,30010,21.0
100273,29800,23.0
100273,30068,323.0
100273,30061,-100.0
100273,30445,-107.0
100273,30440,-113.0
100273,30670,-94.0
100273,30283,77.0
100274,28283,159.0
100274,28246,159.0
100274,28606,287.0
100274,28147,74.0
100274,28607,-118.0
100274,28416,217.0
100275,36263,222.0
100275,36907,-12.0
100275,36025,111.0
100275,36776,350.0
100275,36888,286.0
100275,37026,159.0
100276,35968,0.0
100276,36203,-155.0
100276,36167,-98.0
100276,36195,57.0
100276,35930,-42.0
100276,36194,-346.0
100277,23304,209.0
100277,23332,35.0
100277,23234,94.0
100277,23527,72.0
100277,23345,139.0
100277,23437,-171.0
100278,23351,-41.0
100278,23509,159.0
100278,23397,128.0
100278,23504,-189.0
100278,23631,10.0
100278,23590,-79.0
100279,28571,-188.0
100279,28690,-105.0
100279,28536,-122.0
100279,28841,-47.0
100279,28874,-191.0
100279,28664,-230.0
100280,61477,-23.0
100280,61533,-49.0
100280,61482,-67.0
100280,61411,-46.0
100280,61520,159.0
100280,61654,-52.0
100281,39266,-50.0
100281,38212,93.0
100281,40500,-38.0
100281,39143,68.0
100281,38508,61.0
100281,38025,151.0
100282,55375,2764.0
100282,200324,-47.0
100282,55171,1323.0
100282,55060,-3157.0
100282,55214,132.0
100283,678777,-3958.0
100283,667927,-3079.0
100283,682507,-2614.0
100283,156969,-2629.0
100283,691738,-2655.0
100284,21842,-1891.0
100284,21836,-1955.0
100284,3090187,-374.0
100284,1550917,-539.0
100284,1570806,-2467.0
100284,3090186,-996.0
100285,60968,643.0
100285,60991,-995.0
100285,2539602,-648.0
100285,3086947,-654.0
100285,2566742,-2034.0
100286,61587,2450.0
100286,2539737,1001.0
100286,61575,735.0
100286,2556214,905.0
100286,2539161,60.0
100287,48544,461.0
100287,48432,-171.0
100287,48536,1242.0
100287,48572,1110.0
100287,48477,-1070.0
100288,60139,-116.0
100288,60168,-526.0
100288,60163,-1154.0
100288,60130,1116.0
100288,60129,360.0
100289,57562,-320.0
100289,57395,-68.0
100289,57418,504.0
100289,57417,1115.0
100289,57520,-87.0
100290,46059,-373.0
100290,46168,251.0
100290,46172,56.0
100290,617494,1136.0
100290,46027,10.0
100291,22360,981.0
100291,22355,838.0
100291,22366,236.0
100291,22392,340.0
100291,22334,-370.0
100292,54804,298.0
100292,54664,334.0
100292,1659639,-750.0
100292,1644411,-578.0
100292,3843747,-269.0
100293,4076900,-53.0
100293,530038,-936.0
100293,4684049,-157.0
100293,530523,226.0
100293,528222,-580.0
100294,55714,58.0
100294,55749,-575.0
100294,55743,485.0
100294,55742,425.0
100294,55627,-386.0
100295,540133,420.0
100295,36652,518.0
100295,36588,308.0
100295,4683799,974.0
100295,156995,-229.0
100296,900253,687.0
100296,55634,-413.0
100296,160588,-367.0
100296,160578,219.0
100296,160593,-166.0
100297,58598,-100.0
100297,58610,-90.0
100297,58655,230.0
100297,58641,481.0
100297,58556,883.0
100298,20483,-479.0
100298,20401,493.0
100298,5060947,-211.0
100298,1304263,-594.0
100298,1301945,-57.0
100299,182753,294.0
100299,182762,20.0
100299,182771,39.0
100299,3773540,-565.0
100299,35712,-661.0
100300,156245,-233.0
100300,156286,694.0
100300,1056275,661.0
100300,156203,196.0
100300,1056044,38.0
100300,33737,-312.0
100300,33626,-931.0
100300,3081821,-198.0
100300,1048402,-348.0
100301,56767,-159.0
100301,56602,484.0
100301,56589,-106.0
100301,56674,-571.0
100301,56423,-429.0
100301,56946,-272.0
100301,57242,-856.0
100301,57206,-182.0
100301,56927,-138.0
100301,56657,-65.0
100301,57104,-647.0
100302,46868,451.0
100302,46905,-269.0
100302,46754,403.0
100302,46816,-478.0
100302,46859,-61.0
100303,30292,-671.0
100303,30339,324.0
100303,1701370,-186.0
100303,30104,40.0
100303,1704570,172.0
100304,48597,-534.0
100304,48559,-48.0
100304,48698,-470.0
100304,48566,37.0
100304,48336,-781.0
100305,49017,390.0
100305,48996,-239.0
100305,170299,286.0
100305,91314,-517.0
100305,170294,69.0
100306,2000439,72.0
100306,47697,-383.0
100306,47812,-366.0
100306,2001898,-636.0
100306,2003645,230.0
100307,29536,368.0
100307,29301,446.0
100307,29381,106.0
100307,29349,-411.0
100307,29343,-211.0
100308,26058,831.0
100308,25966,470.0
100308,25962,480.0
100308,26054,-15.0
100308,26045,454.0
100309,21053,-91.0
100309,21017,-13.0
100309,2430203,446.0
100309,2435182,-562.0
100309,2433527,-77.0
100310,20525,747.0
100310,20468,522.0
100310,1269399,514.0
100310,1289381,858.0
100310,1289043,261.0
100311,22528,-352.0
100311,22506,213.0
100311,22611,-100.0
100311,22549,-203.0
100311,22541,-693.0
100311,1345762,-563.0
100312,51537,-11.0
100312,51624,-323.0
100312,51528,-540.0
100312,214266,153.0
100312,51465,-591.0
100313,34739,356.0
100313,170126,535.0
100313,1039367,301.0
100313,170130,167.0
100313,1040189,-318.0
100314,36185,510.0
100314,36119,496.0
100314,35815,510.0
100314,35853,47.0
100314,36020,-66.0
100315,33292,107.0
100315,33301,-482.0
100315,33291,79.0
100315,33518,-56.0
100315,33514,-512.0
100316,634698,-772.0
100316,156849,-396.0
100316,3775249,-457.0
100316,36383,-143.0
100316,156797,-204.0
100317,2391330,-133.0
100317,17292,381.0
100317,17163,-347.0
100317,2390330,-98.0
100317,2389733,-356.0
100317,2390358,-165.0
100317,17004,-340.0
100317,17035,94.0
100318,46637,155.0
100318,46518,348.0
100318,46657,390.0
100318,46519,546.0
100318,214106,-173.0
100319,33294,64.0
100319,33150,-67.0
100319,33435,109.0
100319,33280,-510.0
100319,33404,-353.0
100319,33450,115.0
100320,2308263,510.0
100320,3894392,-225.0
100320,2322449,305.0
100320,3087465,303.0
100320,2303258,35.0
100321,89988,444.0
100321,89984,545.0
100321,2593978,222.0
100321,2592927,-6.0
100321,2590277,-94.0
100322,509235,-174.0
100322,155602,20.0
100322,497596,425.0
100322,5060852,40.0
100322,4683706,-360.0
100323,59619,-173.0
100323,1728823,-473.0
100323,59591,-498.0
100323,59532,-120.0
100323,1719725,-659.0
100324,32466,-347.0
100324,32534,-541.0
100324,32514,-520.0
100324,946055,66.0
100324,170092,-230.0
100325,54646,450.0
100325,54776,743.0
100325,54670,422.0
100325,54644,210.0
100325,54740,318.0
100326,49792,-111.0
100326,49857,427.0
100326,49779,-140.0
100326,49866,-251.0
100326,49920,128.0
100327,60721,578.0
100327,60729,137.0
100327,3886665,-108.0
100327,2701716,289.0
100327,2701746,141.0
100328,3087366,-169.0
100328,5060618,426.0
100328,4664881,86.0
100328,166660,401.0
100328,4667503,242.0
100329,29181,358.0
100329,661224,263.0
100329,29035,-257.0
100329,165550,-7.0
100329,4075987,269.0
100330,31595,4.0
100330,31619,-467.0
100330,31417,-546.0
100330,3081766,-263.0
100330,4683702,-257.0
100331,21939,94.0
100331,21950,314.0
100331,22175,454.0
100331,22028,214.0
100331,21882,-191.0
100331,21960,27.0
100332,185196,196.0
100332,56432,-229.0
100332,185184,202.0
100332,998090,73.0
100332,185170,441.0
100333,50654,-12.0
100333,3559301,105.0
100333,50443,10.0
100333,50700,-344.0
100333,50661,-442.0
100334,2800916,-507.0
100334,3093386,-53.0
100334,3093253,-167.0
100334,3093255,-423.0
100334,3864138,-441.0
100335,21417,579.0
100335,21400,370.0
100335,21462,481.0
100335,21478,169.0
100335,21497,256.0
100336,138040,390.0
100336,7472,-73.0
100336,137994,-213.0
100336,137960,159.0
100336,5060914,45.0
100337,22967,149.0
100337,22840,142.0
100337,22829,-391.0
100337,3727817,-90.0
100337,22991,-180.0
100338,35945,-214.0
100338,35611,384.0
100338,36139,-22.0
100338,35948,-35.0
100338,35523,-97.0
100339,56803,-328.0
100339,56864,-76.0
100339,56576,-268.0
100339,56842,-517.0
100339,56579,-438.0
100340,45704,241.0
100340,45581,347.0
100340,45591,-229.0
100340,45480,42.0
100340,45491,35.0
100341,48182,202.0
100341,47964,194.0
100341,2793698,315.0
100341,47958,450.0
100341,48269,555.0
100342,46330,-114.0
100342,46661,-334.0
100342,46410,150.0
100342,46768,145.0
100342,46479,-189.0
100343,18607,530.0
100343,18467,307.0
100343,18674,329.0
100343,18728,87.0
100343,18426,237.0
100344,31336,25.0
100344,31605,-388.0
100344,31332,63.0
100344,31300,-223.0
100344,31342,67.0
100345,34749,-48.0
100345,34701,313.0
100345,34689,297.0
100345,1085434,94.0
100345,34668,397.0
100346,21341,125.0
100346,21261,-380.0
100346,21218,-115.0
100346,21204,-149.0
100346,21247,21.0
100347,62101,-178.0
100347,62043,-108.0
100347,62087,-265.0
100347,62108,-419.0
100347,2126909,59.0
100348,50042,-263.0
100348,50090,-65.0
100348,49799,-313.0
100348,50116,-148.0
100348,50256,163.0
100349,170366,-93.0
100349,959072,-315.0
100349,3840958,194.0
100349,3093477,93.0
100349,964900,-22.0
100350,45279,6.0
100350,47762,-41.0
100350,47847,269.0
100350,48139,-194.0
100350,45717,-152.0
100351,31470,-240.0
100351,155542,225.0
100351,31413,142.0
100351,155491,109.0
100351,1026856,0.0
100352,49705,239.0
100352,913848,71.0
100352,906846,196.0
100352,901949,366.0
100352,2802451,-63.0
100353,27227,167.0
100353,27278,-103.0
100353,27314,-96.0
100353,27376,-324.0
100353,27343,-76.0
100354,60410,155.0
100354,60260,-3.0
100354,60329,-19.0
100354,60339,-6.0
100354,60276,374.0
100355,39178,-27.0
100355,39049,-6.0
100355,39240,-277.0
100355,39302,197.0
100355,1695893,-42.0
100356,22314,167.0
100356,22282,-39.0
100356,22492,181.0
100356,22303,148.0
100356,22363,-193.0
100357,29016,212.0
100357,29278,183.0
100357,28915,250.0
100357,29157,167.0
100357,29109,453.0
100358,19605,-243.0
100358,19718,-25.0
100358,19716,-134.0
100358,19719,141.0
100358,19729,51.0
100359,52154,65.0
100359,51955,289.0
100359,51795,237.0
100359,52194,191.0
100359,51901,-15.0
100360,23025,368.0
100360,23781,176.0
100360,23247,142.0
100360,22763,119.0
100360,23462,120.0
100361,51963,-151.0
100361,51869,-263.0
100361,51956,-1.0
100361,3827568,-17.0
100361,727658,-198.0
100362,29246,-208.0
100362,29037,-191.0
100362,90982,-104.0
100362,29262,-287.0
100362,29184,-292.0
100363,2817033,37.0
100363,90265,-36.0
100363,90264,12.0
100363,988046,167.0
100363,4077483,248.0
100364,53411,-133.0
100364,53462,-6.0
100364,53424,-285.0
100364,53358,-59.0
100364,53427,-100.0
100365,21101,-43.0
100365,20953,-15.0
100365,20925,-71.0
100365,21008,-276.0
100365,21026,-130.0
100366,28322,42.0
100366,28252,-37.0
100366,28330,-45.0
100366,28235,31.0
100366,28232,-226.0
100367,25308,138.0
100367,25125,168.0
100367,25305,-78.0
100367,25143,129.0
100367,25108,127.0
100368,30293,-44.0
100368,82815,42.0
100368,82838,-27.0
100368,82869,-154.0
100368,82872,55.0
100369,48377,1.0
100369,48360,68.0
100369,48110,-52.0
100369,48128,38.0
100369,48273,-74.0
100369,48468,115.0
100369,48445,166.0
100370,1651411,-2707.0
100370,1671943,-2544.0
100370,3089921,-4602.0
100370,1666850,-5451.0
100371,733669,23.0
100371,43963,1306.0
100371,43562,-794.0
100371,43974,-2109.0
100372,23777,745.0
100372,23829,-874.0
100372,23766,-62.0
100372,23764,-1844.0
100373,20538,-243.0
100373,3088281,-398.0
100373,2075568,-2001.0
100373,2111196,47.0
100374,34305,1392.0
100374,34315,523.0
100374,34380,-497.0
100374,34398,816.0
100375,22264,1108.0
100375,2272950,-410.0
100375,22035,-620.0
100375,2274815,-404.0
100376,52758,-207.0
100376,52803,-1003.0
100376,3090116,-1494.0
100376,52698,-1022.0
100377,3442479,351.0
100377,27319,-747.0
100377,615237,-1186.0
100377,3442491,-529.0
100378,538334,305.0
100378,541649,1461.0
100378,540023,506.0
100378,537956,5.0
100379,167617,-529.0
100379,167618,705.0
100379,5060590,-843.0
100379,5060996,92.0
100380,45134,-1506.0
100380,897464,-540.0
100380,3093939,-259.0
100380,894345,-879.0
100381,62106,-1389.0
100381,95567,-906.0
100381,95568,-954.0
100381,62129,-1286.0
100382,23853,-337.0
100382,24138,990.0
100382,2738890,-65.0
100382,23807,-279.0
100383,33868,453.0
100383,33720,-640.0
100383,34051,6.0
100383,33872,-866.0
100384,28068,1075.0
100384,28014,763.0
100384,28118,769.0
100384,27920,-115.0
100385,24112,-231.0
100385,24145,-734.0
100385,24155,-718.0
100385,23940,-1269.0
100386,3087355,-449.0
100386,57940,-292.0
100386,2372868,-1202.0
100386,2360331,-252.0
100387,158426,-44.0
100387,702181,-625.0
100387,708035,-173.0
100387,704646,584.0
100388,56299,-210.0
100388,56159,-1029.0
100388,56057,20.0
100388,2730634,-260.0
100389,3098972,-570.0
100389,445237,134.0
100389,2793188,581.0
100389,3076547,267.0
100390,586640,335.0
100390,50846,498.0
100390,586217,508.0
100390,50643,-492.0
100391,47044,-447.0
100391,47006,-409.0
100391,844934,-203.0
100391,46887,547.0
100391,158869,-247.0
100391,46800,-42.0
100392,46774,5.0
100392,46741,188.0
100392,46944,-707.0
100392,88836,-596.0
100393,885421,546.0
100393,3081708,-370.0
100393,887285,-230.0
100393,884227,-449.0
100394,46651,653.0
100394,46565,-59.0
100394,170242,378.0
100394,927401,-372.0
100395,3097016,-422.0
100395,5060550,-353.0
100395,3097014,217.0
100395,3097017,-808.0
100396,919715,-410.0
100396,3082692,410.0
100396,918649,616.0
100396,922950,171.0
100397,53621,-630.0
100397,3077015,383.0
100397,3077002,133.0
100397,165652,150.0
100398,47633,526.0
100398,47491,-18.0
100398,807733,-310.0
100398,159257,-450.0
100399,52984,-174.0
100399,52917,693.0
100399,52937,-77.0
100399,52978,-220.0
100400,557123,-120.0
100400,31986,432.0
100400,555313,240.0
100400,556856,-532.0
100401,58256,405.0
100401,57956,-420.0
100401,58323,354.0
100401,3085999,-223.0
100402,3076932,358.0
100402,3076910,1.0
100402,3076960,768.0
100402,3076925,-87.0
100403,29606,-642.0
100403,29634,-184.0
100403,3463724,-269.0
100403,29574,-291.0
100403,29594,-1013.0
100403,29182,319.0
100403,29110,438.0
100404,55357,-192.0
100404,55496,23.0
100404,55337,-546.0
100404,55404,-754.0
100405,35418,-323.0
100405,2382943,-690.0
100405,35383,-834.0
100405,35391,-510.0
100406,57486,708.0
100406,57475,71.0
100406,57564,566.0
100406,3089166,97.0
100407,59675,66.0
100407,89012,399.0
100407,89010,-450.0
100407,4684925,258.0
100408,32235,651.0
100408,32196,739.0
100408,32273,445.0
100408,32220,135.0
100409,60008,715.0
100409,60007,376.0
100409,60074,587.0
100409,60020,50.0
100410,3097153,-412.0
100410,1997934,-343.0
100410,1994853,384.0
100410,2018932,-94.0
100411,3092716,-97.0
100411,23908,-787.0
100411,1060868,-159.0
100411,1061195,-195.0
100412,37288,-400.0
100412,37226,-212.0
100412,37097,205.0
100412,1695424,-562.0
100413,60598,667.0
100413,60588,791.0
100413,60626,477.0
100413,3886759,490.0
100414,20072,50.0
100414,20061,587.0
100414,20057,359.0
100414,2793665,-148.0
100415,33470,-184.0
100415,33485,-86.0
100415,33496,-42.0
100415,33461,-720.0
100416,30428,-156.0
100416,30628,-21.0
100416,30456,-579.0
100416,30663,213.0
100417,59161,-81.0
100417,59178,-181.0
100417,59087,-735.0
100417,59135,-145.0
100418,159650,-270.0
100418,159675,254.0
100418,925980,-522.0
100418,928917,-115.0
100419,56313,-143.0
100419,56392,-215.0
100419,56502,418.0
100419,56442,362.0
100420,25854,13.0
100420,25990,617.0
100420,25843,323.0
100420,25909,-42.0
100421,59133,173.0
100421,59125,224.0
100421,59145,141.0
100421,59126,-460.0
100422,55309,594.0
100422,55314,-105.0
100422,55321,-13.0
100422,55316,150.0
100423,57409,466.0
100423,57369,-24.0
100423,1783593,-229.0
100423,1795271,-144.0
100424,22806,565.0
100424,22933,478.0
100424,79923,601.0
100424,22789,168.0
100425,39277,88.0
100425,39478,-356.0
100425,39168,-334.0
100425,38982,-541.0
100426,2800960,465.0
100426,31066,205.0
100426,31147,111.0
100426,31123,-235.0
100427,32941,-86.0
100427,96493,503.0
100427,32847,-82.0
100427,32909,-104.0
100428,30419,437.0
100428,30649,537.0
100428,30240,518.0
100428,30614,673.0
100429,55740,-5.0
100429,55725,-508.0
100429,55647,-497.0
100429,55802,-144.0
100430,59428,-335.0
100430,59344,195.0
100430,59435,-358.0
100430,59348,-334.0
100431,21276,285.0
100431,21280,-7.0
100431,21328,-63.0
100431,21285,-410.0
100432,55242,297.0
100432,55178,74.0
100432,55183,-166.0
100432,55274,454.0
100433,966349,-175.0
100433,966618,220.0
100433,975312,393.0
100433,973278,342.0
100434,53392,62.0
100434,53498,518.0
100434,53399,283.0
100434,608717,109.0
100434,2828182,-94.0
100434,613223,177.0
100435,49281,-108.0
100435,49244,-205.0
100435,49253,258.0
100435,49401,-362.0
100436,54492,380.0
100436,54396,-125.0
100436,54356,-172.0
100436,3098320,203.0
100437,36333,524.0
100437,36659,318.0
100437,36365,587.0
100437,3091447,380.0
100438,26751,308.0
100438,26535,309.0
100438,26723,-97.0
100438,26897,-156.0
100439,53223,228.0
100439,53287,592.0
100439,53148,199.0
100439,53128,160.0
100440,40684,-438.0
100440,40780,76.0
100440,40926,-153.0
100440,41052,76.0
100441,58588,-295.0
100441,58579,-594.0
100441,58617,-272.0
100441,3868745,-404.0
100442,34635,-88.0
100442,34093,180.0
100442,34207,302.0
100442,34669,-244.0
100443,57755,-127.0
100443,1028302,7.0
100443,1031993,-435.0
100443,1024561,-400.0
100444,34698,236.0
100444,34478,335.0
100444,34780,509.0
100444,34802,496.0
100445,20864,-301.0
100445,20782,30.0
100445,20738,-362.0
100445,20733,-401.0
100445,20955,-153.0
100446,35882,-244.0
100446,35942,-467.0
100446,35943,0.0
100446,35937,-310.0
100447,16269,-167.0
100447,2663108,-47.0
100447,166498,-496.0
100447,16271,-53.0
100448,3093227,206.0
100448,32537,186.0
100448,990047,-282.0
100448,155856,35.0
100449,57973,-209.0
100449,58011,109.0
100449,58096,-155.0
100449,57944,266.0
100450,32493,-280.0
100450,32151,269.0
100450,2747421,11.0
100450,2746605,8.0
100451,57416,-43.0
100451,57451,-17.0
100451,57503,6.0
100451,3860871,-433.0
100452,51354,-142.0
100452,51417,-317.0
100452,51319,-368.0
100452,51359,-477.0
100453,41838,232.0
100453,40836,144.0
100453,41489,217.0
100453,41222,-219.0
100454,42740,-490.0
100454,42942,-170.0
100454,42708,-92.0
100454,42998,-242.0
100455,170146,-193.0
100455,998778,-64.0
100455,35466,19.0
100455,1009187,-429.0
100456,55152,-50.0
100456,55200,-468.0
100456,55211,-138.0
100456,1326415,-201.0
100457,141881,-277.0
100457,4684447,-133.0
100457,715709,-486.0
100457,709369,-184.0
100458,31926,196.0
100458,31761,-193.0
100458,31875,249.0
100458,31941,82.0
100459,50740,15.0
100459,50721,-218.0
100459,50672,-345.0
100459,50709,55.0
100460,143071,-23.0
100460,1828189,116.0
100460,1849087,258.0
100460,1844713,-209.0
100461,52523,-178.0
100461,52401,-418.0
100461,628805,-172.0
100461,635117,-15.0
100462,27813,-329.0
100462,27748,-445.0
100462,27843,-248.0
100462,27779,-338.0
100463,46541,162.0
100463,46938,91.0
100463,46491,-35.0
100463,46489,-267.0
100464,47011,374.0
100464,46919,117.0
100464,47041,309.0
100464,46857,308.0
100465,23520,22.0
100465,917841,-190.0
100465,23534,-294.0
100465,180748,71.0
100466,3816076,-396.0
100466,3815845,-167.0
100466,763197,-299.0
100466,49495,-119.0
100467,20261,-29.0
100467,20121,329.0
100467,20278,96.0
100467,2274475,-39.0
100468,60019,348.0
100468,59996,258.0
100468,60011,375.0
100468,60006,174.0
100469,27180,77.0
100469,27255,316.0
100469,27150,48.0
100469,27132,-86.0
100470,161024,-270.0
100470,3097023,-280.0
100470,864331,-166.0
100470,3097026,-396.0
100471,4621204,120.0
100471,35997,309.0
100471,83477,-84.0
100471,36007,93.0
100472,66225,386.0
100472,2688392,174.0
100472,2688495,271.0
100472,140949,111.0
100473,89821,381.0
100473,50146,100.0
100473,50244,103.0
100473,3082407,56.0
100474,54223,-188.0
100474,53990,56.0
100474,53999,219.0
100474,54079,54.0
100475,27425,-28.0
100475,3744328,-26.0
100475,27317,108.0
100475,181796,310.0
100476,61935,74.0
100476,61873,357.0
100476,61945,73.0
100476,61950,224.0
100477,50369,-126.0
100477,49874,-207.0
100477,49993,-236.0
100477,50231,-387.0
100478,40189,159.0
100478,39982,-108.0
100478,170189,9.0
100478,40167,237.0
100479,37488,232.0
100479,37757,118.0
100479,37678,49.0
100479,37693,331.0
100480,49555,103.0
100480,49468,236.0
100480,49411,316.0
100480,49513,42.0
100481,703368,-55.0
100481,37984,46.0
100481,705415,-254.0
100481,3081951,82.0
100482,16394,40.0
100482,16524,-35.0
100482,16177,-115.0
100482,16184,-291.0
100483,24877,-187.0
100483,24741,-359.0
100483,24846,-151.0
100483,24821,-129.0
100484,23654,265.0
100484,23681,167.0
100484,23683,167.0
100484,23649,-35.0
100485,3872380,-34.0
100485,160954,21.0
100485,58910,-25.0
100485,160949,85.0
100485,3871846,273.0
100485,160948,193.0
100486,18860,30.0
100486,143069,142.0
100486,143066,-5.0
100486,97159,-204.0
100487,50299,75.0
100487,50617,-60.0
100487,50398,-48.0
100487,50466,242.0
100488,26710,-53.0
100488,1037016,243.0
100488,26718,-40.0
100488,26656,-21.0
100489,32659,171.0
100489,32864,302.0
100489,32728,26.0
100489,32749,142.0
100490,34913,121.0
100490,34883,118.0
100490,34758,49.0
100490,34748,-173.0
100491,46153,159.0
100491,42575,230.0
100491,42607,304.0
100491,45849,75.0
100492,32287,171.0
100492,32499,3.0
100492,32754,-78.0
100492,32549,-156.0
100493,32762,193.0
100493,4682672,69.0
100493,4682667,189.0
100493,4682670,-71.0
100494,23169,138.0
100494,23176,-24.0
100494,23278,-181.0
100494,23193,-2.0
100495,15862,-237.0
100495,16301,-222.0
100495,15986,-227.0
100495,2730004,-55.0
100496,37616,-169.0
100496,37624,77.0
100496,37559,-182.0
100496,37613,-101.0
100497,51510,-239.0
100497,51473,-113.0
100497,51405,-110.0
100497,1761126,40.0
100498,59380,-207.0
100498,91572,-203.0
100498,59330,-103.0
100498,3096522,22.0
100499,53450,78.0
100499,53525,-60.0
100499,53520,175.0
100499,53336,190.0
100500,20158,-240.0
100500,20127,33.0
100500,20126,-60.0
100500,20085,-120.0
100501,45806,66.0
100501,45952,277.0
100501,45911,67.0
100501,45860,62.0
100502,51275,-20.0
100502,51223,229.0
100502,51270,76.0
100502,51286,-18.0
100503,52412,185.0
100503,52455,8.0
100503,52735,-66.0
100503,52291,166.0
100503,52395,57.0
100503,52273,38.0
100503,52641,-159.0
100503,52614,-1.0
100504,54387,-180.0
100504,54427,66.0
100504,90201,-50.0
100504,54398,60.0
100505,46826,39.0
100505,46453,188.0
100505,46497,237.0
100505,46664,107.0
100506,50758,-90.0
100506,50483,-101.0
100506,50669,-254.0
100506,50870,-50.0
100507,47257,-113.0
100507,47559,50.0
100507,47231,-117.0
100507,47295,91.0
100508,32584,-93.0
100508,32434,118.0
100508,32424,39.0
100508,32679,139.0
100509,49306,18.0
100509,49296,-50.0
100509,49533,105.0
100509,49362,-144.0
100510,26018,90.0
100510,25676,-58.0
100510,24231,-80.0
100510,25427,-144.0
100511,33825,123.0
100511,33843,-115.0
100511,1661194,-47.0
100511,1644317,11.0
100512,49283,-169.0
100512,49161,-17.0
100512,49154,-181.0
100512,49078,-53.0
100513,50374,26.0
100513,50555,112.0
100513,50621,115.0
100513,50449,-87.0
100514,55553,-48.0
100514,55610,-162.0
100514,55618,35.0
100514,55590,-54.0
100515,27185,-88.0
100515,27184,-185.0
100515,27088,-22.0
100515,27175,-95.0
100516,32410,-105.0
100516,32340,-179.0
100516,32429,-32.0
100516,32506,-124.0
100517,37215,-104.0
100517,165588,-38.0
100517,182907,39.0
100517,182871,82.0
100518,18991,53.0
100518,19095,-12.0
100518,19408,97.0
100518,18917,-78.0
100519,53201,-187.0
100519,53178,-114.0
100519,53176,-114.0
100519,53231,-123.0
100520,2505064,23.0
100520,3087052,53.0
100520,53090,-100.0
100520,53207,-43.0
100521,3098867,-116.0
100521,33034,37.0
100521,33052,-68.0
100521,96492,-26.0
100522,30728,0.0
100522,30729,-17.0
100522,139382,36.0
100522,30653,-114.0
100523,35365,-49.0
100523,35302,86.0
100523,35320,81.0
100523,35332,44.0
100524,35070,1683.0
100524,35149,1620.0
100524,3409472,-1130.0
100525,3569763,2679.0
100525,56939,2052.0
100525,2029261,2335.0
100526,97413,1130.0
100526,42302,-1632.0
100526,3084747,228.0
100527,48226,-305.0
100527,48429,200.0
100527,3482695,-1856.0
100528,773866,2145.0
100528,772217,980.0
100528,3747390,519.0
100529,2191799,1151.0
100529,2202557,1619.0
100529,2188399,-53.0
100529,2198247,588.0
100529,62813,-367.0
100529,5060956,469.0
100530,827479,1285.0
100530,3099250,1433.0
100530,818674,1628.0
100531,2670543,-705.0
100531,2666071,-965.0
100531,5060669,-1659.0
100532,56901,-1386.0
100532,57187,-897.0
100532,3858488,-1443.0
100533,29889,1443.0
100533,29868,1153.0
100533,154812,469.0
100534,78199,-1441.0
100534,78093,-260.0
100534,78111,-365.0
100535,59751,-229.0
100535,2177407,1158.0
100535,59745,450.0
100536,850927,-451.0
100536,834526,296.0
100536,846000,-1092.0
100537,46334,598.0
100537,46212,-402.0
100537,46300,394.0
100537,46307,856.0
100537,158684,47.0
100538,34354,-627.0
100538,34123,697.0
100538,1756017,14.0
100539,26803,889.0
100539,26893,768.0
100539,26945,-116.0
100540,159403,1024.0
100540,2802458,158.0
100540,673351,774.0
100541,913936,129.0
100541,181625,295.0
100541,153566,-803.0
100542,60309,-957.0
100542,60344,-756.0
100542,1984185,-1084.0
100543,54222,-445.0
100543,54122,-1154.0
100543,54205,-384.0
100544,36207,953.0
100544,36064,597.0
100544,36127,1063.0
100545,61753,271.0
100545,61757,-499.0
100545,61758,-757.0
100546,31244,434.0
100546,31139,-605.0
100546,31048,264.0
100547,2801923,-61.0
100547,165734,-816.0
100547,2801922,208.0
100548,59024,840.0
100548,59064,811.0
100548,58957,112.0
100549,3099240,-628.0
100549,650990,-488.0
100549,652786,331.0
100550,30995,-31.0
100550,1073987,-428.0
100550,30828,-925.0
100551,55036,358.0
100551,55066,-454.0
100551,55117,-574.0
100552,50608,-189.0
100552,561466,779.0
100552,184516,311.0
100553,537017,-509.0
100553,537556,423.0
100553,5060674,-390.0
100554,2750746,-786.0
100554,2752478,-155.0
100554,2743866,-812.0
100555,24971,563.0
100555,153266,1.0
100555,24993,-441.0
100556,43713,806.0
100556,43472,-12.0
100556,43448,530.0
100557,30633,-79.0
100557,3086269,541.0
100557,3086220,-438.0
100558,22481,-59.0
100558,22657,-502.0
100558,22493,476.0
100559,56056,381.0
100559,56140,-457.0
100559,56164,-422.0
100560,1042793,81.0
100560,165723,614.0
100560,1035679,-343.0
100561,30606,-65.0
100561,30564,-166.0
100561,30692,-851.0
100562,21186,526.0
100562,21179,-132.0
100562,21197,-399.0
100563,47871,-751.0
100563,47932,-833.0
100563,47869,-701.0
100564,56447,-214.0
100564,56173,658.0
100564,56240,153.0
100565,50873,495.0
100565,50861,278.0
100565,50909,-338.0
100566,622636,447.0
100566,622181,361.0
100566,624679,-334.0
100567,943012,858.0
100567,951929,434.0
100567,951843,279.0
100568,49351,111.0
100568,49277,724.0
100568,184207,-44.0
100568,49455,-298.0
100568,49581,227.0
100568,49460,-208.0
100568,852787,-262.0
100569,157411,685.0
100569,744980,-85.0
100569,38509,379.0
100570,2777960,-306.0
100570,17034,59.0
100570,2780890,-710.0
100571,62100,-199.0
100571,3096809,-75.0
100571,62079,-773.0
100572,200423,-274.0
100572,200419,-259.0
100572,166518,478.0
100573,58250,-836.0
100573,58116,-322.0
100573,58084,-311.0
100574,159023,-700.0
100574,779595,-31.0
100574,46959,-467.0
100575,167983,-68.0
100575,97256,-37.0
100575,97254,-708.0
100576,26669,612.0
100576,26641,602.0
100576,26581,765.0
100577,28632,54.0
100577,28467,-302.0
100577,200252,-658.0
100578,62224,519.0
100578,62217,546.0
100578,5060955,-59.0
100579,60047,300.0
100579,59967,-436.0
100579,3088447,-283.0
100580,27521,573.0
100580,27380,-85.0
100580,27405,-122.0
100581,3082312,265.0
100581,48201,-341.0
100581,689188,387.0
100582,52754,433.0
100582,52610,134.0
100582,52749,-325.0
100583,17210,-389.0
100583,17140,-606.0
100583,17252,-700.0
100584,1549440,662.0
100584,1541483,529.0
100584,1541581,634.0
100585,21061,440.0
100585,2549042,492.0
100585,21143,-98.0
100585,21284,852.0
100585,21327,766.0
100585,21194,1084.0
100585,21318,-822.0
100586,1927443,661.0
100586,3088986,415.0
100586,3789019,112.0
100587,44888,399.0
100587,44868,506.0
100587,44823,-105.0
100588,27041,-309.0
100588,2699899,161.0
100588,27029,-488.0
100589,56185,717.0
100589,3854768,375.0
100589,56234,381.0
100590,30634,442.0
100590,155303,178.0
100590,3755741,-253.0
100591,33126,672.0
100591,33370,207.0
100591,33433,130.0
100592,42819,532.0
100592,42820,460.0
100592,88657,-15.0
100593,48519,526.0
100593,2800902,655.0
100593,48723,280.0
100594,3097050,-419.0
100594,3097053,-482.0
100594,3097058,-690.0
100595,55934,504.0
100595,55844,279.0
100595,1675254,-137.0
100596,170124,-106.0
100596,34333,-648.0
100596,34083,-185.0
100597,24603,276.0
100597,24584,-400.0
100597,24546,-168.0
100598,41225,265.0
100598,40669,-51.0
100598,40812,563.0
100599,3084878,662.0
100599,1704055,314.0
100599,26473,450.0
100600,38694,-479.0
100600,38759,92.0
100600,38562,-460.0
100600,38677,-140.0
100600,38908,298.0
100601,30344,-108.0
100601,30383,-511.0
100601,30132,114.0
100602,34259,21.0
100602,34227,586.0
100602,33915,250.0
100603,59319,425.0
100603,59321,534.0
100603,59313,35.0
100604,4585440,161.0
100604,49115,634.0
100604,166023,205.0
100605,53609,82.0
100605,53596,555.0
100605,160386,-15.0
100606,56146,426.0
100606,56184,588.0
100606,185167,138.0
100607,44949,294.0
100607,45132,224.0
100607,45294,-290.0
100608,213377,27.0
100608,3090957,220.0
100608,1411803,569.0
100609,23217,431.0
100609,23205,198.0
100609,1137283,-167.0
100610,4076015,445.0
100610,154642,88.0
100610,591490,-151.0
100611,34812,56.0
100611,35024,248.0
100611,94177,-353.0
100612,60926,-73.0
100612,60930,480.0
100612,60927,244.0
100613,43149,338.0
100613,43238,-110.0
100613,42999,403.0
100613,42975,291.0
100613,42689,497.0
100614,24125,-530.0
100614,24135,-68.0
100614,24198,-37.0
100615,21337,-580.0
100615,21288,-222.0
100615,3721736,-129.0
100616,31153,-173.0
100616,31189,325.0
100616,155423,-222.0
100617,45092,-449.0
100617,45103,-538.0
100617,1573857,-461.0
100618,60820,119.0
100618,60861,283.0
100618,60840,560.0
100619,34663,-177.0
100619,34587,-530.0
100619,34568,-441.0
100620,1729333,472.0
100620,19950,-75.0
100620,1723450,142.0
100621,405980,172.0
100621,50475,564.0
100621,409389,299.0
100622,44842,365.0
100622,45393,289.0
100622,44936,-135.0
100623,50999,370.0
100623,51095,-90.0
100623,50953,342.0
100624,47954,-134.0
100624,47796,292.0
100624,47944,-252.0
100625,53889,270.0
100625,928764,433.0
100625,3082580,533.0
100626,29760,-107.0
100626,29739,-495.0
100626,29728,-18.0
100627,61310,-195.0
100627,61289,-97.0
100627,1768412,336.0
100628,2365573,-328.0
100628,2382025,-513.0
100628,5060729,-460.0
100629,170270,214.0
100629,47921,241.0
100629,170276,-255.0
100630,86292,-230.0
100630,165788,197.0
100630,5060612,-304.0
100631,59021,389.0
100631,59059,175.0
100631,59040,497.0
100632,25418,228.0
100632,25471,-77.0
100632,25445,409.0
100633,60320,-223.0
100633,60264,216.0
100633,60358,-253.0
100634,33876,-443.0
100634,33896,-376.0
100634,33929,-471.0
100635,45853,-76.0
100635,183635,316.0
100635,950160,358.0
100636,26682,276.0
100636,26794,-236.0
100636,26671,-107.0
100637,28274,416.0
100637,28366,-30.0
100637,28254,-13.0
100638,50416,-154.0
100638,89859,153.0
100638,50170,340.0
100639,23692,433.0
100639,23774,394.0
100639,23800,433.0
100640,11506,189.0
100640,213142,234.0
100640,11098,-230.0
100641,215039,-72.0
100641,57498,389.0
100641,57510,-8.0
100642,62052,36.0
100642,62097,-245.0
100642,62086,269.0
100643,2164885,-418.0
100643,19251,-328.0
100643,19221,-455.0
100644,50520,293.0
100644,50589,-21.0
100644,877452,383.0
100645,47737,69.0
100645,47702,-186.0
100645,47816,309.0
100646,59707,-203.0
100646,3089808,-485.0
100646,1663964,-142.0
100647,45903,-273.0
100647,45818,-182.0
100647,45769,-485.0
100647,45834,-261.0
100647,45788,238.0
100648,31730,-406.0
100648,31738,-435.0
100648,31590,-352.0
100649,52070,172.0
100649,51939,-275.0
100649,52044,126.0
100650,802451,-311.0
100650,43669,-412.0
100650,3082081,-48.0
100651,39353,-10.0
100651,39354,158.0
100651,39418,-319.0
100651,38948,-29.0
100651,39013,323.0
100652,27503,114.0
100652,27349,414.0
100652,27457,367.0
100653,22859,129.0
100653,23081,43.0
100653,23074,438.0
100654,53784,275.0
100654,53794,380.0
100654,53780,-4.0
100655,3082676,86.0
100655,3868748,117.0
100655,3867566,442.0
100656,45196,342.0
100656,45178,410.0
100656,45655,375.0
100657,2798555,54.0
100657,2508388,287.0
100657,15890,-173.0
100658,97147,391.0
100658,2393259,137.0
100658,3087237,366.0
100659,54742,-364.0
100659,54693,-376.0
100659,54749,-371.0
100660,22601,-259.0
100660,3726295,-350.0
100660,22659,-420.0
100661,22443,341.0
100661,22419,103.0
100661,22394,-85.0
100662,38740,72.0
100662,38636,-318.0
100662,38682,-226.0
100663,30798,-279.0
100663,30921,-32.0
100663,182260,164.0
100664,24230,-332.0
100664,24254,-165.0
100664,24132,72.0
100665,40309,-148.0
100665,39775,-425.0
100665,40350,-120.0
100666,53965,-217.0
100666,53895,-35.0
100666,53897,-385.0
100667,47131,37.0
100667,47369,104.0
100667,46989,-32.0
100667,2001449,372.0
100667,47393,-118.0
100667,47433,110.0
100668,5061220,-93.0
100668,5060631,-281.0
100668,5060728,-389.0
100669,35034,-229.0
100669,35073,94.0
100669,170136,-266.0
100671,35566,614.0
100671,35504,632.0
100671,1771878,497.0
100671,35542,259.0
100672,26227,289.0
100672,26124,324.0
100672,2236591,388.0
100673,61106,279.0
100673,61098,52.0
100673,61097,354.0
100674,36964,-243.0
100674,37254,148.0
100674,36935,83.0
100675,35698,-156.0
100675,35601,158.0
100675,35626,-218.0
100676,3091126,-371.0
100676,3760438,-218.0
100676,1387173,-59.0
100677,20884,204.0
100677,20933,357.0
100677,20882,34.0
100678,48887,590.0
100678,49075,-11.0
100678,49148,337.0
100678,84054,56.0
100679,33196,34.0
100679,170101,-1.0
100679,33194,-314.0
100680,917780,-99.0
100680,922665,-239.0
100680,159842,-363.0
100681,28049,293.0
100681,28323,356.0
100681,3081659,149.0
100682,42476,-162.0
100682,42549,218.0
100682,42489,-41.0
100683,33080,-138.0
100683,33042,174.0
100683,91070,195.0
100684,53459,-218.0
100684,53501,111.0
100684,53458,-184.0
100685,51167,66.0
100685,51252,37.0
100685,1782629,341.0
100686,96447,303.0
100686,3098802,-39.0
100686,90107,76.0
100687,55848,319.0
100687,55852,299.0
100687,55828,113.0
100689,41673,-234.0
100689,41794,-59.0
100689,41953,-328.0
100690,29214,144.0
100690,4076003,363.0
100690,96468,113.0
100691,44231,-93.0
100691,44216,-33.0
100691,170221,251.0
100692,31743,-198.0
100692,794597,-129.0
100692,31695,145.0
100693,18104,-31.0
100693,18251,-322.0
100693,2606098,-195.0
100694,60760,-187.0
100694,60757,-192.0
100694,60759,-361.0
100695,59106,-255.0
100695,214543,92.0
100695,59201,-79.0
100696,16881,349.0
100696,2399108,225.0
100696,2395712,245.0
100697,47096,238.0
100697,46874,263.0
100697,46769,338.0
100698,23895,-104.0
100698,23890,-12.0
100698,23896,-315.0
100699,46283,199.0
100699,46286,-107.0
100699,46279,175.0
100700,26278,-270.0
100700,26130,-66.0
100700,691223,65.0
100701,20771,-327.0
100701,1660380,-120.0
100701,20616,-247.0
100702,5060496,5.0
100702,3097203,-203.0
100702,3097201,-278.0
100703,47953,-113.0
100703,48017,231.0
100703,47768,61.0
100704,45948,-72.0
100704,45787,193.0
100704,45848,-127.0
100705,45377,278.0
100705,45444,285.0
100705,45440,270.0
100706,49438,95.0
100706,87377,215.0
100706,87378,318.0
100707,31126,192.0
100707,31368,79.0
100707,31186,320.0
100708,25172,-286.0
100708,25280,-24.0
100708,25208,-6.0
100709,27859,225.0
100709,27847,322.0
100709,28099,231.0
100710,32555,254.0
100710,32633,161.0
100710,32487,310.0
100711,33675,248.0
100711,33691,303.0
100711,165569,253.0
100712,51993,278.0
100712,84225,210.0
100712,3087204,288.0
100713,28718,-20.0
100713,28569,140.0
100713,1012969,-186.0
100714,38235,243.0
100714,3074094,274.0
100714,37946,65.0
100715,30323,286.0
100715,30064,138.0
100715,31011,23.0
100716,45605,260.0
100716,45476,207.0
100716,45521,26.0
100717,153039,-88.0
100717,24353,-211.0
100717,24414,94.0
100718,22268,311.0
100718,21971,121.0
100718,21896,120.0
100719,5060984,187.0
100719,2180386,-74.0
100719,5060903,169.0
100720,37705,-173.0
100720,37654,-273.0
100720,37636,-271.0
100721,26753,108.0
100721,26898,-193.0
100721,26831,18.0
100722,50204,91.0
100722,50071,74.0
100722,50220,296.0
100723,44188,-109.0
100723,44583,114.0
100723,44094,-173.0
100724,3080163,-163.0
100724,30645,-89.0
100724,30562,-297.0
100725,61140,75.0
100725,61148,262.0
100725,61290,227.0
100726,34731,-125.0
100726,35111,84.0
100726,156572,-190.0
100727,38820,124.0
100727,38774,122.0
100727,38668,296.0
100728,60952,40.0
100728,60922,-230.0
100728,61015,-83.0
100729,20980,-268.0
100729,20860,-102.0
100729,3090185,-208.0
100730,50642,170.0
100730,50724,73.0
100730,50616,272.0
100731,35402,129.0
100731,213840,216.0
100731,35342,266.0
100732,59723,-33.0
100732,2168220,208.0
100732,59704,-32.0
100733,20252,-33.0
100733,20143,-243.0
100733,20293,-28.0
100734,63852,-88.0
100734,3097210,69.0
100734,3097209,-187.0
100735,33466,182.0
100735,33488,0.0
100735,33503,194.0
100736,42867,-65.0
100736,43094,191.0
100736,43046,39.0
100737,166327,26.0
100737,49996,-146.0
100737,166323,-198.0
100738,45702,-148.0
100738,1021091,-160.0
100738,45726,57.0
100739,4076934,-64.0
100739,54459,-237.0
100739,96561,-183.0
100740,36220,162.0
100740,36172,79.0
100740,534805,-89.0
100741,1359614,258.0
100741,59548,168.0
100741,1356663,147.0
100742,26887,219.0
100742,4075914,212.0
100742,640544,213.0
100743,38634,-1.0
100743,38454,-42.0
100743,38485,194.0
100744,61123,-66.0
100744,61091,62.0
100744,61079,181.0
100745,17315,-3.0
100745,17334,-66.0
100745,17261,-221.0
100746,40133,239.0
100746,39184,184.0
100746,39359,100.0
100747,22072,125.0
100747,22161,-115.0
100747,22036,-58.0
100748,96553,166.0
100748,166344,-62.0
100748,166343,-27.0
100749,21414,4.0
100749,1598154,209.0
100749,21412,25.0
100750,38054,-198.0
100750,37949,-151.0
100750,38052,-223.0
100751,165709,-51.0
100751,969870,-222.0
100751,4077489,-151.0
100752,57383,-82.0
100752,57258,148.0
100752,57324,66.0
100753,50769,226.0
100753,733680,126.0
100753,88969,61.0
100754,141885,-67.0
100754,55082,-47.0
100754,723929,148.0
100755,35556,169.0
100755,35588,74.0
100755,35393,-53.0
100756,21080,24.0
100756,21109,-180.0
100756,21036,-108.0
100757,63307,43.0
100757,63328,-152.0
100757,90331,-127.0
100758,51356,164.0
100758,51597,92.0
100758,51629,213.0
100759,37420,96.0
100759,38239,-109.0
100759,37958,-76.0
100760,53378,215.0
100760,53437,74.0
100760,53618,78.0
100761,22403,-108.0
100761,22317,-200.0
100761,22205,-160.0
100762,28294,175.0
100762,28573,-8.0
100762,4075961,47.0
100763,33672,-102.0
100763,33643,97.0
100763,33611,33.0
100764,36101,104.0
100764,35861,-13.0
100764,35954,138.0
100765,31031,-75.0
100765,30907,-121.0
100765,31084,46.0
100766,47600,-32.0
100766,47681,36.0
100766,47500,136.0
100767,55520,-141.0
100767,55501,-63.0
100767,55683,23.0
100768,26759,-142.0
100768,26743,-99.0
100768,26748,-7.0
100769,35955,-162.0
100769,36037,-74.0
100769,36192,-120.0
100770,58684,-54.0
100770,58554,25.0
100770,58778,107.0
100771,41564,-108.0
100771,41560,-114.0
100771,41344,-154.0
100772,3880409,-35.0
100772,60105,5.0
100772,59966,116.0
100773,25388,-110.0
100773,3090712,46.0
100773,25377,-25.0
100774,50848,71.0
100774,50866,153.0
100774,50831,109.0
100775,44841,1.0
100775,44829,-81.0
100775,44796,76.0
100776,48630,24.0
100776,48527,126.0
100776,48725,-8.0
100777,29950,-16.0
100777,30043,-111.0
100777,154979,33.0
100778,96527,96.0
100778,87368,106.0
100778,41624,-8.0
100779,34465,107.0
100779,34443,-5.0
100779,488276,-8.0
100780,27234,-121.0
100780,897815,-15.0
100780,27274,-41.0
100781,15211,77.0
100781,15584,17.0
100781,3098188,111.0
100782,32417,68.0
100782,32009,120.0
100782,32406,38.0
100783,35003,-4.0
100783,34908,-108.0
100783,34917,-56.0
100784,30895,38.0
100784,31166,96.0
100784,31029,109.0
100785,27074,-5.0
100785,26781,-15.0
100785,26968,-99.0
100786,3094503,-7.0
100786,28727,90.0
100786,3094661,51.0
100787,56407,5.0
100787,56401,-80.0
100787,56295,-58.0
100788,48216,-53.0
100788,48241,-95.0
100788,48365,-29.0
100789,47644,-23.0
100789,47645,-14.0
100789,47773,-91.0
100790,27958,61.0
100790,27461,74.0
100790,27688,17.0
100791,49711,-31.0
100791,49719,-54.0
100791,49704,-73.0
100792,3075152,-16.0
100792,3075108,-1.0
100792,166291,-65.0
100793,45683,16.0
100793,46030,19.0
100793,45754,15.0
100794,3500596,4106.0
100794,1767400,2444.0
100795,611904,3983.0
100795,52054,1456.0
100796,139030,3464.0
100796,21589,1236.0
100797,570020,-237.0
100797,575648,-3044.0
100798,96054,69.0
100798,951410,-1674.0
100798,159523,-2867.0
100798,94231,-3058.0
100799,24550,935.0
100799,24635,-1880.0
100800,2162381,-2268.0
100800,2144444,-113.0
100801,1657878,421.0
100801,4666894,-1965.0
100802,1077737,2000.0
100802,1071127,2103.0
100803,1594365,1849.0
100803,1598759,-260.0
100804,1017442,1808.0
100804,33086,370.0
100805,779003,1417.0
100805,3817655,1702.0
100806,1695198,1434.0
100806,1695816,1682.0
100807,5061275,169.0
100807,5061079,1448.0
100808,3087713,1381.0
100808,83796,41.0
100809,49773,-7.0
100809,93775,-1343.0
100810,1350433,1069.0
100810,1351679,-433.0
100811,698687,1239.0
100811,157841,-90.0
100812,2754246,1154.0
100812,2758308,-212.0
100813,183610,1247.0
100813,46073,-19.0
100814,30300,-691.0
100814,30238,-1412.0
100815,24572,-1249.0
100815,24344,-92.0
100816,21570,-802.0
100816,2665552,582.0
100817,957573,1232.0
100817,946831,107.0
100818,574231,-811.0
100818,3806376,-1341.0
100819,640976,-374.0
100819,647662,-1296.0
100820,45123,895.0
100820,44890,-369.0
100821,3086359,-623.0
100821,28614,634.0
100822,21440,1028.0
100822,21502,-102.0
100823,2477770,-1061.0
100823,4665026,38.0
100824,2778738,1170.0
100824,2778560,319.0
100825,681492,740.0
100825,96581,1186.0
100826,23790,-389.0
100826,81269,780.0
100827,1805887,-1168.0
100827,1801566,-773.0
100828,51538,1050.0
100828,51393,54.0
100829,887728,539.0
100829,42642,-610.0
100830,14265,-1133.0
100830,2780183,-565.0
100831,1095110,278.0
100831,155034,-804.0
100832,1441490,885.0
100832,58174,-127.0
100833,33741,-315.0
100833,33728,757.0
100834,619397,-928.0
100834,615154,43.0
100835,62476,-491.0
100835,62477,534.0
100835,3901758,336.0
100836,54826,672.0
100836,54814,1067.0
100837,41412,1061.0
100837,1858637,409.0
100838,55376,888.0
100838,55391,952.0
100839,1023381,-312.0
100839,1023642,722.0
100840,88702,-751.0
100840,44550,251.0
100841,54039,918.0
100841,54032,870.0
100842,24571,921.0
100842,2221052,132.0
100843,26982,721.0
100843,26774,-211.0
100844,56569,537.0
100844,2280786,-419.0
100845,43057,-286.0
100845,2790720,-933.0
100846,159298,913.0
100846,847355,696.0
100847,5060833,360.0
100847,1466992,925.0
100848,152901,346.0
100848,1038908,-576.0
100849,63498,868.0
100849,2774716,152.0
100850,95542,735.0
100850,3820005,-122.0
100851,170275,-113.0
100851,48266,-855.0
100852,29774,-51.0
100852,29762,776.0
100853,34435,187.0
100853,2021885,-681.0
100854,160653,83.0
100854,160662,-735.0
100855,687081,-70.0
100855,54627,-810.0
100856,2674942,405.0
100856,2672630,-488.0
100857,48801,701.0
100857,48678,-118.0
100858,49093,-742.0
100858,48793,2.0
100859,2816946,-840.0
100859,4076917,-563.0
100860,27931,835.0
100860,27752,253.0
100861,1683153,735.0
100861,1685163,742.0
100862,84232,835.0
100862,700251,396.0
100863,46423,726.0
100863,46305,22.0
100864,19625,-157.0
100864,3713547,618.0
100865,3090188,-723.0
100865,1573473,-680.0
100866,60226,-491.0
100866,60237,298.0
100867,29829,1228.0
100867,154954,979.0
100867,653798,455.0
100867,29778,465.0
100868,5060991,628.0
100868,1026513,-94.0
100869,55984,707.0
100869,55901,634.0
100870,56152,678.0
100870,56143,666.0
100871,44555,10.0
100871,44619,-280.0
100871,44618,489.0
100872,57423,-741.0
100872,2559662,-177.0
100873,58287,-713.0
100873,1741219,-619.0
100874,53533,-566.0
100874,53441,-704.0
100875,44073,-309.0
100875,141760,432.0
100876,56431,647.0
100876,56550,10.0
100877,21163,505.0
100877,21157,724.0
100878,51549,-626.0
100878,51591,-656.0
100879,80646,-227.0
100879,80665,-244.0
100879,909683,-875.0
100880,1623900,626.0
100880,56874,-21.0
100881,155803,-435.0
100881,170091,-732.0
100882,992397,-664.0
100882,4077543,-603.0
100883,31452,485.0
100883,31651,-233.0
100884,166324,-730.0
100884,3079545,-334.0
100885,90166,551.0
100885,90165,689.0
100886,93106,-366.0
100886,32705,357.0
100887,2677228,371.0
100887,2671936,-345.0
100888,170121,-667.0
100888,182508,-169.0
100889,21526,625.0
100889,3723773,67.0
100890,24905,-177.0
100890,25044,-659.0
100891,28885,338.0
100891,1369961,-341.0
100892,36928,509.0
100892,36946,-127.0
100893,27531,-640.0
100893,861652,-167.0
100894,57596,236.0
100894,57655,-420.0
100895,170329,-8.0
100895,50132,566.0
100896,3914865,-641.0
100896,2744527,-216.0
100897,3087292,112.0
100897,2391180,610.0
100898,155036,409.0
100898,869470,631.0
100899,21095,367.0
100899,21213,-266.0
100900,2634427,573.0
100900,2636064,521.0
100901,900422,569.0
100901,900504,515.0
100902,20857,-24.0
100902,20840,532.0
100903,1739569,-404.0
100903,53475,-617.0
100904,54469,61.0
100904,3098145,-509.0
100905,62245,609.0
100905,62295,189.0
100906,55846,506.0
100906,55803,551.0
100907,46970,591.0
100907,158858,402.0
100908,52928,461.0
100908,53010,-108.0
100909,1047041,-564.0
100909,1048357,-467.0
100910,32618,-559.0
100910,32023,-464.0
100911,35386,-520.0
100911,156604,-7.0
100912,1834856,-406.0
100912,3097164,143.0
100912,3097163,-554.0
100912,1823433,186.0
100912,1836390,-331.0
100913,53788,35.0
100913,53729,528.0
100914,5060456,-333.0
100914,19286,-586.0
100915,26740,570.0
100915,26712,402.0
100916,2827169,472.0
100916,677052,-59.0
100917,23499,-214.0
100917,23454,359.0
100918,19571,-11.0
100918,19642,494.0
100919,53293,73.0
100919,53179,-456.0
100920,33205,273.0
100920,33582,571.0
100921,2793190,563.0
100921,2793189,365.0
100922,49257,197.0
100922,48890,-367.0
100923,170088,474.0
100923,139415,-35.0
100924,1026908,314.0
100924,1027905,-252.0
100925,37762,-497.0
100925,37919,-12.0
100926,702439,233.0
100926,701212,559.0
100927,36865,-417.0
100927,97493,114.0
100928,43749,-179.0
100928,140018,369.0
100929,2673662,498.0
100929,2673652,40.0
100930,60622,-235.0
100930,60600,317.0
100931,22624,458.0
100931,2060321,494.0
100932,3087161,529.0
100932,19113,135.0
100933,31258,-34.0
100933,31277,-490.0
100934,26796,188.0
100934,26717,539.0
100935,59571,-27.0
100935,59634,33.0
100935,59671,-466.0
100935,59681,-14.0
100935,59729,-66.0
100935,59544,9.0
100935,59580,-49.0
100936,52947,515.0
100936,1388980,391.0
100937,154513,428.0
100937,2816690,497.0
100938,36393,-222.0
100938,36409,-534.0
100939,61033,427.0
100939,61045,-64.0
100940,3073574,-171.0
100940,33070,-520.0
100941,61065,104.0
100941,61414,-394.0
100942,52588,265.0
100942,52532,523.0
100943,57559,-303.0
100943,57484,-516.0
100944,3091613,51.0
100944,46743,-420.0
100945,60959,201.0
100945,60963,513.0
100946,55231,480.0
100946,55225,401.0
100947,34575,190.0
100947,34615,-319.0
100948,24510,450.0
100948,24535,439.0
100949,22860,509.0
100949,22856,189.0
100950,55410,-333.0
100950,55426,171.0
100951,50302,-37.0
100951,50190,-455.0
100952,1787106,419.0
100952,1745802,446.0
100953,180463,347.0
100953,1045992,485.0
100954,26241,-492.0
100954,26177,-169.0
100955,23422,411.0
100955,23343,-38.0
100956,27285,360.0
100956,27072,-113.0
100957,89011,146.0
100957,96594,480.0
100958,36122,-5.0
100958,35940,-425.0
100959,3768318,480.0
100959,34401,313.0
100960,26311,367.0
100960,26263,-92.0
100961,1976357,105.0
100961,1963630,-357.0
100962,37785,-407.0
100962,37942,15.0
100963,30600,76.0
100963,30676,441.0
100964,3076989,333.0
100964,447346,-122.0
100965,48706,429.0
100965,48569,48.0
100966,31033,-177.0
100966,31043,-465.0
100967,34727,-20.0
100967,1056579,-414.0
100968,658677,299.0
100968,669511,-158.0
100969,60492,-262.0
100969,3884601,196.0
100970,25094,-443.0
100970,24979,-327.0
100971,3755567,280.0
100971,82924,-175.0
100972,34551,-303.0
100972,34588,147.0
100973,42670,-415.0
100973,3092852,-375.0
100974,59085,-407.0
100974,59102,-24.0
100975,1066515,-401.0
100975,1066522,-386.0
100976,181029,-248.0
100976,181041,-453.0
100977,51414,343.0
100977,51381,-85.0
100978,50865,68.0
100978,50830,-355.0
100979,44967,-359.0
100979,44956,-421.0
100980,1056083,233.0
100980,1056948,-218.0
100981,55818,119.0
100981,55950,-316.0
100982,58543,84.0
100982,58581,-341.0
100983,26403,54.0
100983,2140625,412.0
100984,2333998,-433.0
100984,21506,14.0
100984,21531,-183.0
100985,5060749,-378.0
100985,63317,17.0
100986,52489,-425.0
100986,52481,-330.0
100987,20384,230.0
100987,20365,445.0
100988,60390,435.0
100988,60484,137.0
100989,97119,283.0
100989,5060871,-150.0
100990,41303,154.0
100990,41254,-276.0
100990,1037842,13.0
100991,39263,103.0
100991,38877,-314.0
100992,46378,159.0
100992,46416,-271.0
100993,3829883,-431.0
100993,159951,-253.0
100994,19856,238.0
100994,19876,-194.0
100995,57828,315.0
100995,57735,-99.0
100996,53366,71.0
100996,53387,-331.0
100997,51985,-149.0
100997,51992,271.0
100998,20756,-346.0
100998,20749,-388.0
100999,37047,-122.0
100999,37013,-414.0
101000,55008,-322.0
101000,1633314,78.0
101001,36618,-206.0
101001,36614,-421.0
101002,51300,202.0
101002,51470,-220.0
101003,46101,312.0
101003,45833,-88.0
101004,58727,-242.0
101004,58744,176.0
101005,3092342,101.0
101005,54556,-299.0
101006,55185,-73.0
101006,4684788,-387.0
101007,3082126,-13.0
101007,88701,349.0
101008,682082,-227.0
101008,156840,-410.0
101009,40666,245.0
101009,40508,407.0
101010,2812989,402.0
101010,166560,266.0
101011,26387,-175.0
101011,26386,-405.0
101012,1330588,363.0
101012,55889,337.0
101013,3082162,-103.0
101013,3082166,283.0
101014,23519,-348.0
101014,23511,-2.0
101015,983261,293.0
101015,979921,-89.0
101016,933644,364.0
101016,934331,51.0
101017,1693769,350.0
101017,59198,28.0
101018,56613,255.0
101018,56524,-127.0
101019,51792,-98.0
101019,51601,-157.0
101019,51692,207.0
101020,60811,124.0
101020,2163522,-257.0
101021,30236,-346.0
101021,30267,-24.0
101022,23586,182.0
101022,1010143,-201.0
101023,51882,-116.0
101023,633981,256.0
101024,53322,-375.0
101024,53444,-237.0
101025,3715228,-193.0
101025,20013,179.0
101026,754683,356.0
101026,756700,266.0
101027,48448,32.0
101027,48458,-300.0
101028,170322,191.0
101028,3094534,-172.0
101029,51948,364.0
101029,52090,180.0
101030,33775,-240.0
101030,170115,-355.0
101031,32395,360.0
101031,32504,150.0
101032,24087,-187.0
101032,1062212,173.0
101033,24122,8.0
101033,24186,-307.0
101034,3755796,346.0
101034,3086330,84.0
101035,23685,108.0
101035,23688,351.0
101036,63664,348.0
101036,2538246,91.0
101037,63252,-314.0
101037,2541315,-9.0
101038,51850,-354.0
101038,51725,-127.0
101039,32087,233.0
101039,32101,348.0
101040,60883,19.0
101040,60838,314.0
101041,49586,325.0
101041,49750,45.0
101042,34903,-275.0
101042,34930,-325.0
101043,46202,278.0
101043,46293,-45.0
101044,49997,-324.0
101044,49909,-46.0
101045,29383,218.0
101045,29389,344.0
101046,50942,-345.0
101046,51023,-135.0
101046,50853,-22.0
101047,55960,204.0
101047,166051,343.0
101048,30982,246.0
101048,30971,332.0
101049,29845,-31.0
101049,29827,-309.0
101050,49574,260.0
101050,49695,-56.0
101051,48359,-338.0
101051,48352,-170.0
101052,3075305,-7.0
101052,96541,-297.0
101053,940658,-205.0
101053,939357,-333.0
101054,32824,170.0
101054,32743,337.0
101055,28938,229.0
101055,29078,327.0
101056,200396,-99.0
101056,2801590,-326.0
101057,1209867,330.0
101057,1214403,119.0
101058,62338,-196.0
101058,62231,-330.0
101059,56139,319.0
101059,56130,240.0
101060,19754,-261.0
101060,2292383,43.0
101061,1461419,328.0
101061,1458227,200.0
101062,59828,-270.0
101062,165719,29.0
101063,52355,-327.0
101063,52234,-159.0
101064,50629,-328.0
101064,50635,-178.0
101065,40104,-300.0
101065,40172,-34.0
101066,40576,-187.0
101066,2276534,139.0
101067,25496,323.0
101067,25603,108.0
101068,22613,-246.0
101068,22485,62.0
101069,1412410,-95.0
101069,5061049,-317.0
101070,42767,-318.0
101070,42659,-214.0
101071,3798972,295.0
101071,671030,262.0
101072,56425,-318.0
101072,56438,-212.0
101073,47801,221.0
101073,47686,-94.0
101074,594212,68.0
101074,50303,305.0
101075,23855,256.0
101075,23699,294.0
101076,27800,212.0
101076,27827,314.0
101077,39319,220.0
101077,39269,-88.0
101078,202112,116.0
101078,202191,312.0
101079,37303,-313.0
101079,707155,-145.0
101080,61822,-89.0
101080,2634338,216.0
101081,61971,-304.0
101081,62040,-95.0
101082,40023,-25.0
101082,39125,-282.0
101083,50817,-277.0
101083,50761,-261.0
101084,19788,296.0
101084,19831,231.0
101085,25130,286.0
101085,25214,33.0
101086,201677,-198.0
101086,166887,-303.0
101087,40160,125.0
101087,39983,306.0
101088,27840,-305.0
101088,27809,-183.0
101088,27351,-33.0
101089,59529,223.0
101089,59511,292.0
101090,45841,-278.0
101090,45940,-245.0
101091,49558,286.0
101091,749042,57.0
101092,183943,204.0
101092,3810382,296.0
101093,53401,-61.0
101093,3082566,225.0
101094,1238033,-299.0
101094,1227122,-130.0
101095,37720,-28.0
101095,37704,-273.0
101096,1830135,182.0
101096,1829675,-114.0
101097,46112,-121.0
101097,45978,-296.0
101098,19610,269.0
101098,19548,25.0
101099,54778,113.0
101099,54897,296.0
101100,60913,-264.0
101100,60887,-17.0
101101,46951,261.0
101101,47219,251.0
101102,97209,-264.0
101102,5060867,-16.0
101103,30204,42.0
101103,30208,-125.0
101103,30211,-252.0
101103,30391,126.0
101103,30515,-81.0
101104,56449,-275.0
101104,56457,-225.0
101105,25875,289.0
101105,25852,111.0
101106,37078,255.0
101106,37096,7.0
101107,165572,-246.0
101107,910742,-256.0
101108,61988,37.0
101108,62003,-230.0
101109,56883,-2.0
101109,56816,-251.0
101110,28200,-260.0
101110,1032280,-236.0
101111,46775,-180.0
101111,88833,104.0
101112,44952,-8.0
101112,44701,246.0
101113,60036,-257.0
101113,60113,-236.0
101114,5060509,-279.0
101114,571013,-84.0
101115,24481,-234.0
101115,2670497,21.0
101116,42939,17.0
101116,643265,-237.0
101117,919816,275.0
101117,32440,77.0
101118,36228,126.0
101118,36162,-157.0
101119,35219,166.0
101119,35105,282.0
101121,1013321,220.0
101121,3791610,-40.0
101122,63347,-42.0
101122,63278,-261.0
101123,60068,-262.0
101123,3094669,-213.0
101124,26282,257.0
101124,26187,35.0
101125,22698,92.0
101125,22776,-182.0
101126,27015,263.0
101126,27045,209.0
101127,56408,35.0
101127,56351,-220.0
101128,56278,258.0
101128,56456,46.0
101129,34712,185.0
101129,4535569,267.0
101130,29010,-77.0
101130,3750443,-266.0
101131,35706,-273.0
101131,2389424,-140.0
101132,60421,-200.0
101132,60383,-262.0
101133,55116,-112.0
101133,1784735,-270.0
101134,28445,-220.0
101134,28456,-250.0
101135,50083,-167.0
101135,50323,103.0
101136,58714,246.0
101136,2092782,219.0
101137,21711,1.0
101137,21664,-232.0
101138,60854,-264.0
101138,60800,-88.0
101139,72107,154.0
101139,72157,-113.0
101140,22713,203.0
101140,22700,-48.0
101141,27423,-207.0
101141,27477,40.0
101142,1679382,-251.0
101142,26820,-50.0
101143,1709765,-262.0
101143,1709872,-163.0
101144,97109,23.0
101144,5061267,-217.0
101145,2793440,212.0
101145,33955,-30.0
101146,45150,-258.0
101146,2350129,-89.0
101147,55297,258.0
101147,1049379,105.0
101148,3093666,-190.0
101148,935433,60.0
101149,869481,0.0
101149,4683586,-223.0
101150,32832,-238.0
101150,485659,-31.0
101150,489153,50.0
101151,166281,174.0
101151,3074931,249.0
101152,20844,-175.0
101152,20348,74.0
101153,3082685,-32.0
101153,3871332,203.0
101154,19440,123.0
101154,19425,-131.0
101155,21425,220.0
101155,21407,217.0
101156,62161,238.0
101156,62168,55.0
101157,30481,-236.0
101157,3094003,-52.0
101158,22246,-114.0
101158,22372,133.0
101159,4683781,241.0
101159,35759,169.0
101160,19760,154.0
101160,19739,-92.0
101161,37930,179.0
101161,37999,-60.0
101162,22680,139.0
101162,22717,-106.0
101163,63734,-197.0
101163,63756,30.0
101164,54955,-169.0
101164,54901,-240.0
101164,55046,-234.0
101164,1109214,-365.0
101164,2816958,-244.0
101165,19027,-136.0
101165,3086080,-246.0
101166,51895,-225.0
101166,51785,-26.0
101167,663905,-125.0
101167,52025,-244.0
101168,62021,244.0
101168,62026,106.0
101169,25640,-98.0
101169,25498,144.0
101170,61044,77.0
101170,60978,-160.0
101171,53699,210.0
101171,53658,6.0
101172,57182,19.0
101172,56947,217.0
101173,24429,208.0
101173,24489,-1.0
101174,1713927,-189.0
101174,1709867,-221.0
101175,32623,230.0
101175,32470,161.0
101176,21358,235.0
101176,21344,114.0
101177,26015,-219.0
101177,25899,-181.0
101178,840903,-216.0
101178,839895,-30.0
101179,32736,108.0
101179,32625,-124.0
101180,36944,-12.0
101180,36969,-127.0
101180,36962,-242.0
101180,36998,-222.0
101181,52028,227.0
101181,52170,98.0
101182,43824,-213.0
101182,964516,-170.0
101183,54873,-219.0
101183,1291342,-76.0
101184,26825,-185.0
101184,26805,-197.0
101185,60933,219.0
101185,60966,98.0
101186,33274,41.0
101186,33181,-165.0
101187,53052,-212.0
101187,52988,-146.0
101188,25457,-118.0
101188,25436,-215.0
101189,28218,143.0
101189,28245,209.0
101190,55482,-7.0
101190,55435,-189.0
101191,1521686,63.0
101191,22912,-144.0
101192,19590,-171.0
101192,19388,-190.0
101193,835215,-47.0
101193,834749,152.0
101194,36050,-202.0
101194,35909,-55.0
101195,20687,-13.0
101195,20674,-184.0
101196,57230,188.0
101196,56999,21.0
101197,29912,203.0
101197,30052,88.0
101198,160338,-195.0
101198,53482,-145.0
101199,57609,198.0
101199,2537831,74.0
101200,21583,-142.0
101200,21628,-194.0
101201,24194,-190.0
101201,24386,-148.0
101202,4682749,186.0
101202,4682752,31.0
101203,170122,3.0
101203,156414,-172.0
101204,25585,113.0
101204,1020072,199.0
101205,37452,-177.0
101205,170180,-168.0
101206,3860084,-178.0
101206,57208,-11.0
101207,50727,-160.0
101207,184533,-181.0
101208,57430,-47.0
101208,57406,143.0
101209,97537,96.0
101209,1033051,-101.0
101210,59901,8.0
101210,59752,176.0
101211,703821,175.0
101211,702927,6.0
101212,24212,-153.0
101212,24166,-186.0
101213,1034537,-186.0
101213,1038819,-42.0
101214,909924,-195.0
101214,3082683,-120.0
101215,53155,-36.0
101215,53202,147.0
101216,57598,193.0
101216,57626,74.0
101217,58459,-128.0
101217,4617455,-191.0
101218,60957,-24.0
101218,60975,-178.0
101219,2658213,-156.0
101219,2650498,19.0
101220,49022,172.0
101220,49358,161.0
101221,56785,-96.0
101221,90230,-192.0
101222,1047950,-178.0
101222,170338,-25.0
101223,59899,-189.0
101223,59902,-77.0
101224,56039,-347.0
101224,56067,-219.0
101224,56079,-162.0
101225,25935,176.0
101225,25934,148.0
101226,50675,-56.0
101226,88965,127.0
101227,24749,100.0
101227,24747,-87.0
101228,1035297,107.0
101228,1036167,185.0
101229,53426,167.0
101229,3837562,156.0
101230,44846,78.0
101230,44797,-151.0
101230,43784,20.0
101230,43798,-66.0
101230,43397,49.0
101230,43470,166.0
101231,30153,-178.0
101231,29430,-47.0
101232,1943149,147.0
101232,1931187,-20.0
101233,58811,-166.0
101233,1315865,-147.0
101234,152740,110.0
101234,23952,-70.0
101235,55338,57.0
101235,831702,-121.0
101236,2797090,-39.0
101236,2710116,-170.0
101237,59971,55.0
101237,59551,-119.0
101238,49133,-7.0
101238,89760,148.0
101239,46250,163.0
101239,46273,140.0
101240,51189,89.0
101240,51208,-88.0
101241,24082,172.0
101241,24099,61.0
101242,45603,159.0
101242,45734,142.0
101242,45230,742.0
101242,45239,418.0
101243,3883287,-93.0
101243,60147,80.0
101244,155784,51.0
101244,662757,167.0
101245,34087,-71.0
101245,34349,101.0
101246,34262,-133.0
101246,34362,29.0
101247,26410,157.0
101247,26469,18.0
101248,58292,59.0
101248,58196,-106.0
101249,55510,74.0
101249,55448,-94.0
101250,46074,59.0
101250,45983,-105.0
101251,60609,-68.0
101251,60550,-164.0
101252,31076,-152.0
101252,31281,-131.0
101253,15793,-158.0
101253,2689272,-114.0
101254,39984,158.0
101254,39796,112.0
101255,48889,111.0
101255,48871,-47.0
101256,52815,-147.0
101256,52810,-133.0
101257,25638,-139.0
101257,25578,-139.0
101258,62497,153.0
101258,2817128,45.0
101259,46369,-104.0
101259,3087098,51.0
101260,56562,-141.0
101260,56221,-131.0
101261,32224,-137.0
101261,32191,1.0
101262,2816862,36.0
101262,3099224,150.0
101263,21178,6.0
101263,21289,-132.0
101264,46647,10.0
101264,46851,140.0
101265,37651,-156.0
101265,37916,-79.0
101266,26631,154.0
101266,26903,97.0
101267,49794,-39.0
101267,49830,110.0
101268,22083,0.0
101268,22032,-133.0
101269,15212,10.0
101269,2734896,138.0
101270,43527,74.0
101270,43975,-80.0
101271,2640889,0.0
101271,23505,-132.0
101272,92998,146.0
101272,57472,111.0
101272,57420,321.0
101272,57349,404.0
101273,35581,-93.0
101273,35579,-151.0
101274,46813,-102.0
101274,46877,44.0
101275,44026,-11.0
101275,4682786,-133.0
101276,184522,-87.0
101276,140275,59.0
101277,2370105,-95.0
101277,57743,46.0
101278,20582,-140.0
101278,76943,-39.0
101279,405917,140.0
101279,4666293,64.0
101280,36199,-34.0
101280,36288,100.0
101281,51173,90.0
101281,1058483,-45.0
101282,29855,56.0
101282,29730,136.0
101283,11793,31.0
101283,12480,-100.0
101284,32946,36.0
101284,33124,-96.0
101285,32989,-118.0
101285,32892,-109.0
101286,51121,113.0
101286,51155,-1.0
101287,22294,130.0
101287,22285,64.0
101288,55268,72.0
101288,3099251,129.0
101289,20050,52.0
101289,20105,130.0
101290,58679,-115.0
101290,58567,-105.0
101291,53339,119.0
101291,52995,99.0
101292,1191249,-26.0
101292,58852,-121.0
101293,38016,-43.0
101293,38203,-124.0
101294,61111,67.0
101294,61336,125.0
101295,48802,112.0
101295,48806,6.0
101296,3092290,-122.0
101296,1243274,-40.0
101297,54445,86.0
101297,54154,121.0
101298,38285,119.0
101298,38410,29.0
101299,26161,-119.0
101299,213589,-70.0
101300,55569,119.0
101300,185134,76.0
101301,44838,23.0
101301,2301229,113.0
101302,839146,25.0
101302,3097004,-90.0
101303,48903,-117.0
101303,49047,-57.0
101304,59879,-48.0
101304,59789,-118.0
101305,55071,-47.0
101305,54949,-117.0
101306,30619,-106.0
101306,30450,-12.0
101307,49225,-70.0
101307,49270,-116.0
101308,839240,-44.0
101308,58667,-114.0
101309,46345,9.0
101309,46370,-95.0
101310,25487,-52.0
101310,25517,63.0
101311,56953,-116.0
101311,56938,-50.0
101312,48334,-113.0
101312,48467,-39.0
101313,52161,88.0
101313,52410,100.0
101314,36294,-92.0
101314,36193,6.0
101315,503768,75.0
101315,501503,-29.0
101316,29434,-98.0
101316,822715,-84.0
101317,49330,-27.0
101317,49503,73.0
101318,1350870,-100.0
101318,52516,-22.0
101319,51680,-92.0
101319,3082475,-4.0
101320,42295,84.0
101320,42368,-11.0
101321,45985,-57.0
101321,5061233,-104.0
101322,53933,14.0
101322,54117,97.0
101323,18990,-33.0
101323,18928,68.0
101324,54021,41.0
101324,54041,-61.0
101325,684981,-6.0
101325,680615,83.0
101326,3097212,-65.0
101326,3097213,34.0
101327,39961,95.0
101327,39752,67.0
101328,44559,-81.0
101328,44561,-87.0
101329,35360,60.0
101329,35316,-38.0
101330,1988491,97.0
101330,20196,36.0
101331,47731,86.0
101331,48286,83.0
101332,3085936,-35.0
101332,19817,62.0
101333,34021,42.0
101333,33721,-51.0
101334,53611,7.0
101334,160393,-77.0
101335,23960,-47.0
101335,23996,-94.0
101336,42681,-93.0
101336,42680,-49.0
101337,1264871,55.0
101337,1269140,91.0
101338,45240,-59.0
101338,3442291,30.0
101339,22930,63.0
101339,22758,87.0
101340,45204,57.0
101340,45176,86.0
101341,33141,80.0
101341,33116,70.0
101342,59649,75.0
101342,59638,-2.0
101342,59678,114.0
101344,55838,30.0
101344,951283,85.0
101345,48963,-67.0
101345,166032,-80.0
101346,26424,-70.0
101346,26478,-79.0
101347,20388,58.0
101347,20421,-25.0
101348,51799,-80.0
101348,51678,-14.0
101349,41184,-83.0
101349,1001085,-25.0
101350,25159,-32.0
101350,4075757,52.0
101351,28427,-61.0
101351,987142,-77.0
101352,26817,77.0
101352,26883,41.0
101353,42946,74.0
101353,42929,59.0
101354,53535,-14.0
101354,53529,-71.0
101355,21315,34.0
101355,21367,-39.0
101356,965584,-5.0
101356,35446,62.0
101357,45942,-57.0
101357,634165,6.0
101358,32767,-52.0
101358,32763,-66.0
101359,31994,68.0
101359,31953,37.0
101360,59415,47.0
101360,59305,-9.0
101361,55177,-17.0
101361,54847,40.0
101362,31275,-52.0
101362,31435,-5.0
101363,27398,-30.0
101363,27415,-57.0
101364,30265,-53.0
101364,30221,-17.0
101365,18801,26.0
101365,5060613,-28.0
101366,28981,-54.0
101366,29254,-19.0
101367,17911,-48.0
101367,18057,-1.0
101368,29146,52.0
101368,28120,41.0
101369,48450,50.0
101369,48482,40.0
101370,48330,42.0
101370,48217,-4.0
101371,53791,34.0
101371,53734,44.0
101372,36979,-4.0
101372,36932,37.0
101373,28122,-40.0
101373,28146,-13.0
101374,25462,-21.0
101374,25465,-40.0
101375,51332,-25.0
101375,51351,-37.0
101376,27670,-17.0
101376,28028,-36.0
101377,3442480,-30.0
101377,1069635,-3.0
101378,32089,-34.0
101378,32040,-18.0
101379,50216,29.0
101379,51210,27.0
101380,154255,2.0
101380,951981,-24.0
101381,1236503,-24.0
101381,20966,-29.0
101382,30939,26.0
101382,30981,27.0
101383,158274,24.0
101383,140034,24.0
101384,5060611,-25.0
101384,5060783,-6.0
101385,2816743,-12.0
101385,34046,-23.0
101386,48683,-13.0
101386,48692,-5.0
101387,54825,-10.0
101387,54779,-10.0
101450,1023715,-804.0
101450,158051,-473.0
101450,1015083,-745.0
101465,33798,1297.0
101465,33965,724.0
101476,3074866,-189.0
101476,3074864,-878.0
101502,19766,-579.0
101502,19873,-172.0
101584,58916,-425.0
101584,3870757,-259.0
101615,26394,147.0
101615,26382,-250.0
101658,32046,427.0
101658,32002,64.0
101935,50312,-223.0
101935,50728,-260.0
102138,70397,-115.0
102138,70329,-276.0
102201,47246,-65.0
102201,47215,81.0
102317,48142,27.0
102317,48127,151.0
102368,52036,-43.0
102368,52039,71.0
102432,35035,155.0
102432,34932,51.0
102527,31145,-88.0
102527,31601,-90.0
102531,31572,-281.0
102531,31545,-195.0
102855,62800,-38.0
102855,62711,-47.0
102855,91645,-60.0
102971,141857,-155.0
102971,50618,-133.0
103146,28219,-49.0
103146,28217,-53.0
103327,20607,5549.0
103327,2214033,3967.0
103327,3718501,2662.0
103327,2204564,4208.0
103327,3718890,-83.0
103327,2223524,371.0
103327,3087807,1662.0
103327,2227726,-277.0
103327,2219816,231.0
110023,43818,6945.0
110023,33866,233.0
110023,33642,191.0
110122,34697,98.0
110122,2370903,4652.0
110122,34612,81.0
110122,34257,-86.0
113096,20457,640.0
113096,20581,30.0
120002,39659,680.0
120002,39801,1160.0
120002,40490,1004.0
120002,39389,853.0
120002,39328,1030.0
120002,39384,716.0
120002,39718,801.0
120002,39656,212.0
120002,39738,822.0
120002,40179,101.0
120002,39412,665.0
120002,39251,487.0
120002,38964,537.0
120002,39972,711.0
120002,39922,703.0
120002,39034,1085.0
120002,39886,1067.0
120002,40715,735.0
120002,39687,953.0
120002,39712,445.0
120002,39592,421.0
120002,39719,513.0
120002,39699,-30.0
120002,39624,1144.0
120002,39114,506.0
120002,39765,1066.0
120002,39657,920.0
120002,39962,867.0
120002,39759,628.0
120002,39481,1056.0
120002,39708,682.0
120002,39860,595.0
120002,40021,319.0
120002,39794,175.0
120002,39951,562.0
120002,39388,457.0
120002,39660,472.0
120002,39583,27.0
120005,36971,1257.0
120005,37224,-249.0
120005,37032,-572.0
120005,37291,305.0
120005,37264,-471.0
120005,37237,-145.0
120005,37041,1319.0
120005,37126,403.0
120005,37052,-208.0
120005,37049,285.0
120005,37252,206.0
120005,36856,157.0
120005,37056,-243.0
120005,36939,-130.0
120005,37175,81.0
120005,37192,-54.0
120005,37039,-172.0
120017,20268,366.0
120017,20209,-469.0
120017,20331,-396.0
120017,20243,372.0
120017,20353,131.0
120017,20330,103.0
120017,20162,101.0
120017,20279,325.0
120017,20283,-55.0
120017,20135,-141.0
120017,20405,-111.0
120017,20062,-244.0
120017,20219,64.0
120017,20216,453.0
120017,20329,218.0
120017,20486,-259.0
120065,41441,118.0
120065,42002,-432.0
121002,38531,72.0
121002,38492,54.0
125002,44061,-121.0
125002,43950,-266.0
130002,38749,-131.0
130002,38885,-410.0
130002,38792,-398.0
130002,39025,-173.0
130002,39040,192.0
130002,39124,70.0
130002,38916,-62.0
130002,39152,44.0
130065,43586,-18.0
130065,42987,-162.0
140002,40033,-154.0
140002,40119,6.0
140002,40886,-176.0
140002,41719,-27.0
140002,40566,-245.0
140002,40122,-41.0
140002,41050,-387.0
160002,42970,-156.0
160002,42241,-159.0
160002,44086,-191.0
160002,42253,-35.0
160002,43331,-224.0
160002,42688,-204.0
160002,43413,-300.0
160002,42748,31.0
160002,43189,43.0
160002,43775,-230.0
170002,41823,73.0
170002,41471,-6.0
170002,40775,-41.0
190002,39809,57.0
190002,40494,249.0
200001,12437,-1674.0
200001,12270,-1993.0
200001,12438,851.0
200001,12528,-1553.0
200001,12578,-2348.0
200001,12600,1363.0
200001,12332,-2081.0
200001,12171,393.0
200001,12316,-1965.0
200001,12622,1194.0
200001,12519,-2145.0
200001,11578,252.0
200001,12819,1786.0
200001,11634,1048.0
200001,12098,767.0
200001,12384,-1483.0
200001,11702,-79.0
200001,12081,1784.0
200001,11790,397.0
200001,12219,500.0
200001,12350,-307.0
200001,12092,-15.0
200001,12478,1499.0
200001,12660,1392.0
200001,12074,-411.0
200001,12331,-211.0
200001,12982,-198.0
200001,12845,654.0
200001,12039,163.0
200001,12295,1226.0
200001,13015,195.0
200001,11886,-39.0
200001,12830,76.0
200001,12396,110.0
200001,11878,-266.0
200001,12326,544.0
200001,12177,-1037.0
200001,12434,-203.0
200001,12750,1663.0
200001,12152,1054.0
200001,12279,-351.0
200001,12369,733.0
200001,12257,878.0
200001,12967,335.0
200001,12802,970.0
200001,12413,1194.0
200001,12367,714.0
200001,13051,1111.0
200001,12185,1058.0
200001,12133,89.0
200001,11661,-108.0
200001,2180144,1311.0
200001,12683,1154.0
200001,12452,-885.0
200001,11669,82.0
200001,11941,-907.0
200001,89944,1803.0
200001,5061289,131.0
200001,12558,-876.0
200001,12222,894.0
200001,12157,-534.0
200001,12208,565.0
200001,11982,-564.0
200001,11948,352.0
200001,12405,-791.0
200001,12378,939.0
200001,12964,-1102.0
200001,12288,1464.0
200001,213217,1792.0
200001,11855,350.0
200001,12333,956.0
200001,12640,282.0
200001,13001,-1002.0
200001,12546,26.0
200001,12176,662.0
200001,12597,-1115.0
200001,12343,957.0
200001,12141,-1060.0
200001,12338,427.0
200001,12203,877.0
200001,2177729,1792.0
200001,12221,1215.0
200001,213171,-326.0
200001,12561,855.0
200001,11769,571.0
200001,11686,339.0
200001,12458,-1069.0
200001,12580,-697.0
200001,12428,245.0
200001,12004,237.0
200001,12371,-160.0
200001,11873,-574.0
200001,12960,-523.0
200001,12281,63.0
200001,12588,702.0
200001,12747,-1502.0
200001,12494,-1266.0
200001,12556,-276.0
200001,12187,-288.0
200001,12544,-329.0
200001,2189944,29.0
200001,2190596,405.0
200001,12386,167.0
200001,11820,1146.0
200001,11817,778.0
200001,12132,-585.0
200001,5061164,-82.0
200001,12103,171.0
200001,2190126,455.0
200001,12627,-513.0
200001,12933,-1018.0
200001,2193847,981.0
200001,12243,-461.0
200001,12408,721.0
200001,12038,-721.0
200001,2176774,529.0
200001,2203135,-407.0
200001,11676,-498.0
200001,12254,-911.0
200001,12816,-1520.0
200001,2210326,106.0
200001,11815,667.0
200001,12562,-571.0
200001,2194837,249.0
200001,2186992,603.0
200001,12411,893.0
200001,12409,1439.0
200001,2173624,491.0
200001,2178962,392.0
200001,12160,-306.0
200001,12511,-798.0
200001,2170466,240.0
200001,2195195,51.0
200001,11825,346.0
200001,2198416,65.0
200001,2172355,1370.0
200001,13039,-43.0
200001,12565,-261.0
200001,4667723,844.0
200001,12223,-225.0
200001,5061217,-404.0
200001,12593,73.0
200001,12451,9.0
200001,2161558,1046.0
200001,2165102,-327.0
200001,2168608,394.0
200001,2174899,-90.0
200001,12070,-766.0
200001,12294,-340.0
200001,97011,-353.0
200001,2205544,324.0
200001,2192949,-127.0
200001,12119,-595.0
200001,2186195,4.0
200001,12505,174.0
200001,12349,-1073.0
200001,12624,198.0
200001,12253,-1521.0
200001,2180624,-649.0
200001,2193182,254.0
200001,2190859,-603.0
200001,2185301,-1055.0
200001,2186054,360.0
200001,12459,-1070.0
200001,12893,-929.0
200001,12736,-1395.0
200001,2169695,-330.0
200001,2194676,-268.0
200001,2161692,-483.0
200001,2169978,-998.0
200001,12912,-942.0
200001,12358,-1267.0
200001,12193,2033.0
200001,12596,2008.0
200001,12430,2265.0
200001,12448,2087.0
200001,12397,2574.0
200001,12315,2464.0
200001,12497,1888.0
200002,57679,909.0
200002,57649,-1649.0
200002,58106,-197.0
200002,2793288,265.0
200002,2793346,-319.0
200002,57637,-517.0
200002,2793242,-390.0
200002,56891,-12.0
200002,58089,-624.0
200002,57652,-2119.0
200002,58315,177.0
200002,57537,366.0
200002,56940,-185.0
200002,57435,-960.0
200002,2793273,165.0
200002,2793259,-892.0
200002,2793266,114.0
200002,2793324,797.0
200002,2793258,-378.0
200002,2793300,-844.0
200002,58117,-514.0
200002,3078012,-222.0
200002,58111,-304.0
200002,2793359,871.0
200002,2793265,-192.0
200002,2793342,963.0
200002,2793294,497.0
200002,3079935,469.0
200002,57351,-752.0
200002,2793246,-14.0
200002,2793360,899.0
200002,2793261,-698.0
200002,2801989,802.0
200002,2793247,-165.0
200002,2793252,-56.0
200002,57465,-1631.0
200002,3079912,627.0
200002,2793310,718.0
200002,2793361,-272.0
200002,3080012,-318.0
200002,2801976,920.0
200002,345001,127.0
200002,2793271,206.0
200002,2793230,816.0
200002,56968,791.0
200002,3078051,-69.0
200002,57999,-820.0
200002,3077973,405.0
200002,57546,-1185.0
200002,3078134,-203.0
200002,2793293,-877.0
200002,2793302,416.0
200002,2793282,-777.0
200002,3078098,-734.0
200002,90231,-951.0
200002,58352,-930.0
200002,2793256,-390.0
200002,57815,-1550.0
200002,2793291,-209.0
200002,2793250,-270.0
200002,2793345,-1797.0
200002,2793352,-817.0
200002,2793336,-1101.0
200002,3077996,-1546.0
200002,57367,-329.0
200002,2793326,81.0
200002,3078106,983.0
200002,56804,-1088.0
200002,57566,536.0
200002,3077751,-136.0
200002,2793224,-1930.0
200002,2793308,-1244.0
200002,2802001,-555.0
200002,2793323,-614.0
200002,2801771,-1211.0
200002,2793378,-880.0
200002,3077921,903.0
200002,2793295,-1019.0
200002,2793318,-328.0
200002,56873,-336.0
200002,2793263,-365.0
200002,2793292,719.0
200002,3077741,-971.0
200002,2793338,-517.0
200002,2793238,800.0
200002,2793341,314.0
200002,57656,-1611.0
200002,2793311,249.0
200002,56533,-419.0
200002,57554,-2026.0
200002,2802071,-1176.0
200002,2793353,503.0
200002,2793313,-527.0
200002,2793351,-162.0
200002,2793340,8.0
200002,2793260,-1160.0
200002,3078136,-1266.0
200002,96577,-1536.0
200002,2793374,-371.0
200002,2793262,-721.0
200002,2793315,-689.0
200002,2793275,106.0
200002,2793274,-850.0
200002,2793272,-1115.0
200002,2793290,-170.0
200002,2793372,33.0
200002,2793381,-886.0
200002,2793306,-1443.0
200002,2793280,-828.0
200002,3077830,-520.0
200002,2793314,-941.0
200002,2793369,104.0
200002,2793236,-880.0
200002,2793331,-1001.0
200002,3077682,-1037.0
200002,2793304,-147.0
200002,2793287,-680.0
200002,2793235,-115.0
200002,2801999,-553.0
200002,3078049,-372.0
200002,2793307,-1886.0
200002,2793330,-950.0
200002,2793329,-1980.0
200002,2793283,-660.0
200002,2793251,-1767.0
200002,2793328,-1569.0
200002,2801764,-1222.0
200002,2793299,-1972.0
200002,58609,15.0
200002,58572,-702.0
200002,2793391,108.0
200002,2793395,-139.0
200002,2793396,-43.0
200002,2793399,-546.0
200002,4077297,-659.0
200002,3078528,17.0
200002,56341,-1064.0
200002,56315,-985.0
200002,3077474,-1075.0
200002,2793217,-257.0
200002,2793222,-230.0
200002,165984,-311.0
200002,57939,-304.0
200002,2793229,720.0
200002,2801871,1908.0
200002,166017,2092.0
200002,56269,1049.0
200002,3077531,1842.0
200002,2793223,1377.0
200002,3077521,1387.0
200002,2793301,-2303.0
200002,57343,-2249.0
200002,2793298,-2495.0
200002,2801990,-2477.0
200002,58129,-1664.0
200002,165989,-1972.0
200002,57764,-1922.0
200002,57544,-2222.0
200002,58536,-2251.0
200002,58608,-2128.0
200002,57928,-2255.0
200002,2793350,-2376.0
200002,2801991,1534.0
200002,2793377,-123.0
200002,2793254,-2162.0
200002,90243,-2193.0
200003,6972,1312.0
200003,6969,-1305.0
200003,7139,517.0
200003,6560,-191.0
200003,6711,196.0
200003,6807,323.0
200003,6782,241.0
200003,6988,489.0
200003,7397,-187.0
200003,7387,53.0
200003,6957,744.0
200003,6961,707.0
200003,7009,-446.0
200003,7006,412.0
200003,6948,-700.0
200003,7488,-11.0
200003,6977,170.0
200003,7066,267.0
200003,6805,10.0
200003,6691,-729.0
200003,7111,790.0
200003,6502,-370.0
200003,6677,148.0
200003,7223,496.0
200003,7295,-178.0
200003,7033,117.0
200003,7502,25.0
200003,6953,-130.0
200003,7504,636.0
200003,6799,-723.0
200003,6865,467.0
200003,6938,-809.0
200003,7220,375.0
200003,7527,-31.0
200003,7029,-713.0
200003,6916,21.0
200003,7300,636.0
200003,7396,-13.0
200003,7145,872.0
200003,7035,848.0
200003,6572,-13.0
200003,7380,656.0
200003,7381,-318.0
200003,7416,-165.0
200003,7122,186.0
200003,7173,437.0
200003,6841,194.0
200003,7272,665.0
200003,7007,-23.0
200003,7323,-64.0
200003,6928,-286.0
200003,6997,122.0
200003,6607,-203.0
200003,7257,531.0
200003,100158,33.0
200003,7159,-495.0
200003,6924,-601.0
200003,7028,-170.0
200003,6945,-575.0
200003,6934,-774.0
200003,6664,-1027.0
200003,7056,-582.0
200004,62270,2.0
200004,62630,-90.0
200004,62187,17.0
200004,62166,77.0
200004,62527,371.0
200004,62165,16.0
200004,62292,187.0
200004,62269,134.0
200004,62605,748.0
200004,62637,-18.0
200004,62408,-484.0
200004,62260,116.0
200004,62300,-174.0
200004,62346,-298.0
200004,62317,51.0
200004,62298,293.0
200004,62472,439.0
200004,62643,11.0
200004,62596,-619.0
200004,62321,-105.0
200004,93525,217.0
200004,62222,477.0
200004,62133,32.0
200004,62428,27.0
200004,62262,347.0
200004,62421,405.0
200004,62349,202.0
200004,62192,-47.0
200004,62299,-268.0
200004,62369,617.0
200004,93526,190.0
200004,62693,-69.0
200004,62308,315.0
200004,62427,-1032.0
200004,62319,-737.0
200004,93561,-27.0
200004,93522,89.0
200004,62505,207.0
200004,62313,119.0
200004,62396,-827.0
200004,93534,1067.0
200004,84904,-184.0
200004,62116,-332.0
200004,93574,438.0
200004,62348,-627.0
200004,93509,783.0
200004,62213,76.0
200004,62412,-586.0
200004,62393,-279.0
200004,62480,464.0
200004,62234,270.0
200004,84899,-363.0
200004,62257,-641.0
200004,62099,-985.0
200004,62384,-913.0
200004,62433,-476.0
200004,93565,-482.0
200004,61852,-180.0
200004,61871,-20.0
200004,340680,-237.0
200004,340549,-251.0
200004,61762,100.0
200004,93571,1282.0
200004,62275,201.0
200004,62320,-1197.0
200005,3982,-205.0
200005,3966,287.0
200005,4550,314.0
200005,4111,-212.0
200005,4320,-293.0
200005,3969,-893.0
200005,4190,286.0
200005,4437,449.0
200005,4042,-619.0
200005,3984,-332.0
200005,3952,-273.0
200005,4096,-133.0
200005,4254,164.0
200005,3773,18.0
200005,4153,-121.0
200005,4258,-70.0
200005,4498,-121.0
200005,3983,-1091.0
200005,4512,-519.0
200005,4338,-519.0
200005,3866,579.0
200005,4244,-243.0
200005,4210,146.0
200005,4280,366.0
200005,4049,-894.0
200005,3975,-609.0
200005,3881,-267.0
200005,4417,238.0
200005,4208,352.0
200005,4112,-127.0
200005,3777,558.0
200005,3989,265.0
200005,4020,-610.0
200005,3700,-1041.0
200005,3953,572.0
200005,4110,-680.0
200005,4234,-562.0
200005,4005,150.0
200005,3698,-430.0
200005,4587,-524.0
200005,4090,-327.0
200005,4018,274.0
200005,3946,209.0
200005,4140,-278.0
200005,3899,-595.0
200005,4594,-421.0
200005,3879,-270.0
200006,5061,1102.0
200006,5060,-547.0
200006,5086,1015.0
200006,5344,267.0
200006,5035,541.0
200006,5299,-110.0
200006,5099,608.0
200006,5174,952.0
200006,5290,-128.0
200006,5268,-177.0
200006,5201,168.0
200006,5132,-77.0
200006,4833,384.0
200006,4961,-275.0
200006,5702,-589.0
200006,4879,-925.0
200006,5284,-284.0
200006,5214,-745.0
200006,5489,-264.0
200006,5691,67.0
200006,5037,-838.0
200006,5545,479.0
200006,5084,-724.0
200006,5008,-65.0
200006,4876,171.0
200006,5340,-275.0
200006,5074,87.0
200006,4782,-60.0
200006,4810,260.0
200006,4855,157.0
200006,4983,-619.0
200006,4939,-197.0
200006,4985,197.0
200006,4883,324.0
200006,5108,-377.0
200006,5082,78.0
200006,4910,210.0
200006,5165,183.0
200006,5129,91.0
200006,5110,-305.0
200006,4956,-509.0
200006,5333,190.0
200006,4780,126.0
200006,5021,587.0
200006,5133,-201.0
200006,4936,-475.0
200006,5360,-273.0
200006,169770,-937.0
200007,3682118,765.0
200007,15232,-653.0
200007,88275,599.0
200007,15576,764.0
200007,940484,-76.0
200007,75238,134.0
200007,15366,-615.0
200007,15300,-22.0
200007,15544,625.0
200007,3080665,434.0
200007,952400,-498.0
200007,177597,-117.0
200007,938030,193.0
200007,15484,874.0
200007,15525,-127.0
200007,3080661,622.0
200007,15513,-73.0
200007,15489,817.0
200007,954841,-1017.0
200007,952918,-434.0
200007,75205,1596.0
200007,15527,372.0
200007,75206,107.0
200007,3682002,-482.0
200007,146380,68.0
200007,177377,396.0
200007,15519,485.0
200007,15514,-231.0
200007,177326,508.0
200007,15591,304.0
200007,177313,-220.0
200007,953552,-194.0
200007,959794,334.0
200007,15536,-136.0
200007,177374,-541.0
200007,177320,-28.0
200007,939441,494.0
200007,15577,544.0
200007,177381,-1115.0
200007,15431,79.0
200007,75236,-90.0
200007,15492,-255.0
200007,75244,-381.0
200007,952848,-184.0
200007,15162,-741.0
200007,15186,292.0
200007,146312,264.0
200007,15117,-368.0
200007,146303,-56.0
200007,177259,295.0
200007,15121,22.0
200007,15161,-696.0
200007,940761,1057.0
200008,68770,1070.0
200008,68880,953.0
200008,68893,1348.0
200008,68670,1081.0
200008,68642,1154.0
200008,68500,1220.0
200008,68605,771.0
200008,68768,-14.0
200008,68773,921.0
200008,68690,-260.0
200008,68623,921.0
200008,68854,1082.0
200008,68749,993.0
200008,68715,339.0
200008,68874,986.0
200008,68829,719.0
200008,214824,1267.0
200008,68706,440.0
200008,68649,-71.0
200008,68713,-316.0
200008,3088578,921.0
200008,68730,791.0
200008,3088472,1091.0
200008,68577,678.0
200008,68611,533.0
220008,68399,839.0
220008,68335,536.0
220008,68415,241.0
220008,68436,-169.0
220008,3088464,291.0
220008,68466,129.0
220008,68501,129.0
220008,68459,-357.0
220008,3088466,652.0
220008,68471,146.0
220008,3097227,63.0
220008,68413,-558.0
220008,3088467,-519.0
220008,3088465,354.0
220008,2094709,-277.0
220008,5061051,76.0
200009,65334,-114.0
200009,65588,-536.0
200009,65895,284.0
200009,101180,-1118.0
200009,65547,-1704.0
200009,65610,-798.0
200009,65401,-173.0
200009,65639,-56.0
200009,65585,-1099.0
200009,65599,-1543.0
200009,65638,-913.0
200009,65837,452.0
200009,65597,-1680.0
200009,65514,161.0
200009,65569,-97.0
200009,128864,-365.0
200009,65593,-1262.0
200009,129746,-36.0
200009,128856,-588.0
200009,65672,-36.0
200009,65549,-1437.0
200009,65692,2473.0
200009,65589,-1680.0
200009,65611,-102.0
200009,65622,542.0
200009,128862,-475.0
200009,129749,-360.0
200009,65533,-2358.0
200009,128871,-243.0
200009,65374,203.0
200009,65571,-663.0
200009,128866,-289.0
200009,65754,-73.0
200009,65783,-1274.0
200009,65542,-50.0
200009,65545,-1541.0
200009,65402,-1349.0
200009,65512,-1597.0
200009,65451,-963.0
200009,128860,-1997.0
200009,85041,-1643.0
200009,66080,309.0
200009,129743,913.0
200009,129741,549.0
200009,129744,-667.0
200009,142042,-151.0
200009,65165,-1519.0
200009,162563,-1612.0
200009,162581,-1360.0
200009,65205,-2260.0
200009,129726,129.0
200010,10792,-882.0
200010,10850,196.0
200010,11002,33.0
200010,11287,-240.0
200010,10926,1128.0
200010,10969,945.0
200010,10730,934.0
200010,11085,777.0
200010,10951,963.0
200010,10980,-762.0
200010,10732,82.0
200010,10984,731.0
200010,10978,183.0
200010,10964,171.0
200010,10979,803.0
200010,11181,-254.0
200010,10820,552.0
200010,10646,18.0
200010,10721,297.0
200010,11123,-573.0
200010,11374,278.0
200010,11279,-127.0
200010,197768,1067.0
200010,197810,410.0
200010,11319,580.0
200010,10619,17.0
200010,11072,-455.0
200010,10948,1172.0
200010,10982,440.0
200010,11406,569.0
200010,10882,-742.0
200010,197709,824.0
200010,10754,571.0
200010,11339,448.0
200010,197821,144.0
200010,10883,-591.0
200010,197826,-770.0
200010,10931,-592.0
200010,10937,64.0
200010,10535,-587.0
200010,197734,-639.0
200010,10899,1623.0
200010,10949,1254.0
200010,11073,-897.0
200010,10884,-1261.0
200011,5305,-48.0
200011,5688,13.0
200011,5455,362.0
200011,5628,472.0
200011,5430,-18.0
200011,5539,61.0
200011,5210,-474.0
200011,5019,220.0
200011,5540,-3.0
200011,5275,1.0
200011,5351,111.0
200011,5231,370.0
200011,5465,577.0
200011,5145,-304.0
200011,5481,-1008.0
200011,5574,-282.0
200011,5506,742.0
200011,5164,-24.0
200011,5282,-577.0
200011,5289,325.0
200011,5577,444.0
200011,5655,-100.0
200011,5311,-177.0
200011,4999,-188.0
200011,5307,-238.0
200011,5424,-636.0
200011,5326,-69.0
200011,5449,-255.0
200011,5258,-631.0
200011,5076,-591.0
200011,5436,-1044.0
200011,5484,-733.0
200011,1086088,44.0
200011,5425,-517.0
200011,5182,-21.0
200011,5313,66.0
200011,5335,135.0
200011,5474,221.0
200011,5228,-760.0
200011,5097,148.0
200011,5498,-639.0
200011,5314,-1432.0
200012,11356,2057.0
200012,10927,760.0
200012,11128,1563.0
200012,11254,-317.0
200012,74236,953.0
200012,11179,227.0
200012,10943,993.0
200012,11136,1099.0
200012,11068,1404.0
200012,11150,800.0
200012,11246,196.0
200012,11224,733.0
200012,11255,71.0
200012,74239,1181.0
200012,74245,489.0
200012,11074,1092.0
200012,10921,908.0
200012,11160,1007.0
200012,74269,772.0
200012,11351,15.0
200012,11300,1636.0
200012,3646195,591.0
200012,11276,135.0
200012,74267,173.0
200012,11238,122.0
200012,11193,730.0
200012,74248,568.0
200012,11111,383.0
200012,3098040,1406.0
200012,11191,1732.0
200012,11306,1016.0
200012,11027,840.0
200012,74257,980.0
200012,11141,-267.0
200012,74259,742.0
200012,74294,755.0
200012,74260,109.0
200012,3646720,1066.0
200012,11063,120.0
200012,74263,-238.0
200012,3648440,15.0
200012,11338,2018.0
200012,11206,-561.0
200013,9067,1430.0
200013,9073,294.0
200013,9556,586.0
200013,9150,731.0
200013,9051,1416.0
200013,9221,575.0
200013,9062,659.0
200013,9009,726.0
200013,9663,1675.0
200013,9253,337.0
200013,9341,285.0
200013,9188,-540.0
200013,9116,1007.0
200013,9157,99.0
200013,9355,459.0
200013,9197,-235.0
200013,9180,624.0
200013,8955,1473.0
200013,9017,1180.0
200013,9129,98.0
200013,9108,463.0
200013,9301,526.0
200013,8891,812.0
200013,9152,563.0
200013,9348,441.0
200013,9203,171.0
200013,2206281,799.0
200013,9231,-14.0
200013,2205551,920.0
200013,9541,322.0
200013,165335,256.0
200013,212970,1498.0
200013,2210643,1398.0
200013,9196,11.0
200013,9235,591.0
200013,2211109,867.0
200013,2221369,88.0
200013,8848,623.0
200013,9230,-197.0
200013,9589,1283.0
200013,9655,992.0
200013,9595,679.0
200013,9577,1033.0
200013,213007,1260.0
200013,213008,1469.0
200013,9683,785.0
200013,9668,-324.0
200013,8845,261.0
200013,9222,-820.0
200013,9307,-911.0
200013,2184172,-740.0
200013,2193030,-774.0
200013,3097117,1740.0
200014,17613,-356.0
200014,17813,1855.0
200014,17622,9.0
200014,17708,53.0
200014,17898,134.0
200014,17929,-31.0
200014,17960,1695.0
200014,17735,-388.0
200014,17837,951.0
200014,17627,96.0
200014,17834,1300.0
200014,17754,1814.0
200014,17758,1167.0
200014,17912,-766.0
200014,773800,941.0
200014,774182,1872.0
200014,17844,985.0
200014,17924,890.0
200014,17874,-859.0
200014,147739,39.0
200014,17849,-573.0
200014,788806,1632.0
200014,17691,-226.0
200014,147808,-488.0
200014,17959,-333.0
200014,17637,1180.0
200014,147726,662.0
200014,147819,-491.0
200014,17717,620.0
200014,17711,833.0
200014,17873,904.0
200014,147749,-572.0
200014,17861,-800.0
200014,17808,-833.0
200014,17958,-556.0
200014,147761,-329.0
200014,17856,-944.0
200014,17721,-1217.0
200015,13179,-87.0
200015,13433,129.0
200015,13318,107.0
200015,13418,-323.0
200015,13059,161.0
200015,12653,182.0
200015,13344,-486.0
200015,12709,-498.0
200015,13321,-20.0
200015,13267,-277.0
200015,13609,-334.0
200015,13299,-389.0
200015,13809,204.0
200015,13028,-248.0
200015,13277,-145.0
200015,13687,-383.0
200015,13333,-845.0
200015,12911,132.0
200015,13335,-206.0
200015,12569,45.0
200015,13354,-8.0
200015,13534,-179.0
200015,13611,-102.0
200015,12848,-292.0
200015,13360,-869.0
200015,13805,-388.0
200015,12769,244.0
200015,13794,-216.0
200015,13550,-459.0
200015,13571,-2.0
200015,13252,-401.0
200015,13330,-335.0
200015,12952,-425.0
200015,12878,-521.0
200015,12825,-489.0
200015,13753,-745.0
200015,12706,-365.0
200015,12923,-666.0
200015,13602,-190.0
200015,12917,-490.0
200015,13197,-486.0
200015,13458,-724.0
200015,13269,-491.0
200015,13281,-327.0
200015,13840,-668.0
200015,14077,-385.0
200015,13950,-277.0
200015,13266,-1053.0
200016,72064,258.0
200016,72165,464.0
200016,71999,126.0
200016,72056,846.0
200016,72115,263.0
200016,72216,-67.0
200016,72071,-470.0
200016,72099,902.0
200016,71959,302.0
200016,71994,154.0
200016,72226,1083.0
200016,71995,781.0
200016,93895,1839.0
200016,71981,1704.0
200016,71897,182.0
200016,71789,573.0
200016,72027,540.0
200016,71987,366.0
200016,85547,1111.0
200016,71988,401.0
200016,71976,157.0
200016,93921,190.0
200016,71984,120.0
200016,72100,419.0
200016,72061,-515.0
200016,85558,326.0
200016,71958,-52.0
200016,72000,-50.0
200016,71977,205.0
200016,90431,1076.0
200016,93924,-19.0
200016,71923,-550.0
200016,71945,-492.0
200016,71991,-773.0
200016,72024,-1615.0
220016,72182,-57.0
220016,72189,-24.0
220016,72188,-265.0
220016,72307,-712.0
220016,72200,112.0
220016,72273,-52.0
220016,72246,-266.0
220016,72179,-218.0
220016,72169,-286.0
220016,3089386,-187.0
220016,1825224,-515.0
200017,17033,1010.0
200017,17047,1005.0
200017,17044,-339.0
200017,17024,1126.0
200017,75305,1177.0
200017,16975,127.0
200017,75293,509.0
200017,17014,589.0
200017,75307,17.0
200017,17031,-790.0
200017,17048,-680.0
200017,17126,-155.0
200017,75347,37.0
200017,16951,215.0
200017,1313250,-156.0
200017,75337,1406.0
200017,16995,200.0
200017,75286,24.0
200017,75342,1174.0
200017,75273,247.0
200017,75284,-14.0
200017,17017,641.0
200017,75333,-367.0
200017,16989,194.0
200017,75290,-101.0
200017,75272,-769.0
200017,16977,240.0
200017,17087,511.0
200017,75335,-795.0
200017,17010,-396.0
200017,1281044,-107.0
200017,4609888,-92.0
200017,17171,293.0
200017,17153,236.0
200017,17121,36.0
200017,142816,-165.0
200017,17018,-1652.0
200017,75301,-2112.0
200017,17022,-1286.0
200017,17028,-1575.0
200017,4621065,-79.0
200017,1321363,-1.0
200018,4001,-527.0
200018,4104,575.0
200018,4027,-1093.0
200018,4259,-771.0
200018,3939,19.0
200018,4271,1026.0
200018,4085,15.0
200018,4028,-18.0
200018,3845,-550.0
200018,4092,-57.0
200018,73621,397.0
200018,4181,-542.0
200018,4038,44.0
200018,3868,-635.0
200018,4354,767.0
200018,73680,-555.0
200018,3985,326.0
200018,3962,-1146.0
200018,73688,-577.0
200018,73758,640.0
200018,3888,-1385.0
200018,130147,598.0
200018,3776,-451.0
200018,130078,147.0
200018,73590,-1057.0
200018,4036,-361.0
200018,73734,-206.0
200018,73563,-508.0
200018,73717,-231.0
200018,4041,-560.0
200018,73793,-712.0
200020,10886,-255.0
200020,10770,-1037.0
200020,2293754,307.0
200020,10663,210.0
200020,10864,444.0
200020,10801,-435.0
200020,10832,-401.0
200020,10871,381.0
200020,10753,-273.0
200020,10722,-132.0
200020,10737,91.0
200020,11077,767.0
200020,10909,543.0
200020,2284475,-1463.0
200020,10866,55.0
200020,2281695,585.0
200020,2283747,-1133.0
220020,10717,-192.0
220020,2293004,-795.0
220020,2295084,-777.0
220020,10625,-720.0
220020,10594,-698.0
220020,2294144,-342.0
220020,2292403,-193.0
200021,9373,634.0
200021,9232,-662.0
200021,9278,-591.0
200021,9267,57.0
200021,9095,7.0
200021,9245,-716.0
200021,9233,243.0
200021,9546,262.0
200021,3638352,-411.0
200021,9212,38.0
200021,9466,397.0
200021,9262,-335.0
200021,9411,1324.0
200021,1833274,508.0
200021,9367,-527.0
200021,1819575,406.0
200021,3089280,344.0
200021,1840219,456.0
200021,3089282,-145.0
200021,9102,432.0
200021,213001,478.0
200021,9089,-720.0
200021,9076,407.0
200021,9311,217.0
200021,2802447,-504.0
200021,3089393,-979.0
200021,9167,-792.0
200021,1788190,-742.0
200022,64081,1199.0
200022,64023,-42.0
200022,64043,439.0
200022,64042,495.0
200022,64116,-106.0
200022,63905,736.0
200022,64129,1334.0
200022,63871,779.0
200022,64255,106.0
200022,64168,-199.0
200022,63806,1242.0
200022,64029,-46.0
200022,64074,332.0
200022,3915912,68.0
200022,64163,-157.0
200022,64203,-27.0
200022,63817,1151.0
200022,63898,174.0
200022,63882,793.0
200022,64120,823.0
200022,63855,943.0
200022,3099325,159.0
200022,63867,368.0
200022,64053,237.0
200022,3099263,185.0
200022,64159,-109.0
200022,63896,727.0
200023,15501,-429.0
200023,15480,-361.0
200023,15507,302.0
200023,15433,-261.0
200023,15348,-345.0
200023,15674,-938.0
200023,15626,-230.0
200023,146404,355.0
200023,15424,454.0
200023,1039411,35.0
200023,15335,-684.0
200023,15490,-156.0
200023,15189,-445.0
200023,15518,-184.0
200023,15413,324.0
200023,1066198,-14.0
200023,15442,-354.0
200023,15675,-796.0
200023,15426,-558.0
200023,177340,-524.0
200023,138730,-633.0
200023,3681212,-591.0
200023,177545,51.0
200023,177405,256.0
200023,15259,-319.0
200023,3080649,-66.0
200023,1061333,-166.0
200023,177532,304.0
200023,177585,708.0
200024,18873,-347.0
200024,18867,98.0
200024,18862,-1120.0
200024,18791,-268.0
200024,18826,534.0
200024,75694,-561.0
200024,18882,-1149.0
200024,3711606,-398.0
200024,75718,374.0
200024,75690,-587.0
200024,75677,-908.0
200024,18903,-648.0
200024,75643,377.0
200024,75644,462.0
200024,18944,422.0
200024,75689,-665.0
200024,75744,-948.0
200024,75662,-1103.0
200024,75626,531.0
200024,75703,-1110.0
200024,75715,-777.0
200024,75686,-77.0
200024,75713,143.0
200024,75671,-1057.0
200024,75665,-592.0
200025,5060467,-506.0
200025,2065632,136.0
200025,14812,-622.0
200025,2084287,-332.0
200025,14951,-579.0
200025,14937,-353.0
200025,2068650,-24.0
200025,5061100,-26.0
200025,5060520,216.0
200025,2075725,-274.0
200025,5060523,-95.0
200025,2083126,-479.0
200025,2072095,-98.0
200025,5060666,619.0
200025,2061957,565.0
200025,5061269,-70.0
200025,2070871,112.0
200025,2088412,-705.0
200025,2070489,117.0
200025,2073137,-1106.0
200025,2069015,163.0
200025,2081529,-281.0
200025,2078139,-604.0
200025,2079867,-274.0
200025,2077632,-1095.0
200026,402573,1923.0
200026,88548,1145.0
200026,148901,1900.0
200026,19057,1104.0
200026,403598,1305.0
200026,88527,2264.0
200026,148954,1142.0
200026,19289,2649.0
200026,3081273,2482.0
200026,19326,929.0
200026,19120,386.0
200026,19029,3821.0
200026,19080,1243.0
200026,19295,-1877.0
200026,3081265,1275.0
200026,19298,1002.0
200026,404001,567.0
200026,19046,-28.0
200026,19213,327.0
200026,19088,798.0
200026,19021,-707.0
200026,18988,-1096.0
200026,19006,-889.0
200026,148735,1737.0
200026,397815,1008.0
200027,16028,1013.0
200027,177716,421.0
200027,909710,323.0
200027,95527,1534.0
200027,15961,-222.0
200027,15997,526.0
200027,15934,-1630.0
200027,146502,1072.0
200027,95530,949.0
200027,904370,604.0
200027,15959,-1389.0
200027,3686322,687.0
200027,902988,1040.0
200027,3686333,-613.0
200027,2832011,101.0
200027,3099156,-455.0
200027,3080688,181.0
200027,95528,-431.0
200027,146468,-892.0
200027,904697,-327.0
200027,902749,23.0
200027,3099155,-406.0
200027,898153,-393.0
200027,15940,-689.0
200028,18610,-2156.0
200028,18621,-746.0
200028,18422,-2102.0
200028,18305,-1800.0
200028,3706901,-1814.0
200028,544695,-143.0
200028,18588,135.0
200028,18457,-1969.0
200028,148495,-2261.0
200028,148538,-2095.0
200028,148492,-103.0
200028,532605,-2587.0
200028,526769,154.0
200028,18438,-1936.0
200028,148368,-2326.0
200028,148404,-1603.0
200028,18427,-2691.0
200028,18392,-1614.0
200028,148316,-2381.0
200028,148530,-2312.0
200028,148438,-1873.0
200028,528498,-2270.0
200028,18417,-2305.0
200028,18744,-2598.0
200028,18451,1223.0
200029,20431,637.0
200029,628428,1287.0
200029,20574,52.0
200029,646169,-136.0
200029,20474,-334.0
200029,149796,-149.0
200029,20571,-667.0
200029,149803,1219.0
200029,149785,130.0
200029,4076581,250.0
200029,631519,1529.0
200029,4076590,268.0
200029,4076597,99.0
200029,641321,569.0
200029,644844,-696.0
200029,4076596,795.0
200029,636071,-280.0
200029,3081388,-398.0
200029,3081387,565.0
200029,4076602,82.0
200029,149778,-11.0
200029,644456,-1067.0
200030,4584650,-3155.0
200030,326476,-2423.0
200030,323002,-2270.0
200030,323807,-2789.0
200030,322658,-1980.0
200030,5061214,-2604.0
200030,4584603,-3279.0
200030,326813,-3865.0
200030,323944,-2374.0
200030,5061104,-5197.0
200030,165997,-2194.0
200030,326178,-3453.0
200030,327345,-3687.0
200030,166008,-2200.0
200030,166010,-5315.0
200030,165996,-2389.0
200030,58039,-5888.0
200030,58594,-6330.0
200030,324307,-4747.0
200030,318311,-4248.0
200030,3098212,-6265.0
200031,72648,-362.0
200031,72421,-414.0
200031,72684,110.0
200031,72416,-297.0
200031,72543,227.0
200031,72669,141.0
200031,72355,-319.0
200031,72466,-677.0
200031,72396,-81.0
200031,72358,-831.0
200031,85841,1106.0
200031,72694,46.0
200031,72440,451.0
200031,72469,299.0
200031,85815,-146.0
200031,72593,-436.0
200031,72423,-184.0
200031,72701,-125.0
200031,85786,-915.0
200031,100894,-406.0
200031,72657,173.0
200032,63961,-470.0
200032,64040,258.0
200032,63874,-152.0
200032,63842,-602.0
200032,63959,-600.0
200032,93980,337.0
200032,63840,-263.0
200032,64058,-553.0
200032,64006,-109.0
200032,161871,278.0
200032,64008,675.0
200032,93977,49.0
200032,64021,-649.0
200032,605562,-173.0
200032,2800832,204.0
200032,605150,228.0
200032,93979,-621.0
200032,161825,-390.0
200032,604688,403.0
200032,161929,-166.0
200032,602223,-323.0
200033,73000,-2588.0
200033,72766,-368.0
200033,72849,-1318.0
200033,72547,-4772.0
200033,73181,-270.0
200033,72961,-3250.0
200033,132661,-139.0
200033,72435,-261.0
200033,73064,-2770.0
200033,73001,-4955.0
200033,72956,-2650.0
200033,131840,147.0
200033,72553,-4586.0
200033,73165,-2493.0
200033,73007,-2538.0
200033,72674,-4257.0
200033,72986,-2552.0
200033,72906,-2748.0
200033,72952,-3406.0
200033,72559,-4695.0
200033,213,-2479.0
200033,64,-1766.0
200033,114,-2767.0
200033,66,-2389.0
200034,11389,719.0
200034,2246289,1043.0
200034,2269458,118.0
200034,2261012,-79.0
200034,5061260,956.0
200034,213129,737.0
200034,5060621,666.0
200034,5061223,874.0
200034,3087626,20.0
200034,2266029,639.0
200034,2248239,708.0
200034,2252434,-866.0
200034,2261786,-363.0
200034,2249868,826.0
200034,89930,377.0
200034,2243336,1272.0
200034,2245283,1279.0
200034,2259528,-880.0
200034,2245762,-711.0
200034,2249712,-619.0
200035,63886,-59.0
200035,63884,-229.0
200035,63865,-118.0
200035,63963,260.0
200035,63892,-99.0
200035,63950,186.0
200035,63846,-195.0
200035,63829,276.0
200035,63900,585.0
200035,683977,-155.0
200035,63836,-404.0
200035,63940,108.0
200035,63795,-50.0
200035,140867,-18.0
200035,3914341,897.0
200035,63843,-37.0
200035,63858,84.0
200035,63841,287.0
200035,3914728,-35.0
200035,161787,-363.0
200036,165900,860.0
200036,68890,1537.0
200036,167918,2120.0
200036,68983,411.0
200036,69002,1400.0
200036,167905,-176.0
200036,167910,442.0
200036,69206,867.0
200036,167878,1797.0
200036,69328,-115.0
200036,167921,42.0
200036,167859,698.0
200036,5060616,-366.0
200036,5061283,972.0
200036,167848,883.0
200036,5060822,189.0
200036,5061016,669.0
200036,167851,645.0
200036,69180,-394.0
200037,1197,-487.0
200037,1267,165.0
200037,1204,95.0
200037,1439,-79.0
200037,1119,-247.0
200037,908,-22.0
200037,1171,-316.0
200037,1046,-475.0
200037,1082,191.0
200037,1025,-129.0
200037,1108,-284.0
200037,1084,-856.0
200037,1090,-799.0
200037,1425,-749.0
200037,1208,-468.0
200037,1219,-81.0
200037,1138,-905.0
200037,1191,-503.0
200037,1183,-1095.0
200037,1187,-1479.0
200038,69338,-324.0
200038,69524,-29.0
200038,69241,-326.0
200038,69269,121.0
200038,69391,869.0
200038,69486,-224.0
200038,69362,-236.0
200038,69360,323.0
200038,69344,-50.0
200038,69493,221.0
200038,69256,-32.0
200038,69387,-649.0
200038,69619,-54.0
200038,69188,490.0
200038,69491,-74.0
200038,69346,-259.0
200038,69580,94.0
200038,69462,-498.0
200038,69402,-518.0
200038,69647,379.0
200038,69637,-67.0
200039,62922,51.0
200039,63042,-674.0
200039,62799,41.0
200039,62934,128.0
200039,63168,-364.0
200039,63049,-123.0
200039,63081,-434.0
200039,63048,-564.0
200039,63065,24.0
200039,63204,187.0
200039,62990,-198.0
200039,3906906,93.0
200039,63264,173.0
200039,353470,610.0
200039,63002,-182.0
200039,62909,-137.0
200039,185611,-371.0
200039,89045,-151.0
200039,63023,-359.0
200040,9512,-159.0
200040,3084737,365.0
200040,95515,657.0
200040,9507,-94.0
200040,1681327,-752.0
200040,9527,-1072.0
200040,9645,-539.0
200040,9305,432.0
200040,9547,-564.0
200040,9353,207.0
200040,95517,-382.0
200040,1671308,429.0
200040,9293,416.0
200040,9277,635.0
200040,1668876,39.0
200040,1693138,32.0
200040,9428,-536.0
200040,1682288,-843.0
200041,10338,-863.0
200041,10287,613.0
200041,10408,108.0
200041,10417,-139.0
200041,10419,-196.0
200041,10325,-271.0
200041,10013,-8.0
200041,1943269,231.0
200041,10420,-116.0
200041,10370,-643.0
200041,10512,-374.0
200041,10310,-95.0
200041,10319,-488.0
200041,10339,-672.0
200041,10112,-722.0
200041,10299,367.0
200041,1948309,185.0
200041,1943774,-3.0
200041,10303,-1191.0
200041,10331,-1084.0
220041,9911,-324.0
220041,9821,-110.0
220041,9781,-354.0
220041,9802,-362.0
220041,9794,-156.0
220041,9550,-83.0
220041,9724,167.0
220041,9901,-154.0
220041,9895,73.0
220041,9811,-425.0
200042,4612729,-26.0
200042,11832,77.0
200042,11764,-71.0
200042,11844,540.0
200042,213166,14.0
200042,166457,610.0
200042,11993,727.0
200042,12089,443.0
200042,2207220,297.0
200042,2196431,-477.0
200042,2207562,-32.0
200042,5060798,-62.0
200042,2184066,179.0
200042,2207576,456.0
200042,2219453,-72.0
200042,2209288,498.0
200042,2202511,175.0
200042,12137,-295.0
200042,5061285,-475.0
200043,3405,-111.0
200043,173205,-214.0
200043,3444,169.0
200043,3272,122.0
200043,3357,1696.0
200043,3312,149.0
200043,3365,-2000.0
200043,1142510,-191.0
200043,3266,377.0
200043,173123,138.0
200043,73486,-581.0
200043,3305,-1218.0
200043,3478,-321.0
200043,3340,-881.0
200043,3393,100.0
200043,3417,234.0
200043,3392,-1118.0
200044,69401,1130.0
200044,69374,-203.0
200044,69406,891.0
200044,69337,550.0
200044,69378,-430.0
200044,3442026,-1028.0
200044,69422,-437.0
200044,69384,549.0
200044,69386,-146.0
200044,69396,-1.0
200044,69502,454.0
200044,69281,133.0
200044,3088581,737.0
200044,3966986,156.0
200044,69345,227.0
200044,69389,227.0
200044,69382,429.0
200045,1371,544.0
200045,1412,-327.0
200045,1340,-219.0
200045,2816236,157.0
200045,1633,-246.0
200045,1375,521.0
200045,1429,502.0
200045,1339,233.0
200045,1287,233.0
200045,1333,-90.0
200045,1382,125.0
200045,1407,49.0
200045,1383,-110.0
200045,1405,-355.0
200045,1362,17.0
200045,1396,92.0
200045,1423,184.0
200046,10998,-565.0
200046,11185,-945.0
200046,10971,-466.0
200046,11133,-516.0
200046,11117,-126.0
200046,11295,-1365.0
200046,11113,-637.0
200046,95519,-1060.0
200046,11169,-1000.0
200046,11083,-240.0
200046,11106,-1471.0
200046,11069,-1495.0
200046,213125,-1385.0
200046,10983,-75.0
200046,3095614,133.0
200046,1497948,-1436.0
200046,11401,-968.0
200047,1897886,186.0
200047,5061112,-98.0
200047,5061118,511.0
200047,3097120,-364.0
200047,14387,90.0
200047,1905882,87.0
200047,1896814,-580.0
200047,1892515,104.0
200047,1890944,183.0
200047,1888703,-62.0
200047,14435,-441.0
200047,1915198,630.0
200047,1899937,316.0
200047,1868909,576.0
200047,14468,-855.0
200047,1904961,-719.0
200048,1483518,-432.0
200048,13572,-165.0
200048,13587,-97.0
200048,1492324,-451.0
200048,13448,562.0
200048,138660,-120.0
200048,1493639,-519.0
200048,138659,-707.0
200048,1489603,-132.0
200048,1482507,162.0
200048,138661,109.0
200048,1485781,-339.0
200048,1479596,-531.0
200048,13639,-38.0
200048,1484595,-1024.0
200048,1483058,-1196.0
200049,3663312,1142.0
200049,1367496,1287.0
200049,1383825,1277.0
200049,3664094,323.0
200049,3663085,-703.0
200049,1388114,-502.0
200049,89957,351.0
200049,3664297,1453.0
200049,1371634,923.0
200049,1379150,341.0
200049,1371477,1040.0
200049,1364414,879.0
200049,1374839,-192.0
200049,3662554,-394.0
200049,1370598,-324.0
200050,19003,233.0
200050,96026,1653.0
200050,18931,547.0
200050,19000,1382.0
200050,96022,1354.0
200050,18828,579.0
200050,18895,51.0
200050,3710491,393.0
200050,96023,802.0
200050,18971,-122.0
200050,96025,487.0
200050,96020,833.0
200050,96021,-109.0
200050,96019,34.0
200050,3709610,-329.0
200051,20233,23.0
200051,5061140,24.0
200051,478982,-844.0
200051,482934,176.0
200051,4683530,353.0
200051,472829,563.0
200051,149368,-104.0
200051,20173,427.0
200051,483752,540.0
200051,3081365,686.0
200051,20041,1245.0
200051,479257,475.0
200051,19995,629.0
200051,480166,-461.0
200051,483898,-936.0
200052,9961,-192.0
200052,9910,261.0
200052,10096,-643.0
200052,9969,297.0
200052,10087,-738.0
200052,10006,662.0
200052,9970,-67.0
200052,10116,-8.0
200052,10018,440.0
200052,10214,482.0
200052,9981,210.0
200052,10155,254.0
200052,10002,-589.0
200052,9995,-860.0
200052,10027,-914.0
200053,2279,34.0
200053,2359,-833.0
200053,2397,169.0
200053,2371,49.0
200053,2387,-60.0
200053,2291,-580.0
200053,2223,-883.0
200053,2596,429.0
200053,2376,191.0
200053,2382,-641.0
200053,2393,-7.0
200053,2366,65.0
200053,2546,52.0
200053,89883,-85.0
200053,2449,141.0
200054,14897,307.0
200054,14757,0.0
200054,15405,-127.0
200054,14965,-154.0
200054,15153,320.0
200054,14659,-53.0
200054,14397,-40.0
200054,14723,36.0
200054,14582,-444.0
200054,15055,408.0
200054,3674198,70.0
200054,14824,199.0
200054,15149,280.0
200054,15388,-209.0
200054,14850,45.0
200055,66310,-437.0
200055,170370,-1407.0
200055,134254,75.0
200055,66309,-933.0
200055,66307,-1326.0
200055,66340,-1340.0
200055,66257,-2207.0
200055,85138,-331.0
200055,807655,-237.0
200055,66284,-1581.0
200055,134244,-1105.0
200055,66293,-11.0
200055,66259,-1510.0
200055,66292,-1653.0
200055,66250,129.0
200056,70919,1087.0
200056,71006,-828.0
200056,71019,-267.0
200056,71160,-1074.0
200056,71011,-700.0
200056,71128,-466.0
200056,70968,137.0
200056,3978980,250.0
200056,71060,32.0
200056,70943,-133.0
200056,71143,-451.0
200056,71152,-1024.0
200056,70983,-1223.0
200056,3090265,-1342.0
200057,138595,-1049.0
200057,11444,-530.0
200057,138590,460.0
200057,138563,-104.0
200057,11097,-1382.0
200057,2069148,-770.0
200057,2078706,-199.0
200057,138583,-59.0
200057,138573,-201.0
200057,138580,-909.0
200057,5060932,-254.0
200057,3648768,-853.0
200057,138565,-1073.0
200057,138594,-1753.0
200057,10941,-153.0
200057,11100,368.0
200057,2080629,673.0
200057,3088383,332.0
200057,11060,-298.0
200057,3088384,77.0
200057,2088132,-254.0
200058,2327491,546.0
200058,2331440,233.0
200058,2322363,974.0
200058,10373,-725.0
200058,5061194,-1.0
200058,2324626,897.0
200058,5060588,188.0
200058,2324444,953.0
200058,2324720,-537.0
200058,5060758,-330.0
200058,2334816,-43.0
200058,2322818,-135.0
200058,2324585,319.0
200058,2323140,-173.0
200059,14807,-55.0
200059,14923,266.0
200059,14779,-377.0
200059,14839,-473.0
200059,14915,203.0
200059,14992,171.0
200059,14854,149.0
200059,14865,502.0
200059,14803,-150.0
200059,14718,-394.0
200059,14887,22.0
200059,14785,-356.0
200059,14763,-146.0
200059,14847,-211.0
200060,66153,-369.0
200060,66041,-19.0
200060,66088,-192.0
200060,66064,-74.0
200060,66117,53.0
200060,66101,-35.0
200060,65997,-276.0
200060,66049,-227.0
200060,65969,-423.0
200060,65984,-274.0
200060,66253,-160.0
200060,66032,-262.0
200060,66108,-923.0
200060,65894,-397.0
200061,16179,366.0
200061,16215,125.0
200061,16138,78.0
200061,16185,366.0
200061,16211,-75.0
200061,16107,187.0
200061,16168,221.0
200061,16222,163.0
200061,16142,-208.0
200061,16180,37.0
200061,16209,-477.0
200061,1065122,204.0
200061,16226,304.0
200061,3080695,-64.0
200062,71096,372.0
200062,71285,168.0
200062,71014,18.0
200062,71065,-16.0
200062,71202,269.0
200062,3087784,32.0
200062,71115,470.0
200062,3097229,-109.0
200062,5061250,173.0
200062,214935,313.0
200062,2231846,272.0
200062,3087877,-125.0
200062,2205841,-208.0
200062,2207802,-190.0
200063,13752,-177.0
200063,13765,-34.0
200063,13425,374.0
200063,13377,174.0
200063,13575,311.0
200063,13241,-181.0
200063,13582,256.0
200063,13495,63.0
200063,13511,-86.0
200063,13490,56.0
200063,13220,-236.0
200063,13128,-190.0
200063,13190,215.0
200063,13211,147.0
200064,66136,-498.0
200064,2793723,-1182.0
200064,66174,-564.0
200064,66082,358.0
200064,85089,486.0
200064,66149,-146.0
200064,66083,509.0
200064,85142,791.0
200064,85158,-1129.0
200064,771300,647.0
200064,85125,-702.0
200064,777447,-893.0
200064,85067,-310.0
200065,6856,-289.0
200065,6802,684.0
200065,6672,1154.0
200065,6887,-80.0
200065,6760,-76.0
200065,6843,817.0
200065,6803,746.0
200065,6700,871.0
200065,2832009,941.0
200065,6639,-514.0
200065,6870,-544.0
200065,3625943,-163.0
200065,2021179,654.0
200066,68254,407.0
200066,68234,-178.0
200066,68081,739.0
200066,68243,374.0
200066,68278,-395.0
200066,2125664,647.0
200066,68180,829.0
200066,68230,-31.0
200066,68129,438.0
200066,2133919,-473.0
200066,68238,158.0
200066,2140976,-108.0
200066,68316,139.0
200067,15637,872.0
200067,15656,-113.0
200067,15696,17.0
200067,15609,508.0
200067,15699,287.0
200067,1079859,255.0
200067,15549,226.0
200067,15603,578.0
200067,1094053,469.0
200067,1097703,28.0
200067,15579,1046.0
200067,1096761,448.0
200067,177642,-367.0
200068,7179,361.0
200068,6811,273.0
200068,6955,-224.0
200068,2308585,516.0
200068,5061139,-111.0
200068,6744,486.0
200068,2306729,467.0
200068,5060774,868.0
200068,2322429,-515.0
200068,2308622,335.0
200068,2315766,-50.0
200068,5061059,350.0
200068,2309226,-50.0
200069,2451,-215.0
200069,2417,-128.0
200069,2125,-3.0
200069,2073,-64.0
200069,2277,-171.0
200069,128459,94.0
200069,2592,-434.0
200069,2693,-731.0
200069,128461,350.0
200069,128455,-300.0
200069,128444,11.0
200069,401055,471.0
200069,128456,-649.0
200070,3260,528.0
200070,3611,-166.0
200070,3434,125.0
200070,3456,67.0
200070,3664,652.0
200070,3155,536.0
200070,3465,374.0
200070,3606,-118.0
200070,3666,80.0
200070,3275,211.0
200070,138292,251.0
200070,3575,-493.0
200070,3247,-265.0
200071,16471,-505.0
200071,16439,-773.0
200071,16501,-743.0
200071,16462,-195.0
200071,16435,-128.0
200071,16404,-571.0
200071,16464,-673.0
200071,16448,-787.0
200071,16447,-755.0
200071,16490,-311.0
200071,16405,-571.0
200071,16481,-727.0
200071,16613,-60.0
200071,16631,-239.0
200071,16368,-371.0
200071,16416,-1135.0
200071,1147022,216.0
200072,70785,-52.0
200072,70993,-255.0
200072,70910,190.0
200072,70775,-65.0
200072,1853340,323.0
200072,70817,-335.0
200072,70798,119.0
200072,70888,-235.0
200072,70971,-528.0
200072,3089189,334.0
200072,70758,16.0
200072,70681,-134.0
200072,70954,-359.0
200073,68485,166.0
200073,68197,475.0
200073,68216,198.0
200073,3097224,363.0
200073,68169,265.0
200073,68381,-12.0
200073,68226,-141.0
200073,68200,366.0
200073,3097226,174.0
200073,5060751,568.0
200073,3097225,251.0
200073,5060979,359.0
200073,214803,480.0
200074,65925,-59.0
200074,65940,-886.0
200074,133216,803.0
200074,133215,-1920.0
200074,66050,-1837.0
200074,133222,-892.0
200074,65886,-613.0
200074,141666,355.0
200074,133211,-1961.0
200074,65953,-982.0
200074,133217,-2027.0
200074,133220,-695.0
200074,65875,-2068.0
200074,65904,-2022.0
200075,71076,-319.0
200075,71164,571.0
200075,70866,352.0
200075,71004,110.0
200075,70991,-1412.0
200075,71180,172.0
200075,1370486,-385.0
200075,70963,138.0
200075,214932,214.0
200075,1356384,321.0
200075,1364395,115.0
200075,3978534,-303.0
200076,525,-255.0
200076,226,57.0
200076,138076,-68.0
200076,505,-3.0
200076,465,-326.0
200076,1345393,-19.0
200076,3091535,15.0
200076,252,203.0
200076,1345559,-502.0
200076,516,-1022.0
200076,3091661,-492.0
200076,1342413,-1337.0
200077,431997,490.0
200077,165495,976.0
200077,151339,1417.0
200077,22455,699.0
200077,22826,278.0
200077,151355,325.0
200077,180518,550.0
200077,22704,420.0
200077,436656,-267.0
200077,430409,167.0
200077,433359,504.0
200077,151377,67.0
200078,70901,567.0
200078,70725,-588.0
200078,70685,-114.0
200078,70876,295.0
200078,70715,-257.0
200078,70831,30.0
200078,1088445,-663.0
200078,70778,297.0
200078,195290,44.0
200078,70737,-577.0
200078,195267,-840.0
200078,70811,-459.0
200079,4960,-774.0
200079,2382281,223.0
200079,4982,-864.0
200079,5075,-815.0
200079,5096,-745.0
200079,2364991,-215.0
200079,2371352,-633.0
200079,5040,-551.0
200079,2386870,278.0
200079,5003,-924.0
200079,2360877,-591.0
200079,2368187,-714.0
200080,3088182,-325.0
200080,2816369,690.0
200080,2152322,681.0
200080,2144002,247.0
200080,5060688,275.0
200080,2147757,228.0
200080,3088184,79.0
200080,2145995,294.0
200080,2137928,-244.0
200080,2143546,319.0
200080,2146038,221.0
200080,2150045,535.0
200081,4429,-106.0
200081,4431,253.0
200081,4452,-148.0
200081,4505,119.0
200081,4477,-150.0
200081,132859,504.0
200081,4369,-268.0
200081,4421,-9.0
200081,4478,-412.0
200081,4360,-406.0
200081,4566,348.0
200081,4365,-284.0
200082,11144,192.0
200082,919996,-39.0
200082,11086,-74.0
200082,11090,155.0
200082,11033,-406.0
200082,11157,-290.0
200082,916289,167.0
200082,11147,383.0
200082,931091,276.0
200082,11218,145.0
200082,11200,408.0
200082,933081,281.0
200083,62935,238.0
200083,62938,294.0
200083,62885,397.0
200083,63056,353.0
200083,62817,364.0
200083,62696,375.0
200083,62706,15.0
200083,3905865,173.0
200083,62897,174.0
200083,62902,454.0
200083,62771,-115.0
200083,62880,-128.0
200084,13584,203.0
200084,13782,63.0
200084,13622,524.0
200084,13820,-171.0
200084,13798,232.0
200084,13801,8.0
200084,13830,49.0
200084,13905,153.0
200084,13606,295.0
200084,13935,-29.0
200084,13793,-28.0
200084,1064643,387.0
200085,431889,-241.0
200085,3921455,-613.0
200085,3921388,-1900.0
200085,439841,-198.0
200085,438163,-1237.0
200085,162350,-624.0
200085,64388,102.0
200085,162256,-817.0
200085,440636,-685.0
200085,64418,-559.0
200085,433048,-818.0
200086,16371,-210.0
200086,95532,214.0
200086,16310,30.0
200086,16350,74.0
200086,2832013,164.0
200086,16366,185.0
200086,146720,713.0
200086,868770,799.0
200086,3080714,-76.0
200086,16205,459.0
200086,16238,-824.0
200087,15231,817.0
200087,14955,1085.0
200087,15301,1155.0
200087,15026,878.0
200087,15338,424.0
200087,15223,448.0
200087,15076,411.0
200087,15250,969.0
200087,15339,994.0
200087,15205,1136.0
200087,15041,73.0
200088,26888,-638.0
200088,27431,-156.0
200088,27487,-120.0
200088,26532,-772.0
200088,27476,5.0
200088,26828,-761.0
200088,27369,-116.0
200088,100060,168.0
200088,27201,-290.0
200088,26921,-834.0
200088,26900,-812.0
200089,18236,497.0
200089,18237,566.0
200089,18325,1013.0
200089,18297,172.0
200089,18208,1088.0
200089,148255,430.0
200089,18303,826.0
200089,148221,515.0
200089,148269,249.0
200089,178809,154.0
200089,600305,351.0
200090,15842,450.0
200090,15791,-67.0
200090,16003,391.0
200090,130408,-564.0
200090,533926,177.0
200090,15761,-123.0
200090,15815,-163.0
200090,534003,-16.0
200090,130412,183.0
200090,101162,-183.0
200090,88356,-708.0
200091,17973,-117.0
200091,654068,270.0
200091,662446,361.0
200091,17996,-82.0
200091,18065,315.0
200091,3705095,751.0
200091,17987,-298.0
200091,662932,737.0
200091,3703833,353.0
200091,18034,-85.0
200091,3704799,19.0
200092,71140,-363.0
200092,71132,-24.0
200092,71083,-519.0
200092,71089,-558.0
200092,71181,-8.0
200092,71192,-546.0
200092,71169,-698.0
200092,71055,-259.0
200092,71110,-990.0
200092,71360,-740.0
200092,71097,-702.0
200092,70874,-157.0
200092,70712,-230.0
200092,70854,-72.0
200092,71321,-206.0
200093,3933480,-293.0
200093,65892,-147.0
200093,66019,239.0
200093,66110,117.0
200093,65863,-9.0
200093,66123,-574.0
200093,66046,390.0
200093,66100,-267.0
200093,66126,-160.0
200093,129716,103.0
200093,65820,-645.0
200094,59334,315.0
200094,4077355,242.0
200094,59295,451.0
200094,165975,-420.0
200094,165974,-171.0
200094,165942,-61.0
200094,165940,-6.0
200094,59389,104.0
200094,5061143,-279.0
200094,90262,-496.0
200094,90259,273.0
200095,67676,-399.0
200095,67380,-159.0
200095,129020,273.0
200095,67633,-279.0
200095,67682,-617.0
200095,129013,-428.0
200095,95400,-18.0
200095,67639,-373.0
200095,67606,-633.0
200095,129016,-396.0
200095,3952906,-641.0
200096,2179011,-397.0
200096,13885,203.0
200096,13875,-153.0
200096,13896,-316.0
200096,13846,263.0
200096,13891,131.0
200096,97020,312.0
200096,2195564,-292.0
200096,2192979,351.0
200096,97024,-103.0
200096,2184274,-404.0
200097,69922,-346.0
200097,69951,-94.0
200097,70002,-233.0
200097,69988,-142.0
200097,69981,-425.0
200097,70035,428.0
200097,69916,-55.0
200097,3088949,2.0
200097,69929,-198.0
200097,69866,-368.0
200097,3088950,-158.0
200097,69858,-162.0
200097,69718,-121.0
200097,69831,36.0
200097,69862,312.0
200097,69743,-361.0
200097,69812,-280.0
200098,9684,-443.0
200098,9588,-264.0
200098,9711,111.0
200098,9778,10.0
200098,9514,52.0
200098,9630,16.0
200098,9722,-246.0
200098,9742,-345.0
200098,9643,-49.0
200098,9766,95.0
200098,9680,-403.0
200099,64136,-135.0
200099,64507,96.0
200099,64044,211.0
200099,64197,48.0
200099,64153,-252.0
200099,64102,50.0
200099,64182,461.0
200099,64179,-248.0
200099,3918606,-7.0
200099,64411,65.0
200099,3917583,-201.0
200100,13434,-335.0
200100,13255,-234.0
200100,13544,25.0
200100,13738,41.0
200100,13368,-126.0
200100,13638,-190.0
200100,13520,154.0
200100,13457,-141.0
200100,13171,212.0
200100,13760,-69.0
200100,13561,335.0
200101,14623,-1390.0
200101,128797,9.0
200101,14491,-683.0
200101,14704,-749.0
200101,14699,-2237.0
200101,14523,-802.0
200101,14598,33.0
200101,14729,-1879.0
200101,14479,-1683.0
200101,14630,-2137.0
200102,72268,207.0
200102,94297,1035.0
200102,85663,-173.0
200102,72209,-1270.0
200102,72279,415.0
200102,85699,239.0
200102,72257,-1415.0
200102,1347936,-797.0
200102,72245,-1186.0
200102,3091658,-1268.0
200103,71353,241.0
200103,1483882,1379.0
200103,95574,-953.0
200103,2800840,-141.0
200103,95731,154.0
200103,1475742,76.0
200103,1456040,899.0
200103,71344,652.0
200103,1463291,157.0
200103,1446384,-356.0
200104,3374,-235.0
200104,3387,-593.0
200104,3399,-688.0
200104,3675,-566.0
200104,3330,269.0
200104,3632,872.0
200104,128487,196.0
200104,128489,45.0
200104,128483,835.0
200104,3117,97.0
200105,12361,352.0
200105,2170055,161.0
200105,12392,146.0
200106,7599,76.0
200106,7675,-953.0
200106,1114324,-6.0
200106,7389,-131.0
200106,7576,461.0
200106,94090,-948.0
200106,144481,426.0
200106,7390,-180.0
200106,94096,166.0
200106,94105,200.0
200107,11808,527.0
200107,1586291,787.0
200107,11857,257.0
200107,11943,-549.0
200107,11971,-305.0
200107,1581217,-26.0
200107,1592269,-4.0
200107,1575716,-129.0
200107,1589160,-459.0
200107,1584628,-660.0
200108,526,-294.0
200108,233,926.0
200108,358,838.0
200108,383,343.0
200108,362,341.0
200108,420,187.0
200108,537,178.0
200108,493,58.0
200108,456,-193.0
200108,224,-48.0
200109,4581,650.0
200109,4553,646.0
200109,101144,-151.0
200109,4137,-192.0
200109,127864,-194.0
200109,127867,-194.0
200109,127868,365.0
200109,3988,-168.0
200109,4630,542.0
200109,4546,491.0
200110,10919,-458.0
200110,10872,-168.0
200110,10785,316.0
200110,10773,236.0
200110,10779,-228.0
200110,74219,714.0
200110,10878,-53.0
200110,10543,627.0
200110,10733,30.0
200110,10725,135.0
200111,3936438,-123.0
200111,130588,-24.0
200111,66129,127.0
200111,130584,891.0
200111,130586,-256.0
200111,538222,371.0
200111,65951,-49.0
200111,66109,220.0
200111,66025,-146.0
200111,130585,543.0
200112,9261,724.0
200112,9143,144.0
200112,9079,210.0
200112,212967,258.0
200112,3637466,795.0
200112,3089564,900.0
200112,1756042,325.0
200112,1759295,359.0
200112,1756227,151.0
200112,1764111,82.0
200112,3089565,632.0
200112,9345,-195.0
200112,9187,191.0
200112,9309,114.0
200112,9227,882.0
200112,1717572,676.0
200112,1718598,1158.0
200112,9219,865.0
200112,1722308,409.0
200112,1735082,2004.0
200112,1729705,1944.0
200112,9078,1853.0
200113,19531,-151.0
200113,19522,417.0
200113,19784,400.0
200113,19466,54.0
200113,19574,310.0
200113,19607,-409.0
200113,19542,-66.0
200113,19518,-105.0
200113,86003,449.0
200113,19661,223.0
200114,13783,724.0
200114,2275539,593.0
200114,13673,128.0
200114,13692,140.0
200114,13736,-37.0
200114,97018,505.0
200114,13850,176.0
200114,5060512,223.0
200114,13741,-25.0
200114,13827,183.0
200115,71587,83.0
200115,214962,-137.0
200115,71525,-602.0
200115,71513,51.0
200115,71589,-269.0
200115,3088959,149.0
200115,71688,-57.0
200115,71659,31.0
200115,3088957,-61.0
200115,71476,-557.0
200116,170041,176.0
200116,11739,-96.0
200116,11766,254.0
200116,11724,-100.0
200116,95522,-59.0
200116,1062272,457.0
200116,1056899,133.0
200116,145281,591.0
200116,11784,-121.0
200116,170042,-108.0
200117,67874,55.0
200117,67878,-5.0
200117,67909,203.0
200117,67785,238.0
200117,67954,110.0
200117,67955,132.0
200117,68061,115.0
200117,67846,-127.0
200117,67910,-246.0
200117,67887,104.0
200118,13679,1566.0
200118,13653,161.0
200118,128688,4144.0
200118,14026,510.0
200118,94969,4089.0
200118,13722,1164.0
200118,13603,1715.0
200118,13597,1549.0
200118,13251,1255.0
200119,15713,-685.0
200119,127181,-438.0
200119,15322,-1542.0
200119,15379,-2428.0
200119,15834,-667.0
200119,126976,1470.0
200119,127135,-366.0
200119,15430,-459.0
200119,128097,-2022.0
200120,65924,449.0
200120,131477,417.0
200120,65973,13.0
200120,131451,530.0
200120,65847,-1380.0
200120,131450,214.0
200120,131449,-121.0
200120,65761,-696.0
200120,131457,-1451.0
200121,70349,756.0
200121,70379,-1061.0
200121,70342,274.0
200121,1610337,230.0
200121,3090034,989.0
200121,70353,-18.0
200121,1617103,1162.0
200121,70354,53.0
200121,1621780,168.0
200122,9202,-840.0
200122,9104,-132.0
200122,9225,271.0
200122,9288,525.0
200122,95514,-43.0
200122,212997,816.0
200122,2089369,663.0
200122,9295,-437.0
200122,2108645,-752.0
200122,9449,643.0
200122,9524,818.0
200122,9434,639.0
200122,2125203,226.0
200122,2122351,678.0
200122,212994,-763.0
200122,9208,-530.0
200122,8907,233.0
200122,8872,265.0
200122,2081215,508.0
200122,8875,83.0
200122,8794,315.0
200122,2091260,-421.0
200122,2124655,-1020.0
200123,69809,639.0
200123,69836,639.0
200123,69803,666.0
200123,69834,-207.0
200123,69822,-635.0
200123,69851,462.0
200123,95572,244.0
200123,69808,-150.0
200123,69912,-407.0
200124,1918,-142.0
200124,2055,901.0
200124,2120,-357.0
200124,1810,656.0
200124,1900,317.0
200124,2090,572.0
200124,3092080,-258.0
200124,1993,-156.0
200124,2103,337.0
200125,3442285,-687.0
200125,19423,-85.0
200125,19418,-423.0
200125,179681,-1195.0
200125,19311,-789.0
200125,623735,-33.0
200125,179684,-222.0
200125,617458,-239.0
200125,617283,-1002.0
200125,19368,-1191.0
200125,179711,-921.0
200125,633830,-1276.0
200126,11887,-133.0
200126,11675,482.0
200126,11687,535.0
200126,11488,621.0
200126,11693,865.0
200126,11824,-307.0
200126,11810,130.0
200126,989243,177.0
200126,11892,-349.0
200127,2404,658.0
200127,2431,900.0
200127,73393,678.0
200127,2344,1098.0
200127,2430,-10.0
200127,73378,182.0
200127,73419,369.0
200127,73385,277.0
200127,3599052,28.0
200128,67099,668.0
200128,67137,-121.0
200128,67095,-4.0
200128,67147,121.0
200128,67136,-708.0
200128,93990,-17.0
200128,93992,56.0
200128,134285,306.0
200128,67123,516.0
200129,16818,-81.0
200129,16876,660.0
200129,16855,776.0
200129,147050,708.0
200129,2816457,283.0
200129,16824,-233.0
200129,16825,-84.0
200129,1136407,99.0
200129,147059,173.0
200130,228287,327.0
200130,228480,961.0
200130,228417,446.0
200130,2817326,331.0
200130,3099320,-75.0
200130,227720,-14.0
200130,3959490,60.0
200130,228761,430.0
200130,3964409,-313.0
200131,64413,557.0
200131,64479,-83.0
200131,64108,290.0
200131,64505,416.0
200131,64363,-542.0
200131,64222,186.0
200131,64396,-42.0
200131,3925034,43.0
200131,64439,-307.0
200132,14495,-226.0
200132,14337,40.0
200132,75087,-246.0
200132,75048,378.0
200132,75047,454.0
200132,75080,-322.0
200132,146046,166.0
200132,75084,-287.0
200132,75039,290.0
200133,14473,212.0
200133,14455,454.0
200133,14579,-161.0
200133,213272,505.0
200133,14584,627.0
200133,5061182,149.0
200133,14572,11.0
200133,5061237,-78.0
200133,5060765,475.0
200134,62947,-267.0
200134,62908,-195.0
200134,62940,-317.0
200134,62977,-65.0
200134,63013,-271.0
200134,62886,-381.0
200134,511326,-125.0
200134,140835,391.0
200134,62998,-194.0
200135,69948,227.0
200135,70209,313.0
200135,70010,236.0
200135,132567,165.0
200135,70046,37.0
200135,132544,263.0
200135,70173,469.0
200135,132545,-152.0
200135,70078,46.0
200136,14338,-116.0
200136,14400,179.0
200136,14332,249.0
200136,14441,85.0
200136,14328,201.0
200136,1653880,39.0
200136,14349,-318.0
200136,14398,103.0
200136,1644762,-133.0
200137,13022,-57.0
200137,12905,-296.0
200137,12928,-25.0
200137,5061127,11.0
200137,12711,378.0
200137,3088386,-190.0
200137,12939,39.0
200137,12698,-67.0
200137,12946,-82.0
200137,12713,775.0
200137,12549,255.0
200137,12705,367.0
200137,12510,823.0
200137,2123386,200.0
200137,12552,261.0
200137,89947,783.0
200137,213221,516.0
200138,170049,-363.0
200138,170048,-316.0
200138,12914,-41.0
200138,12839,49.0
200138,170050,-102.0
200138,12843,-350.0
200138,12716,-185.0
200138,1062483,-201.0
200138,12741,-433.0
200139,12412,38.0
200139,13108,-18.0
200139,12737,-24.0
200139,12373,-47.0
200139,13184,310.0
200139,12671,-19.0
200139,13172,-42.0
200139,135072,317.0
200139,13042,-212.0
200140,7657,181.0
200140,7694,-29.0
200140,7967,272.0
200140,7597,429.0
200140,7873,263.0
200140,7823,80.0
200140,7760,262.0
200140,7304,224.0
200140,7586,20.0
200141,21155,-121.0
200141,21062,-73.0
200141,20640,-144.0
200141,21075,-120.0
200141,20694,-319.0
200141,21175,-56.0
200141,20717,-293.0
200141,20865,-104.0
200141,21167,21.0
200142,401865,-750.0
200142,381445,3338.0
200142,394094,-618.0
200142,386227,-213.0
200142,389861,-461.0
200142,4683125,-4075.0
200142,392512,32.0
200142,388689,-942.0
200143,12995,938.0
200143,13033,-793.0
200143,13046,-1217.0
200143,74716,3073.0
200143,13010,1144.0
200143,12668,-172.0
200143,13064,-1611.0
200143,13003,-2921.0
200144,88253,-2539.0
200144,88259,-108.0
200144,14719,-579.0
200144,127997,-1129.0
200144,128083,328.0
200144,128025,749.0
200144,88263,-31.0
200144,128086,-765.0
200144,14827,1581.0
200144,128085,-3622.0
200145,11365,-1048.0
200145,11348,-292.0
200145,145187,83.0
200145,145185,178.0
200145,11402,-496.0
200145,975924,-411.0
200145,170038,-744.0
200145,145198,-1288.0
200146,1492411,779.0
200146,17509,5.0
200146,17554,591.0
200146,1502313,472.0
200146,1504252,-304.0
200146,1486030,540.0
200146,5060698,831.0
200146,17587,-387.0
200147,4039,-621.0
200147,4337,61.0
200147,4128,-437.0
200147,3090447,179.0
200147,73795,340.0
200147,95508,-181.0
200147,4058,-385.0
200147,138322,-997.0
200148,3697,-166.0
200148,3378,-721.0
200148,3550,-899.0
200148,3319,-328.0
200148,3536,-42.0
200148,212644,-415.0
200148,95505,-1168.0
200148,1799089,-235.0
200149,13964,-165.0
200149,14050,-569.0
200149,170058,-942.0
200149,14060,-405.0
200149,14062,-302.0
200149,1007783,-198.0
200149,1006479,-835.0
200149,176681,-989.0
200150,11035,294.0
200150,11010,475.0
200150,10997,-65.0
200150,165350,716.0
200150,11126,-347.0
200150,3091399,223.0
200150,1368301,-241.0
200150,213122,-233.0
200151,70312,477.0
200151,1305248,647.0
200151,3091765,562.0
200151,70212,-87.0
200151,1301372,763.0
200151,85364,588.0
200151,1323220,-214.0
200151,1309509,203.0
200152,72461,-258.0
200152,72319,-94.0
200152,72347,-432.0
200152,72404,-624.0
200152,72409,-959.0
200152,1096566,111.0
200152,72507,-360.0
200152,72430,-118.0
200153,3754,-168.0
200153,3665,-778.0
200153,3690,88.0
200153,3631,-275.0
200153,3610,105.0
200153,3735,-252.0
200153,1035734,-274.0
200153,1030520,-710.0
200154,7289,-837.0
200154,7395,-145.0
200154,7282,-554.0
200154,7674,-83.0
200154,7333,-604.0
200154,7214,-175.0
200154,7316,-577.0
200154,7312,-659.0
200155,17134,301.0
200155,16964,706.0
200155,16968,621.0
200155,17161,705.0
200155,17150,307.0
200155,17131,431.0
200155,147212,-18.0
200155,17108,3.0
200156,978564,868.0
200156,3936942,927.0
200156,3936896,324.0
200156,66092,371.0
200156,975828,540.0
200156,979614,614.0
200156,3936406,362.0
200156,976159,429.0
200157,64389,-549.0
200157,64257,-21.0
200157,64319,-156.0
200157,64328,-37.0
200157,64314,-653.0
200157,542273,-316.0
200157,64383,-592.0
200157,64399,-99.0
200157,64420,-456.0
200157,140885,-449.0
200158,10697,204.0
200158,10868,405.0
200158,10647,-447.0
200158,10856,-48.0
200158,10843,52.0
200158,10747,106.0
200158,10756,34.0
200158,10726,-357.0
200159,70250,594.0
200159,70140,298.0
200159,70141,138.0
200159,70139,-107.0
200159,70201,408.0
200159,70148,-231.0
200159,70112,221.0
200159,70296,157.0
200160,19993,-457.0
200160,20049,-375.0
200160,20037,3.0
200160,19945,88.0
200160,3097166,280.0
200160,3097168,-169.0
200160,20042,126.0
200160,4076537,-204.0
200161,72452,240.0
200161,72601,-185.0
200161,72716,-7.0
200161,72640,209.0
200161,1810526,252.0
200161,72607,126.0
200161,72751,-253.0
200161,72628,-327.0
200162,10008,-602.0
200162,10050,76.0
200162,10026,-195.0
200162,10062,-282.0
200162,9827,-7.0
200162,10028,-192.0
200162,10079,-393.0
200162,10047,-113.0
200162,10298,239.0
200162,10243,-330.0
200162,2816328,-350.0
200162,9804,440.0
200162,10245,165.0
200163,65021,-101.0
200163,64949,191.0
200163,64910,-39.0
200163,64864,209.0
200163,64880,-21.0
200163,64814,-332.0
200163,64854,55.0
200163,64812,-346.0
200164,5264,-18.0
200164,5218,350.0
200164,4957,127.0
200164,5161,350.0
200164,5034,110.0
200164,5148,72.0
200164,5080,-107.0
200164,5343,-104.0
200165,6099,155.0
200165,6114,86.0
200165,6136,314.0
200165,130141,-53.0
200165,5980,-148.0
200165,6142,-265.0
200165,5868,63.0
200165,5956,-51.0
200166,6643,-263.0
200166,6624,-241.0
200166,6448,108.0
200166,6439,128.0
200166,6531,-203.0
200166,6475,-220.0
200166,6644,-84.0
200166,6654,-334.0
200167,70826,5.0
200167,70877,247.0
200167,71013,105.0
200167,70745,106.0
200167,70892,427.0
200167,70792,-173.0
200167,70847,107.0
200167,70839,141.0
200168,72831,36.0
200168,72792,-91.0
200168,72829,-138.0
200168,72696,-238.0
200168,1845308,173.0
200168,72778,-116.0
200168,215000,-407.0
200168,1860549,-157.0
200169,15633,-1572.0
200169,135172,-2398.0
200169,177722,227.0
200169,134182,-1142.0
200169,135173,-1854.0
200169,135171,-2823.0
200169,134125,-3333.0
200170,220740,508.0
200170,3946334,933.0
200170,67981,215.0
200170,219743,850.0
200170,3951426,243.0
200170,218680,636.0
200170,218764,-2153.0
200171,2435543,-1436.0
200171,2437724,713.0
200171,2437030,1030.0
200171,2447226,-635.0
200171,5060831,-348.0
200171,2453659,457.0
200171,2449663,-1016.0
200172,133449,437.0
200172,69112,-474.0
200172,141698,187.0
200172,85231,697.0
200172,133450,-459.0
200172,133386,-310.0
200172,133382,-1692.0
200173,70608,-1621.0
200173,70619,-503.0
200173,70655,-573.0
200173,70605,-1185.0
200173,3977575,-954.0
200173,70594,-1257.0
200173,70574,-2301.0
200173,70459,-1486.0
200173,70480,-2296.0
200173,70540,-1453.0
200173,70472,-1388.0
200174,17110,863.0
200174,17106,1238.0
200174,17187,-132.0
200174,781242,929.0
200174,785621,1374.0
200174,17148,964.0
200174,17129,495.0
200175,5060791,600.0
200175,4077637,954.0
200175,92497,-488.0
200175,2802358,-209.0
200175,4077652,-107.0
200175,4077636,453.0
200175,4077632,101.0
200175,4077655,432.0
200175,294258,378.0
200176,5976,-212.0
200176,6027,3.0
200176,6120,-499.0
200176,5952,-344.0
200176,5988,-935.0
200176,5978,-574.0
200176,5977,579.0
200177,8267,93.0
200177,8208,107.0
200177,8357,-428.0
200177,2059876,846.0
200177,8334,-635.0
200177,2059251,147.0
200177,8387,-329.0
200178,16993,-1096.0
200178,17079,-380.0
200178,1587558,-968.0
200178,1588198,-971.0
200178,1598594,-1378.0
200178,97085,-742.0
200178,1579406,-1008.0
200179,3903135,185.0
200179,185535,430.0
200179,478428,1249.0
200179,62673,677.0
200179,3904185,71.0
200179,480301,576.0
200179,62611,125.0
200180,2404520,-686.0
200180,2401196,-123.0
200180,2399398,184.0
200180,3087231,-324.0
200180,4665585,393.0
200180,3087232,-508.0
200180,2404546,-721.0
200181,2183067,-609.0
200181,2182466,-111.0
200181,2173921,-488.0
200181,2185335,-197.0
200181,2175941,-59.0
200181,2178923,-1154.0
200181,165381,-378.0
200182,16232,160.0
200182,16242,-572.0
200182,16276,257.0
200182,3689252,444.0
200182,16286,678.0
200182,146741,298.0
200182,16307,-102.0
200183,13224,-88.0
200183,13061,423.0
200183,13083,-193.0
200183,13170,-82.0
200183,13000,-589.0
200183,5060912,14.0
200183,13223,-766.0
200184,5190,-546.0
200184,5374,289.0
200184,4896,-597.0
200184,5221,-682.0
200184,5469,-97.0
200184,5151,40.0
200184,5356,-330.0
200185,5898,-207.0
200185,5878,-627.0
200185,5807,-237.0
200185,95211,84.0
200185,131053,1.0
200185,5862,-561.0
200185,5706,-867.0
200186,67989,-351.0
200186,68067,-588.0
200186,167607,254.0
200186,68012,-343.0
200186,167587,152.0
200186,167608,-22.0
200186,167586,145.0
200187,2536,-582.0
200187,2560,-343.0
200187,2712,-437.0
200187,2687,-651.0
200187,2623,171.0
200187,2441,-117.0
200187,2747,-177.0
200188,14710,103.0
200188,14722,-48.0
200188,3093623,-92.0
200188,3080585,457.0
200188,940994,107.0
200188,146138,-538.0
200188,941839,-189.0
200189,10468,-398.0
200189,10527,3.0
200189,3088093,-370.0
200189,10349,162.0
200189,10532,-268.0
200189,2152537,29.0
200189,10485,-607.0
200190,63553,-171.0
200190,63551,-79.0
200190,63592,-241.0
200190,63584,-829.0
200190,63602,-236.0
200190,63518,-435.0
200190,63570,-125.0
200191,10536,-494.0
200191,89926,197.0
200191,87159,-256.0
200191,10562,-506.0
200191,3644464,-111.0
200191,10551,-489.0
200191,10394,-225.0
200192,18421,373.0
200192,18522,525.0
200192,18477,255.0
200192,18680,487.0
200192,18579,453.0
200192,18571,669.0
200192,18489,-55.0
200193,65379,-417.0
200193,65385,-441.0
200193,65369,-547.0
200193,65376,28.0
200193,65333,-122.0
200193,65372,-493.0
200193,65398,33.0
200194,9544,322.0
200194,9477,214.0
200194,9504,516.0
200194,9433,-181.0
200194,9407,196.0
200194,9472,-71.0
200194,9740,-101.0
200195,12124,496.0
200195,12136,114.0
200195,12080,-240.0
200195,12227,-44.0
200195,12200,-56.0
200195,2118943,-2.0
200195,2112861,-117.0
200196,1198,-75.0
200196,922,-124.0
200196,1226,-244.0
200196,910,-132.0
200196,952,-592.0
200196,949,-252.0
200196,680,36.0
200197,6694,125.0
200197,6982,-551.0
200197,6633,398.0
200197,6657,-63.0
200197,6546,414.0
200197,6665,242.0
200197,6627,-87.0
200197,6817,88.0
200197,6687,-496.0
200198,10185,-198.0
200198,10135,-180.0
200198,3091393,-13.0
200198,3642225,277.0
200198,3091550,241.0
200198,10176,-48.0
200198,10173,264.0
200199,70403,251.0
200199,70299,53.0
200199,70326,136.0
200199,70374,-85.0
200199,70415,49.0
200199,1792990,-20.0
200199,70531,-398.0
200200,65033,-297.0
200200,65120,-83.0
200200,3927324,-264.0
200200,65050,-252.0
200200,65071,-629.0
200200,3927260,-193.0
200200,779222,-322.0
200201,10333,266.0
200201,10226,-72.0
200201,10153,324.0
200201,10184,74.0
200201,170034,264.0
200201,144971,-151.0
200201,3093707,182.0
200201,10481,766.0
200201,10561,703.0
200201,10353,970.0
200201,10454,483.0
200202,58785,122.0
200202,58843,-94.0
200202,58810,-293.0
200202,4684115,123.0
200202,4623618,248.0
200202,59037,-85.0
200202,4684116,-62.0
200203,4484,222.0
200203,4363,-99.0
200203,4368,279.0
200203,4292,24.0
200203,4415,-215.0
200203,4328,100.0
200203,4195,47.0
200204,213292,99.0
200204,15866,201.0
200204,4080599,422.0
200204,15924,160.0
200204,1564965,236.0
200204,1562057,203.0
200204,3097128,19.0
200205,9388,65.0
200205,9302,390.0
200205,9423,41.0
200205,9392,-57.0
200205,9205,36.0
200205,9475,87.0
200205,100738,111.0
200206,16495,22.0
200206,16488,145.0
200206,16605,195.0
200206,16375,295.0
200206,16436,308.0
200206,16507,-41.0
200206,3691426,192.0
200207,5766,2.0
200207,6110,181.0
200207,5897,-45.0
200207,5581,52.0
200207,5679,3.0
200207,5341,122.0
200207,5777,-46.0
200208,10175,45.0
200208,10464,-105.0
200208,10010,-98.0
200208,10122,-176.0
200208,10065,-156.0
200208,10132,-126.0
200208,9846,-25.0
200209,70884,26.0
200209,71066,106.0
200209,70800,-12.0
200209,71548,-76.0
200209,71031,-64.0
200209,70588,55.0
200209,71213,-28.0
200210,220956,-238.0
200210,220132,-2928.0
200210,221811,-1229.0
200210,219886,-2420.0
200210,219696,-3967.0
200210,219396,-2872.0
200211,72078,-3269.0
200211,71907,-3669.0
200211,130875,-3877.0
200211,130868,-1834.0
200211,72320,-3860.0
200211,72068,-3489.0
200212,5060737,3188.0
200212,5060647,-179.0
200212,1646905,210.0
200212,1639441,1267.0
200212,1645926,-153.0
200212,1613506,859.0
200213,87233,-450.0
200213,5060802,-2481.0
200213,1667631,-495.0
200213,65248,-2298.0
200213,1667367,-577.0
200213,1670914,-187.0
200214,3077780,-1212.0
200214,345977,-64.0
200214,2793240,-405.0
200214,2793286,862.0
200214,340387,523.0
200214,3077667,-1859.0
200215,66391,-1622.0
200215,163124,-308.0
200215,251424,-329.0
200215,3084908,-762.0
200215,66841,-24.0
200215,245674,-1973.0
200216,17290,634.0
200216,17273,1138.0
200216,17262,1014.0
200216,96039,-118.0
200216,96040,-297.0
200216,17271,-887.0
200217,3600347,133.0
200217,133690,352.0
200217,73371,582.0
200217,73383,1392.0
200217,2455,755.0
200217,2554,-789.0
200218,331,1201.0
200218,73217,876.0
200218,82,-366.0
200218,399,1361.0
200218,487,972.0
200218,128381,722.0
200219,8820,966.0
200219,8910,946.0
200219,3635497,5.0
200219,3088606,-10.0
200219,2052692,-395.0
200219,2053336,-45.0
200220,71997,11.0
200220,1370797,186.0
200220,71928,1233.0
200220,1374511,212.0
200220,3091656,37.0
200220,1371788,-307.0
200221,2165924,-694.0
200221,3087985,-157.0
200221,100165,-494.0
200221,2170476,438.0
200221,2161355,-290.0
200221,2158934,630.0
200222,76766,134.0
200222,76890,878.0
200222,76796,1126.0
200222,76752,481.0
200222,76845,-112.0
200222,76824,303.0
200223,3090804,-795.0
200223,3090677,402.0
200223,70493,503.0
200223,70516,267.0
200223,70508,238.0
200223,1492301,300.0
200224,18202,209.0
200224,18180,-734.0
200224,148156,498.0
200224,3706165,368.0
200224,18139,265.0
200224,148195,22.0
200225,801,361.0
200225,730,136.0
200225,753,1066.0
200225,1024,352.0
200225,751,143.0
200225,128413,-164.0
200226,69305,-715.0
200226,69321,-478.0
200226,69359,-1316.0
200226,69296,-639.0
200226,69308,-467.0
200226,69240,-735.0
200227,67715,618.0
200227,67647,-352.0
200227,127250,-610.0
200227,67706,-93.0
200227,67777,100.0
200227,127247,33.0
200228,3908066,682.0
200228,63218,195.0
200228,3908134,181.0
200228,3908060,-47.0
200228,726496,234.0
200228,728884,-581.0
200228,4078407,-137.0
200228,4078426,-75.0
200228,5061162,-322.0
200228,3908184,-870.0
200229,3705,841.0
200229,3695,754.0
200229,3951,67.0
200229,134758,322.0
200229,3931,-150.0
200229,3098160,250.0
200230,806584,-332.0
200230,807077,-970.0
200230,18900,-331.0
200230,18947,234.0
200230,3095733,-386.0
200230,802693,-189.0
200231,64481,-395.0
200231,64433,-236.0
200231,64456,263.0
200231,570741,-130.0
200231,64468,-715.0
200231,583415,-736.0
200232,65023,-848.0
200232,64853,-71.0
200232,64852,-154.0
200232,64899,15.0
200232,64994,-445.0
200232,64792,178.0
200233,10447,-481.0
200233,10285,142.0
200233,10400,-370.0
200233,1008232,-105.0
200233,1005312,470.0
200233,1015643,-386.0
200234,179121,-484.0
200234,3709717,-398.0
200234,3709096,186.0
200234,3708642,-315.0
200234,3708163,111.0
200234,276578,-722.0
200235,60386,142.0
200235,60548,722.0
200235,165964,-3.0
200235,60412,-297.0
200235,4682942,306.0
200235,4684217,458.0
200236,18385,-173.0
200236,858653,85.0
200236,861222,208.0
200236,868631,41.0
200236,18383,471.0
200236,18435,-612.0
200237,70780,-730.0
200237,70764,-77.0
200237,70664,30.0
200237,70750,-182.0
200237,70823,-208.0
200237,70763,-740.0
200238,69151,190.0
200238,69190,-134.0
200238,69235,125.0
200238,134427,-300.0
200238,69059,164.0
200238,69086,732.0
200239,71284,-183.0
200239,71283,517.0
200239,71306,247.0
200239,3982321,-480.0
200239,1639160,24.0
200239,3981946,-197.0
200240,14227,-489.0
200240,14234,-35.0
200240,3670696,-6.0
200240,3670495,373.0
200240,100759,-362.0
200240,3670804,-520.0
200241,67624,37.0
200241,67764,-744.0
200241,67836,141.0
200241,67711,-38.0
200241,67686,85.0
200241,67601,-395.0
200242,309326,294.0
200242,3708483,261.0
200242,148331,-393.0
200242,3706934,-165.0
200242,307786,296.0
200242,310538,537.0
200243,11897,10.0
200243,11896,-224.0
200243,11860,439.0
200243,2063441,29.0
200243,11880,-610.0
200243,2063522,-88.0
200244,334734,324.0
200244,62390,285.0
200244,62443,-547.0
200244,62250,-139.0
200244,62401,36.0
200244,62430,-322.0
200245,14256,168.0
200245,14285,376.0
200245,14278,724.0
200245,14299,-153.0
200245,128677,-66.0
200245,129536,194.0
200246,70747,679.0
200246,71136,637.0
200246,131791,547.0
200246,71214,265.0
200246,71042,230.0
200246,568935,-53.0
200247,19553,589.0
200247,149242,2.0
200247,19510,-240.0
200247,19577,42.0
200247,149159,-302.0
200247,179762,-140.0
200248,68384,387.0
200248,68486,87.0
200248,68341,142.0
200248,68356,365.0
200248,68343,791.0
200248,68331,83.0
200249,69020,229.0
200249,69028,-92.0
200249,69101,-472.0
200249,69127,-501.0
200249,3084721,39.0
200249,69038,-270.0
200250,6059,-242.0
200250,5746,-651.0
200250,5800,-632.0
200250,6077,-386.0
200250,5919,-110.0
200250,5926,-27.0
200251,4668,-557.0
200251,4949,-94.0
200251,4822,-228.0
200251,4623,-486.0
200251,4776,-543.0
200251,5047,-635.0
200252,11635,39.0
200252,3092118,-340.0
200252,3092277,471.0
200252,3092119,-199.0
200252,3092117,9.0
200252,3652523,-3.0
200253,18413,-20.0
200253,18446,129.0
200253,18515,257.0
200253,18459,162.0
200253,148474,-495.0
200253,3707866,22.0
200254,74302,-167.0
200254,11876,-144.0
200254,11811,-309.0
200254,11914,-75.0
200254,1093128,168.0
200254,1090242,-595.0
200254,12040,-287.0
200254,12056,-715.0
200254,1099273,-708.0
200255,62655,-223.0
200255,62786,-394.0
200255,62590,-202.0
200255,62688,-328.0
200255,62792,-346.0
200255,309198,-757.0
200256,60750,258.0
200256,61027,-175.0
200256,359186,356.0
200256,363112,-179.0
200256,4684220,-169.0
200256,4684219,-144.0
200257,9359,186.0
200257,10208,-133.0
200257,10496,393.0
200257,9549,339.0
200257,10329,71.0
200257,9414,445.0
200258,5253,-146.0
200258,5215,-274.0
200258,5255,403.0
200258,131009,155.0
200258,5287,20.0
200258,5243,-5.0
200259,7164,-353.0
200259,7315,-118.0
200259,7325,-353.0
200259,7235,-465.0
200259,7237,-272.0
200259,7280,88.0
200259,1307096,-210.0
200260,12761,-186.0
200260,12473,293.0
200260,12643,92.0
200260,170047,-191.0
200260,1085488,-114.0
200260,12764,-281.0
200261,7552,-321.0
200261,7446,-423.0
200261,7092,85.0
200261,7447,-272.0
200261,7661,-283.0
200261,7068,-6.0
200262,7934,-209.0
200262,8019,-133.0
200262,8040,-226.0
200262,7899,-433.0
200262,7888,187.0
200262,8265,-60.0
200263,64826,-481.0
200263,64882,-293.0
200263,3082955,-482.0
200263,64847,-302.0
200263,64955,-200.0
200263,64912,-26.0
200264,707,125.0
200264,731,-203.0
200264,816,-4.0
200264,709,175.0
200264,1861456,274.0
200264,688,375.0
200265,67859,-600.0
200265,67858,-332.0
200265,67864,-403.0
200265,67849,-339.0
200265,67958,-517.0
200265,191161,-405.0
200266,61669,-58.0
200266,61981,-67.0
200266,61914,-54.0
200266,61930,-462.0
200266,62125,-38.0
200266,267822,-393.0
200267,8405,-19.0
200267,8130,366.0
200267,8340,27.0
200267,8317,-273.0
200267,8329,-42.0
200267,1032815,-50.0
200268,66508,-58.0
200268,66521,-381.0
200268,66453,-141.0
200268,66464,-83.0
200268,66516,-430.0
200268,135236,43.0
200269,8263,-550.0
200269,8565,-286.0
200269,8469,-359.0
200269,8178,-193.0
200269,8282,-464.0
200269,8611,-371.0
200270,169991,-398.0
200270,2034,-101.0
200270,2161,-349.0
200270,1081316,-45.0
200270,2130,-41.0
200270,143604,67.0
200271,9457,-39.0
200271,9417,23.0
200271,9461,221.0
200271,9503,450.0
200271,9427,198.0
200271,9454,148.0
200272,10936,-201.0
200272,1433136,205.0
200272,1435765,-162.0
200272,10889,-256.0
200272,10836,-21.0
200272,10855,-229.0
200273,3857,50.0
200273,3930,255.0
200273,4068,343.0
200273,73560,232.0
200273,3961,466.0
200273,73565,200.0
200274,15840,114.0
200274,15844,60.0
200274,15746,-261.0
200274,2816418,14.0
200274,1021186,-146.0
200274,146453,-282.0
200275,2,-3.0
200275,304,257.0
200275,18,354.0
200275,72877,335.0
200275,73195,53.0
200275,2300436,224.0
200276,72372,415.0
200276,72411,246.0
200276,1830071,128.0
200276,1835669,235.0
200276,3989080,406.0
200276,1837535,336.0
200276,72438,520.0
200276,72341,357.0
200277,4764,191.0
200277,4632,353.0
200277,4361,93.0
200277,4023,-1.0
200277,4700,148.0
200277,4491,-103.0
200278,16322,-69.0
200278,16390,46.0
200278,16261,340.0
200278,16335,21.0
200278,16363,62.0
200278,146783,-97.0
200279,65173,-335.0
200279,65135,134.0
200279,65275,-33.0
200279,3094416,-61.0
200279,841094,-20.0
200279,65149,-18.0
200280,2193323,-81.0
200280,2197597,-364.0
200280,2207769,-139.0
200280,2199401,-73.0
200280,2195786,-70.0
200280,13503,-234.0
200281,21325,-100.0
200281,20766,-110.0
200281,21457,36.0
200281,21472,-48.0
200281,21369,32.0
200281,21370,-243.0
200282,2369625,-416.0
200282,2348486,1381.0
200282,2327655,-3068.0
200282,2324224,-3473.0
200282,5060733,-4226.0
200283,67329,1996.0
200283,128152,2173.0
200283,67245,-613.0
200283,128184,-1606.0
200283,128177,-3613.0
200284,4156,-379.0
200284,1431672,75.0
200284,1452518,-1844.0
200284,4428,-3181.0
200284,1421760,-3210.0
200285,64272,-131.0
200285,95752,1653.0
200285,161935,-1339.0
200285,64256,-2010.0
200285,64323,-1205.0
200285,64462,121.0
200285,64245,2597.0
200286,66480,685.0
200286,371469,8.0
200286,128116,-1385.0
200286,128115,-506.0
200286,128199,-2340.0
200287,72413,-653.0
200287,134568,1329.0
200287,134589,-1670.0
200287,89427,-83.0
200287,765157,-732.0
200288,3077745,-1475.0
200288,2801789,-1284.0
200288,3077703,-232.0
200288,3077533,-2366.0
200288,337153,-637.0
200289,3281,422.0
200289,3477,-1326.0
200289,968007,77.0
200289,3228,398.0
200289,173218,-1499.0
200290,3082706,787.0
200290,61020,-597.0
200290,311850,-529.0
200290,4077690,-644.0
200290,311741,-1543.0
200291,1595,10.0
200291,1624,628.0
200291,1767,-1213.0
200291,131855,924.0
200291,682135,107.0
200292,966619,-1074.0
200292,967324,-683.0
200292,957328,171.0
200292,4078517,-911.0
200292,972527,-1519.0
200293,17937,-377.0
200293,17890,-816.0
200293,17970,343.0
200293,3703932,707.0
200293,147955,-746.0
200294,21009,-127.0
200294,21038,-1398.0
200294,452175,-16.0
200294,460482,-56.0
200294,21001,-780.0
200295,95267,692.0
200295,72225,1077.0
200295,72231,855.0
200295,132684,336.0
200295,132683,-455.0
200295,72385,1072.0
200296,13276,-823.0
200296,130305,-937.0
200296,130272,-1175.0
200296,13530,-508.0
200296,13093,-1664.0
200297,71271,-300.0
200297,71405,29.0
200297,214946,-52.0
200297,71320,1235.0
200297,71331,474.0
200298,72645,953.0
200298,3091660,314.0
200298,72538,-256.0
200298,1358725,-89.0
200298,72604,929.0
200299,3624693,297.0
200299,6482,-54.0
200299,6481,-14.0
200299,6593,415.0
200299,1691013,-994.0
200300,3990508,63.0
200300,72548,-693.0
200300,3092073,-1071.0
200300,3091902,-954.0
200300,3990624,-574.0
200300,3091771,151.0
200301,130517,266.0
200301,130518,306.0
200301,130523,-77.0
200301,16516,-767.0
200301,130519,582.0
200302,3080708,557.0
200302,142758,-260.0
200302,16229,548.0
200302,146643,229.0
200302,146711,-616.0
200303,69150,58.0
200303,69312,256.0
200303,69244,151.0
200303,69145,-722.0
200303,170395,-799.0
200304,68376,1070.0
200304,131630,73.0
200304,131627,167.0
200304,68189,-252.0
200304,68292,217.0
200305,17715,-206.0
200305,17629,-893.0
200305,17883,-335.0
200305,485315,-1146.0
200305,147888,-819.0
200306,4033,520.0
200306,4121,-370.0
200306,4122,-622.0
200306,4182,252.0
200306,3991,-465.0
200307,67518,640.0
200307,67538,65.0
200307,67462,-532.0
200307,67477,-470.0
200307,67508,151.0
200308,270,888.0
200308,2402385,203.0
200308,73136,-171.0
200308,2401828,606.0
200308,90451,-98.0
200309,3088273,-530.0
200309,10196,-531.0
200309,10202,-500.0
200309,10300,468.0
200309,10358,-434.0
200310,16996,91.0
200310,3694717,-261.0
200310,3080825,-301.0
200310,3080826,-611.0
200310,17026,-982.0
200311,12477,356.0
200311,11785,595.0
200311,12501,130.0
200311,12144,361.0
200311,979486,-547.0
200312,66418,740.0
200312,66316,150.0
200312,1227752,-380.0
200312,1229600,35.0
200312,1210634,-205.0
200313,860205,770.0
200313,861529,465.0
200313,140855,-267.0
200313,4078485,350.0
200313,4078478,575.0
200314,73186,322.0
200314,54,-62.0
200314,73087,397.0
200314,73107,-160.0
200314,58,-633.0
200315,637818,-248.0
200315,148887,-5.0
200315,19122,-680.0
200315,637609,-9.0
200315,637315,-802.0
200316,68843,-810.0
200316,68814,-409.0
200316,68830,-298.0
200316,5060985,110.0
200316,68871,-676.0
200317,2081672,-170.0
200317,68995,-368.0
200317,2817332,-55.0
200317,69034,456.0
200317,3088474,540.0
200318,1218856,-41.0
200318,192943,811.0
200318,193052,213.0
200318,1231096,594.0
200318,1229618,580.0
200319,897,-448.0
200319,138161,327.0
200319,1144,5.0
200319,1132,460.0
200319,138148,380.0
200320,93999,-457.0
200320,68097,45.0
200320,94001,-559.0
200320,94000,-802.0
200320,68136,-157.0
200321,65099,-10.0
200321,65111,54.0
200321,65176,-364.0
200321,65119,363.0
200321,65146,-582.0
200322,19133,429.0
200322,5061132,809.0
200322,4683493,519.0
200322,19121,305.0
200322,765441,-87.0
200323,293208,-81.0
200323,291374,560.0
200323,284994,310.0
200323,179114,672.0
200323,292762,602.0
200324,10660,-538.0
200324,10719,276.0
200324,10774,-332.0
200324,1426583,118.0
200324,1431167,-290.0
200325,3700466,-111.0
200325,639069,-877.0
200325,637935,-233.0
200325,646125,-405.0
200325,3700489,-393.0
200326,66723,-305.0
200326,66761,411.0
200326,131551,-64.0
200326,66734,-408.0
200326,131549,147.0
200327,101151,510.0
200327,7727,347.0
200327,127875,115.0
200327,7703,685.0
200327,128561,-61.0
200328,145782,-153.0
200328,3667649,136.0
200328,3080521,-581.0
200328,14009,-567.0
200328,176643,-246.0
200329,1038346,601.0
200329,1035886,-17.0
200329,1041903,443.0
200329,3092909,-81.0
200329,3080428,409.0
200330,1394409,-586.0
200330,1399074,13.0
200330,1402407,245.0
200330,3686482,-299.0
200330,1398855,-126.0
200331,66318,494.0
200331,66463,-251.0
200331,66224,10.0
200331,66526,-122.0
200331,66517,-262.0
200332,65459,67.0
200332,131465,119.0
200332,131491,102.0
200332,101179,708.0
200332,131488,419.0
200333,1519502,-9.0
200333,1506651,-362.0
200333,17707,-460.0
200333,213319,-328.0
200333,17656,-700.0
200334,9904,-390.0
200334,10001,-101.0
200334,9934,49.0
200334,9886,56.0
200334,2802440,-585.0
200335,811705,243.0
200335,814882,682.0
200335,16616,180.0
200335,816180,603.0
200335,16454,209.0
200336,16397,-380.0
200336,16357,-140.0
200336,16453,235.0
200336,178052,-339.0
200336,244492,-403.0
200337,29644,212.0
200337,29597,70.0
200337,29512,-317.0
200337,30273,321.0
200337,2792195,375.0
200338,68117,3.0
200338,68208,388.0
200338,68247,-336.0
200338,133372,-96.0
200338,133390,-206.0
200339,5060900,177.0
200339,3088065,551.0
200339,5060904,-145.0
200339,5060905,-5.0
200339,5060459,193.0
200340,70157,-104.0
200340,70001,-307.0
200340,1573319,272.0
200340,70055,-342.0
200340,70019,64.0
200341,70226,616.0
200341,70185,309.0
200341,70178,14.0
200341,70029,365.0
200341,3088264,290.0
200342,17466,-100.0
200342,717099,440.0
200342,17465,117.0
200342,718302,-241.0
200342,716736,7.0
200343,132404,-20.0
200343,132406,-330.0
200343,132402,335.0
200343,132403,-227.0
200343,132398,-84.0
200344,70864,275.0
200344,70912,431.0
200344,70765,407.0
200344,70691,632.0
200344,70962,116.0
200344,70699,182.0
200345,73024,122.0
200345,2317382,209.0
200345,73020,-396.0
200345,2291490,-196.0
200345,215023,-203.0
200346,10197,319.0
200346,10064,609.0
200346,3090306,132.0
200346,10104,62.0
200346,3090305,131.0
200347,3911028,343.0
200347,637622,438.0
200347,63574,-144.0
200347,161677,319.0
200347,642058,196.0
200348,5120,-116.0
200348,5154,232.0
200348,5301,-308.0
200348,5091,258.0
200348,5135,-52.0
200349,13516,-639.0
200349,13450,-223.0
200349,3080473,-247.0
200349,13489,-180.0
200349,1077846,-361.0
200350,62996,-82.0
200350,62835,473.0
200350,320569,138.0
200350,3905487,-14.0
200350,62847,-74.0
200351,165885,-126.0
200351,67246,-153.0
200351,167419,-414.0
200351,67225,-329.0
200351,167413,-562.0
200352,62120,99.0
200352,235729,-174.0
200352,237469,-322.0
200352,3900546,239.0
200352,237987,122.0
200352,61770,63.0
200352,61804,64.0
200352,61921,257.0
200352,239216,139.0
200352,89028,175.0
200353,66732,-339.0
200353,66701,-147.0
200353,3943636,184.0
200353,66760,30.0
200353,66705,-303.0
200354,16108,-487.0
200354,16023,-36.0
200354,16029,-418.0
200354,980815,-184.0
200354,982238,-332.0
200355,130569,-194.0
200355,4665845,-22.0
200355,65430,45.0
200355,101181,-474.0
200355,130557,-55.0
200356,3983271,160.0
200356,71489,161.0
200356,71452,131.0
200356,71536,554.0
200356,71530,137.0
200357,1473572,-16.0
200357,8112,93.0
200357,3090697,116.0
200357,3090698,357.0
200357,8003,-198.0
200358,12926,138.0
200358,13050,22.0
200358,2213701,347.0
200358,13008,269.0
200358,2215518,-119.0
200359,16956,-137.0
200359,16946,-387.0
200359,16940,60.0
200359,16922,-268.0
200359,1219460,-291.0
200360,8435,152.0
200360,8500,-291.0
200360,8429,135.0
200360,1077866,-84.0
200360,144630,134.0
200361,70069,-296.0
200361,70083,51.0
200361,70117,215.0
200361,70070,-77.0
200361,70109,-127.0
200362,67577,47.0
200362,67582,125.0
200362,1473533,178.0
200362,1474263,48.0
200362,1485469,-309.0
200363,65750,164.0
200363,65740,200.0
200363,65706,11.0
200363,867136,426.0
200363,65852,194.0
200364,65321,30.0
200364,131468,-101.0
200364,131473,201.0
200364,101176,-28.0
200364,131466,314.0
200365,6690,-261.0
200365,6719,-296.0
200365,6793,-432.0
200365,6816,-143.0
200365,6732,-134.0
200365,6675,-349.0
200366,66343,-79.0
200366,66328,22.0
200366,66324,-54.0
200366,66300,261.0
200366,66289,-176.0
200367,68317,181.0
200367,68431,158.0
200367,68441,134.0
200367,68283,-199.0
200367,130726,42.0
200368,6018,307.0
200368,6109,53.0
200368,6097,-81.0
200368,5962,71.0
200368,6019,188.0
200369,66024,-185.0
200369,130542,-310.0
200369,65954,-260.0
200369,66187,-281.0
200369,66023,-405.0
200370,67168,-1.0
200370,67139,42.0
200370,67093,267.0
200370,67042,69.0
200370,85188,-150.0
200371,13352,103.0
200371,13009,-57.0
200371,13169,-135.0
200371,13068,-221.0
200371,13005,111.0
200372,18047,300.0
200372,17810,246.0
200372,18028,77.0
200372,17976,52.0
200372,18040,278.0
200373,569,105.0
200373,650,-167.0
200373,608,-70.0
200373,767,-205.0
200373,759,-188.0
200374,7683,252.0
200374,7837,344.0
200374,7706,127.0
200374,7660,111.0
200374,7843,142.0
200375,8370,-68.0
200375,8457,186.0
200375,3090824,75.0
200375,8389,212.0
200375,8391,210.0
200376,15332,-101.0
200376,15331,-245.0
200376,15447,-19.0
200376,15280,-225.0
200376,15429,-255.0
200377,7445,-198.0
200377,7594,-197.0
200377,7603,-53.0
200377,7588,-280.0
200377,7562,-32.0
200378,66269,-298.0
200378,66198,-242.0
200378,101196,-198.0
200378,130538,-245.0
200378,130577,-90.0
200379,69620,253.0
200379,70113,6.0
200379,69664,151.0
200379,69700,237.0
200379,70142,62.0
200380,2287,137.0
200380,2309,-116.0
200380,2381,86.0
200380,2231,-129.0
200380,1871091,-87.0
200381,984378,160.0
200381,14933,113.0
200381,14985,64.0
200381,14919,125.0
200381,987614,55.0
200382,1000983,-1568.0
200382,97448,-4173.0
200382,1023151,-5182.0
200382,163491,-5508.0
200383,134340,-2243.0
200383,68034,-4539.0
200383,135352,-5943.0
200383,134332,-4976.0
200384,1490457,-751.0
200384,1495469,-683.0
200384,1517892,131.0
200384,71867,-4270.0
200385,67013,-3386.0
200385,134309,-3323.0
200385,134295,-363.0
200385,134292,-3358.0
200385,134314,230.0
200386,4685,-2480.0
200386,3613079,-436.0
200386,4907,1318.0
200386,1499140,-2423.0
200386,4231,-2550.0
200386,1517938,-1073.0
200386,4193,-459.0
200386,73733,-1931.0
200386,138323,-4496.0
200387,133743,-1497.0
200387,774536,-2480.0
200387,133751,-2697.0
200387,87840,-4328.0
200388,99957,1880.0
200388,840096,-1278.0
200388,842439,-1196.0
200388,837094,-2138.0
200389,796,601.0
200389,132773,-1291.0
200389,87431,307.0
200389,87432,2063.0
200390,97479,410.0
200390,902447,1937.0
200390,97457,2393.0
200390,142773,1075.0
200391,481768,-1657.0
200391,19104,-1420.0
200391,480327,-1159.0
200391,480277,654.0
200392,5205,80.0
200392,3093605,46.0
200392,5331,-1536.0
200392,5560,-1491.0
200393,165943,94.0
200393,3078889,760.0
200393,165947,-966.0
200393,165976,485.0
200394,65720,-784.0
200394,5060450,694.0
200394,1482694,-788.0
200394,1486424,-715.0
200395,168079,1206.0
200395,168075,349.0
200395,5060959,-446.0
200395,168054,-67.0
200396,2641,-1200.0
200396,2507,-62.0
200396,1351948,-1175.0
200396,1344347,-307.0
200397,3654673,1294.0
200397,12167,1077.0
200397,1508227,293.0
200397,3090591,133.0
200398,668390,652.0
200398,20755,-691.0
200398,3098645,209.0
200398,667537,-660.0
200398,658780,-535.0
200398,658247,-473.0
200398,3098647,22.0
200398,20580,236.0
200398,20673,877.0
200398,90063,492.0
200399,2046910,31.0
200399,2047139,1210.0
200399,2046945,934.0
200399,2043916,172.0
200400,68606,-707.0
200400,128994,-916.0
200400,128989,-1459.0
200400,95403,-545.0
200401,166920,542.0
200401,166918,839.0
200401,205020,-106.0
200401,205169,-464.0
200402,71947,849.0
200402,72029,495.0
200402,3084723,1260.0
200402,71875,117.0
200403,16165,215.0
200403,16011,-270.0
200403,16121,918.0
200403,16133,-366.0
200404,101132,-309.0
200404,73366,-63.0
200404,133722,-280.0
200404,73370,920.0
200405,148612,351.0
200405,148573,-750.0
200405,481333,573.0
200405,148682,75.0
200406,130819,53.0
200406,130799,708.0
200406,69846,-531.0
200406,69845,-471.0
200407,1828604,655.0
200407,72238,-232.0
200407,1852163,-440.0
200407,1851183,-630.0
200408,13351,-303.0
200408,13502,556.0
200408,128739,-106.0
200408,13226,-653.0
200408,13043,333.0
200408,13104,289.0
200408,128629,432.0
200409,468,831.0
200409,128378,-293.0
200409,457,-88.0
200409,128372,368.0
200410,19276,240.0
200410,179538,-224.0
200410,179451,-848.0
200410,249318,182.0
200411,16541,-252.0
200411,16663,296.0
200411,781838,818.0
200411,16597,-54.0
200412,18311,-637.0
200412,178868,-440.0
200412,148334,-1109.0
200412,18244,-314.0
200413,14533,140.0
200413,128027,737.0
200413,14287,-4.0
200413,14408,835.0
200414,2064430,-39.0
200414,10676,82.0
200414,10696,906.0
200414,10689,350.0
200415,1386284,-105.0
200415,1379561,35.0
200415,1383767,-835.0
200415,3688070,-548.0
200416,15887,17.0
200416,130400,837.0
200416,15785,301.0
200416,130403,-89.0
200417,65793,647.0
200417,130561,322.0
200417,130560,475.0
200417,558163,-286.0
200418,1144048,14.0
200418,176185,473.0
200418,1155307,-522.0
200418,12732,-282.0
200419,71021,-209.0
200419,71025,-599.0
200419,70951,386.0
200419,983573,133.0
200420,3701619,285.0
200420,3701693,-59.0
200420,3700265,791.0
200420,3701381,594.0
200421,2420204,-402.0
200421,2410161,-8.0
200421,2414713,446.0
200421,5061072,-460.0
200422,85091,405.0
200422,85141,13.0
200422,85086,-479.0
200422,85148,-427.0
200422,101207,1022.0
200422,66349,1969.0
200423,137227,-240.0
200423,137121,472.0
200423,137158,604.0
200423,137161,449.0
200424,250523,538.0
200424,249660,-104.0
200424,2816404,-271.0
200424,250502,466.0
200425,72312,105.0
200425,72224,-190.0
200425,72374,-372.0
200425,72378,569.0
200426,2019,-748.0
200426,128472,85.0
200426,128469,-495.0
200426,1883,-239.0
200427,9878,301.0
200427,9986,462.0
200427,9893,547.0
200427,996639,-267.0
200428,19455,-97.0
200428,19458,-364.0
200428,19454,513.0
200428,19504,-228.0
200429,10699,-835.0
200429,1500398,-288.0
200429,10798,-106.0
200429,10783,-408.0
200430,8127,265.0
200430,8009,-460.0
200430,8065,309.0
200430,8061,238.0
200431,4684110,-374.0
200431,266831,-46.0
200431,4077252,-166.0
200431,261790,487.0
200432,5060718,-176.0
200432,2455896,-707.0
200432,2439505,-49.0
200432,2455312,69.0
200432,2459637,491.0
200433,65853,-272.0
200433,187855,119.0
200433,902551,294.0
200433,3083046,558.0
200434,131301,53.0
200434,14881,-92.0
200434,101160,-696.0
200434,131299,-351.0
200434,14739,631.0
200434,14707,-348.0
200435,66260,142.0
200435,131532,138.0
200435,66352,-514.0
200435,66168,268.0
200436,128969,-126.0
200436,128972,-86.0
200436,128975,417.0
200436,68233,-411.0
200437,59596,135.0
200437,59597,297.0
200437,4077495,-88.0
200437,328928,667.0
200438,7249,-377.0
200438,7266,82.0
200438,7243,-615.0
200438,7307,-433.0
200439,15180,250.0
200439,135154,595.0
200439,15183,695.0
200439,135152,153.0
200440,1149,-639.0
200440,1126,67.0
200440,1030427,45.0
200440,1022,-81.0
200441,135330,368.0
200441,135333,154.0
200441,67824,-186.0
200441,3952870,-383.0
200442,3898758,127.0
200442,237695,380.0
200442,236305,102.0
200442,238028,-421.0
200443,70751,279.0
200443,70624,-239.0
200443,1359951,119.0
200443,70629,-457.0
200444,15436,-247.0
200444,15372,-67.0
200444,1237714,-152.0
200444,1236244,-731.0
200445,15261,474.0
200445,3681595,-152.0
200445,15367,-294.0
200445,3678016,23.0
200446,5055,122.0
200446,5001,-480.0
200446,138352,121.0
200446,5070,-381.0
200447,4257,-303.0
200447,2173125,464.0
200447,2163999,-104.0
200447,2168950,-63.0
200448,128548,-49.0
200448,7941,531.0
200448,7890,-126.0
200448,7904,316.0
200449,178599,455.0
200449,3080979,-83.0
200449,5060760,454.0
200449,147591,-62.0
200450,69861,361.0
200450,70003,345.0
200450,69925,355.0
200450,70152,341.0
200450,70061,-250.0
200451,1679,214.0
200451,1642,614.0
200451,2800927,-16.0
200451,2156406,345.0
200452,72942,-40.0
200452,72922,-632.0
200452,72794,-317.0
200452,72777,-364.0
200453,65991,-508.0
200453,65998,-604.0
200453,65999,-569.0
200453,101189,-336.0
200454,66657,-294.0
200454,66630,6.0
200454,66598,114.0
200454,66557,386.0
200455,131713,112.0
200455,69766,-475.0
200455,132600,-367.0
200455,131715,-203.0
200456,64365,383.0
200456,611787,48.0
200456,2817436,284.0
200456,64227,-230.0
200457,17566,467.0
200457,576245,131.0
200457,17594,-147.0
200457,17583,294.0
200458,3907841,623.0
200458,341783,180.0
200458,89043,450.0
200458,3906565,372.0
200459,147413,-321.0
200459,17260,-422.0
200459,17185,-618.0
200459,92139,-521.0
200460,8616,-409.0
200460,8670,-373.0
200460,8672,-253.0
200460,3634370,136.0
200461,18097,-3.0
200461,3704541,-150.0
200461,18355,-568.0
200461,3707381,-116.0
200462,11902,-321.0
200462,11849,332.0
200462,11866,-41.0
200462,170043,-84.0
200463,47903,-315.0
200463,46650,-272.0
200463,4683978,-527.0
200463,46799,-590.0
200464,17658,-212.0
200464,17632,246.0
200464,17640,-372.0
200464,410308,-53.0
200465,72770,-275.0
200465,72756,-160.0
200465,72785,295.0
200465,72775,-224.0
200466,11496,-34.0
200466,1816039,443.0
200466,11518,-135.0
200466,1799717,157.0
200467,13400,206.0
200467,13683,330.0
200467,13410,241.0
200467,213239,614.0
200468,252304,334.0
200468,250162,205.0
200468,258930,482.0
200468,4684126,550.0
200469,66518,162.0
200469,134239,-33.0
200469,66425,-175.0
200469,134236,-421.0
200469,66413,663.0
200470,1782,-205.0
200470,1724,34.0
200470,1916,141.0
200470,1720,395.0
200471,67940,-153.0
200471,67927,378.0
200471,67980,-74.0
200471,67976,162.0
200472,9478,132.0
200472,9258,405.0
200472,9386,493.0
200472,9476,111.0
200473,62600,82.0
200473,62588,456.0
200473,62563,70.0
200473,62569,-90.0
200474,64048,-504.0
200474,166656,-33.0
200474,64049,-189.0
200474,64083,-66.0
200475,128081,-226.0
200475,128071,194.0
200475,128079,-309.0
200475,128106,-48.0
200476,16779,-205.0
200476,17027,184.0
200476,16849,-118.0
200476,131397,-321.0
200477,3089543,278.0
200477,68259,112.0
200477,2817317,71.0
200477,3089544,-250.0
200478,66467,-178.0
200478,66502,24.0
200478,66494,-13.0
200478,66436,-434.0
200479,10547,-43.0
200479,2262695,220.0
200479,2256252,-286.0
200479,10380,-169.0
200480,1621708,-238.0
200480,97081,286.0
200480,97079,64.0
200480,1637839,71.0
200481,3462,134.0
200481,3449,197.0
200481,3454,278.0
200481,3435,504.0
200481,3701,218.0
200481,3547,508.0
200481,3741,210.0
200481,3553,302.0
200481,3443,-347.0
200482,148239,-19.0
200482,3705553,94.0
200482,18227,78.0
200482,18198,438.0
200483,96426,148.0
200483,5061271,336.0
200483,4685378,-162.0
200483,25043,31.0
200484,2766,-202.0
200484,2865,154.0
200484,2844,282.0
200484,3089272,142.0
200485,13497,206.0
200485,13577,267.0
200485,2146378,-131.0
200485,2149163,-114.0
200486,71304,322.0
200486,71258,-146.0
200486,71267,76.0
200486,71165,196.0
200487,1519,49.0
200487,130039,53.0
200487,130043,65.0
200487,101128,434.0
200488,320992,316.0
200488,318966,453.0
200488,3714894,327.0
200488,320319,176.0
200489,63691,373.0
200489,975673,415.0
200489,90340,363.0
200489,977251,199.0
200490,66185,31.0
200490,66195,207.0
200490,66115,-196.0
200490,101194,-187.0
200491,11236,-24.0
200491,1376647,-135.0
200491,11176,-224.0
200491,100749,-407.0
200492,73061,73.0
200492,73028,343.0
200492,73113,-103.0
200492,73083,115.0
200493,5060537,-344.0
200493,5060546,-361.0
200493,5060771,-75.0
200493,5060642,-128.0
200494,63452,122.0
200494,63447,-29.0
200494,431486,-316.0
200494,429232,-98.0
200495,1753,77.0
200495,1787,-150.0
200495,1794,196.0
200495,1784,-198.0
200496,3146,262.0
200496,3136,141.0
200496,3161,-156.0
200496,129248,135.0
200497,2053,-90.0
200497,2000,92.0
200497,1813,-148.0
200497,1651,255.0
200498,12013,-179.0
200498,12072,-334.0
200498,11974,-122.0
200498,1230021,-388.0
200499,12463,351.0
200499,12241,247.0
200499,12135,306.0
200499,12233,52.0
200499,12310,366.0
200499,135671,449.0
200500,18953,2.0
200500,802607,-262.0
200500,179392,63.0
200500,18981,-251.0
200501,3932613,-168.0
200501,65752,-72.0
200501,65744,-405.0
200501,65753,-188.0
200503,11680,123.0
200503,11712,249.0
200503,127550,-123.0
200503,94850,203.0
200504,63339,249.0
200504,63161,8.0
200504,63151,334.0
200504,63224,71.0
200505,70264,-173.0
200505,70295,-228.0
200505,70291,148.0
200505,70332,-114.0
200506,8225,-327.0
200506,8250,-332.0
200506,8254,-306.0
200506,8299,-130.0
200507,14695,346.0
200507,14635,130.0
200507,14670,301.0
200507,14617,311.0
200508,8556,220.0
200508,8428,-75.0
200508,8266,241.0
200508,1495553,214.0
200509,15828,140.0
200509,146460,-73.0
200509,15806,-263.0
200509,15886,-98.0
200510,5060539,226.0
200510,4667573,179.0
200510,5060617,192.0
200510,5060657,401.0
200511,13786,54.0
200511,170055,82.0
200511,176624,365.0
200511,89958,122.0
200512,2793386,137.0
200512,2793394,369.0
200512,2793390,121.0
200512,2793392,254.0
200513,1651939,-287.0
200513,1652479,-120.0
200513,10695,-167.0
200513,1645549,-341.0
200514,19528,-202.0
200514,3714213,82.0
200514,19655,-239.0
200514,19474,-95.0
200515,66251,-262.0
200515,133238,42.0
200515,66277,77.0
200515,133237,-61.0
200516,11156,62.0
200516,11336,-278.0
200516,11265,-21.0
200516,11252,-74.0
200517,981220,288.0
200517,982179,2.0
200517,4683453,57.0
200517,983153,-25.0
200518,8352,55.0
200518,8438,-112.0
200518,8587,104.0
200518,8351,-210.0
200519,66279,54.0
200519,66329,159.0
200519,66341,304.0
200519,3092565,231.0
200520,233341,268.0
200520,233020,241.0
200520,16829,219.0
200520,236502,37.0
200521,65384,-269.0
200521,3083009,22.0
200521,65443,-112.0
200521,65418,-131.0
200522,139188,-35.0
200522,26361,92.0
200522,5061175,-225.0
200522,5061252,-34.0
200523,97035,174.0
200523,2054700,185.0
200523,14725,67.0
200523,2060905,-79.0
200524,61814,-19.0
200524,61736,152.0
200524,61729,-152.0
200524,61801,-44.0
200525,19048,114.0
200525,19009,127.0
200525,18959,133.0
200525,179251,-114.0
200526,9675,-218.0
200526,9752,-50.0
200526,1656147,78.0
200526,3089947,-46.0
200527,9860,-38.0
200527,9826,124.0
200527,9798,46.0
200527,9877,-166.0
200528,66170,-254.0
200528,66139,-133.0
200528,66178,-51.0
200528,1551611,-180.0
200529,213218,162.0
200529,2150088,-21.0
200529,12955,-105.0
200529,2153072,-42.0
200530,3817,251.0
200530,3825,195.0
200530,3965,197.0
200530,3756,122.0
200531,15106,34.0
200531,15156,-41.0
200531,15150,212.0
200531,130381,51.0
200532,62253,-217.0
200532,62316,-109.0
200532,62279,-20.0
200532,5061176,-158.0
200533,72535,100.0
200533,1858339,119.0
200533,72382,-99.0
200533,72539,-9.0
200534,2820,131.0
200534,2691,135.0
200534,3055,-69.0
200534,2861,66.0
200535,19270,17.0
200535,19287,-132.0
200535,19256,-91.0
200535,655471,77.0
200536,66291,62.0
200536,66208,25.0
200536,66452,110.0
200536,66376,216.0
200537,4711,220.0
200537,4724,176.0
200537,4843,126.0
200537,895591,167.0
200538,64849,-19.0
200538,3925346,-137.0
200538,162450,-178.0
200538,162444,-44.0
200539,167519,131.0
200539,167524,110.0
200539,167528,167.0
200539,5060813,194.0
200540,10120,26.0
200540,10158,10.0
200540,10162,76.0
200540,175377,-119.0
200541,9949,86.0
200541,9955,161.0
200541,3641729,145.0
200541,175369,19.0
200542,240,173.0
200542,567,39.0
200542,1807870,24.0
200542,323,33.0
200543,71515,-60.0
200543,91803,82.0
200543,71524,37.0
200543,71572,-65.0
200544,71810,-57.0
200544,71817,-147.0
200544,71757,-89.0
200544,71811,-133.0
200545,67995,62.0
200545,68312,78.0
200545,68124,-12.0
200545,68059,124.0
200546,13247,13.0
200546,145646,-51.0
200546,13346,-103.0
200546,176450,19.0
200547,11848,-3597.0
200547,12612,-1215.0
200547,11953,-3961.0
200548,93962,647.0
200548,3479,3407.0
200548,127447,1910.0
200549,132218,-1917.0
200549,132196,452.0
200549,14359,-2096.0
200550,131212,-643.0
200550,131213,412.0
200550,131268,-1566.0
200551,5060830,1776.0
200551,2118657,1448.0
200551,2119070,1206.0
200552,5199,489.0
200552,5104,-1297.0
200552,5376,-313.0
200553,4865,-1721.0
200553,4750,-420.0
200553,4954,-616.0
200554,1091419,-889.0
200554,1080875,281.0
200554,1075602,847.0
200555,18171,-1066.0
200555,18293,628.0
200555,3442426,159.0
200556,63910,-145.0
200556,63923,-1056.0
200556,64012,-1401.0
200557,3707298,858.0
200557,18698,-787.0
200557,18572,-169.0
200558,3727,418.0
200558,3410,-1116.0
200558,3692,-420.0
200559,128213,977.0
200559,89176,741.0
200559,127560,1544.0
200560,67422,588.0
200560,67376,1081.0
200560,130724,-348.0
200561,5060701,579.0
200561,1724072,806.0
200561,5060918,-514.0
200562,3097365,99.0
200562,258129,-936.0
200562,3679052,-905.0
200563,3089403,1309.0
200563,14554,634.0
200563,3089404,989.0
200564,3962938,638.0
200564,1106727,498.0
200564,1094837,-595.0
200565,5060989,-1170.0
200565,2399786,-811.0
200565,3087294,-316.0
200566,893959,-249.0
200566,95570,-744.0
200566,67085,-1162.0
200567,274137,328.0
200567,269652,-54.0
200567,271895,-866.0
200568,952032,-150.0
200568,940649,522.0
200568,954970,-693.0
200569,2201006,297.0
200569,3096849,-74.0
200569,10412,-843.0
200570,12324,619.0
200570,12383,-23.0
200570,12419,-564.0
200570,12122,958.0
200570,11947,655.0
200571,68857,-20.0
200571,68798,-293.0
200571,68821,759.0
200572,66006,-892.0
200572,1494427,-816.0
200572,65982,-830.0
200572,65893,-218.0
200572,65877,-704.0
200572,3090547,-1143.0
200573,2096,-929.0
200573,2101,-757.0
200573,1100823,-387.0
200574,147504,-259.0
200574,949730,-963.0
200574,147498,-339.0
200575,16362,-228.0
200575,842124,19.0
200575,835912,-838.0
200576,4579,-99.0
200576,4458,-861.0
200576,4414,-533.0
200577,7027,106.0
200577,100483,41.0
200577,6952,833.0
200578,20370,-276.0
200578,362490,-35.0
200578,361608,603.0
200579,66501,-443.0
200579,66546,-801.0
200579,66472,-68.0
200580,808483,-815.0
200580,2832021,-79.0
200580,3691149,-320.0
200581,64830,260.0
200581,64843,-429.0
200581,64862,-508.0
200582,13159,534.0
200582,13298,-156.0
200582,13192,537.0
200583,921716,-19.0
200583,147378,-510.0
200583,925118,351.0
200584,10584,-696.0
200584,133926,29.0
200584,10482,-427.0
200585,130702,37.0
200585,130701,-86.0
200585,68084,-681.0
200586,68639,541.0
200586,1726372,765.0
200586,68643,626.0
200587,63458,425.0
200587,63389,575.0
200587,360237,-127.0
200588,15061,411.0
200588,3679328,-119.0
200588,146294,-385.0
200589,3990,-241.0
200589,4054,-781.0
200589,4003,-432.0
200590,3124,-48.0
200590,3142,-589.0
200590,3131,154.0
200591,63993,128.0
200591,63979,739.0
200591,63955,356.0
200592,7471,72.0
200592,232774,297.0
200592,233526,-469.0
200593,5079,731.0
200593,5251,160.0
200593,5206,175.0
200594,71542,503.0
200594,71642,129.0
200594,71547,-264.0
200595,19955,232.0
200595,613511,-111.0
200595,96365,-527.0
200596,5166,661.0
200596,3098474,92.0
200596,144054,6.0
200597,65501,-376.0
200597,65409,308.0
200597,855228,-323.0
200598,1374835,596.0
200598,15668,282.0
200598,1369700,-110.0
200599,4333,240.0
200599,73754,317.0
200599,4114,751.0
200600,2750,516.0
200600,2926,-139.0
200600,129226,397.0
200601,39,703.0
200601,73110,120.0
200601,1340445,174.0
200602,9664,-565.0
200602,9600,-643.0
200602,9529,-176.0
200603,7702,-69.0
200603,7735,-123.0
200603,7713,-661.0
200604,2801824,-595.0
200604,2801803,-616.0
200604,96601,-591.0
200605,5621,-4.0
200605,5632,-184.0
200605,5613,508.0
200606,66848,385.0
200606,66780,-175.0
200606,134221,-298.0
200607,444199,-290.0
200607,21308,-605.0
200607,21454,-629.0
200608,768112,103.0
200608,768197,96.0
200608,767621,650.0
200609,3657954,-371.0
200609,12639,-234.0
200609,1372138,300.0
200610,15692,208.0
200610,129610,-488.0
200610,129606,-55.0
200611,100,-680.0
200611,73192,-309.0
200611,95281,-492.0
200612,5060861,-623.0
200612,5060995,-495.0
200612,5061063,-585.0
200613,66768,293.0
200613,66815,280.0
200613,66769,695.0
200614,3080894,595.0
200614,3697989,313.0
200614,3698672,590.0
200615,8860,455.0
200615,3080365,21.0
200615,175039,534.0
200616,5060602,-28.0
200616,1368388,-248.0
200616,1367604,425.0
200617,5061020,-68.0
200617,4667520,-448.0
200617,5060899,-570.0
200618,1119812,-394.0
200618,1111140,-495.0
200618,1129926,-651.0
200619,36,-598.0
200619,73190,-301.0
200619,2801010,-42.0
200620,2832017,-373.0
200620,2817406,282.0
200620,842042,87.0
200621,16485,195.0
200621,16600,-450.0
200621,16433,-59.0
200622,12163,-39.0
200622,12220,22.0
200622,12274,-542.0
200623,3090924,571.0
200623,71576,514.0
200623,71624,217.0
200624,10627,42.0
200624,10824,84.0
200624,2380542,-488.0
200625,178739,-383.0
200625,178744,102.0
200625,820454,230.0
200626,5901,-284.0
200626,5915,-577.0
200626,5842,-55.0
200627,64675,287.0
200627,64751,-346.0
200627,64740,-113.0
200628,66786,623.0
200628,66695,244.0
200628,129808,190.0
200629,68164,466.0
200629,68187,558.0
200629,68027,165.0
200630,72282,551.0
200630,72323,493.0
200630,134558,462.0
200631,13842,-279.0
200631,128719,85.0
200631,13773,-465.0
200632,100057,591.0
200632,100055,446.0
200632,26248,370.0
200633,3921406,-303.0
200633,724789,295.0
200633,3921678,-113.0
200634,3081285,225.0
200634,148909,171.0
200634,659834,-324.0
200635,13938,-123.0
200635,13933,-204.0
200635,1548888,353.0
200636,335365,358.0
200636,334559,22.0
200636,4077465,-237.0
200637,1485339,-188.0
200637,138614,-558.0
200637,12140,-91.0
200638,16748,-205.0
200638,16751,-539.0
200638,16823,-43.0
200639,1698,-197.0
200639,2267929,325.0
200639,2269763,-177.0
200640,9132,53.0
200640,9000,-466.0
200640,127916,-11.0
200641,65921,422.0
200641,1235040,-148.0
200641,187880,58.0
200642,18022,-166.0
200642,17992,-316.0
200642,17918,241.0
200643,18105,-399.0
200643,613863,-291.0
200643,3705630,-567.0
200644,263386,417.0
200644,261453,86.0
200644,261183,-143.0
200645,20934,516.0
200645,217710,34.0
200645,217620,151.0
200646,970,-541.0
200646,941,-204.0
200646,953,-110.0
200647,70990,-78.0
200647,70995,85.0
200647,71167,448.0
200648,66228,201.0
200648,1481466,-176.0
200648,1479392,-342.0
200649,64787,374.0
200649,64781,547.0
200649,64698,242.0
200650,19254,276.0
200650,19229,-246.0
200650,19250,-162.0
200651,148184,-478.0
200651,892802,-331.0
200651,3094703,-497.0
200652,177557,-380.0
200652,177380,-472.0
200652,177544,-491.0
200652,981190,-74.0
200652,973739,33.0
200653,4189,-327.0
200653,132835,212.0
200653,132836,75.0
200654,319,-294.0
200654,130018,-90.0
200654,101124,-506.0
200655,11829,-423.0
200655,1494658,14.0
200655,1498098,56.0
200656,4078455,-234.0
200656,5060829,-536.0
200656,3082783,-322.0
200657,70819,-307.0
200657,70832,-344.0
200657,70834,103.0
200658,1278962,-66.0
200658,3693235,-485.0
200658,3692955,-291.0
200659,64977,481.0
200659,64972,242.0
200659,65024,434.0
200660,12880,-390.0
200660,3093619,-275.0
200660,937394,67.0
200661,4665255,320.0
200661,70412,197.0
200661,5060982,518.0
200662,2793449,388.0
200662,16778,-23.0
200662,16756,332.0
200663,12493,341.0
200663,12523,-26.0
200663,12085,-167.0
200664,73188,-72.0
200664,152,72.0
200664,130,-409.0
200665,4394,-339.0
200665,4351,-504.0
200665,4170,-210.0
200666,6255,301.0
200666,6124,-190.0
200666,5060921,-50.0
200667,16010,-418.0
200667,1131365,-171.0
200667,16054,17.0
200668,15611,11.0
200668,15620,-164.0
200668,15631,-421.0
200669,10506,-82.0
200669,10398,191.0
200669,10565,-297.0
200670,11714,65.0
200670,3089204,-160.0
200670,3089132,322.0
200671,14093,113.0
200671,14137,456.0
200671,176717,286.0
200672,64076,103.0
200672,64099,-114.0
200672,3917931,351.0
200673,68324,-269.0
200673,68374,-360.0
200673,68375,-458.0
200674,2801117,-319.0
200674,177960,-245.0
200674,16083,86.0
200675,73058,106.0
200675,73153,-173.0
200675,132750,286.0
200676,3561,17.0
200676,3508,-362.0
200676,3636,-271.0
200677,72545,423.0
200677,72661,372.0
200677,1849963,210.0
200678,5247,214.0
200678,5248,-32.0
200678,5446,-245.0
200679,22009,272.0
200679,3081418,-43.0
200679,96382,324.0
200680,65952,-226.0
200680,128890,-452.0
200680,65710,-261.0
200680,415493,-275.0
200680,162882,-463.0
200681,2550,315.0
200681,2472,-115.0
200681,2503,138.0
200682,3708845,57.0
200682,257902,-343.0
200682,3709748,-185.0
200683,8888,-224.0
200683,8843,44.0
200683,8949,-338.0
200684,72133,-338.0
200684,72155,55.0
200684,72192,-12.0
200685,9966,-259.0
200685,3080393,-266.0
200685,962317,-432.0
200686,2405283,84.0
200686,5061195,306.0
200686,2397961,-115.0
200687,26114,-24.0
200687,26596,325.0
200687,26662,-55.0
200688,9323,-348.0
200688,9329,-311.0
200688,9070,-370.0
200689,7209,311.0
200689,7201,-17.0
200689,7335,262.0
200690,13579,-348.0
200690,13704,-87.0
200690,2159993,-317.0
200691,20504,139.0
200691,20577,295.0
200691,20477,-92.0
200692,64093,25.0
200692,3083348,338.0
200692,975797,-14.0
200693,63872,-54.0
200693,63878,-210.0
200693,63816,-373.0
200694,16234,203.0
200694,16050,-101.0
200694,15782,-187.0
200695,3098703,56.0
200695,609840,-140.0
200695,165492,262.0
200696,5060654,224.0
200696,1427407,15.0
200696,5061053,-183.0
200697,160,103.0
200697,90,61.0
200697,101265,375.0
200698,2293652,36.0
200698,2292632,169.0
200698,12019,-229.0
200699,14687,-49.0
200699,14637,-348.0
200699,14688,-11.0
200700,575,-264.0
200700,380,-396.0
200700,676,-205.0
200701,967,231.0
200701,1011,-115.0
200701,971,-117.0
200702,3686,-296.0
200702,3652,37.0
200702,3615,-217.0
200703,69717,-246.0
200703,69732,63.0
200703,69727,-243.0
200704,63383,370.0
200704,89052,298.0
200704,63407,188.0
200705,2443,-210.0
200705,169999,-15.0
200705,2513,172.0
200706,10947,13.0
200706,10875,-313.0
200706,10885,-19.0
200707,59124,96.0
200707,59180,251.0
200707,165944,-117.0
200708,71697,106.0
200708,71640,-41.0
200708,71638,-262.0
200709,9636,145.0
200709,3640173,150.0
200709,1369905,-176.0
200709,9470,43.0
200709,9410,256.0
200709,9509,68.0
200710,61602,90.0
200710,61604,222.0
200710,61601,-142.0
200711,1203660,-235.0
200711,15458,2.0
200711,15555,-278.0
200712,59992,303.0
200712,59713,324.0
200712,59968,224.0
200712,60234,50.0
200712,253458,14.0
200712,3883313,-15.0
200713,68496,-143.0
200713,68494,210.0
200713,129849,-14.0
200715,16275,-165.0
200715,16274,77.0
200715,16227,178.0
200716,2764,-123.0
200716,2760,-202.0
200716,2773,127.0
200717,162686,-315.0
200717,65444,-23.0
200717,1007887,-85.0
200718,62759,-174.0
200718,165790,-351.0
200718,62763,-170.0
200719,60670,24.0
200719,60422,-256.0
200719,60519,53.0
200720,19890,-19.0
200720,312219,71.0
200720,19833,288.0
200721,10911,20.0
200721,10952,-242.0
200721,1405442,77.0
200722,4514,185.0
200722,4571,207.0
200722,132858,-73.0
200723,12007,-33.0
200723,12309,83.0
200723,12559,-238.0
200724,148825,50.0
200724,4683112,-257.0
200724,179462,-51.0
200725,13833,77.0
200725,213240,286.0
200725,13723,232.0
200726,70176,-188.0
200726,2817444,78.0
200726,3089637,106.0
200727,14905,269.0
200727,14953,-21.0
200727,14848,93.0
200728,63477,-184.0
200728,63428,95.0
200728,4667445,-158.0
200729,66030,79.0
200729,66106,-198.0
200729,3935545,78.0
200730,64865,90.0
200730,64763,-32.0
200730,64753,261.0
200731,95533,194.0
200731,16634,133.0
200731,794666,313.0
200732,30599,-8.0
200732,166359,-256.0
200732,166360,-191.0
200733,204737,-18.0
200733,204734,163.0
200733,166628,-153.0
200734,6521,-95.0
200734,6585,-287.0
200734,74018,-30.0
200735,2027,-4.0
200735,2030,26.0
200735,2084,-250.0
200736,70503,-17.0
200736,70500,-31.0
200736,130780,238.0
200737,69980,-159.0
200737,69965,-171.0
200737,69837,-313.0
200738,3693240,2.0
200738,3692806,-2.0
200738,3692933,-256.0
200739,69728,-70.0
200739,69736,225.0
200739,135362,22.0
200740,9713,-282.0
200740,970700,-247.0
200740,9710,-200.0
200741,5830,-260.0
200741,5771,-272.0
200741,5803,-207.0
200742,71142,-260.0
200742,71130,-178.0
200742,71084,-22.0
200743,3092917,-87.0
200743,16187,-220.0
200743,1032257,-274.0
200744,3088068,252.0
200744,3088067,131.0
200744,69797,-10.0
200745,2332524,-47.0
200745,2312811,86.0
200745,5368,231.0
200746,14251,241.0
200746,14254,13.0
200746,95378,187.0
200747,5758,-181.0
200747,5675,-190.0
200747,5733,-293.0
200748,3672646,-126.0
200748,100761,-192.0
200748,3672702,-287.0
200749,17452,-10.0
200749,17463,88.0
200749,3700102,251.0
200750,5617,198.0
200750,5639,-74.0
200750,5660,108.0
200751,10648,122.0
200751,10787,40.0
200751,10519,740.0
200751,1641453,270.0
200752,16604,-44.0
200752,16645,224.0
200752,2832018,22.0
200753,70027,17.0
200753,70085,62.0
200753,70036,-204.0
200754,2816323,252.0
200754,3089284,211.0
200754,3640297,233.0
200755,2176734,-108.0
200755,2181065,-124.0
200755,3087894,-281.0
200756,6356,-107.0
200756,6447,-25.0
200756,6456,-253.0
200757,62648,232.0
200757,62740,-1.0
200757,62682,140.0
200758,4523,88.0
200758,4591,-66.0
200758,4496,-179.0
200759,67062,22.0
200759,67072,-224.0
200759,67204,-113.0
200760,14956,251.0
200760,15015,194.0
200760,15004,212.0
200761,11930,-180.0
200761,11929,50.0
200761,11932,50.0
200762,66389,-256.0
200762,66367,-85.0
200762,66390,-157.0
200763,148794,223.0
200763,148824,218.0
200763,148808,91.0
200764,203234,-189.0
200764,62723,30.0
200764,62736,42.0
200765,63537,-40.0
200765,63505,175.0
200765,2802343,-65.0
200766,17609,95.0
200766,17042,259.0
200766,17311,88.0
200767,71371,-103.0
200767,71359,141.0
200767,71400,-65.0
200768,69943,-98.0
200768,69905,-224.0
200768,69904,-216.0
200769,71758,-185.0
200769,2254858,56.0
200769,71684,13.0
200770,71518,-58.0
200770,71594,33.0
200770,71505,189.0
200771,8201,24.0
200771,8200,136.0
200771,8182,228.0
200772,11370,135.0
200772,11437,-71.0
200772,11210,-102.0
200773,67549,24.0
200773,67559,234.0
200773,258619,87.0
200774,10330,225.0
200774,10479,94.0
200774,10709,5.0
200775,170040,-182.0
200775,11517,-77.0
200775,145203,60.0
200776,17147,-223.0
200776,17152,-205.0
200776,17109,-118.0
200777,7558,-13.0
200777,7731,-153.0
200777,7569,93.0
200778,64381,-192.0
200778,64441,-43.0
200778,64443,-166.0
200779,63738,-72.0
200779,63748,-213.0
200779,63749,-37.0
200780,2023426,216.0
200780,9786,158.0
200780,3640534,125.0
200781,11417,-214.0
200781,197792,-82.0
200781,213145,-130.0
200782,72091,-106.0
200782,72158,-115.0
200782,72127,74.0
200783,8521,22.0
200783,8502,-110.0
200783,8517,-166.0
200784,8722,-178.0
200784,8964,-169.0
200784,8770,-54.0
200785,6763,-50.0
200785,6859,-9.0
200785,6890,-189.0
200786,112,-44.0
200786,303,151.0
200786,206,-15.0
200787,1896,7.0
200787,1867,39.0
200787,1842,185.0
200788,6570,162.0
200788,6756,-34.0
200788,2816288,61.0
200789,207500,136.0
200789,207343,92.0
200789,207647,-47.0
200790,162031,-54.0
200790,829971,-195.0
200790,829130,-108.0
200791,5061136,196.0
200791,5061257,80.0
200791,5060665,104.0
200792,7004,-27.0
200792,7085,-147.0
200792,138478,-154.0
200793,177302,-88.0
200793,90713,35.0
200793,997695,101.0
200794,68716,-176.0
200794,68774,-133.0
200794,68753,-58.0
200795,2577,-69.0
200795,2605,-185.0
200795,2562,-92.0
200796,18286,-95.0
200796,18272,-20.0
200796,844538,86.0
200797,162373,-107.0
200797,64663,-61.0
200797,90362,62.0
200797,64680,86.0
200797,64591,-104.0
200797,64547,105.0
200798,11527,-98.0
200798,11533,67.0
200798,11508,-50.0
200799,16670,-7.0
200799,16472,137.0
200799,16425,89.0
200800,3094081,92.0
200800,872902,155.0
200800,18285,103.0
200801,204536,70.0
200801,63421,-82.0
200801,204575,-36.0
200802,7744,3.0
200802,7709,-77.0
200802,7680,-129.0
200803,3091524,-20.0
200803,3091525,-122.0
200803,71544,-90.0
200803,1380873,-17.0
200804,16144,130.0
200804,16195,21.0
200804,16146,27.0
200805,1921115,134.0
200805,8531,48.0
200805,8613,79.0
200806,11643,-17.0
200806,11552,2.0
200806,11383,-112.0
200807,9566,-41.0
200807,10052,-8.0
200807,10314,-119.0
200808,69450,6.0
200808,69428,-66.0
200808,69373,-101.0
200809,6087,15.0
200809,6051,54.0
200809,6038,-66.0
200810,14792,12.0
200810,14819,-84.0
200810,14809,25.0
200811,5193,12.0
200811,4801,52.0
200811,4777,102.0
200812,14780,-27.0
200812,14817,48.0
200812,956999,-52.0
200813,19858,-68.0
200813,4683532,-59.0
200813,4683514,-68.0
200814,71836,54.0
200814,71797,60.0
200814,71699,28.0
200815,129440,83.0
200815,11293,-3594.0
200816,131603,-615.0
200816,67210,-3659.0
200817,1796267,387.0
200817,72299,-2508.0
200818,1017226,-513.0
200818,1016600,-2870.0
200819,1189,-2517.0
200819,2086137,-2408.0
200820,3088370,-1750.0
200820,2121306,-2474.0
200821,1680635,2179.0
200821,1701389,349.0
200821,3441857,2064.0
200822,148777,1824.0
200822,88492,-505.0
200823,3682706,-1498.0
200823,177570,-2368.0
200824,1570895,-1468.0
200824,1590968,855.0
200825,85872,-2336.0
200825,132732,-1007.0
200826,19695,-1118.0
200826,179722,1189.0
200826,408201,-319.0
200826,408582,-259.0
200826,408174,-626.0
200827,2816414,1841.0
200827,1561118,-190.0
200828,16921,810.0
200828,16900,-1395.0
200829,209938,-2002.0
200829,4078263,-155.0
200830,96013,-2045.0
200830,131187,-1658.0
200831,1157104,406.0
200831,1134231,-1461.0
200832,3091778,-163.0
200832,1309181,1566.0
200833,1068487,-1634.0
200833,1076406,-1520.0
200834,1125588,-625.0
200834,162289,1121.0
200835,204664,18.0
200835,165816,-1508.0
200836,2050695,-139.0
200836,3979799,1436.0
200837,213224,-1343.0
200837,2212980,-1557.0
200838,900368,-309.0
200838,73704,1239.0
200839,223611,1432.0
200839,224473,234.0
200840,3097244,-898.0
200840,1353784,611.0
200841,3246,-846.0
200841,3333,-1510.0
200842,4621104,-772.0
200842,4621096,728.0
200843,5060961,-1201.0
200843,5061082,-1307.0
200843,4621056,-2221.0
200843,4621053,-1616.0
200844,3092275,1281.0
200844,1251078,75.0
200845,129328,1025.0
200845,129332,1377.0
200846,1100836,-1266.0
200846,1102657,-1133.0
200847,76554,-683.0
200847,86014,692.0
200848,132310,-1046.0
200848,15804,-1289.0
200849,134443,-1029.0
200849,134446,-1294.0
200849,134346,813.0
200849,134448,171.0
200850,3891955,-1225.0
200850,246162,-1113.0
200851,13797,1079.0
200851,13779,-139.0
200852,6261,-430.0
200852,6300,823.0
200853,4665024,-901.0
200853,4075194,-1225.0
200854,68750,-422.0
200854,129099,824.0
200855,131505,1195.0
200855,131502,298.0
200856,67615,-913.0
200856,163513,262.0
200857,17313,-1008.0
200857,595076,-9.0
200858,14692,1098.0
200858,128080,250.0
200858,176932,1435.0
200859,1024883,-1056.0
200859,1036132,-151.0
200860,71791,-1091.0
200860,3087544,-838.0
200861,89032,1112.0
200861,229112,447.0
200862,2259924,604.0
200862,2267414,-510.0
200863,3082731,345.0
200863,5060898,1085.0
200864,7893,403.0
200864,7648,-680.0
200864,7686,-457.0
200864,7801,-306.0
200864,3087689,-663.0
200864,7720,-1079.0
200864,7696,-1036.0
200864,7715,260.0
200864,2273552,-1103.0
200865,12972,-109.0
200865,13120,866.0
200866,1003441,929.0
200866,999408,26.0
200867,4392,1041.0
200867,2832008,589.0
200868,1426433,-835.0
200868,1419675,118.0
200869,429022,964.0
200869,23445,775.0
200870,8571,-1003.0
200870,8591,-390.0
200871,3609635,-297.0
200871,3610705,-962.0
200872,647072,326.0
200872,96027,969.0
200873,67924,-680.0
200873,67870,-930.0
200874,5684,841.0
200874,137887,824.0
200875,847540,394.0
200875,843801,-559.0
200876,75282,470.0
200876,75265,-477.0
200877,1822449,748.0
200877,3089276,869.0
200878,4082,894.0
200878,4103,203.0
200879,1004575,671.0
200879,90712,885.0
200880,66658,-301.0
200880,135206,-903.0
200880,135212,-238.0
200881,5061201,266.0
200881,5061219,-607.0
200882,2075044,74.0
200882,2074454,800.0
200883,147068,-235.0
200883,147098,610.0
200884,66263,642.0
200884,66321,-187.0
200885,95513,-802.0
200885,6013,-149.0
200886,16953,-629.0
200886,3695233,-793.0
200887,8097,-796.0
200887,2034014,-174.0
200888,929388,-190.0
200888,934396,597.0
200889,15706,-731.0
200889,135174,-43.0
200890,3081137,615.0
200890,165444,-153.0
200891,3093718,-752.0
200891,919345,-635.0
200892,135114,-526.0
200892,135116,-790.0
200893,66359,612.0
200893,66298,749.0
200894,1581390,794.0
200894,3090163,420.0
200895,7168,375.0
200895,133828,793.0
200896,16547,563.0
200896,131406,-181.0
200897,64587,-697.0
200897,3094549,-88.0
200898,436909,-64.0
200898,180383,-682.0
200899,67470,-325.0
200899,67389,422.0
200900,72564,643.0
200900,732221,-11.0
200901,16859,-492.0
200901,147194,234.0
200902,602153,705.0
200902,18993,512.0
200903,629780,-148.0
200903,19852,-692.0
200904,2074016,-725.0
200904,2078875,-320.0
200905,692527,-653.0
200905,18655,-58.0
200906,3093437,-287.0
200906,966873,-718.0
200907,5419,702.0
200907,170012,208.0
200908,64016,363.0
200908,1210712,-357.0
200909,140938,189.0
200909,889652,-506.0
200910,21010,-402.0
200910,220032,311.0
200911,1038268,-223.0
200911,1036195,-694.0
200912,3936907,658.0
200912,66150,110.0
200913,140838,442.0
200913,3082778,-249.0
200914,1318,-292.0
200914,1343,403.0
200915,3874622,-691.0
200915,3873663,-255.0
200916,3664028,395.0
200916,1381525,-300.0
200917,168135,-323.0
200917,168136,-689.0
200918,4386,644.0
200918,1222113,526.0
200919,14859,-63.0
200919,90705,-622.0
200919,14825,127.0
200920,285893,55.0
200920,4623622,617.0
200921,216390,-45.0
200921,60542,-612.0
200922,207048,563.0
200922,207163,-48.0
200923,2817440,632.0
200923,906136,123.0
200924,1025385,-545.0
200924,1019630,59.0
200925,66633,-67.0
200925,127314,-605.0
200926,3672036,511.0
200926,1429574,-112.0
200927,89058,-615.0
200927,89056,-109.0
200928,67064,619.0
200928,130670,472.0
200929,61896,-586.0
200929,355900,-526.0
200930,131393,-131.0
200930,131394,478.0
200931,4665971,-522.0
200931,88097,56.0
200932,258,-227.0
200932,1263677,402.0
200933,3761,-534.0
200933,1340120,27.0
200934,147214,474.0
200934,147258,-126.0
200935,5060854,-64.0
200935,5060960,-572.0
200936,448534,-197.0
200936,129827,411.0
200937,10991,519.0
200937,10954,548.0
200938,3091692,-612.0
200938,3658304,-358.0
200939,276624,544.0
200939,276602,45.0
200940,613252,344.0
200940,19660,-258.0
200941,348,146.0
200941,386,578.0
200942,3097137,-28.0
200942,5061147,-533.0
200943,90365,588.0
200943,64995,216.0
200944,3705955,549.0
200944,3704836,81.0
200945,41577,582.0
200945,3074416,223.0
200946,65328,562.0
200946,65310,140.0
200947,13715,577.0
200947,13904,349.0
200948,3089838,-273.0
200948,3984717,-580.0
200949,480314,-80.0
200949,21025,458.0
200950,3087690,-156.0
200950,11363,404.0
200951,70020,-340.0
200951,70040,228.0
200952,1280060,224.0
200952,1285799,567.0
200953,18542,-315.0
200953,480101,-568.0
200954,66553,-468.0
200954,1055527,49.0
200955,86271,526.0
200955,143025,71.0
200956,894448,146.0
200956,894650,-402.0
200957,20591,-535.0
200957,20578,-427.0
200958,69765,44.0
200958,69771,502.0
200959,3665923,-141.0
200959,246553,-525.0
200960,1995139,176.0
200960,2023866,529.0
200961,266163,451.0
200961,3724316,-18.0
200962,190746,477.0
200962,3952497,34.0
200963,16367,532.0
200963,913956,260.0
200964,3447,521.0
200964,3091666,340.0
200965,18602,-447.0
200965,18751,24.0
200965,18453,107.0
200966,95258,-242.0
200966,71621,285.0
200967,11005,266.0
200967,2231168,-255.0
200968,14406,-492.0
200968,128703,-366.0
200969,70444,6.0
200969,1507890,444.0
200970,69503,499.0
200970,69436,329.0
200971,69924,-65.0
200971,91761,404.0
200972,3097190,291.0
200972,61421,-215.0
200973,1418181,362.0
200973,66332,-126.0
200974,73108,89.0
200974,72897,-387.0
200975,5060809,-268.0
200975,5060754,231.0
200975,5061099,-391.0
200976,69292,-273.0
200976,69307,-498.0
200977,60221,347.0
200977,60209,-135.0
200978,1348460,266.0
200978,70325,-228.0
200979,63262,-77.0
200979,63269,-457.0
200980,2353,481.0
200980,2350,173.0
200981,163048,-375.0
200981,188279,-458.0
200981,66487,94.0
200981,66483,283.0
200981,66405,-121.0
200982,62698,-481.0
200982,426991,-185.0
200983,11521,442.0
200983,11403,580.0
200983,11163,50.0
200984,8445,447.0
200984,128535,378.0
200985,1172,-297.0
200985,1028,178.0
200986,4076458,-457.0
200986,4076472,-105.0
200987,5718,-440.0
200987,138395,-370.0
200988,1306,-415.0
200988,1380,-11.0
200989,1480,-73.0
200989,1391,-437.0
200990,228865,53.0
200990,225859,428.0
200991,174270,262.0
200991,6824,464.0
200992,18160,-460.0
200992,3099184,-161.0
200993,59112,67.0
200993,59373,-363.0
200994,146913,352.0
200994,3080792,432.0
200995,71933,-85.0
200995,71859,-433.0
200996,16636,231.0
200996,16610,-226.0
200997,62992,247.0
200997,62911,-208.0
200998,71948,-331.0
200998,72038,103.0
200999,10630,452.0
200999,1467432,204.0
201000,148501,-62.0
201000,3708359,-417.0
201001,10972,-401.0
201001,11091,-379.0
201002,69340,-260.0
201002,134478,186.0
201003,131733,402.0
201003,131731,371.0
201004,62861,143.0
201004,62842,-290.0
201005,58908,228.0
201005,58752,441.0
201006,137172,-403.0
201006,137240,-49.0
201007,13136,138.0
201007,13273,-293.0
201008,3764,95.0
201008,3766,417.0
201009,62018,-233.0
201009,4078076,205.0
201010,62943,-423.0
201010,418116,-303.0
201011,10438,289.0
201011,10422,425.0
201012,18444,-424.0
201012,18511,-137.0
201013,63681,426.0
201013,63709,148.0
201014,2099692,337.0
201014,3627994,400.0
201015,1035520,380.0
201015,173354,364.0
201015,3719,1101.0
201015,1035331,826.0
201016,11743,410.0
201016,11734,309.0
201017,129124,406.0
201017,129104,92.0
201018,5060571,136.0
201018,3079855,416.0
201019,268004,-52.0
201019,271128,-383.0
201020,61311,-395.0
201020,61271,-87.0
201021,1236,-57.0
201021,1229,-385.0
201022,11549,-176.0
201022,11642,237.0
201023,213255,10.0
201023,4666394,363.0
201024,135204,-194.0
201024,135201,217.0
201025,3097816,22.0
201025,5061069,365.0
201026,5348,389.0
201026,5263,95.0
201027,1622747,137.0
201027,1621580,400.0
201028,8110,155.0
201028,8148,-245.0
201029,149129,-397.0
201029,4076483,-149.0
201030,3080794,354.0
201030,848983,339.0
201031,267034,248.0
201031,14059,-145.0
201032,62907,-127.0
201032,62949,258.0
201033,718991,45.0
201033,3702248,356.0
201034,15773,-155.0
201034,15672,229.0
201035,3716640,-30.0
201035,3716388,-346.0
201036,1012197,-201.0
201036,165340,181.0
201037,2698,305.0
201037,2703,348.0
201038,66668,-196.0
201038,1480087,181.0
201039,17415,374.0
201039,17427,134.0
201040,1464408,375.0
201040,1472228,163.0
201041,60815,208.0
201041,4077689,376.0
201042,64694,-186.0
201042,64685,-376.0
201043,10137,-370.0
201043,10290,-146.0
201044,17418,-36.0
201044,3080966,302.0
201045,127346,102.0
201045,92773,361.0
201046,1242661,-216.0
201046,1247398,-368.0
201047,23286,360.0
201047,292911,236.0
201048,64057,-330.0
201048,64039,-29.0
201049,6093,330.0
201049,6510,27.0
201050,127513,329.0
201050,6748,30.0
201051,8822,-45.0
201051,8813,-336.0
201052,1425685,-203.0
201052,165416,160.0
201053,2743,202.0
201053,2855,-159.0
201054,62453,122.0
201054,62351,357.0
201055,69754,-346.0
201055,69704,-93.0
201056,64769,264.0
201056,3094261,341.0
201057,9746,-138.0
201057,9580,-351.0
201058,3077784,234.0
201058,166002,-114.0
201059,762662,26.0
201059,17202,-291.0
201060,90006,11.0
201060,213312,-298.0
201061,3187,-227.0
201061,826986,116.0
201062,70580,326.0
201062,70481,267.0
201063,60292,235.0
201063,96599,-105.0
201064,67239,289.0
201064,67243,311.0
201065,18403,-286.0
201065,18361,26.0
201066,7652,67.0
201066,87923,328.0
201067,3699118,72.0
201067,3080946,328.0
201068,3091946,-3.0
201068,3091947,295.0
201068,3646532,1221.0
201068,3646411,-1682.0
201069,2149,-281.0
201069,2182,-310.0
201070,71957,-155.0
201070,71969,-341.0
201071,948899,71.0
201071,943944,-255.0
201072,63509,-308.0
201072,89055,-28.0
201073,136929,315.0
201073,2437721,262.0
201074,149438,253.0
201074,3098117,-68.0
201075,18118,338.0
201075,148119,182.0
201076,69622,-331.0
201076,69582,-220.0
201077,37679,-333.0
201077,262454,-130.0
201078,69298,82.0
201078,69332,-241.0
201079,17156,-194.0
201079,17179,141.0
201080,2410341,-322.0
201080,2403128,-241.0
201081,14336,-15.0
201081,3080545,-297.0
201082,17242,-298.0
201082,735083,-279.0
201083,476572,-146.0
201083,478026,-332.0
201084,14008,-40.0
201084,5060601,-305.0
201085,16887,-167.0
201085,97080,166.0
201086,16532,197.0
201086,3690161,328.0
201087,11225,217.0
201087,1710379,-106.0
201088,15195,-138.0
201088,15204,190.0
201089,16343,298.0
201089,146737,31.0
201090,2179540,-301.0
201090,5060860,-261.0
201091,132313,-278.0
201091,65930,4.0
201092,1049423,-175.0
201092,4048,-323.0
201093,253597,189.0
201093,11763,322.0
201094,72930,-166.0
201094,73045,157.0
201095,3091802,323.0
201095,10341,152.0
201096,1677,101.0
201096,169989,-215.0
201097,2390005,-204.0
201097,2402127,110.0
201098,95189,315.0
201098,101127,196.0
201099,10463,303.0
201099,10437,67.0
201100,14538,301.0
201100,14485,232.0
201101,63455,-4.0
201101,235193,-275.0
201102,16979,60.0
201102,17012,-239.0
201103,6666,143.0
201103,6791,314.0
201104,4464,-5.0
201104,4568,-274.0
201105,12714,171.0
201105,12791,-140.0
201106,134614,-14.0
201106,134616,-277.0
201107,70590,-188.0
201107,134508,122.0
201108,15943,282.0
201108,15969,256.0
201109,65257,-20.0
201109,90370,-278.0
201110,151037,-81.0
201110,3725974,-300.0
201111,63525,-265.0
201111,63493,-267.0
201112,7079,269.0
201112,6964,9.0
201113,66789,-22.0
201113,66792,-274.0
201114,56208,-143.0
201114,56340,161.0
201115,205748,86.0
201115,61625,-208.0
201116,6540,174.0
201116,3625579,299.0
201117,854852,118.0
201117,3080948,297.0
201117,17294,238.0
201117,17354,-84.0
201118,1698595,266.0
201118,1689574,19.0
201119,72450,-143.0
201119,72486,152.0
201120,20903,291.0
201120,20983,191.0
201121,526201,292.0
201121,147944,112.0
201122,131515,-277.0
201122,131517,-56.0
201123,61472,-231.0
201123,61451,-271.0
201124,2137,289.0
201124,2168,122.0
201125,253079,-289.0
201125,146336,-150.0
201126,15970,141.0
201126,3080692,288.0
201127,7425,50.0
201127,7436,271.0
201128,355270,-156.0
201128,355630,127.0
201129,5494,-181.0
201129,5544,99.0
201130,3089285,-79.0
201130,1801924,-274.0
201131,845973,-247.0
201131,187828,-241.0
201132,149405,190.0
201132,149417,-85.0
201133,147717,-265.0
201133,3702297,-216.0
201134,6165,30.0
201134,6180,-226.0
201135,12898,-8.0
201135,213215,239.0
201136,65492,-253.0
201136,84948,-26.0
201137,63962,-263.0
201137,63903,-202.0
201138,62514,-275.0
201138,208747,-121.0
201139,1862847,79.0
201139,1857084,-190.0
201140,1671130,-240.0
201140,1671095,-238.0
201141,96536,-218.0
201141,2801587,37.0
201142,11233,240.0
201142,11221,238.0
201143,128093,272.0
201143,2816426,92.0
201144,60216,185.0
201144,60161,-84.0
201145,86052,-216.0
201145,21221,37.0
201146,168219,-193.0
201146,168231,69.0
201147,4238,-269.0
201147,4388,-98.0
201148,67342,-56.0
201148,67324,203.0
201149,1066635,-172.0
201149,1067105,93.0
201150,67049,261.0
201150,67025,190.0
201151,64632,-162.0
201151,64726,106.0
201152,70151,-33.0
201152,70062,213.0
201153,68615,-116.0
201153,68627,149.0
201154,4942,-36.0
201154,1027829,-245.0
201155,97134,102.0
201155,1437597,262.0
201156,11786,-89.0
201156,5060865,170.0
201157,2385989,242.0
201157,2381620,32.0
201158,3960,-78.0
201158,4124,-254.0
201159,16500,39.0
201159,16598,241.0
201160,89991,154.0
201160,340002,-102.0
201161,100715,180.0
201161,3959710,247.0
201162,16842,-256.0
201162,16857,-115.0
201163,64855,254.0
201163,64839,141.0
201164,11046,-21.0
201164,11187,208.0
201165,129355,125.0
201165,129359,-127.0
201166,209747,125.0
201166,4617748,-126.0
201167,6826,87.0
201167,6667,248.0
201168,3090295,-135.0
201168,3633865,-247.0
201169,13429,-183.0
201169,13322,54.0
201170,932190,-234.0
201170,923567,-51.0
201170,2800924,-26.0
201171,742352,185.0
201171,19172,233.0
201172,2396833,-113.0
201172,2404635,-245.0
201173,1614438,-71.0
201173,14322,-239.0
201174,213257,-125.0
201174,1526550,118.0
201175,3080520,-100.0
201175,176676,-243.0
201176,132418,-152.0
201176,66987,90.0
201177,64628,-231.0
201177,473276,-55.0
201177,64630,282.0
201177,3099270,-64.0
201177,64612,-646.0
201178,68707,75.0
201178,127657,-159.0
201179,23525,-54.0
201179,23573,-230.0
201179,23330,-5.0
201180,8323,-239.0
201180,8343,-94.0
201181,162117,-78.0
201181,64214,-233.0
201182,18010,-96.0
201182,966552,-237.0
201183,344,-110.0
201183,147,128.0
201184,2012801,-162.0
201184,11289,67.0
201185,18654,231.0
201185,18527,89.0
201186,72848,-165.0
201186,72879,58.0
201187,1026590,-103.0
201187,1029495,-230.0
201188,3921646,-165.0
201188,64438,53.0
201189,72827,222.0
201189,132712,148.0
201190,20676,-51.0
201190,20546,166.0
201191,15049,-218.0
201191,1366895,-71.0
201192,3647674,-216.0
201192,3647894,-129.0
201193,68068,-27.0
201193,129874,-201.0
201194,18359,-128.0
201194,330159,86.0
201195,5913,-60.0
201195,5883,149.0
201196,101153,58.0
201196,8554,207.0
201197,2062851,-96.0
201197,10036,-213.0
201198,204688,-210.0
201198,204757,-143.0
201199,1367534,45.0
201199,5060875,-158.0
201200,11134,-207.0
201200,2366230,-153.0
201201,2388,208.0
201201,2357,65.0
201202,62809,6.0
201202,695820,186.0
201203,4666674,-204.0
201203,1526947,-50.0
201204,15311,-77.0
201204,15293,132.0
201205,227080,196.0
201205,228848,33.0
201206,3724791,-182.0
201206,277059,-1.0
201207,437,-196.0
201207,435,-32.0
201208,9837,173.0
201208,3090060,190.0
201209,7484,-4.0
201209,144480,-184.0
201210,65293,-9.0
201210,65281,-185.0
201211,260294,206.0
201211,66071,99.0
201212,5261,204.0
201212,5411,77.0
201213,61598,-202.0
201213,3896533,-70.0
201214,397631,-183.0
201214,397677,-11.0
201215,69033,176.0
201215,69000,180.0
201216,65776,205.0
201216,65805,122.0
201217,67229,-157.0
201217,67187,-194.0
201218,3618931,128.0
201218,3618853,202.0
201219,13742,-187.0
201219,176635,-165.0
201220,4600,-189.0
201220,4598,-29.0
201221,71833,197.0
201221,71861,138.0
201222,64543,-51.0
201222,64611,-194.0
201223,64884,57.0
201223,64895,-137.0
201224,96457,144.0
201224,280334,-47.0
201225,7045,-173.0
201225,87900,-174.0
201226,63102,49.0
201226,374930,-141.0
201227,68344,169.0
201227,68360,173.0
201228,70428,-170.0
201228,70473,-167.0
201229,1759,-110.0
201229,1719,82.0
201230,287609,174.0
201230,140944,21.0
201231,3398,-189.0
201231,3263,-109.0
201232,67782,68.0
201232,67795,-120.0
201233,70381,83.0
201233,70361,188.0
201234,204638,173.0
201234,204635,22.0
201235,9054,186.0
201235,8990,75.0
201236,95534,-185.0
201236,793030,-73.0
201237,1374,103.0
201237,1452,184.0
201238,70532,88.0
201238,70525,-94.0
201239,132999,182.0
201239,132998,101.0
201240,128179,-170.0
201240,67413,-34.0
201241,6094,-1.0
201241,6098,-156.0
201242,58218,-87.0
201242,165990,93.0
201243,66354,3.0
201243,66385,-154.0
201244,5061266,7.0
201244,4078316,-153.0
201245,578745,-142.0
201245,3098669,21.0
201246,71616,-57.0
201246,948530,-175.0
201247,2793426,164.0
201247,3696977,141.0
201248,17040,-24.0
201248,3080849,140.0
201249,804970,-33.0
201249,64348,133.0
201250,69048,-117.0
201250,69021,-173.0
201251,662,42.0
201251,576,-126.0
201252,10466,-174.0
201252,10459,-91.0
201253,1822095,78.0
201253,1840806,-93.0
201254,12863,45.0
201254,3659549,-122.0
201255,5061159,-167.0
201255,25254,-121.0
201256,3691227,-1.0
201256,2816444,-150.0
201257,134461,-170.0
201257,134470,-98.0
201258,14055,-50.0
201258,145877,-165.0
201259,10634,86.0
201259,10560,170.0
201260,9816,139.0
201260,9704,-15.0
201261,64141,-152.0
201261,601302,-139.0
201262,66322,34.0
201262,66202,-126.0
201263,366,168.0
201263,288,75.0
201264,70432,-118.0
201264,70446,44.0
201265,14034,-158.0
201265,14033,-29.0
201266,3082962,70.0
201266,65073,166.0
201267,200365,-13.0
201267,64925,-149.0
201268,70713,4.0
201268,1376835,144.0
201269,72615,-68.0
201269,72635,-164.0
201270,1467311,-72.0
201270,3097146,-164.0
201271,4684301,-87.0
201271,3082775,75.0
201271,4684299,-132.0
201271,4078371,-134.0
201272,9938,-153.0
201272,9828,-30.0
201273,5066,80.0
201273,73936,-78.0
201274,8101,-144.0
201274,8011,-17.0
201275,15123,8.0
201275,146304,-131.0
201276,1660,114.0
201276,1715,-36.0
201276,1656,320.0
201277,20658,152.0
201277,376234,54.0
201278,3090582,-96.0
201278,3636000,-153.0
201279,63659,-69.0
201279,3082802,-153.0
201280,9402,142.0
201280,1752556,26.0
201281,6754,73.0
201281,6710,150.0
201282,8528,62.0
201282,8413,148.0
201283,64482,-52.0
201283,64408,93.0
201284,60946,79.0
201284,4684221,-66.0
201285,1247403,81.0
201285,1241169,-62.0
201286,1414574,-1.0
201286,13888,125.0
201286,1409145,52.0
201286,1412055,-141.0
201287,167557,95.0
201287,167556,-44.0
201288,9890,-27.0
201288,10078,106.0
201289,2377,140.0
201289,2327,77.0
201290,92869,124.0
201290,90687,11.0
201291,64501,90.0
201291,64502,136.0
201292,12646,4.0
201292,1467247,-116.0
201293,11662,100.0
201293,165353,131.0
201294,62570,-80.0
201294,209397,55.0
201295,59959,121.0
201295,59325,5.0
201296,13436,-2.0
201296,13467,116.0
201297,217034,37.0
201297,90048,130.0
201298,72283,-110.0
201298,95268,-121.0
201299,2161261,56.0
201299,10703,133.0
201300,3092283,-131.0
201300,1251933,-44.0
201301,1917,129.0
201301,1911,36.0
201302,2569,-127.0
201302,2539,-29.0
201303,16612,47.0
201303,16614,-83.0
201304,14845,8.0
201304,3676487,-110.0
201305,26115,-70.0
201305,5061188,61.0
201306,149276,51.0
201306,522240,-78.0
201307,1623696,12.0
201307,5061235,-106.0
201308,9841,110.0
201308,9834,115.0
201309,63983,127.0
201309,161847,56.0
201310,167544,107.0
201310,167548,115.0
201311,4073,-7.0
201311,4161,-115.0
201312,12084,77.0
201312,12123,-47.0
201313,5060469,-77.0
201313,67424,-122.0
201314,18656,114.0
201314,554657,84.0
201315,14957,101.0
201315,14890,103.0
201316,67583,-102.0
201316,67663,-1.0
201317,1088000,-106.0
201317,1089528,-93.0
201318,808376,83.0
201318,64817,112.0
201319,65416,-22.0
201319,65438,-108.0
201320,67028,-52.0
201320,67117,-113.0
201321,887765,-111.0
201321,3080364,-72.0
201322,64638,15.0
201322,64552,-89.0
201323,3081267,63.0
201323,2816537,-48.0
201324,19400,110.0
201324,260607,35.0
201325,5060580,-46.0
201325,2102812,63.0
201326,1380360,81.0
201326,69629,-22.0
201327,15358,59.0
201327,15389,108.0
201328,18619,76.0
201328,18624,101.0
201329,67205,105.0
201329,67153,67.0
201330,65131,105.0
201330,65095,54.0
201331,15216,-101.0
201331,177268,-81.0
201332,69191,-4.0
201332,3442273,-92.0
201333,21360,8.0
201333,150261,-86.0
201334,12971,-34.0
201334,133030,66.0
201335,5254,54.0
201335,5115,-48.0
201336,1679024,95.0
201336,1678880,49.0
201337,70429,-66.0
201337,70437,27.0
201338,16635,95.0
201338,16632,34.0
201339,3893459,64.0
201339,61354,-28.0
201340,72773,3.0
201340,141161,81.0
201341,70350,-90.0
201341,70366,-58.0
201342,67985,39.0
201342,2164457,-52.0
201343,20555,-15.0
201343,20502,-83.0
201344,1394757,-81.0
201344,11378,-68.0
201345,19524,-88.0
201345,19508,-33.0
201346,852,73.0
201346,921,-3.0
201347,62463,-78.0
201347,62455,-9.0
201348,1315,-57.0
201348,2296364,26.0
201349,72009,35.0
201349,72015,84.0
201350,68757,-68.0
201350,68752,-73.0
201351,62961,15.0
201351,166591,-62.0
201352,353,64.0
201352,511,76.0
201353,14511,60.0
201353,1685732,-17.0
201354,1253293,-74.0
201354,71254,-61.0
201355,1526,-75.0
201355,1564,-18.0
201356,68656,-24.0
201356,68676,-75.0
201357,8354,-31.0
201357,1330919,44.0
201358,10294,-65.0
201358,10304,-68.0
201359,129206,58.0
201359,2528,69.0
201360,2092,-41.0
201360,2116,28.0
201361,241264,21.0
201361,241763,66.0
201362,7878,68.0
201362,8028,38.0
201363,18955,-65.0
201363,18910,-25.0
201364,69969,51.0
201364,69867,61.0
201365,1055035,-40.0
201365,1261,-63.0
201366,16894,-40.0
201366,16850,-63.0
201367,305867,60.0
201367,3716795,20.0
201368,71777,-55.0
201368,71786,-51.0
201368,71629,26.0
201368,71634,-57.0
201369,204315,4.0
201369,204304,-50.0
201370,8676,21.0
201370,8682,-39.0
201371,13385,38.0
201371,13367,58.0
201372,66218,-14.0
201372,3091041,39.0
201373,87414,49.0
201373,66617,3.0
201374,66599,-52.0
201374,188494,-27.0
201375,6199,18.0
201375,6341,-28.0
201376,277,-24.0
201376,246,22.0
201377,6334,-32.0
201377,87665,-45.0
201378,62751,-4.0
201378,464622,-38.0
201379,2345630,-34.0
201379,2340715,-35.0
201380,4298,36.0
201380,4324,6.0
201381,66779,-6.0
201381,66741,28.0
201382,254372,-24.0
201382,255330,-30.0
201383,893703,7.0
201383,892361,-16.0
201384,86273,1.0
201384,2816472,-20.0
201385,15695,-12.0
201385,3683333,-19.0
201386,2930,-4.0
201386,2935,-4.0
201390,101157,-2903.0
201390,133006,680.0
201471,165837,-733.0
201471,5060656,-817.0
201471,5060877,-877.0
201501,5060937,584.0
201501,5061077,1036.0
201516,3090052,-551.0
201516,3634565,883.0
201518,127465,547.0
201518,6327,190.0
201518,127461,154.0
201595,3714141,-427.0
201595,19467,-355.0
201595,19482,-496.0
201792,5060818,-266.0
201792,3087295,435.0
201792,166779,350.0
201862,128153,230.0
201862,129062,-20.0
201862,129058,95.0
201954,3403,196.0
201954,3169,220.0
201995,65113,187.0
201995,65054,61.0
202134,3081156,-150.0
202134,18350,404.0
202138,12531,-150.0
202138,12560,-99.0
202161,1674819,143.0
202161,70562,127.0
202229,8356,-132.0
202229,8526,15.0
202312,165451,-110.0
202312,18405,-528.0
202360,1909,101.0
202360,1841,40.0
202553,64613,67.0
202553,64650,141.0
202744,3673336,-37.0
202744,14448,26.0
202744,14449,5.0
202866,1046676,22.0
202866,1962,38.0
