Nest,Nmb,PGC1,sigV,<Vcmba>
100001,136,44715,886,7331
100002,197,41220,670,1491
100003,113,43296,822,3873
100004,81,58265,740,9424
100005,61,36487,707,6987
100006,85,31478,648,4099
100007,86,56962,1261,11603
100008,65,39600,209,1054
100009,66,59827,976,9112
100010,55,47202,1002,15265
100011,45,49025,440,4929
100012,43,50100,386,4480
100013,49,43924,329,4796
100014,47,30308,502,3257
100015,39,43763,387,4559
100016,35,20778,1134,12013
100017,29,20136,512,6061
100018,30,38156,408,7472
100019,33,46247,366,2835
100020,27,33927,794,10425
100021,26,47071,690,11053
100023,16,34426,256,1486
100024,24,48896,729,12413
100025,23,59332,449,10647
100026,23,46639,345,7378
100027,23,48040,237,4207
100028,23,1118804,594,8877
100029,29,31755,504,6646
100030,21,23404,367,5100
100031,21,45174,300,3653
100032,20,50028,479,6628
100033,19,48624,620,11516
100034,19,26377,436,7052
100035,22,23160,259,8298
100036,18,43547,733,14879
100037,18,51107,497,7236
100038,24,63794,439,7655
100039,18,49514,160,2645
100040,17,44257,739,14880
100041,17,57728,589,9429
100042,17,52441,451,8437
100043,18,50729,505,6971
100044,18,22520,362,8811
100045,17,15570,320,4408
100046,19,54913,737,10921
100047,16,46618,378,3732
100048,16,61693,337,5278
100049,16,47346,314,7187
100050,20,35557,356,6812
100051,16,47822,268,7727
100052,16,95536,238,9379
100053,16,21231,231,1942
100054,15,84830,1438,18184
100055,15,47150,991,14422
100056,15,51480,955,16287
100057,15,2394629,584,11634
100058,15,33000,326,12656
100059,15,28782,180,10061
100060,15,43557,155,3628
100061,14,38523,351,7124
100062,14,62122,308,4717
100063,14,18004,265,4247
100064,17,44852,244,5303
100065,15,40692,264,1106
100066,13,4683777,832,15715
100067,31,54666,763,11604
100068,13,511935,536,10704
100069,13,29822,388,7185
100070,13,58596,360,9408
100071,13,38201,358,6380
100072,13,3099003,329,11225
100073,13,53932,280,1825
100074,13,46974,217,4484
100075,13,28960,203,2928
100076,13,47408,193,5911
100077,18,36071,2041,18267
100078,12,62082,1317,18737
100079,12,46459,679,15701
100080,12,17825,531,8032
100081,12,45778,511,11181
100082,12,41975,471,7670
100083,12,1109100,462,9970
100084,12,60192,371,8847
100085,15,26143,390,8904
100086,12,59927,347,8455
100087,12,36504,319,10110
100088,12,166275,296,6127
100089,12,19464,292,10817
100090,12,33871,288,3194
100091,12,29655,231,5689
100092,12,40498,196,3549
100093,11,63099,1029,15666
100094,11,54526,620,10912
100095,11,54412,571,17401
100096,11,59947,498,9017
100097,11,51834,409,8326
100098,11,26196,384,9003
100099,11,49307,364,5272
100100,11,49804,347,11767
100101,11,900018,342,8770
100102,11,28257,303,6672
100103,11,3093257,300,8609
100104,11,19220,247,12442
100105,11,33535,241,8479
100106,11,30671,167,3081
100107,11,61570,154,4639
100108,5,20164,1894,19266
100109,10,25714,894,17153
100110,10,57966,508,9726
100111,11,43200,459,7444
100112,10,44223,445,17469
100113,10,47195,439,14341
100114,10,3097105,434,8940
100115,10,53274,426,13964
100116,10,389125,398,5834
100117,10,48646,385,10555
100118,10,27441,361,10551
100119,10,29012,350,9825
100120,10,47055,341,6995
100121,10,28927,281,4182
100122,11,32256,283,1323
100123,11,51084,266,7802
100124,10,19891,276,6287
100125,17,33207,511,11046
100126,10,27509,213,7259
100127,10,34772,200,11050
100128,15,42407,198,1673
100129,10,37061,175,2168
100130,10,19602,172,5451
100131,9,2206347,1036,15267
100132,9,46187,769,15439
100133,9,61305,727,11877
100134,9,20097,586,11161
100135,9,54213,496,14124
100136,9,21993,421,6984
100137,12,46506,641,12018
100138,9,59456,395,10541
100139,9,61121,385,8268
100140,9,39906,363,8457
100141,9,3097094,339,9042
100142,12,52638,317,9285
100143,9,55279,314,6551
100144,9,28900,300,6655
100145,9,58389,295,11920
100146,9,36359,270,9629
100147,9,60543,263,7843
100148,9,37591,240,4846
100149,9,49747,236,3638
100150,10,51681,252,4637
100151,9,34925,230,7501
100152,9,24590,212,2364
100153,9,26588,202,5131
100154,9,44965,199,10079
100155,9,49847,198,5936
100156,9,31358,196,6833
100157,9,44734,188,10364
100158,9,49424,188,3158
100159,9,58828,183,5822
100160,9,17625,175,4131
100161,9,36319,171,6614
100162,9,477015,135,6092
100163,9,14508,126,1058
100164,9,38892,112,4233
100165,8,47397,1030,15001
100166,8,62613,829,17038
100167,8,5060494,760,17915
100168,8,57455,646,15498
100169,8,26587,590,14716
100170,8,4076851,495,12578
100171,8,35254,493,10953
100172,8,63529,472,7714
100173,9,60677,554,13884
100174,8,34898,437,8247
100175,8,44510,428,9975
100176,8,23528,426,9287
100177,8,28842,403,15124
100178,8,26430,368,10362
100179,8,50096,367,6908
100180,8,200509,358,7633
100181,8,53982,348,13008
100182,8,2816495,337,7566
100183,8,56941,323,9575
100184,8,35150,317,10299
100185,8,47998,304,7141
100186,8,40697,299,7786
100187,8,60795,285,8826
100188,10,55783,248,10095
100189,8,50558,280,5357
100190,8,141864,278,7682
100191,8,52055,271,9137
100192,8,3097003,266,8423
100193,8,60097,262,11418
100194,8,45313,256,1869
100195,8,24002,250,7726
100196,11,26013,259,7061
100197,8,28483,241,9940
100198,8,61238,241,6736
100199,8,137853,223,6788
100200,8,49421,218,6180
100201,8,34566,214,1976
100202,8,49044,213,2071
100203,8,33206,212,9912
100204,8,47637,191,7305
100205,8,22373,190,6070
100206,8,47225,189,7587
100207,8,47980,183,7707
100208,8,38411,183,2396
100209,8,49428,171,8876
100210,8,37247,170,8691
100211,8,53260,166,8766
100212,8,45299,148,9210
100213,8,18699,144,4205
100214,8,45466,143,3339
100215,8,30785,137,3103
100216,8,46409,134,3330
100217,8,25067,129,2129
100218,8,56398,100,6090
100219,8,37969,67,2028
100220,7,49543,2337,20119
100221,7,36545,2083,17757
100222,7,2643981,1506,20594
100223,7,516831,1306,17354
100224,7,45343,966,15796
100225,7,1904136,962,20595
100226,7,2292580,872,16736
100227,7,60686,864,13494
100228,7,44244,860,13663
100229,7,62665,801,16782
100230,7,61513,721,15521
100231,7,3807540,643,15792
100232,7,35785,576,10175
100233,7,3811057,565,15952
100234,7,50691,499,10831
100235,7,48760,485,9092
100236,7,54316,458,9468
100237,7,30904,393,9691
100238,7,35533,379,13820
100239,7,38407,372,9110
100240,7,58340,348,9828
100241,7,19267,347,10956
100242,7,24233,345,8959
100243,10,27620,345,6737
100244,7,44761,317,5412
100245,7,32244,314,11282
100246,7,52797,308,9284
100247,7,29790,297,4978
100248,7,25814,296,9139
100249,7,1369996,285,9729
100250,7,58155,284,10447
100251,7,44660,284,7411
100252,7,50960,280,4730
100253,7,51134,264,11437
100254,7,36107,253,6247
100255,7,17387,249,5096
100256,7,24970,230,3633
100257,7,16537,224,4984
100258,7,54014,222,11069
100259,7,59079,215,9002
100260,7,16750,215,4421
100261,7,25718,198,7430
100262,7,36028,190,9632
100263,7,39791,188,1661
100264,7,59979,172,6833
100265,7,55559,170,5906
100266,7,51965,169,4297
100267,7,22510,168,4946
100268,7,47848,163,10688
100269,7,32055,155,6745
100270,7,58709,154,7540
100271,7,1302291,153,6763
100272,7,25518,148,5826
100273,11,30083,131,1604
100274,7,28376,137,3178
100275,7,36889,137,3558
100276,7,36200,135,3763
100277,7,23303,120,1962
100278,7,23495,119,4480
100279,7,28806,83,2808
100280,7,61559,78,8224
100281,7,38524,73,1512
100282,6,55151,1960,20875
100283,6,156984,1324,19395
100284,7,21757,935,15467
100285,6,61040,908,16578
100286,6,61357,888,18377
100287,6,48614,866,13002
100288,6,60204,772,14397
100289,6,57460,528,9886
100290,6,46090,510,11531
100291,6,22359,508,10382
100292,6,54689,450,12644
100293,6,529298,428,10556
100294,6,55733,424,13063
100295,6,36640,420,10528
100296,6,55625,413,7486
100297,6,58644,388,9884
100298,6,5060501,388,9120
100299,6,3772816,379,9788
100300,10,170110,485,12336
100301,12,56484,349,7618
100302,6,46836,366,7318
100303,6,30312,348,12388
100304,6,48580,341,11175
100305,6,49039,336,7648
100306,6,47682,331,11085
100307,6,29387,330,9427
100308,6,26049,325,7312
100309,6,3442284,321,12501
100310,6,20461,315,9010
100311,7,22555,318,4724
100312,6,51610,310,8572
100313,6,34844,301,9177
100314,6,36002,283,5730
100315,6,33452,280,9343
100316,6,36378,274,15946
100317,9,2388600,242,8170
100318,6,46819,268,7431
100319,7,33465,245,6741
100320,6,61266,266,15647
100321,6,165398,263,4799
100322,6,497794,262,14956
100323,6,59533,258,11811
100324,6,32479,256,5117
100325,6,54625,250,2670
100326,6,49869,242,7887
100327,6,60755,240,12745
100328,6,64154,234,7388
100329,6,29011,233,9403
100330,6,96484,229,6688
100331,7,21860,215,5984
100332,6,1002342,225,8353
100333,6,50564,222,13033
100334,6,2800915,219,8437
100335,6,21438,212,12347
100336,6,137982,207,3171
100337,6,22950,206,9536
100338,6,35840,202,6055
100339,6,56636,202,4706
100340,6,45575,201,5860
100341,6,48161,199,4686
100342,6,46490,192,2400
100343,6,18637,188,4267
100344,6,31319,187,7790
100345,6,34786,184,8172
100346,6,21220,176,8701
100347,6,62056,176,8117
100348,6,50080,176,4084
100349,6,54169,174,7794
100350,6,46957,163,785
100351,6,31501,162,9054
100352,6,906969,161,11249
100353,6,27418,160,5043
100354,6,60453,157,8564
100355,6,39223,151,7110
100356,6,22381,148,5494
100357,6,28845,147,3140
100358,6,19603,136,5207
100359,6,51978,129,2356
100360,6,23128,120,3689
100361,6,51794,114,7149
100362,6,29192,112,5357
100363,6,984620,111,7219
100364,6,53418,106,9024
100365,6,20833,102,6069
100366,6,28196,98,5012
100367,6,25144,97,5248
100368,6,170075,75,12601
100369,8,48189,81,7337
100370,5,5060652,2112,19166
100371,5,43900,1254,16930
100372,5,23771,987,15508
100373,5,2085445,848,21839
100374,5,34385,729,14826
100375,5,22249,693,16614
100376,5,52629,622,13195
100377,5,27740,608,20227
100378,5,537966,601,16411
100379,5,167605,598,11465
100380,5,893403,586,14349
100381,5,62112,548,9913
100382,5,23867,538,12201
100383,5,33893,535,8895
100384,5,28080,524,14453
100385,5,23994,494,12036
100386,5,57725,456,17545
100387,5,701198,433,16869
100388,5,56063,428,11508
100389,5,166342,424,11250
100390,5,50997,423,9642
100391,7,47023,336,7845
100392,5,46747,401,9019
100393,5,29675,400,9531
100394,5,46580,400,7010
100395,5,3097015,397,10917
100396,5,917034,394,8318
100397,5,3076997,382,10898
100398,5,47712,375,13597
100399,5,52915,373,11809
100400,5,556993,368,18646
100401,5,58472,358,7538
100402,5,3076923,357,5233
100403,8,29239,476,14586
100404,5,55360,344,11877
100405,5,35415,326,10349
100406,5,57482,324,10140
100407,5,3097039,323,9044
100408,5,32168,320,11873
100409,5,60010,317,8767
100410,5,1999078,316,7501
100411,5,23894,310,10083
100412,5,37206,306,7097
100413,5,60641,301,6696
100414,5,20107,298,8295
100415,5,33446,295,8033
100416,5,30432,294,10229
100417,5,59086,291,10904
100418,5,159659,291,11562
100419,5,56373,290,10475
100420,5,25844,283,11612
100421,5,93135,279,7204
100422,5,55295,278,10651
100423,5,57408,269,9895
100424,5,22742,265,5626
100425,5,39004,263,9414
100426,5,31168,258,10495
100427,5,32955,258,6194
100428,5,30686,256,8056
100429,5,55674,255,2846
100430,5,59352,251,5387
100431,5,21300,248,4926
100432,5,55243,245,5793
100433,5,972399,239,16034
100434,7,53049,202,7802
100435,5,49204,233,7314
100436,5,54415,232,10520
100437,5,36450,229,6792
100438,5,26719,222,8087
100439,5,53289,218,8791
100440,5,41004,217,11300
100441,5,58630,216,9620
100442,5,34134,216,6966
100443,5,1031482,214,9016
100444,5,34778,210,1938
100445,6,20792,185,5706
100446,5,35902,203,6894
100447,5,16092,202,4583
100448,5,170093,196,16945
100449,5,57908,194,10052
100450,5,32187,194,10381
100451,5,57411,189,9379
100452,5,51382,189,5553
100453,5,41621,188,2721
100454,5,43101,186,5048
100455,5,998077,185,12046
100456,5,55233,183,13534
100457,5,27583,181,12328
100458,5,31974,175,3353
100459,5,50783,174,7465
100460,5,18811,173,9436
100461,5,52578,169,7722
100462,5,27666,167,7129
100463,5,46525,163,1966
100464,5,46906,157,5766
100465,5,23545,156,4866
100466,5,754626,155,11945
100467,5,20220,154,5971
100468,5,60013,151,6691
100469,5,27139,150,8667
100470,5,870347,149,9387
100471,5,36016,148,9353
100472,5,66063,148,2540
100473,5,50254,147,10940
100474,5,54237,146,7402
100475,5,27333,144,5883
100476,5,61918,144,4130
100477,5,50191,143,1965
100478,5,40212,137,4710
100479,5,37655,135,6460
100480,5,49547,133,1556
100481,5,3081950,132,8650
100482,5,16280,131,4475
100483,5,24790,129,4502
100484,5,23672,126,6375
100485,7,3871782,118,6061
100486,5,18841,125,6442
100487,5,50459,124,7547
100488,5,26707,123,6633
100489,5,32726,122,7071
100490,5,34836,121,4656
100491,5,43495,121,685
100492,5,32533,121,1713
100493,5,32731,116,6151
100494,5,23256,113,4422
100495,5,16096,112,4636
100496,5,37544,111,3486
100497,5,51391,109,11696
100498,5,59437,108,10436
100499,5,53516,108,3666
100500,5,20103,108,4511
100501,5,45908,106,3120
100502,5,51233,106,1815
100503,9,52665,106,1978
100504,5,54439,101,7736
100505,5,46456,99,3261
100506,5,50623,95,8707
100507,5,47441,94,2710
100508,5,32614,94,1920
100509,5,49415,92,7670
100510,5,25069,88,1385
100511,5,33836,87,10118
100512,5,49266,85,10379
100513,5,50530,84,8170
100514,5,55523,75,10742
100515,5,27159,73,3508
100516,5,32439,72,12351
100517,5,37304,71,6201
100518,5,19306,67,4295
100519,5,53247,67,1784
100520,5,3087051,60,11894
100521,5,32877,59,3082
100522,5,30751,57,10286
100523,5,35364,57,6740
100524,4,34708,1361,17900
100525,4,56832,1205,18875
100526,4,42543,1151,22525
100527,4,49105,934,21751
100528,4,28207,915,16062
100529,7,2191083,706,17319
100530,4,54253,738,15082
100531,4,16913,686,20011
100532,4,57046,668,11785
100533,4,29807,654,14968
100534,4,78089,635,19701
100535,4,59750,611,11334
100536,4,843723,604,17032
100537,6,46447,456,11544
100538,4,34294,541,15490
100539,4,26951,516,11205
100540,4,3812098,489,16018
100541,4,922971,487,17484
100542,4,60314,485,14214
100543,4,54224,481,10573
100544,4,36212,479,10139
100545,4,61760,467,8626
100546,4,31175,455,14111
100547,4,957265,448,8345
100548,4,59017,447,9717
100549,4,656450,443,11728
100550,4,30960,432,11763
100551,4,55109,429,11656
100552,4,50523,423,16681
100553,4,3441917,422,11900
100554,4,5060692,421,22647
100555,4,24988,411,9822
100556,4,43504,405,9590
100557,4,30598,404,11376
100558,4,22517,400,10558
100559,4,56174,396,9827
100560,4,1040114,396,8328
100561,4,30573,393,13955
100562,4,21209,389,8877
100563,4,47612,385,7528
100564,4,56201,371,9182
100565,4,50891,360,8102
100566,4,626051,358,13207
100567,4,952268,358,7386
100568,8,49101,334,10885
100569,4,38390,356,13072
100570,4,16509,352,16422
100571,4,2365985,351,13527
100572,4,5060472,351,8376
100573,4,58238,346,11174
100574,4,46933,342,10696
100575,4,167985,338,12506
100576,4,26606,338,8524
100577,4,28479,328,7867
100578,4,62220,326,6794
100579,4,60060,325,11753
100580,4,27482,325,9008
100581,4,48401,323,12164
100582,4,52743,314,9142
100583,4,17169,311,4599
100584,4,1545663,310,16408
100585,8,21129,620,12485
100586,4,1987158,299,19173
100587,4,44867,298,11381
100588,4,27111,294,6895
100589,4,56253,293,11076
100590,4,30786,293,9551
100591,4,33138,293,7655
100592,4,42954,292,7015
100593,4,48743,289,11904
100594,4,3097046,289,8819
100595,4,55874,287,10833
100596,4,34220,286,5731
100597,4,24569,285,7818
100598,4,40920,282,7758
100599,4,26629,277,10619
100600,6,38773,309,7042
100601,4,30249,272,16801
100602,4,33880,272,10422
100603,4,59366,271,9091
100604,4,49205,271,4132
100605,4,53601,270,8056
100606,4,56180,267,8237
100607,4,45283,263,3431
100608,4,20399,262,8758
100609,4,23249,258,10808
100610,4,154633,253,9825
100611,4,34936,251,13503
100612,4,60912,251,11228
100613,6,43671,239,1817
100614,4,24129,249,9722
100615,4,21258,249,6818
100616,4,31155,247,9381
100617,4,3090108,245,20481
100618,4,60841,243,8885
100619,4,34655,243,8162
100620,4,19957,242,9454
100621,4,50330,238,4282
100622,4,45155,236,3014
100623,4,51006,235,7960
100624,4,47751,234,13666
100625,4,53962,233,7798
100626,4,29744,231,13732
100627,4,61251,231,4719
100628,4,17590,230,8017
100629,4,47987,230,4955
100630,4,1580722,228,4717
100631,4,59052,222,9780
100632,4,25493,221,9121
100633,4,60325,219,8413
100634,4,33907,219,9380
100635,4,45976,219,7074
100636,4,26624,218,2864
100637,4,28282,216,5728
100638,4,50301,211,12231
100639,4,23714,211,6602
100640,4,11056,211,4298
100641,4,57473,210,11327
100642,4,62072,210,4158
100643,4,5061171,207,6709
100644,4,50519,205,9361
100645,4,47793,205,8550
100646,4,1666735,204,15230
100647,6,45880,250,8926
100648,4,31677,202,3844
100649,4,52031,201,9748
100650,4,812677,200,14217
100651,6,39312,214,7637
100652,4,27561,199,7944
100653,4,23070,198,9056
100654,4,53859,195,18251
100655,4,3868537,194,8611
100656,4,45339,190,8922
100657,4,2505608,190,5046
100658,4,18357,188,8303
100659,4,54723,185,10178
100660,4,22580,184,12976
100661,4,22445,184,8483
100662,4,38794,184,6466
100663,4,31051,183,6153
100664,4,24325,180,7648
100665,4,40169,180,4654
100666,4,53974,178,6818
100667,7,47462,156,7725
100668,4,2575478,176,10677
100669,4,35028,175,5657
100671,5,35750,269,10444
100672,4,26201,172,10014
100673,4,61113,172,6616
100674,4,37334,171,3292
100675,4,35979,168,3577
100676,4,83335,167,17300
100677,4,21067,165,3413
100678,5,49139,263,4757
100679,4,33306,163,4927
100680,4,184619,159,11873
100681,4,28249,159,9200
100682,4,42375,159,3071
100683,4,33167,157,8811
100684,4,53509,156,11748
100685,4,51033,156,11601
100686,4,154023,153,7036
100687,4,55840,153,7158
100689,4,41869,152,9644
100690,4,29450,152,6357
100691,4,44228,151,7369
100692,4,31706,151,4166
100693,4,18215,150,13063
100694,4,60819,148,13923
100695,4,59144,147,9734
100696,4,16929,147,8644
100697,4,47324,146,9283
100698,4,23860,146,9308
100699,4,46281,146,7136
100700,4,692217,145,9481
100701,4,20695,144,10420
100702,4,2109893,144,8508
100703,4,47776,144,7102
100704,4,45749,140,1177
100705,4,45371,139,5045
100706,4,49121,139,4065
100707,4,31405,139,4045
100708,4,25161,138,4165
100709,4,27862,137,5576
100710,4,32559,136,7039
100711,4,33620,136,6998
100712,4,51994,134,14002
100713,4,28575,134,6413
100714,4,37739,134,4759
100715,4,30019,131,2995
100716,4,45572,130,8512
100717,4,24395,130,4653
100718,4,22127,129,4031
100719,4,5060622,128,21577
100720,4,37666,128,3778
100721,4,26842,127,9141
100722,4,50203,127,7863
100723,4,44769,126,9038
100724,4,30553,126,6697
100725,4,61166,124,8041
100726,4,35088,123,2210
100727,4,38704,122,7270
100728,4,60938,119,7659
100729,4,20973,118,8843
100730,4,50662,118,8022
100731,4,35425,117,15173
100732,4,59677,116,8502
100733,4,20305,112,3791
100734,4,63832,111,4551
100735,4,33573,109,9515
100736,4,42823,109,7584
100737,4,50470,109,4074
100738,4,45697,108,7275
100739,4,54599,108,5361
100740,4,156770,107,10348
100741,4,59527,107,10936
100742,4,26884,107,5133
100743,4,38476,106,7200
100744,4,61128,105,3055
100745,4,17326,104,7066
100746,4,39568,104,2780
100747,4,22129,103,7595
100748,4,166345,101,3171
100749,4,21411,100,8863
100750,4,38010,100,6755
100751,4,967943,100,7415
100752,4,57257,98,10193
100753,4,50762,97,8313
100754,4,55070,97,6172
100755,4,35546,96,7385
100756,4,21099,95,4263
100757,4,90326,95,4409
100758,4,51641,93,9391
100759,4,37670,91,4523
100760,4,53408,90,4212
100761,4,22343,87,4979
100762,4,28439,85,12218
100763,4,33624,83,7850
100764,4,35833,75,3113
100765,4,31064,75,5125
100766,4,47528,73,8310
100767,4,55665,73,2057
100768,4,26694,70,8513
100769,4,36505,69,1392
100770,4,58775,67,5354
100771,4,41217,66,4835
100772,4,60054,65,9471
100773,4,25383,65,9513
100774,4,50889,65,4960
100775,4,44847,64,3024
100776,4,48659,62,7391
100777,4,29959,62,3970
100778,4,157861,61,8778
100779,4,34548,56,4707
100780,4,27253,54,4766
100781,4,15254,52,4741
100782,4,32189,51,5313
100783,4,35064,51,2280
100784,4,30744,51,1678
100785,4,26932,47,2455
100786,4,154467,46,8766
100787,4,56309,42,10906
100788,4,48197,40,8944
100789,4,47632,40,7174
100790,4,27939,35,4616
100791,4,49650,31,4628
100792,4,3075115,31,3877
100793,4,46029,8,3386
100794,3,58473,2065,20601
100795,3,604803,2015,21798
100796,3,3722962,1756,21747
100797,3,579232,1693,21499
100798,5,94244,1503,20586
100799,3,24491,1434,18261
100800,3,45753,1278,22343
100801,3,1672229,1274,20809
100802,3,1103482,1186,22204
100803,3,1602862,1150,18296
100804,3,156082,955,20375
100805,3,50036,912,15286
100806,3,1690510,908,19257
100807,3,5060508,792,20792
100808,3,46052,786,18671
100809,3,49951,773,20099
100810,3,1349708,773,15703
100811,3,41708,743,17016
100812,3,2758194,735,16345
100813,3,183601,726,15417
100814,3,30237,706,19413
100815,3,24446,696,13549
100816,3,21646,695,11963
100817,3,948775,683,17363
100818,3,579952,675,16319
100819,3,644524,667,15945
100820,3,45156,650,14848
100821,3,28802,629,11637
100822,3,21421,625,12509
100823,3,56473,624,14340
100824,3,2778873,605,18457
100825,3,682421,599,15374
100826,3,23682,595,13680
100827,3,19747,594,12303
100828,3,51555,591,14424
100829,3,42635,575,11581
100830,3,13910,566,17287
100831,3,1088589,562,14886
100832,3,58169,551,15943
100833,3,33697,551,11301
100834,3,619905,549,17844
100835,4,62564,448,11976
100836,3,54839,539,14463
100837,3,41437,535,20370
100838,3,55383,532,12053
100839,3,24173,530,11834
100840,3,3082106,521,15229
100841,3,53955,517,10756
100842,3,24577,498,17432
100843,3,26868,489,13938
100844,3,56452,479,12494
100845,3,2790800,478,16097
100846,3,159327,477,13496
100847,3,1450727,466,15685
100848,3,1037724,466,12930
100849,3,2773081,464,15931
100850,3,50444,464,12050
100851,3,170277,464,10230
100852,3,29783,463,14058
100853,3,34434,457,10850
100854,3,1043881,450,18316
100855,3,54632,449,11916
100856,3,5061210,447,14022
100857,3,48711,443,11990
100858,3,48810,429,9634
100859,3,610294,428,11806
100860,3,27780,428,9354
100861,3,58489,426,11736
100862,3,3828728,418,18721
100863,3,46461,413,10394
100864,3,19565,410,11659
100865,3,22408,406,12544
100866,3,60243,398,8804
100867,5,29669,483,9285
100868,3,1031989,393,11313
100869,3,55875,389,12947
100870,3,56138,388,10703
100871,4,44150,319,10892
100872,3,2543122,387,20410
100873,3,58311,387,12707
100874,3,53502,373,11290
100875,3,44057,372,5303
100876,3,56435,371,12228
100877,3,21165,371,9710
100878,3,51654,370,9691
100879,4,900792,376,15682
100880,3,56857,368,12949
100881,3,32197,368,8288
100882,3,2817045,367,8648
100883,3,31567,366,9226
100884,3,166326,365,10247
100885,3,166228,365,8404
100886,3,32580,362,7839
100887,3,2673082,358,15514
100888,3,34225,347,7709
100889,3,21568,343,10829
100890,3,24899,341,11655
100891,3,28697,340,16520
100892,3,36941,337,6325
100893,3,27608,332,10605
100894,3,57650,332,9880
100895,3,50177,329,11789
100896,3,64122,326,15821
100897,3,5060873,325,12978
100898,3,30097,320,15835
100899,3,21071,318,4855
100900,3,2639213,317,17447
100901,3,893118,314,16238
100902,3,20858,314,8767
100903,3,3089609,313,20157
100904,3,54418,313,7792
100905,3,62242,312,5664
100906,3,55910,306,10292
100907,3,46779,302,10394
100908,3,52929,302,9687
100909,3,1044444,301,23045
100910,3,32601,299,11614
100911,3,1045478,298,20224
100912,6,1825668,311,9701
100913,3,53787,295,8363
100914,3,19299,294,12240
100915,3,26733,293,3866
100916,3,676802,291,17624
100917,3,23414,290,9128
100918,3,19576,288,6641
100919,3,53311,287,9587
100920,3,33440,286,15059
100921,3,3076743,286,13818
100922,3,49021,286,11082
100923,3,170089,284,8916
100924,3,161002,284,8989
100925,3,37908,284,7230
100926,3,48208,281,12206
100927,3,3777080,280,8937
100928,3,3088894,279,7445
100929,3,2673313,277,20463
100930,3,60591,277,6566
100931,3,22570,275,10377
100932,3,19062,275,8989
100933,3,31157,274,14122
100934,3,26806,274,3947
100935,8,59560,162,8442
100936,3,52883,269,16772
100937,3,154502,269,12065
100938,3,36417,268,5461
100939,3,61039,267,7835
100940,3,33062,265,5303
100941,3,60802,263,5577
100942,3,52628,262,8310
100943,3,57500,259,9946
100944,3,3091611,258,16181
100945,3,60999,258,6427
100946,3,55245,257,11833
100947,3,34535,257,7016
100948,3,24526,257,7458
100949,3,22749,257,5231
100950,3,160573,256,7373
100951,3,50192,253,7851
100952,3,3097771,250,22778
100953,3,151277,250,16768
100954,3,26181,250,9198
100955,3,23426,249,10156
100956,3,27013,247,16507
100957,3,89007,246,11852
100958,3,35969,244,6675
100959,3,34430,244,8305
100960,3,26368,243,8308
100961,3,1964700,242,8712
100962,3,1451764,239,13757
100963,3,30655,236,6088
100964,3,3076949,236,4461
100965,3,48691,235,7270
100966,3,31075,235,6505
100967,3,170132,233,8102
100968,3,665886,232,7433
100969,3,60431,230,15322
100970,3,24951,230,12270
100971,3,30545,230,11124
100972,3,34552,229,10327
100973,3,42661,229,7219
100974,3,59061,228,9487
100975,3,1069956,227,18348
100976,3,24330,227,12435
100977,3,87674,227,9346
100978,3,50809,227,7689
100979,3,44931,227,3883
100980,3,57311,226,9117
100981,3,55937,225,15488
100982,3,58649,225,9150
100983,3,26434,224,8888
100984,4,21618,209,6733
100985,3,5061280,223,11038
100986,3,52582,223,9697
100987,3,20406,223,8868
100988,3,60479,222,10173
100989,3,2376214,220,10860
100990,4,40813,180,8103
100991,3,39126,217,21050
100992,3,46276,217,10052
100993,3,738224,217,6809
100994,3,19853,216,6684
100995,3,57812,216,4971
100996,3,53455,215,11511
100997,3,51910,213,13054
100998,3,20645,213,11947
100999,3,37063,213,5985
101000,3,54988,212,12498
101001,3,36580,211,8876
101002,3,51312,211,3410
101003,3,45857,210,11242
101004,3,58729,210,11205
101005,3,54471,208,11829
101006,3,55256,206,4740
101007,3,44914,205,14876
101008,3,36081,205,11128
101009,3,40656,205,5888
101010,3,1588608,204,4887
101011,3,26347,203,8330
101012,3,55870,202,11652
101013,3,158542,200,10200
101014,3,23616,200,5237
101015,3,3097683,200,6310
101016,3,160478,197,7673
101017,3,59152,195,14854
101018,3,56608,195,10156
101019,4,51807,160,8945
101020,3,60858,194,12922
101021,3,30254,193,7227
101022,3,23492,192,11046
101023,3,51940,190,12339
101024,3,53379,190,9732
101025,3,19990,186,12177
101026,3,762784,185,15594
101027,3,48349,183,9910
101028,3,50143,182,13112
101029,3,52084,182,3994
101030,3,33820,181,8235
101031,3,32414,181,7070
101032,3,1062642,180,12833
101033,3,24008,180,9698
101034,3,30922,180,10494
101035,3,23705,180,6012
101036,3,63575,180,3396
101037,3,2534141,179,7313
101038,3,51758,179,4399
101039,3,32102,177,8215
101040,3,60896,176,6934
101041,3,49673,176,2797
101042,3,35038,175,8318
101043,3,46180,175,6008
101044,3,49995,175,5075
101045,3,29196,174,6767
101046,4,51104,158,3295
101047,3,56089,173,7785
101048,3,31002,172,9022
101049,3,29826,170,9404
101050,3,49569,169,9487
101051,3,48384,169,4099
101052,3,87373,169,4425
101053,3,938022,168,22176
101054,3,32764,168,10192
101055,3,29000,168,10592
101056,3,161136,167,11212
101057,3,60478,167,6849
101058,3,62229,166,3743
101059,3,56166,166,4146
101060,3,19765,165,13166
101061,3,1451699,165,12392
101062,3,59746,165,8246
101063,3,52332,164,11351
101064,3,50639,164,9912
101065,3,40124,164,9478
101066,3,40499,164,7617
101067,3,25525,164,3105
101068,3,22489,163,10995
101069,3,1406902,163,11676
101070,3,42963,162,15198
101071,3,3800091,162,15047
101072,3,56429,162,7822
101073,3,47855,162,7542
101074,3,593752,160,10426
101075,3,23725,160,4803
101076,3,27777,160,1775
101077,3,39318,159,8232
101078,3,202162,158,14374
101079,3,708446,157,17307
101080,3,61898,157,8488
101081,3,62034,156,6778
101082,3,39212,156,3188
101083,3,50776,156,5134
101084,3,19732,156,6009
101085,3,25142,156,4072
101086,3,61331,154,7282
101087,3,40183,154,8289
101088,4,27885,141,2519
101089,3,59541,153,10319
101090,3,45947,152,6593
101091,3,49355,151,15708
101092,3,47914,151,15863
101093,3,53467,151,4946
101094,3,1237800,150,14816
101095,3,37675,150,8876
101096,3,1827067,149,11282
101097,3,46077,149,7925
101098,3,19568,149,5216
101099,3,54797,149,7135
101100,3,200349,148,10356
101101,3,46928,148,8380
101102,3,20602,148,8871
101103,6,30336,134,4019
101104,3,56546,146,10531
101105,3,25870,146,5183
101106,3,37080,145,8271
101107,3,34168,145,8075
101108,3,62019,145,6965
101109,3,56893,144,10482
101110,3,28150,144,6786
101111,3,46926,144,5591
101112,3,44582,144,1769
101113,3,60046,143,9813
101114,3,565643,143,10132
101115,3,24501,142,11975
101116,3,42824,142,9587
101117,3,32438,142,8343
101118,3,36227,142,7531
101119,3,35123,142,3752
101121,3,41748,140,8220
101122,3,63286,140,5267
101123,3,60030,139,10225
101124,3,26199,139,8279
101125,3,22707,139,7031
101126,3,26981,139,2824
101127,3,56349,138,10153
101128,3,56333,138,4664
101129,3,34699,137,15824
101130,3,29002,137,13058
101131,3,35793,137,8322
101132,3,60384,137,6071
101133,3,55056,136,10550
101134,3,28368,136,9099
101135,3,50084,136,3013
101136,3,58720,135,9475
101137,3,21648,134,5790
101138,3,60844,134,6277
101139,3,72077,134,4104
101140,3,22709,133,10400
101141,3,27422,133,7409
101142,3,26811,133,8283
101143,3,20181,132,8983
101144,3,17678,132,5971
101145,3,33826,132,5801
101146,3,45302,131,10592
101147,3,90216,130,8366
101148,3,932865,130,7735
101149,3,866915,129,11064
101150,4,32920,127,5155
101151,3,166278,128,7260
101152,3,20398,128,3070
101153,3,3082686,127,8397
101154,3,19409,127,5902
101155,3,21399,126,4123
101156,3,62185,125,6318
101157,3,30554,124,8670
101158,3,22397,124,6977
101159,3,36051,124,4809
101160,3,19763,124,4820
101161,3,37258,124,1442
101162,3,22621,123,10826
101163,3,63770,123,7808
101164,6,54911,120,8622
101165,3,19050,123,5168
101166,3,51787,123,1838
101167,3,52015,122,12254
101168,3,62035,122,6813
101169,3,25915,122,1514
101170,3,61009,121,3871
101171,3,53761,120,8115
101172,3,56950,120,5826
101173,3,24479,120,2074
101174,3,1709626,119,10008
101175,3,32453,118,6598
101176,3,21359,118,5259
101177,3,25836,117,8009
101178,3,24177,117,6056
101179,3,32666,116,3636
101180,5,37016,113,8661
101181,3,52138,114,8995
101182,3,43928,113,6667
101183,3,54977,111,13198
101184,3,26734,110,11186
101185,3,60928,110,8519
101186,3,33299,109,11623
101187,3,53002,108,15811
101188,3,25391,108,8494
101189,3,28192,107,10264
101190,3,55480,107,2047
101191,3,23016,106,14037
101192,3,19622,105,3979
101193,3,45462,104,14453
101194,3,36004,104,10624
101195,3,20703,103,12670
101196,3,57215,103,10544
101197,3,30014,102,8822
101198,3,53480,101,10274
101199,3,57380,100,16442
101200,3,21599,100,8878
101201,3,24333,100,9884
101202,3,157478,100,8592
101203,3,170123,100,7989
101204,3,25555,100,6279
101205,3,37425,100,6108
101206,3,57246,100,4984
101207,3,667211,99,12269
101208,3,57426,99,9963
101209,3,3869871,99,8458
101210,3,59895,99,8321
101211,3,53968,99,6629
101212,3,24152,99,4324
101213,3,1038366,98,9158
101214,3,910292,98,8514
101215,3,53145,97,11197
101216,3,57625,97,10050
101217,3,58439,97,4233
101218,3,60967,97,4146
101219,3,2647567,96,13255
101220,3,49321,96,9519
101221,3,675919,96,8083
101222,3,1046779,96,9349
101223,3,59807,95,8911
101224,4,55880,144,8781
101225,3,25649,95,7237
101226,3,715794,94,7440
101227,3,24723,94,2215
101228,3,1040967,93,8864
101229,3,53431,93,4455
101230,7,44392,102,1456
101231,3,29742,92,23227
101232,3,44530,91,16480
101233,3,58860,91,9839
101234,3,23904,91,10437
101235,3,160570,91,7206
101236,3,2709996,89,6265
101237,3,59742,89,1138
101238,3,49095,88,12381
101239,3,46342,88,7468
101240,3,51201,88,5946
101241,3,24117,87,13981
101242,5,45559,293,11544
101243,3,60144,87,6875
101244,3,155781,86,9383
101245,3,34160,86,1734
101246,3,34378,86,3302
101247,3,26498,86,1741
101248,3,58185,84,9648
101249,3,55439,84,10218
101250,3,46069,83,7276
101251,3,3442288,82,7378
101252,3,31035,82,3037
101253,3,15459,82,3766
101254,3,39745,81,7270
101255,3,48914,81,7491
101256,3,52816,81,3577
101257,3,25523,80,9271
101258,3,2160244,79,16623
101259,3,46341,79,10288
101260,3,56367,79,6686
101261,3,32300,79,4100
101262,3,3082150,78,11448
101263,3,21181,78,5429
101264,3,46809,78,5209
101265,3,37784,78,6305
101266,3,26648,78,2923
101267,3,49811,77,12416
101268,3,22040,77,8359
101269,3,15263,77,3056
101270,3,43426,77,1684
101271,3,23551,76,11966
101272,5,57542,164,10076
101273,3,35594,76,6337
101274,3,46767,75,8657
101275,3,44180,74,2276
101276,3,184531,73,8895
101277,3,57733,72,12867
101278,3,5060519,72,9229
101279,3,3098922,70,8570
101280,3,36256,70,3976
101281,3,51220,69,7335
101282,3,29814,68,1606
101283,3,12174,68,2260
101284,3,32944,68,4242
101285,3,32978,66,9676
101286,3,51074,66,5472
101287,3,22324,65,14589
101288,3,55276,65,8709
101289,3,20096,65,7377
101290,3,58639,64,9164
101291,3,53265,64,5646
101292,3,58780,64,7313
101293,3,38135,63,11022
101294,3,61252,63,8098
101295,3,48795,63,8663
101296,3,5060679,62,12640
101297,3,54522,62,3469
101298,3,38287,62,4691
101299,3,26127,60,9862
101300,3,1046159,60,8371
101301,3,45076,60,7732
101302,3,165700,60,6020
101303,3,48784,59,10838
101304,3,59719,59,8844
101305,3,54755,59,4557
101306,3,30616,58,10198
101307,3,49248,58,7471
101308,3,835095,58,8244
101309,3,46321,58,6611
101310,3,25508,58,4530
101311,3,57059,58,4790
101312,3,48082,57,744
101313,3,52381,55,3046
101314,3,36197,55,3659
101315,3,32320,54,12585
101316,3,29290,53,4114
101317,3,49280,52,12862
101318,3,52547,52,10689
101319,3,51626,52,8027
101320,3,42445,52,6772
101321,3,45634,52,4120
101322,3,54470,52,767
101323,3,19026,51,4370
101324,3,54095,51,3612
101325,3,681246,50,13199
101326,3,3097214,50,4841
101327,3,39750,49,10683
101328,3,44806,49,8761
101329,3,35347,49,6710
101330,3,20193,49,7707
101331,3,47997,49,4766
101332,3,19886,49,4394
101333,3,33840,47,7897
101334,3,53614,47,8227
101335,3,23955,47,5239
101336,3,43029,47,3244
101337,3,60763,46,6810
101338,3,45235,45,5405
101339,3,22695,45,5061
101340,3,45168,44,11162
101341,3,33195,44,9390
101342,4,59648,57,9596
101344,3,55863,43,7605
101345,3,467077,43,8665
101346,3,26474,43,9146
101347,3,20335,43,7973
101348,3,51696,43,6965
101349,3,41291,43,5865
101350,3,25198,42,4880
101351,3,28354,41,6140
101352,3,26854,39,8476
101353,3,43147,39,2738
101354,3,53527,38,3177
101355,3,21382,37,5300
101356,3,35435,37,5749
101357,3,45919,35,3589
101358,3,32787,35,1461
101359,3,32000,34,10384
101360,3,59370,30,7377
101361,3,55022,29,6832
101362,3,31472,29,3370
101363,3,27385,28,7963
101364,3,30242,27,6674
101365,3,18911,27,5939
101366,3,29250,27,6897
101367,3,18039,27,5189
101368,3,28630,27,79
101369,3,48473,26,7854
101370,3,48338,25,7195
101371,3,53719,23,6548
101372,3,36914,23,2124
101373,3,28079,20,7897
101374,3,25497,20,9168
101375,3,51422,19,2542
101376,3,27882,18,2850
101377,3,55092,17,10179
101378,3,32025,17,6216
101379,3,50063,16,386
101380,3,945506,15,14998
101381,3,20893,15,10203
101382,3,30905,15,2106
101383,3,44246,14,6745
101384,3,5060474,13,5624
101385,3,156329,12,8279
101386,3,48682,7,8522
101387,3,54816,6,2457
101388,2,2057338,1674,21391
101389,2,5061031,1580,19554
101390,2,533364,1486,21242
101391,2,21226,1462,18008
101392,2,170326,1350,18077
101393,2,2293041,1337,17172
101394,2,156567,1321,18792
101395,2,2304358,1282,20263
101396,2,2245223,1209,21691
101397,2,57789,1209,19695
101398,2,29596,1184,17090
101399,2,20033,1177,17664
101400,2,1224623,1165,22400
101401,2,43196,1160,20590
101402,2,917262,1156,22016
101403,2,32840,1129,18493
101404,2,157231,1083,21279
101405,2,53781,1080,16772
101406,2,1070553,1079,17329
101407,2,3854339,1074,22175
101408,2,49227,1067,20245
101409,2,39716,1048,18382
101410,2,3093325,1021,18624
101411,2,3787446,1014,17148
101412,2,3089956,991,19712
101413,2,2492466,988,17862
101414,2,754205,957,20836
101415,2,3867811,957,16972
101416,2,58484,931,14235
101417,2,1040745,899,16240
101418,2,50723,860,14551
101419,2,60697,858,19375
101420,2,43904,834,21784
101421,2,89908,828,19581
101422,2,655477,828,15331
101423,2,53805,806,14944
101424,2,151139,792,17113
101425,2,5060683,781,18700
101426,2,153433,776,17334
101427,2,53279,773,18226
101428,2,16901,767,19958
101429,2,1332938,767,18187
101430,2,640615,742,19543
101431,2,988743,727,17531
101432,2,5060572,721,15034
101433,2,22217,716,14545
101434,2,55458,699,20707
101435,2,34794,688,16080
101436,2,25026,684,15949
101437,2,61306,670,14545
101438,2,4077752,658,22882
101439,2,214704,651,15910
101440,2,3833796,647,19936
101441,2,503098,643,21883
101442,2,43086,643,14553
101443,2,36444,634,14678
101444,2,51804,619,17042
101445,2,90053,612,19977
101446,2,38092,595,19733
101447,2,5060805,595,19652
101448,2,51051,574,17253
101449,2,3087073,571,14399
101450,4,170199,367,15861
101451,2,3091332,552,17722
101452,2,22483,551,23492
101453,2,31958,547,15252
101454,2,1956986,544,17534
101455,2,61136,541,16123
101456,2,3851483,535,21152
101457,2,53948,533,11221
101458,2,59312,532,10881
101459,2,1551599,530,16984
101460,2,922226,525,12969
101461,2,33153,524,12179
101462,2,457109,521,12551
101463,2,64144,519,11647
101464,2,1071355,517,17140
101465,3,34025,650,11311
101466,2,3082680,511,19072
101467,2,51054,505,18146
101468,2,28871,503,14784
101469,2,2137095,501,19736
101470,2,34296,501,12937
101471,2,159415,499,16508
101472,2,1084862,498,14366
101473,2,2501948,497,21112
101474,2,18720,497,15299
101475,2,95537,489,18886
101476,3,3074831,462,16312
101477,2,57329,484,15010
101478,2,55988,475,11692
101479,2,1800850,472,9788
101480,2,52163,467,12088
101481,2,1700699,466,14710
101482,2,24683,465,17313
101483,2,35183,463,13226
101484,2,33046,462,15119
101485,2,52171,462,10987
101486,2,30717,454,20664
101487,2,1023585,454,16213
101488,2,58283,453,10984
101489,2,61059,450,11092
101490,2,2786056,448,16304
101491,2,405523,444,12538
101492,2,90218,442,12068
101493,2,47203,441,16160
101494,2,185081,433,11360
101495,2,5061013,431,18052
101496,2,54715,424,13596
101497,2,49561,423,11209
101498,2,38257,421,13292
101499,2,52305,416,9824
101500,2,2666062,414,11204
101501,2,43605,413,20961
101502,3,19698,297,10640
101503,2,32947,407,11053
101504,2,63547,406,11559
101505,2,165680,403,14306
101506,2,1661347,402,12690
101507,2,37205,400,15792
101508,2,59892,397,11455
101509,2,21897,394,11985
101510,2,35020,391,9849
101511,2,911338,390,15725
101512,2,17931,390,13162
101513,2,2801616,388,7459
101514,2,5061131,387,14650
101515,2,5060844,380,17988
101516,2,45227,380,15280
101517,2,56650,376,9942
101518,2,2533868,375,14022
101519,2,200445,375,10267
101520,2,27379,371,8710
101521,2,160691,369,18755
101522,2,56977,368,9672
101523,2,3082293,364,16374
101524,2,3803964,363,10899
101525,2,32367,363,7865
101526,2,88959,362,9650
101527,2,61786,359,13000
101528,2,52780,356,8037
101529,2,3088455,354,13747
101530,2,4683063,354,8886
101531,2,22253,353,14641
101532,2,153570,352,12172
101533,2,22498,351,14811
101534,2,614144,351,9467
101535,2,24208,348,14212
101536,2,52653,348,9012
101537,2,3166306,345,6495
101538,2,33058,344,12313
101539,2,18078,343,6499
101540,2,828245,342,16626
101541,2,36495,342,14462
101542,2,30609,342,9858
101543,2,4684607,339,16608
101544,2,53505,334,14849
101545,2,18802,334,7800
101546,2,61066,333,20134
101547,2,784794,332,19989
101548,2,4681574,332,12677
101549,2,894485,332,10510
101550,2,626413,331,15636
101551,2,22186,331,7319
101552,2,170206,330,15034
101553,2,56903,328,10079
101554,2,38462,328,8265
101555,2,22846,327,10416
101556,2,46326,325,8970
101557,2,57987,324,13549
101558,2,51703,322,8511
101559,2,28385,322,8942
101560,2,3081448,321,14604
101561,2,5060878,321,11926
101562,2,38227,321,8164
101563,2,57870,320,9260
101564,2,26729,320,10182
101565,2,54109,319,11558
101566,2,42125,319,9164
101567,2,3096554,319,8930
101568,2,55390,317,11634
101569,2,47676,317,8208
101570,2,52083,317,8953
101571,2,26950,316,7725
101572,2,88648,315,9551
101573,2,22603,313,12448
101574,2,180860,313,11846
101575,2,48394,310,7120
101576,2,27295,308,14753
101577,2,63300,308,11925
101578,2,797353,307,10318
101579,2,166890,307,7007
101580,2,31589,304,16966
101581,2,53947,304,9488
101582,2,185127,303,19240
101583,2,26773,303,5660
101584,3,58912,214,7897
101585,2,2375185,300,16616
101586,2,32608,299,17383
101587,2,30568,299,12239
101588,2,1391507,298,13942
101589,2,35636,297,10366
101590,2,38889,297,9109
101591,2,47982,296,22819
101592,2,5061281,296,14976
101593,2,2800989,296,9846
101594,2,1015250,296,8651
101595,2,61257,295,7721
101596,2,584832,293,13395
101597,2,31267,293,9498
101598,2,22008,293,9788
101599,2,46391,293,8849
101600,2,23100,293,7354
101601,2,51067,292,14527
101602,2,57392,291,12064
101603,2,38399,288,11754
101604,2,17036,288,8843
101605,2,4076841,288,7740
101606,2,51887,287,10177
101607,2,31509,286,10635
101608,2,23973,284,9957
101609,2,1420858,284,9840
101610,2,27664,282,17055
101611,2,61936,282,9657
101612,2,62641,281,15694
101613,2,54592,281,15657
101614,2,2365336,281,16099
101615,3,26159,201,15791
101616,2,5061228,280,10854
101617,2,49659,277,19704
101618,2,80320,277,17828
101619,2,56115,277,10828
101620,2,49304,277,7475
101621,2,141883,276,18925
101622,2,34043,276,12745
101623,2,87382,276,10954
101624,2,50706,276,3333
101625,2,1071482,275,21894
101626,2,45400,275,17627
101627,2,3090791,274,16290
101628,2,77076,274,11785
101629,2,44865,274,9603
101630,2,698372,272,13348
101631,2,25290,272,9596
101632,2,56200,272,11490
101633,2,22105,272,7349
101634,2,57506,272,5073
101635,2,3081556,271,17577
101636,2,26149,271,6649
101637,2,25395,270,11669
101638,2,445761,269,12599
101639,2,61913,268,6991
101640,2,25668,266,11215
101641,2,36568,264,11603
101642,2,18738,264,8634
101643,2,33012,264,6682
101644,2,61173,264,6899
101645,2,23537,264,7125
101646,2,28584,263,9294
101647,2,60700,262,12521
101648,2,55575,262,12216
101649,2,63856,262,7862
101650,2,34338,262,6098
101651,2,63684,262,7083
101652,2,53540,261,13553
101653,2,37899,261,10616
101654,2,54225,260,12269
101655,2,60986,258,9094
101656,2,63410,257,18948
101657,2,46765,257,11510
101658,3,31878,230,9744
101659,2,61990,257,4919
101660,2,22616,256,12174
101661,2,49374,255,17185
101662,2,49610,255,9279
101663,2,52340,255,5739
101664,2,41506,254,9069
101665,2,45020,253,17211
101666,2,2327882,253,15651
101667,2,30476,252,13806
101668,2,45185,252,5887
101669,2,56009,249,10875
101670,2,60713,248,6602
101671,2,55787,247,10812
101672,2,613769,247,11700
101673,2,3096989,247,7711
101674,2,43350,247,4878
101675,2,35166,246,5878
101676,2,37105,246,6654
101677,2,1810857,245,20902
101678,2,26107,245,17870
101679,2,29274,245,14400
101680,2,32639,245,13843
101681,2,53394,244,14194
101682,2,3082131,243,14455
101683,2,181313,243,12889
101684,2,33101,242,6844
101685,2,4076136,241,13721
101686,2,3869771,241,9475
101687,2,49769,241,8260
101688,2,60385,240,11905
101689,2,5060614,240,11224
101690,2,53846,239,14309
101691,2,695866,239,9630
101692,2,48564,239,8708
101693,2,38446,238,7848
101694,2,153933,237,11565
101695,2,33398,236,11738
101696,2,30288,235,16003
101697,2,43946,234,16914
101698,2,25413,234,17064
101699,2,39329,234,7005
101700,2,726489,234,8122
101701,2,25149,233,14253
101702,2,24707,233,14440
101703,2,5061126,233,12801
101704,2,54186,233,11624
101705,2,47593,233,9790
101706,2,919442,232,16989
101707,2,1484532,232,8344
101708,2,200689,231,10990
101709,2,28942,231,10868
101710,2,47438,231,4498
101711,2,54364,231,2320
101712,2,41473,231,4771
101713,2,50777,230,17496
101714,2,59280,230,8603
101715,2,28155,230,6873
101716,2,28698,229,12959
101717,2,37652,229,12396
101718,2,45216,228,11528
101719,2,35620,228,8453
101720,2,3094401,228,7150
101721,2,23440,228,4778
101722,2,19794,228,6501
101723,2,2145999,227,13918
101724,2,29475,227,8564
101725,2,3094236,226,14113
101726,2,3082677,226,8545
101727,2,45724,226,3383
101728,2,38276,225,16909
101729,2,3085537,225,11931
101730,2,58944,225,9893
101731,2,158679,224,12613
101732,2,51335,223,22757
101733,2,50502,223,12858
101734,2,602597,223,8199
101735,2,32940,222,7771
101736,2,29489,221,10502
101737,2,56155,221,9922
101738,2,4075209,220,20153
101739,2,20289,220,11686
101740,2,58001,220,10507
101741,2,87371,220,5801
101742,2,62707,219,11831
101743,2,21953,219,8480
101744,2,28786,218,13084
101745,2,51227,218,9459
101746,2,52599,218,3678
101747,2,20212,216,14127
101748,2,22791,216,9135
101749,2,728355,216,10590
101750,2,21893,216,7380
101751,2,57934,215,9568
101752,2,200358,215,8659
101753,2,24506,215,3370
101754,2,37502,214,10235
101755,2,57269,214,9189
101756,2,25021,214,9752
101757,2,5060502,213,9268
101758,2,19743,213,5164
101759,2,54123,212,8812
101760,2,2182197,211,17602
101761,2,152166,211,16171
101762,2,2230990,211,14536
101763,2,54410,211,13894
101764,2,49940,211,11757
101765,2,25070,211,12654
101766,2,1081430,211,9710
101767,2,27322,211,6387
101768,2,61838,211,4837
101769,2,28844,210,8261
101770,2,51786,209,17578
101771,2,2289464,209,10112
101772,2,35908,208,11810
101773,2,17364,208,9701
101774,2,19692,208,5333
101775,2,153907,207,17819
101776,2,35747,207,12727
101777,2,49968,207,11459
101778,2,24962,206,7899
101779,2,30471,206,8572
101780,2,1618599,205,17599
101781,2,52432,205,12697
101782,2,491068,204,14715
101783,2,2684350,204,8229
101784,2,23435,204,8880
101785,2,19199,204,7313
101786,2,1761060,203,15030
101787,2,26457,203,8764
101788,2,45012,202,21904
101789,2,48768,202,10413
101790,2,59699,202,9629
101791,2,17317,202,4407
101792,2,21273,202,3775
101793,2,4530391,201,8617
101794,2,165567,201,8989
101795,2,97069,200,9551
101796,2,1839346,199,20017
101797,2,31089,199,14310
101798,2,64024,199,6859
101799,2,52645,198,15803
101800,2,25017,198,15406
101801,2,28438,198,6465
101802,2,3753704,197,12566
101803,2,26425,197,8520
101804,2,166468,197,7253
101805,2,31344,196,11965
101806,2,26258,196,5506
101807,2,5060594,195,10311
101808,2,184124,195,7462
101809,2,19554,195,3708
101810,2,834579,194,16694
101811,2,30357,194,8339
101812,2,47383,194,7056
101813,2,1041086,194,8827
101814,2,39092,194,6848
101815,2,2453894,192,12364
101816,2,48160,192,9773
101817,2,47794,192,7138
101818,2,165356,192,3211
101819,2,30923,191,12917
101820,2,56722,191,10877
101821,2,2318377,191,11506
101822,2,35317,190,10260
101823,2,31667,189,21965
101824,2,53044,189,13577
101825,2,2759027,189,14128
101826,2,5060952,189,11076
101827,2,58206,189,9951
101828,2,53630,189,2243
101829,2,37663,188,10642
101830,2,33862,188,6586
101831,2,2412229,187,16452
101832,2,34755,187,9618
101833,2,4076780,187,11960
101834,2,549724,187,9756
101835,2,36761,187,7198
101836,2,31864,186,8044
101837,2,62176,186,5115
101838,2,49310,186,4843
101839,2,3097749,185,15867
101840,2,43915,185,11674
101841,2,1041865,185,10514
101842,2,59854,185,9989
101843,2,37615,185,5270
101844,2,676549,185,6395
101845,2,13121,185,1717
101846,2,1088994,184,19288
101847,2,59599,184,16390
101848,2,50391,184,12621
101849,2,61739,184,4243
101850,2,20450,184,4763
101851,2,21750,183,14325
101852,2,3442213,183,7956
101853,2,20063,183,6944
101854,2,160106,182,21190
101855,2,2392633,182,11621
101856,2,30840,182,9854
101857,2,44999,182,6354
101858,2,39698,182,4744
101859,2,56289,182,5153
101860,2,32030,182,4191
101861,2,58903,181,15076
101862,2,30463,181,3381
101863,2,57228,180,13609
101864,2,745796,180,13138
101865,2,63059,180,12059
101866,2,38354,180,5984
101867,2,46316,180,6947
101868,2,5060816,179,17578
101869,2,55157,179,12378
101870,2,3801499,178,14094
101871,2,33455,178,12590
101872,2,5061062,177,11268
101873,2,47923,177,9313
101874,2,21534,176,13455
101875,2,1023474,176,11189
101876,2,55788,175,16969
101877,2,1175364,175,13480
101878,2,48119,175,11408
101879,2,56460,175,9374
101880,2,58327,175,10269
101881,2,61849,175,4820
101882,2,48783,175,7591
101883,2,21767,174,9720
101884,2,1045182,173,13965
101885,2,2759561,173,8259
101886,2,37033,173,10301
101887,2,30166,173,5727
101888,2,2211136,172,19822
101889,2,37887,172,12043
101890,2,1117064,172,8737
101891,2,56687,172,8526
101892,2,44381,172,7743
101893,2,37429,171,6944
101894,2,40918,170,12697
101895,2,19916,170,10917
101896,2,57273,170,10489
101897,2,50432,170,10597
101898,2,22798,169,9727
101899,2,3097060,169,9545
101900,2,45756,169,7558
101901,2,3087072,169,7937
101902,2,58366,168,20041
101903,2,54143,168,11788
101904,2,52498,168,9646
101905,2,665864,167,8170
101906,2,44706,167,5499
101907,2,46828,166,4024
101908,2,26439,166,6213
101909,2,1048137,165,12912
101910,2,30001,165,9661
101911,2,18980,165,11320
101912,2,965264,164,17737
101913,2,1712704,164,9688
101914,2,22872,164,6492
101915,2,1230,163,11014
101916,2,57579,163,9826
101917,2,55993,163,4128
101918,2,54097,163,2198
101919,2,2807810,162,14346
101920,2,19683,162,5133
101921,2,32531,162,5816
101922,2,22881,162,5660
101923,2,19519,162,3468
101924,2,56355,161,12356
101925,2,54506,161,12501
101926,2,3082562,161,11246
101927,2,61456,161,6137
101928,2,25150,161,6069
101929,2,38430,161,7162
101930,2,42139,161,2155
101931,2,43633,159,7303
101932,2,53613,158,11680
101933,2,53497,158,7732
101934,2,61592,158,6931
101935,3,50331,141,2118
101936,2,26284,158,3146
101937,2,42198,157,7181
101938,2,29314,156,13988
101939,2,27525,156,13267
101940,2,50900,156,12046
101941,2,22708,156,10233
101942,2,38450,156,8134
101943,2,44419,156,5329
101944,2,54055,156,6486
101945,2,60758,156,3301
101946,2,44189,154,14785
101947,2,47564,154,6591
101948,2,38681,153,13791
101949,2,170108,153,8304
101950,2,53373,153,8849
101951,2,60875,153,7398
101952,2,53224,152,13513
101953,2,759785,151,13367
101954,2,43111,151,7713
101955,2,44747,151,4280
101956,2,25950,151,1105
101957,2,25146,151,2791
101958,2,58037,150,10938
101959,2,22759,150,10885
101960,2,3086049,150,9529
101961,2,39479,150,4203
101962,2,43157,150,4452
101963,2,45854,149,16163
101964,2,1137845,149,15134
101965,2,55513,149,10100
101966,2,2331037,149,10209
101967,2,56080,148,10772
101968,2,57665,148,7930
101969,2,57195,148,8185
101970,2,30854,148,6578
101971,2,32271,148,3461
101972,2,2816779,147,17572
101973,2,62917,147,10118
101974,2,34539,147,8253
101975,2,32123,147,7491
101976,2,680684,146,17069
101977,2,22609,146,9968
101978,2,59463,146,7639
101979,2,5061110,146,4361
101980,2,3798028,145,17886
101981,2,1233991,145,17078
101982,2,62646,145,11802
101983,2,56362,145,5858
101984,2,61607,145,3119
101985,2,54274,144,18713
101986,2,52882,144,13278
101987,2,26431,144,9047
101988,2,28359,144,8874
101989,2,19744,144,5868
101990,2,54637,144,4729
101991,2,29482,144,6644
101992,2,24817,144,3823
101993,2,55164,144,5572
101994,2,49378,143,16099
101995,2,60985,143,11835
101996,2,29692,143,11892
101997,2,154324,143,10037
101998,2,20020,143,8316
101999,2,3827236,143,7459
102000,2,37244,143,4066
102001,2,30689,142,13174
102002,2,23696,142,9604
102003,2,54349,142,4792
102004,2,26561,142,2076
102005,2,58157,142,7633
102006,2,723985,141,17649
102007,2,50075,141,10130
102008,2,32217,141,11037
102009,2,46737,141,5927
102010,2,38882,141,7562
102011,2,50677,141,5770
102012,2,52662,141,5092
102013,2,166039,141,5015
102014,2,1781518,140,17140
102015,2,37379,140,11893
102016,2,97175,140,7788
102017,2,21710,140,5284
102018,2,889929,139,17891
102019,2,63583,139,8305
102020,2,29338,139,7700
102021,2,42137,139,8013
102022,2,96524,139,6088
102023,2,46254,139,6173
102024,2,501366,139,6495
102025,2,59426,139,2909
102026,2,29436,138,16627
102027,2,47387,138,11347
102028,2,27637,138,10544
102029,2,170235,138,7508
102030,2,57766,137,9859
102031,2,59246,137,10488
102032,2,4076226,137,3702
102033,2,62967,136,15577
102034,2,55932,136,11470
102035,2,27179,136,10417
102036,2,154486,136,10080
102037,2,24513,136,9566
102038,2,36104,136,7227
102039,2,61070,136,8464
102040,2,28081,136,6344
102041,2,38423,136,2532
102042,2,48876,135,6139
102043,2,28964,135,4459
102044,2,51796,134,13579
102045,2,60499,134,12751
102046,2,20475,134,13394
102047,2,213451,134,10796
102048,2,47030,134,9709
102049,2,26398,134,5601
102050,2,24024,134,5112
102051,2,2801334,134,5862
102052,2,61713,134,2683
102053,2,2774884,133,16144
102054,2,32284,133,10845
102055,2,491986,133,10720
102056,2,953380,133,10866
102057,2,22447,133,4020
102058,2,38550,133,1958
102059,2,34571,132,10299
102060,2,32071,132,8039
102061,2,46849,132,9072
102062,2,21756,132,5912
102063,2,60185,131,14289
102064,2,23749,131,12155
102065,2,62602,131,12037
102066,2,854382,130,17515
102067,2,21944,130,8979
102068,2,59515,129,19709
102069,2,34744,129,18130
102070,2,52192,129,10944
102071,2,623230,129,7458
102072,2,31723,129,4620
102073,2,29527,129,3982
102074,2,29096,129,3385
102075,2,57943,128,10186
102076,2,58557,128,7854
102077,2,49185,127,13251
102078,2,42124,127,9287
102079,2,53567,127,7473
102080,2,37014,127,6486
102081,2,28677,127,7174
102082,2,33084,127,6146
102083,2,38168,127,2869
102084,2,49403,126,13282
102085,2,24334,126,11991
102086,2,52374,126,9482
102087,2,45006,125,5104
102088,2,3767403,124,10352
102089,2,30737,124,10772
102090,2,170192,124,7947
102091,2,36741,124,10472
102092,2,39458,124,7702
102093,2,38965,124,8200
102094,2,16160,124,6323
102095,2,47721,123,6273
102096,2,774355,122,16655
102097,2,34374,122,10285
102098,2,53692,122,10014
102099,2,26193,122,9031
102100,2,45430,122,9548
102101,2,47694,122,6972
102102,2,62205,122,6606
102103,2,2695052,122,4243
102104,2,30345,121,12354
102105,2,42329,121,7821
102106,2,170263,121,7022
102107,2,32495,121,3456
102108,2,58665,120,16116
102109,2,4585430,120,10200
102110,2,37324,120,7135
102111,2,52566,119,16950
102112,2,58964,119,11091
102113,2,36026,119,7066
102114,2,59928,119,8756
102115,2,28533,119,4386
102116,2,20972,118,12628
102117,2,35112,118,6986
102118,2,48354,118,5939
102119,2,28318,117,16293
102120,2,24108,117,11719
102121,2,51497,117,11933
102122,2,24257,117,11066
102123,2,21659,117,5771
102124,2,2033334,116,15063
102125,2,154295,116,10583
102126,2,3073577,116,6327
102127,2,20508,116,7383
102128,2,45972,116,6804
102129,2,56134,116,7669
102130,2,56759,115,13399
102131,2,57491,115,9820
102132,2,160367,115,8046
102133,2,6177,115,8257
102134,2,55540,115,7577
102135,2,27978,115,1490
102136,2,21033,115,2126
102137,2,5061173,115,5234
102138,3,3959551,139,5586
102139,2,37907,114,5282
102140,2,50688,113,13052
102141,2,30888,113,9593
102142,2,38102,113,4797
102143,2,572441,113,5920
102144,2,57745,112,10402
102145,2,59762,112,11240
102146,2,29342,112,10666
102147,2,31733,112,9664
102148,2,25429,112,10556
102149,2,160625,112,10211
102150,2,62059,112,5319
102151,2,63367,111,9628
102152,2,30144,111,10474
102153,2,45528,111,8920
102154,2,3081847,111,10809
102155,2,32365,111,10090
102156,2,52094,111,4561
102157,2,47549,111,2640
102158,2,30518,110,10762
102159,2,33371,110,1760
102160,2,2437793,109,20737
102161,2,1412540,109,15390
102162,2,36052,109,12228
102163,2,2416911,109,9498
102164,2,62426,109,4174
102165,2,32304,109,7045
102166,2,160103,108,13804
102167,2,45763,108,14341
102168,2,24622,108,9446
102169,2,57741,108,9685
102170,2,28027,108,2808
102171,2,19783,108,4657
102172,2,45606,108,3468
102173,2,63667,108,3235
102174,2,53448,108,5006
102175,2,53313,107,15179
102176,2,31916,107,11003
102177,2,39169,107,10100
102178,2,31895,107,6591
102179,2,5060685,106,9523
102180,2,60138,106,8548
102181,2,48593,106,3185
102182,2,872386,106,8712
102183,2,21758,106,6764
102184,2,26293,106,4990
102185,2,17561,106,4206
102186,2,1052780,105,23318
102187,2,160856,105,12014
102188,2,23584,105,10543
102189,2,31915,105,8675
102190,2,56716,105,4526
102191,2,34754,104,14852
102192,2,34074,104,14755
102193,2,5060495,104,11563
102194,2,46883,104,8948
102195,2,3093922,104,5144
102196,2,58470,104,2509
102197,2,53391,104,3093
102198,2,3325937,103,14339
102199,2,48721,103,10751
102200,2,21668,103,8456
102201,3,47124,73,7481
102202,2,24654,103,7531
102203,2,4075981,103,7153
102204,2,1029331,103,5219
102205,2,1539497,102,22470
102206,2,38038,102,8757
102207,2,21005,102,7704
102208,2,44340,102,3638
102209,2,33390,102,1391
102210,2,63003,101,9026
102211,2,25339,101,9486
102212,2,184386,100,17356
102213,2,20152,100,12603
102214,2,59727,100,8995
102215,2,573878,100,9915
102216,2,160702,100,8270
102217,2,34946,100,6687
102218,2,32626,100,5298
102219,2,36767,100,3398
102220,2,60911,100,3225
102221,2,30210,0,14370
102222,2,955811,0,12886
102223,2,3081576,0,10639
102224,2,5060637,0,9948
102225,2,25092,0,8904
102226,2,49978,0,7907
102227,2,20150,0,7673
102228,2,87355,0,7097
102229,2,27921,0,6983
102230,2,19943,0,5201
102231,2,21914,0,6103
102232,2,1966275,99,14038
102233,2,32342,99,12963
102234,2,21723,99,9797
102235,2,37396,99,7498
102236,2,778236,99,9359
102237,2,38070,99,7348
102238,2,22578,99,1807
102239,2,34670,98,12731
102240,2,161039,98,9088
102241,2,53530,98,8184
102242,2,26726,98,8268
102243,2,48074,98,7279
102244,2,57855,98,7343
102245,2,1017233,98,7171
102246,2,62156,98,5676
102247,2,166337,97,10624
102248,2,38490,97,8339
102249,2,62268,97,5468
102250,2,170159,97,4239
102251,2,35293,96,16902
102252,2,794544,96,14707
102253,2,61934,96,14638
102254,2,674379,96,12211
102255,2,30489,96,7429
102256,2,151075,95,16750
102257,2,2206078,95,13783
102258,2,30200,95,12910
102259,2,43499,95,8059
102260,2,54043,95,11094
102261,2,21859,95,11023
102262,2,45040,95,11724
102263,2,24881,95,9156
102264,2,60310,95,7980
102265,2,38761,95,8012
102266,2,3086783,95,9590
102267,2,41941,95,7412
102268,2,84678,95,4993
102269,2,32707,95,4491
102270,2,26341,95,839
102271,2,2039305,94,23109
102272,2,2183742,94,19718
102273,2,31072,94,13898
102274,2,2346210,94,12249
102275,2,52763,94,10896
102276,2,50755,94,9471
102277,2,3771540,94,9657
102278,2,53549,94,3161
102279,2,37386,94,3433
102280,2,30360,93,12708
102281,2,40154,93,12487
102282,2,88943,93,12027
102283,2,921099,93,11519
102284,2,56793,93,9668
102285,2,49707,93,5505
102286,2,51763,93,3239
102287,2,48930,92,5874
102288,2,69455,92,3997
102289,2,22957,92,4408
102290,2,38330,92,2161
102291,2,46473,92,2639
102292,2,156990,91,15553
102293,2,47618,91,15861
102294,2,57296,91,12880
102295,2,49657,91,9092
102296,2,2651896,91,7545
102297,2,62123,91,3400
102298,2,42595,91,1404
102299,2,5061149,90,11298
102300,2,3082044,90,11496
102301,2,44684,90,9103
102302,2,29316,90,6803
102303,2,60388,90,4261
102304,2,52365,90,1800
102305,2,57905,89,9063
102306,2,54654,89,5685
102307,2,49432,88,19076
102308,2,66550,88,17224
102309,2,55004,88,14137
102310,2,19226,88,10744
102311,2,90155,88,10443
102312,2,57667,88,9941
102313,2,24658,88,8974
102314,2,62155,88,7962
102315,2,62452,88,7551
102316,2,37855,88,8254
102317,3,48393,81,6274
102318,2,5760,88,5345
102319,2,20191,88,4626
102320,2,51061,88,3101
102321,2,2319749,87,15453
102322,2,41040,87,10415
102323,2,184872,87,11339
102324,2,45946,87,9179
102325,2,34724,87,8091
102326,2,55113,87,6961
102327,2,28611,87,7798
102328,2,29743,87,2901
102329,2,62931,86,13008
102330,2,56755,86,13312
102331,2,50585,86,12411
102332,2,90161,86,8579
102333,2,53124,86,7185
102334,2,36241,86,7242
102335,2,89980,86,4655
102336,2,50495,86,5546
102337,2,57331,86,4458
102338,2,2726819,86,2852
102339,2,35654,85,16673
102340,2,165664,85,16945
102341,2,3758178,85,16565
102342,2,47780,85,9200
102343,2,29402,85,6586
102344,2,54110,85,3294
102345,2,61417,84,15763
102346,2,56812,84,9605
102347,2,35075,84,9179
102348,2,20265,84,5448
102349,2,57110,84,4515
102350,2,19436,84,5262
102351,2,1342765,83,11140
102352,2,3093746,83,11678
102353,2,2349177,83,9186
102354,2,27799,83,6145
102355,2,47603,83,2986
102356,2,32950,82,11147
102357,2,200575,82,9297
102358,2,51161,82,8851
102359,2,3093953,82,10671
102360,2,56573,82,9638
102361,2,36266,82,1797
102362,2,34721,81,16924
102363,2,182841,81,12344
102364,2,40543,81,9458
102365,2,31022,81,9662
102366,2,48590,81,9209
102367,2,50343,81,9287
102368,3,51838,58,8040
102369,2,170325,81,8149
102370,2,46194,81,4745
102371,2,55648,81,3637
102372,2,3807948,80,10733
102373,2,60635,80,9527
102374,2,51727,80,10362
102375,2,27996,80,6435
102376,2,1393603,79,16517
102377,2,89892,79,13589
102378,2,30388,79,12455
102379,2,44032,79,10714
102380,2,56329,79,11249
102381,2,34280,79,10910
102382,2,35539,79,2071
102383,2,48247,79,4936
102384,2,19416,79,5244
102385,2,2801322,79,4394
102386,2,4077352,78,16976
102387,2,22037,78,14251
102388,2,51394,78,13829
102389,2,139184,78,11855
102390,2,32063,78,8181
102391,2,52986,78,9728
102392,2,31539,78,7729
102393,2,21870,78,8560
102394,2,26619,78,8746
102395,2,96486,78,7539
102396,2,61626,78,6084
102397,2,18992,78,5970
102398,2,23941,78,4995
102399,2,21940,78,4538
102400,2,25227,78,3678
102401,2,26679,77,14616
102402,2,32315,77,11474
102403,2,55332,77,10531
102404,2,28240,77,8011
102405,2,25574,77,8539
102406,2,13759,77,2423
102407,2,593334,77,7389
102408,2,3707295,77,5185
102409,2,59214,76,10407
102410,2,16925,76,9716
102411,2,723270,76,11458
102412,2,51448,76,8857
102413,2,1771897,76,11014
102414,2,58141,76,5028
102415,2,5061128,76,4066
102416,2,60207,76,5125
102417,2,5060819,75,15891
102418,2,52004,75,11249
102419,2,66154,75,7173
102420,2,26034,75,2832
102421,2,39287,74,15472
102422,2,59162,74,11287
102423,2,57607,74,9814
102424,2,47373,74,7890
102425,2,27282,74,7096
102426,2,30136,74,9606
102427,2,24685,74,5072
102428,2,55442,74,7234
102429,2,32216,74,2872
102430,2,29461,74,4861
102431,2,2570156,73,15733
102432,3,35019,79,10608
102433,2,59323,73,9920
102434,2,3775100,73,8844
102435,2,29473,73,8046
102436,2,62781,73,3828
102437,2,38713,73,7072
102438,2,27795,73,3095
102439,2,48120,72,12527
102440,2,30225,72,10167
102441,2,30119,72,9167
102442,2,37780,72,7949
102443,2,38240,72,6391
102444,2,970086,72,8520
102445,2,30824,72,7398
102446,2,52411,72,3720
102447,2,3098993,71,11052
102448,2,58749,71,9544
102449,2,36581,71,6144
102450,2,38218,71,7601
102451,2,44352,71,8850
102452,2,42283,71,7398
102453,2,53067,71,5018
102454,2,63311,71,3671
102455,2,34232,71,2380
102456,2,672546,70,14811
102457,2,21045,70,10304
102458,2,61900,70,5303
102459,2,26834,70,5237
102460,2,30285,70,4984
102461,2,22766,69,13085
102462,2,37130,69,12091
102463,2,58517,69,8931
102464,2,27048,69,2437
102465,2,40894,69,3330
102466,2,49412,69,2995
102467,2,29683,69,5523
102468,2,63207,69,3914
102469,2,2442024,68,10729
102470,2,23805,68,7084
102471,2,23371,68,7545
102472,2,23316,68,9540
102473,2,21789,68,8622
102474,2,59057,68,7088
102475,2,19390,68,6524
102476,2,35933,68,7527
102477,2,25423,68,4555
102478,2,52214,67,17591
102479,2,63308,67,8107
102480,2,2801469,67,9644
102481,2,25955,67,2251
102482,2,88666,67,3557
102483,2,1015545,66,22059
102484,2,2773939,66,21352
102485,2,56338,66,14461
102486,2,184604,66,12907
102487,2,49083,66,10653
102488,2,45873,66,9908
102489,2,30417,66,9997
102490,2,40538,66,10595
102491,2,88820,66,8323
102492,2,49364,65,7772
102493,2,200431,65,8214
102494,2,29944,65,7919
102495,2,4667154,65,9023
102496,2,27004,65,2350
102497,2,45639,64,14644
102498,2,24849,64,12917
102499,2,49671,64,11324
102500,2,53894,64,9303
102501,2,62928,64,9034
102502,2,35126,64,8164
102503,2,32013,64,7942
102504,2,36678,64,3517
102505,2,60785,64,5309
102506,2,22459,64,4806
102507,2,46878,64,2972
102508,2,99522,63,11603
102509,2,41043,63,3186
102510,2,5060493,62,12147
102511,2,62089,62,8367
102512,2,27524,62,10616
102513,2,56008,62,7667
102514,2,40192,62,7547
102515,2,2797119,62,7951
102516,2,26782,62,7913
102517,2,96563,62,7774
102518,2,28796,62,5746
102519,2,59460,62,8638
102520,2,20516,62,4470
102521,2,20595,62,5930
102522,2,923573,62,7391
102523,2,52707,62,4421
102524,2,19771,62,5711
102525,2,48129,62,3923
102526,2,26289,62,4562
102527,3,31198,51,1829
102528,2,41792,61,14617
102529,2,53967,61,9094
102530,2,61524,61,8818
102531,3,31845,144,7457
102532,2,27358,61,6987
102533,2,19869,61,5257
102534,2,61866,61,6755
102535,2,37741,60,16981
102536,2,889857,60,11925
102537,2,25533,60,7465
102538,2,27107,60,7372
102539,2,200410,60,8558
102540,2,166252,60,7652
102541,2,831275,60,5998
102542,2,38555,60,2387
102543,2,2801565,60,4100
102544,2,59655,60,3003
102545,2,31900,59,15588
102546,2,1011953,59,13073
102547,2,59186,59,7469
102548,2,24841,59,9542
102549,2,59717,59,8283
102550,2,29548,59,9038
102551,2,3807068,59,8383
102552,2,90256,59,6426
102553,2,2704330,59,8873
102554,2,54584,59,7415
102555,2,20178,59,5977
102556,2,3092648,59,6988
102557,2,21554,59,6699
102558,2,54444,59,6922
102559,2,1056068,58,12182
102560,2,5061258,58,10724
102561,2,24965,58,9141
102562,2,32465,58,8110
102563,2,45945,58,7808
102564,2,23820,58,8021
102565,2,32959,58,7213
102566,2,938087,57,11839
102567,2,518498,57,10857
102568,2,2591918,57,9269
102569,2,32556,57,6788
102570,2,24288,57,5816
102571,2,25085,57,4368
102572,2,27635,57,2354
102573,2,64026,57,3725
102574,2,20559,57,4098
102575,2,51340,57,2409
102576,2,50189,56,9102
102577,2,27069,56,9666
102578,2,24699,56,2312
102579,2,3087865,55,16000
102580,2,3087166,55,14303
102581,2,54945,55,12211
102582,2,24221,55,12720
102583,2,31823,55,10723
102584,2,21035,55,8135
102585,2,45562,55,1665
102586,2,44688,55,5265
102587,2,23411,55,4690
102588,2,2775382,54,15532
102589,2,61944,54,5687
102590,2,25244,54,8173
102591,2,34278,54,6791
102592,2,24940,54,7528
102593,2,34004,54,6772
102594,2,59090,54,5354
102595,2,37170,54,4120
102596,2,23608,54,2356
102597,2,455522,53,12786
102598,2,3832050,53,12476
102599,2,26873,53,8038
102600,2,17776,53,4460
102601,2,51105,53,4722
102602,2,44236,53,4259
102603,2,584685,52,16982
102604,2,62531,52,12082
102605,2,30712,52,10720
102606,2,30011,52,10124
102607,2,160373,52,11166
102608,2,59730,52,9386
102609,2,1060637,52,10724
102610,2,21704,52,8815
102611,2,55002,52,7799
102612,2,28674,52,9529
102613,2,40504,52,5629
102614,2,643567,52,8229
102615,2,1363981,52,8725
102616,2,34477,52,8388
102617,2,93095,52,8030
102618,2,33385,52,1524
102619,2,28302,52,3114
102620,2,50292,51,16828
102621,2,22884,51,15794
102622,2,37109,51,9177
102623,2,60910,51,6422
102624,2,48846,51,6893
102625,2,21128,51,4728
102626,2,26768,51,2758
102627,2,62634,50,15785
102628,2,56519,50,14326
102629,2,56731,50,9982
102630,2,43017,50,7925
102631,2,63063,50,7952
102632,2,49626,50,6553
102633,2,63282,50,4703
102634,2,20968,49,18376
102635,2,83641,49,18853
102636,2,55155,49,13141
102637,2,60738,49,8283
102638,2,43288,49,8573
102639,2,55072,49,4624
102640,2,51349,49,4243
102641,2,19535,49,6405
102642,2,23393,49,4205
102643,2,57954,49,5065
102644,2,61165,49,2848
102645,2,49293,48,19787
102646,2,2808931,48,17162
102647,2,21333,48,10676
102648,2,56664,48,9535
102649,2,46498,48,7358
102650,2,53430,48,7302
102651,2,52391,48,3240
102652,2,18152,48,5406
102653,2,60393,48,1233
102654,2,56501,47,13316
102655,2,2445735,47,11548
102656,2,58228,47,9252
102657,2,1021213,47,7381
102658,2,19184,47,7524
102659,2,30857,47,4659
102660,2,19984,47,7550
102661,2,36038,47,8672
102662,2,38529,47,5720
102663,2,33599,47,6670
102664,2,54428,47,2651
102665,2,50031,47,2201
102666,2,915136,46,18302
102667,2,25238,46,9379
102668,2,28700,46,7995
102669,2,43143,46,7192
102670,2,38018,46,6638
102671,2,61991,46,6121
102672,2,28357,46,1781
102673,2,31869,45,20776
102674,2,42043,45,12350
102675,2,25190,45,11720
102676,2,30095,45,9585
102677,2,27012,45,9565
102678,2,54795,45,6165
102679,2,61210,45,6448
102680,2,42573,45,5100
102681,2,52507,45,2091
102682,2,48042,44,12366
102683,2,45623,44,12335
102684,2,58765,44,9209
102685,2,25499,44,8460
102686,2,48011,44,4431
102687,2,2793195,43,10822
102688,2,38363,43,6617
102689,2,769805,43,7885
102690,2,41556,42,12268
102691,2,3077105,42,10597
102692,2,49370,42,8302
102693,2,24943,42,9302
102694,2,890715,42,8678
102695,2,19320,42,7304
102696,2,52678,42,4390
102697,2,201132,42,7922
102698,2,51735,42,5537
102699,2,54520,42,4477
102700,2,31088,42,3814
102701,2,26514,42,3696
102702,2,39493,42,6003
102703,2,2710910,42,4139
102704,2,166684,42,3008
102705,2,42637,42,900
102706,2,31674,41,13433
102707,2,54731,41,11594
102708,2,31263,41,11484
102709,2,643903,41,12030
102710,2,25892,41,9109
102711,2,55394,41,5801
102712,2,20930,40,15778
102713,2,170232,40,14876
102714,2,52228,40,15276
102716,2,3895415,40,11900
102717,2,33367,40,7383
102718,2,38929,40,8590
102719,2,2527337,40,7381
102720,2,22650,40,7297
102721,2,946263,40,7822
102722,2,47540,40,6864
102723,2,29947,40,1368
102724,2,817007,39,21378
102725,2,23482,39,13928
102726,2,49193,39,10814
102727,2,52056,39,10547
102728,2,36602,39,10776
102729,2,50826,39,9666
102730,2,33667,39,4086
102731,2,1046916,39,7528
102732,2,56041,39,4754
102733,2,28424,39,1795
102734,2,19936,38,8444
102735,2,52812,38,10544
102736,2,36902,38,6804
102737,2,29265,38,994
102738,2,32709,38,6721
102739,2,37405,38,3320
102740,2,26232,38,1919
102741,2,46934,38,1452
102742,2,39422,38,523
102743,2,1263400,37,16430
102744,2,31917,37,13881
102745,2,4683707,37,15380
102746,2,56587,37,13257
102747,2,26036,37,11603
102748,2,34511,37,8621
102749,2,50197,37,9581
102750,2,50378,37,7194
102751,2,48627,37,8289
102752,2,39214,37,7128
102753,2,21802,37,5111
102754,2,31962,37,4813
102755,2,49881,37,3172
102756,2,200322,36,14959
102757,2,60793,36,12754
102758,2,43492,36,8232
102759,2,47535,36,7145
102760,2,20313,36,6451
102761,2,53682,35,19929
102762,2,5060491,35,10772
102763,2,1117436,35,12617
102764,2,55745,35,11366
102765,2,47206,35,12140
102766,2,55918,35,9859
102767,2,52199,35,9100
102768,2,46575,35,8351
102769,2,2605073,35,9521
102770,2,45146,35,3574
102771,2,48102,35,6923
102772,2,166242,35,7867
102773,2,34747,35,7792
102774,2,55842,35,4560
102775,2,15157,35,7507
102776,2,34593,35,5915
102777,2,29046,35,2101
102778,2,26864,35,3970
102779,2,5060445,34,19235
102780,2,140890,34,12111
102781,2,23543,34,11084
102782,2,183803,34,8969
102783,2,46722,34,7232
102784,2,38603,34,7153
102785,2,1061907,34,7024
102786,2,31965,34,7457
102787,2,50701,34,3234
102788,2,63880,34,2661
102789,2,31497,34,1625
102790,2,29251,33,12142
102791,2,158390,33,11272
102792,2,2059162,33,10987
102793,2,54672,33,7605
102794,2,35417,33,3351
102795,2,2004919,33,7592
102796,2,21774,33,4222
102797,2,955365,33,5791
102798,2,42504,33,3602
102799,2,25454,33,3425
102800,2,28272,33,2243
102801,2,1241517,32,15105
102802,2,56897,32,15223
102803,2,53777,32,11248
102804,2,153228,32,10500
102805,2,24669,32,6673
102806,2,51736,32,5498
102807,2,52476,32,3406
102808,2,1655413,31,21829
102809,2,549241,31,13860
102810,2,58529,31,13814
102811,2,55220,31,11786
102812,2,22247,31,11827
102813,2,53612,31,7166
102814,2,39163,31,6893
102815,2,46440,31,6901
102816,2,31393,31,8185
102817,2,40701,30,14296
102818,2,181134,30,13583
102819,2,4075754,30,10303
102820,2,636404,30,9459
102821,2,19676,30,10009
102822,2,50658,30,8253
102823,2,200405,30,7113
102824,2,23069,30,5685
102825,2,61297,30,5452
102826,2,54197,30,5651
102827,2,434459,30,4942
102828,2,58834,30,5368
102829,2,36830,30,4743
102830,2,29892,30,1443
102831,2,55102,29,15389
102832,2,20641,29,14149
102833,2,1575387,29,13109
102834,2,49746,29,12452
102835,2,3868080,29,8346
102836,2,35241,29,7634
102837,2,22980,29,4969
102838,2,46507,29,5785
102839,2,51445,29,2963
102840,2,27309,29,3176
102841,2,60250,28,18023
102842,2,21297,28,15857
102843,2,49020,28,11974
102844,2,57129,28,9677
102845,2,49085,28,9253
102846,2,33577,28,9970
102847,2,27643,28,8093
102848,2,160876,28,8240
102849,2,2615390,27,15020
102850,2,43992,27,11599
102851,2,57069,27,12206
102852,2,52369,27,9461
102853,2,57640,27,9395
102854,2,18165,27,7761
102855,4,62864,26,7513
102856,2,53403,27,6561
102857,2,20087,27,5277
102858,2,52839,27,2830
102859,2,55747,26,15975
102860,2,60180,26,9347
102861,2,32742,26,8770
102862,2,53404,26,8084
102863,2,52543,26,8480
102864,2,60955,26,6601
102865,2,170160,26,7140
102866,2,36584,26,5418
102867,2,61655,26,2973
102868,2,27510,26,4707
102869,2,571808,25,10654
102870,2,3094353,25,11563
102871,2,45549,25,7523
102872,2,59769,25,6850
102873,2,47562,25,8112
102874,2,33578,25,6923
102875,2,28680,25,4065
102876,2,58993,25,6474
102877,2,30880,25,4512
102878,2,22031,25,3510
102879,2,14286,25,2417
102880,2,33166,25,1001
102881,2,60665,24,13797
102882,2,23238,24,8847
102883,2,1377441,24,10434
102884,2,49536,24,6892
102885,2,1123698,23,22801
102886,2,37635,23,7006
102887,2,39781,23,9761
102888,2,62678,23,8128
102889,2,910896,23,7627
102890,2,61129,23,4747
102891,2,39261,23,8094
102892,2,50266,23,4356
102893,2,50652,23,6943
102894,2,55798,23,7222
102895,2,51814,23,3764
102896,2,182985,23,5774
102897,2,25018,23,4425
102898,2,54809,23,2108
102899,2,22841,22,16646
102900,2,43737,22,12572
102901,2,34879,22,11146
102902,2,18261,22,9675
102903,2,45106,22,7343
102904,2,28033,22,6450
102905,2,39156,22,8366
102906,2,40561,22,8017
102907,2,159692,22,7183
102908,2,21792,21,13028
102909,2,35732,21,9482
102910,2,42231,21,8889
102911,2,60850,21,8601
102912,2,50139,21,8506
102913,2,41911,21,7238
102914,2,32561,21,8004
102915,2,27332,21,4992
102916,2,13949,21,4264
102917,2,50915,21,5640
102918,2,60852,20,11947
102919,2,1241239,20,9259
102920,2,54639,20,8851
102921,2,60070,20,7326
102922,2,16897,20,6157
102923,2,48807,20,8323
102924,2,60829,20,6794
102925,2,31191,20,5526
102926,2,32638,20,6946
102927,2,29715,20,5125
102928,2,23123,20,4573
102929,2,2772950,19,14153
102930,2,34085,19,13582
102931,2,49999,19,10646
102932,2,22412,19,9169
102933,2,650238,19,8997
102934,2,40984,19,7313
102935,2,59662,19,3408
102936,2,24234,18,16214
102937,2,58761,18,15828
102938,2,1004341,18,13411
102939,2,731293,18,11647
102940,2,30829,18,10285
102941,2,29698,18,8785
102942,2,23898,18,9713
102943,2,37398,18,6172
102944,2,51612,18,8112
102945,2,29708,18,6706
102946,2,90320,18,4537
102947,2,57768,18,4483
102948,2,2788350,17,15214
102949,2,3828595,17,14071
102950,2,39569,17,12061
102951,2,59569,17,9339
102952,2,56025,17,9278
102953,2,53428,17,9012
102954,2,22802,17,8226
102955,2,52235,17,5668
102956,2,47394,17,1800
102957,2,31479,16,14426
102958,2,154527,16,13245
102959,2,49531,16,11616
102960,2,33730,16,10266
102961,2,63517,16,9569
102962,2,57241,16,8477
102963,2,32873,16,7899
102964,2,45478,16,7601
102965,2,5060673,16,7613
102966,2,54877,16,5434
102967,2,52734,16,4707
102968,2,23021,16,5600
102969,2,56388,16,4006
102970,2,44025,16,2656
102971,3,50968,84,3357
102972,2,45437,16,2540
102973,2,35855,15,11580
102974,2,55959,15,9972
102975,2,21380,15,9091
102976,2,48747,15,9333
102977,2,50906,15,7410
102978,2,21736,15,6148
102979,2,26151,15,2430
102980,2,29224,15,5176
102981,2,36158,15,2999
102982,2,32554,15,5046
102983,2,57404,14,19995
102984,2,3896203,14,17578
102985,2,158040,14,15127
102986,2,46368,14,14680
102987,2,58036,14,9483
102988,2,3097205,14,8605
102989,2,63298,14,9125
102990,2,59490,14,9509
102991,2,49140,14,7732
102992,2,31689,14,6075
102993,2,65751,14,5793
102994,2,53240,14,3909
102995,2,42391,14,5722
102996,2,62702,14,4086
102997,2,56137,14,4708
102998,2,52635,14,5541
102999,2,28066,14,4604
103000,2,53654,14,3057
103001,2,55658,14,3612
103002,2,37285,14,1942
103003,2,954523,13,21100
103004,2,22097,13,12804
103005,2,38887,13,9706
103006,2,30638,13,12266
103007,2,60474,13,12559
103008,2,58240,13,9891
103009,2,55267,13,10142
103010,2,49668,13,7460
103011,2,23362,13,3844
103012,2,34010,13,4686
103013,2,62500,13,3616
103014,2,36535,13,3673
103015,2,2817007,12,12522
103016,2,41986,12,10747
103017,2,50171,12,8944
103018,2,26699,12,8625
103019,2,37758,12,10348
103020,2,20410,12,8129
103021,2,27065,12,8497
103022,2,45748,12,6900
103023,2,17332,12,4834
103024,2,29423,11,14206
103025,2,139064,11,14244
103026,2,1364065,11,10486
103027,2,31433,11,8482
103028,2,61374,11,6301
103029,2,25683,11,9219
103030,2,46884,11,7371
103031,2,50396,11,6855
103032,2,39077,11,5798
103033,2,56889,11,7608
103034,2,30183,11,8157
103035,2,46351,11,3529
103036,2,50121,11,5230
103037,2,3082584,11,7570
103038,2,2800955,11,7467
103039,2,44167,11,5338
103040,2,22565,11,5490
103041,2,3738565,11,5550
103042,2,25943,11,2826
103043,2,62806,11,2290
103044,2,46896,11,1725
103045,2,28296,11,1771
103046,2,22561,11,1686
103047,2,50690,10,10967
103048,2,33680,10,9307
103049,2,57633,10,9967
103050,2,1067307,10,11620
103051,2,25879,10,8990
103052,2,41745,10,9332
103053,2,54001,10,4981
103054,2,49246,10,7686
103055,2,59690,10,6863
103056,2,52916,10,4448
103057,2,37993,10,7349
103058,2,21336,10,4906
103059,2,55459,10,3447
103060,2,35625,10,7258
103061,2,27982,10,2701
103062,2,28882,10,3038
103063,2,50790,9,16471
103064,2,2373130,9,12266
103065,2,3077175,9,10953
103066,2,3097035,9,11229
103067,2,22554,9,9767
103068,2,57807,9,9217
103069,2,34620,9,10360
103070,2,23512,9,8759
103071,2,52061,9,9749
103072,2,157852,9,6501
103073,2,50676,9,1806
103074,2,32759,8,16724
103075,2,47220,8,10783
103076,2,71497,8,11346
103077,2,26302,8,7937
103078,2,97205,8,10660
103079,2,50991,8,8003
103080,2,5060615,8,9104
103081,2,32423,8,7741
103082,2,31426,8,5387
103083,2,18722,8,4089
103084,2,48852,8,8470
103085,2,27220,8,8135
103086,2,50012,8,4612
103087,2,29050,8,1287
103088,2,36005,8,3917
103089,2,37235,8,1189
103090,2,51452,7,17046
103091,2,32127,7,14090
103092,2,21124,7,12040
103093,2,62987,7,12014
103094,2,571065,7,11977
103095,2,38368,7,11797
103096,2,51352,7,11335
103097,2,45915,7,9279
103098,2,60597,7,9154
103099,2,48609,7,8348
103100,2,47352,7,7114
103101,2,54475,7,6647
103102,2,35469,7,6758
103103,2,49542,7,5935
103104,2,18161,7,4149
103105,2,61359,7,1884
103106,2,52266,7,2329
103107,2,28576,7,1266
103108,2,26571,7,2010
103109,2,26033,6,17937
103110,2,57006,6,9907
103111,2,50485,6,11076
103112,2,58425,6,10070
103113,2,26739,6,7777
103114,2,57746,6,4625
103115,2,49863,6,6294
103116,2,53511,6,3454
103117,2,44859,6,5141
103118,2,25535,6,3747
103119,2,36243,6,1340
103120,2,28890,5,16807
103121,2,56022,5,13110
103122,2,30475,5,11881
103123,2,181938,5,13398
103124,2,2782113,5,11685
103125,2,44869,5,9882
103126,2,170188,5,9706
103127,2,59877,5,9394
103128,2,27203,5,8403
103129,2,62482,5,4443
103130,2,31856,4,13555
103131,2,32032,4,10380
103132,2,52082,4,11352
103133,2,44690,4,11157
103134,2,54416,4,9168
103135,2,170083,4,9613
103136,2,200335,4,9052
103137,2,38862,4,7564
103138,2,32401,4,8817
103139,2,26084,4,8627
103140,2,41399,4,1373
103141,2,45267,3,10909
103142,2,31116,3,9820
103143,2,16918,3,6746
103144,2,4077681,3,8058
103145,2,31799,3,8834
103146,3,28415,30,4735
103147,2,45564,3,4928
103148,2,23498,3,2307
103149,2,54403,2,12443
103150,2,48947,2,9494
103151,2,58970,2,9526
103152,2,44780,2,8862
103153,2,44807,2,4962
103154,2,34075,2,7901
103155,2,52611,2,8398
103156,2,19092,2,7717
103157,2,42871,2,6449
103158,2,20346,2,7719
103159,2,56482,2,4905
103160,2,44891,2,3389
103161,2,22838,2,4129
103162,2,29330,2,5065
103163,2,25999,2,1985
103164,2,47404,1,638
103165,2,50782,1,2126
103166,2,61536,1,2192
103167,2,919208,0,15780
103168,2,37443,0,7220
103169,2,30749,0,5850
103170,2,20460,0,2737
103171,1,54759,0,23512
103172,1,56107,0,22995
103173,1,2759135,0,23695
103174,1,2684762,0,23785
103175,1,54982,0,23560
103176,1,3090192,0,23924
103177,1,61083,0,23849
103178,1,1269285,0,23560
103179,1,33637,0,23511
103180,1,2277867,0,23658
103181,1,55216,0,23231
103182,1,48688,0,23156
103183,1,60624,0,23168
103184,1,2057980,0,23303
103185,1,42418,0,23421
103186,1,1830858,0,23880
103187,1,525740,0,23996
103188,1,22212,0,23718
103189,1,3087154,0,23645
103190,1,3082541,0,23430
103191,1,2296721,0,23041
103192,1,1169677,0,23328
103193,1,139614,0,23340
103194,1,1380559,0,23302
103195,1,3086779,0,21919
103196,1,32587,0,23628
103197,1,3082402,0,23841
103198,1,3087053,0,23797
103199,1,629341,0,23336
103200,1,1543339,0,23513
103201,1,59831,0,23238
103202,1,1756825,0,23277
103203,1,55907,0,22807
103204,1,3721859,0,22821
103205,1,634481,0,22033
103206,1,1065759,0,23505
103207,1,3719938,0,22424
103208,1,1302137,0,23476
103209,1,523813,0,23951
103210,1,33648,0,22431
103211,1,31250,0,22778
103212,1,33110,0,22730
103213,1,2203958,0,23370
103214,1,3094530,0,22556
103215,1,1811497,0,23566
103216,1,3086686,0,22587
103217,1,3090875,0,22875
103218,1,82489,0,22400
103219,1,24720,0,21490
103220,1,1405025,0,23548
103221,1,2161518,0,23592
103222,1,32363,0,23156
103223,1,684406,0,22925
103224,1,2075757,0,23405
103225,1,54228,0,23514
103226,1,25619,0,23400
103227,1,5060832,0,22719
103228,1,567009,0,23441
103229,1,1129088,0,23815
103230,1,1557070,0,23465
103231,1,3813302,0,23219
103232,1,53847,0,23538
103233,1,34311,0,22169
103234,1,3093109,0,21824
103235,1,5060841,0,21722
103236,1,23233,0,22596
103237,1,40389,0,22269
103238,1,20561,0,20102
103239,1,3087760,0,23051
103240,1,54343,0,22283
103241,1,33512,0,23010
103242,1,2225657,0,23125
103243,1,55943,0,20924
103244,1,3095731,0,23188
103245,1,3082696,0,22175
103246,1,1012156,0,23110
103247,1,35726,0,22692
103248,1,52334,0,22571
103249,1,161040,0,22127
103250,1,3090634,0,22754
103251,1,2763517,0,22146
103252,1,966528,0,22474
103253,1,895752,0,22634
103254,1,2169125,0,23260
103255,1,5060931,0,22399
103256,1,1745244,0,23070
103257,1,1866753,0,21764
103258,1,858421,0,23209
103259,1,606959,0,22802
103260,1,54355,0,22886
103261,1,2066490,0,22464
103262,1,3082492,0,22012
103263,1,96549,0,22969
103264,1,1449749,0,22880
103265,1,2747177,0,22401
103266,1,1750833,0,22785
103267,1,2077037,0,22986
103268,1,157650,0,22079
103269,1,1702369,0,21007
103270,1,542429,0,22422
103271,1,3090711,0,22559
103272,1,55926,0,21075
103273,1,49697,0,22236
103274,1,56698,0,20652
103275,1,1297036,0,23036
103276,1,27819,0,22110
103277,1,2779589,0,22085
103278,1,762769,0,22464
103279,1,50127,0,21439
103280,1,2066242,0,22612
103281,1,165770,0,21069
103282,1,154972,0,23106
103283,1,3554026,0,22528
103284,1,37938,0,21864
103285,1,156128,0,22777
103286,1,82653,0,22732
103287,1,34617,0,21532
103288,1,5061012,0,22125
103289,1,24412,0,21746
103290,1,3755364,0,21423
103291,1,36654,0,20000
103292,1,674841,0,21834
103293,1,2832044,0,21727
103294,1,2712332,0,21524
103295,1,152761,0,22333
103296,1,166711,0,22043
103297,1,157714,0,22627
103298,1,948758,0,22290
103299,1,4684056,0,21563
103300,1,3779596,0,21743
103301,1,28986,0,20592
103302,1,139047,0,21979
103303,1,2631739,0,21893
103304,1,2809371,0,21145
103305,1,2733308,0,21730
103306,1,5060815,0,21724
103307,1,49005,0,20160
103308,1,2612642,0,21478
103309,1,2066528,0,21709
103310,1,5060957,0,21140
103311,1,550069,0,22281
103312,1,3090596,0,21755
103313,1,53826,0,21784
103314,1,3856771,0,21208
103315,1,156825,0,21324
103316,1,2570808,0,21744
103317,1,1276827,0,22413
103318,1,59011,0,21225
103319,1,3769216,0,22117
103320,1,48965,0,21669
103321,1,2550053,0,20680
103322,1,200553,0,21227
103323,1,3599708,0,20899
103324,1,1031537,0,21469
103325,1,1936331,0,21639
103326,1,2687115,0,21071
103327,10,20570,2132,15701
103328,1,3750742,0,20728
103329,1,3442511,0,20880
103330,1,1668622,0,21113
103331,1,165473,0,21881
103332,1,2024504,0,21965
103333,1,4076955,0,21281
103334,1,1752569,0,22197
103335,1,1334454,0,22003
103336,1,638917,0,21578
103337,1,51773,0,20760
103338,1,3096818,0,21372
103339,1,54263,0,20827
103340,1,2595831,0,21063
103341,1,182147,0,21747
103342,1,3771526,0,22258
103343,1,860711,0,21687
103344,1,1630073,0,21950
103345,1,806038,0,20492
103346,1,38518,0,22378
103347,1,5060662,0,21312
103348,1,3880206,0,21487
103349,1,46764,0,21182
103350,1,3088687,0,21146
103351,1,1703439,0,21496
103352,1,48292,0,19406
103353,1,3844432,0,21155
103354,1,2380537,0,21234
103355,1,536740,0,21366
103356,1,1219278,0,20738
103357,1,57413,0,21330
103358,1,160670,0,21521
103359,1,2821703,0,18122
103360,1,1309715,0,21074
103361,1,33951,0,22197
103362,1,628026,0,22114
103363,1,181616,0,21835
103364,1,3088396,0,20582
103365,1,3746165,0,21244
103366,1,19983,0,21156
103367,1,3724515,0,21193
103368,1,1588933,0,20968
103369,1,41559,0,21628
103370,1,881146,0,22169
103371,1,32586,0,22005
103372,1,82176,0,21620
103373,1,2380490,0,21111
103374,1,17927,0,20111
103375,1,61209,0,21071
103376,1,5060447,0,20330
103377,1,1646435,0,20917
103378,1,20349,0,19556
103379,1,1845175,0,20387
103380,1,22928,0,20157
103381,1,1422563,0,20987
103382,1,984157,0,20890
103383,1,184112,0,21838
103384,1,160250,0,20913
103385,1,2148315,0,21619
103386,1,682010,0,20796
103387,1,3089620,0,20024
103388,1,77881,0,21398
103389,1,626869,0,21757
103390,1,5061056,0,21641
103391,1,5060796,0,20711
103392,1,1643667,0,21328
103393,1,1810853,0,20055
103394,1,159137,0,21472
103395,1,3832363,0,20886
103396,1,763601,0,21399
103397,1,3141087,0,21038
103398,1,529155,0,21028
103399,1,848739,0,20426
103400,1,51380,0,20841
103401,1,4077376,0,21146
103402,1,37537,0,21574
103403,1,3082590,0,21020
103404,1,31362,0,21801
103405,1,3441766,0,21157
103406,1,1030167,0,21112
103407,1,38401,0,20840
103408,1,5060890,0,20669
103409,1,100408,0,19312
103410,1,2530471,0,19290
103411,1,742606,0,21191
103412,1,1579061,0,21188
103413,1,93790,0,20477
103414,1,2769345,0,20370
103415,1,582382,0,21018
103416,1,1547828,0,20269
103417,1,60002,0,19404
103418,1,1648203,0,21251
103419,1,1381792,0,21109
103420,1,582300,0,19991
103421,1,2082657,0,20596
103422,1,3469368,0,21363
103423,1,156251,0,20332
103424,1,2330568,0,20528
103425,1,3874293,0,19675
103426,1,1695437,0,19991
103427,1,38415,0,20621
103428,1,49597,0,20228
103429,1,154632,0,20411
103430,1,5060650,0,19502
103431,1,41306,0,21140
103432,1,100077,0,20351
103433,1,3804975,0,17705
103434,1,31229,0,20270
103435,1,53435,0,20607
103436,1,1290412,0,21294
103437,1,1545812,0,19560
103438,1,2087929,0,20472
103439,1,50233,0,20634
103440,1,2802093,0,21068
103441,1,1542489,0,21375
103442,1,1379431,0,21203
103443,1,37068,0,21066
103444,1,24770,0,20434
103445,1,1231873,0,20606
103446,1,63932,0,17315
103447,1,912013,0,21180
103448,1,863608,0,20750
103449,1,41073,0,20094
103450,1,2604391,0,17822
103451,1,1357356,0,21243
103452,1,36775,0,20080
103453,1,59283,0,19499
103454,1,154484,0,20931
103455,1,1456437,0,19776
103456,1,542144,0,21039
103457,1,1452705,0,20848
103458,1,34999,0,19942
103459,1,159789,0,21007
103460,1,60559,0,19551
103461,1,61767,0,19054
103462,1,546914,0,21302
103463,1,50408,0,20133
103464,1,3856134,0,20300
103465,1,23436,0,19607
103466,1,2201185,0,20232
103467,1,156377,0,20546
103468,1,47434,0,20570
103469,1,120734,0,20719
103470,1,2487616,0,17673
103471,1,1398721,0,21080
103472,1,822475,0,20341
103473,1,3085946,0,19179
103474,1,2119539,0,20530
103475,1,30806,0,20799
103476,1,59069,0,19169
103477,1,1455049,0,20037
103478,1,626386,0,20841
103479,1,1994311,0,18943
103480,1,58086,0,19807
103481,1,60847,0,19507
103482,1,4686524,0,20367
103483,1,40319,0,20755
103484,1,56934,0,20061
103485,1,2242500,0,20590
103486,1,39135,0,18999
103487,1,2264357,0,20317
103488,1,3894788,0,19687
103489,1,479655,0,20540
103490,1,2774926,0,18981
103491,1,1103219,0,18800
103492,1,5060544,0,18213
103493,1,2569597,0,20168
103494,1,29732,0,19346
103495,1,865429,0,20924
103496,1,34706,0,19441
103497,1,2694063,0,19233
103498,1,141884,0,20757
103499,1,31260,0,19380
103500,1,976214,0,18996
103501,1,46139,0,18774
103502,1,882344,0,19884
103503,1,2130853,0,19629
103504,1,50362,0,19044
103505,1,5061055,0,19848
103506,1,954533,0,19121
103507,1,23134,0,19675
103508,1,2773601,0,19355
103509,1,56566,0,18919
103510,1,156655,0,20490
103511,1,1716004,0,19704
103512,1,884354,0,20379
103513,1,29337,0,19598
103514,1,22120,0,18951
103515,1,1276678,0,19858
103516,1,2210284,0,19015
103517,1,1539871,0,18924
103518,1,48582,0,19853
103519,1,2172274,0,19140
103520,1,1052071,0,19226
103521,1,5060872,0,19958
103522,1,29862,0,19332
103523,1,57845,0,19974
103524,1,2747866,0,19934
103525,1,214590,0,19801
103526,1,3535749,0,20322
103527,1,39850,0,18764
103528,1,3099210,0,19345
103529,1,1902907,0,18949
103530,1,47196,0,19398
103531,1,1895214,0,19783
103532,1,36111,0,19930
103533,1,2817431,0,19110
103534,1,154609,0,20084
103535,1,2160280,0,19727
103536,1,2567695,0,18048
103537,1,169395,0,19321
103538,1,2765650,0,19602
103539,1,1356751,0,19868
103540,1,2258758,0,19153
103541,1,991770,0,20646
103542,1,1039311,0,18864
103543,1,34660,0,19197
103544,1,2094754,0,18386
103545,1,23659,0,18229
103546,1,1291770,0,19436
103547,1,1409461,0,20032
103548,1,5060545,0,18740
103549,1,36373,0,19034
103550,1,41532,0,20337
103551,1,2630765,0,19419
103552,1,168192,0,18388
103553,1,39667,0,19103
103554,1,58563,0,19492
103555,1,25285,0,19341
103556,1,3744164,0,19726
103557,1,3717621,0,18940
103558,1,2202565,0,18601
103559,1,20452,0,19795
103560,1,214143,0,19821
103561,1,1045900,0,20224
103562,1,5061004,0,20056
103563,1,725556,0,19828
103564,1,2790656,0,16591
103565,1,170297,0,17700
103566,1,2166296,0,19218
103567,1,61285,0,18745
103568,1,2661006,0,17476
103569,1,4618965,0,19379
103570,1,3355420,0,19982
103571,1,34202,0,19275
103572,1,46624,0,19559
103573,1,2050421,0,19669
103574,1,37869,0,19931
103575,1,1749187,0,18817
103576,1,157471,0,20335
103577,1,47963,0,18702
103578,1,1664070,0,19536
103579,1,1800660,0,18986
103580,1,97541,0,18937
103581,1,170077,0,20099
103582,1,1133786,0,18849
103583,1,183313,0,19220
103584,1,47348,0,17788
103585,1,2297616,0,19839
103586,1,3481289,0,19703
103587,1,58693,0,18994
103588,1,3081517,0,19068
103589,1,157429,0,20007
103590,1,5061163,0,17329
103591,1,2198891,0,19106
103592,1,3854000,0,17916
103593,1,2447892,0,19120
103594,1,1663646,0,19745
103595,1,3715145,0,19442
103596,1,61125,0,18900
103597,1,2297850,0,19599
103598,1,943953,0,18529
103599,1,755448,0,18490
103600,1,44117,0,13214
103601,1,50615,0,18208
103602,1,2800913,0,18681
103603,1,646471,0,19141
103604,1,592110,0,17854
103605,1,3082525,0,19483
103606,1,57285,0,19011
103607,1,154328,0,19866
103608,1,5061208,0,17501
103609,1,2252310,0,19088
103610,1,2118628,0,19474
103611,1,24981,0,17666
103612,1,1595090,0,19169
103613,1,3081865,0,19268
103614,1,2274941,0,18995
103615,1,5061287,0,19737
103616,1,25738,0,19503
103617,1,1233471,0,18838
103618,1,1422448,0,19664
103619,1,5060653,0,17940
103620,1,157443,0,19497
103621,1,1685001,0,19395
103622,1,37830,0,19575
103623,1,5060879,0,19020
103624,1,1593769,0,17228
103625,1,59577,0,18963
103626,1,1564153,0,19256
103627,1,777698,0,19352
103628,1,1800750,0,19399
103629,1,4075911,0,19469
103630,1,2754532,0,18582
103631,1,34458,0,19329
103632,1,717390,0,18531
103633,1,4077168,0,17492
103634,1,50619,0,18939
103635,1,3089807,0,18574
103636,1,3097095,0,18309
103637,1,932882,0,19451
103638,1,1017437,0,18927
103639,1,55505,0,18795
103640,1,2801355,0,18059
103641,1,3086727,0,18962
103642,1,79892,0,18172
103643,1,2781153,0,18642
103644,1,727693,0,19339
103645,1,3580360,0,19263
103646,1,2318247,0,19410
103647,1,4076108,0,19693
103648,1,5060449,0,19393
103649,1,51660,0,17871
103650,1,33394,0,19621
103651,1,3475277,0,18748
103652,1,4076094,0,18762
103653,1,545895,0,17716
103654,1,33339,0,19479
103655,1,705145,0,19713
103656,1,4075963,0,18500
103657,1,30201,0,18544
103658,1,28911,0,18205
103659,1,1696131,0,19064
103660,1,1131132,0,19673
103661,1,3763932,0,19401
103662,1,2762853,0,17894
103663,1,2154117,0,18476
103664,1,4077611,0,18245
103665,1,2800967,0,18392
103666,1,685089,0,19342
103667,1,2786180,0,18536
103668,1,2049240,0,18586
103669,1,650509,0,18348
103670,1,30223,0,17347
103671,1,2679085,0,17869
103672,1,38449,0,18671
103673,1,5060768,0,18042
103674,1,160690,0,18883
103675,1,5060977,0,18447
103676,1,53917,0,17681
103677,1,2158207,0,18185
103678,1,49538,0,15847
103679,1,60416,0,16818
103680,1,50850,0,18803
103681,1,35120,0,19133
103682,1,54679,0,19172
103683,1,736521,0,17211
103684,1,653328,0,19027
103685,1,1428744,0,18076
103686,1,24463,0,17557
103687,1,36230,0,16977
103688,1,200173,0,18563
103689,1,19942,0,18028
103690,1,56324,0,18102
103691,1,36841,0,18762
103692,1,51430,0,18332
103693,1,2769013,0,18209
103694,1,586630,0,19247
103695,1,2759746,0,18795
103696,1,60462,0,18446
103697,1,910880,0,19501
103698,1,156068,0,18417
103699,1,5060660,0,17598
103700,1,35015,0,18274
103701,1,5060883,0,17978
103702,1,2273061,0,18847
103703,1,1011898,0,17587
103704,1,743276,0,19040
103705,1,5060670,0,17540
103706,1,1640350,0,17747
103707,1,30333,0,17284
103708,1,659126,0,18386
103709,1,153030,0,18653
103710,1,2403512,0,17755
103711,1,1664409,0,19039
103712,1,1328364,0,19166
103713,1,1280333,0,18701
103714,1,3865193,0,18007
103715,1,54184,0,17564
103716,1,4684617,0,18590
103717,1,158085,0,19075
103718,1,901723,0,17401
103719,1,27168,0,16798
103720,1,153106,0,18860
103721,1,3087241,0,17510
103722,1,2693289,0,18122
103723,1,2810694,0,17180
103724,1,3907173,0,18397
103725,1,83444,0,18386
103726,1,82476,0,16684
103727,1,4616270,0,18975
103728,1,914511,0,18388
103729,1,62027,0,17569
103730,1,155243,0,18371
103731,1,876086,0,17822
103732,1,998063,0,17136
103733,1,2147550,0,17923
103734,1,1002863,0,18582
103735,1,446467,0,16649
103736,1,875228,0,17174
103737,1,2578438,0,18552
103738,1,662489,0,18786
103739,1,61457,0,15185
103740,1,3091403,0,18497
103741,1,59293,0,16582
103742,1,59911,0,17620
103743,1,2161383,0,18023
103744,1,26269,0,17513
103745,1,3758136,0,19090
103746,1,202254,0,16240
103747,1,5060746,0,17540
103748,1,2056457,0,18664
103749,1,2785276,0,17689
103750,1,3082224,0,18393
103751,1,2089754,0,17949
103752,1,62828,0,15957
103753,1,51211,0,18103
103754,1,48474,0,18563
103755,1,153568,0,18296
103756,1,84442,0,18416
103757,1,1665126,0,17374
103758,1,36103,0,18264
103759,1,5061286,0,19127
103760,1,3082652,0,17258
103761,1,36253,0,18368
103762,1,1341031,0,18933
103763,1,2228328,0,18388
103764,1,166373,0,18380
103765,1,61349,0,17373
103766,1,1660633,0,17127
103767,1,1049139,0,18697
103768,1,654188,0,18854
103769,1,4076145,0,18417
103770,1,2540610,0,17221
103771,1,679657,0,18361
103772,1,61727,0,16834
103773,1,892790,0,16539
103774,1,1718878,0,17076
103775,1,2538379,0,17429
103776,1,96418,0,18771
103777,1,20950,0,18039
103778,1,54100,0,18620
103779,1,48763,0,18151
103780,1,57889,0,16999
103781,1,1780350,0,17994
103782,1,29287,0,18730
103783,1,49143,0,17592
103784,1,153105,0,18064
103785,1,28893,0,16801
103786,1,32665,0,18513
103787,1,618864,0,18649
103788,1,662275,0,18391
103789,1,2778185,0,17563
103790,1,2317612,0,16927
103791,1,2767721,0,17397
103792,1,2773699,0,17247
103793,1,2683510,0,16577
103794,1,24761,0,18155
103795,1,152315,0,18658
103796,1,1038139,0,17066
103797,1,1678509,0,17981
103798,1,3830091,0,17278
103799,1,154838,0,18430
103800,1,1746429,0,17917
103801,1,2033267,0,18246
103802,1,37152,0,17270
103803,1,62304,0,16438
103804,1,933380,0,18719
103805,1,165545,0,18216
103806,1,3076540,0,18064
103807,1,1231310,0,17769
103808,1,53806,0,17359
103809,1,1689609,0,17842
103810,1,5060542,0,15537
103811,1,3716019,0,18133
103812,1,154891,0,18797
103813,1,32167,0,18523
103814,1,26174,0,18127
103815,1,58223,0,17111
103816,1,29087,0,16041
103817,1,1151722,0,17830
103818,1,3763663,0,18563
103819,1,1494225,0,17392
103820,1,3090017,0,18277
103821,1,160699,0,18231
103822,1,4686483,0,17773
103823,1,2154362,0,17907
103824,1,1564594,0,17078
103825,1,2717239,0,16684
103826,1,33598,0,18447
103827,1,58457,0,16361
103828,1,2761980,0,17822
103829,1,4683802,0,16026
103830,1,1834179,0,18228
103831,1,3087260,0,17649
103832,1,50400,0,17113
103833,1,614201,0,17510
103834,1,50531,0,17894
103835,1,58678,0,16467
103836,1,30629,0,16710
103837,1,2489134,0,17798
103838,1,84671,0,18106
103839,1,45261,0,16458
103840,1,153937,0,17477
103841,1,35066,0,16281
103842,1,2809640,0,17357
103843,1,3085969,0,17687
103844,1,60976,0,16460
103845,1,3091422,0,17693
103846,1,58058,0,17635
103847,1,181946,0,17867
103848,1,942575,0,18221
103849,1,2801305,0,17933
103850,1,46604,0,16615
103851,1,42221,0,18194
103852,1,170119,0,17405
103853,1,31392,0,17592
103854,1,988830,0,18596
103855,1,60313,0,17372
103856,1,1039320,0,16738
103857,1,813907,0,18478
103858,1,53027,0,17280
103859,1,30956,0,17374
103860,1,600035,0,17715
103861,1,37055,0,17568
103862,1,37457,0,17689
103863,1,565309,0,16661
103864,1,896621,0,17959
103865,1,679109,0,17772
103866,1,1974572,0,17746
103867,1,24597,0,17230
103868,1,78285,0,18079
103869,1,5061093,0,17148
103870,1,899227,0,17196
103871,1,592837,0,17720
103872,1,169859,0,18106
103873,1,56472,0,16930
103874,1,2051134,0,17861
103875,1,3081828,0,18099
103876,1,959888,0,18154
103877,1,19342,0,17705
103878,1,4077349,0,17315
103879,1,156532,0,17755
103880,1,57787,0,17435
103881,1,59829,0,17073
103882,1,48796,0,17217
103883,1,26791,0,18170
103884,1,62274,0,17481
103885,1,4076278,0,17527
103886,1,5060629,0,16390
103887,1,33312,0,15748
103888,1,57330,0,16933
103889,1,3720896,0,16712
103890,1,2043331,0,17993
103891,1,180633,0,18075
103892,1,48974,0,16257
103893,1,43962,0,17200
103894,1,1011028,0,18046
103895,1,24172,0,17893
103896,1,1048293,0,17124
103897,1,4666431,0,17020
103898,1,2654224,0,16588
103899,1,1288467,0,17250
103900,1,18520,0,17378
103901,1,2609328,0,17145
103902,1,57624,0,17356
103903,1,51836,0,17966
103904,1,1349666,0,17599
103905,1,3086566,0,16743
103906,1,2816632,0,18335
103907,1,1518424,0,17696
103908,1,60666,0,15899
103909,1,137390,0,17191
103910,1,974587,0,17536
103911,1,43574,0,14678
103912,1,45378,0,16079
103913,1,57292,0,17075
103914,1,603589,0,17730
103915,1,53956,0,17659
103916,1,1267777,0,17275
103917,1,159314,0,17261
103918,1,845109,0,17561
103919,1,54549,0,16090
103920,1,1437675,0,17773
103921,1,662237,0,17752
103922,1,17787,0,15238
103923,1,36892,0,18211
103924,1,24618,0,18041
103925,1,2767551,0,17177
103926,1,2457524,0,16658
103927,1,32530,0,16428
103928,1,683612,0,15488
103929,1,139592,0,17022
103930,1,634955,0,17052
103931,1,3636019,0,16807
103932,1,59487,0,16507
103933,2,183004,647,17788
103934,1,821853,0,16967
103935,1,2579482,0,16145
103936,1,2692287,0,17169
103937,1,3082117,0,17417
103938,1,2808898,0,17575
103939,1,61569,0,16180
103940,1,23694,0,17672
103941,1,4075791,0,17737
103942,2,3818065,51,17213
103943,1,3087833,0,17011
103944,1,2752761,0,17325
103945,1,1648262,0,17746
103946,1,32979,0,15278
103947,1,52470,0,16197
103948,1,3088010,0,17391
103949,1,24691,0,17440
103950,1,33538,0,17339
103951,1,60107,0,15701
103952,1,1640706,0,17215
103953,1,3089235,0,17792
103954,1,214347,0,17355
103955,1,5060825,0,16491
103956,1,35575,0,16830
103957,1,151110,0,17117
103958,1,1022643,0,17921
103959,1,3075025,0,16899
103960,1,59691,0,17115
103961,1,1522519,0,16976
103962,1,48003,0,17106
103963,1,1154522,0,17972
103964,1,4075868,0,17158
103965,1,1565301,0,16648
103966,1,38175,0,16236
103967,1,60776,0,16341
103968,1,53369,0,15876
103969,1,53829,0,16185
103970,1,31925,0,17544
103971,1,3093343,0,16836
103972,1,3864220,0,17892
103973,1,3814838,0,17492
103974,1,2406764,0,17244
103975,1,1360994,0,17465
103976,1,1481286,0,17823
103977,1,52584,0,17500
103978,1,2159451,0,16590
103979,1,24496,0,16755
103980,1,699394,0,16378
103981,1,1110991,0,17728
103982,1,2253850,0,17381
103983,1,544579,0,16751
103984,1,5061068,0,17318
103985,1,5060888,0,16898
103986,1,921643,0,17879
103987,1,5060440,0,17501
103988,1,42749,0,17595
103989,1,44677,0,17028
103990,1,28194,0,17832
103991,1,1037937,0,17424
103992,1,871747,0,17300
103993,1,35226,0,17153
103994,1,1517888,0,16498
103995,1,1806027,0,17504
103996,1,3086078,0,17245
103997,1,23254,0,16947
103998,1,3087005,0,17053
103999,1,709522,0,16950
104000,1,62083,0,15734
104001,1,2639876,0,16826
104002,1,54671,0,14748
104003,1,4077127,0,17549
104004,1,154600,0,17639
104005,1,32828,0,17169
104006,1,3089251,0,16599
104007,1,181787,0,17472
104008,1,150832,0,17201
104009,1,1867715,0,16926
104010,1,2065350,0,17182
104011,1,976810,0,17355
104012,1,4076243,0,17164
104013,1,22728,0,16901
104014,1,28837,0,16511
104015,1,19909,0,16133
104016,1,37801,0,16124
104017,1,3087377,0,16589
104018,1,1041955,0,17418
104019,1,2812987,0,15962
104020,1,5060723,0,16175
104021,1,26301,0,17731
104022,1,2602771,0,16867
104023,1,96509,0,16604
104024,1,56520,0,17135
104025,1,45338,0,15750
104026,1,3086450,0,17213
104027,1,45263,0,16649
104028,1,54634,0,17422
104029,1,3803634,0,16585
104030,1,153226,0,17545
104031,1,37442,0,16324
104032,1,2691057,0,16775
104033,1,32829,0,16481
104034,1,1781508,0,17125
104035,1,2005280,0,16822
104036,1,3491748,0,16600
104037,1,45957,0,16878
104038,1,5061034,0,16459
104039,1,2172736,0,16677
104040,1,5061035,0,17023
104041,1,85976,0,17291
104042,1,1029314,0,15817
104043,1,60347,0,16683
104044,1,52177,0,16653
104045,1,926271,0,16984
104046,1,2678009,0,16558
104047,1,3088028,0,17128
104048,1,45468,0,17152
104049,1,522591,0,16497
104050,1,34892,0,16427
104051,1,2433220,0,16597
104052,1,3095820,0,17515
104053,1,54082,0,17167
104054,1,2408185,0,16544
104055,1,53760,0,17158
104056,1,3088301,0,17584
104057,1,155631,0,16889
104058,1,62850,0,16749
104059,1,19533,0,16771
104060,1,57025,0,16665
104061,1,160652,0,17149
104062,1,62670,0,16326
104063,1,3081599,0,17409
104064,1,154617,0,16789
104065,1,5060839,0,16400
104066,1,884639,0,17390
104067,1,90199,0,17106
104068,1,2767453,0,14969
104069,1,52400,0,15619
104070,1,55395,0,16971
104071,1,1604930,0,16778
104072,1,42990,0,17045
104073,1,184212,0,16312
104074,1,2683217,0,16107
104075,1,53127,0,15673
104076,1,53170,0,14860
104077,1,202170,0,16384
104078,1,51280,0,16858
104079,1,3087570,0,17151
104080,1,4076904,0,17310
104081,1,47863,0,15962
104082,1,1270200,0,16291
104083,1,1010435,0,17220
104084,1,2366799,0,17006
104085,1,2315874,0,16648
104086,1,3089368,0,16191
104087,1,20919,0,16859
104088,1,1650824,0,16875
104089,1,61949,0,16294
104090,1,5060887,0,16600
104091,1,77675,0,17071
104092,1,3089797,0,16565
104093,1,2431386,0,16634
104094,1,2583308,0,16688
104095,1,889105,0,16552
104096,1,43967,0,15381
104097,1,54244,0,16403
104098,1,2172600,0,17372
104099,1,3087244,0,17199
104100,1,63778,0,16166
104101,1,37517,0,16854
104102,1,50321,0,16690
104103,1,1835500,0,16661
104104,1,577976,0,17080
104105,1,153929,0,17171
104106,1,158784,0,16958
104107,1,1184965,0,15941
104108,1,58915,0,16819
104109,1,3091294,0,17241
104110,1,2787384,0,15931
104111,1,2245713,0,15675
104112,1,2817463,0,16654
104113,1,5060527,0,14791
104114,1,25249,0,16348
104115,1,201989,0,16748
104116,1,2416682,0,16514
104117,1,26965,0,16326
104118,1,2054709,0,17198
104119,1,2626267,0,16313
104120,1,1878628,0,16799
104121,1,27190,0,16016
104122,1,37961,0,17102
104123,1,24389,0,15765
104124,1,152979,0,17143
104125,1,4077609,0,16438
104126,1,2811630,0,16599
104127,1,46067,0,16750
104128,1,5060466,0,16325
104129,1,35085,0,17001
104130,1,52786,0,16243
104131,1,3093211,0,16299
104132,1,1354897,0,16842
104133,1,22905,0,16641
104134,1,917414,0,17568
104135,1,38255,0,17194
104136,1,1003231,0,16573
104137,1,42625,0,16673
104138,1,574684,0,16277
104139,1,39989,0,15810
104140,1,61047,0,15140
104141,1,31529,0,14202
104142,1,1532773,0,16574
104143,1,700707,0,16524
104144,1,720565,0,16201
104145,1,159406,0,17201
104146,1,992360,0,14128
104147,1,641124,0,17272
104148,1,26594,0,15795
104149,1,2117581,0,16783
104150,1,30581,0,16979
104151,1,3089500,0,16440
104152,1,25482,0,16370
104153,1,156614,0,16430
104154,1,22350,0,12807
104155,1,51623,0,16659
104156,1,46148,0,16810
104157,1,31256,0,16869
104158,1,3087380,0,16187
104159,1,60898,0,16548
104160,1,23703,0,17264
104161,1,154990,0,17219
104162,1,938318,0,16821
104163,1,83306,0,16934
104164,1,1510803,0,16541
104165,1,1964569,0,15020
104166,1,63179,0,16269
104167,1,3097104,0,16297
104168,1,2379478,0,16778
104169,1,1044239,0,16574
104170,1,936646,0,17044
104171,1,45951,0,16303
104172,1,1185485,0,16626
104173,1,957637,0,16522
104174,1,24851,0,13906
104175,1,32937,0,16976
104176,1,2314116,0,16202
104177,1,30946,0,16795
104178,1,22308,0,16862
104179,1,44874,0,16087
104180,1,5060810,0,15972
104181,1,170264,0,15444
104182,1,48045,0,16910
104183,1,1013069,0,16897
104184,1,37091,0,16368
104185,1,79305,0,15936
104186,1,29014,0,15880
104187,1,947770,0,15190
104188,1,181803,0,16469
104189,1,2801817,0,16064
104190,1,685238,0,16191
104191,1,30393,0,15741
104192,1,557174,0,16352
104193,1,1537736,0,16553
104194,1,25354,0,14446
104195,1,5061040,0,16447
104196,1,1049886,0,17258
104197,1,30964,0,16419
104198,1,25614,0,16617
104199,1,201941,0,15508
104200,1,35891,0,14862
104201,1,53792,0,16588
104202,1,3734990,0,15853
104203,1,59467,0,16561
104204,1,2751891,0,16186
104205,1,552957,0,16590
104206,1,44048,0,16744
104207,1,59720,0,15939
104208,1,200352,0,15832
104209,1,52970,0,16843
104210,1,5061014,0,15937
104211,1,2410178,0,15670
104212,1,2146561,0,16529
104213,1,52322,0,15307
104214,1,2293287,0,16294
104215,1,34222,0,15317
104216,1,1486363,0,16310
104217,1,39132,0,16756
104218,1,3909724,0,15961
104219,1,155167,0,17159
104220,1,42916,0,17050
104221,1,200246,0,15738
104222,1,866643,0,14436
104223,1,47294,0,16277
104224,1,29703,0,15178
104225,1,33407,0,16976
104226,1,37918,0,15868
104227,1,158114,0,15406
104228,1,49696,0,15412
104229,1,43036,0,15441
104230,1,185156,0,16838
104231,1,3092019,0,16900
104232,1,26321,0,15489
104233,1,155439,0,16613
104234,1,3082515,0,16305
104235,1,37736,0,16313
104236,1,2717145,0,16464
104237,1,3090887,0,16548
104238,1,2236179,0,16162
104239,1,152192,0,16116
104240,1,2136090,0,16559
104241,1,1222295,0,16087
104242,1,61369,0,15396
104243,1,3088405,0,16264
104244,1,50923,0,14893
104245,1,2379146,0,16017
104246,1,4075839,0,16903
104247,1,4076219,0,16323
104248,1,20891,0,16442
104249,1,52529,0,15995
104250,1,3085935,0,16271
104251,1,1570963,0,16449
104252,1,39060,0,16260
104253,1,43617,0,15809
104254,1,25199,0,15511
104255,1,54518,0,16607
104256,1,30503,0,14073
104257,1,156717,0,16733
104258,1,50646,0,16804
104259,1,44680,0,16862
104260,1,1018352,0,16432
104261,1,1770312,0,16290
104262,1,61761,0,14649
104263,1,1027834,0,17109
104264,1,80752,0,15462
104265,1,1113709,0,16935
104266,1,90148,0,16731
104267,1,5061241,0,14892
104268,1,24392,0,16197
104269,1,60995,0,13186
104270,1,57775,0,15670
104271,1,33988,0,16723
104272,1,30353,0,15496
104273,1,3846359,0,15589
104274,1,38071,0,16683
104275,1,81160,0,15230
104276,1,3082563,0,16766
104277,1,54747,0,16352
104278,1,609543,0,16010
104279,1,155706,0,16657
104280,1,153452,0,16639
104281,1,60973,0,15194
104282,1,2781726,0,15377
104283,1,39394,0,14700
104284,1,34726,0,15229
104285,1,460106,0,16225
104286,1,61277,0,15164
104287,1,100105,0,14823
104288,1,1985012,0,16570
104289,1,84217,0,16200
104290,1,51314,0,16337
104291,1,2701334,0,16215
104292,1,37895,0,16843
104293,1,38318,0,16121
104294,1,51302,0,15777
104295,1,56908,0,14955
104296,1,3890202,0,15266
104297,1,61501,0,14861
104298,1,43501,0,15031
104299,1,52770,0,16702
104300,1,874114,0,17121
104301,1,60153,0,13044
104302,1,22850,0,15227
104303,1,78530,0,13852
104304,1,97226,0,16711
104305,1,184387,0,16441
104306,1,3089894,0,16202
104307,1,462975,0,16014
104308,1,1258952,0,16428
104309,1,38954,0,14223
104310,1,698171,0,15013
104311,1,78306,0,16871
104312,1,1308471,0,16317
104313,1,2079042,0,14866
104314,1,2793143,0,15167
104315,1,869947,0,15993
104316,1,63385,0,15119
104317,1,55144,0,15623
104318,1,170278,0,16607
104319,1,56264,0,15147
104320,1,46411,0,16276
104321,1,155612,0,16750
104322,1,1868736,0,15808
104323,1,182105,0,16430
104324,1,160435,0,15319
104325,1,80818,0,16037
104326,1,52545,0,14997
104327,1,5060761,0,15656
104328,1,29968,0,14610
104329,1,2757070,0,15033
104330,1,990250,0,15893
104331,1,19487,0,13526
104332,1,2800999,0,15328
104333,1,3086567,0,15796
104334,1,860175,0,16533
104335,1,872631,0,16224
104336,1,154512,0,16143
104337,1,23634,0,16494
104338,1,89774,0,15277
104339,1,5061169,0,14065
104340,1,22515,0,16439
104341,1,87319,0,16914
104342,1,25380,0,16275
104343,1,53094,0,14639
104344,1,64095,0,15670
104345,1,61800,0,15705
104346,1,29971,0,15924
104347,1,977557,0,15878
104348,1,3090740,0,16557
104349,1,22610,0,16336
104350,1,3090780,0,16187
104351,1,3099312,0,16657
104352,1,552811,0,13901
104353,1,48979,0,15414
104354,1,170111,0,14836
104355,1,1764122,0,16317
104356,1,18404,0,14563
104357,1,35361,0,14505
104358,1,170295,0,16495
104359,1,2054191,0,15946
104360,1,52905,0,14969
104361,1,1844221,0,15788
104362,1,2781136,0,15609
104363,1,58862,0,16100
104364,1,49849,0,16014
104365,1,47616,0,16060
104366,1,38091,0,15899
104367,1,29098,0,15398
104368,1,60943,0,15905
104369,1,975931,0,16188
104370,1,2705130,0,15219
104371,1,56415,0,14625
104372,1,44426,0,15257
104373,1,4076992,0,14947
104374,1,1060478,0,16239
104375,1,2177700,0,15538
104376,1,502369,0,14540
104377,1,33715,0,15914
104378,1,39063,0,15973
104379,1,42777,0,15051
104380,1,26686,0,15042
104381,1,182844,0,15879
104382,1,17146,0,13719
104383,1,1075112,0,16072
104384,1,31241,0,15891
104385,1,2395758,0,15409
104386,1,38435,0,16443
104387,1,51063,0,16528
104388,1,32995,0,15656
104389,1,3092747,0,15098
104390,1,51119,0,15440
104391,1,52187,0,14834
104392,1,3745969,0,16240
104393,1,577151,0,15995
104394,1,3897729,0,15491
104395,1,3755102,0,15739
104396,1,90210,0,14975
104397,1,939876,0,16284
104398,1,44884,0,15516
104399,1,32326,0,14849
104400,1,165538,0,15923
104401,1,61304,0,13679
104402,1,2786690,0,15440
104403,1,27495,0,13710
104404,1,2380479,0,15105
104405,1,913966,0,15969
104406,1,1362318,0,15143
104407,1,55782,0,16131
104408,1,32338,0,15389
104409,1,1171946,0,16266
104410,1,3441227,0,14672
104411,1,3860541,0,15328
104412,1,845039,0,15257
104413,1,54306,0,14320
104414,1,5060518,0,13845
104415,1,1819426,0,15370
104416,1,25122,0,13184
104417,1,35353,0,16376
104418,1,33551,0,14687
104419,1,38671,0,15840
104420,1,5061011,0,15673
104421,1,34759,0,16267
104422,1,3896317,0,15875
104423,1,182715,0,15886
104424,1,3086197,0,14570
104425,1,44301,0,16115
104426,1,3085248,0,16405
104427,1,21072,0,15564
104428,1,27841,0,15038
104429,1,3098836,0,14232
104430,1,2302343,0,16305
104431,1,57079,0,13855
104432,1,20963,0,14549
104433,1,50703,0,13243
104434,1,1675051,0,15780
104435,1,1588937,0,15466
104436,1,100086,0,15396
104437,1,59573,0,12489
104438,1,170224,0,15169
104439,1,640503,0,15907
104440,1,30931,0,14557
104441,1,3086112,0,15836
104442,1,44683,0,15377
104443,1,34954,0,14971
104444,1,49418,0,16129
104445,1,23698,0,14603
104446,1,746746,0,15431
104447,1,51387,0,15980
104448,1,672639,0,16341
104449,1,61342,0,14724
104450,1,23716,0,15209
104451,1,3850590,0,15505
104452,1,22694,0,15785
104453,1,156208,0,15416
104454,1,38967,0,15597
104455,1,54118,0,12273
104456,1,24744,0,16369
104457,1,62536,0,14935
104458,1,33950,0,15150
104459,1,182492,0,15229
104460,1,49258,0,14261
104461,1,29995,0,14605
104462,1,1406841,0,15903
104463,1,57213,0,14494
104464,1,3528083,0,16097
104465,1,50843,0,15937
104466,1,970828,0,15741
104467,1,37165,0,15138
104468,1,27064,0,13432
104469,1,59449,0,15513
104470,1,1485367,0,16025
104471,1,184432,0,15791
104472,1,3087109,0,15713
104473,1,1581089,0,15728
104474,1,57260,0,15709
104475,1,61084,0,13591
104476,1,27787,0,14601
104477,1,60839,0,15435
104478,1,2115986,0,14457
104479,1,85954,0,16313
104480,1,1377783,0,15525
104481,1,41896,0,13390
104482,1,28414,0,13165
104483,1,1234941,0,16077
104484,1,1026967,0,16043
104485,1,1749332,0,16090
104486,1,35036,0,15494
104487,1,658531,0,15300
104488,1,1045099,0,15781
104489,1,4667376,0,15511
104490,1,1666687,0,15302
104491,1,1669594,0,15701
104492,1,3755257,0,16039
104493,1,1342700,0,15941
104494,1,52200,0,15521
104495,1,48945,0,15909
104496,1,81584,0,14166
104497,1,51873,0,14516
104498,1,635374,0,13498
104499,1,27830,0,12802
104500,1,1038389,0,15715
104501,1,62416,0,13466
104502,1,56169,0,14595
104503,1,28971,0,15564
104504,1,1516936,0,15446
104505,1,707501,0,14931
104506,1,587499,0,16328
104507,1,23755,0,13414
104508,1,158356,0,15727
104509,1,3805802,0,13818
104510,1,52338,0,14262
104511,1,546717,0,13778
104512,1,42795,0,15184
104513,1,5060902,0,14951
104514,1,3702376,0,14607
104515,1,3074168,0,15063
104516,1,3074855,0,16222
104517,1,2757323,0,15227
104518,1,22148,0,14629
104519,1,56686,0,15786
104520,1,570318,0,15599
104521,1,24606,0,14880
104522,1,2643663,0,15606
104523,1,24059,0,13505
104524,1,632778,0,15645
104525,1,1369854,0,15261
104526,1,1373417,0,15106
104527,1,53416,0,14474
104528,1,52654,0,13762
104529,1,50571,0,15517
104530,1,1111390,0,15566
104531,1,35649,0,13580
104532,1,40361,0,13640
104533,1,155695,0,16227
104534,1,4683578,0,15826
104535,1,34652,0,15940
104536,1,647157,0,15754
104537,1,30008,0,13094
104538,1,34958,0,15360
104539,1,2158403,0,14726
104540,1,1408186,0,15795
104541,1,995673,0,15698
104542,1,60191,0,12439
104543,1,1037161,0,14135
104544,1,35992,0,13555
104545,1,965019,0,15434
104546,1,153040,0,15763
104547,1,57946,0,14781
104548,1,61502,0,14755
104549,1,27488,0,15659
104550,1,182003,0,15684
104551,1,27496,0,14771
104552,1,26249,0,15899
104553,1,56192,0,14348
104554,1,32411,0,14521
104555,1,140309,0,15396
104556,1,77411,0,15460
104557,1,19650,0,13797
104558,1,156040,0,14621
104559,1,50401,0,12008
104560,1,153578,0,15923
104561,1,85985,0,15604
104562,1,37161,0,15648
104563,1,32568,0,14657
104564,1,57495,0,13245
104565,1,24728,0,12825
104566,1,155493,0,16174
104567,1,1807276,0,15684
104568,1,159095,0,15524
104569,1,53351,0,13971
104570,1,2807751,0,13252
104571,1,2339470,0,14914
104572,1,3706527,0,14652
104573,1,24837,0,15521
104574,1,3727237,0,14185
104575,1,20201,0,15247
104576,1,2240296,0,15471
104577,1,1129527,0,15471
104578,1,52896,0,15054
104579,1,39598,0,14931
104580,1,3091308,0,15485
104581,1,48345,0,15683
104582,1,43497,0,15389
104583,1,58887,0,14214
104584,1,1646029,0,15544
104585,1,1000862,0,15638
104586,1,55845,0,12865
104587,1,159383,0,15829
104588,1,4077278,0,13954
104589,1,40527,0,15226
104590,1,1347787,0,15136
104591,1,19855,0,13714
104592,1,2197594,0,14799
104593,1,2054990,0,14550
104594,1,3082366,0,15973
104595,1,26724,0,15348
104596,1,23184,0,14279
104597,1,61687,0,12997
104598,1,61393,0,14032
104599,1,159265,0,15373
104600,1,165527,0,15213
104601,1,100076,0,14622
104602,1,29872,0,15539
104603,1,56814,0,15055
104604,1,46872,0,15323
104605,1,34099,0,15104
104606,1,47960,0,14710
104607,1,34481,0,14470
104608,1,1686613,0,15412
104609,1,60239,0,14806
104610,1,3085800,0,15159
104611,1,82142,0,15036
104612,1,2172745,0,14161
104613,1,1676996,0,14703
104614,1,1020963,0,15240
104615,1,170074,0,15023
104616,1,1988144,0,15741
104617,1,1619536,0,15554
104618,1,1365807,0,14888
104619,1,32795,0,15360
104620,1,554351,0,15820
104621,1,54394,0,11475
104622,1,2812527,0,14575
104623,1,31647,0,13696
104624,1,2399417,0,14732
104625,1,22299,0,11992
104626,1,81784,0,15647
104627,1,48652,0,15383
104628,1,3098321,0,14751
104629,1,53452,0,14353
104630,1,30583,0,14154
104631,1,49860,0,11233
104632,1,3804835,0,15015
104633,1,166050,0,12201
104634,1,54010,0,14351
104635,1,1162549,0,14166
104636,1,51178,0,14296
104637,1,160675,0,15662
104638,1,91362,0,13851
104639,1,442601,0,11086
104640,1,698850,0,15857
104641,1,33689,0,12590
104642,1,3774809,0,16217
104643,1,1137974,0,14204
104644,1,33934,0,14987
104645,1,30536,0,13900
104646,1,3090387,0,14744
104647,1,56732,0,14840
104648,1,22992,0,15373
104649,1,29020,0,15506
104650,1,3089618,0,14868
104651,1,183576,0,14873
104652,1,18114,0,14695
104653,1,33397,0,14935
104654,1,61403,0,14206
104655,1,54340,0,14664
104656,1,2793712,0,14802
104657,1,21894,0,12727
104658,1,53080,0,15056
104659,1,3496220,0,15101
104660,1,59835,0,11501
104661,1,3856549,0,14779
104662,1,33629,0,14368
104663,1,19195,0,12828
104664,1,929738,0,13184
104665,1,53918,0,13456
104666,1,1097560,0,15305
104667,1,2188305,0,14605
104668,1,55091,0,14484
104669,1,50265,0,13206
104670,1,830725,0,15681
104671,1,2100898,0,13209
104672,1,3858374,0,15476
104673,1,52924,0,12964
104674,1,477230,0,15603
104675,1,696124,0,15653
104676,1,37766,0,14486
104677,1,52206,0,14437
104678,1,2789566,0,15014
104679,1,53696,0,11444
104680,1,50428,0,15400
104681,1,5060869,0,14315
104682,1,47370,0,14940
104683,1,53483,0,15083
104684,1,28615,0,15142
104685,1,3092200,0,13505
104686,1,1696780,0,15259
104687,1,930975,0,15282
104688,1,58539,0,13876
104689,1,48133,0,15169
104690,1,30164,0,14742
104691,1,3087632,0,14755
104692,1,82761,0,15627
104693,1,54146,0,14650
104694,1,84044,0,13254
104695,1,2772277,0,14535
104696,1,39543,0,14274
104697,1,81601,0,14421
104698,1,32613,0,13127
104699,1,166871,0,10371
104700,1,1874589,0,14967
104701,1,184557,0,15161
104702,1,542055,0,12217
104703,1,2802437,0,15284
104704,1,535099,0,15184
104705,1,100091,0,14793
104706,1,53828,0,14411
104707,1,920402,0,15443
104708,1,28270,0,12245
104709,1,979714,0,15484
104710,1,3091966,0,14523
104711,1,777589,0,14936
104712,1,60461,0,15010
104713,1,44018,0,15168
104714,1,25330,0,14362
104715,1,57921,0,14982
104716,1,48754,0,15232
104717,1,3093453,0,15148
104718,1,30044,0,14303
104719,1,29139,0,13336
104720,1,45510,0,14850
104721,1,48512,0,15145
104722,1,45640,0,14799
104723,1,156547,0,14686
104724,1,5061074,0,14755
104725,1,165523,0,15533
104726,1,46184,0,15583
104727,1,56272,0,15011
104728,1,35242,0,15560
104729,1,23665,0,13769
104730,1,2054465,0,14735
104731,1,3087334,0,14661
104732,1,35899,0,14145
104733,1,2635981,0,13415
104734,1,32383,0,12344
104735,1,61299,0,13808
104736,1,26680,0,13391
104737,1,34830,0,12744
104738,1,50257,0,15238
104739,1,27563,0,14979
104740,1,54907,0,12275
104741,1,61291,0,13729
104742,1,158763,0,14787
104743,1,41161,0,15309
104744,1,50342,0,15083
104745,1,1145196,0,14127
104746,1,3094626,0,14557
104747,1,51521,0,15355
104748,1,48664,0,15365
104749,1,1711559,0,14738
104750,1,20828,0,14021
104751,1,5061180,0,13102
104752,1,167788,0,12081
104753,1,4684897,0,15650
104754,1,22379,0,14164
104755,1,3094242,0,15566
104756,1,1378581,0,14598
104757,1,733171,0,14277
104758,1,22220,0,14320
104759,1,55368,0,13414
104760,1,181060,0,15742
104761,1,37650,0,12121
104762,1,53997,0,14035
104763,1,1251423,0,14501
104764,1,86637,0,14141
104765,1,97220,0,15333
104766,1,1405294,0,15274
104767,1,3767262,0,14953
104768,1,47304,0,14168
104769,1,721000,0,15345
104770,1,43153,0,15020
104771,1,2808793,0,13846
104772,1,1651954,0,13597
104773,1,40937,0,13056
104774,1,61368,0,14262
104775,1,968572,0,14457
104776,1,44971,0,15018
104777,1,5060851,0,14574
104778,1,5060780,0,14631
104779,1,2440256,0,14822
104780,1,24492,0,14846
104781,1,153054,0,13651
104782,1,16749,0,13933
104783,1,3856703,0,14777
104784,1,992279,0,15000
104785,1,453137,0,15612
104786,1,154719,0,15385
104787,1,52348,0,14255
104788,1,2190496,0,12440
104789,1,1642248,0,14364
104790,1,1694903,0,15113
104791,1,3896345,0,15129
104792,1,4683950,0,15302
104793,1,34348,0,14625
104794,1,58493,0,10606
104795,1,55089,0,14744
104796,1,3092749,0,14982
104797,1,867111,0,14510
104798,1,36527,0,14597
104799,1,27346,0,14577
104800,1,32484,0,13259
104801,1,899795,0,13545
104802,1,2816936,0,15288
104803,1,30635,0,14479
104804,1,606998,0,14293
104805,1,567599,0,13662
104806,1,185266,0,15140
104807,1,1391509,0,14849
104808,1,32136,0,14700
104809,1,3442485,0,14829
104810,1,44711,0,14739
104811,1,2663416,0,14453
104812,1,153917,0,14991
104813,1,152234,0,14918
104814,1,610243,0,13448
104815,1,54701,0,13680
104816,1,53101,0,13814
104817,1,1006959,0,15389
104818,1,30551,0,14645
104819,1,33568,0,14953
104820,1,759314,0,13899
104821,1,32214,0,14652
104822,1,5060628,0,13799
104823,1,25325,0,14910
104824,1,21192,0,13634
104825,1,21884,0,13720
104826,1,58954,0,13782
104827,1,170187,0,15371
104828,1,27445,0,14780
104829,1,52230,0,14089
104830,1,24201,0,14995
104831,1,989455,0,13514
104832,1,2801313,0,15450
104833,1,20870,0,12980
104834,1,63086,0,13669
104835,1,154874,0,15794
104836,1,97210,0,14633
104837,1,2667866,0,13524
104838,1,170230,0,12664
104839,1,4077219,0,13775
104840,1,62315,0,12973
104841,1,26408,0,14630
104842,1,877382,0,14817
104843,1,1468129,0,14696
104844,1,1036548,0,14723
104845,1,30079,0,13981
104846,1,17605,0,13064
104847,1,4076230,0,13004
104848,1,839829,0,13047
104849,1,158463,0,14847
104850,1,21140,0,13960
104851,1,687663,0,14267
104852,1,29191,0,15064
104853,1,3081779,0,14321
104854,1,167957,0,12754
104855,1,36460,0,13799
104856,1,23421,0,14009
104857,1,35835,0,12976
104858,1,5061103,0,12642
104859,1,38453,0,15179
104860,1,22416,0,14839
104861,1,34931,0,14788
104862,1,3097985,0,14796
104863,1,3713570,0,14554
104864,1,2516486,0,14674
104865,1,1472550,0,14982
104866,1,52776,0,14868
104867,1,2288536,0,14637
104868,1,41540,0,14359
104869,1,2742313,0,12788
104870,1,213279,0,14430
104871,1,31972,0,14448
104872,1,483528,0,14701
104873,1,3092143,0,15073
104874,1,170238,0,14668
104875,1,31644,0,11059
104876,1,61322,0,13628
104877,1,56040,0,13508
104878,1,565956,0,12156
104879,1,47201,0,11289
104880,1,54702,0,15079
104881,1,47050,0,14667
104882,1,56273,0,11769
104883,1,33574,0,13808
104884,1,22452,0,13675
104885,1,951681,0,15321
104886,1,2808150,0,13995
104887,1,158174,0,14853
104888,1,42052,0,14049
104889,1,56216,0,12527
104890,1,35283,0,13072
104891,1,53180,0,12719
104892,1,1057889,0,14741
104893,1,3109183,0,14142
104894,1,3442494,0,14728
104895,1,33015,0,14878
104896,1,2632515,0,13850
104897,1,26106,0,14506
104898,1,88903,0,14562
104899,1,1727914,0,15317
104900,1,23806,0,14204
104901,1,904263,0,13530
104902,1,59632,0,12034
104903,1,25600,0,11747
104904,1,883638,0,15245
104905,1,45031,0,14756
104906,1,45118,0,13050
104907,1,30150,0,15065
104908,1,1281329,0,14585
104909,1,47570,0,13348
104910,1,41247,0,12911
104911,1,91073,0,14517
104912,1,54500,0,13935
104913,1,58704,0,14042
104914,1,1236929,0,15076
104915,1,1152683,0,13679
104916,1,1127251,0,13702
104917,1,41864,0,12479
104918,1,201106,0,12635
104919,1,2468032,0,14405
104920,1,31535,0,13362
104921,1,26105,0,13233
104922,1,57294,0,12838
104923,1,2793196,0,13109
104924,1,2184786,0,13602
104925,1,51390,0,12446
104926,1,58835,0,14739
104927,1,1180583,0,15120
104928,1,60288,0,12329
104929,1,3082043,0,14550
104930,1,717640,0,15062
104931,1,34520,0,13305
104932,1,745553,0,14653
104933,1,22385,0,14162
104934,1,22672,0,14160
104935,1,200704,0,12159
104936,1,635511,0,15183
104937,1,3082611,0,14130
104938,1,63156,0,11810
104939,1,168160,0,13952
104940,1,57256,0,13329
104941,1,892093,0,15116
104942,1,28041,0,14689
104943,1,3087393,0,14647
104944,1,2660382,0,13324
104945,1,48905,0,13197
104946,1,80500,0,15364
104947,1,42109,0,14355
104948,1,2727309,0,13978
104949,1,152422,0,13949
104950,1,33395,0,14847
104951,1,42802,0,13525
104952,1,4075897,0,13552
104953,1,33232,0,13435
104954,1,1045062,0,12680
104955,1,721075,0,14121
104956,1,5060757,0,13428
104957,1,2785220,0,13633
104958,1,18913,0,12854
104959,1,156980,0,12164
104960,1,54700,0,12912
104961,1,59382,0,14012
104962,1,701983,0,13476
104963,1,165650,0,12144
104964,1,959485,0,15247
104965,1,30329,0,14285
104966,1,811890,0,14530
104967,1,46380,0,15134
104968,1,37253,0,14090
104969,1,1747629,0,14675
104970,1,838957,0,14274
104971,1,50992,0,14202
104972,1,42387,0,14780
104973,1,5060661,0,13698
104974,1,1038076,0,14406
104975,1,154751,0,14575
104976,1,41045,0,14364
104977,1,48061,0,13382
104978,1,52865,0,12050
104979,1,1704186,0,13944
104980,1,908090,0,14908
104981,1,26839,0,14505
104982,1,1669598,0,14259
104983,1,82006,0,12114
104984,1,530850,0,12913
104985,1,27555,0,14709
104986,1,29788,0,14573
104987,1,31547,0,12421
104988,1,2388655,0,14044
104989,1,3075790,0,14525
104990,1,59881,0,12203
104991,1,56016,0,14514
104992,1,21880,0,14733
104993,1,82129,0,12068
104994,1,47541,0,11643
104995,1,850378,0,13909
104996,1,20054,0,13122
104997,1,53852,0,14216
104998,1,27363,0,14243
104999,1,58837,0,12739
105000,1,63001,0,12312
105001,1,24956,0,14174
105002,1,81754,0,14396
105003,1,889968,0,14942
105004,1,23130,0,14022
105005,1,56421,0,13275
105006,1,23670,0,13244
105007,1,3819236,0,14066
105008,1,159543,0,12361
105009,1,54202,0,14444
105010,1,19197,0,13571
105011,1,153424,0,14203
105012,1,40624,0,13964
105013,1,928809,0,13365
105014,1,46793,0,14668
105015,1,22054,0,14061
105016,1,3081480,0,13351
105017,1,29734,0,12940
105018,1,3093661,0,13134
105019,1,54783,0,13748
105020,1,830206,0,14782
105021,1,871074,0,14162
105022,1,32669,0,13343
105023,1,20644,0,14154
105024,1,32619,0,11610
105025,1,54031,0,14205
105026,1,140774,0,13787
105027,1,61294,0,12636
105028,1,5061216,0,12605
105029,1,5060497,0,12189
105030,1,714509,0,13735
105031,1,24901,0,13059
105032,1,22467,0,14468
105033,1,3091412,0,14156
105034,1,1809791,0,14337
105035,1,1166326,0,14377
105036,1,51556,0,13994
105037,1,30031,0,13060
105038,1,24406,0,11789
105039,1,154254,0,13692
105040,1,2775239,0,14220
105041,1,51199,0,14651
105042,1,48132,0,14748
105043,1,33707,0,14480
105044,1,40182,0,13521
105045,1,58844,0,13802
105046,1,2595876,0,13426
105047,1,34674,0,13524
105048,1,180685,0,14160
105049,1,19976,0,13273
105050,1,2016813,0,11982
105051,1,3851711,0,14509
105052,1,2384950,0,13393
105053,1,55110,0,13701
105054,1,3086070,0,13153
105055,1,62544,0,13274
105056,1,38007,0,12899
105057,1,49279,0,12059
105058,1,2385306,0,14551
105059,1,42702,0,13289
105060,1,36069,0,11448
105061,1,3409227,0,14613
105062,1,37431,0,13332
105063,1,1516261,0,11460
105064,1,900797,0,14512
105065,1,53552,0,10473
105066,1,2772469,0,14312
105067,1,154320,0,13660
105068,1,733029,0,14667
105069,1,5060731,0,13799
105070,1,3081621,0,12689
105071,1,73091,0,12283
105072,1,760641,0,14622
105073,1,1021879,0,14679
105074,1,50862,0,12024
105075,1,805533,0,14635
105076,1,3082292,0,14523
105077,1,23417,0,13685
105078,1,4686484,0,13915
105079,1,1399689,0,14670
105080,1,56614,0,13947
105081,1,42293,0,13868
105082,1,795305,0,13029
105083,1,1427897,0,14729
105084,1,60489,0,13767
105085,1,55432,0,13585
105086,1,61664,0,12719
105087,1,27292,0,12302
105088,1,34138,0,12644
105089,1,60189,0,13247
105090,1,40802,0,13721
105091,1,53710,0,11932
105092,1,3082337,0,14787
105093,1,3862018,0,14447
105094,1,37979,0,14532
105095,1,27581,0,13364
105096,1,59982,0,11715
105097,1,25055,0,11584
105098,1,3774965,0,14581
105099,1,57401,0,13145
105100,1,31341,0,13608
105101,1,60442,0,11013
105102,1,60064,0,11949
105103,1,22644,0,10118
105104,1,29510,0,14423
105105,1,165781,0,13979
105106,1,160977,0,14304
105107,1,2253447,0,13660
105108,1,1221249,0,14410
105109,1,50937,0,13826
105110,1,51469,0,12951
105111,1,715866,0,12952
105112,1,38182,0,12443
105113,1,545926,0,14226
105114,1,2592056,0,11478
105115,1,58431,0,11502
105116,1,90042,0,12795
105117,1,58703,0,14236
105118,1,52806,0,14061
105119,1,3087805,0,13654
105120,1,1852943,0,13621
105121,1,157925,0,14841
105122,1,45401,0,14602
105123,1,143091,0,13908
105124,1,55491,0,12241
105125,1,184383,0,13774
105126,1,1409289,0,14250
105127,1,77909,0,14303
105128,1,5060828,0,13540
105129,1,55917,0,11765
105130,1,3382920,0,14547
105131,1,24106,0,13404
105132,1,46621,0,14319
105133,1,3091575,0,14010
105134,1,56055,0,12336
105135,1,2709522,0,13277
105136,1,29168,0,13490
105137,1,30823,0,13541
105138,1,30198,0,14295
105139,1,3082185,0,14531
105140,1,2095159,0,13633
105141,1,1685201,0,13718
105142,1,2786003,0,14293
105143,1,1393682,0,13286
105144,1,57334,0,13789
105145,1,1472430,0,13587
105146,1,21598,0,13572
105147,1,872007,0,14402
105148,1,570617,0,13467
105149,1,3087119,0,14067
105150,1,35133,0,13649
105151,1,2287819,0,13037
105152,1,63133,0,13698
105153,1,137361,0,12684
105154,1,54065,0,12954
105155,1,44601,0,13522
105156,1,3087014,0,13811
105157,1,52017,0,13647
105158,1,42398,0,13616
105159,1,3093136,0,14048
105160,1,23281,0,13570
105161,1,1011324,0,13266
105162,1,55011,0,11837
105163,1,27262,0,11464
105164,1,896500,0,13360
105165,1,32381,0,14440
105166,1,710820,0,14686
105167,1,24687,0,12986
105168,1,56567,0,13007
105169,1,50864,0,13902
105170,1,62805,0,12640
105171,1,39848,0,14364
105172,1,2773032,0,13293
105173,1,30380,0,14154
105174,1,24541,0,12769
105175,1,27108,0,12610
105176,1,54800,0,13121
105177,1,1322227,0,11061
105178,1,54721,0,13364
105179,1,181561,0,14015
105180,1,921982,0,13561
105181,1,47113,0,13139
105182,1,2665850,0,12360
105183,1,36296,0,14049
105184,1,32676,0,14355
105185,1,51088,0,14227
105186,1,50922,0,13863
105187,1,55600,0,14156
105188,1,56073,0,12731
105189,1,64933,0,8413
105190,1,2640722,0,13917
105191,1,2738730,0,13450
105192,1,37854,0,13893
105193,1,3093209,0,14166
105194,1,3087486,0,13568
105195,1,799176,0,14181
105196,1,20284,0,12121
105197,1,50883,0,11367
105198,1,1521989,0,13726
105199,1,664375,0,13584
105200,1,53492,0,13991
105201,1,166317,0,12446
105202,1,50538,0,12053
105203,1,33083,0,13696
105204,1,53333,0,12865
105205,1,52870,0,12667
105206,1,156307,0,12992
105207,1,57237,0,11925
105208,1,4584519,0,12536
105209,1,31431,0,13932
105210,1,2201629,0,14342
105211,1,1020462,0,14148
105212,1,170217,0,13872
105213,1,55761,0,12326
105214,1,166041,0,11966
105215,1,58719,0,11115
105216,1,61974,0,13769
105217,1,62812,0,10944
105218,1,24424,0,12036
105219,1,49677,0,9916
105220,1,2675518,0,14090
105221,1,36817,0,12690
105222,1,2187549,0,12905
105223,1,1617255,0,13509
105224,1,5060687,0,12847
105225,1,53000,0,11684
105226,1,1368066,0,13938
105227,1,697543,0,13933
105228,1,37459,0,12992
105229,1,4075972,0,14161
105230,1,1025931,0,13293
105231,1,30745,0,13258
105232,1,2323284,0,11646
105233,1,57466,0,14333
105234,1,37408,0,14534
105235,1,3088255,0,13109
105236,1,167609,0,12903
105237,1,1606105,0,13033
105238,1,24873,0,12969
105239,1,53508,0,11286
105240,1,2634010,0,12128
105241,1,48881,0,12071
105242,1,719112,0,14362
105243,1,1741564,0,13994
105244,1,46788,0,13289
105245,1,35411,0,13088
105246,1,24719,0,12816
105247,1,1822830,0,13537
105248,1,1698539,0,13796
105249,1,971656,0,13911
105250,1,141475,0,12368
105251,1,1698505,0,14370
105252,1,949419,0,14336
105253,1,27187,0,13672
105254,1,5061058,0,14296
105255,1,158226,0,14430
105256,1,2816909,0,13701
105257,1,30058,0,14399
105258,1,22309,0,12811
105259,1,5060608,0,12973
105260,1,1031656,0,12463
105261,1,675491,0,13454
105262,1,26132,0,12512
105263,1,22985,0,12114
105264,1,54009,0,13997
105265,1,961885,0,13824
105266,1,58339,0,10573
105267,1,26323,0,10746
105268,1,25074,0,13164
105269,1,30212,0,13543
105270,1,4666126,0,13545
105271,1,139671,0,13909
105272,1,2816684,0,12817
105273,1,61879,0,12292
105274,1,38226,0,12620
105275,1,28537,0,12673
105276,1,43352,0,14401
105277,1,3900214,0,13485
105278,1,53432,0,10538
105279,1,170204,0,13789
105280,1,919170,0,13190
105281,1,1084539,0,10203
105282,1,59384,0,12562
105283,1,33044,0,13591
105284,1,34034,0,13125
105285,1,43378,0,12165
105286,1,39823,0,13714
105287,1,1694443,0,13022
105288,1,21577,0,11166
105289,1,52672,0,12878
105290,1,81054,0,13156
105291,1,841075,0,11496
105292,1,18934,0,13567
105293,1,23817,0,12931
105294,1,48912,0,12711
105295,1,34851,0,14501
105296,1,32704,0,14213
105297,1,2775840,0,13435
105298,1,1406081,0,14310
105299,1,200789,0,10704
105300,1,37715,0,13881
105301,1,37873,0,13984
105302,1,29871,0,12307
105303,1,799346,0,11917
105304,1,2670791,0,12325
105305,1,40060,0,13861
105306,1,53653,0,11031
105307,1,49565,0,13449
105308,1,42776,0,12754
105309,1,2808645,0,13474
105310,1,2080422,0,13402
105311,1,2809817,0,13506
105312,1,2664695,0,12488
105313,1,34273,0,12997
105314,1,3834966,0,12731
105315,1,46701,0,10480
105316,1,160897,0,13521
105317,1,55916,0,12338
105318,1,36218,0,12303
105319,1,22059,0,10511
105320,1,3097410,0,14093
105321,1,2807982,0,13800
105322,1,53746,0,12059
105323,1,44136,0,11757
105324,1,2798578,0,10804
105325,1,1246154,0,13444
105326,1,37571,0,12555
105327,1,86612,0,14049
105328,1,161085,0,12425
105329,1,734028,0,12831
105330,1,48574,0,12481
105331,1,53814,0,11787
105332,1,52892,0,13574
105333,1,3087682,0,13393
105334,1,60538,0,13393
105335,1,2268127,0,13488
105336,1,1676408,0,12474
105337,1,2664171,0,13692
105338,1,22509,0,13620
105339,1,63431,0,12363
105340,1,22494,0,12939
105341,1,39368,0,12532
105342,1,4684928,0,13480
105343,1,2648054,0,13247
105344,1,61149,0,11885
105345,1,55611,0,12232
105346,1,21326,0,13859
105347,1,657313,0,13611
105348,1,2577844,0,11954
105349,1,165857,0,11824
105350,1,54052,0,11586
105351,1,32729,0,13071
105352,1,35659,0,13180
105353,1,656666,0,13570
105354,1,50284,0,12804
105355,1,3864931,0,13400
105356,1,157612,0,14308
105357,1,54986,0,12452
105358,1,2775476,0,12135
105359,1,58824,0,10482
105360,1,49827,0,11025
105361,1,907603,0,13784
105362,1,24511,0,13232
105363,1,81288,0,13300
105364,1,183455,0,14457
105365,1,32012,0,12383
105366,1,1069686,0,11509
105367,1,119649,0,13553
105368,1,2123373,0,13459
105369,1,53218,0,11533
105370,1,35681,0,11911
105371,1,39061,0,13603
105372,1,939802,0,12846
105373,1,1723455,0,12505
105374,1,2087075,0,13236
105375,1,24190,0,12929
105376,1,53548,0,11155
105377,1,201286,0,10465
105378,1,34026,0,13215
105379,1,161036,0,12551
105380,1,5061064,0,13864
105381,1,3871149,0,13377
105382,1,48540,0,13416
105383,1,22599,0,12089
105384,1,2307067,0,13770
105385,1,820917,0,14283
105386,1,60449,0,13314
105387,1,1956438,0,13273
105388,1,1645417,0,13478
105389,1,54465,0,11938
105390,1,612894,0,14043
105391,1,30376,0,14094
105392,1,3089367,0,13542
105393,1,62005,0,13382
105394,1,169369,0,13896
105395,1,2516546,0,12731
105396,1,2410889,0,12372
105397,1,35947,0,11976
105398,1,57270,0,10530
105399,1,46450,0,10391
105400,1,1402414,0,14162
105401,1,51082,0,13326
105402,1,159657,0,12837
105403,1,616041,0,11935
105404,1,986045,0,11502
105405,1,2227947,0,13436
105406,1,1528459,0,12603
105407,1,157848,0,13121
105408,1,3763452,0,13968
105409,1,56673,0,13216
105410,1,165126,0,13455
105411,1,51540,0,13207
105412,1,21638,0,12400
105413,1,30243,0,13025
105414,1,48313,0,12899
105415,1,57974,0,10719
105416,1,1617352,0,13168
105417,1,42063,0,12570
105418,1,1671868,0,13167
105419,1,2105462,0,13644
105420,1,3081704,0,14221
105421,1,3851400,0,13176
105422,1,26960,0,13298
105423,1,60495,0,12624
105424,1,100104,0,12984
105425,1,214552,0,13034
105426,1,31625,0,13928
105427,1,59640,0,11281
105428,1,200538,0,11108
105429,1,170150,0,11744
105430,1,1111525,0,13753
105431,1,37583,0,12963
105432,1,165682,0,13131
105433,1,62111,0,11638
105434,1,2167841,0,12944
105435,1,5061239,0,12276
105436,1,810996,0,12789
105437,1,156886,0,12510
105438,1,54473,0,12343
105439,1,53907,0,12249
105440,1,1347752,0,11108
105441,1,60657,0,10974
105442,1,84290,0,13811
105443,1,26766,0,12268
105444,1,51462,0,12242
105445,1,43718,0,13446
105446,1,182025,0,11866
105447,1,3762384,0,13474
105448,1,59698,0,11093
105449,1,29938,0,14238
105450,1,985321,0,14143
105451,1,56058,0,13064
105452,1,166024,0,12776
105453,1,34486,0,12869
105454,1,1020307,0,12237
105455,1,19801,0,13503
105456,1,5060632,0,12527
105457,1,33567,0,13095
105458,1,59481,0,11913
105459,1,30639,0,13330
105460,1,47200,0,11675
105461,1,3887395,0,13212
105462,1,3091281,0,14036
105463,1,33484,0,13749
105464,1,30036,0,12015
105465,1,604180,0,8421
105466,1,723928,0,14140
105467,1,60437,0,12216
105468,1,5060696,0,11724
105469,1,153575,0,14251
105470,1,48916,0,12102
105471,1,2668519,0,13360
105472,1,43546,0,12382
105473,1,2492348,0,13783
105474,1,5060999,0,13689
105475,1,22673,0,12166
105476,1,30138,0,12010
105477,1,985986,0,11303
105478,1,34774,0,13609
105479,1,60398,0,12524
105480,1,52979,0,13196
105481,1,33764,0,13524
105482,1,166256,0,13397
105483,1,461218,0,13382
105484,1,17249,0,13611
105485,1,54623,0,11242
105486,1,1026855,0,13737
105487,1,57083,0,12796
105488,1,37011,0,13366
105489,1,43529,0,12885
105490,1,29605,0,11517
105491,1,23491,0,13157
105492,1,44948,0,13920
105493,1,23296,0,13487
105494,1,29476,0,13372
105495,1,47900,0,12545
105496,1,61912,0,10632
105497,1,415811,0,10274
105498,1,56081,0,7896
105499,1,5060444,0,13127
105500,1,653136,0,13574
105501,1,58028,0,12339
105502,1,54680,0,12570
105503,1,1665761,0,12486
105504,1,3794076,0,12426
105505,1,30025,0,12228
105506,1,61890,0,12234
105507,1,166383,0,12100
105508,1,472871,0,12962
105509,1,924686,0,12175
105510,1,56956,0,12884
105511,1,36500,0,13218
105512,1,27377,0,12838
105513,1,22582,0,12719
105514,1,4077037,0,12613
105515,1,950134,0,13643
105516,1,55354,0,12990
105517,1,2809851,0,12917
105518,1,184839,0,13523
105519,1,1041660,0,13168
105520,1,32092,0,12733
105521,1,3091118,0,12415
105522,1,31117,0,12399
105523,1,23141,0,11756
105524,1,47727,0,12086
105525,1,24309,0,10988
105526,1,2060373,0,12765
105527,1,18843,0,12497
105528,1,49994,0,12739
105529,1,21493,0,12202
105530,1,678704,0,12284
105531,1,730550,0,12105
105532,1,156827,0,11658
105533,1,83853,0,9674
105534,1,1682236,0,12513
105535,1,29521,0,12068
105536,1,25283,0,11191
105537,1,25156,0,11967
105538,1,4076804,0,11802
105539,1,24909,0,9681
105540,1,90190,0,13920
105541,1,2776591,0,10854
105542,1,40449,0,9554
105543,1,49818,0,11188
105544,1,34512,0,13703
105545,1,19335,0,12570
105546,1,161118,0,12474
105547,1,24399,0,12594
105548,1,1685029,0,12241
105549,1,49731,0,12210
105550,1,24639,0,10974
105551,1,39636,0,13165
105552,1,170072,0,13362
105553,1,34205,0,13009
105554,1,19969,0,12321
105555,1,21574,0,11855
105556,1,22773,0,11816
105557,1,44988,0,9549
105558,1,3081513,0,13508
105559,1,155575,0,13363
105560,1,32758,0,13066
105561,1,3086129,0,12156
105562,1,50296,0,11953
105563,1,28658,0,13601
105564,1,21487,0,12698
105565,1,22913,0,12716
105566,1,78950,0,12503
105567,1,33004,0,11043
105568,1,52716,0,9117
105569,1,1154729,0,12879
105570,1,60790,0,11794
105571,1,170356,0,13385
105572,1,592715,0,12159
105573,1,2233814,0,13410
105574,1,59383,0,12180
105575,1,30541,0,11763
105576,1,53523,0,11556
105577,1,52930,0,10627
105578,1,33236,0,13259
105579,1,2399106,0,13331
105580,1,53363,0,12995
105581,1,3075412,0,12342
105582,1,38575,0,11789
105583,1,885148,0,13599
105584,1,30394,0,12935
105585,1,31880,0,10114
105586,1,160125,0,13450
105587,1,54183,0,11972
105588,1,33356,0,13542
105589,1,59535,0,9511
105590,1,3810848,0,12237
105591,1,23094,0,10439
105592,1,2756582,0,12627
105593,1,40667,0,13420
105594,1,2759286,0,11984
105595,1,2825766,0,11844
105596,1,48982,0,10743
105597,1,57145,0,12175
105598,1,3442032,0,13228
105599,1,1457013,0,13515
105600,1,1682802,0,12670
105601,1,170347,0,13226
105602,1,153984,0,13360
105603,1,53340,0,12903
105604,1,25974,0,12440
105605,1,2801566,0,12463
105606,2,29987,81,11647
105607,1,35029,0,10584
105608,1,37923,0,12985
105609,1,2610999,0,12506
105610,1,167718,0,11063
105611,1,33363,0,11279
105612,1,19808,0,11235
105613,1,2149931,0,12922
105614,1,24608,0,12705
105615,1,50438,0,12982
105616,1,805513,0,12461
105617,1,56231,0,13309
105618,1,48131,0,12986
105619,1,2614728,0,12841
105620,1,2204934,0,12295
105621,1,57091,0,12623
105622,1,64461,0,11539
105623,1,47446,0,11962
105624,1,49111,0,11716
105625,1,38362,0,11089
105626,1,28051,0,13523
105627,1,2560475,0,12791
105628,1,1278380,0,12959
105629,1,1016231,0,12655
105630,1,21471,0,12140
105631,1,57835,0,10638
105632,1,2783571,0,13176
105633,1,184840,0,12267
105634,1,1043926,0,12179
105635,1,52877,0,9182
105636,1,160151,0,13471
105637,1,604278,0,12072
105638,1,40091,0,10647
105639,1,4076104,0,13093
105640,1,60792,0,11912
105641,1,49055,0,11992
105642,1,56044,0,12906
105643,1,46534,0,12650
105644,1,45493,0,12242
105645,1,45192,0,11310
105646,1,165701,0,10710
105647,1,184750,0,13358
105648,1,53626,0,11753
105649,1,2793185,0,11355
105650,1,57142,0,12908
105651,1,2724342,0,12116
105652,1,61805,0,11699
105653,1,3082665,0,13429
105654,1,184132,0,13493
105655,1,160089,0,13186
105656,1,27948,0,12919
105657,1,2321286,0,12413
105658,1,53827,0,12218
105659,1,19547,0,12485
105660,1,167680,0,11741
105661,1,3816463,0,11581
105662,1,50785,0,12848
105663,1,30472,0,11908
105664,1,19835,0,12281
105665,1,56944,0,13348
105666,1,33674,0,10181
105667,1,976095,0,13531
105668,1,3723689,0,12836
105669,1,2793202,0,11675
105670,1,159565,0,13139
105671,1,24456,0,13076
105672,1,45226,0,12330
105673,1,31009,0,12179
105674,1,49481,0,12017
105675,1,170304,0,11824
105676,1,669632,0,13584
105677,1,155651,0,13599
105678,1,22472,0,12864
105679,1,60017,0,12294
105680,1,25598,0,12672
105681,1,3086825,0,11963
105682,1,58363,0,11564
105683,1,46235,0,11768
105684,1,5060507,0,10734
105685,1,100092,0,13408
105686,1,38062,0,12290
105687,1,35981,0,13435
105688,1,3089522,0,13507
105689,1,24813,0,12804
105690,1,52435,0,12163
105691,1,21144,0,11127
105692,1,60659,0,12608
105693,1,52772,0,13501
105694,1,59072,0,11989
105695,1,26030,0,12176
105696,1,21803,0,10089
105697,1,2253270,0,13194
105698,1,23138,0,12855
105699,1,19740,0,11206
105700,1,3797289,0,12625
105701,1,56624,0,11807
105702,1,58034,0,12512
105703,1,20665,0,12414
105704,1,22747,0,11414
105705,1,93123,0,8625
105706,1,21576,0,12412
105707,1,61751,0,11523
105708,1,58885,0,11458
105709,1,47880,0,10719
105710,1,55819,0,11824
105711,1,56713,0,10064
105712,1,21890,0,9891
105713,1,3091626,0,13044
105714,1,50562,0,12370
105715,1,2521612,0,10534
105716,1,2085275,0,11996
105717,1,2781828,0,13103
105718,1,3810718,0,12803
105719,1,736925,0,11962
105720,1,33078,0,11265
105721,1,21735,0,12539
105722,1,59482,0,12073
105723,1,2564451,0,11739
105724,1,50288,0,12509
105725,1,170194,0,11604
105726,1,30935,0,11255
105727,1,37095,0,11194
105728,1,29565,0,10626
105729,1,1182923,0,12469
105730,1,45214,0,12960
105731,1,23596,0,12322
105732,1,906334,0,12886
105733,1,55919,0,10695
105734,1,3082003,0,13571
105735,1,2780485,0,12378
105736,1,56292,0,9101
105737,1,5061046,0,13182
105738,1,31361,0,13058
105739,1,26598,0,11974
105740,1,1125307,0,12781
105741,1,34855,0,10513
105742,1,2413735,0,12659
105743,1,48301,0,11624
105744,1,82066,0,12068
105745,1,3086222,0,12959
105746,1,20757,0,11200
105747,1,520463,0,12965
105748,1,22842,0,11975
105749,1,599617,0,12237
105750,1,170166,0,12462
105751,1,44743,0,9677
105752,1,34634,0,10823
105753,1,90092,0,13238
105754,1,57374,0,12471
105755,1,1072814,0,12258
105756,1,28284,0,11421
105757,1,53922,0,11555
105758,1,41961,0,11248
105759,1,33710,0,13150
105760,1,617551,0,11873
105761,1,25685,0,12664
105762,1,24773,0,12572
105763,1,38601,0,11826
105764,1,30311,0,13046
105765,1,35475,0,13213
105766,1,55708,0,10714
105767,1,47178,0,10298
105768,1,39335,0,12773
105769,1,56096,0,10102
105770,1,38911,0,12906
105771,1,1471986,0,13306
105772,1,32503,0,13392
105773,1,600234,0,12766
105774,1,3777941,0,12851
105775,1,23818,0,11513
105776,1,26359,0,12000
105777,1,83247,0,13656
105778,1,566500,0,13361
105779,1,56244,0,12575
105780,1,5060808,0,11837
105781,1,57548,0,11593
105782,1,22211,0,11230
105783,1,60771,0,12420
105784,1,158673,0,13238
105785,1,53969,0,12651
105786,1,5061102,0,11687
105787,1,699807,0,12325
105788,1,3755295,0,11787
105789,1,46693,0,10288
105790,1,36613,0,10113
105791,1,45555,0,10053
105792,1,784815,0,13158
105793,1,43486,0,11706
105794,1,1056231,0,10468
105795,1,2176864,0,12957
105796,1,1755370,0,12444
105797,1,1690793,0,12186
105798,1,2267324,0,12070
105799,1,26640,0,12055
105800,1,36166,0,11595
105801,1,918598,0,11311
105802,1,51156,0,11019
105803,1,51371,0,10719
105804,1,27762,0,2275
105805,1,25520,0,13019
105806,1,3441847,0,12926
105807,1,100098,0,12825
105808,1,58779,0,11556
105809,1,45553,0,11035
105810,1,54750,0,11922
105811,1,50768,0,12836
105812,1,3747706,0,13000
105813,1,3090474,0,12844
105814,1,23609,0,12520
105815,1,54302,0,12069
105816,1,19594,0,11175
105817,1,50604,0,11514
105818,1,35161,0,10557
105819,1,43430,0,10336
105820,1,33928,0,10336
105821,1,49620,0,12558
105822,1,31976,0,12346
105823,1,2814906,0,13140
105824,1,60463,0,12151
105825,1,34599,0,11754
105826,1,47890,0,11333
105827,1,24833,0,13458
105828,1,63345,0,9036
105829,1,56294,0,9307
105830,1,55589,0,12901
105831,1,50741,0,11969
105832,1,53438,0,10020
105833,1,20114,0,13225
105834,1,3096545,0,12326
105835,1,3085679,0,12417
105836,1,2801563,0,12393
105837,1,48105,0,12045
105838,1,938600,0,11711
105839,1,3094249,0,11323
105840,1,2663305,0,12554
105841,1,3081638,0,13480
105842,1,2256015,0,11987
105843,1,57848,0,11167
105844,1,46599,0,10133
105845,1,2631799,0,12497
105846,1,90172,0,12095
105847,1,29092,0,10902
105848,1,3093387,0,12279
105849,1,47488,0,12512
105850,1,54132,0,12215
105851,1,5060973,0,12685
105852,1,745701,0,12980
105853,1,53733,0,12589
105854,1,52732,0,12030
105855,1,49372,0,11777
105856,1,49363,0,11725
105857,1,52202,0,9749
105858,1,24964,0,9084
105859,1,165654,0,12560
105860,1,49212,0,11385
105861,1,52615,0,11696
105862,1,59472,0,11357
105863,1,58097,0,10651
105864,1,29583,0,9797
105865,1,46137,0,10662
105866,1,1697571,0,12440
105867,1,183120,0,12806
105868,1,23235,0,11846
105869,1,32469,0,11013
105870,1,43369,0,12807
105871,1,2239508,0,12327
105872,1,52492,0,11707
105873,1,87336,0,12728
105874,1,90062,0,10415
105875,1,27753,0,9206
105876,1,43627,0,12693
105877,1,1778706,0,12466
105878,1,3092324,0,12937
105879,1,34788,0,12551
105880,1,55864,0,11852
105881,1,891906,0,13212
105882,1,525043,0,13182
105883,1,803600,0,12969
105884,1,2392381,0,12141
105885,1,3844719,0,12454
105886,1,4076916,0,12087
105887,1,35710,0,11253
105888,1,47886,0,10912
105889,1,59930,0,10252
105890,1,24916,0,13120
105891,1,1037028,0,11584
105892,1,18020,0,10876
105893,1,36003,0,10083
105894,1,27565,0,9798
105895,1,202526,0,9759
105896,1,2739713,0,12520
105897,1,20653,0,12506
105898,1,51552,0,12728
105899,1,167552,0,11697
105900,1,35748,0,11410
105901,1,52565,0,13140
105902,1,57869,0,12496
105903,1,2816130,0,12180
105904,1,2203560,0,11533
105905,1,31237,0,11914
105906,1,651215,0,12068
105907,1,77664,0,11733
105908,1,184642,0,10799
105909,1,35817,0,12686
105910,1,2506504,0,12836
105911,1,28404,0,11170
105912,1,3783687,0,12876
105913,1,2073050,0,12284
105914,1,25428,0,12988
105915,1,908986,0,13085
105916,1,5060785,0,12300
105917,1,1357218,0,12665
105918,1,3086694,0,12252
105919,1,27506,0,12227
105920,1,2412123,0,12550
105921,1,38097,0,12931
105922,1,154730,0,12796
105923,1,23463,0,11485
105924,1,31453,0,11309
105925,1,1022704,0,8796
105926,1,5060834,0,12116
105927,1,32974,0,11958
105928,1,3380052,0,12799
105929,1,1139156,0,13025
105930,1,159705,0,12892
105931,1,35529,0,11856
105932,1,46823,0,12382
105933,1,23077,0,12295
105934,1,1097405,0,12264
105935,1,56464,0,11698
105936,1,3081913,0,11620
105937,1,2174774,0,10338
105938,1,39715,0,8928
105939,1,52416,0,11891
105940,1,60625,0,10637
105941,1,29047,0,12254
105942,1,52479,0,12200
105943,1,96437,0,12002
105944,1,54193,0,11680
105945,1,53646,0,10407
105946,1,2023549,0,12632
105947,1,31596,0,13188
105948,1,29060,0,12148
105949,1,30525,0,11071
105950,1,3868043,0,13006
105951,1,61163,0,12383
105952,1,22257,0,12996
105953,1,29885,0,12993
105954,1,4683703,0,12962
105955,1,1269349,0,11822
105956,1,27050,0,11317
105957,1,38633,0,11858
105958,1,45234,0,11362
105959,1,21448,0,10589
105960,1,27523,0,9777
105961,1,50543,0,12068
105962,1,154947,0,12903
105963,1,23207,0,12174
105964,1,157025,0,12589
105965,1,4076994,0,12168
105966,1,37742,0,12195
105967,1,55558,0,11569
105968,1,170167,0,12072
105969,1,3098774,0,11909
105970,1,22785,0,13033
105971,1,5060800,0,12084
105972,1,50842,0,11804
105973,1,57502,0,9870
105974,1,21955,0,13002
105975,1,23811,0,12900
105976,1,30098,0,12583
105977,1,3081598,0,11304
105978,1,32202,0,13014
105979,1,48170,0,10440
105980,1,28114,0,11780
105981,1,57623,0,10477
105982,1,3571173,0,11613
105983,1,3081510,0,10130
105984,1,138842,0,12944
105985,1,22919,0,12688
105986,1,903430,0,12534
105987,1,53547,0,12170
105988,1,39714,0,12618
105989,1,1032959,0,11436
105990,1,35958,0,11001
105991,1,41938,0,12268
105992,1,170176,0,12630
105993,1,3082340,0,12093
105994,1,59257,0,10663
105995,1,23107,0,10035
105996,1,3727477,0,12418
105997,1,45490,0,11826
105998,1,1374476,0,12772
105999,1,181988,0,12821
106000,1,32575,0,12216
106001,1,55921,0,10998
106002,1,27499,0,13040
106003,1,1645602,0,12161
106004,1,166037,0,12011
106005,1,55205,0,12481
106006,1,24361,0,12587
106007,1,55759,0,11915
106008,1,59736,0,11187
106009,1,2778079,0,12860
106010,1,3088351,0,12300
106011,1,55952,0,11950
106012,1,4076834,0,12443
106013,1,4685711,0,11429
106014,1,36109,0,11599
106015,1,53971,0,11006
106016,1,59514,0,9426
106017,1,55843,0,12849
106018,1,1160154,0,12357
106019,1,5060739,0,12192
106020,1,1805937,0,11869
106021,1,32853,0,11780
106022,1,154213,0,11500
106023,1,2101651,0,12809
106024,1,592243,0,12096
106025,1,896880,0,12744
106026,1,786278,0,13003
106027,1,26325,0,12943
106028,1,54379,0,12452
106029,1,56725,0,12055
106030,1,60164,0,9077
106031,1,2747472,0,12248
106032,1,2576977,0,12429
106033,1,1036721,0,12473
106034,1,3795280,0,12581
106035,1,82810,0,12524
106036,1,35013,0,12022
106037,1,60864,0,11149
106038,1,35027,0,11244
106039,1,26229,0,10963
106040,1,34062,0,9528
106041,1,61462,0,8412
106042,1,35422,0,11663
106043,1,55738,0,5657
106044,1,45326,0,10988
106045,1,31758,0,11452
106046,1,33722,0,11054
106047,1,2580592,0,12812
106048,1,2274442,0,12378
106049,1,1786426,0,11863
106050,1,3097019,0,9293
106051,1,21552,0,9129
106052,1,60506,0,7952
106053,1,32607,0,11330
106054,1,35208,0,11418
106055,1,60740,0,9706
106056,1,1041971,0,12614
106057,1,160457,0,11529
106058,1,1009408,0,12076
106059,1,1439419,0,11720
106060,1,55888,0,11053
106061,1,45762,0,10329
106062,1,49483,0,12551
106063,1,37973,0,12661
106064,1,23719,0,11465
106065,1,4684067,0,11772
106066,1,30648,0,11658
106067,1,31956,0,11282
106068,1,594490,0,12736
106069,1,30500,0,11873
106070,1,57991,0,11039
106071,1,3771640,0,11408
106072,1,52959,0,12542
106073,1,3760569,0,11313
106074,1,52325,0,9600
106075,1,28269,0,9500
106076,1,49067,0,7449
106077,1,34662,0,12668
106078,1,53487,0,11946
106079,1,28580,0,13083
106080,1,55792,0,10297
106081,1,21678,0,12414
106082,1,23738,0,12124
106083,1,85957,0,11339
106084,1,24627,0,9650
106085,1,24797,0,9893
106086,1,57796,0,9192
106087,1,4667443,0,12131
106088,1,24276,0,13167
106089,1,2609842,0,11322
106090,1,37446,0,12846
106091,1,168080,0,12288
106092,1,29493,0,12297
106093,1,21357,0,12201
106094,1,2184611,0,12281
106095,1,35632,0,11747
106096,1,137525,0,10780
106097,1,35880,0,10207
106098,1,51615,0,10120
106099,1,53706,0,11095
106100,1,50461,0,12787
106101,1,2109033,0,12294
106102,1,1040453,0,11934
106103,1,54617,0,12560
106104,1,155019,0,12731
106105,1,49232,0,11616
106106,1,22895,0,10679
106107,1,23743,0,12431
106108,1,45264,0,11430
106109,1,562430,0,11092
106110,1,46656,0,9804
106111,1,1747651,0,11667
106112,1,18863,0,11352
106113,1,3094257,0,11515
106114,1,53258,0,10905
106115,1,61773,0,11502
106116,1,21987,0,10041
106117,1,2705264,0,12438
106118,1,61644,0,12322
106119,1,2586693,0,12476
106120,1,41400,0,12553
106121,1,2224750,0,12282
106122,1,509118,0,12698
106123,1,5060806,0,11877
106124,1,56144,0,10933
106125,1,165613,0,10324
106126,1,40589,0,10385
106127,1,48779,0,8577
106128,1,58360,0,11056
106129,1,2286867,0,12088
106130,1,20888,0,12589
106131,1,53812,0,11186
106132,1,60730,0,7064
106133,1,3082674,0,12325
106134,1,42780,0,12001
106135,1,44490,0,11309
106136,1,2539844,0,12317
106137,1,30914,0,11883
106138,1,2537919,0,11023
106139,1,28279,0,11632
106140,1,56894,0,9604
106141,1,59273,0,12639
106142,1,33838,0,12913
106143,1,5060787,0,11942
106144,1,54088,0,10830
106145,1,3097021,0,8767
106146,1,2231149,0,12214
106147,1,58359,0,11618
106148,1,29460,0,11015
106149,1,52349,0,10845
106150,1,97095,0,9877
106151,1,21153,0,10247
106152,1,2797621,0,8565
106153,1,138972,0,12755
106154,1,3087503,0,12337
106155,1,25841,0,11993
106156,1,63523,0,10668
106157,1,61537,0,10736
106158,1,37297,0,11368
106159,1,27896,0,11655
106160,1,28725,0,10990
106161,1,166227,0,10947
106162,1,58006,0,12002
106163,1,34022,0,10255
106164,1,3094686,0,11984
106165,1,50545,0,12031
106166,1,1072884,0,12541
106167,1,52759,0,11899
106168,1,1482955,0,12258
106169,1,3846223,0,11920
106170,1,97195,0,11934
106171,1,53739,0,11744
106172,1,610853,0,11826
106173,1,45636,0,11335
106174,1,2800914,0,10955
106175,1,57832,0,10569
106176,1,56443,0,9962
106177,1,57072,0,10794
106178,1,5060726,0,11628
106179,1,46784,0,10403
106180,1,52065,0,9578
106181,1,62586,0,8140
106182,1,2784657,0,12178
106183,1,2273113,0,11984
106184,1,48645,0,11969
106185,1,58012,0,11474
106186,1,27925,0,10955
106187,1,57948,0,9863
106188,1,29954,0,9209
106189,1,18861,0,12776
106190,1,2243523,0,12644
106191,1,2575827,0,11984
106192,1,2662888,0,11739
106193,1,24354,0,11858
106194,1,21624,0,11520
106195,1,44933,0,11871
106196,1,63176,0,10887
106197,1,89874,0,10827
106198,1,2559573,0,10587
106199,1,35783,0,10349
106200,1,32269,0,10314
106201,1,51981,0,12076
106202,1,3097018,0,8499
106203,1,2807414,0,12096
106204,1,182766,0,12608
106205,1,55748,0,11042
106206,1,3094500,0,11034
106207,1,36280,0,10514
106208,1,35339,0,10389
106209,1,60783,0,9326
106210,1,4076110,0,10006
106211,1,2789068,0,11514
106212,1,2374412,0,11579
106213,1,810004,0,11820
106214,1,47946,0,11513
106215,1,61883,0,10076
106216,1,59747,0,9937
106217,1,49226,0,11821
106218,1,2398648,0,11448
106219,1,78334,0,11244
106220,1,53686,0,10049
106221,1,52319,0,9591
106222,1,34905,0,9424
106223,1,1747954,0,12320
106224,1,88601,0,13078
106225,1,50947,0,11968
106226,1,59945,0,10548
106227,1,184736,0,11021
106228,1,32998,0,11230
106229,1,54090,0,9626
106230,1,57721,0,11648
106231,1,37894,0,11467
106232,1,32842,0,11067
106233,1,138958,0,11881
106234,1,27584,0,11246
106235,1,34710,0,9918
106236,1,2609870,0,12309
106237,1,57427,0,9477
106238,1,184371,0,11279
106239,1,2427439,0,9742
106240,1,59425,0,9436
106241,1,43366,0,9516
106242,1,61375,0,11627
106243,1,22990,0,8950
106244,1,184826,0,12839
106245,1,90124,0,12901
106246,1,55364,0,10770
106247,1,650035,0,12421
106248,1,183308,0,12508
106249,1,34968,0,12270
106250,1,39271,0,11779
106251,1,59665,0,11117
106252,1,2376987,0,10671
106253,1,3722956,0,12587
106254,1,27334,0,12625
106255,1,31384,0,11738
106256,1,20939,0,10689
106257,1,33510,0,10695
106258,1,22681,0,9821
106259,1,24902,0,9029
106260,1,38147,0,12300
106261,1,1509616,0,12603
106262,1,55372,0,11465
106263,1,52669,0,7537
106264,1,36151,0,12227
106265,1,36764,0,11853
106266,1,31458,0,11687
106267,1,56644,0,11080
106268,1,35956,0,10814
106269,1,33336,0,10335
106270,1,27384,0,12549
106271,1,90212,0,12410
106272,1,909563,0,12286
106273,1,53765,0,11427
106274,1,22001,0,12578
106275,1,3087219,0,12129
106276,1,5060910,0,11921
106277,1,185291,0,12286
106278,1,61428,0,11804
106279,1,26399,0,12139
106280,1,28649,0,11817
106281,1,181770,0,11269
106282,1,51617,0,10802
106283,1,52528,0,10454
106284,1,30375,0,10743
106285,1,46356,0,10214
106286,1,31045,0,10639
106287,1,29577,0,10097
106288,1,32285,0,8294
106289,1,60658,0,12056
106290,1,23323,0,12082
106291,1,22312,0,11989
106292,1,27767,0,11955
106293,1,55044,0,10673
106294,1,25220,0,8991
106295,1,44641,0,8641
106296,1,39839,0,8782
106297,1,59586,0,11170
106298,1,31988,0,12606
106299,1,52287,0,11603
106300,1,48494,0,11900
106301,1,58390,0,9537
106302,1,34303,0,8643
106303,1,33401,0,8684
106304,1,52718,0,8230
106305,1,160422,0,12167
106306,1,1051553,0,11972
106307,1,1035193,0,10978
106308,1,45632,0,6047
106309,1,39897,0,12087
106310,1,54603,0,12416
106311,1,984261,0,12058
106312,1,3850643,0,11708
106313,1,4076764,0,11966
106314,1,31751,0,11575
106315,1,2322249,0,12441
106316,1,90162,0,12298
106317,1,31959,0,9575
106318,1,60766,0,7596
106319,1,2304007,0,12008
106320,1,52021,0,11654
106321,1,34261,0,11506
106322,1,3076683,0,11305
106323,1,59423,0,9452
106324,1,2755887,0,12218
106325,1,561000,0,12177
106326,1,28460,0,12294
106327,1,24090,0,11764
106328,1,1448587,0,11656
106329,1,866397,0,11883
106330,1,49652,0,10842
106331,1,51115,0,10959
106332,1,53973,0,10316
106333,1,31734,0,11297
106334,1,185132,0,11823
106335,1,21999,0,8982
106336,1,48134,0,8199
106337,1,30872,0,12124
106338,1,37721,0,9926
106339,1,4682788,0,12673
106340,1,3752264,0,10685
106341,1,63391,0,10306
106342,1,5060549,0,10932
106343,1,54307,0,9235
106344,1,63597,0,7637
106345,1,4076813,0,12216
106346,1,42691,0,12447
106347,1,992970,0,12117
106348,1,23841,0,11939
106349,1,2340682,0,11413
106350,1,46152,0,11839
106351,1,26087,0,11611
106352,1,3817207,0,11412
106353,1,21810,0,9049
106354,1,91335,0,9259
106355,1,46105,0,8415
106356,1,28689,0,12273
106357,1,2732641,0,12484
106358,1,38253,0,11928
106359,1,51918,0,10563
106360,1,21296,0,9221
106361,1,2630933,0,11630
106362,1,49209,0,10999
106363,1,29068,0,12112
106364,1,567246,0,7775
106365,1,97163,0,10904
106366,1,40517,0,9792
106367,1,50750,0,8081
106368,1,32822,0,6922
106369,1,32896,0,12227
106370,1,40039,0,11470
106371,1,2735429,0,11853
106372,1,55029,0,11617
106373,1,20071,0,9084
106374,1,49334,0,12503
106375,1,59543,0,11480
106376,1,955983,0,11743
106377,1,53966,0,11429
106378,1,5061247,0,10744
106379,1,183970,0,11429
106380,1,57680,0,10146
106381,1,5060503,0,9576
106382,1,39937,0,9160
106383,1,97549,0,12127
106384,1,815406,0,12459
106385,1,5060855,0,10851
106386,1,28898,0,12165
106387,1,28499,0,11575
106388,1,2499242,0,11454
106389,1,54057,0,11171
106390,1,37788,0,11505
106391,1,515107,0,11406
106392,1,55699,0,10471
106393,1,3097204,0,8152
106394,1,62984,0,11887
106395,1,1011943,0,11995
106396,1,19356,0,11216
106397,1,50810,0,10960
106398,1,61506,0,7014
106399,1,1007961,0,11741
106400,1,460625,0,12068
106401,1,25489,0,10827
106402,1,4075739,0,10218
106403,1,63565,0,8786
106404,1,60996,0,12099
106405,1,2621214,0,11763
106406,1,53835,0,11733
106407,1,151176,0,11735
106408,1,28910,0,11207
106409,1,57341,0,10156
106410,1,46632,0,10582
106411,1,155566,0,9341
106412,1,928748,0,12602
106413,1,2290543,0,11774
106414,1,3088766,0,12118
106415,1,60427,0,11510
106416,1,3099081,0,11648
106417,1,48285,0,11216
106418,1,139039,0,10854
106419,1,5060578,0,10602
106420,1,32693,0,10955
106421,1,32056,0,10952
106422,1,58858,0,9736
106423,1,50282,0,9865
106424,1,26958,0,9647
106425,1,58894,0,11868
106426,1,991882,0,12766
106427,1,47260,0,10998
106428,1,24101,0,10102
106429,1,58574,0,8421
106430,1,32360,0,11965
106431,1,918606,0,11605
106432,1,2363046,0,12092
106433,1,51429,0,12195
106434,1,25908,0,10702
106435,1,2726588,0,12069
106436,1,2417262,0,12021
106437,1,43555,0,11929
106438,1,200911,0,10834
106439,1,513367,0,11150
106440,1,53803,0,10470
106441,1,54332,0,11469
106442,1,40892,0,11639
106443,1,52312,0,11625
106444,1,44028,0,7600
106445,1,43090,0,12381
106446,1,51410,0,11402
106447,1,181588,0,10518
106448,1,48277,0,9648
106449,1,26110,0,11399
106450,1,59582,0,9529
106451,1,19623,0,11826
106452,1,5060442,0,12231
106453,1,18628,0,11914
106454,1,58764,0,10848
106455,1,96485,0,11392
106456,1,3099239,0,10977
106457,1,22140,0,9193
106458,1,3735146,0,12033
106459,1,1444144,0,11685
106460,1,37118,0,11381
106461,1,26521,0,11339
106462,1,154242,0,11002
106463,1,53102,0,12031
106464,1,170357,0,11031
106465,1,60157,0,8987
106466,1,23935,0,11739
106467,1,90099,0,11326
106468,1,1380848,0,12017
106469,1,3714244,0,11918
106470,1,4077558,0,11577
106471,1,24942,0,11744
106472,1,23244,0,10593
106473,1,32120,0,10596
106474,1,744075,0,10444
106475,1,3093207,0,10024
106476,1,61485,0,8958
106477,1,25226,0,8906
106478,1,915075,0,8314
106479,1,25210,0,8430
106480,1,170355,0,11122
106481,1,839662,0,10996
106482,1,60908,0,12072
106483,1,62539,0,11582
106484,1,2289999,0,11675
106485,1,26851,0,11227
106486,1,53740,0,11027
106487,1,58928,0,9198
106488,1,26059,0,9852
106489,1,26002,0,8386
106490,1,52769,0,11724
106491,1,165703,0,11224
106492,1,29556,0,10038
106493,1,34199,0,9344
106494,1,20982,0,12430
106495,1,737187,0,12184
106496,1,21726,0,11230
106497,1,22606,0,10842
106498,1,5061178,0,9636
106499,1,59547,0,9602
106500,1,59951,0,8878
106501,1,29765,0,12043
106502,1,3082572,0,11915
106503,1,33758,0,11262
106504,1,25138,0,10226
106505,1,49130,0,10265
106506,1,23624,0,12485
106507,1,55991,0,11474
106508,1,46107,0,10973
106509,1,40042,0,10774
106510,1,2742800,0,11240
106511,1,57575,0,9356
106512,1,2004349,0,12088
106513,1,30449,0,10094
106514,1,570395,0,10309
106515,1,1310630,0,9526
106516,1,57694,0,9503
106517,1,42287,0,8047
106518,1,49628,0,6472
106519,1,2468124,0,11920
106520,1,3087398,0,11605
106521,1,1058252,0,11536
106522,1,165751,0,10869
106523,1,29119,0,10956
106524,1,891063,0,10718
106525,1,36945,0,9906
106526,1,16297,0,9537
106527,1,52708,0,9195
106528,1,47557,0,9051
106529,1,5060793,0,11082
106530,1,165371,0,10943
106531,1,49754,0,10923
106532,1,4077166,0,11964
106533,1,159489,0,12141
106534,1,4076282,0,12038
106535,1,46964,0,11260
106536,1,45218,0,10734
106537,1,20389,0,10291
106538,1,58180,0,9459
106539,1,56066,0,9385
106540,1,40826,0,9357
106541,1,51283,0,9477
106542,1,58659,0,12005
106543,1,55915,0,11550
106544,1,34003,0,12139
106545,1,57458,0,11094
106546,1,55237,0,11128
106547,1,674234,0,10581
106548,1,184277,0,10835
106549,1,200296,0,10691
106550,1,47212,0,8512
106551,1,45569,0,12409
106552,1,35084,0,11404
106553,1,36196,0,10795
106554,1,52840,0,10618
106555,1,26890,0,10797
106556,1,25182,0,9770
106557,1,32078,0,8843
106558,1,2648856,0,11766
106559,1,155655,0,12372
106560,1,46761,0,10872
106561,1,51011,0,12183
106562,1,22620,0,12042
106563,1,46377,0,11272
106564,1,53714,0,10790
106565,1,31604,0,11058
106566,1,160804,0,10462
106567,1,35414,0,10379
106568,1,23712,0,9500
106569,1,36847,0,6154
106570,1,88925,0,12074
106571,1,61131,0,10264
106572,1,43125,0,10459
106573,1,19723,0,9445
106574,1,58430,0,12056
106575,1,18534,0,11576
106576,1,58962,0,11312
106577,1,802470,0,11835
106578,1,949151,0,11167
106579,1,170364,0,10599
106580,1,21786,0,8917
106581,1,34665,0,12540
106582,1,719175,0,11632
106583,1,18769,0,10878
106584,1,62855,0,9786
106585,1,49771,0,9878
106586,1,5060917,0,11396
106587,1,5060481,0,8977
106588,1,2732523,0,12003
106589,1,4683060,0,11101
106590,1,23264,0,11515
106591,1,32616,0,9864
106592,1,3442294,0,8489
106593,1,28505,0,11789
106594,1,3821317,0,11964
106595,1,4075912,0,11706
106596,1,464339,0,11030
106597,1,2144121,0,11656
106598,1,35128,0,10874
106599,1,3087461,0,10169
106600,1,57313,0,10078
106601,1,35142,0,10801
106602,1,170117,0,9534
106603,1,2682711,0,11432
106604,1,1633987,0,12311
106605,1,32923,0,11786
106606,1,29751,0,12025
106607,1,1006230,0,11597
106608,1,4075915,0,11959
106609,1,154189,0,11222
106610,1,58109,0,9773
106611,1,56011,0,9911
106612,1,52042,0,7860
106613,1,54488,0,6747
106614,1,24835,0,11487
106615,1,57983,0,11421
106616,1,60053,0,10880
106617,1,33006,0,11194
106618,1,35524,0,10672
106619,1,54855,0,9866
106620,1,37218,0,9104
106621,1,5060755,0,11027
106622,1,34169,0,10848
106623,1,5061148,0,8965
106624,1,51272,0,7973
106625,1,84686,0,11673
106626,1,920581,0,12046
106627,1,2434189,0,11434
106628,1,420509,0,10240
106629,1,23412,0,9635
106630,1,18608,0,8816
106631,1,48213,0,7128
106632,1,50283,0,11348
106633,1,64526,0,10229
106634,1,31749,0,10554
106635,1,45301,0,10230
106636,1,60647,0,9439
106637,1,29686,0,9679
106638,1,39232,0,11788
106639,1,44495,0,11444
106640,1,30640,0,11400
106641,1,2798262,0,9522
106642,1,2682190,0,11748
106643,1,49098,0,11828
106644,1,26176,0,11437
106645,1,57810,0,10679
106646,1,20600,0,10806
106647,1,36376,0,10952
106648,1,1167921,0,8918
106649,1,59434,0,10769
106650,1,27535,0,10120
106651,1,578465,0,11619
106652,1,960608,0,11308
106653,1,3085371,0,10745
106654,1,58371,0,10015
106655,1,53989,0,9687
106656,1,52752,0,8638
106657,1,23544,0,8392
106658,1,3364636,0,10438
106659,1,892682,0,10718
106660,1,36539,0,10158
106661,1,58188,0,9426
106662,1,51384,0,8958
106663,1,3085884,0,11525
106664,1,37388,0,12145
106665,1,57492,0,11677
106666,1,3094096,0,12335
106667,1,50532,0,11481
106668,1,90202,0,10488
106669,1,154597,0,10673
106670,1,31543,0,9953
106671,1,56178,0,9438
106672,1,59948,0,8506
106673,1,156105,0,12348
106674,1,45837,0,11446
106675,1,160108,0,11194
106676,1,25386,0,11509
106677,1,159654,0,11575
106678,1,37322,0,11510
106679,1,56799,0,10566
106680,1,37194,0,10060
106681,1,58544,0,9457
106682,1,33373,0,9712
106683,1,3139794,0,12043
106684,1,455171,0,12132
106685,1,59240,0,10921
106686,1,1326528,0,10774
106687,1,764066,0,11483
106688,1,3089678,0,10404
106689,1,28513,0,7980
106690,1,46827,0,7402
106691,1,3086520,0,11111
106692,1,170173,0,11637
106693,1,57505,0,9577
106694,1,52069,0,9750
106695,1,61902,0,11223
106696,1,3854798,0,11744
106697,1,59346,0,11328
106698,1,58658,0,11310
106699,1,159509,0,11658
106700,1,166217,0,11705
106701,1,1668178,0,11403
106702,1,1311453,0,10839
106703,1,28787,0,9406
106704,1,61105,0,7962
106705,1,42904,0,7350
106706,1,52531,0,5594
106707,1,37375,0,8992
106708,1,137474,0,11006
106709,1,154468,0,11471
106710,1,3082551,0,10632
106711,1,4683861,0,10205
106712,1,25148,0,10011
106713,1,58762,0,10654
106714,1,5060533,0,9689
106715,1,38938,0,10053
106716,1,5061121,0,8004
106717,1,2353391,0,10709
106718,1,52675,0,9953
106719,1,19821,0,7828
106720,1,2784686,0,11964
106721,1,50004,0,10725
106722,1,676312,0,11008
106723,1,46206,0,10216
106724,1,24430,0,9659
106725,1,50751,0,9005
106726,1,596161,0,12123
106727,1,2750071,0,11268
106728,1,53352,0,11658
106729,1,38275,0,10653
106730,1,3086729,0,11622
106731,1,54915,0,11519
106732,1,3085086,0,11483
106733,1,54553,0,11290
106734,1,716584,0,10139
106735,1,19536,0,7592
106736,1,57760,0,10458
106737,1,2400876,0,11625
106738,1,17614,0,10710
106739,1,2489484,0,9945
106740,1,55517,0,9757
106741,1,31767,0,10105
106742,1,54861,0,9398
106743,1,44038,0,8849
106744,1,2175550,0,11657
106745,1,30891,0,12146
106746,1,2647733,0,11523
106747,1,57916,0,9978
106748,1,31655,0,10690
106749,1,50286,0,9638
106750,1,3098697,0,11238
106751,1,56479,0,10159
106752,1,4076960,0,11948
106753,1,60719,0,10947
106754,1,19640,0,10972
106755,1,55681,0,10447
106756,1,57284,0,9307
106757,1,53053,0,9206
106758,1,53453,0,8226
106759,1,48282,0,7705
106760,1,1542270,0,11554
106761,1,980145,0,11553
106762,1,25945,0,10896
106763,1,78571,0,11210
106764,1,6723,0,10534
106765,1,45171,0,10856
106766,1,43391,0,9966
106767,1,29882,0,10029
106768,1,51764,0,9279
106769,1,61716,0,7923
106770,1,59451,0,10424
106771,1,34420,0,9667
106772,1,3900968,0,11639
106773,1,25209,0,10416
106774,1,45317,0,9292
106775,1,20527,0,8490
106776,1,52244,0,11904
106777,1,942319,0,11733
106778,1,29630,0,11371
106779,1,1713479,0,9795
106780,1,39486,0,10284
106781,1,50311,0,9344
106782,1,28669,0,8201
106783,1,54696,0,10211
106784,1,51350,0,11561
106785,1,2432655,0,11171
106786,1,55000,0,11134
106787,1,635591,0,11376
106788,1,811584,0,11417
106789,1,38720,0,11116
106790,1,28953,0,10636
106791,1,55428,0,10524
106792,1,39824,0,10241
106793,1,2737029,0,9099
106794,1,58178,0,9359
106795,1,21477,0,9206
106796,1,93096,0,8934
106797,1,34783,0,9223
106798,1,58702,0,7220
106799,1,18875,0,11305
106800,1,48899,0,11451
106801,1,3853082,0,11642
106802,1,157146,0,11815
106803,1,31261,0,10820
106804,1,48689,0,10859
106805,1,57386,0,9735
106806,1,63202,0,8042
106807,1,58979,0,7070
106808,1,52501,0,11967
106809,1,32054,0,9014
106810,1,51677,0,11438
106811,1,25213,0,11558
106812,1,153867,0,12021
106813,1,2288343,0,11106
106814,1,59512,0,9488
106815,1,33532,0,8550
106816,1,49950,0,8287
106817,1,49749,0,8577
106818,1,137508,0,10879
106819,1,35558,0,10393
106820,1,46024,0,10085
106821,1,2778580,0,11524
106822,1,20932,0,11280
106823,1,45531,0,11144
106824,1,970575,0,10681
106825,1,27580,0,10892
106826,1,59633,0,9445
106827,1,181124,0,9947
106828,1,20668,0,6368
106829,1,56510,0,11688
106830,1,60249,0,10840
106831,1,46672,0,11280
106832,1,44627,0,11295
106833,1,49612,0,10309
106834,1,56839,0,10069
106835,1,46249,0,9891
106836,1,50478,0,9206
106837,1,20323,0,8748
106838,1,58066,0,11170
106839,1,60228,0,6958
106840,1,22735,0,11418
106841,1,899827,0,11013
106842,1,59685,0,10162
106843,1,56539,0,9682
106844,1,5060792,0,10955
106845,1,24188,0,11703
106846,1,184270,0,11589
106847,1,17500,0,10714
106848,1,159783,0,11237
106849,1,51386,0,10614
106850,1,34414,0,10582
106851,1,56635,0,9882
106852,1,33393,0,10257
106853,1,27448,0,9096
106854,1,52585,0,11546
106855,1,5060886,0,11278
106856,1,49666,0,11694
106857,1,96539,0,11560
106858,1,46985,0,10978
106859,1,33973,0,10960
106860,1,38510,0,10661
106861,1,154196,0,10571
106862,1,801145,0,10301
106863,1,20849,0,8196
106864,1,3096992,0,7971
106865,1,36331,0,7115
106866,1,19898,0,11103
106867,1,3757060,0,11347
106868,1,32628,0,11046
106869,1,59510,0,9330
106870,1,54312,0,9981
106871,1,170319,0,10259
106872,1,1076991,0,7720
106873,1,2305308,0,11362
106874,1,994272,0,11504
106875,1,170302,0,11372
106876,1,52010,0,10738
106877,1,58403,0,10421
106878,1,595627,0,10609
106879,1,30727,0,10315
106880,1,4075968,0,12116
106881,1,34998,0,11367
106882,1,47056,0,8711
106883,1,85977,0,11824
106884,1,2810221,0,10909
106885,1,49064,0,11558
106886,1,91385,0,11270
106887,1,90179,0,11158
106888,1,165491,0,10751
106889,1,27114,0,10695
106890,1,32209,0,10892
106891,1,53008,0,10504
106892,1,43956,0,10149
106893,1,4683955,0,10355
106894,1,33151,0,9550
106895,1,62790,0,8479
106896,1,37547,0,8480
106897,1,2793203,0,10659
106898,1,55684,0,9226
106899,1,58737,0,11615
106900,1,34735,0,11144
106901,1,2191752,0,11686
106902,1,55446,0,10908
106903,1,53752,0,9707
106904,1,29621,0,10090
106905,1,32005,0,10169
106906,1,31118,0,9450
106907,1,88665,0,11859
106908,1,201148,0,10789
106909,1,26683,0,8739
106910,1,64527,0,7590
106911,1,4077593,0,11457
106912,1,155468,0,11830
106913,1,35841,0,10166
106914,1,46198,0,9653
106915,1,61080,0,7874
106916,1,25524,0,7637
106917,1,59651,0,11048
106918,1,156695,0,11633
106919,1,32143,0,6464
106920,1,2060181,0,10718
106921,1,53817,0,9041
106922,1,22503,0,9792
106923,1,96566,0,11720
106924,1,56042,0,10800
106925,1,3082221,0,11184
106926,1,2502587,0,9768
106927,1,29680,0,10130
106928,1,49375,0,9489
106929,1,52173,0,9339
106930,1,57167,0,7742
106931,1,30224,0,7738
106932,1,31768,0,6287
106933,1,2188449,0,11376
106934,1,2355047,0,10448
106935,1,60667,0,8620
106936,1,39587,0,8235
106937,1,51890,0,6924
106938,1,53841,0,10083
106939,1,985314,0,9843
106940,1,25529,0,8511
106941,1,56132,0,10963
106942,1,58124,0,10248
106943,1,48340,0,10723
106944,1,58460,0,10280
106945,1,18106,0,10112
106946,1,27375,0,10665
106947,1,3093536,0,9601
106948,1,22166,0,9232
106949,1,17685,0,7761
106950,1,43922,0,4941
106951,1,44013,0,9812
106952,1,57594,0,10947
106953,1,55831,0,10691
106954,1,46975,0,11218
106955,1,578838,0,11017
106956,1,3099327,0,10957
106957,1,35181,0,7834
106958,1,945779,0,11881
106959,1,36617,0,11024
106960,1,18829,0,10680
106961,1,19361,0,10179
106962,1,2816887,0,10440
106963,1,5060547,0,9108
106964,1,170285,0,9346
106965,1,32254,0,8788
106966,1,60240,0,8341
106967,1,56085,0,8075
106968,1,23680,0,8284
106969,1,42594,0,7312
106970,1,1376030,0,10913
106971,1,156027,0,11426
106972,1,3782384,0,11237
106973,1,48252,0,10526
106974,1,29458,0,10816
106975,1,39827,0,10177
106976,1,60984,0,9753
106977,1,530983,0,10231
106978,1,59464,0,9569
106979,1,42534,0,9538
106980,1,25224,0,8880
106981,1,29714,0,9075
106982,1,29636,0,9062
106983,1,2785711,0,11015
106984,1,47840,0,11486
106985,1,23284,0,11098
106986,1,36970,0,9832
106987,1,675591,0,9605
106988,1,83384,0,11862
106989,1,4076273,0,11519
106990,1,58652,0,10700
106991,1,34811,0,10776
106992,1,733813,0,10832
106993,1,35984,0,10358
106994,1,90194,0,10379
106995,1,41041,0,10579
106996,1,59300,0,9781
106997,1,46553,0,9913
106998,1,19370,0,9021
106999,1,54882,0,9112
107000,1,45593,0,8007
107001,1,38012,0,7782
107002,1,483205,0,12058
107003,1,2730338,0,11308
107004,1,28507,0,11067
107005,1,50737,0,8889
107006,1,4080475,0,7357
107007,1,49287,0,4783
107008,1,88699,0,11678
107009,1,29870,0,8292
107010,1,90266,0,8298
107011,1,2479603,0,11169
107012,1,30973,0,11745
107013,1,53047,0,11261
107014,1,200502,0,8788
107015,1,54744,0,8032
107016,1,34306,0,6595
107017,1,93724,0,11511
107018,1,2192749,0,11409
107019,1,57340,0,11019
107020,1,17178,0,10332
107021,1,44172,0,10845
107022,1,46973,0,10701
107023,1,54195,0,9421
107024,1,56147,0,7582
107025,1,31269,0,7377
107026,1,569579,0,11508
107027,1,59870,0,10461
107028,1,166506,0,10547
107029,1,2793198,0,10684
107030,1,77062,0,10162
107031,1,37600,0,10233
107032,1,52625,0,8706
107033,1,59738,0,11188
107034,1,2816996,0,11261
107035,1,52027,0,10778
107036,1,52562,0,10722
107037,1,922565,0,10681
107038,1,27940,0,10598
107039,1,61272,0,9750
107040,1,25494,0,9945
107041,1,26697,0,9103
107042,1,52328,0,8064
107043,1,26000,0,7876
107044,1,18006,0,6585
107045,1,120733,0,11620
107046,1,693413,0,11832
107047,1,59003,0,10692
107048,1,143087,0,10935
107049,1,37397,0,10386
107050,1,3755461,0,10377
107051,1,59508,0,9371
107052,1,161192,0,8794
107053,1,45472,0,8622
107054,1,45522,0,8727
107055,1,170097,0,8770
107056,1,19854,0,7407
107057,1,3754612,0,11477
107058,1,36949,0,10135
107059,1,22870,0,9527
107060,1,22154,0,8638
107061,1,43190,0,9536
107062,1,56384,0,11538
107063,1,59196,0,10761
107064,1,2371640,0,10311
107065,1,680065,0,10729
107066,1,59641,0,9569
107067,1,156673,0,10151
107068,1,50273,0,9099
107069,1,46472,0,7475
107070,1,1509976,0,11617
107071,1,61191,0,10719
107072,1,63590,0,9208
107073,1,54129,0,9501
107074,1,970109,0,9784
107075,1,49243,0,7099
107076,1,5061024,0,11300
107077,1,5060862,0,10613
107078,1,23760,0,11019
107079,1,45194,0,11369
107080,1,30078,0,7534
107081,1,1706093,0,11285
107082,1,25337,0,10434
107083,1,25175,0,9663
107084,1,88922,0,9734
107085,1,170145,0,9612
107086,1,24665,0,9235
107087,1,59438,0,8513
107088,1,155553,0,8902
107089,1,1016750,0,11390
107090,1,59063,0,10267
107091,1,56619,0,10364
107092,1,24974,0,9563
107093,1,36310,0,9921
107094,1,60899,0,9425
107095,1,35870,0,11098
107096,1,77587,0,11612
107097,1,51889,0,10866
107098,1,33222,0,11194
107099,1,28391,0,11045
107100,1,37730,0,10609
107101,1,21936,0,10160
107102,1,48387,0,10548
107103,1,655154,0,9681
107104,1,50476,0,8295
107105,1,34986,0,7188
107106,1,32270,0,4445
107107,1,51515,0,11492
107108,1,39306,0,11393
107109,1,33249,0,9434
107110,1,41634,0,7770
107111,1,5060950,0,11173
107112,1,1353098,0,11627
107113,1,2772052,0,10675
107114,1,170069,0,11543
107115,1,33784,0,11448
107116,1,4077666,0,10646
107117,1,46695,0,11068
107118,1,58648,0,9814
107119,1,28976,0,10352
107120,1,23918,0,9788
107121,1,49274,0,7976
107122,1,61167,0,6894
107123,1,2490435,0,11039
107124,1,2675768,0,11121
107125,1,56671,0,10898
107126,1,851526,0,11132
107127,1,27726,0,10597
107128,1,2631184,0,7492
107129,1,46493,0,7291
107130,1,47198,0,7254
107131,1,31346,0,11269
107132,1,53606,0,9580
107133,1,37209,0,11360
107134,1,88956,0,11386
107135,1,47503,0,11433
107136,1,57866,0,10829
107137,1,1005149,0,10805
107138,1,95982,0,10165
107139,1,59631,0,9387
107140,1,35773,0,9788
107141,1,48608,0,10216
107142,1,3084940,0,9949
107143,1,39462,0,9566
107144,1,38306,0,7656
107145,1,34290,0,9437
107146,1,2778077,0,10868
107147,1,39973,0,10215
107148,1,57648,0,9747
107149,1,60535,0,9412
107150,1,61138,0,8326
107151,1,161080,0,7793
107152,1,518726,0,11264
107153,1,78043,0,11502
107154,1,32386,0,9555
107155,1,202616,0,9378
107156,1,986562,0,9588
107157,1,28419,0,9758
107158,1,1299713,0,11334
107159,1,31694,0,11292
107160,1,33734,0,10289
107161,1,20776,0,10450
107162,1,28397,0,10503
107163,1,43815,0,9634
107164,1,3082041,0,9954
107165,1,2775795,0,11257
107166,1,58131,0,10667
107167,1,30466,0,10482
107168,1,29248,0,10646
107169,1,159665,0,9595
107170,1,29658,0,7755
107171,1,20957,0,8113
107172,1,53585,0,10851
107173,1,25681,0,10896
107174,1,1470081,0,10291
107175,1,59029,0,10063
107176,1,27455,0,10646
107177,1,52264,0,10298
107178,1,32523,0,10204
107179,1,59552,0,9364
107180,1,58104,0,9011
107181,1,25058,0,9037
107182,1,1940514,0,11193
107183,1,25514,0,11434
107184,1,3804472,0,11551
107185,1,53775,0,10810
107186,1,38672,0,10175
107187,1,63576,0,8378
107188,1,48570,0,10970
107189,1,36040,0,11381
107190,1,54066,0,7603
107191,1,22874,0,11259
107192,1,43620,0,11330
107193,1,61642,0,10023
107194,1,24080,0,10345
107195,1,58822,0,9545
107196,1,35359,0,8689
107197,1,55498,0,10815
107198,1,3090900,0,10150
107199,1,3085726,0,10455
107200,1,36236,0,10287
107201,1,2783964,0,11136
107202,1,2816645,0,11502
107203,1,49832,0,10971
107204,1,58526,0,10216
107205,1,22762,0,10222
107206,1,35154,0,10553
107207,1,24450,0,9654
107208,1,18982,0,9088
107209,1,48532,0,9063
107210,1,59838,0,6713
107211,1,18089,0,5879
107212,1,58920,0,11103
107213,1,33423,0,10894
107214,1,33175,0,11004
107215,1,2232834,0,10533
107216,1,165602,0,10315
107217,1,62962,0,8376
107218,1,56050,0,9807
107219,1,40843,0,8380
107220,1,5060992,0,10973
107221,1,1026728,0,10958
107222,1,49845,0,10853
107223,1,35482,0,10614
107224,1,34993,0,11110
107225,1,140726,0,10191
107226,1,54417,0,10038
107227,1,81993,0,10406
107228,1,165670,0,8601
107229,1,43109,0,7406
107230,1,49309,0,11281
107231,1,31879,0,10957
107232,1,52667,0,9662
107233,1,46224,0,10701
107234,1,54289,0,10594
107235,1,1057770,0,10732
107236,1,918466,0,10283
107237,1,153555,0,9283
107238,1,19019,0,7392
107239,1,60364,0,10638
107240,1,48007,0,10866
107241,1,45516,0,10274
107242,1,59168,0,9682
107243,1,36423,0,10232
107244,1,48586,0,8705
107245,1,37644,0,8861
107246,1,34219,0,8345
107247,1,32321,0,6758
107248,1,33750,0,11313
107249,1,43258,0,9829
107250,1,201547,0,9951
107251,1,877802,0,10626
107252,1,28458,0,9688
107253,1,24368,0,9434
107254,1,91580,0,10922
107255,1,3779414,0,11338
107256,1,1195762,0,10334
107257,1,23727,0,9838
107258,1,2808143,0,10471
107259,1,22542,0,10515
107260,1,2164174,0,10216
107261,1,38465,0,9376
107262,1,52942,0,8006
107263,1,32452,0,7591
107264,1,38434,0,10929
107265,1,55213,0,10419
107266,1,59104,0,9717
107267,1,35413,0,9598
107268,1,59159,0,8920
107269,1,51164,0,8571
107270,1,87177,0,11109
107271,1,5061018,0,11032
107272,1,59250,0,10930
107273,1,41715,0,10695
107274,1,49159,0,11060
107275,1,1236955,0,10415
107276,1,50592,0,10653
107277,1,86685,0,10392
107278,1,2272351,0,9964
107279,1,24272,0,10488
107280,1,25333,0,9971
107281,1,3442298,0,8584
107282,1,18743,0,8011
107283,1,3081733,0,8647
107284,1,36832,0,6694
107285,1,58929,0,6257
107286,1,22322,0,5780
107287,1,57243,0,10121
107288,1,2776250,0,10230
107289,1,27621,0,11060
107290,1,615576,0,10269
107291,1,59115,0,9724
107292,1,60481,0,8816
107293,1,25095,0,8589
107294,1,3868244,0,7225
107295,1,1060142,0,11083
107296,1,881636,0,11135
107297,1,34317,0,10758
107298,1,28633,0,10983
107299,1,56853,0,10287
107300,1,30342,0,10793
107301,1,28061,0,10487
107302,1,59237,0,9745
107303,1,725588,0,10307
107304,1,58747,0,9375
107305,1,53493,0,9135
107306,1,27092,0,9158
107307,1,33863,0,9503
107308,1,41001,0,8934
107309,1,159896,0,8683
107310,1,21749,0,8528
107311,1,55679,0,7425
107312,1,48655,0,7187
107313,1,2397885,0,11064
107314,1,58853,0,10840
107315,1,30335,0,11478
107316,1,165448,0,10644
107317,1,2330724,0,10274
107318,1,794983,0,10463
107319,1,45488,0,10014
107320,1,29271,0,9215
107321,1,20699,0,8650
107322,1,27266,0,8590
107323,1,2832068,0,7866
107324,1,26460,0,11247
107325,1,3091029,0,10794
107326,1,30765,0,11231
107327,1,51634,0,9582
107328,1,51108,0,7818
107329,1,31059,0,6670
107330,1,54612,0,10007
107331,1,2258648,0,11168
107332,1,48410,0,11455
107333,1,767763,0,11266
107334,1,50504,0,10622
107335,1,57414,0,9726
107336,1,39780,0,9650
107337,1,32698,0,9061
107338,1,44935,0,9096
107339,1,38832,0,8457
107340,1,58564,0,7613
107341,1,35786,0,7503
107342,1,2667173,0,6014
107343,1,991325,0,10420
107344,1,30163,0,9008
107345,1,55826,0,7072
107346,1,166868,0,6474
107347,1,34618,0,11050
107348,1,851898,0,10921
107349,1,914732,0,10794
107350,1,59801,0,9395
107351,1,29517,0,9417
107352,1,2759820,0,11087
107353,1,45811,0,10849
107354,1,58926,0,10569
107355,1,159562,0,11226
107356,1,36848,0,10790
107357,1,3087932,0,10535
107358,1,27014,0,10638
107359,1,59642,0,9970
107360,1,5060596,0,9902
107361,1,53822,0,9630
107362,1,42512,0,9843
107363,1,87406,0,9056
107364,1,19782,0,8240
107365,1,20727,0,11086
107366,1,47587,0,10801
107367,1,166617,0,9440
107368,1,28993,0,9924
107369,1,60143,0,9092
107370,1,48405,0,9076
107371,1,31067,0,9167
107372,1,53869,0,8695
107373,1,34675,0,7884
107374,1,5060473,0,6870
107375,1,170368,0,10701
107376,1,4683749,0,10795
107377,1,31812,0,10597
107378,1,39229,0,9894
107379,1,49954,0,8439
107380,1,29481,0,8561
107381,1,3098956,0,7347
107382,1,56098,0,10729
107383,1,29964,0,11187
107384,1,47790,0,10008
107385,1,4075894,0,9302
107386,1,1467301,0,7834
107387,1,29484,0,5491
107388,1,59576,0,10537
107389,1,37030,0,11033
107390,1,90115,0,10679
107391,1,157097,0,8305
107392,1,33760,0,7429
107393,1,24466,0,10233
107394,1,43475,0,10713
107395,1,624528,0,11336
107396,1,1266037,0,10604
107397,1,182101,0,11347
107398,1,56114,0,10375
107399,1,21443,0,9999
107400,1,34023,0,10540
107401,1,90987,0,9983
107402,1,2397256,0,8619
107403,1,53674,0,8749
107404,1,82947,0,9413
107405,1,59852,0,8431
107406,1,54985,0,8171
107407,1,34006,0,8299
107408,1,57976,0,9273
107409,1,57173,0,6748
107410,1,29943,0,10869
107411,1,49540,0,7257
107412,1,44336,0,4717
107413,1,2810184,0,10930
107414,1,55350,0,10418
107415,1,45094,0,10333
107416,1,38089,0,10081
107417,1,61594,0,9420
107418,1,19520,0,9780
107419,1,33257,0,9285
107420,1,33841,0,8995
107421,1,200434,0,7711
107422,1,4076205,0,11116
107423,1,57682,0,10294
107424,1,25013,0,9549
107425,1,1008392,0,9560
107426,1,3074615,0,9319
107427,1,58411,0,8656
107428,1,89982,0,7666
107429,1,2130939,0,10559
107430,1,59564,0,9948
107431,1,159886,0,10121
107432,1,57893,0,9859
107433,1,153992,0,9903
107434,1,62501,0,8780
107435,1,3775496,0,8887
107436,1,944791,0,7676
107437,1,42981,0,7407
107438,1,3388337,0,10867
107439,1,40268,0,10522
107440,1,58209,0,9821
107441,1,59233,0,9749
107442,1,1813008,0,9988
107443,1,23565,0,9782
107444,1,23945,0,9698
107445,1,201218,0,8948
107446,1,56611,0,9112
107447,1,49990,0,9515
107448,1,59626,0,8497
107449,1,61813,0,8105
107450,1,53442,0,8076
107451,1,56207,0,6107
107452,1,2677929,0,10632
107453,1,201539,0,10451
107454,1,2780805,0,10015
107455,1,48004,0,10607
107456,1,58657,0,9783
107457,1,1063912,0,9941
107458,1,53821,0,9839
107459,1,47222,0,7721
107460,1,59338,0,6116
107461,1,2816813,0,11215
107462,1,55005,0,9698
107463,1,3544607,0,11403
107464,1,59502,0,9829
107465,1,37659,0,9053
107466,1,50946,0,5855
107467,1,60214,0,9347
107468,1,51368,0,8601
107469,1,41183,0,8846
107470,1,36446,0,7353
107471,1,38721,0,6945
107472,1,48371,0,6944
107473,1,61721,0,4987
107474,1,32035,0,10939
107475,1,51362,0,9055
107476,1,47297,0,8328
107477,1,23997,0,1982
107478,1,2775057,0,10380
107479,1,40450,0,10625
107480,1,646009,0,10404
107481,1,3097096,0,9758
107482,1,3092498,0,9650
107483,1,34376,0,9297
107484,1,23441,0,8383
107485,1,35769,0,10412
107486,1,166552,0,8920
107487,1,61303,0,10522
107488,1,59522,0,10160
107489,1,160161,0,10683
107490,1,2768219,0,9698
107491,1,34484,0,10544
107492,1,32966,0,10324
107493,1,33585,0,10002
107494,1,62325,0,8903
107495,1,43084,0,9602
107496,1,56634,0,10393
107497,1,1644166,0,10358
107498,1,35851,0,6969
107499,1,166513,0,8361
107500,1,59316,0,9662
107501,1,48613,0,9462
107502,1,45654,0,10991
107503,1,90271,0,10697
107504,1,2400779,0,9551
107505,1,165657,0,8181
107506,1,51151,0,10977
107507,1,59429,0,9863
107508,1,22155,0,9776
107509,1,28191,0,9507
107510,1,22274,0,9076
107511,1,32552,0,8530
107512,1,39057,0,8381
107513,1,56267,0,9943
107514,1,32278,0,6443
107515,1,967820,0,10539
107516,1,56661,0,9768
107517,1,60075,0,8020
107518,1,29899,0,10656
107519,1,58981,0,9060
107520,1,59961,0,8854
107521,1,2802370,0,5867
107522,1,1301495,0,10144
107523,1,33566,0,7845
107524,1,51439,0,4112
107525,1,29255,0,10730
107526,1,50854,0,10093
107527,1,1352792,0,9415
107528,1,1150038,0,11146
107529,1,787767,0,10604
107530,1,61772,0,8340
107531,1,1051547,0,8563
107532,1,30703,0,11028
107533,1,1691212,0,10722
107534,1,1711128,0,10315
107535,1,33334,0,9410
107536,1,43525,0,7996
107537,1,42988,0,9742
107538,1,62418,0,9106
107539,1,2816644,0,9589
107540,1,23970,0,8378
107541,1,43062,0,6944
107542,1,21780,0,9155
107543,1,21595,0,8498
107544,1,27645,0,9111
107545,1,51260,0,8495
107546,1,59519,0,7219
107547,1,47767,0,7751
107548,1,56345,0,10077
107549,1,33448,0,10185
107550,1,56064,0,9856
107551,1,45494,0,6926
107552,1,55130,0,10705
107553,1,1715835,0,10552
107554,1,56400,0,10089
107555,1,200519,0,7319
107556,1,5060919,0,10137
107557,1,1093424,0,9173
107558,1,31503,0,9344
107559,1,33935,0,8831
107560,1,5061090,0,10505
107561,1,2746742,0,10518
107562,1,23720,0,10762
107563,1,20409,0,10657
107564,1,37057,0,10915
107565,1,18890,0,8822
107566,1,24762,0,9128
107567,1,61830,0,9747
107568,1,59739,0,7462
107569,1,33996,0,8139
107570,1,29497,0,9731
107571,1,52477,0,8830
107572,1,25954,0,9441
107573,1,51135,0,10406
107574,1,699705,0,9719
107575,1,88639,0,10462
107576,1,56129,0,9716
107577,1,159526,0,11144
107578,1,31640,0,9729
107579,1,57874,0,7557
107580,1,20120,0,10411
107581,1,44986,0,7993
107582,1,19294,0,6045
107583,1,677101,0,9119
107584,1,32922,0,10572
107585,1,35824,0,8964
107586,1,3087189,0,10471
107587,1,57897,0,10340
107588,1,165435,0,9246
107589,1,170283,0,10800
107590,1,1093790,0,10515
107591,1,1495299,0,10610
107592,1,2181293,0,9839
107593,1,57325,0,9492
107594,1,24547,0,9620
107595,1,29963,0,8983
107596,1,39733,0,10545
107597,1,3097038,0,8604
107598,1,36552,0,9766
107599,1,24883,0,8927
107600,1,1644305,0,10126
107601,1,28405,0,10998
107602,1,58927,0,9628
107603,1,52598,0,9378
107604,1,607909,0,10014
107605,1,50924,0,9756
107606,1,62808,0,8149
107607,1,22637,0,10651
107608,1,28008,0,8933
107609,1,43357,0,7537
107610,1,35894,0,10045
107611,1,33937,0,9505
107612,1,40138,0,9997
107613,1,57867,0,10053
107614,1,29831,0,9564
107615,1,33380,0,8076
107616,1,26746,0,10447
107617,1,46451,0,9673
107618,1,1051683,0,9486
107619,1,24308,0,9351
107620,1,21064,0,10884
107621,1,32026,0,9062
107622,1,56068,0,10135
107623,1,1695163,0,7842
107624,1,55251,0,7392
107625,1,1741327,0,9884
107626,1,35847,0,10247
107627,1,24939,0,9538
107628,1,22796,0,9339
107629,1,24957,0,7811
107630,1,54651,0,10837
107631,1,57134,0,10187
107632,1,5060462,0,10610
107633,1,84238,0,10749
107634,1,25537,0,9401
107635,1,33183,0,8644
107636,1,52750,0,10326
107637,1,50274,0,9358
107638,1,28979,0,9343
107639,1,168103,0,8879
107640,1,53923,0,7578
107641,1,61050,0,8351
107642,1,31936,0,10666
107643,1,40078,0,7790
107644,1,47477,0,9343
107645,1,46432,0,7207
107646,1,1401469,0,9762
107647,1,1294635,0,8984
107648,1,97096,0,8655
107649,1,26070,0,8594
107650,1,30790,0,7843
107651,1,55536,0,10564
107652,1,46251,0,10460
107653,1,45739,0,9864
107655,1,51865,0,7886
107656,1,51784,0,10688
107657,1,3859441,0,10158
107658,1,59766,0,9890
107659,1,63761,0,10108
107660,1,23120,0,10843
107661,1,1169692,0,10197
107662,1,663806,0,10333
107663,1,28338,0,9642
107664,1,36044,0,10388
107665,1,156142,0,10382
107666,1,25323,0,10320
107667,1,32149,0,10031
107668,1,1838075,0,10890
107669,1,170185,0,8650
107670,1,29677,0,10809
107671,1,31232,0,9256
107672,1,26490,0,11023
107673,1,59347,0,10037
107674,1,2676045,0,9661
107675,1,30309,0,10342
107676,1,42686,0,9951
107677,1,45362,0,10259
107678,1,58202,0,10323
107679,1,46427,0,6999
107680,1,2800968,0,9917
107681,1,51530,0,9349
107682,1,31701,0,8683
107683,1,160183,0,11111
107684,1,61498,0,8523
107685,1,19946,0,10705
107686,1,2190793,0,10607
107687,1,3771527,0,10771
107688,1,3133318,0,10258
107689,1,27298,0,6380
107690,1,49980,0,10367
107691,1,158445,0,10302
107692,1,2408529,0,10430
107693,1,160988,0,10209
107694,1,26500,0,10069
107695,1,45220,0,9108
107696,1,715282,0,8024
107697,1,35717,0,10515
107698,1,21047,0,9383
107699,1,22084,0,8749
107700,1,33180,0,6820
107701,1,20022,0,7748
107702,1,59475,0,8404
107703,1,34379,0,9540
107704,1,47866,0,8172
107705,1,46289,0,7971
107706,1,58083,0,7495
107707,1,26452,0,7815
107708,1,47362,0,9738
107709,1,1040426,0,9808
107710,1,36824,0,6413
107711,1,452801,0,9849
107712,1,26468,0,8620
107713,1,58923,0,10413
107714,1,19424,0,9895
107715,1,29061,0,7491
107716,1,32850,0,6925
107717,1,23750,0,9533
107718,1,20900,0,8586
107719,1,39726,0,8598
107720,1,34654,0,5608
107721,1,28836,0,9541
107722,1,157209,0,9200
107723,1,33550,0,1173
107724,1,54407,0,9531
107725,1,160705,0,8235
107726,1,52904,0,10837
107727,1,1280952,0,10503
107728,1,21743,0,10199
107729,1,23756,0,9612
107730,1,55997,0,9811
107731,1,38393,0,10610
107732,1,937742,0,10103
107733,1,33467,0,9349
107734,1,48675,0,7258
107735,1,56203,0,9611
107736,1,57645,0,10486
107737,1,44777,0,7352
107738,1,647000,0,10778
107739,1,921306,0,9849
107740,1,2784203,0,9611
107741,1,31548,0,9987
107742,1,31457,0,8105
107743,1,34204,0,7559
107744,1,31243,0,10291
107745,1,60027,0,8652
107746,1,45315,0,7497
107747,1,55188,0,9218
107748,1,5060529,0,8609
107749,1,36576,0,10614
107750,1,180445,0,8913
107751,1,33982,0,7896
107752,1,49631,0,9344
107753,1,61857,0,7099
107754,1,52630,0,10088
107755,1,61154,0,9002
107756,1,1053034,0,8863
107757,1,973961,0,8416
107758,1,52601,0,7425
107759,1,59489,0,10314
107760,1,3834494,0,9966
107761,1,170332,0,10601
107762,1,166534,0,9912
107763,1,61546,0,7038
107764,1,59618,0,9870
107765,1,61399,0,6724
107766,1,59239,0,6966
107767,1,4585441,0,10255
107768,1,90044,0,9888
107769,1,57480,0,10103
107770,1,33613,0,10540
107771,1,41031,0,9545
107772,1,31400,0,8939
107773,1,20786,0,8658
107774,1,53809,0,9152
107775,1,48656,0,9197
107776,1,29802,0,8873
107777,1,35502,0,6892
107778,1,1142261,0,10749
107779,1,33901,0,9308
107780,1,32033,0,7802
107781,1,3790982,0,7870
107782,1,20801,0,10466
107783,1,63730,0,8155
107784,1,31826,0,6748
107785,1,2161286,0,9910
107786,1,3096994,0,9920
107787,1,35491,0,9702
107788,1,60818,0,10128
107789,1,2768578,0,9882
107790,1,43791,0,3972
107791,1,57280,0,9716
107792,1,1220189,0,10057
107793,1,47675,0,8556
107794,1,2607686,0,7348
107795,1,30377,0,6000
107796,1,57322,0,10156
107797,1,907402,0,9401
107798,1,53558,0,10199
107799,1,25359,0,7889
107800,1,166487,0,9901
107801,1,40797,0,9333
107802,1,53942,0,8715
107803,1,32577,0,6529
107804,1,17547,0,6218
107805,1,58651,0,9556
107806,1,58611,0,9554
107807,1,1835119,0,10630
107808,1,36734,0,10198
107809,1,58707,0,9594
107810,1,3837909,0,9345
107811,1,27254,0,8607
107812,1,62154,0,6824
107813,1,60552,0,7917
107814,1,44103,0,7863
107815,1,51407,0,10693
107816,1,30319,0,10320
107817,1,51560,0,9643
107818,1,20271,0,9217
107819,1,97261,0,8383
107820,1,1015426,0,10970
107821,1,37769,0,10383
107822,1,61476,0,9548
107823,1,23285,0,10097
107824,1,3799369,0,10014
107825,1,51752,0,8405
107826,1,59575,0,9450
107827,1,45560,0,7455
107828,1,19511,0,8423
107829,1,40570,0,10411
107830,1,46181,0,9621
107831,1,670830,0,9438
107832,1,2769849,0,10690
107833,1,814118,0,10019
107834,1,59444,0,9622
107835,1,31007,0,9512
107836,1,49265,0,8773
107837,1,24680,0,9856
107838,1,34213,0,8727
107839,1,180944,0,8883
107840,1,52813,0,6983
107841,1,38124,0,6256
107842,1,26845,0,10393
107843,1,60403,0,8161
107844,1,3567171,0,10605
107845,1,40452,0,9923
107846,1,41165,0,9005
107847,1,30392,0,8549
107848,1,58406,0,7549
107849,1,4683860,0,10195
107850,1,55495,0,10549
107851,1,1076125,0,9356
107852,1,50430,0,7905
107853,1,26617,0,8142
107854,1,58664,0,8776
107855,1,41736,0,8599
107856,1,59351,0,6396
107857,1,90008,0,10314
107858,1,35212,0,9935
107859,1,43428,0,7468
107860,1,93133,0,10388
107861,1,5061277,0,9580
107862,1,1074312,0,8818
107863,1,34342,0,7981
107864,1,22418,0,6935
107865,1,2476296,0,8703
107866,1,90050,0,8463
107867,1,31729,0,6734
107868,1,42576,0,9948
107869,1,60860,0,8261
107870,1,4684201,0,7418
107871,1,52690,0,10058
107872,1,24248,0,9236
107873,1,3094537,0,8602
107874,1,20686,0,10608
107875,1,200918,0,10003
107876,1,38043,0,10199
107877,1,51768,0,8207
107878,1,53026,0,9857
107879,1,87357,0,10348
107880,1,5060752,0,9437
107881,1,42305,0,7379
107882,1,53676,0,6891
107883,1,30358,0,4480
107884,1,57178,0,9056
107885,1,170321,0,8864
107886,1,44963,0,8612
107887,1,896837,0,9954
107888,1,990915,0,9682
107889,1,62212,0,6811
107890,1,182757,0,9955
107891,1,160067,0,9478
107892,1,30933,0,8214
107893,1,23227,0,10190
107894,1,35548,0,10511
107895,1,62515,0,7848
107896,1,143062,0,9723
107897,1,23747,0,9715
107898,1,158963,0,9431
107899,1,42470,0,9107
107900,1,89946,0,7110
107901,1,55830,0,10457
107902,1,3719683,0,10171
107903,1,36453,0,10580
107904,1,29567,0,6703
107905,1,29591,0,4051
107906,1,24589,0,10492
107907,1,170441,0,9171
107908,1,52736,0,9912
107909,1,3088550,0,9262
107910,1,3866895,0,8397
107911,1,157413,0,8532
107912,1,47122,0,7486
107913,1,4075851,0,10679
107914,1,57355,0,8630
107915,1,5060488,0,7525
107916,1,39138,0,10777
107917,1,24929,0,8128
107918,1,3805574,0,9537
107919,1,59557,0,9888
107920,1,3765977,0,10317
107921,1,3097048,0,8677
107922,1,34576,0,10450
107923,1,56754,0,9414
107924,1,942392,0,9905
107925,1,923816,0,9627
107926,1,41526,0,8960
107927,1,50214,0,8314
107928,1,29317,0,9742
107929,1,25415,0,9035
107930,1,185090,0,8875
107931,1,61107,0,7785
107932,1,49422,0,8199
107933,1,1032648,0,10295
107934,1,63024,0,8026
107935,1,51182,0,7785
107936,1,52049,0,7081
107937,1,569040,0,7079
107938,1,4076839,0,10492
107939,1,76904,0,9434
107940,1,50868,0,8581
107941,1,15509,0,7989
107942,1,1728061,0,9521
107943,1,50981,0,7698
107944,1,25335,0,10169
107945,1,30651,0,8463
107946,1,18538,0,7968
107947,1,41409,0,7405
107948,1,22994,0,10421
107949,1,3087332,0,9863
107950,1,1069098,0,9577
107951,1,391220,0,8142
107952,1,1005341,0,10811
107953,1,61339,0,8979
107954,1,27702,0,9008
107955,1,2022579,0,9712
107956,1,23553,0,10059
107957,1,2315501,0,9257
107958,1,57541,0,9988
107959,1,59267,0,9442
107960,1,60225,0,8890
107961,1,200905,0,8801
107962,1,63243,0,7950
107963,1,47595,0,9951
107964,1,2158676,0,10203
107965,1,59173,0,9056
107966,1,5060663,0,9237
107967,1,45758,0,5262
107968,1,51706,0,4563
107969,1,2283081,0,9830
107970,1,587545,0,10067
107971,1,510343,0,10339
107972,1,32069,0,9775
107973,1,48036,0,7110
107974,1,909420,0,10290
107975,1,881800,0,10094
107976,1,49883,0,8570
107977,1,58159,0,7857
107978,1,55477,0,9791
107979,1,45859,0,8961
107980,1,60857,0,8621
107981,1,45682,0,8357
107982,1,45474,0,6881
107983,1,35666,0,10550
107984,1,55217,0,9614
107985,1,20204,0,8574
107986,1,32352,0,8574
107987,1,59559,0,6842
107988,1,97171,0,9835
107989,1,917688,0,9298
107990,1,19043,0,10390
107991,1,25486,0,8539
107992,1,5060734,0,9598
107993,1,26973,0,7805
107994,1,58239,0,7170
107995,1,35818,0,10640
107996,1,51423,0,7608
107997,1,200808,0,8622
107998,1,3781345,0,10522
107999,1,27542,0,8556
108000,1,5061042,0,10344
108001,1,37031,0,7805
108002,1,1147483,0,9113
108003,1,160994,0,8757
108004,1,58101,0,9502
108005,1,154020,0,10183
108006,1,1457893,0,8683
108007,1,3077218,0,10496
108008,1,25805,0,10243
108009,1,46163,0,9882
108010,1,42836,0,9216
108011,1,3081793,0,9372
108012,1,2781728,0,10038
108013,1,18998,0,9611
108014,1,52081,0,8981
108015,1,22823,0,9987
108016,1,1031731,0,9536
108017,1,21364,0,9334
108018,1,34746,0,8834
108019,1,61582,0,6212
108020,1,57913,0,9760
108021,1,166232,0,7915
108022,1,57753,0,9632
108023,1,29643,0,10109
108024,1,35427,0,9598
108025,1,3098317,0,9104
108026,1,1061875,0,9197
108027,1,26074,0,10281
108028,1,49644,0,7304
108029,1,51114,0,10301
108030,1,52657,0,10179
108031,1,819828,0,10355
108032,1,666591,0,8712
108033,1,35669,0,7373
108034,1,24005,0,9529
108035,1,2785300,0,8451
108036,1,41739,0,6903
108037,1,55612,0,9826
108038,1,30056,0,10390
108039,1,30444,0,8728
108040,1,45810,0,9991
108041,1,48635,0,8564
108042,1,37628,0,7414
108043,1,57516,0,10008
108044,1,57344,0,9737
108045,1,43066,0,9685
108046,1,26539,0,10085
108047,1,1058008,0,9294
108048,1,37627,0,9613
108049,1,22371,0,8857
108050,1,52099,0,8360
108051,1,960853,0,8183
108052,1,61207,0,7519
108053,1,11770,0,4217
108054,1,44177,0,9955
108055,1,49729,0,8309
108056,1,39964,0,7275
108057,1,44345,0,7239
108058,1,17310,0,6281
108059,1,57709,0,9626
108060,1,55998,0,9722
108061,1,53362,0,9064
108062,1,53106,0,9812
108063,1,5060483,0,7057
108064,1,54215,0,6904
108065,1,20921,0,10205
108066,1,81638,0,9451
108067,1,3124449,0,10172
108068,1,2097463,0,10005
108069,1,59777,0,8576
108070,1,38295,0,8899
108071,1,53554,0,7315
108072,1,57707,0,5719
108073,1,50525,0,9347
108074,1,50119,0,7434
108075,1,57442,0,9783
108076,1,2230051,0,9703
108077,1,28176,0,10059
108078,1,58591,0,9952
108079,1,28512,0,9767
108080,1,47298,0,7909
108081,1,30370,0,9121
108082,1,30758,0,10499
108083,1,526755,0,10408
108084,1,32297,0,9457
108085,1,166541,0,9806
108086,1,4667439,0,9109
108087,1,1026391,0,9723
108088,1,33719,0,9093
108089,1,22608,0,10617
108090,1,3388975,0,9404
108091,1,47623,0,9961
108092,1,45792,0,9940
108093,1,51883,0,8473
108094,1,21110,0,8287
108095,1,5060471,0,5995
108096,1,1087252,0,10174
108097,1,100074,0,9004
108098,1,38441,0,7662
108099,1,53645,0,9655
108100,1,161081,0,9012
108101,1,20153,0,9217
108102,1,58838,0,8694
108103,1,61221,0,5697
108104,1,34996,0,5977
108105,1,58053,0,9218
108106,1,38665,0,8220
108107,1,61737,0,7394
108108,1,166880,0,10007
108109,1,51375,0,10067
108110,1,22661,0,9399
108111,1,28220,0,6689
108112,1,58542,0,9783
108113,1,3096999,0,8619
108114,1,30421,0,5802
108115,1,30497,0,8481
108116,1,45043,0,6877
108117,1,38463,0,9873
108118,1,3097794,0,9584
108119,1,26665,0,7799
108120,1,63096,0,4517
108121,1,53996,0,4457
108122,1,52687,0,9260
108123,1,45784,0,7796
108124,1,44613,0,7518
108125,1,62395,0,4648
108126,1,40219,0,9702
108127,1,55953,0,7027
108128,1,45460,0,6288
108129,1,2779154,0,10029
108130,1,27615,0,10513
108131,1,25037,0,9813
108132,1,48727,0,7965
108133,1,30898,0,7258
108134,1,51037,0,9391
108135,1,619233,0,9654
108136,1,4076827,0,9345
108137,1,52362,0,9856
108138,1,4618406,0,10300
108139,1,53638,0,9137
108140,1,23983,0,6416
108141,1,58937,0,7776
108142,1,2781907,0,9035
108143,1,155241,0,9196
108144,1,460261,0,9983
108145,1,30943,0,9286
108146,1,24238,0,8556
108147,1,46633,0,5963
108148,1,3803563,0,10047
108149,1,1160764,0,10282
108150,1,46392,0,9507
108151,1,23700,0,7939
108152,1,49385,0,7237
108153,1,36796,0,9637
108154,1,37022,0,7224
108155,1,2402029,0,9746
108156,1,58607,0,9002
108157,1,53885,0,8797
108158,1,51464,0,8926
108159,1,58468,0,8099
108160,1,25420,0,9562
108161,1,166274,0,9100
108162,1,63644,0,8942
108163,1,667412,0,9412
108164,1,25884,0,8363
108165,1,45999,0,3764
108166,1,153051,0,10229
108167,1,38517,0,10103
108168,1,61797,0,8352
108169,1,61178,0,8145
108170,1,539564,0,6800
108171,1,46909,0,6552
108172,1,45646,0,10016
108173,1,45533,0,9577
108174,1,3090880,0,9607
108175,1,1003554,0,9584
108176,1,54388,0,8692
108177,1,42047,0,7121
108178,1,43021,0,5663
108179,1,5061065,0,10294
108180,1,34450,0,10146
108181,1,861878,0,10424
108182,1,1041662,0,8368
108183,1,170079,0,9713
108184,1,30711,0,9671
108185,1,30683,0,9694
108186,1,36800,0,9141
108187,1,48000,0,8968
108188,1,52521,0,3174
108189,1,3834254,0,10140
108190,1,1106800,0,9894
108191,1,23259,0,4737
108192,1,3097045,0,8755
108193,1,30754,0,8480
108194,1,46678,0,7693
108195,1,36795,0,10135
108196,1,170444,0,8713
108197,1,49113,0,8249
108198,1,30154,0,10524
108199,1,5060561,0,8746
108200,1,3093250,0,7478
108201,1,165379,0,5377
108202,1,37411,0,9994
108203,1,24011,0,9747
108204,1,29018,0,9597
108205,1,28341,0,9266
108206,1,41895,0,8506
108207,1,51603,0,7522
108208,1,47732,0,7803
108209,1,139458,0,10033
108210,1,41477,0,9868
108211,1,81526,0,9691
108212,1,33771,0,8760
108213,1,57675,0,7138
108214,1,156380,0,10420
108215,1,27727,0,9763
108216,1,55040,0,9247
108217,1,58354,0,7729
108218,1,33454,0,8000
108219,1,51679,0,7955
108220,1,166514,0,9021
108221,1,33460,0,6745
108222,2,23789,107,6870
108223,1,37372,0,10116
108224,1,1471012,0,9453
108225,1,48961,0,9438
108226,1,20657,0,8080
108227,1,2453368,0,7257
108228,1,90032,0,9289
108229,1,31763,0,9686
108230,1,165920,0,7642
108231,1,1058873,0,9283
108232,1,33806,0,6772
108233,1,51326,0,9796
108234,1,51427,0,9511
108235,1,59238,0,8642
108236,1,5061212,0,8632
108237,1,52059,0,7248
108238,1,31508,0,6620
108239,1,900428,0,10187
108240,1,33457,0,9988
108241,1,3824,0,7837
108242,1,18473,0,9778
108243,1,156918,0,10140
108244,1,45570,0,9347
108245,1,61997,0,7926
108246,1,33379,0,6876
108247,1,166508,0,9433
108248,1,33399,0,9790
108249,1,26843,0,9360
108250,1,48479,0,9124
108251,1,50148,0,8501
108252,1,32266,0,7866
108253,1,48358,0,7341
108254,1,39221,0,6977
108255,1,38753,0,7268
108256,1,588125,0,10436
108257,1,28062,0,10110
108258,1,46046,0,7876
108259,1,35545,0,7117
108260,1,618152,0,9958
108261,1,62592,0,8244
108262,1,155804,0,9015
108263,1,214741,0,7315
108264,1,60079,0,6483
108265,1,35480,0,7038
108266,1,161150,0,8618
108267,1,44128,0,8253
108268,1,34891,0,10153
108269,1,1044722,0,9985
108270,1,56588,0,9195
108271,1,89989,0,8599
108272,1,170233,0,8077
108273,1,926418,0,7165
108274,1,34630,0,6662
108275,1,50630,0,6245
108276,1,50973,0,4092
108277,1,52289,0,9331
108278,1,48998,0,7355
108279,1,41674,0,7001
108280,1,36909,0,6187
108281,1,48423,0,9312
108282,1,5061129,0,6833
108283,1,2800971,0,10166
108284,1,63167,0,8587
108285,1,1541163,0,9387
108286,1,25730,0,9117
108287,1,45425,0,8745
108288,1,44388,0,5321
108289,1,58936,0,9549
108290,1,20517,0,9511
108291,1,25361,0,9609
108292,1,29422,0,9112
108293,1,2766176,0,9901
108294,1,52835,0,9147
108295,1,1722840,0,9815
108296,1,29618,0,9968
108297,1,21237,0,8935
108298,1,24427,0,6080
108299,1,677088,0,10587
108300,1,48419,0,8752
108301,1,159083,0,8522
108302,1,52472,0,9978
108303,1,200702,0,9455
108304,1,23819,0,9738
108305,1,24791,0,7883
108306,1,22922,0,5519
108307,1,23981,0,9967
108308,1,53565,0,9474
108309,1,3082288,0,9717
108310,1,1261090,0,8920
108311,1,35721,0,8581
108312,1,22866,0,5702
108313,1,53449,0,9767
108314,1,40642,0,9827
108315,1,3753841,0,9786
108316,1,50796,0,9236
108317,1,45959,0,7199
108318,1,50693,0,6411
108319,1,53514,0,9737
108320,1,54850,0,9743
108321,1,24256,0,8345
108322,1,28800,0,8490
108323,1,1666137,0,9498
108324,1,47180,0,7000
108325,1,31429,0,6764
108326,1,21309,0,9039
108327,1,42956,0,7043
108328,1,21435,0,8923
108329,1,45327,0,8431
108330,1,25584,0,8199
108331,1,65255,0,4768
108332,1,39901,0,4619
108333,1,51712,0,9612
108334,1,29188,0,6538
108335,1,30218,0,9994
108336,1,2816707,0,10312
108337,1,5060573,0,8536
108338,1,24798,0,8518
108339,1,5060913,0,8590
108340,1,25282,0,9079
108341,1,24776,0,7737
108342,1,47688,0,5238
108343,1,56740,0,10069
108344,1,33605,0,7369
108345,1,61856,0,8655
108346,1,24705,0,9128
108347,1,1085367,0,8641
108348,1,3712713,0,7629
108349,1,201581,0,7408
108350,1,21580,0,8489
108351,1,2800904,0,10213
108352,1,1212349,0,9251
108353,1,90195,0,10251
108354,1,56599,0,9586
108355,1,1116864,0,9268
108356,1,23213,0,9294
108357,1,35637,0,10394
108358,1,28729,0,9663
108359,1,41610,0,8542
108360,1,877893,0,10232
108361,1,23018,0,9300
108362,1,5061142,0,7436
108363,1,61376,0,6629
108364,1,185080,0,8303
108365,1,3099220,0,10006
108366,1,34482,0,8667
108367,1,57499,0,9561
108368,1,49676,0,2910
108369,1,25941,0,9715
108370,1,60722,0,6862
108371,1,32765,0,8685
108372,1,34335,0,8400
108373,1,965812,0,7988
108374,1,52821,0,7169
108375,1,22337,0,9585
108376,1,3093027,0,9912
108377,1,45963,0,9065
108378,1,51913,0,8578
108379,1,32865,0,9004
108380,1,33949,0,7657
108381,1,60100,0,9278
108382,1,60636,0,7564
108383,1,45982,0,8567
108384,1,52897,0,9875
108385,1,27300,0,9441
108386,1,43038,0,9244
108387,1,35691,0,8918
108388,1,30167,0,7389
108389,1,40783,0,7262
108390,1,55594,0,6780
108391,1,27609,0,9540
108392,1,51139,0,7903
108393,1,43181,0,8034
108394,1,46114,0,9655
108395,1,57126,0,9417
108396,1,61703,0,9087
108397,1,24515,0,8213
108398,1,166523,0,7672
108399,1,15084,0,7617
108400,1,1405212,0,10111
108401,1,30191,0,7368
108402,1,26767,0,9169
108403,1,25670,0,7891
108404,1,937601,0,10049
108405,1,34492,0,9403
108406,1,37448,0,7468
108407,1,3091709,0,9871
108408,1,52377,0,9083
108409,1,19981,0,8642
108410,1,24286,0,8665
108411,1,21673,0,5029
108412,1,882420,0,9130
108413,1,1063542,0,8569
108414,1,28069,0,7663
108415,1,33966,0,6673
108416,1,25193,0,9610
108417,1,1993402,0,8424
108418,1,633297,0,8299
108419,1,42042,0,7479
108420,1,35299,0,5394
108421,1,62237,0,8612
108422,1,46548,0,9124
108423,1,19237,0,8243
108424,1,21437,0,8285
108425,1,3081728,0,9467
108426,1,43335,0,9336
108427,1,49931,0,8554
108428,1,1038638,0,7795
108429,1,2204163,0,9948
108430,1,46308,0,8099
108431,1,752312,0,9323
108432,1,53470,0,6749
108433,1,180935,0,10035
108434,1,51575,0,9444
108435,1,50406,0,8314
108436,1,50066,0,7581
108437,1,21985,0,6617
108438,1,53020,0,6338
108439,1,54249,0,8922
108440,1,26271,0,9243
108441,1,60000,0,8699
108442,1,90002,0,5360
108443,1,57539,0,9295
108444,1,42713,0,9664
108445,1,32017,0,9211
108446,1,22134,0,7429
108447,1,157340,0,10184
108448,1,52077,0,9166
108449,1,1375296,0,8873
108450,1,45044,0,8614
108451,1,54964,0,8630
108452,1,44225,0,7670
108453,1,21063,0,6697
108454,1,33786,0,7004
108455,1,165684,0,9586
108456,1,44738,0,8593
108457,1,50833,0,9887
108458,1,2783774,0,9579
108459,1,52950,0,9085
108460,1,1043731,0,9431
108461,1,160998,0,8731
108462,1,35781,0,9231
108463,1,59128,0,6907
108465,1,61704,0,6571
108466,1,53652,0,7891
108467,1,45322,0,7466
108468,1,90778,0,10055
108469,1,31339,0,9186
108470,1,50537,0,7677
108471,1,1120727,0,9014
108472,1,48777,0,8745
108473,1,29651,0,5562
108474,1,31234,0,9577
108475,1,58184,0,9398
108476,1,55713,0,8156
108477,1,40012,0,7439
108478,1,21403,0,10172
108479,1,30825,0,9641
108480,1,39450,0,8088
108481,1,52190,0,5916
108482,1,2304553,0,9767
108483,1,34775,0,9967
108484,1,60076,0,8412
108485,1,52559,0,8833
108486,1,2717343,0,7115
108487,1,42264,0,7756
108488,1,160217,0,9967
108489,1,52632,0,9556
108490,1,51255,0,9248
108491,1,96519,0,8693
108492,1,3096991,0,7423
108493,1,1792564,0,10007
108494,1,60336,0,9429
108495,1,5061150,0,7405
108496,1,1070847,0,9881
108497,1,59191,0,9051
108498,1,50297,0,7825
108499,1,28897,0,7609
108500,1,53607,0,9594
108501,1,19604,0,9750
108502,1,34251,0,8715
108503,1,29759,0,7053
108504,1,35850,0,6994
108505,1,43023,0,6759
108506,1,57903,0,9193
108507,1,47280,0,7897
108508,1,728526,0,9804
108509,1,34521,0,7943
108510,1,32560,0,9673
108511,1,3854844,0,9772
108512,1,62860,0,8406
108513,1,60413,0,7905
108514,1,3086468,0,9737
108515,1,20540,0,8751
108516,1,90285,0,7172
108517,1,32611,0,5995
108518,1,23735,0,9047
108519,1,23663,0,8984
108520,1,157946,0,7917
108521,1,29499,0,5502
108522,1,32673,0,5217
108523,1,86258,0,9190
108524,1,48257,0,8633
108525,1,24908,0,9654
108526,1,160881,0,9614
108527,1,53712,0,8962
108528,1,26970,0,7841
108529,1,32670,0,9978
108530,1,160951,0,8688
108531,1,4684063,0,8651
108532,1,34837,0,7812
108533,1,28831,0,8562
108534,1,2696701,0,9010
108535,1,58631,0,6183
108536,1,52233,0,9356
108537,1,32867,0,9203
108538,1,30178,0,9096
108539,1,53251,0,7406
108540,1,61465,0,7135
108541,1,54483,0,4674
108542,1,52254,0,9667
108543,1,34725,0,8667
108544,1,37269,0,8537
108545,1,32234,0,8619
108546,1,26610,0,7964
108547,1,51827,0,8959
108548,1,53209,0,9000
108549,1,42583,0,9130
108550,1,24022,0,9127
108551,1,59150,0,7853
108552,1,39484,0,6334
108553,1,54051,0,6006
108554,1,17198,0,9421
108555,1,1242690,0,9472
108556,1,39835,0,9786
108557,1,466579,0,10059
108558,1,43015,0,8766
108559,1,159544,0,8725
108560,1,47865,0,10091
108561,1,43490,0,7242
108562,1,40768,0,7159
108563,1,51031,0,6794
108564,1,1251581,0,9785
108565,1,59906,0,8286
108566,1,97194,0,8494
108567,1,674020,0,8000
108568,1,89014,0,6462
108569,1,38641,0,9119
108570,1,23640,0,9004
108571,1,21115,0,8912
108572,1,61518,0,6482
108573,1,24156,0,4366
108574,1,88831,0,9525
108575,1,2768350,0,8412
108576,1,3097037,0,8806
108577,1,154977,0,9307
108578,1,53422,0,9239
108579,1,1041262,0,8134
108580,1,36370,0,5906
108581,1,938105,0,9683
108582,1,26990,0,9153
108583,1,915381,0,9199
108584,1,3097186,0,7790
108585,1,61996,0,6761
108586,1,24495,0,9405
108587,1,47873,0,6471
108588,1,61235,0,5943
108589,1,1117493,0,8923
108590,1,624659,0,9163
108591,1,45395,0,8718
108592,1,201440,0,7130
108593,1,55687,0,7110
108594,1,36471,0,6356
108595,1,23938,0,9524
108596,1,35395,0,8547
108597,1,60560,0,6408
108598,1,58463,0,9605
108599,1,52420,0,9553
108600,1,37539,0,8444
108601,1,48382,0,7245
108602,1,2816835,0,9472
108603,1,37400,0,7456
108604,1,57891,0,4588
108605,1,60522,0,9364
108606,1,2816626,0,8876
108607,1,34139,0,8725
108608,1,47489,0,4765
108609,1,4684197,0,8967
108610,1,31634,0,8828
108611,1,6453,0,6945
108612,1,32472,0,7512
108613,1,34656,0,6693
108614,1,34717,0,7230
108615,1,18650,0,6535
108616,1,38496,0,5864
108617,1,24183,0,9615
108618,1,61781,0,8534
108619,1,3097020,0,8947
108620,1,24442,0,8167
108621,1,39909,0,8407
108622,1,33495,0,7905
108623,1,3087329,0,9569
108624,1,45869,0,9823
108625,1,170105,0,8136
108626,1,34432,0,8060
108627,1,23383,0,6187
108628,1,47565,0,9422
108629,1,3762484,0,9687
108630,1,38565,0,7243
108631,1,27745,0,5196
108632,1,53629,0,9474
108633,1,60660,0,8723
108634,1,992889,0,8211
108635,1,52169,0,8296
108636,1,54565,0,6948
108637,1,30108,0,3911
108638,1,2410415,0,8608
108639,1,1008465,0,9623
108640,1,42557,0,8590
108641,1,45765,0,7613
108642,1,17588,0,5825
108643,1,54730,0,5874
108644,1,50696,0,8899
108645,1,58763,0,9292
108646,1,49694,0,8849
108647,1,997240,0,8901
108648,1,58836,0,6911
108649,1,27087,0,9033
108650,1,18399,0,5565
108651,1,39991,0,4325
108652,1,3388084,0,9708
108653,1,51769,0,8655
108654,1,42807,0,9874
108655,1,53662,0,9526
108656,1,31322,0,9331
108657,1,52755,0,8393
108658,1,61670,0,7288
108659,1,48014,0,7811
108660,1,31399,0,9539
108661,1,170087,0,8999
108662,1,57610,0,8540
108663,1,26235,0,6931
108664,1,42984,0,9566
108665,1,3866966,0,9085
108666,1,35305,0,9171
108667,1,28436,0,8543
108668,1,48289,0,8207
108669,1,39234,0,8236
108670,1,61409,0,8182
108671,1,42183,0,8373
108672,1,55497,0,5636
108673,1,3087600,0,9483
108674,1,5061025,0,9153
108675,1,28828,0,8990
108676,1,170202,0,7074
108677,1,28847,0,8062
108678,1,26445,0,7876
108679,1,33704,0,9864
108680,1,32378,0,8768
108681,1,60696,0,7810
108682,1,53266,0,8060
108683,1,56256,0,9140
108684,1,39830,0,8858
108685,1,611326,0,8469
108686,1,61841,0,5740
108687,1,5060850,0,9064
108688,1,3744368,0,8964
108689,1,60761,0,9384
108690,1,2816972,0,9526
108691,1,26076,0,9027
108692,1,23787,0,6449
108693,1,29340,0,7260
108694,1,53084,0,8014
108695,1,2015489,0,8083
108696,1,35326,0,3244
108697,1,1150164,0,9405
108698,1,21744,0,9344
108699,1,60409,0,8007
108700,1,4077653,0,7093
108701,1,46485,0,9048
108702,1,24095,0,9791
108703,1,166870,0,5221
108704,1,23588,0,9483
108705,1,161069,0,9162
108706,1,4684370,0,8930
108707,1,39683,0,4975
108708,1,47234,0,4945
108709,1,30405,0,8848
108710,1,45309,0,7790
108711,1,25276,0,9164
108712,1,31867,0,8581
108713,1,46278,0,6654
108714,1,540777,0,9842
108715,1,1805195,0,8586
108716,1,158355,0,9611
108717,1,50234,0,8833
108718,1,2801594,0,8519
108719,1,34440,0,8019
108720,1,44665,0,7583
108721,1,26653,0,5211
108722,1,25732,0,5203
108723,1,56154,0,8593
108724,1,1031925,0,8240
108725,1,22106,0,6920
108726,1,58776,0,7295
108727,1,46718,0,5459
108728,1,45790,0,7313
108729,1,892794,0,9427
108730,1,40277,0,8290
108731,1,28166,0,7783
108732,1,96423,0,9667
108733,1,53306,0,8813
108734,1,36925,0,6989
108735,1,689383,0,7054
108736,1,90082,0,6542
108737,1,40260,0,8044
108738,1,37609,0,6953
108739,1,165711,0,8635
108740,1,56494,0,8014
108741,1,978431,0,7996
108742,1,88982,0,8184
108743,1,54615,0,7788
108744,1,59893,0,9096
108745,1,53900,0,9037
108746,1,23763,0,9092
108747,1,26658,0,9079
108748,1,24499,0,8613
108749,1,52255,0,7795
108750,1,20542,0,7520
108751,1,34527,0,6803
108752,1,3097110,0,9444
108753,1,3772916,0,9536
108754,1,3756491,0,9544
108755,1,48424,0,8570
108756,1,50345,0,7393
108757,1,23290,0,5404
108758,1,47588,0,9367
108759,1,48831,0,7330
108760,1,153411,0,9715
108761,1,4684463,0,8428
108762,1,33350,0,7901
108763,1,1035006,0,7242
108764,1,28343,0,9081
108765,1,48674,0,8557
108766,1,50124,0,8147
108767,1,5060482,0,6462
108768,1,30892,0,5467
108769,1,53343,0,6530
108770,1,1821026,0,9456
108771,1,612457,0,9498
108772,1,29656,0,8785
108773,1,165707,0,6051
108774,1,53879,0,5433
108775,1,33272,0,8349
108776,1,60948,0,6243
108777,1,58960,0,5773
108778,1,46138,0,6324
108779,1,94189,0,9193
108780,1,4616911,0,8344
108781,1,59616,0,8386
108782,1,166489,0,7745
108783,1,55401,0,9088
108784,1,23650,0,7973
108785,1,185154,0,7348
108786,1,3082666,0,8551
108787,1,51177,0,8161
108788,1,23170,0,8021
108789,1,29368,0,9314
108790,1,5060646,0,8436
108791,1,951031,0,7993
108792,1,43957,0,9537
108793,1,45435,0,8575
108794,1,61705,0,8197
108795,1,3094502,0,8972
108796,1,49549,0,9769
108797,1,28525,0,9486
108798,1,60238,0,8286
108799,1,49473,0,3760
108800,1,1814194,0,9511
108801,1,51590,0,8014
108802,1,62202,0,5860
108803,1,59815,0,9209
108804,1,25260,0,9771
108805,1,26584,0,9088
108806,1,38271,0,7456
108807,1,54078,0,4810
108808,1,59672,0,9237
108809,1,160984,0,8801
108810,1,3091464,0,9040
108811,1,5061202,0,7517
108812,1,62356,0,6842
108813,1,33139,0,8600
108814,1,24025,0,7967
108815,1,20232,0,7828
108816,1,22266,0,4907
108817,1,62354,0,4586
108818,1,20448,0,8917
108819,1,28984,0,6954
108820,1,60515,0,6277
108821,1,34028,0,4078
108822,1,1284237,0,9248
108823,1,54484,0,8195
108824,1,44009,0,7780
108825,1,36055,0,7123
108826,1,61633,0,5755
108827,1,43642,0,3171
108828,1,61843,0,9119
108829,1,38709,0,9290
108830,1,49141,0,6643
108831,1,18739,0,5155
108832,1,45670,0,9295
108833,1,166235,0,8911
108834,1,3097181,0,7758
108835,1,33772,0,8190
108836,1,60884,0,6382
108837,1,61792,0,5223
108838,1,53979,0,2753
108839,1,26533,0,9464
108840,1,2407412,0,7172
108841,1,26909,0,7485
108842,1,91606,0,6493
108843,1,53750,0,6729
108844,1,63440,0,4508
108845,1,89966,0,9112
108846,1,1041838,0,9606
108847,1,5061101,0,8104
108848,1,26332,0,8682
108849,1,28699,0,8776
108850,1,5060606,0,7505
108851,1,48824,0,7621
108852,1,43074,0,6905
108853,1,61016,0,7511
108854,1,1262541,0,9190
108855,1,82504,0,9856
108856,1,22923,0,9315
108857,1,2753675,0,7497
108858,1,56158,0,7285
108859,1,47330,0,4357
108860,1,52921,0,9470
108861,1,21519,0,9157
108862,1,61406,0,6684
108863,1,90232,0,8419
108864,1,90184,0,8383
108865,1,35434,0,8192
108866,1,3086097,0,9007
108867,1,152859,0,9743
108868,1,45381,0,8728
108869,1,25134,0,7470
108870,1,42743,0,6967
108871,1,30268,0,9364
108872,1,28998,0,7945
108873,1,140697,0,7289
108874,1,2692131,0,9060
108875,1,24348,0,8174
108876,1,52471,0,8196
108877,1,39590,0,7805
108878,1,45093,0,6817
108879,1,2134037,0,6083
108880,1,51699,0,6015
108881,1,3136298,0,9437
108882,1,170212,0,7232
108883,1,24551,0,9396
108884,1,936201,0,8764
108885,1,51266,0,8348
108886,1,1667144,0,8126
108887,1,38616,0,7280
108888,1,45236,0,5055
108889,1,803847,0,9645
108890,1,4076038,0,9717
108891,1,96552,0,9126
108892,1,55969,0,8773
108893,1,27172,0,8559
108894,1,25912,0,8210
108895,1,3941,0,4714
108896,1,51428,0,4658
108897,1,26157,0,2894
108898,1,732184,0,9131
108899,1,881391,0,8810
108900,1,52862,0,7906
108901,1,35328,0,7805
108902,1,62310,0,4148
108903,1,21676,0,4409
108904,1,46438,0,9220
108905,1,60414,0,8408
108906,1,52457,0,8787
108907,1,170186,0,7653
108908,1,1536115,0,8980
108909,1,51389,0,8252
108910,1,51327,0,8126
108911,1,29777,0,8477
108912,1,23767,0,7697
108913,1,2816825,0,9677
108914,1,1029491,0,9381
108915,1,58512,0,8744
108916,1,48960,0,8273
108917,1,1020574,0,7186
108918,1,58095,0,6072
108919,1,30317,0,9091
108920,1,25068,0,8939
108921,1,47907,0,7526
108922,1,58456,0,6499
108923,1,1912156,0,9333
108924,1,60614,0,8073
108925,1,4683064,0,8715
108926,1,47097,0,8720
108927,1,4619862,0,8202
108928,1,42201,0,8376
108929,1,2817063,0,7511
108930,1,36748,0,7468
108931,1,53275,0,7144
108932,1,94252,0,9093
108933,1,51751,0,4545
108934,1,43759,0,8808
108935,1,40922,0,6588
108936,1,156248,0,9312
108937,1,37968,0,7119
108938,1,49175,0,7086
108939,1,55689,0,5914
108940,1,631094,0,9399
108941,1,44169,0,8314
108942,1,1692114,0,7988
108943,1,50200,0,7935
108944,1,46131,0,6971
108945,1,5060485,0,6561
108946,1,24071,0,4766
108947,1,34579,0,8558
108948,1,48215,0,7072
108949,1,60716,0,7895
108950,1,32021,0,6644
108951,1,53970,0,8880
108952,1,99912,0,8739
108953,1,3093254,0,8783
108954,1,19977,0,8742
108955,1,23516,0,6287
108956,1,26306,0,2834
108957,1,28712,0,7853
108958,1,39299,0,7152
108959,1,1156425,0,9096
108960,1,49179,0,8906
108961,1,2737521,0,6794
108962,1,21114,0,9247
108963,1,29646,0,7569
108964,1,27807,0,8639
108965,1,27237,0,7364
108966,1,2785787,0,9287
108967,1,165712,0,7277
108968,1,45936,0,7502
108969,1,3870876,0,9315
108970,1,60610,0,8735
108971,1,38379,0,8655
108972,1,27121,0,7750
108973,1,1035608,0,9745
108974,1,42232,0,9099
108975,1,51047,0,9095
108976,1,55035,0,7016
108977,1,22023,0,5845
108978,1,5061076,0,9484
108979,1,62618,0,8522
108980,1,46866,0,6224
108981,1,44313,0,3719
108982,1,3548178,0,9557
108983,1,47028,0,8837
108984,1,24158,0,8064
108985,1,32050,0,7519
108986,1,42076,0,7352
108987,1,28815,0,6784
108988,1,24525,0,6126
108989,1,22800,0,5457
108990,1,26690,0,4402
108991,1,42092,0,9533
108992,1,38478,0,9842
108993,1,908394,0,7896
108994,1,55999,0,6503
108995,1,140742,0,9436
108996,1,53061,0,9087
108997,1,5061008,0,9130
108998,1,34456,0,9147
108999,1,20031,0,7621
109000,1,90180,0,7696
109001,1,3824494,0,7436
109002,1,156947,0,9252
109003,1,32637,0,8646
109004,1,23407,0,7983
109005,1,50603,0,8039
109006,1,53920,0,6747
109007,1,39103,0,9274
109008,1,1042501,0,8439
109009,1,38228,0,8511
109010,1,55636,0,7448
109011,1,22811,0,9649
109012,1,3866220,0,8582
109013,1,1038203,0,8022
109014,1,52646,0,7188
109015,1,1022352,0,9782
109016,1,59602,0,6832
109017,1,151585,0,6926
109018,1,55179,0,6115
109019,1,57965,0,8522
109020,1,34475,0,8400
109021,1,31087,0,8769
109022,1,32717,0,8280
109023,1,53845,0,5021
109024,1,3091192,0,9264
109025,1,15069,0,7917
109026,1,90748,0,8006
109027,1,35452,0,7456
109028,1,580661,0,6797
109029,1,1365707,0,5778
109030,1,27619,0,5341
109031,1,59679,0,7967
109032,1,40771,0,8260
109033,1,97073,0,6774
109034,1,41728,0,7190
109035,1,4666710,0,6234
109036,1,23837,0,6048
109037,1,29555,0,8964
109038,1,51041,0,8370
109039,1,27803,0,8075
109040,1,56343,0,7304
109041,1,26630,0,8899
109042,1,61661,0,6148
109043,1,25861,0,1667
109044,1,3870779,0,8424
109045,1,35687,0,8528
109046,1,24438,0,8090
109047,1,61162,0,7272
109048,1,48789,0,8642
109049,1,47360,0,6685
109050,1,160481,0,7407
109051,1,26086,0,8632
109052,1,2458362,0,8223
109053,1,45447,0,8123
109054,1,45821,0,7150
109055,1,956018,0,9312
109056,1,1391284,0,8757
109057,1,24299,0,8079
109058,1,3091587,0,9433
109059,1,22227,0,8582
109060,1,2075125,0,7783
109061,1,185076,0,7348
109062,1,33060,0,3937
109063,1,26528,0,8910
109064,1,36206,0,8592
109065,1,18834,0,7223
109066,1,185287,0,7259
109067,1,16858,0,4542
109068,1,52774,0,5056
109069,1,22137,0,4335
109070,1,3086639,0,9251
109071,1,5061032,0,9236
109072,1,1750449,0,8818
109073,1,39856,0,8245
109074,1,46940,0,7032
109075,1,3087139,0,9347
109076,1,713406,0,9599
109077,1,26197,0,7479
109078,1,52833,0,6261
109079,1,57385,0,8934
109080,1,62904,0,7786
109081,1,160214,0,8413
109082,1,40522,0,7814
109083,1,53146,0,6456
109084,1,57892,0,9075
109085,1,3082071,0,9381
109086,1,27871,0,8854
109087,1,29953,0,7618
109088,1,19177,0,5644
109089,1,1710805,0,9228
109090,1,63037,0,5976
109091,1,23078,0,6374
109092,1,34814,0,7657
109093,1,1056789,0,7909
109094,1,57937,0,5183
109095,1,3775608,0,9548
109096,1,50828,0,9046
109097,1,901050,0,8694
109098,1,924492,0,8402
109099,1,28768,0,8231
109100,1,59625,0,6981
109101,1,3871477,0,8613
109102,1,3081738,0,9015
109103,1,18725,0,8785
109104,1,31555,0,8776
109105,1,55698,0,8087
109106,1,37364,0,7245
109107,1,4077542,0,8960
109108,1,24585,0,9120
109109,1,60623,0,7754
109110,1,153248,0,8069
109111,1,2809174,0,8987
109112,1,2399829,0,8869
109113,1,55769,0,8384
109114,1,157408,0,8606
109115,1,60627,0,7211
109116,1,57180,0,6928
109117,1,49529,0,6270
109118,1,27207,0,5814
109119,1,45630,0,7675
109120,1,62353,0,8346
109121,1,201203,0,7785
109122,1,56779,0,7519
109123,1,165733,0,7533
109124,1,50094,0,7753
109125,1,51040,0,9191
109126,1,50806,0,7111
109127,1,25307,0,8588
109128,1,21546,0,9082
109129,1,49482,0,8758
109130,1,25798,0,8458
109131,1,32682,0,7110
109132,1,52087,0,9221
109133,1,35016,0,9384
109134,1,57299,0,7882
109135,1,51244,0,7923
109136,1,32392,0,7494
109137,1,61137,0,6415
109138,1,34159,0,7243
109139,1,27240,0,6255
109140,1,49714,0,6721
109141,1,45658,0,5939
109142,1,2790586,0,7870
109143,1,543351,0,9013
109144,1,33749,0,8147
109145,1,79913,0,6963
109146,1,160628,0,5898
109147,1,166260,0,8789
109148,1,154091,0,9467
109149,1,1267004,0,8780
109150,1,1177778,0,8604
109151,1,18312,0,4656
109152,1,27439,0,4762
109153,1,23280,0,8477
109154,1,22287,0,8347
109155,1,20351,0,7847
109156,1,36097,0,7177
109157,1,56875,0,6149
109158,1,27244,0,4051
109159,1,139180,0,9523
109160,1,24532,0,8071
109161,1,3856965,0,9424
109162,1,56202,0,8738
109163,1,63680,0,8010
109164,1,38977,0,8590
109165,1,33381,0,8511
109166,1,42600,0,7917
109167,1,29949,0,6611
109168,1,24765,0,9358
109169,1,32159,0,7300
109170,1,59531,0,6293
109171,1,37282,0,6233
109172,1,4077418,0,9123
109173,1,26810,0,9278
109174,1,52347,0,5717
109175,1,40027,0,5609
109176,1,31998,0,8351
109177,1,964162,0,7759
109178,1,40673,0,7953
109179,1,19734,0,7351
109180,1,58994,0,7197
109181,1,1061226,0,8871
109182,1,46123,0,8501
109183,1,1123589,0,7618
109184,1,34096,0,7164
109185,1,49041,0,5311
109186,1,40218,0,4678
109187,1,39599,0,7561
109188,1,40207,0,7781
109189,1,24195,0,3899
109190,1,36658,0,6504
109191,1,35499,0,9191
109192,1,93131,0,7693
109193,1,49149,0,7998
109194,1,42876,0,7575
109195,1,61292,0,6799
109196,1,45601,0,7624
109197,1,4075840,0,8985
109198,1,56641,0,8431
109199,1,575551,0,7675
109200,1,32488,0,8599
109201,1,45486,0,4965
109202,1,2187246,0,8771
109203,1,24062,0,8473
109204,1,50720,0,8099
109205,1,47624,0,7774
109206,1,26022,0,9022
109207,1,22073,0,8738
109208,1,51454,0,7400
109209,1,36607,0,4893
109210,1,4077640,0,9143
109211,1,2415962,0,9094
109212,1,29226,0,9521
109213,1,2816808,0,9064
109214,1,60612,0,7981
109215,1,2815237,0,7448
109216,1,35463,0,8041
109217,1,46717,0,7403
109218,1,55083,0,5485
109219,1,87379,0,5043
109220,1,2786196,0,8206
109221,1,32541,0,8371
109222,1,30901,0,7065
109223,1,37042,0,7191
109224,1,1027304,0,9386
109225,1,22256,0,9027
109226,1,25774,0,8778
109227,1,29095,0,8429
109228,1,38613,0,7635
109229,1,21559,0,7678
109230,1,48202,0,7507
109231,1,4667517,0,6311
109232,1,31485,0,6588
109233,1,29049,0,6568
109234,1,26482,0,9101
109235,1,4075969,0,9066
109236,1,894907,0,8747
109237,1,2398325,0,7151
109238,1,49703,0,8015
109239,1,19460,0,6969
109240,1,49469,0,8698
109241,1,30084,0,8425
109242,1,3864374,0,8176
109243,1,32294,0,7102
109244,1,20023,0,6227
109245,1,38210,0,8849
109246,1,4077326,0,7711
109247,1,90167,0,5716
109248,1,43098,0,8453
109249,1,953783,0,8177
109250,1,17344,0,6116
109251,1,38460,0,4509
109252,1,98082,0,8493
109253,1,201383,0,7693
109254,1,644023,0,8027
109255,1,24725,0,8392
109256,1,50829,0,8158
109257,1,553026,0,7950
109258,1,3081500,0,7578
109259,1,61198,0,5981
109260,1,7247,0,2833
109261,1,54815,0,9139
109262,1,63365,0,7920
109263,1,21900,0,7367
109264,1,59248,0,7705
109265,1,60367,0,7141
109266,1,40120,0,7407
109267,1,2761977,0,8323
109268,1,48311,0,8369
109269,1,39289,0,8316
109270,1,35006,0,5389
109271,1,83943,0,9301
109272,1,34474,0,8624
109273,1,60382,0,7188
109274,1,42362,0,7614
109275,1,30762,0,7152
109276,1,52796,0,6202
109277,1,54690,0,5307
109278,1,1386368,0,8887
109279,1,96534,0,8425
109280,1,34685,0,7549
109281,1,55760,0,7309
109282,1,3087896,0,8558
109283,1,45887,0,6694
109284,1,22393,0,6476
109285,1,25646,0,4130
109286,1,38303,0,3650
109287,1,20723,0,8663
109288,1,165564,0,8650
109289,1,29147,0,7757
109290,1,51805,0,6789
109291,1,30646,0,5014
109292,1,21176,0,5579
109293,1,2757182,0,8710
109294,1,733714,0,8846
109295,1,43359,0,8524
109296,1,20484,0,8623
109297,1,88650,0,8787
109298,1,34040,0,7971
109299,1,97132,0,7608
109300,1,40668,0,7969
109301,1,61381,0,7079
109302,1,19304,0,7191
109303,1,1049234,0,7021
109304,1,37366,0,2112
109305,1,25886,0,2152
109306,1,2203166,0,8216
109307,1,1658737,0,7414
109308,1,36245,0,7641
109309,1,30364,0,7347
109310,1,35140,0,5988
109311,1,19864,0,5489
109312,1,1037383,0,8986
109313,1,21361,0,8249
109314,1,97264,0,6920
109315,1,37351,0,7290
109316,1,24376,0,8120
109317,1,46297,0,8773
109318,1,1382029,0,8478
109319,1,3097180,0,7934
109320,1,32781,0,7004
109321,1,3895170,0,8082
109322,1,50412,0,8618
109323,1,34524,0,8276
109324,1,49672,0,7200
109325,1,27518,0,5385
109326,1,168059,0,8356
109327,1,61808,0,8130
109328,1,36994,0,7692
109329,1,55349,0,7259
109330,1,29222,0,7344
109331,1,18878,0,3155
109332,1,37845,0,1799
109333,1,3087476,0,7770
109334,1,56070,0,7115
109335,1,60748,0,6918
109336,1,19633,0,7210
109337,1,52692,0,7040
109338,1,42437,0,6872
109339,1,27610,0,8645
109340,1,61667,0,7021
109341,1,96427,0,7937
109342,1,170196,0,7707
109343,1,90200,0,7247
109344,1,3090067,0,8980
109345,1,30903,0,8583
109346,1,20281,0,7423
109347,1,58643,0,7184
109348,1,52429,0,7055
109349,1,29928,0,8121
109350,1,5060592,0,7905
109351,1,39842,0,8165
109352,1,20859,0,7254
109353,1,26101,0,5336
109354,1,50670,0,2980
109355,1,2787510,0,8208
109356,1,5060927,0,8780
109357,1,154284,0,9211
109358,1,62744,0,7992
109359,1,1126860,0,8798
109360,1,23320,0,7995
109361,1,27049,0,5830
109362,1,33678,0,9210
109363,1,53062,0,8215
109364,1,53499,0,2120
109365,1,2369534,0,8968
109366,1,26129,0,8658
109367,1,35158,0,7324
109368,1,19544,0,5602
109369,1,26422,0,5600
109370,1,31907,0,7017
109371,1,37848,0,6090
109372,1,61836,0,5775
109373,1,23373,0,4900
109374,1,166647,0,8566
109375,1,61189,0,7967
109376,1,19908,0,5956
109377,1,35131,0,6176
109378,1,26601,0,2945
109379,1,49900,0,8344
109380,1,55856,0,7729
109381,1,5061243,0,7674
109382,1,51897,0,7191
109383,1,38274,0,7478
109384,1,49327,0,6644
109385,1,22706,0,8841
109386,1,4076008,0,9067
109387,1,26461,0,8461
109388,1,161014,0,8305
109389,1,910262,0,7783
109390,1,2602679,0,7216
109391,1,46302,0,7378
109392,1,47418,0,6888
109393,1,32912,0,5030
109394,1,60045,0,3789
109395,1,25251,0,8808
109396,1,19884,0,8130
109397,1,36389,0,7350
109398,1,27789,0,6933
109399,1,23673,0,6345
109400,1,52484,0,4797
109401,1,59393,0,8402
109402,1,165694,0,8150
109403,1,5060924,0,8766
109404,1,35919,0,8697
109405,1,19877,0,8290
109406,1,24828,0,7429
109407,1,56418,0,8428
109408,1,53465,0,8009
109409,1,48558,0,7650
109410,1,37955,0,6452
109411,1,29586,0,5728
109412,1,56097,0,8899
109413,1,50743,0,8755
109414,1,49924,0,7846
109415,1,5060799,0,7348
109416,1,35694,0,7600
109417,1,36431,0,6995
109418,1,59204,0,5793
109419,1,23321,0,5768
109420,1,3864590,0,8360
109421,1,60704,0,7852
109422,1,28124,0,8348
109423,1,28320,0,7271
109424,1,44182,0,700
109425,1,26837,0,7762
109426,1,29523,0,8963
109427,1,20924,0,8414
109428,1,52284,0,8018
109429,1,48144,0,8469
109430,1,19639,0,6763
109431,1,19249,0,5641
109432,1,46304,0,2618
109434,1,30721,0,7843
109435,1,47283,0,3250
109436,1,50524,0,8670
109437,1,24858,0,8125
109438,1,30094,0,7874
109439,1,40979,0,7644
109440,1,23019,0,7196
109441,1,46748,0,7513
109442,1,30473,0,6128
109443,1,44600,0,2309
109444,1,60536,0,3785
109445,1,57823,0,8913
109446,1,1449210,0,8550
109447,1,27834,0,7809
109448,1,22847,0,6551
109449,1,29377,0,3836
109450,1,38006,0,7128
109451,1,33040,0,6787
109452,1,61614,0,6931
109453,1,31611,0,6886
109454,1,3866604,0,8714
109455,1,14864,0,8073
109456,1,97149,0,8102
109457,1,165529,0,7952
109458,1,27546,0,7258
109459,1,42331,0,7107
109460,1,32373,0,4574
109461,1,23689,0,9134
109462,1,3855987,0,8061
109463,1,214205,0,7865
109464,1,3097178,0,7290
109465,1,3081529,0,7376
109466,1,1681265,0,8909
109467,1,62845,0,7449
109468,1,1179404,0,7529
109469,1,25378,0,7443
109470,1,45580,0,6353
109471,1,60279,0,7997
109472,1,41921,0,7731
109473,1,54840,0,7395
109474,1,57140,0,5022
109475,1,45672,0,8832
109476,1,50017,0,7434
109477,1,39682,0,7924
109478,1,56206,0,6643
109479,1,32178,0,3316
109480,1,1975013,0,8342
109481,1,60596,0,7864
109482,1,897682,0,7794
109483,1,30678,0,7123
109484,1,56670,0,6139
109485,1,55094,0,8680
109486,1,61887,0,8039
109487,1,2773026,0,8200
109488,1,152775,0,8761
109489,1,25662,0,8311
109490,1,28353,0,7631
109491,1,60086,0,6217
109492,1,37816,0,6585
109493,1,90242,0,8377
109494,1,29024,0,6730
109495,1,51450,0,5341
109496,1,33846,0,4840
109497,1,2198627,0,8430
109498,1,184399,0,8592
109499,1,2596100,0,7362
109500,1,20169,0,7894
109501,1,1043381,0,5631
109502,1,46709,0,5390
109503,1,26918,0,5115
109504,1,51546,0,8164
109505,1,2763023,0,7391
109506,1,25009,0,5259
109507,1,43634,0,8511
109508,1,28452,0,5410
109509,1,42786,0,7412
109510,1,28524,0,8879
109511,1,165383,0,7915
109512,1,19725,0,4129
109513,1,455255,0,9156
109514,1,48724,0,8345
109515,1,2784442,0,7687
109516,1,46839,0,7924
109517,1,165673,0,7286
109518,1,41112,0,7435
109519,1,32642,0,6999
109520,1,16089,0,5272
109521,1,54347,0,8674
109522,1,63219,0,7460
109523,1,19874,0,6129
109524,1,2121453,0,6107
109525,1,58636,0,4165
109526,1,35897,0,8550
109527,1,52427,0,4329
109528,1,19697,0,5820
109529,1,18340,0,8571
109530,1,28762,0,8637
109531,1,5060706,0,7702
109532,1,52311,0,6900
109533,1,38785,0,6983
109534,1,23017,0,6603
109535,1,61241,0,5885
109536,1,166033,0,8889
109537,1,2398287,0,7003
109538,1,32500,0,6737
109539,1,58959,0,6821
109540,1,573707,0,7058
109541,1,30022,0,3039
109542,1,3097000,0,7972
109543,1,37390,0,6928
109544,1,55319,0,6600
109545,1,22596,0,4977
109546,1,28490,0,4701
109547,1,2192022,0,8814
109548,1,46560,0,7280
109549,1,37731,0,6889
109550,1,45349,0,5305
109551,1,28459,0,5262
109552,1,23011,0,4883
109553,1,52121,0,7052
109554,1,37298,0,6974
109555,1,28300,0,8535
109556,1,27352,0,8418
109557,1,977287,0,8506
109558,1,91442,0,7392
109559,1,30893,0,7149
109560,1,140656,0,6986
109561,1,41226,0,6317
109562,1,55552,0,4653
109563,1,61126,0,8441
109564,1,52878,0,8813
109566,1,3826766,0,8080
109567,1,53908,0,6904
109568,1,31892,0,6012
109569,1,87387,0,4675
109570,1,55800,0,4263
109571,1,5060732,0,7723
109572,1,160563,0,7120
109573,1,35338,0,7067
109574,1,32231,0,6276
109575,1,61408,0,8465
109576,1,53226,0,8424
109577,1,40796,0,8977
109578,1,26268,0,8398
109579,1,42732,0,8080
109580,1,62309,0,6951
109581,1,2298692,0,8129
109582,1,26543,0,8044
109583,1,4684086,0,8161
109584,1,22756,0,8042
109585,1,913129,0,6992
109586,1,50789,0,7149
109587,1,23386,0,7399
109588,1,34859,0,7320
109589,1,2674500,0,8452
109590,1,30219,0,8613
109591,1,60120,0,8378
109592,1,23810,0,8775
109593,1,23206,0,7838
109594,1,38734,0,8671
109595,1,25466,0,7709
109596,1,30697,0,7252
109597,1,37406,0,7262
109598,1,38554,0,7193
109599,1,5060479,0,5925
109600,1,21943,0,8681
109601,1,3732539,0,8534
109602,1,55009,0,7070
109603,1,29351,0,7269
109604,1,38024,0,6481
109605,1,33300,0,6263
109606,1,165528,0,8983
109607,1,50763,0,8953
109608,1,39494,0,8894
109609,1,34276,0,8812
109610,1,60213,0,6562
109611,1,31391,0,4139
109612,1,50439,0,6746
109613,1,38003,0,8501
109614,1,38044,0,7989
109615,1,55890,0,7498
109616,1,20100,0,4702
109617,1,45883,0,3698
109618,1,2612804,0,8382
109619,1,31383,0,7600
109620,1,2816721,0,8972
109621,1,47277,0,7916
109622,1,3085669,0,7537
109623,1,4666621,0,4687
109624,1,4667403,0,7457
109625,1,32711,0,7872
109626,1,1468988,0,7137
109627,1,1268828,0,6897
109628,1,23252,0,6655
109629,1,27383,0,6351
109630,1,38267,0,6086
109631,1,19773,0,8086
109632,1,46226,0,8545
109633,1,3813968,0,7971
109634,1,157404,0,7947
109635,1,166882,0,7070
109636,1,47205,0,7412
109637,1,33342,0,6443
109638,1,42530,0,4899
109639,1,100777,0,7364
109640,1,51406,0,6842
109641,1,53281,0,8312
109642,1,16947,0,5737
109643,1,53981,0,8026
109644,1,39519,0,7377
109645,1,90091,0,8816
109646,1,669650,0,9056
109647,1,57638,0,7385
109648,1,46469,0,7262
109649,1,52912,0,6638
109650,1,22767,0,4789
109651,1,38937,0,4519
109652,1,61283,0,8211
109653,1,27089,0,8481
109654,1,22409,0,8382
109655,1,27470,0,7797
109656,1,52379,0,6872
109657,1,27894,0,7011
109658,1,170351,0,6719
109659,1,25539,0,6806
109660,1,57540,0,6150
109661,1,41424,0,6291
109662,1,39688,0,3665
109663,1,47928,0,8190
109664,1,5060534,0,6911
109665,1,60261,0,6887
109666,1,992009,0,6987
109667,1,35869,0,2796
109668,1,24247,0,8226
109669,1,60979,0,7401
109670,1,30498,0,3324
109671,1,1939659,0,8317
109672,1,1110877,0,7412
109673,1,19665,0,6607
109674,1,49434,0,5866
109675,1,62314,0,3895
109676,1,50420,0,4424
109677,1,200486,0,7946
109678,1,56191,0,7712
109679,1,34681,0,8002
109680,1,18954,0,7501
109681,1,38171,0,7485
109682,1,16001,0,4698
109683,1,60619,0,8236
109684,1,24788,0,7933
109685,1,170223,0,6779
109686,1,26363,0,8403
109687,1,34312,0,8658
109688,1,51203,0,7943
109689,1,165782,0,7305
109690,1,41107,0,7947
109691,1,45015,0,7400
109692,1,27926,0,6375
109693,1,56549,0,7975
109694,1,38236,0,7524
109695,1,612386,0,7676
109696,1,29632,0,6773
109697,1,35934,0,5101
109698,1,62756,0,8376
109699,1,23384,0,8222
109700,1,43702,0,8296
109701,1,51592,0,7899
109702,1,26164,0,7583
109703,1,18611,0,6901
109704,1,40990,0,6517
109705,1,26607,0,5473
109706,1,56481,0,5394
109707,1,44409,0,2457
109708,1,2396320,0,8445
109709,1,3858840,0,8488
109710,1,44420,0,8397
109711,1,20779,0,8063
109712,1,48124,0,7177
109713,1,23579,0,2741
109714,1,41064,0,8683
109715,1,1246751,0,7653
109716,1,44626,0,6783
109717,1,170253,0,6168
109718,1,28498,0,4154
109719,1,2109083,0,8597
109720,1,25923,0,8759
109721,1,824560,0,8100
109722,1,170155,0,8041
109723,1,39767,0,7857
109724,1,43538,0,7221
109725,1,62748,0,6285
109726,1,29019,0,6934
109727,1,29007,0,6908
109728,1,50215,0,5522
109729,1,46111,0,8644
109730,1,36936,0,8297
109731,1,59453,0,7029
109732,1,52080,0,6851
109733,1,42007,0,5603
109734,1,62838,0,4925
109735,1,49635,0,5828
109736,1,61847,0,7172
109737,1,1715226,0,7372
109738,1,47067,0,7572
109739,1,59939,0,7981
109740,1,919317,0,8454
109741,1,26215,0,7738
109742,1,34019,0,6733
109743,1,55255,0,4176
109744,1,29640,0,8430
109745,1,3081786,0,8166
109746,1,26676,0,8004
109747,1,48764,0,7306
109748,1,62164,0,4408
109749,1,213748,0,8438
109750,1,38372,0,8199
109751,1,37717,0,7924
109752,1,37193,0,6921
109753,1,59612,0,6380
109754,1,27946,0,5896
109755,1,31821,0,4567
109756,1,4077163,0,7891
109757,1,155919,0,8140
109758,1,29057,0,7491
109759,1,23784,0,6111
109760,1,159803,0,8866
109761,1,29483,0,8432
109762,1,48565,0,7879
109763,1,43728,0,6908
109764,1,52751,0,5049
109765,1,2172338,0,8144
109766,1,97141,0,8100
109767,1,86228,0,8601
109768,1,28846,0,8005
109769,1,33768,0,8180
109770,1,23843,0,7492
109771,1,2333166,0,8520
109772,1,37260,0,7907
109773,1,22438,0,6165
109774,1,22417,0,6191
109775,1,27600,0,4175
109776,1,61589,0,8318
109777,1,3091583,0,8944
109778,1,3093479,0,8553
109779,1,2721671,0,6356
109780,1,25765,0,6959
109781,1,29637,0,3420
109782,1,39506,0,7726
109783,1,39680,0,4349
109784,1,2368843,0,7203
109785,1,63563,0,5160
109786,1,34192,0,5764
109787,1,90252,0,8450
109788,1,45975,0,7667
109789,1,53386,0,7395
109790,1,46537,0,7455
109791,1,25674,0,6006
109792,1,90060,0,8848
109793,1,37750,0,7004
109794,1,52478,0,4877
109795,1,51704,0,3958
109796,1,862795,0,8166
109797,1,158031,0,8361
109798,1,43380,0,7708
109799,1,20598,0,5498
109800,1,28570,0,4150
109801,1,35578,0,8379
109802,1,47659,0,7920
109803,1,45034,0,7731
109804,1,27388,0,7195
109805,1,36689,0,7149
109806,1,43663,0,5350
109807,1,43792,0,4392
109808,1,39315,0,2301
109809,1,46413,0,7468
109810,1,31943,0,8707
109811,1,4684199,0,7705
109812,1,2606146,0,7551
109813,1,41026,0,6947
109814,1,31165,0,5384
109815,1,24558,0,3875
109816,1,166876,0,7184
109817,1,32779,0,6966
109818,1,2277222,0,6168
109819,1,24649,0,6114
109820,1,32650,0,6004
109821,1,40296,0,4366
109822,1,18735,0,7069
109823,1,31388,0,7507
109824,1,34487,0,7650
109825,1,45421,0,8672
109826,1,22757,0,7717
109827,1,2801604,0,7615
109828,1,184653,0,7466
109829,1,22816,0,7304
109830,1,42684,0,5830
109831,1,33606,0,5874
109832,1,13301,0,3061
109833,1,1057986,0,8747
109834,1,51870,0,7994
109835,1,52421,0,7511
109836,1,99896,0,7131
109837,1,60890,0,6694
109838,1,51059,0,5010
109839,1,51493,0,8229
109840,1,57811,0,7259
109841,1,29069,0,7374
109842,1,22141,0,6206
109843,1,54619,0,5558
109844,1,139495,0,8691
109845,1,33032,0,8148
109846,1,35056,0,7187
109847,1,53825,0,6733
109848,1,21401,0,4990
109849,1,38042,0,3667
109850,1,706184,0,7985
109851,1,32011,0,8514
109852,1,35304,0,7087
109853,1,24748,0,6704
109854,1,846368,0,6504
109855,1,159111,0,7826
109856,1,22017,0,7235
109857,1,3074887,0,6344
109858,1,26672,0,8229
109859,1,2594132,0,7675
109860,1,2604022,0,7133
109861,1,37507,0,7247
109862,1,3873334,0,5763
109863,1,97543,0,8484
109864,1,41683,0,8338
109865,1,19170,0,7452
109866,1,32834,0,7114
109867,1,3801651,0,6863
109868,1,2842,0,7993
109869,1,55580,0,7445
109870,1,36118,0,7520
109871,1,38427,0,7397
109872,1,37858,0,7528
109873,1,37383,0,6980
109874,1,18335,0,5765
109875,1,56852,0,5814
109876,1,90188,0,4186
109877,1,5061019,0,8067
109878,1,40270,0,8261
109879,1,155339,0,7545
109880,1,51174,0,7614
109881,1,160580,0,7620
109882,1,21963,0,5122
109883,1,33623,0,2736
109884,1,181863,0,8285
109885,1,43607,0,6900
109886,1,79909,0,6949
109887,1,26336,0,6468
109888,1,53666,0,4365
109889,1,2745978,0,7635
109890,1,58600,0,7558
109891,1,90286,0,7003
109892,1,2139076,0,7111
109893,1,60886,0,6690
109894,1,31687,0,7055
109895,1,61023,0,6136
109896,1,96433,0,5146
109897,1,32778,0,4139
109898,1,27705,0,8145
109899,1,25757,0,4174
109900,1,143076,0,7205
109901,1,29539,0,7360
109902,1,30278,0,7064
109903,1,2140302,0,5996
109904,1,53763,0,5899
109905,1,18726,0,5904
109906,1,62178,0,3328
109907,1,49914,0,7761
109908,1,21278,0,8364
109909,1,165852,0,7466
109910,1,4077225,0,7118
109911,1,43245,0,6767
109912,1,16178,0,3792
109913,1,90373,0,7826
109914,1,51303,0,8544
109915,1,51900,0,7607
109916,1,44834,0,7560
109917,1,26969,0,7280
109918,1,59900,0,6308
109919,1,29795,0,5069
109920,1,15018,0,2413
109921,1,454012,0,8682
109922,1,989812,0,8564
109923,1,23606,0,7710
109924,1,84231,0,7959
109925,1,19979,0,7693
109926,1,29474,0,7271
109927,1,32264,0,6754
109928,1,61092,0,4860
109929,1,53050,0,7500
109930,1,160574,0,7536
109931,1,170134,0,7712
109932,1,20344,0,5520
109933,1,55631,0,8586
109934,1,46291,0,8392
109935,1,35176,0,7126
109936,1,56157,0,5950
109937,1,53945,0,4844
109938,1,25225,0,4178
109939,1,974104,0,7075
109940,1,876306,0,8403
109941,1,28491,0,7993
109942,1,61659,0,6621
109943,1,40038,0,8002
109944,1,3841930,0,7337
109945,1,23477,0,7042
109946,1,60629,0,8038
109947,1,52524,0,8339
109948,1,55776,0,8182
109949,1,58190,0,7721
109950,1,1516927,0,6968
109951,1,49123,0,7198
109952,1,18191,0,5389
109953,1,62376,0,4492
109954,1,20223,0,4914
109955,1,31047,0,5329
109956,1,18374,0,3050
109957,1,26675,0,8274
109958,1,3086893,0,7309
109959,1,51500,0,6396
109960,1,60402,0,6184
109961,1,19233,0,5262
109962,1,45492,0,5622
109963,1,23405,0,4952
109964,1,90239,0,4564
109965,1,37695,0,4141
109966,1,166229,0,8744
109967,1,2588034,0,7527
109968,1,3097217,0,6412
109969,1,30760,0,6981
109970,1,50986,0,6106
109971,1,61700,0,8129
109972,1,48183,0,8449
109973,1,22135,0,8443
109974,1,52676,0,7542
109975,1,58974,0,6953
109976,1,37497,0,6060
109977,1,46561,0,6117
109978,1,43152,0,8478
109979,1,28581,0,6166
109980,1,26483,0,2133
109981,1,60182,0,8313
109982,1,31235,0,8067
109983,1,44132,0,7736
109984,1,900028,0,7420
109985,1,43565,0,6754
109986,1,4076098,0,8202
109987,1,86177,0,7258
109988,1,37745,0,6877
109989,1,49332,0,8151
109990,1,59624,0,6969
109991,1,23995,0,7404
109992,1,35349,0,6528
109993,1,56467,0,4447
109994,1,51969,0,1439
109995,1,3089212,0,7937
109996,1,3598771,0,8008
109997,1,62215,0,7752
109998,1,16677,0,7885
109999,1,1048397,0,7645
110000,1,54885,0,7155
110001,1,41407,0,7164
110002,1,47276,0,6552
110003,1,26907,0,5050
110004,1,61366,0,7985
110005,1,5060826,0,7567
110006,1,28152,0,8247
110007,1,67164,0,6666
110008,1,39885,0,7248
110009,1,2316221,0,6381
110010,1,35867,0,6282
110011,1,54351,0,5566
110012,1,35973,0,8220
110013,1,51676,0,7580
110014,1,19938,0,6396
110015,1,54166,0,4855
110016,1,54160,0,4477
110017,1,3183,0,4621
110018,1,165590,0,7096
110019,1,45068,0,6903
110020,1,2230693,0,8154
110021,1,90187,0,4699
110022,1,62409,0,2339
110023,4,33604,3403,3559
110024,1,45737,0,7878
110025,1,33600,0,7699
110026,1,160446,0,7622
110027,1,90197,0,7644
110028,1,20161,0,7047
110029,1,18200,0,4545
110030,1,48075,0,8378
110031,1,29185,0,8507
110032,1,24609,0,8054
110033,1,1053793,0,8284
110034,1,40271,0,7787
110035,1,37310,0,7864
110036,1,2161410,0,6223
110037,1,1062626,0,6210
110038,1,61164,0,4591
110039,1,41873,0,5371
110040,1,20316,0,4929
110041,1,22962,0,4303
110042,1,46914,0,7631
110043,1,30302,0,7085
110044,1,32553,0,7180
110045,1,19612,0,6109
110046,1,28265,0,5760
110047,1,3089775,0,7745
110048,1,59142,0,6658
110049,1,55065,0,5992
110050,1,46676,0,4420
110051,1,23036,0,7589
110052,1,19013,0,6618
110053,1,21148,0,6476
110054,1,28009,0,5381
110055,1,56750,0,4548
110056,1,4667489,0,7893
110057,1,89973,0,7994
110058,1,1081698,0,7646
110059,1,20886,0,7401
110060,1,31356,0,7038
110061,1,25654,0,3844
110062,1,3489576,0,8082
110063,1,84011,0,8271
110064,1,62610,0,7529
110065,1,140295,0,8079
110066,1,938539,0,7540
110067,1,39382,0,7377
110068,1,62296,0,5425
110069,1,33469,0,6016
110070,1,35059,0,5945
110071,1,46792,0,5343
110072,1,48058,0,4701
110073,1,23012,0,7601
110074,1,51070,0,7054
110075,1,170237,0,7540
110076,1,34125,0,7254
110077,1,958926,0,7049
110078,1,182712,0,6917
110079,1,36339,0,6338
110080,1,58973,0,5308
110081,1,3673318,0,7873
110082,1,48884,0,4956
110083,1,51010,0,7835
110084,1,48864,0,7179
110085,1,170139,0,7294
110086,1,39943,0,4495
110087,1,40092,0,5235
110088,1,58305,0,6026
110089,1,3846616,0,7445
110090,1,2706276,0,6220
110091,1,732854,0,6342
110092,1,20258,0,5774
110093,1,22755,0,4923
110094,1,56145,0,2260
110095,1,63052,0,7508
110096,1,21636,0,6952
110097,1,43078,0,6248
110098,1,60483,0,7005
110099,1,1058339,0,7097
110100,1,54044,0,5281
110101,1,54793,0,8232
110102,1,22344,0,7138
110103,1,88985,0,8214
110104,1,51196,0,7748
110105,1,63220,0,5572
110106,1,55899,0,4688
110107,1,51360,0,8033
110108,1,40629,0,8050
110109,1,35220,0,7291
110110,1,27077,0,852
110111,1,1529588,0,7840
110112,1,97156,0,8204
110113,1,60655,0,6627
110114,1,34313,0,5092
110115,1,165823,0,8164
110116,1,3099212,0,8508
110117,1,21654,0,7602
110118,1,55653,0,7553
110119,1,20186,0,7904
110120,1,48595,0,7766
110121,1,3081431,0,7090
110122,5,34695,2071,2027
110123,1,58723,0,5584
110124,1,50093,0,6065
110125,1,49234,0,4688
110126,1,2347884,0,7826
110127,1,981812,0,8019
110128,1,33930,0,6263
110129,1,27686,0,6174
110130,1,39602,0,6074
110131,1,50827,0,6954
110132,1,5060582,0,6813
110133,1,34911,0,7854
110134,1,19186,0,6661
110135,1,26650,0,6897
110136,1,40150,0,6988
110137,1,2693450,0,5694
110138,1,47153,0,6307
110139,1,34623,0,6506
110140,1,52651,0,7818
110141,1,55548,0,7505
110142,1,41747,0,8199
110143,1,46733,0,7467
110144,1,33517,0,6919
110145,1,33041,0,6484
110146,1,48854,0,6148
110147,1,39120,0,5734
110148,1,1999660,0,8153
110149,1,60215,0,7416
110150,1,24146,0,8059
110151,1,28770,0,7621
110152,1,2112672,0,7036
110153,1,21431,0,6127
110154,1,53550,0,3733
110155,1,48171,0,1658
110156,1,48333,0,5135
110157,1,23827,0,7910
110158,1,39117,0,8082
110159,1,48165,0,7330
110160,1,30642,0,6083
110161,1,53943,0,5085
110162,1,45075,0,5275
110163,1,23486,0,4953
110164,1,21272,0,7787
110165,1,38978,0,7891
110166,1,20269,0,7199
110167,1,38595,0,7534
110168,1,170343,0,6410
110169,1,24103,0,7174
110170,1,833150,0,6966
110171,1,33165,0,7149
110172,1,31858,0,7071
110173,1,49336,0,6025
110174,1,38834,0,5091
110175,1,161017,0,8095
110176,1,2816832,0,8546
110177,1,61711,0,6349
110178,1,29353,0,5926
110179,1,28365,0,4041
110180,1,50448,0,1633
110181,1,24357,0,7963
110182,1,42866,0,7697
110183,1,16948,0,7025
110184,1,62273,0,6563
110185,1,46958,0,7202
110186,1,49678,0,4574
110187,1,722371,0,8059
110188,1,47842,0,7303
110189,1,4077102,0,7046
110190,1,31608,0,7080
110191,1,166758,0,4226
110192,1,21864,0,4417
110193,1,60459,0,1634
110194,1,51847,0,7944
110195,1,3850460,0,7289
110196,1,37568,0,6842
110197,1,60326,0,8089
110198,1,2735239,0,7939
110199,1,2767445,0,7589
110200,1,61011,0,7434
110201,1,29722,0,5891
110202,1,50718,0,5566
110203,1,29309,0,5401
110204,1,34980,0,4014
110205,1,45795,0,2905
110206,1,2736309,0,7237
110207,1,2733243,0,7564
110208,1,31533,0,3165
110209,1,2784291,0,7712
110210,1,2743419,0,7517
110211,1,24766,0,7966
110212,1,61824,0,7166
110213,1,41579,0,6598
110214,1,53655,0,4888
110215,1,36833,0,7825
110216,1,53023,0,6981
110217,1,56623,0,6739
110218,1,25571,0,6550
110219,1,29911,0,4231
110220,1,160122,0,8162
110221,1,5060753,0,7407
110222,1,26245,0,8013
110223,1,48436,0,7105
110224,1,1091461,0,7431
110225,1,38234,0,7389
110226,1,23702,0,7196
110227,1,51052,0,6704
110228,1,24283,0,5900
110229,1,28906,0,6398
110230,1,31369,0,4986
110231,1,3087751,0,8095
110232,1,58819,0,7317
110233,1,24863,0,7194
110234,1,46057,0,7165
110235,1,181564,0,6781
110236,1,24612,0,4302
110237,1,201421,0,7770
110238,1,3081961,0,8456
110239,1,141126,0,7161
110240,1,1558762,0,7025
110241,1,55073,0,7306
110242,1,36960,0,6609
110243,1,32730,0,4659
110244,1,28364,0,8046
110245,1,26156,0,7816
110246,1,597041,0,7636
110247,1,58338,0,5209
110248,1,24721,0,5016
110249,1,161087,0,8031
110250,1,62190,0,6491
110251,1,47143,0,3146
110252,1,90760,0,8167
110253,1,54630,0,7365
110254,1,52241,0,7082
110255,1,29073,0,4875
110256,1,63348,0,4387
110257,1,26008,0,5257
110258,1,37483,0,2872
110259,1,34554,0,1057
110260,1,4077010,0,7598
110261,1,3848704,0,7448
110262,1,2768235,0,5848
110263,1,52553,0,6341
110264,1,3094695,0,6132
110265,1,36102,0,5870
110266,1,43533,0,5076
110267,1,51574,0,4236
110268,1,48337,0,7606
110269,1,1138820,0,7157
110270,1,20971,0,6458
110271,1,30320,0,6421
110272,1,52686,0,4763
110273,1,1124734,0,8181
110274,1,35708,0,7029
110275,1,30979,0,6158
110276,1,14341,0,4492
110277,1,47321,0,2694
110278,1,29306,0,7693
110279,1,40459,0,7087
110280,1,55719,0,7110
110281,1,34470,0,7201
110282,1,25825,0,5738
110283,1,51536,0,8184
110284,1,61398,0,7441
110285,1,158191,0,7672
110286,1,90169,0,7389
110287,1,19704,0,6499
110288,1,167639,0,5687
110289,1,54662,0,6242
110290,1,2744674,0,4313
110291,1,36590,0,4738
110292,1,48130,0,1442
110293,1,20711,0,7850
110294,1,2731548,0,7090
110295,1,5060788,0,7504
110296,1,90090,0,7780
110297,1,26670,0,6710
110298,1,62456,0,4590
110299,1,20418,0,4243
110300,1,5061037,0,7912
110301,1,37844,0,8223
110302,1,42722,0,7074
110303,1,22892,0,6532
110304,1,157795,0,7638
110305,1,59561,0,6012
110306,1,34819,0,5864
110307,1,2591919,0,7698
110308,1,44411,0,7316
110309,1,3082073,0,7816
110310,1,45794,0,6009
110311,1,571827,0,5180
110312,1,57841,0,7724
110313,1,46336,0,6152
110314,1,3082214,0,8081
110315,1,29957,0,6920
110316,1,55739,0,4559
110317,1,3389021,0,7058
110318,1,53937,0,6552
110319,1,52906,0,6431
110320,1,50474,0,5053
110321,1,4666243,0,8247
110322,1,27793,0,7912
110323,1,39875,0,7803
110324,1,36061,0,6706
110325,1,39258,0,6236
110326,1,24894,0,5728
110327,1,55111,0,7871
110328,1,61402,0,7290
110329,1,180779,0,7218
110330,1,3086079,0,7572
110331,1,46171,0,7316
110332,1,170193,0,6471
110333,1,19328,0,5356
110334,1,5061130,0,5392
110335,1,58818,0,7138
110336,1,48944,0,7397
110337,1,156953,0,7439
110338,1,3089053,0,7997
110339,1,811445,0,7607
110340,1,4076859,0,6441
110341,1,5061154,0,6207
110342,1,55629,0,4628
110343,1,28777,0,7812
110344,1,56837,0,7641
110345,1,51205,0,7610
110346,1,62032,0,6879
110347,1,19978,0,6802
110348,1,35307,0,7343
110349,1,61807,0,6347
110350,1,39245,0,6778
110351,1,47072,0,6522
110352,1,18109,0,5858
110353,1,21918,0,5037
110354,1,31023,0,5166
110355,1,20043,0,7964
110356,1,60618,0,6929
110357,1,42909,0,7639
110358,1,61152,0,5951
110359,1,3086288,0,7827
110360,1,60916,0,7592
110361,1,23086,0,3648
110362,1,2383910,0,6919
110363,1,55306,0,7618
110364,1,2057852,0,7309
110365,1,35207,0,6610
110366,1,28121,0,6468
110367,1,166238,0,6197
110368,1,55254,0,5518
110369,1,38426,0,4951
110370,1,31129,0,4097
110371,1,51492,0,3676
110372,1,61881,0,8046
110373,1,59441,0,7339
110374,1,19228,0,3883
110375,1,21558,0,3520
110376,1,47567,0,7575
110377,1,28825,0,6801
110378,1,28206,0,7070
110379,1,22795,0,6529
110380,1,52005,0,5552
110381,1,28888,0,5471
110382,1,22002,0,4959
110383,1,47709,0,4045
110384,1,19266,0,5462
110385,1,41438,0,4912
110386,1,37028,0,7259
110387,1,160359,0,6936
110388,1,32513,0,6614
110389,1,27714,0,5375
110390,1,166685,0,7116
110391,1,56828,0,7673
110392,1,53678,0,8130
110393,1,30248,0,8146
110394,1,42518,0,7225
110395,1,53216,0,7348
110396,1,140279,0,6853
110397,1,29797,0,4534
110398,1,62311,0,6411
110399,1,159236,0,6646
110400,1,35147,0,6599
110401,1,31718,0,6607
110402,1,32391,0,6465
110403,1,50045,0,4895
110404,1,63972,0,2616
110405,1,36669,0,3380
110406,1,24799,0,7783
110407,1,77100,0,7690
110408,1,159809,0,6782
110409,1,57998,0,6073
110410,1,638774,0,6389
110411,1,24331,0,6374
110412,1,29631,0,4158
110413,1,166299,0,4069
110414,1,3854710,0,7326
110415,1,54385,0,6922
110416,1,165439,0,6369
110417,1,59350,0,6122
110418,1,33869,0,6791
110419,1,90217,0,6507
110420,1,93134,0,5864
110421,1,50135,0,7772
110422,1,53793,0,6658
110423,1,61153,0,6797
110424,1,97070,0,4862
110425,1,29405,0,5508
110426,1,26512,0,810
110427,1,60176,0,6140
110428,1,28058,0,6315
110429,1,3093560,0,7070
110430,1,151574,0,7002
110431,1,40406,0,7665
110432,1,60322,0,6476
110433,1,35278,0,5280
110434,1,138604,0,2369
110435,1,19880,0,7911
110436,1,62347,0,6560
110437,1,24989,0,6488
110438,1,60330,0,4766
110439,1,444231,0,6091
110440,1,30277,0,3270
110441,1,56390,0,7503
110442,1,42374,0,7759
110443,1,1343346,0,7381
110444,1,2351948,0,6384
110445,1,29453,0,6516
110446,1,27452,0,6825
110447,1,27772,0,5839
110448,1,3082082,0,8213
110449,1,35928,0,7626
110450,1,140851,0,6443
110451,1,55541,0,6930
110452,1,48101,0,6920
110453,1,29705,0,6535
110454,1,20361,0,5107
110455,1,47262,0,4164
110456,1,53998,0,6711
110457,1,64276,0,4844
110458,1,46496,0,7409
110459,1,27773,0,6349
110460,1,38902,0,4966
110461,1,32686,0,8148
110462,1,61528,0,7433
110463,1,2017409,0,7692
110464,1,96503,0,6522
110465,1,51498,0,5877
110466,1,39337,0,5805
110467,1,90089,0,5716
110468,1,3850890,0,7604
110469,1,22772,0,7095
110470,1,165667,0,7634
110471,1,158115,0,7919
110472,1,37512,0,7214
110473,1,61466,0,5387
110474,1,34945,0,7904
110475,1,19387,0,7393
110476,1,52115,0,5937
110477,1,22453,0,5807
110478,1,35538,0,5180
110479,1,90289,0,7776
110480,1,19632,0,7600
110481,1,3093256,0,7451
110482,1,54796,0,7225
110483,1,40612,0,7230
110484,1,46062,0,7330
110485,1,59853,0,6607
110486,1,62504,0,4450
110487,1,47905,0,5176
110488,1,60103,0,7458
110489,1,704104,0,7583
110490,1,24517,0,5430
110491,1,33362,0,4277
110492,1,32579,0,3570
110493,1,27214,0,3319
110494,1,19795,0,7300
110495,1,61168,0,6202
110496,1,23461,0,6417
110497,1,43517,0,5089
110498,1,43368,0,4725
110499,1,96450,0,6695
110500,1,47253,0,7631
110501,1,48872,0,7522
110503,1,30927,0,4936
110504,1,55281,0,2999
110505,1,62511,0,7286
110506,1,47995,0,7230
110507,1,46285,0,7049
110508,1,2492908,0,5501
110509,1,3074490,0,5986
110510,1,24888,0,5763
110511,1,52458,0,4420
110512,1,32782,0,4674
110513,1,1091448,0,7382
110514,1,56257,0,7531
110515,1,30390,0,7848
110516,1,165721,0,7257
110517,1,3818169,0,7594
110518,1,18996,0,6696
110519,1,33431,0,6887
110520,1,30102,0,6729
110521,1,202651,0,5840
110522,1,45415,0,6697
110523,1,47915,0,5610
110524,1,19501,0,3616
110525,1,28966,0,5147
110526,1,2748312,0,7435
110527,1,35387,0,7147
110528,1,36027,0,7380
110529,1,32110,0,6551
110530,1,7491,0,4650
110531,1,65086,0,1271
110532,1,2816995,0,7590
110533,1,1036219,0,7502
110534,1,55219,0,6942
110535,1,167585,0,6046
110536,1,60617,0,6242
110537,1,62382,0,5526
110538,1,59004,0,5661
110539,1,39010,0,5710
110540,1,30617,0,5400
110541,1,137669,0,4514
110542,1,31636,0,2566
110543,1,33910,0,8110
110544,1,29444,0,7646
110545,1,36724,0,7469
110546,1,36324,0,7065
110547,1,34763,0,6748
110548,1,29973,0,6391
110549,1,24141,0,4637
110550,1,49532,0,7431
110551,1,54060,0,6453
110552,1,18904,0,7067
110553,1,47657,0,7183
110554,1,47093,0,5590
110555,1,61806,0,6889
110556,1,166262,0,7220
110557,1,37787,0,6050
110558,1,3731704,0,6452
110559,1,49431,0,4781
110560,1,32517,0,4906
110561,1,20222,0,2376
110562,1,60526,0,7215
110563,1,28216,0,7283
110564,1,49137,0,7427
110565,1,24281,0,6847
110566,1,1029737,0,7303
110567,1,35269,0,7132
110568,1,53320,0,6352
110569,1,35862,0,6735
110570,1,35699,0,5650
110571,1,20091,0,5131
110572,1,52033,0,4843
110573,1,36697,0,2082
110574,1,26649,0,1942
110575,1,84665,0,7711
110576,1,137437,0,6914
110577,1,668517,0,7293
110578,1,488210,0,6802
110579,1,23173,0,6284
110580,1,39525,0,4206
110581,1,32961,0,4281
110582,1,60200,0,7306
110583,1,50403,0,7635
110584,1,2731711,0,6912
110585,1,1056125,0,7329
110586,1,40858,0,6252
110587,1,51313,0,5323
110588,1,40728,0,5645
110589,1,29712,0,5702
110590,1,2309895,0,7109
110591,1,184871,0,7352
110592,1,29981,0,6551
110593,1,51571,0,6994
110594,1,13023,0,5486
110595,1,92870,0,5167
110596,1,3097183,0,5652
110597,1,87365,0,5593
110598,1,35806,0,5637
110599,1,56899,0,4878
110600,1,8121,0,2754
110601,1,48258,0,2786
110602,1,29183,0,7978
110603,1,35198,0,4518
110604,1,49788,0,4093
110605,1,33328,0,4063
110606,1,25231,0,4038
110607,1,56052,0,7610
110608,1,30177,0,2783
110609,1,41790,0,7099
110610,1,32129,0,6978
110611,1,42861,0,6458
110612,1,28720,0,7674
110613,1,30129,0,7514
110614,1,60340,0,6502
110615,1,19166,0,6551
110616,1,19601,0,6368
110617,1,42152,0,5776
110618,1,53075,0,4868
110619,1,3797305,0,4938
110620,1,34768,0,7549
110621,1,61665,0,6340
110622,1,27735,0,4824
110623,1,56500,0,7674
110624,1,18316,0,7107
110625,1,29920,0,7112
110626,1,38657,0,7354
110627,1,166293,0,7422
110628,1,16105,0,5462
110629,1,22883,0,5736
110630,1,21116,0,4911
110631,1,24453,0,4101
110632,1,50732,0,2887
110633,1,35097,0,2350
110634,1,25907,0,2351
110635,1,36910,0,7103
110636,1,3094110,0,7161
110637,1,24072,0,6284
110638,1,38869,0,6056
110639,1,3077092,0,5788
110640,1,984061,0,7523
110641,1,84490,0,7123
110642,1,38594,0,7598
110643,1,752827,0,7806
110644,1,2392926,0,6605
110645,1,1049589,0,7284
110646,1,24100,0,7313
110647,1,39783,0,6860
110648,1,37694,0,7111
110649,1,54737,0,5571
110650,1,24941,0,5552
110651,1,48687,0,4060
110652,1,89942,0,3076
110653,1,1056527,0,7561
110654,1,48114,0,7505
110655,1,90215,0,5794
110656,1,26057,0,5540
110657,1,16608,0,3931
110658,1,24726,0,6556
110659,1,2323112,0,5934
110660,1,2793191,0,5115
110661,1,40265,0,3061
110662,1,18452,0,6425
110663,1,52225,0,6254
110664,1,61842,0,5789
110665,1,42244,0,5474
110666,1,32595,0,4031
110667,1,40055,0,2974
110668,1,60127,0,7334
110669,1,5060781,0,6884
110670,1,31474,0,7181
110671,1,34467,0,7368
110672,1,49168,0,5507
110673,1,30713,0,5192
110674,1,24531,0,4486
110675,1,35641,0,7679
110676,1,4077172,0,7191
110677,1,166479,0,5290
110678,1,19204,0,5591
110679,1,20083,0,4745
110680,1,33053,0,4956
110681,1,2677561,0,3288
110682,1,51229,0,4171
110683,1,984126,0,7357
110684,1,24454,0,7251
110685,1,35639,0,5858
110686,1,19913,0,5189
110687,1,59009,0,4406
110688,1,138733,0,4337
110689,1,28117,0,4717
110690,1,86291,0,2457
110691,1,160657,0,7490
110692,1,28316,0,1389
110693,1,55672,0,5748
110694,1,137148,0,6686
110695,1,46687,0,7334
110696,1,37409,0,7216
110697,1,1033437,0,6928
110698,1,23203,0,6118
110699,1,53291,0,5567
110700,1,43939,0,2780
110701,1,2817091,0,7170
110702,1,59259,0,7189
110703,1,50440,0,6998
110704,1,21755,0,6754
110705,1,28752,0,6972
110706,1,62148,0,3100
110707,1,33919,0,3021
110708,1,3825734,0,7443
110709,1,27778,0,6226
110710,1,24235,0,3736
110711,1,64485,0,2368
110712,1,161048,0,7020
110713,1,37971,0,6586
110714,1,35742,0,5445
110715,1,139459,0,7732
110716,1,170129,0,7742
110717,1,88821,0,7516
110718,1,60089,0,6613
110719,1,4584395,0,6753
110720,1,34857,0,6614
110721,1,53332,0,5772
110722,1,59998,0,7097
110723,1,41468,0,7436
110724,1,35297,0,5614
110725,1,543276,0,5508
110726,1,49338,0,7778
110727,1,23870,0,6854
110728,1,30694,0,7053
110729,1,35357,0,6713
110730,1,950452,0,6619
110731,1,60649,0,5353
110732,1,24692,0,6134
110733,1,36827,0,2167
110734,1,484230,0,7109
110735,1,32813,0,4457
110736,1,26745,0,7316
110737,1,59630,0,7133
110738,1,55021,0,7003
110739,1,669723,0,6599
110740,1,51831,0,3342
110741,1,45585,0,1626
110742,1,5060968,0,7346
110743,1,52063,0,7681
110744,1,46614,0,7000
110745,1,1353687,0,6032
110746,1,63101,0,5383
110747,1,166321,0,5254
110748,1,27451,0,3687
110749,1,45729,0,3404
110750,1,31995,0,3277
110751,1,28876,0,2765
110752,1,56983,0,7419
110753,1,55465,0,7206
110754,1,32135,0,6251
110755,1,62725,0,4406
110756,1,62560,0,6976
110757,1,28429,0,6518
110758,1,170226,0,6333
110759,1,25724,0,6057
110760,1,20449,0,5669
110761,1,31493,0,3188
110762,1,3092425,0,7415
110763,1,51860,0,7539
110764,1,35287,0,7432
110765,1,23274,0,6367
110766,1,35925,0,6206
110767,1,42971,0,7435
110768,1,23708,0,6768
110769,1,18007,0,6013
110770,1,3097179,0,6289
110771,1,27562,0,5218
110772,1,49236,0,3357
110773,1,60695,0,6374
110774,1,53344,0,6490
110775,1,36363,0,6717
110776,1,27804,0,6845
110777,1,2793193,0,6000
110778,1,56834,0,7306
110779,1,80503,0,7223
110780,1,37158,0,7001
110781,1,33002,0,7091
110782,1,36632,0,6831
110783,1,2360401,0,5940
110784,1,34584,0,6486
110785,1,3768667,0,5587
110786,1,59714,0,7273
110787,1,36354,0,7259
110788,1,49928,0,7060
110789,1,59354,0,6087
110790,1,35296,0,6721
110791,1,50157,0,6356
110792,1,96510,0,5803
110793,1,34943,0,5583
110794,1,90160,0,7693
110795,1,4076686,0,7220
110796,1,50370,0,7206
110797,1,41194,0,7120
110798,1,46082,0,6902
110799,1,37060,0,6730
110800,1,30874,0,6832
110801,1,57616,0,5995
110802,1,20109,0,6196
110803,1,22959,0,6270
110804,1,53939,0,5673
110805,1,19457,0,5448
110806,1,165415,0,4849
110807,1,5061146,0,5552
110808,1,35658,0,5424
110809,1,38452,0,3092
110810,1,33366,0,6981
110811,1,39099,0,6598
110812,1,65344,0,4971
110813,1,170211,0,5018
110814,1,39182,0,4781
110815,1,56126,0,4235
110816,1,789171,0,7550
110817,1,38755,0,7267
110818,1,60517,0,5736
110819,1,55080,0,2745
110820,1,41939,0,1370
110821,1,88978,0,7509
110822,1,46229,0,7392
110823,1,26813,0,7288
110824,1,47189,0,6788
110825,1,32028,0,6495
110826,1,49134,0,5647
110827,1,22420,0,5487
110828,1,24372,0,5176
110829,1,28045,0,5024
110830,1,27607,0,5349
110831,1,32362,0,5097
110832,1,43382,0,4557
110833,1,33964,0,3055
110834,1,55032,0,6495
110835,1,62632,0,7177
110836,1,47139,0,6889
110837,1,21779,0,5365
110838,1,4076983,0,5056
110839,1,58634,0,4329
110840,1,26556,0,4006
110841,1,39859,0,3192
110842,1,45862,0,3505
110843,1,35294,0,3075
110844,1,50764,0,7442
110845,1,41915,0,7270
110846,1,61433,0,6524
110847,1,37926,0,6756
110848,1,65446,0,4927
110849,1,33850,0,4955
110850,1,42500,0,5069
110851,1,44317,0,5246
110852,1,4076761,0,4686
110853,1,26966,0,4693
110854,1,43871,0,4352
110855,1,60466,0,3100
110856,1,27720,0,6796
110857,1,31584,0,6244
110858,1,30180,0,3377
110859,1,158284,0,7276
110860,1,46953,0,7247
110861,1,51152,0,6739
110862,1,728682,0,6449
110863,1,28223,0,6551
110864,1,166556,0,4552
110865,1,25867,0,5423
110866,1,28973,0,7365
110867,1,1007508,0,7181
110868,1,40080,0,6489
110869,1,657836,0,5859
110870,1,37514,0,4572
110871,1,64263,0,7251
110872,1,1064362,0,7324
110873,1,3087560,0,6673
110874,1,21313,0,6621
110875,1,3820259,0,7003
110876,1,23913,0,6535
110877,1,61275,0,5712
110878,1,2134208,0,5866
110879,1,18565,0,5870
110880,1,55326,0,5984
110881,1,55123,0,5448
110882,1,27020,0,7564
110883,1,3088780,0,6999
110884,1,2816778,0,7019
110885,1,49820,0,2956
110886,1,33269,0,6915
110887,1,42721,0,6970
110888,1,61185,0,6008
110889,1,58691,0,6434
110890,1,165622,0,7067
110891,1,63668,0,5971
110892,1,37474,0,6780
110893,1,34489,0,6647
110894,1,31713,0,6247
110895,1,64600,0,2942
110896,1,51288,0,1906
110897,1,3830916,0,7315
110898,1,1100658,0,6602
110899,1,20244,0,6240
110900,1,26441,0,5378
110901,1,166881,0,6385
110902,1,5061137,0,4862
110903,1,42938,0,5336
110904,1,46362,0,4931
110905,1,29393,0,4229
110906,1,28908,0,3962
110907,1,61653,0,6149
110908,1,38775,0,4752
110909,1,31551,0,4103
110910,1,79515,0,6924
110911,1,42122,0,6432
110912,1,512429,0,6317
110913,1,2180093,0,5258
110914,1,3085965,0,6482
110915,1,62065,0,4688
110916,1,59878,0,7163
110917,1,200490,0,7071
110918,1,159333,0,7416
110919,1,30488,0,7523
110920,1,38136,0,7155
110921,1,42564,0,6554
110922,1,27796,0,5293
110923,1,62362,0,6577
110924,1,24273,0,6483
110925,1,56595,0,5515
110926,1,30659,0,5986
110927,1,34266,0,3881
110928,1,595985,0,7434
110929,1,17923,0,6106
110930,1,19016,0,6093
110931,1,50464,0,6051
110932,1,24836,0,6013
110933,1,45822,0,5370
110934,1,38154,0,5339
110935,1,166335,0,4067
110936,1,18812,0,2439
110937,1,51636,0,7479
110938,1,60669,0,6495
110939,1,30328,0,6708
110940,1,25439,0,6420
110941,1,30519,0,4109
110942,1,54811,0,3430
110943,1,3481209,0,7473
110944,1,21588,0,7380
110945,1,45323,0,6976
110946,1,36093,0,6034
110947,1,39855,0,5879
110948,1,25004,0,7254
110949,1,15590,0,6449
110950,1,85987,0,6941
110951,1,3842615,0,6672
110952,1,4682747,0,5760
110953,1,100078,0,6896
110954,1,40800,0,6648
110955,1,50455,0,6299
110956,1,21257,0,5656
110957,1,22666,0,5569
110958,1,58886,0,7040
110959,1,61405,0,6774
110960,1,54126,0,6745
110961,1,39304,0,6745
110962,1,23599,0,6249
110963,1,158675,0,5966
110964,1,52845,0,4872
110965,1,51932,0,1996
110966,1,32106,0,6772
110967,1,20977,0,5892
110968,1,60741,0,6737
110969,1,39429,0,6805
110970,1,170143,0,7021
110971,1,38109,0,6497
110972,1,61924,0,4890
110973,1,62276,0,4263
110974,1,17322,0,4181
110975,1,60732,0,6488
110976,1,35607,0,6483
110977,1,4666393,0,5090
110978,1,50236,0,5708
110979,1,59525,0,5040
110980,1,34989,0,3076
110981,1,2151417,0,7048
110982,1,26063,0,4589
110983,1,2734545,0,7078
110984,1,185191,0,7222
110985,1,19772,0,6600
110986,1,22953,0,6740
110987,1,39051,0,6426
110988,1,387373,0,6119
110989,1,19927,0,5333
110990,1,22724,0,5394
110991,1,2726595,0,3442
110992,1,48815,0,2603
110993,1,2816955,0,6820
110994,1,40355,0,6938
110995,1,27269,0,6739
110996,1,52072,0,5098
110997,1,62691,0,4437
110998,1,60637,0,3923
110999,1,52563,0,3660
111000,1,59566,0,6593
111001,1,3081899,0,7166
111002,1,29496,0,6850
111003,1,59358,0,5973
111004,1,41591,0,6258
111005,1,57927,0,5221
111006,1,100102,0,4559
111007,1,20679,0,3346
111008,1,40446,0,3652
111009,1,24464,0,2347
111010,1,42727,0,7205
111011,1,53288,0,6704
111012,1,37521,0,6541
111013,1,160462,0,6242
111014,1,20479,0,5145
111015,1,46363,0,4000
111016,1,24485,0,6668
111017,1,22075,0,6004
111018,1,27962,0,4543
111019,1,46500,0,6826
111020,1,24214,0,6345
111021,1,57919,0,5394
111022,1,51746,0,5635
111023,1,37076,0,6093
111024,1,23823,0,5778
111025,1,48225,0,5831
111026,1,65641,0,7223
111027,1,2751659,0,6890
111028,1,61019,0,6231
111029,1,169474,0,6547
111030,1,54532,0,6378
111031,1,32370,0,6177
111032,1,39495,0,6154
111033,1,32171,0,6917
111034,1,60504,0,6116
111035,1,158586,0,5817
111036,1,46061,0,4924
111037,1,24854,0,2825
111038,1,36663,0,6733
111039,1,409927,0,6511
111040,1,60524,0,7105
111041,1,165558,0,6950
111042,1,34141,0,6916
111043,1,1819983,0,7251
111044,1,37696,0,7296
111045,1,56410,0,6694
111046,1,2456543,0,5268
111047,1,50784,0,5576
111048,1,27219,0,5897
111049,1,166553,0,4864
111050,1,19964,0,5004
111051,1,5061124,0,4348
111052,1,56701,0,4782
111053,1,55038,0,6843
111054,1,19462,0,6524
111055,1,58103,0,6043
111056,1,27424,0,5369
111057,1,59023,0,4519
111058,1,140000,0,6768
111059,1,4667319,0,6453
111060,1,3082200,0,7202
111061,1,36287,0,7001
111062,1,45885,0,6861
111063,1,26961,0,6787
111064,1,20689,0,6046
111065,1,24710,0,5988
111066,1,62675,0,4233
111067,1,27522,0,5262
111068,1,27951,0,4703
111069,1,41150,0,2090
111070,1,3850062,0,6971
111071,1,61643,0,5673
111072,1,2729486,0,5538
111073,1,30735,0,5975
111074,1,3819208,0,7299
111075,1,24553,0,5674
111076,1,170244,0,5406
111077,1,165796,0,4458
111078,1,25946,0,2834
111079,1,51905,0,2189
111080,1,2817066,0,6644
111081,1,29263,0,7353
111082,1,845208,0,7155
111083,1,160452,0,6777
111084,1,32477,0,6590
111085,1,31351,0,6455
111086,1,36242,0,6279
111087,1,55406,0,5589
111088,1,53538,0,5036
111089,1,50365,0,4962
111090,1,46648,0,4886
111091,1,29663,0,4355
111092,1,45391,0,3682
111093,1,45269,0,2696
111094,1,62415,0,6477
111095,1,59015,0,6596
111096,1,154770,0,6944
111097,1,33755,0,6515
111098,1,165669,0,6052
111099,1,90015,0,5456
111100,1,46193,0,5798
111101,1,26560,0,5642
111102,1,56326,0,4520
111103,1,42738,0,4702
111104,1,50711,0,4355
111105,1,29179,0,3154
111106,1,60565,0,6206
111107,1,51564,0,2087
111108,1,35679,0,6671
111109,1,56076,0,5980
111110,1,28470,0,5096
111111,1,20518,0,4969
111112,1,157822,0,7311
111113,1,49096,0,6051
111114,1,28589,0,5386
111115,1,29136,0,5349
111116,1,56441,0,4545
111117,1,52811,0,3164
111118,1,5061045,0,7052
111119,1,60615,0,6875
111120,1,19915,0,6251
111121,1,47340,0,4991
111122,1,29384,0,4322
111123,1,33025,0,3187
111124,1,34195,0,5626
111125,1,20881,0,5615
111126,1,170420,0,4512
111127,1,681023,0,6957
111128,1,19499,0,5132
111129,1,20911,0,4248
111130,1,448694,0,4448
111131,1,38095,0,7035
111132,1,2816839,0,6976
111133,1,36142,0,6965
111134,1,25709,0,6781
111135,1,61916,0,4806
111136,1,63040,0,4323
111137,1,60441,0,6834
111138,1,30120,0,7066
111139,1,166877,0,4690
111140,1,34506,0,6795
111141,1,60269,0,6644
111142,1,38378,0,6869
111143,1,19439,0,6524
111144,1,28660,0,6700
111145,1,31609,0,6877
111146,1,93085,0,4983
111147,1,58841,0,4461
111148,1,47309,0,2462
111149,1,41083,0,2687
111150,1,59260,0,4987
111151,1,16521,0,4069
111152,1,48106,0,3450
111153,1,55588,0,2109
111154,1,62073,0,6652
111155,1,3086325,0,6613
111156,1,38094,0,6856
111157,1,45484,0,6709
111158,1,37210,0,6733
111159,1,3872751,0,6238
111160,1,17084,0,5152
111161,1,58451,0,5380
111162,1,63629,0,4510
111163,1,51253,0,4935
111164,1,49563,0,1958
111165,1,138952,0,6987
111166,1,22020,0,6667
111167,1,42479,0,7043
111168,1,3082323,0,7187
111169,1,165776,0,6232
111170,1,45022,0,6898
111171,1,30654,0,6929
111172,1,61298,0,5796
111173,1,678223,0,6453
111174,1,170231,0,6367
111175,1,96513,0,5764
111176,1,61616,0,4621
111177,1,30003,0,4667
111178,1,24310,0,4610
111179,1,32515,0,4377
111180,1,50600,0,2035
111181,1,30523,0,6990
111182,1,1284518,0,6872
111183,1,49063,0,4508
111184,1,60315,0,2751
111185,1,35412,0,6952
111186,1,13384,0,2140
111187,1,38031,0,2333
111188,1,36335,0,6673
111189,1,23409,0,6200
111190,1,51534,0,6154
111191,1,2754575,0,4569
111192,1,57353,0,4754
111193,1,16216,0,4137
111194,1,31876,0,3286
111195,2,61404,10,2132
111196,1,58813,0,6938
111197,1,21977,0,6690
111198,1,50897,0,5283
111199,1,26778,0,5533
111200,1,22202,0,4391
111201,1,21847,0,4637
111202,1,54789,0,6896
111203,1,61196,0,6454
111204,1,166875,0,6247
111205,1,160968,0,6154
111206,1,170080,0,6029
111207,1,3406492,0,6956
111208,1,61697,0,5835
111209,1,24263,0,6217
111210,1,33665,0,5268
111211,1,56511,0,4843
111212,1,33288,0,5212
111213,1,26785,0,4537
111214,1,29955,0,5502
111215,1,59583,0,4887
111216,1,1523835,0,4545
111217,1,29812,0,4769
111218,1,20304,0,3696
111219,1,615804,0,6614
111220,1,3087285,0,6713
111221,1,35379,0,6320
111222,1,56254,0,4561
111223,1,29249,0,4350
111224,1,53342,0,6740
111225,1,47046,0,6959
111226,1,3470077,0,6702
111227,1,36244,0,5802
111228,1,36047,0,4504
111229,1,17831,0,3104
111230,1,1071751,0,7083
111231,1,25435,0,6923
111232,1,30512,0,6643
111233,1,62542,0,5171
111234,1,51702,0,4401
111235,1,38326,0,6773
111236,1,63516,0,4471
111237,1,54260,0,4979
111238,1,29346,0,5500
111239,1,52497,0,5082
111240,1,50248,0,4421
111241,1,166769,0,3325
111242,1,3093633,0,4287
111243,1,27460,0,7191
111244,1,158483,0,7120
111245,1,56327,0,6253
111246,1,1012324,0,6299
111247,1,9563,0,5356
111248,1,100118,0,6111
111249,1,24114,0,5432
111250,1,23089,0,5441
111251,1,166303,0,5477
111252,1,36240,0,3495
111253,1,32293,0,5269
111254,1,28145,0,4982
111255,1,27006,0,2714
111256,1,53198,0,6842
111257,1,157041,0,7096
111258,1,64282,0,5486
111259,1,42395,0,6220
111260,1,26701,0,5191
111261,1,138828,0,4905
111262,1,20599,0,4862
111263,1,27606,0,3182
111264,1,33357,0,7034
111265,1,90173,0,7063
111266,1,5060811,0,6297
111267,1,20007,0,6429
111268,1,61666,0,5537
111269,1,60680,0,5362
111270,1,16457,0,4999
111271,1,57759,0,4630
111272,1,26082,0,4490
111273,1,47482,0,4439
111274,1,65010,0,2617
111275,1,21545,0,6680
111276,1,201350,0,6514
111277,1,4684365,0,6603
111278,1,41849,0,6103
111279,1,58429,0,5553
111280,1,30035,0,5305
111281,1,49413,0,4669
111282,1,1388527,0,6452
111283,1,52994,0,6679
111284,1,90126,0,6691
111285,1,54535,0,5589
111286,1,36138,0,2574
111287,1,61036,0,5278
111288,1,5061205,0,5476
111289,1,64067,0,4830
111290,1,24121,0,5561
111291,1,27981,0,4123
111292,1,62660,0,6560
111293,1,22332,0,6222
111294,1,58528,0,5526
111295,1,29032,0,5826
111296,1,20964,0,5538
111297,1,27472,0,4684
111298,1,28779,0,4995
111299,1,58226,0,4326
111300,1,35216,0,6056
111301,1,50077,0,4954
111302,1,27568,0,4842
111303,1,65052,0,5173
111304,1,989767,0,5784
111305,1,55643,0,5473
111306,1,3749930,0,5836
111307,1,26666,0,5122
111308,1,46320,0,3725
111309,1,3079523,0,6189
111310,1,21348,0,5361
111311,1,33211,0,4439
111312,1,60971,0,6297
111313,1,2816724,0,7004
111314,1,42313,0,4575
111315,1,21298,0,5676
111316,1,30386,0,5341
111317,1,48044,0,5240
111318,1,17104,0,4131
111319,1,18810,0,6606
111320,1,5060848,0,6315
111321,1,61362,0,5324
111322,1,1650742,0,5001
111323,1,56570,0,3824
111324,1,25352,0,4171
111325,1,63706,0,5618
111326,1,23936,0,5817
111327,1,23799,0,5495
111328,1,644365,0,5886
111329,1,19675,0,4998
111330,1,20685,0,4955
111331,1,30423,0,5080
111332,1,37686,0,4565
111333,1,29858,0,6429
111334,1,61418,0,5282
111335,1,26711,0,4585
111336,1,25020,0,4267
111337,1,54849,0,1653
111338,1,23564,0,6901
111339,1,58821,0,6090
111340,1,1147626,0,6170
111341,1,36190,0,6350
111342,1,31824,0,6225
111343,1,62236,0,4812
111344,1,153518,0,5525
111345,1,63072,0,4440
111346,1,21581,0,4874
111347,1,2793187,0,5025
111348,1,17751,0,4312
111349,1,42167,0,3287
111350,1,54234,0,2534
111351,1,33860,0,2456
111352,1,26455,0,2778
111353,1,19802,0,5459
111354,1,54094,0,6808
111355,1,56436,0,5974
111356,1,44987,0,5548
111357,1,3089681,0,6932
111358,1,41784,0,6199
111359,1,27276,0,4623
111360,1,3806285,0,2378
111361,1,182888,0,7037
111362,1,35423,0,7070
111363,1,3843641,0,6075
111364,1,50169,0,5444
111365,1,22770,0,4923
111366,1,156013,0,4799
111367,1,36265,0,3347
111368,1,53860,0,5823
111369,1,1291887,0,6826
111370,1,708088,0,6875
111371,1,4076830,0,6642
111372,1,23129,0,6569
111373,1,29726,0,6589
111374,1,30214,0,5328
111375,1,4667098,0,5340
111376,1,38851,0,2897
111377,1,3092967,0,6544
111378,1,44623,0,6681
111379,1,31920,0,6469
111380,1,54434,0,5541
111381,1,948959,0,5652
111382,1,54786,0,5426
111383,1,36733,0,5576
111384,1,20417,0,5199
111385,1,26685,0,4503
111386,1,40663,0,4555
111387,1,23501,0,4127
111388,1,43409,0,3804
111389,1,20838,0,2461
111390,1,35083,0,6448
111391,1,57039,0,4827
111392,1,28510,0,3899
111393,1,27530,0,6361
111394,1,1382460,0,5589
111395,1,20144,0,5160
111396,1,29546,0,5459
111397,1,39768,0,4388
111398,1,21666,0,3350
111399,1,40284,0,2371
111400,1,58150,0,6296
111401,1,27382,0,6447
111402,1,40542,0,6476
111403,1,26826,0,5742
111404,1,28420,0,5299
111405,1,56287,0,4698
111406,1,61722,0,4455
111407,1,53640,0,4780
111408,1,49278,0,4542
111409,1,166292,0,3832
111410,1,5061108,0,2484
111411,1,54541,0,6772
111412,1,45127,0,4394
111413,1,25155,0,3102
111414,1,83365,0,7059
111415,1,5060707,0,5961
111416,1,52931,0,4718
111417,1,51478,0,4643
111418,1,50998,0,4642
111419,1,21014,0,3275
111420,1,19064,0,2734
111421,1,60586,0,6467
111422,1,54950,0,6449
111423,1,37804,0,6513
111424,1,143064,0,6178
111425,1,20360,0,6009
111426,1,58503,0,5627
111427,1,35839,0,6427
111428,1,21969,0,5843
111429,1,21198,0,5298
111430,1,63229,0,4205
111431,1,63084,0,3791
111432,1,25735,0,4482
111433,1,45920,0,4344
111434,1,18494,0,3676
111435,1,36754,0,1564
111436,1,84138,0,6314
111437,1,29023,0,5434
111438,1,35771,0,4598
111439,1,41666,0,6527
111440,1,857294,0,6545
111441,1,50815,0,6206
111442,1,30351,0,6052
111443,1,4076970,0,5561
111444,1,22301,0,5034
111445,1,23992,0,4935
111446,1,39723,0,4267
111447,1,57345,0,2114
111448,1,38380,0,4239
111449,1,29716,0,2822
111450,1,2210503,0,3759
111451,1,31987,0,4119
111452,1,2698883,0,6172
111453,1,42968,0,5255
111454,1,32473,0,5119
111455,1,4945,0,4112
111456,1,36396,0,4506
111457,1,31428,0,1838
111458,1,27765,0,1480
111459,1,39831,0,6324
111460,1,16813,0,4862
111461,1,60203,0,4751
111462,1,60831,0,4638
111463,1,32527,0,4576
111464,1,29841,0,4040
111465,1,19688,0,1884
111466,1,19557,0,6278
111467,1,30759,0,5203
111468,1,32330,0,6879
111469,1,30811,0,5976
111470,1,52068,0,4763
111471,1,44668,0,4641
111472,1,29158,0,6656
111473,1,18891,0,6467
111474,1,437459,0,6068
111475,1,49757,0,5244
111476,1,25719,0,4561
111477,1,26411,0,3804
111478,1,28710,0,3697
111479,1,55670,0,5978
111480,1,21766,0,5039
111481,1,45863,0,6741
111482,1,27463,0,6021
111483,1,63318,0,4412
111484,1,45538,0,5127
111485,1,166462,0,4378
111486,1,28011,0,5216
111487,1,35429,0,3979
111488,1,22292,0,2553
111489,1,2619312,0,6542
111490,1,27723,0,2247
111491,1,60894,0,6492
111492,1,50626,0,6651
111493,1,3819076,0,6445
111494,1,166312,0,6307
111495,1,57706,0,5006
111496,1,19954,0,4616
111497,1,390083,0,4640
111498,1,51917,0,4588
111499,1,41436,0,3285
111500,1,23044,0,5495
111501,1,60025,0,2940
111502,1,1421014,0,6203
111503,1,37487,0,6287
111504,1,29930,0,6684
111505,1,184228,0,6070
111506,1,97082,0,5293
111507,1,141847,0,5948
111508,1,42562,0,4759
111509,1,35879,0,4681
111510,1,54348,0,2456
111511,1,23628,0,6709
111512,1,170367,0,6448
111513,1,34471,0,6230
111514,1,38249,0,6289
111515,1,61877,0,4932
111516,1,18181,0,4788
111517,1,58161,0,4719
111518,1,2138549,0,6556
111519,1,25401,0,6220
111520,1,24659,0,5587
111521,1,19222,0,3666
111522,1,160960,0,6229
111523,1,51091,0,4515
111524,1,33430,0,4347
111525,1,24381,0,3902
111526,1,3082579,0,6514
111527,1,60752,0,5748
111528,1,52823,0,6295
111529,1,52908,0,5669
111530,1,21874,0,5987
111531,1,165541,0,5663
111532,1,19252,0,5353
111533,1,181568,0,5852
111534,1,27641,0,5086
111535,1,59043,0,4553
111536,1,21442,0,4853
111537,1,43206,0,3824
111538,1,55550,0,6061
111539,1,2096339,0,6119
111540,1,86221,0,6742
111541,1,63639,0,5578
111542,1,61013,0,4723
111543,1,21970,0,3535
111544,1,96546,0,6300
111545,1,55554,0,5767
111546,1,48322,0,6258
111547,1,181848,0,5838
111548,1,48001,0,4308
111549,1,61008,0,3062
111550,1,37243,0,3286
111551,1,61782,0,4357
111552,1,41757,0,5290
111553,1,44271,0,3751
111554,1,183273,0,6369
111555,1,45523,0,5675
111556,1,38040,0,5212
111557,1,5061109,0,2541
111558,1,49604,0,2611
111559,1,1679899,0,6006
111560,1,32672,0,6255
111561,1,51348,0,5229
111562,1,36128,0,5354
111563,1,21290,0,6347
111564,1,62301,0,5728
111565,1,21509,0,5999
111566,1,44362,0,4824
111567,1,56141,0,4581
111568,1,52535,0,3939
111569,1,22377,0,3928
111570,1,3093328,0,6108
111571,1,29266,0,5979
111572,1,36325,0,6020
111573,1,166022,0,4158
111574,1,2455941,0,3111
111575,1,58523,0,2999
111576,1,26192,0,2867
111577,1,32150,0,6398
111578,1,51197,0,5757
111579,1,3076860,0,5887
111580,1,100068,0,6057
111581,1,55508,0,5631
111582,1,51282,0,4880
111583,1,22374,0,5060
111584,1,55578,0,4478
111585,1,22778,0,4911
111586,1,5060516,0,4107
111587,1,26869,0,4580
111588,1,36789,0,2578
111589,1,46468,0,6331
111590,1,18872,0,5703
111591,1,4076171,0,6334
111592,1,28273,0,5656
111593,1,37714,0,5586
111594,1,954521,0,5502
111595,1,45151,0,5274
111596,1,97067,0,4416
111597,1,34072,0,4818
111598,1,23474,0,4448
111599,1,57547,0,5945
111600,1,44046,0,6346
111601,1,55757,0,3878
111602,1,6146,0,6431
111603,1,63535,0,5715
111604,1,18648,0,6115
111605,1,41773,0,6185
111606,1,170247,0,5711
111607,1,45998,0,5365
111608,1,22188,0,4991
111609,1,52527,0,4776
111610,1,45665,0,4888
111611,1,38741,0,3233
111612,1,170331,0,6711
111613,1,2328814,0,6010
111614,1,4076148,0,5666
111615,1,29691,0,3168
111616,1,21224,0,5923
111617,1,56998,0,5388
111618,1,51317,0,5414
111619,1,153534,0,5566
111620,1,19793,0,5010
111621,1,16077,0,4459
111622,1,61043,0,4194
111623,1,20536,0,3315
111624,1,55081,0,2475
111625,1,38049,0,2135
111626,1,166486,0,4906
111627,1,21154,0,5101
111628,1,23024,0,3672
111629,1,47635,0,3901
111630,1,32605,0,3082
111631,1,52116,0,2228
111632,1,54115,0,5725
111633,1,3841973,0,5989
111634,1,29380,0,3046
111635,1,57676,0,6316
111636,1,60181,0,6261
111637,1,62972,0,5571
111638,1,61267,0,5744
111639,1,52258,0,6135
111640,1,170256,0,6069
111641,1,30502,0,6072
111642,1,157216,0,6040
111643,1,2810275,0,5045
111644,1,21079,0,5377
111645,1,21820,0,5393
111646,1,52643,0,4852
111647,1,27437,0,4388
111648,1,26112,0,2577
111649,2,35440,29,1399
111650,1,413538,0,4964
111651,1,21712,0,3958
111652,1,25197,0,5247
111653,1,29323,0,4231
111654,1,4666395,0,4665
111655,1,183353,0,6155
111656,1,1550344,0,4726
111657,1,25473,0,5001
111658,1,26168,0,5427
111659,1,52920,0,4582
111660,1,5060506,0,4562
111661,1,53361,0,4792
111662,1,31276,0,4847
111663,1,51820,0,3102
111664,1,2674196,0,6349
111665,1,35577,0,5194
111666,1,61547,0,5897
111667,1,22196,0,5908
111668,1,45336,0,5126
111669,1,34183,0,5558
111670,1,182254,0,4765
111671,1,22354,0,2429
111672,1,2669431,0,6279
111673,1,159492,0,6689
111674,1,58965,0,5553
111675,1,55454,0,5371
111676,1,54980,0,5308
111677,1,49545,0,4819
111678,1,23850,0,4427
111679,1,29538,0,4871
111680,1,166261,0,4457
111681,1,49655,0,4275
111682,1,49810,0,3905
111683,1,27845,0,3120
111684,1,53758,0,5241
111685,1,55865,0,5053
111686,1,22271,0,4180
111687,1,56925,0,3493
111688,1,61972,0,2510
111689,1,30814,0,3515
111690,1,18458,0,2901
111691,1,57856,0,5171
111692,1,23878,0,6361
111693,1,18013,0,5290
111694,1,60833,0,4909
111695,1,41087,0,5477
111696,1,29155,0,5102
111697,1,165609,0,5329
111698,1,26963,0,5348
111699,1,1641988,0,4923
111700,1,2728472,0,4811
111701,1,20830,0,5366
111702,1,17540,0,4761
111703,1,44175,0,5323
111704,1,434808,0,4913
111705,1,24789,0,2988
111706,1,20758,0,5966
111707,1,18748,0,5714
111708,1,38122,0,6019
111709,1,26987,0,4718
111710,1,62671,0,3630
111711,1,46186,0,4224
111712,1,29903,0,4508
111713,1,51471,0,3020
111714,1,23418,0,3165
111715,1,23028,0,2672
111716,1,97104,0,5988
111717,1,26593,0,4881
111718,1,36913,0,5913
111719,1,166478,0,5031
111720,1,153034,0,5420
111721,1,160931,0,4091
111722,1,52251,0,3819
111723,1,47948,0,2886
111724,1,64287,0,4848
111725,1,5060510,0,4394
111726,1,51055,0,2899
111727,1,52825,0,2356
111728,1,166304,0,6259
111729,1,2737639,0,5271
111730,1,157509,0,5223
111731,1,54429,0,2192
111732,1,24930,0,639
111733,1,54177,0,5933
111734,1,23962,0,6319
111735,1,23125,0,5495
111736,1,42919,0,4960
111737,1,51972,0,4589
111738,1,63424,0,2952
111739,1,61863,0,3031
111740,1,60977,0,6107
111741,1,35843,0,5389
111742,1,18395,0,5557
111743,1,3097171,0,5907
111744,1,90872,0,6022
111745,1,48603,0,5821
111746,1,28663,0,5180
111747,1,60094,0,4261
111748,1,32536,0,3452
111749,1,44471,0,3480
111750,1,48307,0,2556
111751,1,36304,0,2050
111752,1,2738482,0,4748
111753,1,3081596,0,6159
111754,1,157753,0,6047
111755,1,62593,0,4292
111756,1,55445,0,4664
111757,1,50010,0,4364
111758,1,50316,0,5966
111759,1,3082435,0,6241
111760,1,51818,0,5597
111761,1,45367,0,5921
111762,1,31712,0,5586
111763,1,24785,0,5692
111764,1,529018,0,5544
111765,1,22530,0,5198
111766,1,56547,0,4376
111767,1,2793186,0,4677
111768,1,34459,0,4467
111769,1,61378,0,2631
111770,1,23701,0,2289
111771,1,2801478,0,5730
111772,1,21402,0,4822
111773,1,22641,0,4341
111774,1,45614,0,3974
111775,1,36315,0,4040
111776,1,30911,0,6140
111777,1,166240,0,5721
111778,1,63016,0,4341
111779,1,38841,0,3500
111780,1,48085,0,3142
111781,1,181950,0,6173
111782,1,45709,0,5287
111783,1,50745,0,4559
111784,1,45710,0,4064
111785,1,2797282,0,1749
111786,1,54761,0,2200
111787,1,1006787,0,6278
111788,1,90071,0,5430
111789,1,2793090,0,5156
111790,1,44217,0,5142
111791,1,51754,0,4516
111792,1,44475,0,4242
111793,1,37669,0,4062
111794,1,53724,0,2919
111795,1,34030,0,871
111796,1,24028,0,1931
111797,1,18797,0,872
111798,1,1493015,0,6179
111799,1,60579,0,5409
111800,1,59452,0,4884
111801,1,3086028,0,4268
111802,1,51695,0,4379
111803,1,15917,0,2437
111804,1,61833,0,1753
111805,1,22591,0,3659
111806,1,170248,0,6151
111807,1,30496,0,5992
111808,1,46924,0,5814
111809,1,48870,0,5194
111810,1,57729,0,4027
111811,1,41989,0,4777
111812,1,28655,0,282
111813,1,19491,0,5569
111814,1,51106,0,1413
111815,1,165604,0,6381
111816,1,59060,0,5126
111817,1,27192,0,5308
111818,1,36859,0,4841
111819,1,26123,0,4454
111820,1,21684,0,4152
111821,1,28026,0,3456
111822,1,170116,0,5897
111823,1,56108,0,4398
111824,1,30090,0,4174
111825,1,33418,0,4155
111826,1,26223,0,3899
111827,1,46744,0,3166
111828,1,67347,0,2269
111829,1,61746,0,5158
111830,1,1537624,0,4466
111831,1,49373,0,5022
111832,1,27361,0,4657
111833,1,56074,0,4320
111834,1,46086,0,4184
111835,1,41381,0,4521
111836,1,49190,0,4255
111837,1,48425,0,3216
111838,1,34292,0,3766
111839,1,56337,0,2022
111840,1,54393,0,4906
111841,1,54265,0,3433
111842,1,18084,0,5550
111843,1,19595,0,5702
111844,1,42937,0,4908
111845,1,39091,0,4173
111846,1,26876,0,3857
111847,1,25690,0,3021
111848,1,35236,0,5334
111849,1,50434,0,5525
111850,1,63766,0,3433
111851,1,22306,0,3801
111852,1,29915,0,3361
111853,1,44145,0,2923
111854,1,37320,0,1870
111855,1,37434,0,6241
111856,1,3266295,0,5775
111857,1,58355,0,5350
111858,1,158208,0,5576
111859,1,29079,0,4678
111860,1,32898,0,5142
111861,1,39059,0,4751
111862,1,47573,0,4603
111863,1,64300,0,3302
111864,1,32703,0,3797
111865,1,45836,0,2902
111866,1,32205,0,2961
111867,1,1546412,0,4687
111868,1,24400,0,4685
111869,1,50967,0,4359
111870,1,60709,0,3283
111871,1,71864,0,1841
111872,1,3081692,0,6020
111873,1,31468,0,4816
111874,1,51541,0,4042
111875,1,36445,0,4079
111876,1,62110,0,5259
111877,1,25344,0,6169
111878,1,154761,0,5347
111879,1,26985,0,4520
111880,1,28276,0,4438
111881,1,28428,0,4321
111882,1,53186,0,3631
111883,1,30708,0,3920
111884,1,37183,0,3378
111885,1,29009,0,2749
111886,1,61220,0,5496
111887,1,788064,0,6024
111888,1,40031,0,5968
111889,1,29771,0,5583
111890,1,25434,0,5535
111891,1,16931,0,4482
111892,1,28764,0,3950
111893,1,35285,0,2825
111894,1,51240,0,5733
111895,1,2541621,0,5026
111896,1,36966,0,5556
111897,1,66646,0,4662
111898,1,32485,0,4971
111899,1,24402,0,4064
111900,1,39379,0,3293
111901,1,60645,0,5820
111902,1,92308,0,5760
111903,1,70668,0,4094
111904,1,4076829,0,4680
111905,1,19803,0,5104
111906,1,914880,0,5862
111907,1,47389,0,5170
111908,1,156323,0,5261
111909,1,27225,0,4772
111910,1,61983,0,5145
111911,1,170358,0,4425
111912,1,24620,0,4175
111913,1,52343,0,3937
111914,1,37281,0,4191
111915,1,49583,0,3372
111916,1,23453,0,2881
111917,1,24111,0,2379
111918,1,3085300,0,5826
111919,1,5060569,0,4534
111920,1,39593,0,4804
111921,1,5060724,0,5194
111922,1,23415,0,6075
111923,1,52363,0,5786
111924,1,20506,0,5521
111925,1,96473,0,5792
111926,1,53376,0,5079
111927,1,19731,0,4920
111928,1,47777,0,4948
111929,1,46026,0,4352
111930,1,38587,0,4198
111931,1,22279,0,3660
111932,1,53755,0,2851
111933,1,166897,0,5168
111934,1,156733,0,5797
111935,1,4076051,0,4858
111936,1,21748,0,5754
111937,1,166499,0,5156
111938,1,37614,0,5966
111939,1,97172,0,5501
111940,1,19820,0,4673
111941,1,1391875,0,4762
111942,1,52446,0,4813
111943,1,36033,0,4156
111944,1,35731,0,3576
111945,1,36493,0,2601
111946,1,53043,0,2235
111947,1,61928,0,5018
111948,1,20380,0,5496
111949,1,5060767,0,5441
111950,1,48669,0,5740
111951,1,43113,0,5001
111952,1,21553,0,4712
111953,1,25976,0,4203
111954,1,48207,0,4053
111955,1,46673,0,3528
111956,1,29327,0,3085
111957,1,53037,0,2777
111958,1,52281,0,5089
111959,1,52800,0,4874
111960,1,90236,0,4489
111961,1,26998,0,3781
111962,1,26246,0,2448
111963,1,68044,0,4034
111964,1,26874,0,4236
111965,1,21479,0,3641
111966,1,34711,0,2984
111967,1,35540,0,2541
111968,1,55750,0,4695
111969,1,24259,0,4682
111970,1,29980,0,3887
111971,1,1057930,0,5498
111972,1,82897,0,5784
111973,1,4075674,0,4806
111974,1,58458,0,3376
111975,1,49408,0,3162
111976,1,26939,0,1729
111977,1,165676,0,5922
111978,1,153572,0,5772
111979,1,15803,0,4829
111980,1,61265,0,4608
111981,1,5060538,0,4225
111982,1,38093,0,4424
111983,1,37008,0,3757
111984,1,24947,0,2934
111985,1,38802,0,2787
111986,1,41866,0,4269
111987,1,39068,0,2638
111988,1,35927,0,5430
111989,1,51953,0,2472
111990,1,20480,0,4853
111991,1,21015,0,5659
111992,1,38788,0,2782
111993,1,20631,0,5314
111994,1,21322,0,4941
111995,1,23378,0,4969
111996,1,24632,0,4441
111997,1,1404402,0,2404
111998,1,28654,0,4880
111999,1,166047,0,5504
112000,1,39414,0,2104
112001,1,18389,0,5654
112002,1,24844,0,4845
112003,1,47641,0,3603
112004,1,51851,0,4714
112005,1,62827,0,4508
112006,1,22511,0,5160
112007,1,32869,0,3769
112008,1,20207,0,3977
112009,1,43118,0,2811
112010,1,53022,0,5233
112011,1,44267,0,4058
112012,1,19679,0,5043
112013,1,24355,0,2786
112014,1,2373108,0,5838
112015,1,61742,0,1417
112016,1,39411,0,2329
112017,1,915058,0,5751
112018,1,27406,0,4781
112019,1,52595,0,4628
112020,1,35376,0,2606
112021,1,3086201,0,4866
112022,1,3749699,0,4600
112023,1,63166,0,3634
112024,1,46848,0,3116
112025,1,57018,0,4788
112026,1,61690,0,5243
112027,1,46674,0,746
112028,1,43312,0,5195
112029,1,20567,0,4209
112030,1,18128,0,5031
112031,1,24097,0,5247
112032,1,34927,0,5620
112033,1,29769,0,4170
112034,1,43202,0,3169
112035,1,20822,0,4975
112036,1,33705,0,1359
112037,1,56697,0,5187
112038,1,27400,0,4674
112039,1,61741,0,4899
112040,1,2106967,0,5573
112041,1,964447,0,5380
112042,1,30961,0,4437
112043,1,57924,0,1670
112044,1,50596,0,5469
112045,1,28485,0,1727
112046,1,24913,0,2015
112047,1,40533,0,3516
112048,1,33349,0,4036
112049,1,29888,0,4527
112050,1,60343,0,3323
112051,1,28783,0,4732
112052,1,29639,0,4617
112053,1,49342,0,2595
112054,1,53116,0,5187
112055,1,25007,0,4097
112056,1,100096,0,2990
112057,1,46400,0,979
112058,1,24417,0,4927
112059,1,32927,0,5029
112060,1,63171,0,2248
112061,1,166496,0,4825
112062,1,84753,0,5526
112063,1,9930,0,5652
112064,1,2812114,0,4680
112065,1,34561,0,2569
112066,1,41290,0,4957
112067,1,32535,0,3410
112068,1,24055,0,5445
112069,1,25527,0,5143
112070,1,49215,0,4235
112071,1,24015,0,3614
112072,1,63121,0,2066
112073,1,2197022,0,5486
112074,1,50620,0,5175
112075,1,27873,0,3096
112076,1,58481,0,5420
112077,1,2816647,0,5851
112078,1,35103,0,5323
112079,1,19385,0,5566
112080,1,19500,0,5048
112081,1,28289,0,5195
112082,1,35362,0,4279
112083,1,26608,0,2689
112084,1,4076194,0,5062
112085,1,62149,0,2378
112086,1,43165,0,5685
112087,1,5060603,0,4402
112088,1,25248,0,2012
112089,1,25370,0,3484
112090,1,166562,0,4857
112091,1,20596,0,4487
112092,1,50201,0,4436
112093,1,27923,0,5519
112094,1,43151,0,3268
112095,1,94040,0,5471
112096,1,1789388,0,4554
112097,1,62651,0,2964
112098,1,183567,0,5236
112099,1,29064,0,5519
112100,1,27054,0,4760
112101,1,19952,0,5358
112102,1,29178,0,3844
112103,1,2802338,0,4785
112104,1,35697,0,5041
112105,1,50120,0,3618
112106,1,51620,0,2472
112107,1,20416,0,2093
112108,1,19974,0,5175
112109,1,25399,0,2729
112110,1,20515,0,5483
112111,1,56497,0,4818
112112,1,22270,0,1529
112113,1,672255,0,4920
112114,1,45583,0,2991
112115,1,166377,0,4511
112116,1,55841,0,3717
112117,1,29089,0,3766
112118,1,21853,0,4951
112119,1,63685,0,3451
112120,1,44310,0,3441
112121,1,28534,0,4980
112122,1,3082152,0,3939
112123,1,28766,0,4029
112124,1,30087,0,833
112125,1,91358,0,5008
112126,1,53617,0,5012
112127,1,26295,0,2323
112128,1,49721,0,4125
112129,1,43235,0,4455
112130,1,47770,0,2832
112132,1,30407,0,2927
112133,1,50206,0,5251
112134,1,28780,0,4003
112135,1,42166,0,3314
112136,1,160896,0,5107
112137,1,42865,0,4922
112138,1,52324,0,2728
112139,1,24784,0,1453
112140,1,166580,0,5286
112141,1,3751428,0,5113
112142,1,37093,0,3394
112143,1,154505,0,4964
112144,1,26038,0,4487
112145,1,20036,0,5316
112146,1,24893,0,3657
112147,1,56023,0,3434
112148,1,4683918,0,5447
112149,1,26330,0,3055
112150,1,4075962,0,4948
112151,1,36451,0,4672
112152,1,4683839,0,3876
112153,1,143077,0,4692
112154,1,78533,0,2482
112155,1,32039,0,3338
112156,1,20592,0,2449
112157,1,96409,0,4043
112158,1,62487,0,5171
112159,1,62595,0,2755
112160,1,27158,0,3030
112161,1,80486,0,4808
112162,1,18771,0,4879
112163,1,20889,0,4731
112164,1,2816978,0,4450
112165,1,31968,0,894
112166,1,28401,0,3499
112167,1,56413,0,2624
112168,1,97268,0,4770
112169,1,60178,0,4554
112170,1,29358,0,5410
112171,1,57582,0,2148
112172,1,21292,0,5062
112173,1,44001,0,4914
112174,1,30147,0,4842
112175,1,677705,0,5048
112176,1,43990,0,4748
112177,1,22327,0,3619
112178,1,46358,0,4836
112179,1,62493,0,4830
112180,1,24264,0,4441
112181,1,25237,0,2488
112182,1,27023,0,4507
112183,1,25080,0,4569
112184,1,45733,0,4383
112185,1,165745,0,4952
112186,1,47429,0,2802
112187,1,35222,0,2033
112188,1,24634,0,2018
112189,1,97187,0,5393
112190,1,30176,0,2263
112191,1,55829,0,4635
112192,1,45782,0,4194
112193,1,3097170,0,5374
112194,1,41764,0,5618
112195,1,27027,0,3191
112196,1,156064,0,5114
112197,1,51355,0,3379
112198,1,2482617,0,4965
112199,1,38009,0,3443
112200,1,55104,0,2727
112201,1,48093,0,2772
112202,1,23103,0,3662
112203,1,31379,0,4767
112204,1,1825464,0,5239
112205,1,3082657,0,4482
112206,1,98929,0,4353
112207,1,50314,0,4425
112208,1,46408,0,2870
112209,1,170439,0,5281
112211,1,47448,0,4577
112212,1,33030,0,3002
112213,1,5060966,0,5093
112214,1,27867,0,5400
112215,1,2773707,0,4562
112216,1,25783,0,4145
112217,1,2765341,0,4806
112218,1,60349,0,2957
112219,1,167491,0,3161
112220,1,28805,0,1730
112221,1,35498,0,4568
112222,1,47449,0,5021
112223,1,46711,0,4854
112224,1,42202,0,4138
112225,1,166289,0,3871
112226,1,45465,0,3573
112227,1,22880,0,5152
112228,1,28833,0,3950
112229,1,30247,0,3428
112230,1,5060713,0,4617
112231,1,33817,0,4258
112232,1,23313,0,1147
112233,1,50165,0,4501
112234,1,46847,0,5148
112235,1,5061177,0,3923
112236,1,36728,0,4107
112237,1,60592,0,4064
112238,1,23360,0,3964
112239,1,35314,0,2070
112240,1,53303,0,3282
112241,1,45536,0,4683
112242,1,42747,0,3590
112243,1,21713,0,5181
112244,1,22068,0,4102
112245,1,157507,0,4898
112246,1,45209,0,4016
112247,1,34519,0,3454
112248,1,42282,0,4658
112249,1,2614779,0,4629
112250,1,65469,0,3297
112251,1,863705,0,3983
112252,1,36924,0,4916
112253,1,29901,0,2892
112254,1,26310,0,3825
112255,1,63195,0,3989
112256,1,47757,0,4840
112257,1,26605,0,3273
112258,1,5060797,0,4294
112259,1,32582,0,5121
112260,1,37574,0,3622
112261,1,39314,0,5067
112262,1,43908,0,4465
112263,1,49465,0,2809
112264,1,49976,0,4548
112265,1,49838,0,4424
112266,1,34513,0,2515
112267,1,52607,0,3415
112268,1,155920,0,4798
112269,1,60805,0,3020
112270,1,17072,0,4696
112271,1,34201,0,4534
112272,1,51297,0,4170
112273,1,20076,0,4036
112274,1,36861,0,4506
112275,1,4075932,0,4979
112276,1,61600,0,3078
112277,1,48156,0,3874
112278,1,29209,0,3173
112279,1,43515,0,4028
112280,1,61870,0,4589
112281,1,21795,0,4708
112282,1,170273,0,4780
112283,1,31887,0,3833
112284,1,32251,0,3078
112285,1,27791,0,5228
112286,1,22436,0,4276
112287,1,156530,0,4962
112288,1,5061134,0,3247
112289,1,200506,0,1629
112290,1,24961,0,848
112291,1,51002,0,4883
112292,1,36923,0,3942
112293,1,33940,0,3642
112294,1,31528,0,3262
112295,1,1735219,0,4770
112296,1,18662,0,4036
112297,1,33074,0,2261
112298,1,23856,0,4240
112299,1,27232,0,2774
112300,1,3894579,0,4596
112301,1,39979,0,2422
112302,1,26093,0,2434
112303,1,20394,0,5069
112304,1,62548,0,4202
112305,1,24497,0,4164
112306,1,36981,0,3987
112307,1,42833,0,1104
112308,1,22405,0,5078
112309,1,62360,0,3976
112310,1,28617,0,2157
112311,1,44092,0,2891
112312,1,34728,0,4053
112313,1,61621,0,2867
112314,1,48816,0,1678
112315,1,25570,0,2210
112316,1,57319,0,4868
112317,1,51730,0,3775
112318,1,51015,0,2326
112319,1,38850,0,4326
112320,1,29984,0,3596
112321,1,61086,0,4256
112322,1,51825,0,4707
112323,1,5061061,0,4988
112324,1,2054841,0,5088
112325,1,44254,0,3217
112326,1,53093,0,2818
112327,1,32854,0,1990
112328,1,160315,0,5073
112329,1,200802,0,4380
112330,1,39992,0,4317
112331,1,34211,0,3633
112332,1,47255,0,4762
112333,1,52002,0,2894
112334,1,28939,0,2418
112335,1,66684,0,4614
112336,1,65211,0,2674
112337,1,30026,0,4246
112338,1,56632,0,5052
112339,1,12374,0,4127
112340,1,45489,0,4341
112341,1,24884,0,2283
112342,1,32451,0,4424
112343,1,25806,0,2187
112344,1,32018,0,4123
112345,1,32529,0,1365
112346,1,63998,0,3212
112347,1,37728,0,3775
112348,1,50429,0,2968
112349,1,57407,0,3917
112350,1,166025,0,3026
112351,1,62757,0,2826
112352,1,46615,0,4634
112353,1,57772,0,3829
112354,1,28403,0,4339
112355,1,32919,0,4229
112356,1,21909,0,3927
112357,1,32648,0,1583
112358,1,30205,0,4864
112359,1,28734,0,4600
112360,1,44940,0,3967
112361,1,36117,0,3851
112362,1,33242,0,3181
112363,1,25024,0,3072
112364,1,30458,0,5056
112365,1,32059,0,1998
112366,1,37774,0,4196
112367,1,61977,0,4666
112368,1,28672,0,3160
112369,1,28517,0,1642
112370,1,26976,0,4404
112371,1,53402,0,2482
112372,1,88705,0,5194
112373,1,35009,0,4523
112374,1,37099,0,4108
112375,1,42560,0,4321
112376,1,24178,0,3775
112377,1,46108,0,3851
112378,1,38391,0,3426
112379,1,27148,0,2764
112380,1,49748,0,4708
112381,1,25441,0,4067
112382,1,52809,0,2408
112383,1,50749,0,4587
112384,1,38208,0,4788
112385,1,3085981,0,4384
112386,1,50964,0,4327
112387,1,34628,0,4264
112388,1,165810,0,4325
112389,1,170438,0,4731
112390,1,24528,0,1914
112391,1,28224,0,5115
112392,1,33682,0,3042
112393,1,141859,0,3027
112394,1,24398,0,3162
112395,1,54602,0,2299
112396,1,19792,0,4612
112397,1,166245,0,4562
112398,1,184694,0,4612
112399,1,52473,0,4596
112400,1,18275,0,4197
112401,1,54330,0,4116
112402,1,2737495,0,4061
112403,1,46263,0,2913
112404,1,62210,0,3956
112405,1,41580,0,4484
112406,1,40318,0,4075
112407,1,46199,0,3600
112408,1,3754438,0,4621
112409,1,5060630,0,3970
112410,1,48363,0,4204
112411,1,25221,0,3097
112412,1,54437,0,2749
112413,1,33552,0,3961
112414,1,36205,0,2200
112415,1,58798,0,1624
112416,1,634809,0,4579
112417,1,43144,0,4712
112418,1,44719,0,1680
112419,1,29067,0,1695
112420,1,24778,0,3259
112421,1,56015,0,4676
112422,1,51589,0,4134
112423,1,35952,0,4362
112424,1,24225,0,2855
112425,1,621830,0,4784
112426,1,42952,0,4734
112427,1,166472,0,4267
112428,1,24140,0,4632
112429,1,20429,0,3979
112430,1,33277,0,3550
112431,1,37950,0,2643
112432,1,35734,0,2069
112433,1,35405,0,3138
112434,1,62982,0,4537
112435,1,38331,0,3288
112436,1,52713,0,4152
112437,1,52106,0,4488
112438,1,47680,0,4628
112439,1,28313,0,2420
112440,1,170306,0,3862
112441,1,49893,0,3944
112442,1,27316,0,2270
112443,1,44930,0,3343
112444,1,60573,0,2443
112445,1,51419,0,3757
112446,1,31966,0,4167
112447,1,398368,0,4048
112448,1,3086622,0,4317
112449,1,51505,0,4408
112450,1,29220,0,3201
112451,1,58115,0,2443
112452,1,62286,0,4553
112453,1,29671,0,3999
112454,1,23002,0,4651
112455,1,51251,0,1532
112456,1,61553,0,2752
112457,1,52438,0,3937
112458,1,36361,0,3500
112459,1,24160,0,3420
112460,1,44166,0,1647
112461,1,53089,0,2159
112462,1,24472,0,4657
112463,1,27690,0,2841
112464,1,51431,0,2210
112465,1,2811901,0,3789
112466,1,45330,0,3786
112467,1,27468,0,3106
112468,1,45079,0,3269
112469,1,25408,0,3035
112470,1,41015,0,3574
112471,1,31708,0,2562
112472,1,58477,0,1335
112473,1,33234,0,1500
112474,1,25926,0,2544
112475,1,57081,0,4806
112476,1,30197,0,888
112477,1,19900,0,4528
112478,1,21475,0,4088
112479,1,39635,0,3881
112480,1,26390,0,2505
112481,1,970766,0,4447
112482,1,56334,0,1972
112483,1,31827,0,4022
112484,1,41629,0,3060
112485,1,29747,0,3172
112486,1,457110,0,4694
112487,1,54930,0,3469
112488,1,52307,0,2376
112489,1,24875,0,3558
112490,1,34310,0,4295
112491,1,51713,0,3079
112492,1,39728,0,2613
112493,1,33619,0,3122
112494,1,55228,0,3518
112495,1,38167,0,1243
112496,1,53657,0,2674
112497,1,3698338,0,4669
112498,1,2658983,0,3389
112499,1,62985,0,4006
112500,1,52536,0,4323
112501,1,57731,0,4530
112502,1,85951,0,3910
112503,1,34508,0,3069
112504,1,100097,0,4251
112505,1,33136,0,3060
112506,1,20250,0,1852
112507,1,44116,0,2738
112508,1,43931,0,1090
112509,1,23469,0,4457
112510,1,31653,0,2935
112511,1,22426,0,4426
112512,1,60972,0,2991
112513,1,155650,0,3110
112514,1,38150,0,1044
112515,1,29277,0,4156
112516,1,21518,0,4189
112517,1,38346,0,1841
112518,1,31058,0,4162
112519,1,39201,0,3519
112520,1,61611,0,2218
112521,1,30885,0,3958
112522,1,67628,0,2322
112523,1,38635,0,2553
112524,1,46682,0,3904
112525,1,25376,0,2906
112526,1,66478,0,4302
112527,1,48521,0,1279
112528,1,57205,0,2958
112529,1,51415,0,4075
112530,1,5061117,0,2370
112531,1,43690,0,2914
112532,1,65642,0,3229
112533,1,29745,0,2490
112534,1,53711,0,3526
112535,1,20562,0,3386
112536,1,56071,0,4399
112537,1,866844,0,4605
112538,1,420129,0,3396
112539,1,97144,0,2949
112540,1,59195,0,3745
112541,1,36555,0,2822
112542,1,35495,0,4262
112543,1,26312,0,4277
112544,1,21020,0,3166
112545,1,62397,0,3824
112546,1,822488,0,4426
112547,1,50613,0,2506
112548,1,2676822,0,4281
112549,1,3081765,0,4605
112550,1,36655,0,2466
112551,1,26451,0,4282
112552,1,3081781,0,4212
112553,1,31331,0,3607
112554,1,34428,0,4045
112555,1,25917,0,4497
112556,1,26051,0,2553
112557,1,817614,0,3679
112558,1,55388,0,2968
112559,1,59676,0,2928
112560,1,80172,0,2794
112561,1,46252,0,3179
112562,1,45901,0,2751
112563,1,2763301,0,3781
112564,1,59165,0,3065
112565,1,40475,0,2705
112566,1,24530,0,2316
112567,1,138879,0,4454
112568,1,20314,0,3823
112569,1,167518,0,2944
112570,1,2812719,0,4116
112571,1,30776,0,1847
112572,1,51995,0,2459
112573,1,23239,0,2609
112574,1,80974,0,4375
112575,1,62144,0,3296
112576,1,56682,0,2301
112577,1,35977,0,3630
112578,1,51935,0,4555
112579,1,37267,0,4256
112580,1,20835,0,2725
112581,1,67671,0,1342
112582,1,52991,0,3189
112583,1,60540,0,3522
112584,1,59782,0,2581
112585,1,32044,0,2308
112586,1,42431,0,1572
112587,1,139476,0,4056
112588,1,32660,0,3137
112589,1,60083,0,4230
112590,1,31467,0,3902
112591,1,51644,0,4290
112592,1,29478,0,3234
112593,1,58183,0,2503
112594,1,46126,0,1650
112595,1,56836,0,3960
112596,1,61276,0,3529
112597,1,182155,0,4243
112598,1,35266,0,1627
112599,1,23979,0,3545
112600,1,57580,0,3677
112601,1,32004,0,3673
112602,1,20626,0,3644
112603,1,28887,0,3176
112604,1,16027,0,2854
112605,1,23704,0,2606
112606,1,48756,0,4040
112607,1,30622,0,3789
112608,1,35883,0,3472
112609,1,25258,0,2681
112610,1,27197,0,3671
112611,1,32564,0,3062
112612,1,21252,0,4262
112613,1,41527,0,2398
112614,1,159073,0,3340
112615,1,35707,0,2926
112616,1,33097,0,2877
112617,1,55860,0,3822
112618,1,57574,0,3360
112619,1,53417,0,2124
112620,1,24588,0,2297
112621,1,61855,0,3104
112622,1,62752,0,2258
112623,1,50799,0,2919
112624,1,43742,0,3723
112625,1,60997,0,3798
112626,1,53035,0,3512
112627,1,25065,0,1005
112628,1,60259,0,3922
112629,1,27879,0,3451
112630,1,29281,0,3450
112631,1,1013976,0,3794
112632,1,56691,0,3858
112633,1,45345,0,3730
112634,1,28613,0,3810
112635,1,32183,0,1137
112636,1,35352,0,2547
112637,1,48953,0,1855
112638,1,27129,0,2853
112639,1,50183,0,2597
112640,1,45671,0,2377
112641,1,27083,0,4130
112642,1,41786,0,3739
112643,1,44433,0,2988
112644,1,27998,0,2200
112645,1,28492,0,2633
112646,1,40396,0,1291
112647,1,32207,0,1622
112648,1,27135,0,1234
112649,1,61274,0,3006
112650,1,24870,0,2284
112651,1,50970,0,2975
112652,1,24829,0,2532
112653,1,28010,0,2223
112654,1,47425,0,1868
112655,1,25563,0,4162
112656,1,57589,0,2954
112657,1,20214,0,2378
112658,1,36570,0,3187
112659,1,29085,0,2426
112660,1,141856,0,3862
112661,1,3531206,0,3588
112662,1,29956,0,4145
112663,1,54491,0,3302
112664,1,52315,0,2877
112665,1,2681954,0,3287
112666,1,2800866,0,4176
112667,1,54944,0,2193
112668,1,3094517,0,4253
112669,1,19750,0,2833
112670,1,49864,0,3889
112671,1,33571,0,3495
112672,1,49318,0,3349
112673,1,20115,0,3833
112674,1,3094365,0,4108
112675,1,31804,0,4112
112676,1,51902,0,2794
112677,1,96462,0,3882
112678,1,61469,0,2757
112679,1,53415,0,2650
112680,1,17159,0,2479
112681,1,27823,0,3651
112682,1,37795,0,3425
112683,1,34107,0,1777
112684,1,51697,0,3048
112685,1,46622,0,2943
112686,1,166899,0,1894
112687,1,55169,0,3390
112688,1,3096295,0,3987
112689,1,170346,0,3714
112690,1,33941,0,3338
112691,1,28085,0,3357
112692,1,25324,0,3410
112693,1,47493,0,1966
112694,1,37921,0,3347
112695,1,61230,0,1741
112696,1,51245,0,1638
112697,1,47728,0,1604
112698,1,49884,0,1731
112699,1,37325,0,2043
112700,1,59232,0,2900
112701,1,4076035,0,3623
112702,1,33560,0,3886
112703,1,26563,0,2881
112704,1,36146,0,3645
112705,1,52827,0,2873
112706,1,24063,0,2295
112707,1,44781,0,3681
112708,1,23723,0,3085
112709,1,25045,0,1763
112710,1,43785,0,3889
112711,1,64540,0,2764
112712,1,34445,0,2936
112713,1,49608,0,2232
112714,1,30420,0,3888
112715,1,51635,0,2846
112716,1,51344,0,1913
112717,1,23447,0,2975
112718,1,20446,0,2465
112719,1,52247,0,3472
112720,1,37148,0,3481
112721,1,39015,0,2998
112722,1,60837,0,3550
112723,1,36644,0,3272
112724,1,32774,0,1534
112725,1,22660,0,2308
112726,1,53519,0,2757
112727,1,29929,0,3912
112728,1,43679,0,2612
112729,1,36384,0,3490
112730,1,45311,0,2814
112731,1,59109,0,3056
112732,1,35165,0,3161
112733,1,56475,0,1747
112735,1,56537,0,2287
112736,1,56094,0,2279
112737,1,25467,0,3280
112738,1,25932,0,2604
112739,1,50356,0,2967
112740,1,24425,0,2239
112741,1,43703,0,3855
112742,1,170172,0,2932
112743,1,170170,0,2864
112744,1,35776,0,3598
112745,1,51036,0,3193
112746,1,100123,0,3112
112747,1,28902,0,2934
112748,1,28670,0,2515
112749,1,33225,0,1724
112750,1,56723,0,2048
112751,1,60356,0,3168
112752,1,24171,0,1153
112753,1,46360,0,3173
112754,1,46216,0,2649
112755,1,31370,0,2614
112756,1,51846,0,1602
112757,1,28590,0,1801
112758,1,56772,0,2778
112759,1,69472,0,1423
112760,1,57799,0,1532
112761,1,48959,0,1460
112762,1,48305,0,3754
112763,1,39366,0,2898
112764,1,37421,0,3466
112765,1,37352,0,2776
112766,1,50832,0,2115
112767,1,23148,0,2198
112768,1,30491,0,2871
112769,1,48034,0,2764
112770,1,23392,0,3619
112771,1,20611,0,2675
112772,1,11282,0,2469
112773,1,21850,0,3790
112774,1,50246,0,2034
112775,1,65702,0,2242
112776,1,47971,0,2458
112777,1,19397,0,2142
112778,1,26856,0,3377
112779,1,29435,0,3178
112780,1,48175,0,2622
112781,1,38580,0,1510
112782,1,30684,0,2513
112783,1,33108,0,3454
112784,1,29177,0,3163
112785,1,26501,0,1714
112786,1,39663,0,2845
112787,1,60934,0,2886
112788,1,23658,0,3090
112789,1,45278,0,2696
112790,1,21542,0,2457
112792,1,45241,0,2882
112793,1,55494,0,2133
112794,1,43458,0,2746
112795,1,90170,0,2083
112796,1,35754,0,2827
112797,1,61802,0,2567
112798,1,50666,0,2887
112799,1,49250,0,2525
112800,1,55967,0,2257
112801,1,61689,0,2859
112802,1,35058,0,2947
112803,1,85984,0,3016
112804,1,32681,0,2874
112805,1,55305,0,2726
112806,1,4076066,0,3015
112807,1,3094350,0,3531
112808,1,49939,0,3324
112809,1,34967,0,3008
112810,1,45552,0,2935
112811,1,23888,0,3152
112812,1,16423,0,842
112813,1,52396,0,2680
112814,1,31304,0,1326
112815,1,49308,0,1663
112816,1,26979,0,1976
112817,1,5060762,0,3143
112818,1,63165,0,2775
112819,1,56219,0,848
112820,1,32772,0,2244
112821,1,57586,0,3314
112822,1,166021,0,3402
112823,1,35569,0,2784
112824,1,69841,0,1977
112825,1,61658,0,2900
112826,1,35644,0,3158
112827,1,29321,0,3170
112828,1,46889,0,2276
112829,1,46535,0,1740
112830,1,28497,0,3171
112831,1,166546,0,2947
112832,1,55532,0,3340
112833,1,90359,0,2298
112834,1,3838243,0,2849
112835,1,52371,0,1702
112836,1,32302,0,1912
112837,1,28328,0,3232
112838,1,2691381,0,2202
112839,1,33766,0,2048
112840,1,32134,0,2320
112841,1,35608,0,1977
112842,1,62281,0,3195
112843,1,51830,0,2036
112844,1,51753,0,2565
112845,1,53861,0,2639
112846,1,46477,0,2403
112847,1,52741,0,1804
112848,1,97243,0,2586
112849,1,20894,0,1601
112850,1,26109,0,3048
112851,1,53217,0,2446
112852,1,55821,0,2069
112853,1,36542,0,2807
112854,1,50395,0,2447
112855,1,16402,0,1513
112856,1,48379,0,3077
112857,1,24490,0,2362
112858,1,47027,0,1398
112859,1,50588,0,2056
112860,1,4683991,0,1518
112861,1,4076691,0,2224
112862,1,32719,0,1326
112863,1,57611,0,2968
112864,1,202504,0,2852
112865,1,48260,0,2945
112866,1,32550,0,2438
112867,1,48392,0,2156
112868,1,21730,0,3019
112869,1,166322,0,2903
112870,1,36651,0,1985
112871,1,51767,0,2071
112872,1,47085,0,2789
112873,1,90146,0,3196
112874,1,17170,0,2141
112875,1,33375,0,1694
112876,1,29472,0,1293
112877,1,20395,0,1069
112878,1,54392,0,680
112879,1,51921,0,2602
112880,1,4080350,0,2660
112881,1,22414,0,2880
112883,1,37906,0,2133
112884,1,28559,0,2859
112885,1,54452,0,2095
112886,1,166900,0,1111
112887,1,26609,0,2129
112888,1,43141,0,1744
112889,1,47985,0,1781
112890,1,2768105,0,2248
112891,1,48917,0,1623
112892,1,34719,0,1829
112893,1,23998,0,2320
112894,1,52317,0,1842
112895,1,48690,0,2667
112896,1,36215,0,1386
112897,1,53500,0,1225
112898,1,54061,0,2578
112899,1,32153,0,1365
112900,1,50895,0,1256
112901,1,21976,0,2336
112902,1,65381,0,2405
112903,1,55515,0,1944
112904,1,34260,0,2312
112905,1,27466,0,2799
112906,1,58114,0,1624
112907,1,30591,0,2451
112908,1,25910,0,2356
112909,1,91742,0,2461
112910,1,32643,0,888
112911,1,61468,0,2260
112912,1,23646,0,2310
112913,1,51973,0,1602
112914,1,30569,0,2299
112915,1,35859,0,1893
112916,1,18557,0,1255
112917,1,60568,0,2121
112918,1,2793197,0,2395
112919,1,45597,0,2831
112920,1,60003,0,2084
112921,1,41392,0,1959
112922,1,18686,0,2086
112923,1,23660,0,2310
112924,1,52887,0,1991
112925,1,35621,0,2133
112926,1,29264,0,1825
112927,1,89976,0,1077
112928,1,31141,0,1618
112929,1,64454,0,1233
112930,1,35025,0,1664
112931,1,23762,0,2409
112932,1,50317,0,1280
112933,1,37860,0,1600
112934,1,33635,0,1788
112935,1,23291,0,1558
112936,1,50229,0,1902
112937,1,33615,0,1540
112938,1,28682,0,1539
112939,1,49965,0,2061
112940,1,44219,0,1875
112941,1,58827,0,864
112942,1,51400,0,1650
112943,1,49138,0,1507
112944,1,42020,0,1713
112945,1,36643,0,2126
112946,1,166680,0,2669
112948,1,37444,0,2259
112949,1,36933,0,2081
112950,1,49923,0,1478
112951,1,25513,0,2329
112952,1,64187,0,2234
112953,1,53463,0,1952
112954,1,26218,0,1934
112955,1,60879,0,1742
112956,1,55694,0,2127
112957,1,46589,0,2273
112958,1,2816665,0,2408
112959,1,18299,0,1561
112960,1,22947,0,2482
112961,1,25332,0,2371
112962,1,18960,0,1478
112963,1,48785,0,2011
112964,1,37928,0,1272
112965,1,39748,0,1752
112966,1,54324,0,2486
112967,1,20044,0,2173
112968,1,24253,0,2181
112969,1,51984,0,2459
112971,1,46671,0,1196
112972,1,25257,0,2315
112973,1,20885,0,1767
112974,1,57627,0,2397
112975,1,45596,0,1732
112976,1,27026,0,2336
112977,1,57723,0,1073
112978,1,19789,0,1494
112979,1,19867,0,1219
112980,1,33118,0,2131
112981,1,51957,0,1918
112982,1,55853,0,1236
112984,1,165693,0,1306
112985,1,29366,0,1409
112986,1,46110,0,1980
112987,1,30630,0,1720
112988,1,61353,0,1644
112989,1,31278,0,1218
112990,1,25063,0,2283
112991,1,19813,0,1407
112992,1,29216,0,1375
112993,1,50807,0,1724
112994,1,36653,0,2084
112995,1,28259,0,1803
112996,1,21396,0,180
112997,1,29128,0,740
112998,1,14673,0,1650
112999,1,34015,0,1962
113000,1,3093997,0,2044
113001,1,35560,0,2016
113002,1,37912,0,1883
113003,1,32610,0,1326
113004,1,57886,0,905
113005,1,37339,0,1513
113006,1,57098,0,2051
113007,1,24545,0,1412
113008,1,31945,0,1656
113009,1,30263,0,1603
113010,1,160812,0,1928
113011,1,22969,0,1568
113012,1,31285,0,1803
113013,1,36238,0,1554
113014,1,90183,0,1639
113015,1,33953,0,1819
113016,1,34692,0,1407
113017,1,170179,0,1825
113018,1,59093,0,2109
113019,1,17736,0,1066
113021,1,95590,0,1663
113022,1,31671,0,958
113023,1,34556,0,1464
113024,1,59083,0,955
113025,1,54685,0,1505
113026,1,57997,0,1875
113027,1,35206,0,1360
113028,1,49353,0,1084
113029,1,28928,0,1723
113030,1,42704,0,1256
113031,1,57261,0,1460
113032,1,22525,0,627
113033,1,23040,0,581
113034,1,34353,0,950
113036,1,26713,0,1453
113037,1,44876,0,1549
113038,1,60291,0,1117
113039,1,51685,0,1518
113040,1,36716,0,1662
113041,1,60778,0,1406
113042,1,32103,0,1112
113043,1,36355,0,1261
113044,1,63552,0,628
113046,1,47577,0,1288
113047,1,31760,0,1332
113048,1,170228,0,1252
113049,1,30322,0,1321
113050,1,28636,0,1125
113051,1,23301,0,1406
113052,1,28381,0,1255
113053,1,30560,0,1043
113054,1,37723,0,1051
113055,1,55419,0,709
113056,1,41066,0,942
113057,1,59386,0,1075
113058,1,6676,0,1107
113059,1,42408,0,259
113060,1,38113,0,1241
113061,1,60920,0,1299
113062,1,15967,0,941
113063,1,168205,0,1007
113064,1,23110,0,688
113065,1,32543,0,920
113066,1,57699,0,1103
113067,1,17738,0,1118
113068,1,42429,0,1388
113069,1,49050,0,591
113070,1,41323,0,1179
113071,1,45858,0,1098
113072,1,31122,0,839
113073,1,55165,0,459
113074,1,40596,0,586
113075,1,38244,0,850
113076,1,41326,0,723
113077,1,32364,0,1081
113078,1,39432,0,722
113079,1,27602,0,964
113080,1,35856,0,405
113081,1,23071,0,692
113082,1,20298,0,535
113084,1,41620,0,744
113085,1,29428,0,886
113086,1,47368,0,322
113087,1,50073,0,740
113088,1,61239,0,594
113089,1,62077,0,381
113090,1,17057,0,586
113091,1,23324,0,188
113092,1,92492,0,289
113093,1,39346,0,82
113094,1,16957,0,73
113095,1,21817,0,7
113096,3,20456,361,17208
113097,2,20499,118,13794
120002,39,40001,331,2567
120005,18,37219,505,7209
120017,17,20254,274,5999
120065,3,42038,290,1420
121002,3,38950,37,1659
122002,1,41317,0,2792
123002,2,40564,11,2497
124002,2,42199,11,2208
125002,3,43998,133,3001
126002,1,42174,0,1377
127002,1,41958,0,1501
128002,1,42336,0,1413
130002,9,38890,205,2531
130065,3,43451,89,1435
131002,1,43601,0,2112
135002,1,42797,0,1680
136002,1,44017,0,3133
140002,8,40375,139,1463
140065,1,39158,0,1363
150002,2,42741,77,1398
151002,1,43254,0,1340
160002,11,42734,118,1150
170002,4,41789,48,2097
180002,2,42847,18,2996
190002,3,41101,130,1332
200001,180,12429,962,5281
200002,167,57612,957,5118
200003,63,6962,520,4687
200004,66,62407,473,4501
200005,48,4224,432,4900
200006,47,5098,424,4626
200007,54,15524,529,10106
200008,26,68668,448,5542
220008,17,68434,389,5610
200009,52,66047,916,14434
200010,46,10959,683,5247
200011,43,5324,460,5083
200012,44,11188,628,7227
200013,54,9201,656,5597
200014,39,17893,898,12574
200015,49,12651,301,1362
200016,36,71985,663,9282
220016,12,72328,231,7284
200017,43,75312,754,8911
200018,32,4149,593,6899
200019,32,66039,377,8351
200020,18,10812,621,8581
220020,8,2301416,317,7634
200021,29,9383,554,10292
200022,28,64041,475,4795
200023,30,15406,401,4502
200024,26,18906,586,8249
200025,26,14959,429,6032
200026,26,19085,1251,16166
200027,25,15931,791,11106
200028,26,18618,1078,13270
200029,23,5061116,646,9934
200030,22,3099295,1610,15237
200031,22,72441,449,8401
200032,22,63976,386,5813
200033,25,72642,1582,15300
200034,21,11384,696,9404
200035,21,63881,302,5753
200036,20,69187,709,10280
200037,21,1194,380,6611
200038,22,69260,353,6370
200039,20,62951,299,4227
200040,19,9462,522,9483
200041,21,10302,474,4788
220041,11,9795,193,4533
200042,20,2207070,344,9287
200043,18,3342,785,13254
200044,18,69385,524,8294
200045,18,1351,274,5505
200046,18,11105,553,9677
200047,17,14467,440,5317
200048,17,1479736,436,9056
200049,16,13424,722,10922
200050,16,96024,591,10120
200051,16,20122,572,13318
200052,16,9997,512,6449
200053,16,2362,389,4825
200054,16,14765,223,1232
200055,16,66219,746,10567
200056,15,70934,657,11640
200057,22,200208,619,14318
200058,15,10591,522,9263
200059,15,14880,281,3607
200060,15,65807,241,4863
200061,15,16219,226,4511
200062,15,71090,213,5048
200063,15,13505,196,1710
200064,14,3442281,669,11397
200065,14,6796,589,11009
200066,14,68286,407,6125
200067,14,15655,384,9276
200068,14,6929,364,6866
200069,14,2651,335,8260
200070,14,3455,327,4819
200071,18,16420,338,4481
200072,14,70960,258,6672
200073,14,68482,204,4213
200074,15,65980,962,10996
200075,13,71054,500,12143
200076,13,616,453,11545
200077,13,431994,435,12922
200078,13,70855,430,7102
200079,13,4829,416,6411
200080,13,13613,307,12787
200081,13,4423,285,5530
200082,13,11061,246,8841
200083,13,62870,199,3330
200084,13,13814,193,3946
200085,12,64509,550,15222
200086,12,16315,427,9690
200087,12,75184,411,13041
200088,12,26956,374,2776
200089,12,18204,342,14570
200090,12,15957,342,10265
200091,12,17981,336,10330
200092,16,71121,306,3043
200093,12,66009,310,7213
200094,12,59108,298,4818
200095,12,67496,284,11507
200096,12,13866,282,5142
200097,18,69970,225,6419
200098,12,9642,204,6341
200099,12,64192,204,2744
200100,12,13419,195,1498
200101,11,14655,865,12452
200102,11,72297,838,11672
200103,11,71343,624,12700
200104,11,3343,527,8025
200105,4,12381,144,8222
200106,11,7748,475,12813
200107,11,11837,446,10252
200108,11,382,386,10668
200109,11,4290,371,8291
200110,11,10707,354,6906
200111,11,66116,343,8943
200112,23,9260,620,10144
200113,11,19619,278,2305
200114,11,13746,258,5054
200115,11,71541,252,4735
200116,11,11742,246,8825
200117,11,67883,142,2294
200118,10,13641,1446,19628
200119,10,15373,1099,18197
200120,10,65899,730,13512
200121,10,70383,627,11384
200122,24,9215,566,10952
200123,10,69825,473,7202
200124,10,1889,431,12082
200125,13,19386,476,10078
200126,10,11647,412,4422
200127,10,2372,396,11726
200128,10,67124,376,9745
200129,10,16852,365,8248
200130,10,68764,360,11909
200131,10,64447,329,4059
200132,10,14547,289,5436
200133,10,14709,278,6243
200134,10,62925,220,5349
200135,10,3442011,180,8567
200136,10,14384,176,6273
200137,18,12666,342,4887
200138,10,12805,168,5860
200139,10,12838,163,1469
200140,10,7584,148,4988
200141,10,20556,111,3360
200142,9,392348,1882,19321
200143,9,12908,1755,19106
200144,11,14313,1468,17924
200145,9,11443,507,9669
200146,9,1504501,460,5627
200147,9,4305,424,12451
200148,9,3482,403,14389
200149,9,14067,363,9941
200150,9,11070,360,7742
200151,9,70255,358,12354
200152,9,72408,335,6380
200153,9,3687,316,5500
200154,9,7369,302,4575
200155,9,16971,299,4931
200156,9,89171,286,8292
200157,11,64317,248,5538
200158,9,10891,262,6817
200159,9,70124,256,7320
200160,9,20047,241,2292
200161,9,72605,220,8016
200162,14,10015,281,4324
200163,9,64939,197,5750
200164,9,5222,171,2166
200165,9,6104,170,6501
200166,9,6415,168,5074
200167,9,70728,167,7893
200168,9,72744,166,6663
200169,8,15823,1271,21754
200170,8,67113,986,18165
200171,8,2453273,862,11719
200172,8,68924,735,17680
200173,12,70628,682,12076
200174,8,17130,550,10538
200175,10,5061272,430,13330
200176,8,5987,457,12158
200177,8,8327,455,14110
200178,8,1570611,437,5619
200179,8,62674,417,15395
200180,8,2390759,407,14638
200181,8,2180232,381,11286
200182,8,16290,379,9079
200183,8,13219,370,5963
200184,8,5283,351,5073
200185,8,5827,346,8848
200186,8,67988,299,5287
200187,8,2604,287,4909
200188,8,14758,283,9216
200189,8,10264,267,9188
200190,8,63587,262,5658
200191,8,10533,257,7376
200192,8,18592,255,11829
200193,8,65375,253,3698
200194,8,9486,240,5258
200195,8,12083,218,5087
200196,8,974,198,4977
200197,10,6673,329,4880
200198,8,10174,194,6145
200199,8,70445,190,7240
200200,8,64945,187,5642
200201,12,10228,351,7646
200202,8,59158,168,4877
200203,8,4376,160,5150
200204,8,15975,135,4789
200205,8,9379,134,3959
200206,8,16493,133,3907
200207,8,5663,81,1618
200208,8,9843,78,1253
200209,8,71001,61,1339
200210,7,221284,1492,16432
200211,7,196466,1442,16233
200212,7,1645105,1208,18813
200213,7,5060689,1020,16058
200214,7,343838,953,13752
200215,7,248430,786,17677
200216,7,17270,742,11710
200217,7,2561,680,19363
200218,7,211,635,10520
200219,7,8839,529,10738
200220,7,71862,488,12310
200221,7,5061125,479,12327
200222,7,76820,459,13204
200223,7,70477,437,10732
200224,7,18182,404,10018
200225,7,706,397,9808
200226,7,69380,395,9509
200227,7,67703,384,8540
200228,11,63247,420,7231
200229,7,3902,376,16862
200230,7,18926,375,11896
200231,7,64450,367,5257
200232,7,64961,348,9106
200233,7,10308,340,9226
200234,7,18730,338,11387
200235,7,60379,337,4937
200236,7,18393,336,8206
200237,7,70683,328,6565
200238,7,69088,326,10215
200239,7,71296,324,11532
200240,7,14228,323,5554
200241,7,67729,321,6620
200242,7,18482,320,11488
200243,7,11879,315,6003
200244,7,62391,314,11020
200245,7,14187,300,10524
200246,7,71043,298,17043
200247,7,19546,293,9835
200248,7,68534,274,7513
200249,7,69055,273,4737
200250,7,5984,272,4664
200251,7,4908,252,6841
200252,7,11749,251,8581
200253,7,18514,243,9259
200254,10,11869,303,8365
200255,7,62722,232,4328
200256,7,60796,225,4688
200257,7,10266,217,1102
200258,7,5278,216,5979
200259,8,7252,189,5144
200260,7,12582,198,6137
200261,7,7054,196,5877
200262,7,8013,196,4645
200263,7,64913,194,8134
200264,7,791,193,7975
200265,7,67833,190,7853
200266,7,61906,190,3529
200267,7,8498,189,13157
200268,7,66503,185,7999
200269,7,8249,181,11075
200270,7,2131,179,5647
200271,7,9426,169,4440
200272,7,10863,165,10011
200273,7,3847,161,9191
200274,7,15831,158,4623
200275,7,73150,155,4976
200276,9,72233,160,8940
200277,7,4325,151,4952
200278,7,16386,143,3953
200279,7,65182,141,8205
200280,7,2195826,123,10175
200281,7,21373,99,1529
200282,6,2340610,2254,20595
200283,6,128180,2202,21414
200284,6,4117,1538,16874
200285,8,64210,1548,17396
200286,6,66486,1098,17576
200287,6,72316,998,16391
200288,6,2793281,882,19745
200289,6,3306,863,16446
200290,6,61002,773,15329
200291,6,1691,734,15258
200292,6,953542,648,19708
200293,6,17881,608,11405
200294,6,455764,573,12601
200295,7,72223,579,12157
200296,6,130273,568,21536
200297,6,71325,552,12569
200298,6,72623,524,12001
200299,6,6491,496,12838
200300,7,72595,507,16720
200301,6,16506,465,14037
200302,6,16293,464,11781
200303,6,69365,462,11450
200304,6,68296,451,11088
200305,6,17867,450,15626
200306,6,4060,446,13111
200307,6,67524,433,8411
200308,6,261,423,13350
200309,6,10374,408,9381
200310,6,16966,399,10219
200311,6,12247,398,9174
200312,6,66386,384,14733
200313,6,863332,384,11193
200314,6,63,371,8590
200315,6,3084875,363,11307
200316,6,68724,363,4748
200317,6,68991,358,7364
200318,6,87323,352,18134
200319,6,1037,339,5278
200320,6,68132,338,9419
200321,6,65138,334,7862
200322,6,19126,334,7413
200323,6,3708581,323,11521
200324,6,10573,309,8749
200325,6,17443,308,14789
200326,6,66694,299,5169
200327,6,3628333,297,6248
200328,6,13898,293,12214
200329,6,11637,292,8673
200330,6,1393895,288,8176
200331,6,66549,278,2094
200332,6,131489,273,12615
200333,6,213320,270,5668
200334,6,9932,266,6207
200335,6,812005,265,15143
200336,6,16401,253,5511
200337,6,29311,253,2010
200338,6,133398,247,18734
200339,6,3088064,243,17790
200340,6,70149,233,9786
200341,6,70196,232,5103
200342,6,17464,231,11091
200343,6,66159,229,13252
200344,7,70872,215,4261
200345,6,73032,228,13544
200346,6,10088,223,8714
200347,6,63541,223,5881
200348,6,5128,215,5656
200349,6,1085650,214,10676
200350,6,62894,211,11447
200351,6,167421,208,5021
200352,11,62241,173,5599
200353,6,66708,204,4928
200354,6,16006,202,4454
200355,6,65686,193,15442
200356,6,71274,188,3877
200357,6,8021,184,12946
200358,6,5061115,176,9588
200359,6,16950,176,8627
200360,6,8501,174,11144
200361,6,70090,173,1411
200362,6,67586,171,8754
200363,6,65799,156,8438
200364,6,65371,156,6912
200365,7,6848,147,2601
200366,6,66313,147,4799
200367,6,68165,142,1601
200368,6,6081,138,6325
200369,6,66104,138,5021
200370,6,67023,135,3034
200371,6,13182,132,3916
200372,6,17860,130,3094
200373,6,679,123,4618
200374,6,7857,120,4841
200375,6,8399,119,7731
200376,6,15342,116,3622
200377,6,7475,113,4787
200378,6,66183,112,9207
200379,6,69714,112,3219
200380,6,2298,111,5132
200381,6,14932,58,9323
200382,5,170378,2401,20014
200383,5,134336,2400,19322
200384,5,1495960,1808,20005
200385,6,66929,1824,18540
200386,10,4635,1655,19824
200387,5,133744,1596,18587
200388,5,837443,1555,20068
200389,5,571,1206,18912
200390,5,891118,1005,21982
200391,5,19098,996,15538
200392,5,5355,853,15440
200393,5,165945,657,14862
200394,5,65721,656,12579
200395,5,168084,625,14314
200396,5,2495,594,12468
200397,5,12044,586,11996
200398,11,20731,544,8899
200399,5,2038517,562,12799
200400,5,128992,532,12122
200401,5,204981,523,8737
200402,5,71884,521,17234
200403,5,16128,511,9566
200404,5,2097,502,19801
200405,5,484164,502,14712
200406,5,69849,499,15624
200407,5,72208,497,11095
200408,8,13533,411,13892
200409,5,449,443,10335
200410,5,19378,440,11920
200411,5,3080764,416,11951
200412,5,3706390,412,13804
200413,5,14220,411,15274
200414,5,10494,392,12756
200415,5,3688121,383,8378
200416,5,15853,378,12678
200417,5,65794,375,9398
200418,5,12829,373,11288
200419,5,71028,372,9512
200420,5,17536,369,7065
200421,5,2419200,366,9153
200422,7,85146,876,16078
200423,5,137157,359,12400
200424,5,3674997,358,9190
200425,5,72458,356,12964
200426,5,1906,346,8016
200427,5,9817,338,13204
200428,5,19481,336,6667
200429,5,10797,325,9699
200430,5,8120,320,6210
200431,5,266763,318,22000
200432,6,5061181,389,11451
200433,5,65965,312,8498
200434,7,14787,418,15705
200435,5,66326,306,9457
200436,5,128973,299,16825
200437,5,4077496,298,10270
200438,5,7331,297,5099
200439,5,15191,296,9234
200440,5,1083,295,7604
200441,5,97449,292,17763
200442,5,237369,292,13040
200443,5,70701,292,11785
200444,5,1244529,290,9964
200445,5,3095684,289,5610
200446,5,4992,287,7859
200447,5,2162879,284,17573
200448,5,8012,278,6095
200449,5,5061198,277,11509
200450,6,70042,258,5261
200451,5,1513,262,11023
200452,5,72927,259,6770
200453,5,66028,248,9588
200454,5,127237,245,10626
200455,5,69798,245,8328
200456,5,64331,243,5842
200457,5,17570,241,11253
200458,5,337502,241,11360
200459,5,138817,238,13260
200460,5,8617,238,8044
200461,5,18354,234,4479
200462,5,11868,234,4824
200463,5,47660,209,2741
200464,5,17571,232,7244
200465,5,72788,230,5002
200466,5,11513,225,11127
200467,5,13473,223,4934
200468,5,254972,221,22312
200469,6,134228,366,10830
200470,5,1736,219,6143
200471,5,67945,211,7908
200472,5,9399,210,5050
200473,5,62589,209,2723
200474,5,5061144,206,5311
200475,5,14833,198,5351
200476,5,16709,194,1106
200477,5,68242,193,12271
200478,5,66477,193,5066
200479,5,10489,190,7230
200480,5,1628512,188,5398
200481,10,3467,247,5122
200482,5,18197,185,11459
200483,5,25313,185,6638
200484,5,2819,184,4750
200485,5,3088095,183,6307
200486,5,71234,180,5752
200487,5,130040,177,16417
200488,5,313490,173,12703
200489,5,90341,172,7378
200490,5,66193,168,9122
200491,5,11173,166,7600
200492,5,73071,166,8862
200493,5,4666551,163,6838
200494,5,63384,162,13882
200495,5,1791,162,3917
200496,5,3338,160,8534
200497,5,1851,159,1363
200498,5,12052,158,11386
200499,7,12237,167,8495
200500,5,19014,155,7392
200501,5,65755,153,5643
200503,5,11659,152,5656
200504,5,63214,151,3242
200505,5,70213,150,1764
200506,5,8228,148,3745
200507,5,14638,148,1205
200508,5,8381,147,8020
200509,5,15914,147,4781
200510,5,5060476,143,7996
200511,5,170056,142,10221
200512,5,2793389,140,5439
200513,5,1653645,136,7146
200514,5,19778,135,4405
200515,5,66179,134,5707
200516,5,11230,130,2881
200517,5,981413,129,6785
200518,5,8372,128,4321
200519,5,66299,125,9518
200520,5,17102,125,5107
200521,5,65380,117,7682
200522,5,4682629,115,6852
200523,5,14650,113,6233
200524,5,61702,109,6076
200525,5,18945,108,9481
200526,5,9728,108,8993
200527,5,9861,108,4448
200528,5,66176,101,4696
200529,5,12975,99,7309
200530,5,3833,97,5007
200531,5,15173,97,4530
200532,5,62243,92,5895
200533,5,72387,89,4913
200534,5,2949,88,3702
200535,5,19260,85,7065
200536,5,66530,85,3149
200537,5,4707,84,5739
200538,5,64813,78,6353
200539,5,67262,75,5383
200540,5,10198,72,10410
200541,5,10129,72,4526
200542,5,415,68,7374
200543,5,71537,63,9914
200544,5,71831,60,5400
200545,5,68057,56,2839
200546,5,13199,52,9525
200547,4,12149,1903,21134
200548,4,93961,1504,21553
200549,4,132197,1304,19552
200550,4,13789,862,18478
200551,4,5060667,774,22501
200552,4,5245,754,14679
200553,4,4748,734,14191
200554,4,173265,724,21751
200555,4,18246,716,11501
200556,4,63909,685,15249
200557,4,3707742,679,12174
200558,4,3582,654,16826
200559,4,67006,640,18309
200560,4,67371,632,18311
200561,4,65435,594,14919
200562,4,255101,562,18957
200563,4,3089402,561,16430
200564,4,68751,559,17231
200565,4,5061036,519,13255
200566,4,95569,518,15262
200567,4,5061265,508,18728
200568,4,3324,500,17123
200569,4,10593,486,11282
200570,6,12366,565,17295
200571,4,68847,452,8441
200572,7,66034,403,8604
200573,4,2042,413,17276
200574,4,17233,408,14896
200575,4,16336,400,10626
200576,4,4451,399,8751
200577,4,6881,394,10217
200578,4,3442282,374,10090
200579,4,66473,371,8874
200580,4,3691155,367,12541
200581,4,64831,363,5969
200582,4,5061119,360,12799
200583,4,3080884,354,17386
200584,4,10502,350,6852
200585,4,101235,336,12821
200586,4,68667,335,12420
200587,4,63388,335,11209
200588,4,15090,331,9465
200589,4,4061,330,5552
200590,4,3141,324,11272
200591,4,63985,324,6629
200592,4,7002,322,8424
200593,4,5192,320,9785
200594,4,71558,319,6688
200595,4,19999,318,8422
200596,4,5233,317,11199
200597,4,65415,317,8256
200598,4,1371560,316,8390
200599,4,4316,313,10215
200600,4,2948,313,7992
200601,4,14,311,11820
200602,4,9585,308,9394
200603,4,7468,303,7774
200604,4,2801221,301,8243
200605,4,5737,298,13053
200606,4,66776,298,9620
200607,4,21430,297,13113
200608,4,65268,296,12568
200609,4,12415,294,7402
200610,4,15686,292,11361
200611,4,140,290,8002
200612,4,5061240,289,14256
200613,4,66852,286,10858
200614,4,3697878,282,16047
200615,4,9015,281,14883
200616,4,5060587,281,13069
200617,4,5061218,280,14160
200618,4,66374,278,13566
200619,4,5,276,10075
200620,4,16633,275,9733
200621,4,16508,270,3945
200622,4,12262,269,6635
200623,4,1431307,267,12271
200624,4,10608,267,4701
200625,4,178703,264,15027
200626,4,5924,263,5609
200627,4,64700,263,6866
200628,4,66785,261,9292
200629,4,68152,260,6934
200630,4,72264,254,14832
200631,4,128728,253,10838
200632,4,100056,252,10711
200633,4,3921670,250,12887
200634,4,19317,247,7974
200635,4,1542179,246,8246
200636,4,338809,245,15097
200637,4,1469692,245,11985
200638,4,16788,245,4845
200639,4,3087616,242,12382
200640,4,9124,242,9279
200641,4,65850,242,9347
200642,4,18016,239,9997
200643,4,75476,238,10201
200644,4,42119,238,7473
200645,4,21606,236,5460
200646,4,896,234,6919
200647,4,71035,233,8786
200648,4,66227,233,8712
200649,4,64759,231,4279
200650,4,19219,230,7504
200651,4,18153,230,8157
200652,6,980804,243,11877
200653,4,4227,229,5815
200654,4,130016,226,11629
200655,4,11797,224,9846
200656,4,63275,222,12237
200657,4,70830,222,4631
200658,4,1279224,221,11073
200659,4,64883,219,6874
200660,4,12953,218,12655
200661,4,70401,217,14337
200662,4,16728,216,11968
200663,4,12231,216,8547
200664,4,172,213,8806
200665,4,4515,213,6911
200666,4,6116,207,5325
200667,4,16017,202,9014
200668,4,15635,202,4720
200669,4,10444,202,6758
200670,4,3089131,201,11171
200671,4,14040,200,5646
200672,4,64127,198,5588
200673,4,68462,197,5073
200674,4,16013,193,8277
200675,4,72953,192,8514
200676,4,3513,191,11952
200677,4,72584,191,9023
200678,4,5437,188,14537
200679,4,601242,187,6417
200680,6,65824,170,13249
200681,4,2547,185,5230
200682,4,179138,182,11981
200683,4,9041,182,4985
200684,4,72139,179,6522
200685,4,10100,178,8204
200686,4,3087230,178,5678
200687,4,26592,177,3153
200688,4,9141,173,9976
200689,4,7084,172,4871
200690,4,13707,171,4746
200691,4,20514,169,2385
200692,4,64079,168,8153
200693,4,3082827,168,6806
200694,4,15941,168,1332
200695,4,21827,167,9043
200696,4,1427332,166,14967
200697,4,75,166,11872
200698,4,2287224,165,9466
200699,4,14653,165,3888
200700,4,574,165,4930
200701,4,983,164,5199
200702,4,3651,163,6657
200703,4,69724,161,5003
200704,4,63344,161,4197
200705,4,2466,156,7010
200706,4,10766,156,5115
200707,4,59216,156,2779
200708,4,71687,155,8414
200709,7,9650,137,8393
200710,4,61679,153,5183
200711,4,15421,150,10307
200712,7,3094739,150,5090
200713,4,68526,146,10589
200715,4,16263,145,9004
200716,4,2894,144,7220
200717,4,65428,144,5863
200718,4,62765,143,5662
200719,4,60582,142,5228
200720,4,19865,141,9267
200721,4,10944,141,7528
200722,4,4615,138,10617
200723,4,12431,136,1534
200724,4,961820,135,10238
200725,4,13859,133,6489
200726,4,3972942,132,10031
200727,4,14822,132,5417
200728,4,1311572,132,5855
200729,4,66053,131,8528
200730,4,64728,131,4620
200731,4,16659,130,12995
200732,4,100090,130,6207
200733,4,204637,129,5909
200734,4,6511,129,5231
200735,4,2029,129,5113
200736,4,70494,128,10119
200737,4,69892,128,8291
200738,4,3691637,128,5691
200739,4,69782,127,8553
200740,4,9800,126,4435
200741,4,5838,126,4464
200742,4,71175,125,8839
200743,4,16062,125,4678
200744,4,69783,124,6622
200745,4,5502,122,10349
200746,4,14199,122,5736
200747,4,5778,122,5091
200748,4,14474,121,5654
200749,4,17436,121,1799
200750,4,5657,120,5631
200751,5,10713,301,6382
200752,4,16625,119,7483
200753,4,70094,118,1428
200754,4,1819263,117,10795
200755,4,11484,116,4732
200756,4,6406,114,5204
200757,4,62721,114,4655
200758,4,4500,113,13532
200759,4,67145,113,8575
200760,4,15005,112,9321
200761,4,11924,109,6372
200762,4,66407,109,3756
200763,4,979067,108,10479
200764,4,62726,108,6446
200765,4,63625,108,4520
200766,4,17296,108,1265
200767,4,71374,107,10491
200768,4,69889,107,4478
200769,4,71676,107,4452
200770,4,71504,106,8524
200771,4,8258,106,3708
200772,4,11425,105,4808
200773,4,256320,105,8454
200774,4,10488,105,1189
200775,4,11545,104,3793
200776,4,17105,102,8553
200777,4,7560,101,4691
200778,4,64444,93,9255
200779,4,63753,93,5843
200780,4,9754,91,9790
200781,4,3096934,90,19167
200782,4,72117,90,5959
200783,4,8581,89,4730
200784,4,8775,87,3592
200785,4,6861,87,5111
200786,4,109,87,4557
200787,4,1910,86,7201
200788,4,6759,86,3338
200789,4,207879,84,8773
200790,4,824430,83,12426
200791,4,14168,81,5888
200792,4,7019,80,8989
200793,4,3080642,79,11936
200794,4,68748,78,6348
200795,4,2563,76,7133
200796,4,18223,74,8653
200797,7,64746,90,5814
200798,4,11638,71,2487
200799,4,16640,70,5008
200800,4,18283,65,8619
200801,4,204574,64,7150
200802,4,7644,64,4371
200803,5,71559,53,12409
200804,4,16044,58,2763
200805,4,8606,56,8855
200806,4,11617,54,2553
200807,4,10123,54,391
200808,4,69449,52,7213
200809,4,5909,50,10547
200810,4,14752,49,4961
200811,4,4946,46,2011
200812,4,14782,43,9051
200813,4,507607,33,12620
200814,4,71993,27,3710
200815,3,11232,2099,21775
200816,3,67234,1959,18960
200817,3,72575,1572,19365
200818,3,1005527,1531,18142
200819,3,2091337,1423,22254
200820,3,2129383,1272,19128
200821,4,97068,1134,19193
200822,3,18887,1225,16485
200823,3,296553,1198,21259
200824,3,1594053,1175,16828
200825,3,85882,1172,19197
200826,6,19556,776,16549
200827,3,165403,1122,19259
200828,3,869645,1115,15885
200829,3,209837,1114,19192
200830,3,100551,1086,19915
200831,3,1148102,982,17367
200832,3,1433,955,15646
200833,3,191829,912,17727
200834,3,1135919,885,17227
200835,3,5060675,876,16954
200836,3,2048533,872,18786
200837,3,2213437,844,15620
200838,3,4071,819,16415
200839,3,222805,768,16956
200840,3,3097242,759,11226
200841,3,3214,757,13009
200842,3,4621094,750,21649
200843,5,4621045,813,14575
200844,3,1254694,719,21224
200845,3,5704,715,16423
200846,3,164664,696,18791
200847,3,76489,688,12863
200848,3,15827,685,13022
200849,5,134447,875,18258
200850,3,244621,677,22430
200851,3,128757,667,18878
200852,3,6260,637,11232
200853,3,165992,635,14873
200854,3,68918,634,13103
200855,3,65891,622,15522
200856,3,3953884,617,15783
200857,3,17286,579,16538
200858,4,14677,681,17930
200859,3,67223,571,15899
200860,3,2286468,571,13000
200861,3,229973,560,22927
200862,3,2264105,558,12115
200863,3,600879,554,18077
200864,10,7894,549,7057
200865,3,12997,534,12274
200866,3,2800918,529,15824
200867,3,4370,522,13801
200868,3,3091040,519,11943
200869,3,3098750,511,12609
200870,3,8575,506,18157
200871,3,3611558,493,20512
200872,3,2824793,493,17717
200873,3,67942,481,14192
200874,3,2513233,481,11589
200875,3,844262,479,10102
200876,3,75271,473,13016
200877,3,6326,471,10673
200878,3,4079,469,12181
200879,3,15081,462,12182
200880,4,135205,384,12547
200881,3,5061166,447,12435
200882,3,2073722,442,13599
200883,3,147099,436,13478
200884,3,101206,435,9816
200885,3,6004,427,12148
200886,3,744979,419,10983
200887,3,8086,418,11663
200888,3,932448,411,12852
200889,3,15733,410,9216
200890,3,3705048,406,11172
200891,3,15991,405,13435
200892,3,135113,402,12664
200893,3,66283,399,9211
200894,3,7749,397,20467
200895,3,7127,397,9129
200896,3,16545,388,17094
200897,3,64625,380,8216
200898,3,442839,377,12691
200899,3,67478,375,8065
200900,3,72562,374,15030
200901,3,16973,371,9390
200902,3,19005,364,11496
200903,3,19872,364,9631
200904,3,2082256,363,19730
200905,3,18576,361,15612
200906,3,15374,361,9932
200907,3,5413,361,9832
200908,3,64019,360,7532
200909,3,65760,359,9040
200910,3,21243,357,5148
200911,3,1038021,354,9751
200912,3,66146,352,7877
200913,3,63186,350,7580
200914,3,100430,349,22721
200915,3,59177,349,13301
200916,3,3663753,349,6709
200917,3,168134,345,11827
200918,3,4487,343,13745
200919,4,14917,331,9281
200920,3,58663,341,14720
200921,3,216025,341,13823
200922,3,207106,340,13501
200923,3,906358,335,8467
200924,3,2763,333,17065
200925,3,272245,332,13463
200926,3,1426264,332,11333
200927,3,405395,328,12291
200928,3,67061,323,9443
200929,3,354082,322,15594
200930,3,16831,321,16682
200931,3,131222,319,19958
200932,3,1267856,319,11817
200933,3,3780,316,11872
200934,3,16991,316,7587
200935,3,5061261,313,14783
200936,3,67298,310,16677
200937,3,11084,308,8486
200938,3,3091694,307,8378
200939,3,274868,302,12597
200940,3,613303,302,9062
200941,3,322,301,8106
200942,3,5061123,300,5734
200943,3,64999,297,7915
200944,3,3705277,296,11679
200945,3,166244,294,5785
200946,3,65308,293,8161
200947,3,13876,291,22062
200948,3,1679390,290,21542
200949,3,476212,290,12787
200950,3,5061193,289,16548
200951,3,70129,286,7282
200952,3,1278626,286,8371
200953,3,2824651,285,16163
200954,3,66578,285,8845
200955,3,5060574,285,6694
200956,3,13422,284,11186
200957,3,20498,283,8013
200958,3,69768,278,9607
200959,3,246964,272,15504
200960,3,2000644,269,14780
200961,3,22119,266,11203
200962,3,67570,266,10203
200963,3,16396,266,5336
200964,3,3408,265,11497
200965,4,18749,250,2795
200966,3,71674,264,16705
200967,3,10869,261,9439
200968,3,14303,256,13685
200969,3,1499879,255,11193
200970,3,69437,254,12735
200971,3,69934,254,6190
200972,3,61419,254,5038
200973,3,66337,253,8211
200974,3,72972,253,7584
200975,4,5061204,278,14041
200976,3,69194,249,7249
200977,3,60280,249,5155
200978,3,1351875,247,12413
200979,3,63241,245,5797
200980,3,1008720,244,11411
200981,6,163051,282,8431
200982,3,62713,243,9131
200983,4,11404,287,2058
200984,3,8311,241,6009
200985,3,127757,240,9242
200986,3,19394,239,14188
200987,3,5695,236,12691
200988,3,1309,236,5051
200989,3,1390,234,10734
200990,3,226994,233,17087
200991,3,6858,233,14378
200992,3,18141,233,10179
200993,3,59175,231,1461
200994,3,146919,230,17215
200995,3,71798,229,5150
200996,3,16589,229,4164
200997,3,62997,228,5587
200998,3,71943,227,2905
200999,3,10635,226,7369
201000,3,18570,225,12234
201001,3,11009,225,6985
201002,3,69288,224,10135
201003,3,69899,224,9844
201004,3,62820,221,5417
201005,3,58913,221,4983
201006,3,2435533,220,9514
201007,3,13229,220,5959
201008,3,3782,219,12351
201009,3,62015,219,5909
201010,3,62975,218,5312
201011,3,10403,217,7447
201012,3,18518,216,6903
201013,3,63763,216,4186
201014,3,7489,215,14868
201015,5,3929,431,12840
201016,3,11735,214,10755
201017,3,129123,213,14297
201018,3,2793213,212,6396
201019,3,269600,208,13373
201020,3,61288,208,9093
201021,3,1325,208,7352
201022,3,11641,207,6260
201023,3,14045,207,5657
201024,3,135229,206,19830
201025,3,17371,205,8378
201026,3,5434,203,15061
201027,3,11853,203,10652
201028,3,8128,202,6789
201029,3,19509,201,11433
201030,3,138784,200,8010
201031,3,176746,199,15276
201032,3,63007,196,7307
201033,3,3701631,194,18799
201034,3,15638,193,3483
201035,3,273028,192,11426
201036,3,1009651,191,16737
201037,3,2800,190,5700
201038,3,66647,189,8619
201039,3,17422,189,3369
201040,3,3936274,188,8889
201041,3,60842,188,5249
201042,3,64696,188,4930
201043,3,10140,186,11558
201044,3,17384,186,11241
201045,3,69679,186,8993
201046,3,9117,185,12333
201047,3,23314,183,7602
201048,3,64052,183,7968
201049,3,6242,183,4813
201050,3,6995,182,9215
201051,3,8841,182,5002
201052,3,5060668,182,8486
201053,3,2901,181,4418
201054,3,62836,181,964
201055,3,69742,179,11033
201056,3,64721,179,7808
201057,3,9626,177,9987
201058,3,2793257,177,8601
201059,3,763424,176,10873
201060,3,17143,175,4656
201061,3,826285,174,17790
201062,3,70526,174,6167
201063,3,60297,174,6404
201064,3,67235,174,3701
201065,3,2816514,173,10108
201066,3,7677,173,5248
201067,3,3094486,172,8689
201068,5,3091950,1049,21131
201069,3,2076,171,5753
201070,3,72021,171,4696
201071,3,15955,171,5017
201072,3,63396,170,4397
201073,3,1983,169,8844
201074,3,90054,169,9815
201075,3,4683457,169,8550
201076,3,69602,168,7233
201077,3,2801721,168,7265
201078,3,69314,168,5014
201079,3,17181,168,4378
201080,3,3087299,167,13037
201081,3,14339,167,9805
201082,3,17235,167,9790
201083,3,480672,166,13010
201084,3,14030,166,5645
201085,3,16865,166,5392
201086,3,16444,165,9258
201087,3,11340,165,10315
201088,3,15172,165,5015
201089,3,3689319,164,6468
201090,3,9983,163,5093
201091,3,65983,162,12084
201092,3,1045740,162,10636
201093,3,253715,162,8553
201094,3,72912,162,6564
201095,3,3091803,162,5983
201096,3,1671,161,7406
201097,3,2385244,159,17629
201098,3,1047,159,7495
201099,3,10441,159,6736
201100,3,14583,158,9866
201101,3,63494,158,6073
201102,3,17043,158,4268
201103,3,6966,157,5005
201104,3,4572,157,4948
201105,3,127950,156,13974
201106,3,134613,156,10921
201107,3,70568,156,7970
201108,3,15942,156,4503
201109,3,65282,155,10197
201110,3,22558,155,8623
201111,3,636023,154,5341
201112,3,6994,153,6213
201113,3,66807,152,8925
201114,3,56305,152,4848
201115,3,205792,151,5668
201116,3,6538,150,14962
201117,5,17351,159,8374
201118,3,1687606,148,9736
201119,3,72471,148,10195
201120,3,20908,148,2340
201121,3,17827,147,12872
201122,3,66677,146,9147
201123,3,61452,146,5354
201124,3,2210,145,9580
201125,3,146328,145,8368
201126,3,16040,144,5869
201127,3,7602,144,4753
201128,3,16698,142,8919
201129,3,5468,142,5466
201130,3,3089287,141,10773
201131,3,65818,141,8506
201132,3,149406,141,9834
201133,3,17580,141,7227
201134,3,6161,140,5688
201135,3,12869,140,5676
201136,3,65471,139,9607
201137,3,63947,138,8655
201138,3,208873,138,8672
201139,3,1858190,138,6554
201140,3,5060446,138,8268
201141,3,3074694,138,7467
201142,3,11198,138,4447
201143,3,16026,138,5364
201144,3,60029,138,2768
201145,3,21161,137,2239
201146,3,168220,136,11923
201147,3,4362,136,10727
201148,3,67349,136,8156
201149,3,10301,135,13401
201150,3,67017,135,4286
201151,3,64614,135,2790
201152,3,70163,134,4907
201153,3,68598,133,5631
201154,3,4837,132,10774
201155,3,5060500,132,7977
201156,3,11888,132,6645
201157,3,5060487,131,10495
201158,3,4116,130,11400
201159,3,16518,129,6682
201160,3,15660,129,6508
201161,3,225274,128,12016
201162,3,16914,128,11072
201163,3,64774,127,11043
201164,3,11047,127,10252
201165,3,7499,126,14997
201166,3,62667,126,7734
201167,3,6671,126,1591
201168,3,3090291,124,12955
201169,3,13727,124,1062
201170,4,4624,106,15637
201171,3,4076410,123,13441
201172,3,2403260,123,8351
201173,3,14382,123,6667
201174,3,14072,122,10226
201175,3,13978,122,11447
201176,3,66984,122,7586
201177,6,64536,307,5533
201178,3,127625,120,10869
201179,4,23517,108,5618
201180,3,8294,120,5272
201181,3,64161,119,8195
201182,3,90031,119,6867
201183,3,207,119,6338
201184,3,3088728,118,11510
201185,3,18566,117,9254
201186,3,72893,116,9078
201187,3,10009,115,7014
201188,3,64469,114,8291
201189,3,72834,113,15374
201190,3,20560,113,3033
201191,3,3678346,111,7810
201192,3,1389396,109,18032
201193,3,68020,109,2675
201194,3,18322,108,8296
201195,3,5933,108,4981
201196,3,8743,107,8872
201197,3,10011,107,9356
201198,3,166916,107,7584
201199,3,64562,107,5191
201200,3,213124,107,3843
201201,3,2352,106,3964
201202,3,62777,106,6018
201203,3,16795,106,5216
201204,3,15276,106,4105
201205,3,227407,105,21517
201206,3,21917,105,10778
201207,3,350,105,8416
201208,3,9845,105,8571
201209,3,7465,105,6759
201210,3,65269,104,4338
201211,3,264237,103,21969
201212,3,5271,103,6238
201213,3,61750,103,4656
201214,3,3902372,103,6081
201215,3,69040,103,4773
201216,3,65798,103,4584
201217,3,67230,103,4851
201218,3,5611,102,13171
201219,3,13804,102,10091
201220,3,1048,102,5120
201221,3,71931,101,9301
201222,3,64544,101,5483
201223,3,64980,100,2564
201224,3,28812,100,6298
201225,3,6983,100,1247
201226,3,63109,99,11352
201227,3,68369,99,3972
201228,3,70357,97,4439
201229,3,1762,96,5947
201230,3,284211,95,12367
201231,3,3412,95,6946
201232,3,67817,95,2189
201233,3,70277,94,4818
201234,3,63474,94,6070
201235,3,9057,94,1362
201236,3,797567,93,14681
201237,3,1388,92,3141
201238,3,70497,91,5884
201239,3,10623,91,6826
201240,3,67429,90,8299
201241,3,6131,90,9101
201242,3,58320,90,6741
201243,3,66378,90,4770
201244,3,62905,90,6540
201245,3,21745,89,8957
201246,3,71591,89,9518
201247,3,3697725,89,5793
201248,3,17081,89,4799
201249,3,804815,88,8451
201250,3,69130,88,7283
201251,3,674,87,8551
201252,3,10642,87,6598
201253,3,1825297,86,14739
201254,3,3659536,86,11075
201255,3,25127,86,7317
201256,3,3080773,86,3887
201257,3,69644,85,13941
201258,3,14102,85,8576
201259,3,10559,85,6393
201260,3,9779,85,3480
201261,3,64063,84,9261
201262,3,101205,84,9507
201263,3,354,84,5936
201264,3,70455,84,4599
201265,3,14039,84,4047
201266,3,65061,83,11010
201267,3,64932,83,4418
201268,3,70620,82,10573
201269,3,72638,82,3885
201270,3,3097144,82,5581
201271,5,4078389,91,12176
201272,3,9776,81,4043
201273,3,5191,79,9237
201274,3,8026,79,9148
201275,3,15126,78,9268
201276,4,1693,160,3836
201277,3,20743,77,9611
201278,3,8931,77,9566
201279,3,63651,77,5675
201280,3,9351,76,4965
201281,3,6695,75,8131
201282,3,8341,74,5149
201283,3,64489,73,5670
201284,3,60903,73,5894
201285,3,69457,72,11544
201286,5,13858,97,6684
201287,3,167543,71,5367
201288,3,10048,70,3354
201289,3,2479,70,4329
201290,3,3090831,69,10017
201291,3,64458,69,5294
201292,3,12645,68,10198
201293,3,89936,68,7831
201294,3,62550,68,5862
201295,3,59884,68,3095
201296,3,13444,68,4202
201297,3,217145,67,12884
201298,3,72230,67,12012
201299,3,10835,67,8973
201300,3,13234,67,9156
201301,3,1901,67,7924
201302,3,2559,67,6553
201303,3,16563,66,10386
201304,3,14860,66,7447
201305,3,4682625,66,6093
201306,3,19925,65,12175
201307,3,15630,65,5000
201308,3,9852,65,3674
201309,3,63970,64,12344
201310,3,167545,64,9532
201311,3,4132,64,6451
201312,3,12191,63,7082
201313,3,67309,62,4196
201314,3,18613,59,12111
201315,3,14952,59,9221
201316,3,67557,59,1716
201317,3,1088871,58,11950
201318,3,64789,58,5778
201319,3,65466,57,5421
201320,3,66908,57,3936
201321,3,144775,56,20618
201322,3,64601,56,4603
201323,3,19116,56,7488
201324,3,19498,56,5765
201325,3,66585,55,7602
201326,3,69682,54,11642
201327,3,15368,54,3921
201328,3,18622,53,11128
201329,3,67208,53,5539
201330,3,65132,53,3599
201331,3,15089,53,4792
201332,3,69366,52,12203
201333,3,21338,52,3048
201334,3,12999,51,11649
201335,3,5416,51,10524
201336,3,71856,48,11437
201337,3,135879,48,9526
201338,3,16638,48,4761
201339,3,252909,47,8185
201340,3,72679,46,6129
201341,3,70348,46,4527
201342,3,67921,46,4123
201343,3,608950,44,7440
201344,3,11372,44,7586
201345,3,19641,44,3599
201346,3,875,43,4533
201347,3,62399,43,5366
201348,3,1264,42,4974
201349,3,72060,42,1464
201350,3,68653,41,9384
201351,3,203690,41,7084
201352,3,378,41,5045
201353,3,14478,40,6221
201354,3,71199,39,9065
201355,3,1542,39,7103
201356,3,68678,38,11657
201357,3,8293,38,7137
201358,3,87158,38,7463
201359,3,2595,37,8652
201360,3,2058,35,7860
201361,3,8773,34,8463
201362,3,8055,34,5196
201363,3,18871,33,6916
201364,3,69887,33,2861
201365,3,1326,32,5868
201366,3,16906,32,2018
201367,3,304616,31,9474
201368,5,71779,38,4817
201369,3,204297,30,7065
201370,3,8766,30,4605
201371,3,13389,29,9742
201372,3,66243,27,8936
201373,3,66669,27,2553
201374,3,66595,26,11620
201375,3,6351,23,8836
201376,3,296,23,7675
201377,3,6328,23,3594
201378,3,62816,21,5059
201379,3,9557,20,14381
201380,3,4228,19,5246
201381,3,66840,18,12804
201382,3,25665,16,12148
201383,3,889653,12,7893
201384,3,143034,12,6666
201385,3,3683397,10,9965
201386,3,3076,4,10032
201387,2,127691,2485,21524
201388,2,130268,2312,21354
201389,2,66619,2292,22262
201390,3,3099145,1903,20592
201391,2,67455,1669,22701
201392,2,3941897,1652,18719
201393,2,161764,1633,19546
201394,2,882995,1372,18629
201395,2,3686154,1286,20780
201396,2,64173,1251,17242
201397,2,177611,1205,17197
201398,2,1061486,1141,22225
201399,2,2501,1133,16158
201400,2,639876,1105,19307
201401,2,14360,1100,18991
201402,2,2194158,1086,20369
201403,2,1003198,1085,17817
201404,2,1281386,1073,19529
201405,2,100480,1061,20581
201406,2,133478,1048,19504
201407,2,1989,1025,18610
201408,2,140978,1013,19590
201409,2,3081331,993,16594
201410,2,3089374,969,20869
201411,2,2280868,954,19155
201412,2,11894,952,20818
201413,2,4967,891,17385
201414,2,133759,863,17101
201415,2,68799,849,13598
201416,2,317391,837,20039
201417,2,15882,829,17509
201418,2,2296596,822,17852
201419,2,71807,815,18359
201420,2,191333,805,17972
201421,2,8432,801,17264
201422,2,65336,791,15383
201423,2,3908091,779,18499
201424,2,12693,775,16417
201425,2,944572,764,20075
201426,2,87441,764,18209
201427,2,1659833,759,16483
201428,2,128910,758,19301
201429,2,71662,749,13056
201430,2,888876,738,13615
201431,2,195129,736,21068
201432,2,3442526,735,13544
201433,2,1096277,733,14404
201434,2,69945,712,20207
201435,2,2071922,706,16921
201436,2,176679,686,20518
201437,2,4684525,686,15013
201438,2,92877,680,16941
201439,2,240153,668,23435
201440,2,1674427,664,21812
201441,2,179254,653,15967
201442,2,131544,641,19522
201443,2,1950,641,12503
201444,2,218786,636,18649
201445,2,64636,634,13204
201446,2,5060777,630,15564
201447,2,5948,630,14697
201448,2,3910769,619,12949
201449,2,63555,611,12630
201450,2,19667,589,14232
201451,2,19108,583,12141
201452,2,187821,580,12989
201453,2,11656,578,9916
201454,2,101252,573,18200
201455,2,168027,569,13547
201456,2,68962,566,13005
201457,2,798830,551,20297
201458,2,3596709,549,17733
201459,2,63144,547,19633
201460,2,72588,541,10511
201461,2,203587,540,17946
201462,2,203985,540,17468
201463,2,72850,537,18166
201464,2,134739,532,15921
201465,2,1464981,532,13788
201466,2,383018,531,15228
201467,2,5881,527,19111
201468,2,6183,526,17580
201469,2,3079813,522,15873
201470,2,134475,522,14216
201471,4,165839,409,14458
201472,2,1148869,515,15655
201473,2,1599692,513,12877
201474,2,2982,506,19896
201475,2,100493,499,17417
201476,2,4881,497,9925
201477,2,5106,496,14134
201478,2,10514,495,22226
201479,2,1671077,493,19271
201480,2,68014,482,8967
201481,2,585995,481,14492
201482,2,72183,472,10661
201483,2,12841,472,11703
201484,2,4078404,457,20352
201485,2,128067,456,19107
201486,2,1486632,450,13502
201487,2,71562,443,17163
201488,2,5060532,443,8935
201489,2,68626,442,20373
201490,2,72124,437,15683
201491,2,3697039,433,11112
201492,2,71039,429,8912
201493,2,68980,429,8700
201494,2,1785904,427,20372
201495,2,1429530,426,22319
201496,2,128064,426,18725
201497,2,4102,424,10537
201498,2,10189,423,9472
201499,2,241183,421,22441
201500,2,3442009,414,7429
201501,3,5060790,519,19096
201502,2,129085,412,14208
201503,2,71683,405,11363
201504,2,100043,404,19224
201505,2,67760,401,8061
201506,2,256081,400,22415
201507,2,3092812,397,19750
201508,2,89005,397,12840
201509,2,71601,397,10877
201510,2,70032,395,17497
201511,2,2347472,395,14536
201512,2,1887873,395,11064
201513,2,15558,395,7944
201514,2,10251,394,9050
201515,2,2159376,391,17865
201516,3,8233,723,20528
201517,2,20548,390,8633
201518,4,5993,231,9130
201519,2,6024,386,11467
201520,2,67886,386,9884
201521,2,129076,385,17275
201522,2,12346,385,9867
201523,2,6506,383,15474
201524,2,72914,383,11597
201525,2,18059,381,8082
201526,2,9553,379,10299
201527,2,14720,378,18143
201528,2,2190920,373,13475
201529,2,8244,369,16480
201530,2,70210,368,9570
201531,2,3644778,365,22139
201532,2,13334,365,9391
201533,2,2336503,363,10438
201534,2,71106,362,9196
201535,2,65519,360,11045
201536,2,405291,359,19784
201537,2,144098,355,12764
201538,2,133510,354,15770
201539,2,12717,354,12040
201540,2,71432,354,10775
201541,2,3590,353,16915
201542,2,3953440,353,9074
201543,2,147420,351,13776
201544,2,4076397,351,11518
201545,2,309560,349,11843
201546,2,3993,349,10427
201547,2,240123,348,17823
201548,2,4717,348,13961
201549,2,3091394,347,11148
201550,2,8699,344,20327
201551,2,254620,342,20378
201552,2,2833,339,12117
201553,2,14567,338,9056
201554,2,2800010,337,18427
201555,2,19069,335,15318
201556,2,19895,334,9590
201557,2,2074879,334,8391
201558,2,100469,331,16694
201559,2,64665,329,10973
201560,2,58203,329,7717
201561,2,136992,328,11768
201562,2,3091690,328,7625
201563,2,446984,326,23117
201564,2,1093792,326,13683
201565,2,72022,325,11655
201566,2,176463,324,11431
201567,2,72764,324,8699
201568,2,5061179,323,14766
201569,2,3649223,320,16055
201570,2,10945,319,16931
201571,2,1962431,319,14034
201572,2,303235,319,8261
201573,2,189493,316,18553
201574,2,16152,316,14614
201575,2,64959,315,14764
201576,2,70970,315,11824
201577,2,3295,314,17108
201578,2,13035,313,11867
201579,2,9496,312,9389
201580,2,3888357,311,14924
201581,2,68016,310,8051
201582,2,11577,310,6064
201583,2,230250,309,17233
201584,2,17506,308,15379
201585,2,8911,307,14017
201586,2,3683545,306,18519
201587,2,857551,306,9357
201588,2,70179,306,5295
201589,2,3075103,305,15661
201590,2,10545,304,11409
201591,2,5060769,304,11426
201592,2,1739,303,15156
201593,2,12504,303,11426
201594,2,165362,302,9999
201595,4,19592,221,9061
201596,2,3682,301,20645
201597,2,101266,301,15502
201598,2,5395,301,13114
201599,2,18371,301,10352
201600,2,3092273,301,8017
201601,2,177357,300,14972
201602,2,5060801,298,13675
201603,2,64859,298,12187
201604,2,67844,298,9815
201605,2,167572,298,9548
201606,2,9582,298,4757
201607,2,18086,296,13300
201608,2,3088967,296,13274
201609,2,4076549,296,9618
201610,2,10361,295,19357
201611,2,364570,295,16310
201612,2,66281,293,7792
201613,2,1816436,292,19289
201614,2,3277,291,15568
201615,2,1347726,290,9904
201616,2,16867,289,7800
201617,2,18840,289,9628
201618,2,2039760,288,15246
201619,2,3098756,288,11243
201620,2,65215,288,8079
201621,2,1397761,288,7615
201622,2,9030,288,4738
201623,2,66912,286,9165
201624,2,11447,286,7662
201625,2,127223,285,12889
201626,2,423067,284,23184
201627,2,67551,284,8360
201628,2,101223,281,16717
201629,2,257054,277,12625
201630,2,7758,277,12659
201631,2,67302,277,7849
201632,2,14002,277,6542
201633,2,68353,274,11279
201634,2,85056,274,11186
201635,2,1018398,274,9967
201636,2,72704,272,8757
201637,2,1824103,272,6789
201638,2,127296,271,11065
201639,2,63906,271,5326
201640,2,137206,269,12162
201641,2,4233,268,15974
201642,2,1820234,266,22210
201643,2,9297,266,16602
201644,2,551,266,13980
201645,2,168,264,7616
201646,2,147095,263,13123
201647,2,3908541,262,14264
201648,2,18530,261,15547
201649,2,2426,261,13051
201650,2,134045,261,12960
201652,2,10435,261,5593
201653,2,4682556,260,15321
201654,2,14871,260,11285
201655,2,11343,258,20888
201656,2,15644,258,14977
201657,2,743555,257,17588
201658,2,1650042,256,6528
201659,2,5061133,256,5922
201660,2,12058,255,10234
201661,2,360524,252,17513
201662,2,192334,252,16906
201663,2,18187,252,8701
201664,2,11514,252,9479
201665,2,3097150,252,7166
201666,2,130105,251,16091
201667,2,16583,250,12684
201668,2,488055,250,8120
201669,2,2436379,250,9064
201670,2,70501,250,5402
201671,2,4621062,248,10972
201672,2,22614,247,11200
201673,2,69484,246,8387
201674,2,70726,245,12092
201675,2,12760,245,9361
201676,2,66132,244,11373
201677,2,6240,244,8139
201678,2,5584,244,7456
201679,2,5000,243,10951
201680,2,9676,243,9702
201681,2,129593,242,18240
201682,2,3089642,241,18690
201683,2,211064,238,20397
201684,2,239102,238,16160
201685,2,143030,238,7025
201686,2,226796,237,17985
201687,2,178625,237,12435
201688,2,18736,237,6543
201689,2,18695,237,6154
201690,2,15042,237,4802
201691,2,67397,236,10571
201692,2,127984,236,6655
201693,2,673093,235,13857
201694,2,134709,235,13353
201695,2,1024330,235,9897
201696,2,70772,235,6665
201697,2,21627,234,11026
201698,2,129909,234,10369
201699,2,60391,234,4982
201700,2,16568,233,6861
201701,2,70417,233,7462
201702,2,232144,230,15793
201703,2,3691222,230,11469
201704,2,56849,230,8201
201705,2,66642,230,8513
201706,2,206399,230,7756
201707,2,10731,229,13702
201708,2,3094,228,4675
201709,2,5950,226,10412
201710,2,5060526,226,8431
201711,2,24959,226,2858
201712,2,130658,225,11577
201713,2,7909,225,4679
201714,2,1463,224,5819
201715,2,600133,223,14037
201716,2,65480,223,5412
201717,2,71557,223,5162
201718,2,72743,221,15041
201719,2,16892,221,4412
201720,2,1724609,220,19442
201721,2,5060517,219,13409
201722,2,1287681,219,11397
201723,2,9597,219,4855
201724,2,61728,218,12783
201725,2,68909,218,8835
201726,2,1145,218,6611
201727,2,127648,216,17378
201728,2,1319,215,15160
201729,2,15774,215,4845
201730,2,4078143,214,18852
201731,2,3980964,214,12173
201732,2,311516,214,11281
201733,2,16221,214,13046
201734,2,57703,213,13638
201735,2,133330,213,9358
201736,2,315264,210,12530
201737,2,596751,210,11065
201738,2,4008,210,6031
201739,2,7925,209,9058
201740,2,728910,208,19042
201741,2,68487,207,16473
201742,2,10652,207,4702
201743,2,170020,206,15709
201744,2,59478,206,8261
201745,2,256237,206,7550
201746,2,65090,206,6039
201747,2,148170,205,12839
201748,2,147080,205,10859
201749,2,59903,204,13224
201750,2,13288,204,11173
201751,2,1822857,204,10589
201752,2,881891,204,10067
201753,2,67066,204,9590
201754,2,3090703,204,7537
201755,2,140882,204,8088
201756,2,1409800,203,9510
201757,2,3098112,203,7908
201758,2,129467,202,11942
201759,2,4861,202,9999
201760,2,8151,202,5106
201761,2,1481,201,10498
201762,2,69316,201,11086
201763,2,887,201,9896
201764,2,65887,201,5204
201765,2,619612,200,11205
201766,2,2598,200,5449
201767,2,63589,200,5824
201768,2,64574,199,16476
201769,2,70406,199,8915
201770,2,1168760,197,17804
201771,2,65855,197,8486
201772,2,3076098,196,11916
201773,2,5060838,196,10341
201774,2,1115655,194,18167
201775,2,1269297,194,17826
201776,2,3517572,194,11716
201777,2,4666540,194,10848
201778,2,11241,194,9388
201779,2,11610,194,8708
201780,2,70038,194,3732
201781,2,272566,193,10558
201782,2,68744,193,8652
201783,2,1361072,192,19788
201784,2,20842,192,12946
201785,2,71825,192,8644
201786,2,3645552,192,7571
201787,2,71153,192,3992
201788,2,64397,190,10010
201789,2,67469,190,8814
201790,2,70975,189,12499
201791,2,144980,189,13414
201792,4,5061274,324,13499
201793,2,2460274,188,11861
201794,2,68876,188,5945
201795,2,15583,187,12777
201796,2,90684,187,10453
201797,2,18799,186,14275
201798,2,5060477,185,12658
201799,2,165838,185,9398
201800,2,1158,184,5663
201801,2,1058928,183,16477
201802,2,72483,183,8905
201803,2,7486,183,5158
201804,2,8220,183,4807
201805,2,17195,182,2660
201806,2,3904838,180,19446
201807,2,6404,180,15571
201808,2,4931,180,11620
201809,2,16051,180,12131
201810,2,1104,179,13403
201811,2,1265517,179,9220
201812,2,63021,179,7452
201813,2,1185114,178,15171
201814,2,69814,178,13022
201815,2,16513,178,8087
201816,2,13484,177,18581
201817,2,161869,177,12283
201818,2,9952,177,5602
201819,2,59013,176,13455
201820,2,68873,176,12328
201821,2,68244,176,7755
201822,2,65871,176,9046
201823,2,11012,175,8830
201824,2,13775,175,11379
201825,2,18432,175,11816
201826,2,8411,175,9277
201827,2,62378,175,7780
201828,2,72040,175,7741
201829,2,5060470,174,5222
201830,2,1150781,173,19719
201831,2,63354,172,23790
201832,2,7636,172,4170
201833,2,3516,171,17809
201834,2,5061264,171,7710
201835,2,2347344,171,6764
201836,2,3097172,171,3082
201837,2,76544,170,11235
201838,2,63849,170,3776
201839,2,63578,170,3515
201840,2,90026,170,6529
201841,2,69334,169,14357
201842,2,63510,169,12066
201843,2,5114,169,12182
201844,2,204104,169,7039
201845,2,19516,168,12416
201846,2,355266,168,11687
201847,2,4409,168,9656
201848,2,62132,168,10612
201849,2,8961,168,7366
201850,2,7808,168,5761
201851,2,26003,168,2216
201852,2,68658,167,4112
201853,2,12785,166,10311
201854,2,128991,166,11041
201855,2,6409,165,10382
201856,2,2793231,165,8241
201857,2,14705,165,5734
201858,2,3486,165,4168
201859,2,11537,165,3813
201860,2,5347,164,10311
201861,2,19181,164,6321
201862,4,67519,114,12349
201863,2,3567,163,6781
201864,2,14587,163,7473
201865,2,62342,163,5351
201866,2,3702335,163,4495
201867,2,10377,163,7024
201868,2,68370,162,10682
201869,2,2212507,161,16072
201870,2,14925,161,13843
201871,2,4637,161,13491
201872,2,203965,161,11169
201873,2,165427,161,9050
201874,2,1398,160,17516
201875,2,938639,160,11637
201876,2,7230,160,8679
201877,2,65685,160,5054
201878,2,3201,159,9763
201879,2,69790,159,10767
201880,2,3945671,158,16018
201881,2,127280,158,12356
201882,2,70095,158,5385
201883,2,65117,158,4059
201884,2,22879,158,3266
201885,2,7064,156,16159
201886,2,952619,156,15840
201887,2,15889,156,13401
201888,2,2040865,155,11146
201889,2,16333,155,8689
201890,2,176,155,6078
201891,2,67695,154,9657
201892,2,64983,153,12138
201893,2,10136,153,10673
201894,2,1666904,153,10373
201895,2,70221,153,6290
201896,2,1045389,152,18692
201897,2,69669,152,8614
201898,2,7751,152,4465
201899,2,3078716,151,16893
201900,2,62616,151,14627
201901,2,409635,151,10870
201902,2,5060609,151,10445
201903,2,4823,151,6593
201904,2,2936,151,5343
201905,2,69733,151,2890
201906,2,66095,151,5093
201907,2,3261,151,5511
201908,2,1781198,150,12398
201909,2,11524,150,6897
201910,2,3083110,150,8343
201911,2,72478,149,10100
201912,2,68693,149,8178
201913,2,13553,148,7894
201914,2,67514,148,9439
201915,2,1013,148,7493
201916,2,8737,148,4989
201917,2,2791819,148,6639
201918,2,8692,148,3698
201919,2,65591,147,12214
201920,2,101221,147,9240
201921,2,1664663,147,5213
201922,2,571444,146,19084
201923,2,62946,146,15045
201924,2,997623,146,11142
201925,2,1080332,146,7811
201926,2,7591,146,4825
201927,2,68604,146,4691
201928,2,8598,145,11352
201929,2,67913,145,10116
201930,2,5482,145,9724
201931,2,60692,145,4898
201932,2,8038,144,18216
201933,2,11540,144,13219
201934,2,63987,144,7759
201935,2,2222233,144,6236
201936,2,859436,143,13835
201937,2,11703,143,11833
201938,2,70204,143,9756
201939,2,62119,143,6974
201940,2,65112,142,4592
201941,2,1228,142,6029
201942,2,128139,141,17244
201943,2,7929,141,14563
201944,2,128643,141,14053
201945,2,3701058,141,14048
201946,2,5476,141,6381
201947,2,4927,141,8804
201948,2,5060553,140,14917
201949,2,10934,140,8303
201950,2,10034,140,4659
201951,2,66189,140,4560
201952,2,131459,139,13852
201953,2,66901,139,12132
201954,3,3418,121,9462
201955,2,170436,139,9088
201956,2,692,138,15110
201957,2,369209,138,10735
201958,2,71241,138,7749
201959,2,17444,138,8174
201960,2,69676,138,6943
201961,2,4606,138,5198
201962,2,68188,137,13305
201963,2,8154,137,12680
201964,2,17532,137,11039
201965,2,65616,137,8931
201966,2,89987,137,6066
201967,2,2110,137,7431
201968,2,71292,136,9621
201969,2,65978,136,8665
201970,2,12028,136,8787
201971,2,574097,135,12739
201972,2,8771,135,11537
201973,2,68519,135,9352
201974,2,66165,135,5285
201975,2,63296,135,5890
201976,2,63210,135,5263
201977,2,7821,134,12937
201978,2,5061225,134,13336
201979,2,129083,134,14405
201980,2,67472,134,9594
201981,2,11223,134,11492
201982,2,63669,134,5758
201983,2,68040,134,3915
201984,2,16460,134,5916
201985,2,3254,133,12572
201986,2,75723,132,14595
201987,2,142,132,15315
201988,2,127842,132,14035
201989,2,19529,132,11629
201990,2,10244,132,8084
201991,2,6692,132,6136
201992,2,24280,132,5388
201993,2,13034,132,6166
201994,2,18883,132,1734
201995,3,65118,95,6051
201996,2,2832014,132,5788
201997,2,18147,132,2993
201998,2,101255,131,13271
201999,2,7197,131,6358
202000,2,132329,130,13790
202001,2,596796,130,11521
202002,2,63812,130,5715
202003,2,4615179,129,18272
202004,2,15143,129,15629
202005,2,134655,129,16423
202006,2,20617,129,13373
202007,2,5732,129,12409
202008,2,16730,129,10564
202009,2,70788,129,7366
202010,2,768,129,7327
202011,2,413124,129,4461
202012,2,3099191,128,16984
202013,2,6373,128,10381
202014,2,185580,128,7606
202015,2,10487,128,6481
202016,2,65662,128,4290
202017,2,127765,128,4592
202018,2,170039,127,10604
202019,2,2801875,127,10583
202020,2,69553,127,7102
202021,2,63755,127,5754
202022,2,73119,126,13146
202023,2,1404423,125,12102
202024,2,12996,125,9245
202025,2,1968,125,9900
202026,2,207841,124,13116
202027,2,137003,124,12092
202028,2,18026,124,9940
202029,2,70435,124,7314
202030,2,1885836,124,4702
202031,2,5061153,123,10338
202032,2,130710,123,10160
202033,2,71727,123,9910
202034,2,61899,123,6055
202035,2,65172,123,3244
202036,2,64410,123,5900
202037,2,10473,122,14988
202038,2,2791781,122,10886
202039,2,143041,122,8491
202040,2,127283,122,9116
202041,2,64768,122,4024
202042,2,15691,122,5093
202043,2,764,121,9757
202044,2,3083344,121,8953
202045,2,71564,121,3070
202046,2,8029,120,12945
202047,2,72692,120,12668
202048,2,11512,120,8603
202049,2,163,120,5157
202050,2,65846,120,7154
202051,2,3358,120,4971
202052,2,127405,119,17069
202053,2,3705262,119,14765
202054,2,12813,119,12962
202055,2,16668,119,11063
202056,2,3965412,119,9885
202057,2,7766,119,6245
202058,2,15035,119,4435
202059,2,11965,118,12595
202060,2,130731,118,10134
202061,2,63613,118,9346
202062,2,132495,118,9546
202063,2,63705,118,5561
202064,2,71438,118,5170
202065,2,129547,117,14746
202066,2,2793358,117,13934
202067,2,74926,117,12087
202068,2,6844,117,9775
202069,2,1704225,117,9404
202070,2,13468,117,9981
202071,2,65631,117,5841
202072,2,8929,117,7270
202073,2,64296,117,2946
202074,2,69994,117,1544
202075,2,1359,117,4486
202076,2,96569,117,3318
202077,2,4077756,116,15030
202078,2,3958,116,6887
202079,2,71044,116,5820
202080,2,790319,115,18809
202081,2,796085,115,16110
202082,2,72247,115,6424
202083,2,69429,115,7047
202084,2,676078,114,17333
202085,2,61764,114,7206
202086,2,3945091,114,8165
202087,2,5620,114,6392
202088,2,64832,114,5527
202089,2,67503,114,4346
202090,2,8380,114,5187
202091,2,205350,113,17966
202092,2,8283,113,5292
202093,2,66824,113,3749
202094,2,894100,112,10016
202095,2,9294,112,7424
202096,2,270299,112,5208
202097,2,14200,112,5054
202098,2,5690,112,6602
202099,2,3701468,112,7254
202100,2,97248,112,4951
202101,2,13881,112,1206
202102,2,2437,112,1210
202103,2,8032,111,8519
202104,2,67242,111,7763
202105,2,9815,111,5070
202106,2,64772,111,2106
202107,2,3089288,110,17693
202108,2,66589,110,10472
202109,2,18669,110,9634
202110,2,70690,110,8048
202111,2,62964,110,2717
202112,2,15533,110,4673
202113,2,66839,109,9375
202114,2,789,109,7656
202115,2,19742,109,8044
202116,2,7746,108,15688
202117,2,276472,108,13572
202118,2,11345,108,9987
202119,2,11099,108,8150
202120,2,64851,108,5054
202121,2,6852,107,10551
202122,2,16775,107,10306
202123,2,3899589,107,10258
202124,2,65815,107,9713
202125,2,60509,107,8391
202126,2,68181,107,7923
202127,2,148094,107,6962
202128,2,63508,107,5267
202129,2,65340,107,4355
202130,2,71517,107,3154
202131,2,9868,106,17485
202132,2,2176,106,12262
202133,2,88454,106,13803
202134,3,766535,287,12388
202135,2,71018,106,10897
202136,2,67565,106,8185
202137,2,67847,106,7957
202138,3,12539,76,6263
202139,2,203767,105,15997
202140,2,3714742,105,11692
202141,2,17375,105,11391
202142,2,18591,105,11740
202143,2,21669,105,6159
202144,2,66355,105,5807
202145,2,1605941,105,5813
202146,2,9567,105,4485
202147,2,63169,104,12270
202148,2,467487,104,6496
202149,2,69974,104,6513
202150,2,7741,104,5705
202151,2,18708,104,5746
202152,2,72338,103,10371
202153,2,10633,103,9230
202154,2,8586,103,7855
202155,2,13119,103,6974
202156,2,62071,103,4775
202157,2,128226,102,12439
202158,2,145837,102,8059
202159,2,10525,102,8365
202160,2,3620070,101,20596
202161,3,70537,78,10411
202162,2,67303,101,5511
202163,2,269585,100,10991
202164,2,1512,100,9154
202165,2,473,100,7593
202166,2,3925717,100,8005
202167,2,65600,100,3358
202168,2,62025,100,5354
202169,2,69342,100,894
202170,2,64575,0,17214
202171,2,905342,0,16579
202172,2,1698495,0,12990
202173,2,3712866,0,13354
202174,2,65185,0,13041
202175,2,2181546,0,13946
202176,2,1049374,0,12929
202177,2,8464,0,12431
202178,2,64366,0,11417
202179,2,9376,0,12393
202180,2,879,0,10226
202181,2,64936,0,9850
202182,2,15006,0,9977
202183,2,10781,0,7553
202184,2,8134,0,9601
202185,2,14344,0,7684
202186,2,71554,0,4829
202187,2,213322,0,5706
202188,2,16889,0,4332
202189,2,2380,0,3669
202190,2,66077,99,13298
202191,2,202781,99,8896
202192,2,2023632,99,4204
202193,2,10581,99,5997
202194,2,1330832,99,5483
202195,2,3442,99,5160
202196,2,8956,99,3821
202197,2,11970,99,2088
202198,2,62240,98,12654
202199,2,65795,98,9804
202200,2,64097,98,5918
202201,2,12211,98,5510
202202,2,2390,98,4207
202203,2,955113,97,11822
202204,2,90318,97,8696
202205,2,2817151,96,12548
202206,2,10077,96,10806
202207,2,14743,96,8811
202208,2,19315,96,8231
202209,2,14003,96,8559
202210,2,73151,96,5354
202211,2,718957,95,15428
202212,2,2797517,95,13111
202213,2,2720,95,11168
202214,2,195732,95,11029
202215,2,19442,95,11192
202216,2,3080525,95,11031
202217,2,4356,95,9997
202218,2,65404,95,8175
202219,2,69029,95,7404
202220,2,10529,95,5043
202221,2,1517558,94,10105
202222,2,2285160,94,9884
202223,2,62361,94,4813
202224,2,68817,94,5365
202225,2,128963,93,11299
202226,2,22697,93,7314
202227,2,16300,93,4539
202228,2,3653827,93,6942
202229,3,8358,81,5791
202230,2,11523,93,5105
202231,2,72869,93,4785
202232,2,65151,93,3663
202233,2,131723,92,17702
202234,2,63984,92,5573
202235,2,5213,91,14672
202236,2,1753083,91,13060
202237,2,1958700,91,6850
202238,2,68986,91,7362
202239,2,63736,91,6639
202240,2,15364,91,4490
202241,2,8173,91,3220
202242,2,11928,90,21172
202243,2,1029008,90,17041
202244,2,72762,90,8885
202245,2,9533,90,9041
202246,2,15867,90,4570
202247,2,7708,90,6281
202248,2,6042,89,12975
202249,2,17854,89,8827
202250,2,127439,89,11578
202251,2,3683,89,7485
202252,2,16893,89,7605
202253,2,67974,89,7960
202254,2,67466,88,3722
202255,2,73176,88,7416
202256,2,62516,88,5391
202257,2,61803,88,5173
202258,2,62512,88,3449
202259,2,163050,87,13218
202260,2,14152,87,5456
202261,2,3133,87,4306
202262,2,67418,87,2982
202263,2,72557,86,11117
202264,2,1470,86,6195
202265,2,11522,86,3170
202267,2,149795,85,13531
202268,2,12669,85,10043
202269,2,69695,85,6789
202270,2,66895,85,5227
202271,2,16233,85,6500
202272,2,71478,85,3737
202273,2,65561,84,8564
202274,2,231722,83,18054
202275,2,66586,83,12086
202276,2,63193,83,10355
202277,2,71909,83,7672
202278,2,14042,83,7936
202279,2,9745,83,8206
202280,2,71357,83,7446
202281,2,9907,83,5529
202282,2,203967,83,7048
202283,2,21293,83,1319
202284,2,70096,83,758
202285,2,1041007,82,16446
202286,2,87416,81,17842
202287,2,65085,81,14884
202288,2,130508,81,13189
202289,2,1285594,81,11166
202290,2,202876,81,9265
202291,2,7847,81,5548
202292,2,97015,81,8089
202293,2,15203,81,6116
202294,2,5061248,81,7450
202295,2,14906,81,4613
202296,2,67863,81,5015
202297,2,71417,81,3577
202298,2,1927697,80,14549
202299,2,5061253,80,13114
202300,2,66857,80,8972
202301,2,242280,79,12959
202302,2,203326,79,12601
202303,2,15578,79,12492
202304,2,923391,79,12070
202305,2,281892,79,11036
202306,2,10118,79,8564
202307,2,70456,79,6747
202308,2,18210,78,13971
202309,2,68944,78,10263
202310,2,165677,78,11233
202311,2,920101,78,10983
202312,3,3098198,279,9602
202313,2,24478,78,7394
202314,2,64281,78,6482
202315,2,6357,78,5159
202316,2,65485,78,4217
202317,2,16135,78,3460
202318,2,28298,78,1309
202319,2,70174,77,9346
202320,2,12679,77,7122
202321,2,11975,77,6020
202322,2,1876,77,7036
202323,2,15755,77,4572
202324,2,2241,77,3624
202325,2,925731,76,12152
202326,2,13030,76,10260
202327,2,68963,76,10721
202328,2,15833,76,8806
202329,2,3928309,76,11314
202330,2,68929,76,8593
202331,2,204084,76,6143
202332,2,61956,76,5629
202333,2,10203,76,4066
202334,2,3089,76,1319
202335,2,70796,75,11871
202336,2,10277,75,11759
202337,2,9560,75,5623
202338,2,19503,75,7285
202339,2,134089,74,12897
202340,2,10664,74,8486
202341,2,8943,74,9619
202342,2,15622,74,5542
202343,2,7616,74,4974
202344,2,2704,74,5039
202345,2,10445,74,3936
202346,2,7763,73,8172
202347,2,3693,73,3840
202348,2,71551,72,15465
202349,2,1252857,72,14631
202350,2,64066,72,11728
202351,2,3646444,72,9988
202352,2,7783,72,4668
202353,2,3635,72,2426
202354,2,14846,71,15744
202355,2,16792,71,10154
202356,2,17961,71,7744
202357,2,5060584,71,9299
202358,2,90141,71,5988
202359,2,3927629,71,6148
202360,3,1932,51,3229
202361,2,56077,71,2831
202362,2,1658528,70,18236
202363,2,61678,70,5958
202364,2,3098599,69,17591
202365,2,5060492,69,11456
202366,2,170021,69,12681
202367,2,70898,69,11405
202368,2,19060,69,7097
202369,2,71022,69,7774
202370,2,24935,69,5385
202371,2,10925,69,4444
202372,2,12184,69,4044
202373,2,132557,68,16970
202374,2,6846,68,12957
202375,2,1485,68,11976
202376,2,2120824,68,6252
202377,2,64262,68,6444
202378,2,10671,68,5899
202379,2,2527,68,5133
202380,2,16819,68,3885
202381,2,5060576,67,18079
202382,2,5729,67,16028
202383,2,837801,67,17521
202384,2,1442199,67,10252
202385,2,10653,67,8314
202386,2,3091353,67,7950
202387,2,3699480,67,8090
202388,2,170398,67,7459
202389,2,67975,66,11004
202390,2,379571,66,10655
202391,2,952579,66,8166
202392,2,90337,66,9455
202393,2,64517,66,5526
202394,2,176630,66,7520
202395,2,1815,66,5753
202396,2,279,66,2015
202397,2,3097118,66,5300
202398,2,128225,65,14861
202399,2,16648,65,11177
202400,2,66151,65,4756
202401,2,18136,65,3636
202402,2,16713,65,3340
202403,2,88351,64,14677
202404,2,61954,64,13980
202405,2,70343,64,11871
202406,2,3877,64,11468
202407,2,6544,64,10823
202408,2,71711,64,10155
202409,2,313,64,8681
202410,2,164,64,8469
202411,2,128450,64,8821
202412,2,132517,64,8562
202413,2,19155,64,7347
202414,2,14240,64,5002
202415,2,97236,64,5325
202416,2,13265,64,991
202417,2,3884211,63,21872
202418,2,101143,63,9101
202419,2,9256,63,6200
202420,2,2199,63,6961
202421,2,21057,63,3699
202422,2,61000,63,3857
202423,2,16875,63,2668
202424,2,7198,62,12937
202425,2,23,62,11282
202426,2,5061170,62,10112
202427,2,203653,62,7616
202428,2,3093425,62,10116
202429,2,68218,62,8460
202430,2,8944,62,4493
202431,2,10974,62,6398
202432,2,14179,62,4541
202434,2,5061209,62,5380
202435,2,170401,61,9651
202436,2,1438423,61,8627
202437,2,9465,61,4926
202438,2,71954,61,5185
202439,2,3945870,60,20673
202440,2,161535,60,12044
202441,2,130574,59,16339
202442,2,207806,59,8012
202443,2,12787,59,8879
202444,2,146221,59,9421
202445,2,14197,59,8748
202446,2,69618,59,7079
202447,2,5060649,59,8584
202448,2,66610,59,4484
202449,2,4684728,59,6068
202450,2,56078,59,2947
202451,2,12591,58,9615
202452,2,17448,58,8971
202453,2,8969,58,5186
202454,2,5696,58,4872
202455,2,72204,57,8915
202456,2,64330,57,11062
202457,2,135282,57,10623
202458,2,1017536,57,10484
202459,2,5492,57,9040
202460,2,70662,57,8829
202461,2,11564,57,8653
202462,2,64400,57,5173
202463,2,68185,57,7189
202464,2,31,57,5827
202465,2,2435830,57,3965
202466,2,645,57,3656
202467,2,135293,56,19711
202468,2,280707,56,18971
202469,2,8636,56,8094
202470,2,5417,56,9745
202471,2,100108,56,10632
202472,2,2003592,56,10262
202473,2,14889,56,10110
202474,2,3093442,56,6978
202475,2,76841,56,7468
202476,2,2980,56,1384
202477,2,67121,55,10489
202478,2,65445,55,11371
202479,2,10458,55,8845
202480,2,71665,55,7879
202481,2,67957,55,5363
202482,2,7341,55,7748
202483,2,16980,55,7453
202484,2,9416,55,4749
202485,2,18030,55,2535
202486,2,5061234,54,20241
202487,2,892,54,15593
202488,2,147830,54,16003
202489,2,25460,54,11907
202490,2,66603,54,11497
202491,2,20825,54,3287
202492,2,26062,54,3117
202493,2,16102,54,5951
202494,2,55948,54,4908
202495,2,63594,54,1327
202496,2,546,53,14226
202497,2,4667518,53,6530
202498,2,27481,53,4809
202499,2,15412,53,4383
202500,2,130984,52,14096
202501,2,15198,52,12346
202502,2,678782,52,12672
202503,2,5060563,52,10996
202504,2,11151,52,11650
202505,2,2153794,52,10920
202506,2,292383,52,4828
202507,2,10928,52,3421
202508,2,15721,52,5580
202509,2,6112,52,5698
202510,2,16359,52,4562
202511,2,11182,52,5093
202512,2,65219,52,3822
202513,2,71737,52,4886
202514,2,4793,52,3899
202515,2,25964,52,3080
202516,2,5060895,51,20545
202517,2,16555,51,13189
202518,2,2032256,51,8405
202519,2,4075,51,5494
202520,2,7581,51,3971
202521,2,73103,51,4945
202522,2,18455,50,15298
202523,2,11684,50,13426
202524,2,2952,50,12060
202525,2,1214197,50,11358
202526,2,8538,50,10514
202527,2,131605,50,9137
202528,2,356806,50,9234
202529,2,12466,50,2149
202530,2,63192,49,9495
202531,2,1792348,49,10197
202532,2,65419,49,8377
202533,2,67553,49,8326
202534,2,67490,49,8004
202535,2,8718,49,6298
202536,2,176675,49,7975
202537,2,71078,49,6963
202538,2,170414,49,6553
202539,2,170377,49,5151
202540,2,9099,49,4970
202541,2,1506,49,5053
202542,2,2278181,48,12726
202543,2,16935,48,9243
202544,2,2639,48,4161
202545,2,2030397,47,14974
202546,2,14515,47,10076
202547,2,843,47,10379
202548,2,919713,47,9272
202549,2,4915,47,5726
202550,2,86274,47,5749
202551,2,67192,47,5078
202552,2,16329,47,4955
202553,3,64657,71,2926
202554,2,14169,47,1056
202555,2,936380,46,14780
202556,2,982199,46,5729
202557,2,70281,46,5714
202558,2,71740,46,5477
202559,2,10851,46,3283
202560,2,14135,45,11665
202561,2,72147,45,10157
202562,2,267924,45,11557
202563,2,320,45,8446
202564,2,86277,45,8401
202565,2,11912,45,6788
202566,2,86278,45,6553
202567,2,67757,45,7828
202568,2,65765,45,5674
202569,2,13243,45,4445
202570,2,66787,45,4363
202571,2,67337,45,4984
202572,2,68512,45,3872
202573,2,186763,44,21553
202574,2,5061226,44,20467
202575,2,10777,44,11029
202576,2,4517,44,9370
202577,2,65236,44,8444
202578,2,1270,44,6478
202579,2,128504,44,7013
202580,2,6656,44,1253
202581,2,68346,43,10150
202582,2,11767,43,8671
202583,2,15982,43,8911
202584,2,67107,43,6881
202585,2,14874,42,13350
202586,2,63092,42,12749
202587,2,240615,42,13110
202588,2,10432,42,8740
202589,2,66680,42,8328
202590,2,3097133,42,5822
202591,2,2064,42,7645
202592,2,61551,42,4329
202593,2,11116,42,4118
202594,2,168085,41,13819
202595,2,128784,41,11590
202596,2,25216,41,11994
202597,2,16106,41,11316
202598,2,11701,41,10792
202599,2,263732,41,7504
202600,2,128945,41,8018
202601,2,177823,41,4885
202602,2,19562,41,968
202603,2,5060681,40,20518
202604,2,7078,40,12105
202605,2,14004,40,9979
202606,2,66285,40,8965
202607,2,2134,40,5029
202608,2,67953,40,6850
202609,2,7812,40,6186
202610,2,73044,40,7619
202611,2,5061191,40,5680
202612,2,8348,40,4952
202613,2,20285,40,3201
202614,2,4076398,40,2949
202615,2,16899,39,4491
202616,2,131764,38,16113
202617,2,65170,38,12066
202618,2,64010,38,10213
202619,2,3081354,38,11319
202620,2,5414,38,10058
202621,2,72681,38,8355
202622,2,1888936,37,15477
202623,2,70092,37,13365
202624,2,66323,37,9500
202625,2,18750,37,9800
202626,2,12738,37,9595
202627,2,14521,37,8467
202628,2,62680,37,4415
202629,2,63728,37,7655
202630,2,5808,37,4796
202631,2,62024,37,3169
202632,2,2614,37,4542
202633,2,70081,37,1864
202634,2,101236,36,17784
202635,2,71294,36,16413
202636,2,67928,36,8651
202637,2,7732,36,8558
202638,2,16465,36,6804
202639,2,70986,36,3229
202640,2,16186,36,4604
202641,2,3905548,36,4841
202642,2,65017,36,2471
202643,2,13897,35,12608
202644,2,472671,35,9092
202645,2,12929,35,8194
202646,2,14331,35,6255
202647,2,70808,35,7419
202648,2,11625,35,4866
202649,2,4731,35,5513
202650,2,3665861,35,6030
202651,2,15735,35,4535
202652,2,165993,35,4597
202653,2,68301,34,13549
202654,2,21281,34,12987
202655,2,69956,34,9299
202656,2,10716,34,8405
202657,2,69283,34,7958
202658,2,61715,34,5064
202659,2,70127,34,3314
202660,2,16060,34,2782
202661,2,1516620,33,12034
202662,2,5315,33,9342
202663,2,16534,33,10964
202664,2,133843,33,9826
202665,2,69559,33,9791
202666,2,66766,33,7225
202667,2,16415,33,7818
202668,2,69547,33,8563
202669,2,6262,33,8486
202670,2,65292,33,5619
202671,2,6736,33,5107
202672,2,72263,33,1325
202673,2,869314,32,19370
202674,2,724047,32,12044
202675,2,9342,32,11226
202676,2,3812,32,7628
202677,2,13002,32,6749
202678,2,2234660,32,8134
202679,2,10688,32,6310
202680,2,62831,32,5747
202681,2,67425,32,2392
202682,2,1238,32,5051
202683,2,3657425,31,14988
202684,2,4456,31,11328
202685,2,204045,31,12674
202686,2,4682574,31,10579
202687,2,3692244,31,11240
202688,2,64720,31,9332
202689,2,4890,31,10187
202690,2,646030,31,9920
202691,2,18948,31,6946
202692,2,68647,31,6641
202693,2,71370,31,3953
202694,2,8297,31,5406
202695,2,13029,31,1401
202696,2,91,30,12787
202697,2,138656,30,13192
202698,2,129540,30,11197
202699,2,5438,30,9873
202700,2,5061120,30,7943
202701,2,1501,30,8733
202702,2,14250,30,8039
202703,2,63931,30,7855
202704,2,2818,30,4978
202705,2,2218937,30,5591
202706,2,7668,30,5378
202707,2,70676,30,1230
202708,2,2164,30,4183
202709,2,64268,30,4293
202710,2,65249,30,2501
202711,2,345398,29,13443
202712,2,8620,29,12988
202713,2,128241,29,12307
202714,2,13944,29,11042
202715,2,129007,29,8384
202716,2,3083038,29,8213
202717,2,7833,29,7337
202718,2,11270,29,4814
202719,2,12210,29,7047
202720,2,3705154,29,5683
202721,2,3665008,28,13848
202722,2,541174,28,12433
202723,2,267617,28,11389
202724,2,381,28,10384
202725,2,17259,28,8436
202726,2,166340,28,8058
202727,2,66079,28,5693
202728,2,9621,28,4677
202729,2,69369,27,10217
202730,2,7903,27,5893
202731,2,1748975,27,6469
202732,2,3094480,27,9069
202733,2,3697823,27,7805
202734,2,5060475,27,5959
202735,2,5960,27,4967
202736,2,90426,27,7127
202737,2,63334,27,4892
202738,2,8390,27,4168
202739,2,18315,27,2281
202740,2,14005,26,13761
202741,2,1684,26,11827
202742,2,69614,26,11353
202743,2,894583,26,9615
202744,4,14502,26,5263
202745,2,140861,26,8721
202746,2,14235,26,7513
202747,2,2603,26,5733
202748,2,68691,26,4646
202749,2,56627,26,3844
202750,2,4274,26,3314
202751,2,1473104,26,5406
202752,2,18833,26,2665
202753,2,4773,25,18406
202754,2,69179,25,16552
202755,2,5217,25,10541
202756,2,20960,25,7219
202757,2,68674,25,7018
202758,2,12048,25,7576
202759,2,70783,25,5796
202760,2,69530,25,7082
202761,2,875878,25,7753
202762,2,23930,25,6766
202763,2,17183,25,5967
202764,2,2601,25,5559
202765,2,64419,25,5445
202766,2,120,25,4048
202767,2,10296,25,4224
202768,2,1875,25,5103
202769,2,5673,25,4245
202770,2,67889,24,11010
202771,2,4434,24,10176
202772,2,1363,24,9139
202773,2,72232,24,8750
202774,2,1577,24,8503
202775,2,1576501,24,6893
202776,2,10246,24,6792
202777,2,68958,24,4529
202778,2,2338,24,3639
202779,2,13369,24,2277
202780,2,462277,23,23769
202781,2,71626,23,9854
202782,2,10156,23,5504
202783,2,61799,23,7118
202784,2,867,23,5703
202785,2,66988,23,4942
202786,2,9891,23,6440
202787,2,64579,23,5598
202788,2,8874,23,3765
202789,2,65403,22,11987
202790,2,3386,22,11778
202791,2,90625,22,10920
202792,2,64142,22,6904
202793,2,5061292,22,8426
202794,2,66070,22,8384
202795,2,68742,22,6496
202796,2,68617,22,4618
202797,2,17389,22,4464
202798,2,69327,22,476
202799,2,132648,21,15972
202800,2,63980,21,13260
202801,2,672868,21,13880
202802,2,12532,21,9398
202803,2,8764,21,11411
202804,2,9100,21,9461
202805,2,15700,21,10603
202806,2,128979,21,9723
202807,2,22461,21,8532
202808,2,13117,21,9199
202809,2,89981,21,5657
202810,2,14971,21,4483
202811,2,97021,21,5558
202812,2,7427,21,5415
202813,2,64442,21,5110
202814,2,2468432,21,4674
202815,2,67701,21,2386
202816,2,101137,20,17078
202817,2,63707,20,5722
202818,2,4346,20,5446
202819,2,13315,20,5762
202820,2,69259,20,5282
202821,2,70144,20,4536
202822,2,855909,19,11839
202823,2,18678,19,9737
202824,2,68607,19,8254
202825,2,63822,19,7480
202826,2,14069,19,6631
202827,2,1592,19,4845
202828,2,37250,19,4347
202829,2,63620,19,2455
202830,2,86269,19,3360
202831,2,62499,19,4751
202832,2,18258,19,1952
202833,2,66051,18,11715
202834,2,216573,18,12917
202835,2,70868,18,9740
202836,2,7933,18,9011
202837,2,698,18,4286
202838,2,9682,18,4416
202839,2,71113,18,3853
202840,2,62179,17,12633
202841,2,70378,17,11643
202842,2,9074,17,10117
202843,2,3089028,17,11858
202844,2,10992,17,9014
202845,2,3242,17,9520
202846,2,11435,17,9479
202847,2,2331,17,5820
202848,2,15903,17,4910
202849,2,63571,17,2051
202850,2,6795,16,10556
202851,2,100765,16,7848
202852,2,17592,16,4899
202853,2,4666559,16,5993
202854,2,128428,16,8350
202855,2,68320,16,5061
202856,2,7856,16,3394
202857,2,70137,16,3903
202858,2,72128,16,2546
202859,2,132607,15,18556
202860,2,19443,15,9263
202861,2,1686380,15,9256
202862,2,19330,15,7886
202863,2,10498,15,6693
202864,2,65574,15,7135
202865,2,14801,15,7562
202866,3,1046776,19,7463
202867,2,2682,14,13674
202868,2,16733,14,12466
202869,2,135276,14,10530
202870,2,553051,14,11053
202871,2,68665,14,8303
202872,2,3091814,14,8518
202873,2,21340,14,6078
202874,2,20965,14,7669
202875,2,5387,14,5796
202876,2,65732,14,4266
202877,2,90296,14,3611
202878,2,101219,13,20788
202879,2,3502,13,17553
202880,2,5060963,13,17533
202881,2,167688,13,10255
202882,2,3714616,13,8939
202883,2,67184,13,9280
202884,2,170372,13,7194
202885,2,69605,13,4503
202886,2,170374,13,5864
202887,2,7554,13,5177
202888,2,72367,13,2599
202889,2,2193561,12,15482
202890,2,920686,12,13186
202891,2,1289949,12,10996
202892,2,16552,12,7723
202893,2,59111,12,3362
202894,2,12575,12,3813
202895,2,2154296,11,21774
202896,2,67305,11,12746
202897,2,247584,11,12682
202898,2,72141,11,8296
202899,2,14634,11,8252
202900,2,64027,11,7224
202901,2,7525,11,2204
202902,2,8066,11,5014
202903,2,613,11,6168
202904,2,71806,11,6700
202905,2,70795,11,2325
202906,2,19920,11,2770
202907,2,14391,11,860
202908,2,10152,10,9594
202909,2,61787,10,2482
202910,2,13435,10,5979
202911,2,13620,10,2011
202912,2,17684,10,4584
202913,2,147475,9,13059
202914,2,857853,9,10849
202915,2,71314,9,6687
202916,2,6874,9,5332
202917,2,147856,9,8105
202918,2,67740,9,5200
202919,2,4719,9,6072
202920,2,16781,9,4503
202921,2,69661,9,2106
202922,2,90310,8,13008
202923,2,4078568,8,11908
202924,2,127221,8,10952
202925,2,71392,8,6726
202926,2,9291,8,10518
202927,2,197218,8,9390
202928,2,61233,8,4977
202929,2,64223,8,6865
202930,2,70470,8,5458
202931,2,11011,8,4513
202932,2,483,8,5462
202933,2,15800,8,4133
202934,2,3325396,8,4895
202935,2,66909,8,2182
202936,2,67052,7,15509
202937,2,1624331,7,8348
202938,2,127812,7,8375
202939,2,1857722,7,9158
202940,2,10678,7,9006
202941,2,18492,7,10167
202942,2,63745,7,8348
202943,2,11972,7,5809
202944,2,61130,7,6388
202945,2,210163,7,8720
202946,2,54250,7,3153
202947,2,4578,7,5202
202948,2,879766,6,12230
202949,2,1377551,6,7792
202950,2,725,6,5876
202951,2,16482,6,4720
202952,2,70996,6,4637
202953,2,60772,6,3806
202954,2,62983,6,4072
202955,2,12756,6,2700
202956,2,20363,6,2799
202957,2,63658,6,4191
202958,2,18804,6,2860
202959,2,3629487,5,15221
202960,2,135246,5,10322
202961,2,873953,5,8535
202962,2,64637,5,4295
202963,2,63416,5,5598
202964,2,15236,4,21845
202965,2,70581,4,13179
202966,2,73042,4,13115
202967,2,2801983,4,13310
202968,2,138773,4,13435
202969,2,67713,4,11016
202970,2,568972,4,11301
202971,2,97071,4,9363
202972,2,5423,4,9415
202973,2,6642,4,6294
202974,2,7986,4,8275
202975,2,69398,4,3054
202976,2,70219,4,2821
202977,2,14084,4,1609
202978,2,67919,4,1465
202979,2,2967,3,15415
202980,2,96373,3,9218
202981,2,1030086,3,11594
202982,2,14454,3,7180
202983,2,9838,3,5611
202984,2,71170,3,9092
202985,2,14520,3,4209
202986,2,60198,3,4411
202987,2,67987,3,4039
202988,2,73036,2,10006
202989,2,65055,2,6189
202990,2,71413,2,5421
202991,2,71581,2,7163
202992,2,143049,2,7317
202993,2,15929,2,6363
202994,2,4588,2,6050
202995,2,64237,2,5061
202996,2,68178,2,4450
202997,2,65365,2,4135
202998,2,31265,2,3555
202999,2,1055744,1,5785
203000,2,14236,1,1344
203001,2,68121,1,835
203002,2,12491,0,11452
203003,2,15757,0,10256
203004,2,11919,0,8074
203005,2,1088867,0,8396
203006,1,3963,0,23583
203007,1,11277,0,23333
203008,1,5060604,0,23722
203009,1,1229149,0,23951
203010,1,129211,0,23018
203011,1,93282,0,23827
203012,1,3371619,0,23320
203013,1,130486,0,23718
203014,1,5060928,0,23757
203015,1,7811,0,23198
203016,1,361897,0,22940
203017,1,2672,0,23964
203018,1,133243,0,22714
203019,1,1932378,0,23374
203020,1,69044,0,22941
203021,1,100703,0,22870
203022,1,127633,0,23243
203023,2,94844,585,22325
203024,1,130526,0,23416
203025,1,1652901,0,22926
203026,1,1019933,0,23220
203027,1,5061088,0,23846
203028,1,2262785,0,23672
203029,1,2428,0,22209
203030,1,1191458,0,23028
203031,1,204118,0,23808
203032,1,773629,0,23747
203033,1,65789,0,23548
203034,1,451561,0,23866
203035,1,1052974,0,23586
203036,1,3090467,0,23180
203037,1,5060721,0,22543
203038,1,1650563,0,21951
203039,1,3977245,0,23293
203040,1,3952768,0,22640
203041,1,3594797,0,22862
203042,1,922804,0,23365
203043,1,101262,0,22415
203044,1,87325,0,23013
203045,1,5648,0,21888
203046,1,3677799,0,22277
203047,1,3907526,0,22529
203048,1,2289387,0,22986
203049,1,706366,0,23249
203050,1,72036,0,21349
203051,1,3081391,0,23452
203052,1,147714,0,23506
203053,1,3675900,0,23138
203054,1,23196,0,22202
203055,1,69481,0,21470
203056,1,1108508,0,23017
203057,1,133100,0,23470
203058,1,3808,0,21341
203059,1,129998,0,23414
203060,1,4681601,0,22680
203061,1,127233,0,23354
203062,1,412359,0,22981
203063,1,1365515,0,21141
203064,1,3611955,0,23060
203065,1,3092103,0,22916
203066,1,131689,0,22968
203067,1,1373325,0,21549
203068,1,132979,0,23129
203069,1,128993,0,21931
203070,1,264163,0,22992
203071,1,72726,0,21686
203072,1,5060627,0,22334
203073,1,3080741,0,22656
203074,1,1469153,0,22731
203075,1,4078387,0,23191
203076,1,69590,0,22474
203077,1,72589,0,21837
203078,1,69541,0,22375
203079,1,128642,0,22660
203080,1,5060930,0,22441
203081,1,283414,0,22803
203082,1,3095437,0,23440
203083,1,97367,0,21456
203084,1,138434,0,22819
203085,1,254897,0,20486
203086,1,3641927,0,22024
203087,1,2160237,0,22354
203088,1,2203327,0,21355
203089,1,943417,0,21897
203090,1,5060880,0,22058
203091,1,222475,0,23042
203092,1,2044153,0,22138
203093,1,129929,0,22457
203094,1,5061263,0,21224
203095,1,129587,0,22068
203096,1,802,0,21469
203097,1,1971101,0,21635
203098,1,70849,0,21645
203099,1,1915524,0,22129
203100,1,1031059,0,22550
203101,1,1197702,0,21488
203102,1,146144,0,22770
203103,1,194018,0,21795
203104,1,166313,0,21619
203105,1,5060795,0,22647
203106,1,127515,0,22052
203107,1,1723160,0,21886
203108,1,63277,0,20053
203109,1,9318,0,21796
203110,1,249641,0,22864
203111,1,3636102,0,22032
203112,1,712481,0,22568
203113,1,996374,0,21753
203114,1,233039,0,20392
203115,1,128220,0,20881
203116,1,192842,0,21354
203117,1,5060775,0,21628
203118,1,95299,0,22319
203119,1,1445395,0,21996
203120,1,130322,0,22757
203121,1,2825402,0,20724
203122,1,276505,0,22586
203123,1,4076797,0,21896
203124,1,1040370,0,22215
203125,1,3092619,0,20909
203126,1,2506,0,22193
203127,1,3504650,0,21178
203128,1,76642,0,21502
203129,1,334555,0,22042
203130,1,2508446,0,21781
203131,1,68879,0,20727
203132,1,1174,0,21604
203133,1,132046,0,21857
203134,1,5060784,0,20475
203135,1,166265,0,22275
203136,1,2801439,0,22194
203137,1,65424,0,21621
203138,1,5060626,0,20510
203139,1,235215,0,22663
203140,1,3092223,0,21062
203141,1,2294431,0,21135
203142,1,3085584,0,21685
203143,1,1799070,0,21354
203144,1,129621,0,21961
203145,1,13076,0,21080
203146,1,236852,0,22187
203147,1,2260307,0,20833
203148,1,94855,0,22273
203149,1,3093439,0,20721
203150,1,134114,0,22410
203151,1,1333396,0,21096
203152,1,2222873,0,21210
203153,1,3924035,0,20102
203154,1,949757,0,19811
203155,1,131890,0,21611
203156,1,245754,0,22310
203157,1,206144,0,20432
203158,1,71871,0,19353
203159,1,5060577,0,20275
203160,1,7752,0,20628
203161,1,4078014,0,21669
203162,1,132586,0,21260
203163,1,133040,0,22022
203164,1,5060836,0,21383
203165,1,3088477,0,20475
203166,1,3294,0,20751
203167,1,4077932,0,21280
203168,1,837989,0,21505
203169,1,64407,0,21878
203170,1,85495,0,21281
203171,1,128228,0,21475
203172,1,1809050,0,20518
203173,1,3088964,0,20804
203174,1,128288,0,21443
203175,1,3975172,0,20876
203176,1,3088155,0,21113
203177,1,133325,0,21025
203178,1,4617,0,20848
203179,1,207470,0,21725
203180,1,1042,0,21067
203181,1,129904,0,19695
203182,1,892974,0,21637
203183,1,1691605,0,20165
203184,1,130274,0,20942
203185,1,4077949,0,20437
203186,1,3088723,0,20803
203187,1,208231,0,21651
203188,1,1243464,0,20641
203189,1,161284,0,21264
203190,1,781341,0,21362
203191,1,4681052,0,21976
203192,1,90010,0,21384
203193,1,4684574,0,20479
203194,1,3151,0,18107
203195,1,12062,0,20483
203196,1,3637257,0,21520
203197,1,135265,0,20879
203198,1,3627162,0,20348
203199,1,1292634,0,20659
203200,1,127256,0,20902
203201,1,5060820,0,20291
203202,1,12060,0,21075
203203,1,128955,0,20356
203204,1,133021,0,21192
203205,1,132032,0,21421
203206,1,237974,0,21343
203207,1,768598,0,21281
203208,1,164479,0,20457
203209,1,1576,0,21188
203210,1,217018,0,20098
203211,1,2198928,0,20453
203212,1,127330,0,21131
203213,1,460997,0,20452
203214,1,67590,0,20653
203215,1,134682,0,21148
203216,1,166355,0,21011
203217,1,998046,0,20302
203218,1,274752,0,21054
203219,1,1150,0,19632
203220,1,211523,0,19604
203221,1,565571,0,21298
203222,1,995101,0,20359
203223,1,251064,0,21184
203224,1,790887,0,21103
203225,1,66960,0,20654
203226,1,66902,0,19275
203227,1,133029,0,21167
203228,1,16884,0,20222
203229,1,129884,0,20936
203230,1,67673,0,19302
203231,1,2044978,0,20383
203232,1,132802,0,19114
203233,1,494254,0,19499
203234,1,1313916,0,20400
203235,1,265133,0,20841
203236,1,223782,0,19396
203237,1,1837560,0,20049
203238,1,135006,0,20923
203239,1,127975,0,21139
203240,1,177401,0,20437
203241,1,199901,0,19839
203242,1,623092,0,20041
203243,1,1923558,0,20387
203244,1,5060460,0,20664
203245,1,4858,0,19207
203246,1,69986,0,19687
203247,1,2409731,0,20217
203248,1,1734819,0,19803
203249,1,148122,0,21107
203250,1,3091908,0,20442
203251,1,1390119,0,20632
203252,1,11491,0,20766
203253,1,960,0,20054
203254,1,3080895,0,20433
203255,1,2398377,0,19523
203256,1,3081086,0,20766
203257,1,3090033,0,19606
203258,1,73460,0,20150
203259,1,3092574,0,20872
203260,1,473921,0,19298
203261,1,131610,0,20824
203262,1,132453,0,20741
203263,1,1349278,0,20347
203264,1,2824422,0,20734
203265,1,223424,0,20562
203266,1,3099259,0,19419
203267,1,1114646,0,19729
203268,1,1853972,0,20242
203269,1,2798005,0,19463
203270,1,2195270,0,20583
203271,1,597536,0,20614
203272,1,1574836,0,20211
203273,1,131162,0,20727
203274,1,2305367,0,20620
203275,1,1373876,0,19853
203276,1,147550,0,20255
203277,1,212128,0,20195
203278,1,178751,0,20014
203279,1,12169,0,19389
203280,1,133668,0,19694
203281,1,408,0,20331
203282,1,2045023,0,19691
203283,1,3087478,0,19843
203284,1,802298,0,20186
203285,1,1311740,0,19781
203286,1,6766,0,19764
203287,1,1799291,0,19050
203288,1,3090910,0,19195
203289,1,451443,0,20892
203290,1,207000,0,20593
203291,1,10632,0,20758
203292,1,129116,0,20629
203293,1,132278,0,20741
203294,1,67716,0,19006
203295,1,3724953,0,21116
203296,1,3091400,0,19847
203297,2,431822,704,18457
203298,1,72369,0,19754
203299,1,260379,0,20086
203300,1,1353271,0,20230
203301,1,135030,0,20523
203302,1,164273,0,19194
203303,1,170018,0,19475
203304,1,222619,0,21008
203305,1,134358,0,19670
203306,1,819582,0,19129
203307,1,864658,0,20020
203308,1,3091768,0,19326
203309,1,230783,0,21081
203310,1,4078176,0,19420
203311,1,1451549,0,19627
203312,1,1162816,0,19758
203313,1,93023,0,20162
203314,1,68212,0,18830
203315,1,4077835,0,20167
203316,1,187866,0,19955
203317,1,720001,0,20153
203318,1,95124,0,19841
203319,1,2078572,0,19686
203320,1,947535,0,19674
203321,1,1259774,0,19560
203322,1,2032565,0,19743
203323,1,3654351,0,20114
203324,1,2791803,0,19284
203325,1,4077848,0,20510
203326,1,130981,0,20072
203327,1,720,0,19989
203328,1,11481,0,18718
203329,1,158,0,19760
203330,1,324788,0,19742
203331,1,3080622,0,20116
203332,1,3090313,0,19148
203333,1,1271655,0,18680
203334,1,5061001,0,19662
203335,1,509717,0,19946
203336,1,68634,0,20035
203337,1,1681935,0,20055
203338,1,1808923,0,20080
203339,1,1365955,0,19671
203340,1,134548,0,19231
203341,1,95284,0,19953
203342,1,217307,0,19649
203343,1,3713438,0,20475
203344,1,1733,0,19146
203345,1,13669,0,19726
203346,1,1726619,0,19232
203347,1,19523,0,19477
203348,1,172885,0,19602
203349,1,148384,0,19953
203350,1,951921,0,18805
203351,1,10020,0,19298
203352,1,356854,0,19903
203353,1,4818,0,19291
203354,1,62373,0,19485
203355,1,191747,0,19187
203356,1,1381929,0,19244
203357,1,10513,0,19867
203358,1,101225,0,19586
203359,1,1279356,0,18107
203360,1,3248,0,17622
203361,1,270256,0,20407
203362,1,4077918,0,19853
203363,1,65556,0,19420
203364,1,6272,0,18699
203365,1,195548,0,19511
203366,1,3987787,0,19068
203367,1,131207,0,19708
203368,1,127993,0,19293
203369,1,84913,0,19600
203370,1,127555,0,19570
203371,1,5060457,0,19363
203372,1,1799814,0,19504
203373,1,5060708,0,18711
203374,1,3089385,0,18990
203375,1,2538,0,17806
203376,1,68022,0,18788
203377,1,1376776,0,19039
203378,1,132016,0,19535
203379,1,298551,0,19811
203380,1,8626,0,18034
203381,1,101226,0,19373
203382,1,166253,0,19948
203383,1,1323081,0,17293
203384,1,332349,0,19564
203385,1,5061213,0,17626
203386,1,3608494,0,19717
203387,1,14054,0,18868
203388,1,3092039,0,19259
203389,1,134635,0,18737
203390,1,306415,0,19166
203391,1,133604,0,19372
203392,1,387106,0,19071
203393,1,72277,0,19127
203394,1,5061106,0,17739
203395,1,162055,0,19256
203396,1,1713152,0,19088
203397,1,1175702,0,19003
203398,1,2373050,0,18401
203399,1,4682601,0,19015
203400,1,172210,0,18911
203401,1,273558,0,19664
203402,1,3095485,0,19570
203403,1,71425,0,18848
203404,1,965192,0,19269
203405,1,417530,0,19631
203406,1,385564,0,19973
203407,1,5060589,0,18798
203408,1,15766,0,18811
203409,1,13181,0,19411
203410,1,642392,0,19077
203411,1,3519,0,16543
203412,1,21023,0,18928
203413,1,135316,0,19000
203414,1,820955,0,20073
203415,1,4077671,0,19110
203416,1,5060465,0,18159
203417,1,71735,0,17936
203418,1,910103,0,19088
203419,1,1292785,0,18526
203420,1,5060994,0,18818
203421,1,130287,0,19260
203422,1,910708,0,19320
203423,1,1657542,0,18689
203424,1,132927,0,19245
203425,1,67038,0,19059
203426,1,1382175,0,19042
203427,1,14748,0,19887
203428,1,9829,0,18592
203429,1,177688,0,19153
203430,1,3600104,0,18002
203431,1,148205,0,18957
203432,1,97526,0,19980
203433,1,130897,0,18419
203434,1,1391231,0,18888
203435,1,17490,0,18711
203436,1,230254,0,19877
203437,1,257846,0,19011
203438,1,130624,0,19498
203439,1,404355,0,18766
203440,1,73423,0,18734
203441,1,1282906,0,19075
203442,1,131088,0,19118
203443,1,63952,0,17977
203444,1,5060720,0,18592
203445,1,3083094,0,17866
203446,1,4078123,0,18792
203447,1,68603,0,17444
203448,1,146657,0,19569
203449,1,127196,0,19639
203450,1,7621,0,17979
203451,1,3094408,0,19105
203452,1,133168,0,19427
203453,1,1957946,0,18066
203454,1,15581,0,19430
203455,1,3080636,0,19085
203456,1,1036263,0,18225
203457,1,3085739,0,18691
203458,1,69634,0,18624
203459,1,245703,0,19291
203460,1,5448,0,17250
203461,1,3089274,0,18651
203462,1,66172,0,17798
203463,1,67973,0,18804
203464,1,127541,0,19547
203465,1,196846,0,18275
203466,1,13564,0,18797
203467,1,439603,0,18003
203468,1,5061230,0,17037
203469,1,132227,0,19045
203470,1,4682124,0,19059
203471,1,995,0,18494
203472,1,3442507,0,18996
203473,1,127676,0,18792
203474,1,11792,0,18643
203475,1,127573,0,19091
203476,1,3654670,0,17338
203477,1,16167,0,16910
203478,1,221812,0,19413
203479,1,88109,0,18498
203480,1,2479571,0,17982
203481,1,993836,0,17751
203482,1,3598900,0,18817
203483,1,1457557,0,19016
203484,1,97442,0,18073
203485,1,17184,0,18056
203486,1,394632,0,19329
203487,1,131305,0,18574
203488,1,127366,0,19153
203489,1,9511,0,17365
203490,1,1781617,0,18037
203491,1,68767,0,17941
203492,1,1274522,0,18044
203493,1,3092375,0,17816
203494,1,3083189,0,18445
203495,1,134428,0,18624
203496,1,3441825,0,19017
203497,1,3089398,0,17730
203498,1,229251,0,18003
203499,1,2811,0,18375
203500,1,133139,0,18991
203501,1,3088180,0,17153
203502,1,1601495,0,18392
203503,1,178385,0,18902
203504,1,204653,0,17120
203505,1,15851,0,18600
203506,1,970672,0,18566
203507,1,727251,0,19310
203508,1,66829,0,18339
203509,1,132540,0,18124
203510,1,100039,0,19228
203511,1,72361,0,17329
203512,1,63758,0,18244
203513,1,167564,0,17030
203514,1,4089,0,16795
203515,1,3874687,0,17990
203516,1,128361,0,17615
203517,1,15805,0,17055
203518,1,67323,0,18383
203519,1,968351,0,18116
203520,1,846566,0,19254
203521,1,3093269,0,18739
203522,1,6362,0,17881
203523,1,1049303,0,18546
203524,1,3958858,0,18325
203525,1,134934,0,17393
203526,1,2793375,0,14983
203527,1,173342,0,18473
203528,1,63501,0,18484
203529,1,693515,0,18835
203530,1,18912,0,16710
203531,1,134106,0,19014
203532,1,251725,0,19075
203533,1,1062559,0,18559
203534,1,3331,0,17813
203535,1,61425,0,18846
203536,1,64378,0,18287
203537,1,4076591,0,19366
203538,1,67116,0,16946
203539,1,398839,0,18529
203540,1,131725,0,17590
203541,1,163364,0,18380
203542,1,647015,0,19072
203543,1,1314560,0,18552
203544,1,3925139,0,17154
203545,1,127201,0,18947
203546,1,2886,0,16400
203547,1,224333,0,19146
203548,1,89001,0,19086
203549,1,1286515,0,17544
203550,1,14440,0,19047
203551,1,133878,0,18015
203552,1,161388,0,18934
203553,1,1379,0,18708
203554,1,345623,0,18492
203555,1,1262766,0,18522
203556,1,6450,0,16024
203557,1,13983,0,18291
203558,1,95521,0,17356
203559,1,14379,0,17802
203560,1,3948385,0,18738
203561,1,5060840,0,18294
203562,1,131330,0,18557
203563,1,3082959,0,16928
203564,1,6888,0,18249
203565,1,1361058,0,17773
203566,1,8688,0,18012
203567,1,2801946,0,19116
203568,1,1289932,0,18206
203569,1,67772,0,17749
203570,1,97037,0,16921
203571,1,132637,0,18440
203572,1,2095,0,17441
203573,1,1223203,0,18439
203574,1,204179,0,17578
203575,1,131774,0,16923
203576,1,3264,0,18184
203577,1,67828,0,17461
203578,1,2344768,0,18100
203579,1,14222,0,17836
203580,1,1801,0,18408
203581,1,309517,0,18702
203582,1,3089478,0,17771
203583,1,65644,0,18376
203584,1,89928,0,17944
203585,1,127821,0,17967
203586,1,3696063,0,18948
203587,1,2791753,0,19178
203588,1,1084401,0,18342
203589,1,3964292,0,18055
203590,1,5060735,0,18227
203591,1,132563,0,17976
203592,1,72199,0,18757
203593,1,206112,0,17491
203594,1,2903,0,18439
203595,1,15473,0,17377
203596,1,3680140,0,17304
203597,1,232944,0,17755
203598,1,4902,0,18518
203599,1,3588691,0,18113
203600,1,1747537,0,16684
203601,1,204069,0,17848
203602,1,1060148,0,16543
203603,1,1320689,0,17757
203604,1,3678531,0,17714
203605,1,5061015,0,17811
203606,1,1089199,0,18240
203607,1,16306,0,17952
203608,1,1137407,0,17420
203609,1,166338,0,17810
203610,1,652070,0,18321
203611,1,362552,0,17356
203612,1,132749,0,18345
203613,1,133184,0,17595
203614,1,212546,0,18411
203615,1,101138,0,17943
203616,1,129869,0,17816
203617,1,1668,0,17950
203618,1,968345,0,18237
203619,1,3708907,0,17233
203620,1,251330,0,17750
203621,1,133731,0,17073
203622,1,138652,0,18334
203623,1,579591,0,17921
203624,1,147141,0,17288
203625,1,2094564,0,17854
203626,1,997170,0,17790
203627,1,1231347,0,17709
203628,1,127395,0,17852
203629,1,3088387,0,17682
203630,1,3688999,0,18464
203631,1,1086306,0,17702
203632,1,165986,0,17543
203633,1,967277,0,16822
203634,1,4076450,0,18225
203635,1,1623993,0,18060
203636,1,1815706,0,17452
203637,1,70424,0,17206
203638,1,2046495,0,18204
203639,1,1456714,0,18064
203640,1,166195,0,18700
203641,1,101245,0,18046
203642,1,71298,0,17025
203643,1,708011,0,18436
203644,1,69543,0,16078
203645,1,134937,0,18324
203646,1,131553,0,18111
203647,1,3632044,0,18082
203648,1,754012,0,18416
203649,1,66879,0,16148
203650,1,2852,0,17425
203651,1,2917,0,16328
203652,1,3095680,0,18407
203653,1,133652,0,17955
203654,1,66060,0,14994
203655,1,2009,0,18176
203656,1,1494785,0,18022
203657,1,472453,0,17750
203658,1,240792,0,17948
203659,1,981348,0,17935
203660,1,1806169,0,17123
203661,1,1660669,0,17734
203662,1,1591489,0,17840
203663,1,902903,0,17680
203664,1,3089390,0,17092
203665,1,1840188,0,17392
203666,1,63369,0,16684
203667,1,197681,0,17547
203668,1,127534,0,17657
203669,1,299047,0,15644
203670,1,4411,0,17183
203671,1,3902391,0,17740
203672,1,995420,0,18192
203673,1,143610,0,16798
203674,1,68055,0,17960
203675,1,3701194,0,16962
203676,1,7388,0,18047
203677,1,3593208,0,18104
203678,1,2451053,0,18061
203679,1,128144,0,17734
203680,1,256296,0,17901
203681,1,3077584,0,16597
203682,1,135325,0,17657
203683,1,85054,0,16930
203684,1,3089130,0,16664
203685,1,210402,0,15693
203686,1,2816235,0,18035
203687,1,128566,0,16764
203688,1,150062,0,16429
203689,1,204321,0,16944
203690,1,1168717,0,17647
203691,1,133122,0,18315
203692,1,127456,0,17972
203693,1,835077,0,17404
203694,1,408690,0,17697
203695,1,69745,0,18024
203696,1,70300,0,16407
203697,1,138512,0,17391
203698,1,147329,0,17250
203699,1,71614,0,16388
203700,1,14964,0,13570
203701,1,562038,0,17949
203702,1,69229,0,17409
203703,1,185664,0,17293
203704,1,3080952,0,18513
203705,1,1806,0,16510
203706,1,66744,0,14450
203707,1,1083387,0,18052
203708,1,3088070,0,17294
203709,1,2012841,0,15227
203710,1,161695,0,17551
203711,1,5060455,0,17737
203712,1,70380,0,15343
203713,1,170389,0,17653
203714,1,2757,0,16730
203715,1,3089291,0,16662
203716,1,167613,0,17105
203717,1,95286,0,17023
203718,1,12518,0,16459
203719,1,608407,0,17874
203720,1,1300976,0,17720
203721,1,5061033,0,17654
203722,1,8610,0,16339
203723,1,982228,0,17594
203724,1,1057569,0,16423
203725,1,1572993,0,17412
203726,1,2074011,0,17766
203727,1,3595439,0,17857
203728,1,186782,0,17214
203729,1,1091664,0,16974
203730,1,170422,0,17031
203731,1,4076554,0,17736
203732,1,178884,0,17989
203733,1,3577,0,16205
203734,1,3691679,0,17961
203735,1,9770,0,17450
203736,1,4984,0,16564
203737,1,87867,0,17512
203738,1,3631646,0,16730
203739,1,312857,0,17841
203740,1,18178,0,16724
203741,1,3089044,0,17221
203742,1,926227,0,16718
203743,1,1645687,0,16745
203744,1,1141523,0,17800
203745,1,3920480,0,17597
203746,1,132496,0,16983
203747,1,179591,0,17533
203748,1,3092999,0,17384
203749,1,1333088,0,16222
203750,1,16915,0,17844
203751,1,403504,0,17035
203752,1,71952,0,16406
203753,1,134273,0,16945
203754,1,395252,0,17137
203755,1,134569,0,17627
203756,1,172809,0,16542
203757,1,71813,0,16705
203758,1,17875,0,17319
203759,1,17282,0,17924
203760,1,66065,0,16575
203761,1,4616617,0,18030
203762,1,10511,0,17068
203763,1,15107,0,16628
203764,1,15122,0,18255
203765,1,1529125,0,17311
203766,1,134326,0,16700
203767,1,642477,0,16325
203768,1,131607,0,17177
203769,1,4080434,0,16343
203770,1,72010,0,16694
203771,1,5060756,0,16783
203772,1,3089199,0,15796
203773,1,1016399,0,15901
203774,1,3089641,0,17455
203775,1,17001,0,16279
203776,1,33857,0,16857
203777,1,14195,0,16292
203778,1,822759,0,17000
203779,1,147477,0,16512
203780,1,133921,0,17807
203781,1,130763,0,17713
203782,1,67111,0,17166
203783,1,178680,0,18261
203784,1,3096,0,16139
203785,1,5061156,0,15742
203786,1,17396,0,15194
203787,1,149389,0,17710
203788,1,5060558,0,16789
203789,1,134706,0,17542
203790,1,1095563,0,17155
203791,1,3130,0,16270
203792,1,1065087,0,17519
203793,1,772529,0,17144
203794,1,11327,0,17253
203795,1,10191,0,16770
203796,1,2149271,0,16196
203797,1,65792,0,17425
203798,1,2136512,0,16421
203799,1,2208538,0,16999
203800,1,225553,0,17967
203801,1,131293,0,17289
203802,1,220212,0,17874
203803,1,3088576,0,17113
203804,1,3088592,0,16169
203805,1,1681,0,17142
203806,1,148938,0,16494
203807,1,3574,0,14630
203808,1,2817262,0,17133
203809,1,95164,0,17419
203810,1,3092430,0,17117
203811,1,224413,0,17500
203812,1,304429,0,15257
203813,1,132685,0,16505
203814,1,64950,0,16266
203815,1,19587,0,17347
203816,1,2012087,0,16461
203817,1,205422,0,17629
203818,1,64620,0,17129
203819,1,131001,0,16579
203820,1,1595604,0,16742
203821,1,5060593,0,16304
203822,1,1015491,0,17451
203823,1,66955,0,16352
203824,1,5061238,0,15973
203825,1,4616471,0,17267
203826,1,2793199,0,15448
203827,1,235032,0,17956
203828,1,11021,0,15381
203829,1,6605,0,15039
203830,1,1468,0,16160
203831,1,149124,0,17347
203832,1,195199,0,17161
203833,1,1820703,0,17192
203834,1,131028,0,17415
203835,1,13427,0,17205
203836,1,4683495,0,17758
203837,1,969952,0,17086
203838,1,332556,0,17143
203839,1,17189,0,17019
203840,1,133254,0,16325
203841,1,3690534,0,17966
203842,1,134351,0,17192
203843,1,1203477,0,17578
203844,1,172039,0,16208
203845,1,187683,0,17083
203846,1,1045539,0,17018
203847,1,70694,0,16369
203848,1,1519102,0,15778
203849,1,5061141,0,14759
203850,1,127499,0,17852
203851,1,4076501,0,17164
203852,1,13077,0,17262
203853,1,3090581,0,16539
203854,1,72890,0,16888
203855,1,138609,0,16740
203856,1,149137,0,17480
203857,1,129992,0,16880
203858,1,1795973,0,16577
203859,1,66124,0,16527
203860,1,68895,0,16027
203861,1,17201,0,15810
203862,1,3993532,0,17134
203863,1,70490,0,16739
203864,1,133817,0,17081
203865,1,2311,0,16821
203866,1,127979,0,16893
203867,1,4869,0,16293
203868,1,132375,0,16097
203869,1,12854,0,16213
203870,1,2793219,0,15733
203871,1,133352,0,17052
203872,1,131027,0,16220
203873,1,2798290,0,16875
203874,1,127583,0,17534
203875,1,630778,0,17450
203876,1,15457,0,17146
203877,1,127204,0,17806
203878,1,5140,0,17068
203879,1,1111407,0,16637
203880,1,68580,0,15800
203881,1,3089179,0,14783
203882,1,1118967,0,16136
203883,1,2396332,0,15251
203884,1,133683,0,17206
203885,1,131645,0,16827
203886,1,2061788,0,16603
203887,1,3085077,0,17044
203888,1,8687,0,15343
203889,1,18673,0,16579
203890,1,1422489,0,14850
203891,1,149848,0,15937
203892,1,69128,0,16561
203893,1,3639707,0,16974
203894,1,66444,0,16700
203895,1,165995,0,17464
203896,1,2162640,0,17298
203897,1,998011,0,16994
203898,1,4076770,0,17744
203899,1,67363,0,17075
203900,1,67414,0,16911
203901,1,199154,0,17271
203902,1,178146,0,16044
203903,1,147465,0,16203
203904,1,3686108,0,17143
203905,1,715980,0,17245
203906,1,165312,0,16023
203907,1,4684592,0,16544
203908,1,205327,0,17205
203909,1,6900,0,15224
203910,1,63960,0,16352
203911,1,165902,0,17041
203912,1,414727,0,17014
203913,1,236711,0,17752
203914,1,5995,0,15587
203915,1,2099945,0,16357
203916,1,130070,0,16810
203917,1,2150946,0,15613
203918,1,129243,0,17100
203919,1,128625,0,17384
203920,1,1062563,0,17183
203921,1,169998,0,16281
203922,1,1711870,0,15208
203923,1,93579,0,16763
203924,1,92036,0,16600
203925,1,129945,0,15327
203926,1,1964245,0,16431
203927,1,10288,0,16345
203928,1,14082,0,16687
203929,1,147049,0,16521
203930,1,147128,0,17425
203931,1,89901,0,16862
203932,1,375765,0,16660
203933,1,148982,0,17714
203934,1,1082331,0,16538
203935,1,67104,0,16824
203936,1,2072084,0,14803
203937,1,3690467,0,16781
203938,1,476962,0,16716
203939,1,227207,0,16895
203940,1,129699,0,16519
203941,1,4684732,0,17663
203942,1,3091558,0,15728
203943,1,6813,0,16901
203944,1,64573,0,15889
203945,1,70994,0,16665
203946,1,386939,0,17331
203947,1,4904,0,16626
203948,1,64184,0,15485
203949,1,65548,0,16095
203950,1,86020,0,17546
203951,1,924699,0,16610
203952,1,935274,0,16451
203953,1,165853,0,17024
203954,1,3094673,0,15319
203955,1,5262,0,15316
203956,1,971213,0,17075
203957,1,423513,0,17454
203958,1,191132,0,16485
203959,1,5060585,0,15186
203960,1,66659,0,16021
203961,1,67315,0,16997
203962,1,2125853,0,16348
203963,1,6278,0,16078
203964,1,2188095,0,16051
203965,1,71906,0,13681
203966,1,563418,0,16907
203967,1,2776,0,15305
203968,1,948158,0,16978
203969,1,146600,0,17084
203970,1,16661,0,17043
203971,1,19986,0,16652
203972,1,3677816,0,16905
203973,1,71741,0,15635
203974,1,147364,0,17363
203975,1,134551,0,16574
203976,1,5060695,0,15841
203977,1,4077551,0,15365
203978,1,90441,0,16005
203979,1,485478,0,16664
203980,1,1441623,0,16444
203981,1,3098463,0,17232
203982,1,12866,0,15584
203983,1,128929,0,15248
203984,1,1039615,0,16657
203985,1,7277,0,15075
203986,1,1151183,0,16737
203987,1,17420,0,14512
203988,1,66654,0,16791
203989,1,351996,0,16669
203990,1,255571,0,16056
203991,1,2829045,0,15378
203992,1,301327,0,16544
203993,1,3669729,0,16701
203994,1,1145084,0,16818
203995,1,72176,0,15362
203996,1,3708565,0,16766
203997,1,2372311,0,16689
203998,1,4463,0,16288
203999,1,418922,0,16958
204000,1,959513,0,16746
204001,1,5061190,0,15364
204002,1,135017,0,16458
204003,1,13993,0,16611
204004,1,1312333,0,16641
204005,1,132160,0,16729
204006,1,18922,0,16905
204007,1,144318,0,16015
204008,1,3074415,0,16559
204009,1,166347,0,15050
204010,1,15330,0,16261
204011,1,10342,0,14172
204012,1,2063041,0,16554
204013,1,73164,0,15476
204014,1,1485848,0,16570
204015,1,68217,0,16151
204016,1,101208,0,16741
204017,1,293327,0,16309
204018,1,5453,0,15870
204019,1,17524,0,15180
204020,1,959719,0,17119
204021,1,13233,0,16142
204022,1,66347,0,15223
204023,1,1654248,0,16510
204024,1,1281108,0,15940
204025,1,16785,0,16356
204026,1,828207,0,15477
204027,1,1511766,0,16243
204028,1,1374956,0,15259
204029,1,130781,0,16619
204030,1,66639,0,14387
204031,1,5061152,0,14055
204032,1,5060990,0,16253
204033,1,5061167,0,14496
204034,1,428117,0,16909
204035,1,4408,0,15962
204036,1,307583,0,16045
204037,1,130736,0,16666
204038,1,130355,0,16857
204039,1,5060643,0,15374
204040,1,76527,0,15398
204041,1,3675720,0,16897
204042,1,231169,0,16683
204043,1,978901,0,16244
204044,1,3441840,0,16588
204045,1,17246,0,14987
204046,1,2817164,0,16042
204047,1,148465,0,14660
204048,1,943523,0,16311
204049,1,17663,0,16859
204050,1,129032,0,14591
204051,1,89898,0,15905
204052,1,1160533,0,16108
204053,1,4426,0,16084
204054,1,69125,0,15555
204055,1,522668,0,16115
204056,1,2224,0,16359
204057,1,130149,0,16210
204058,1,170445,0,15186
204059,1,64516,0,15697
204060,1,70409,0,14235
204061,1,2515,0,16147
204062,1,14425,0,15675
204063,1,129050,0,16267
204064,1,4962,0,15855
204065,1,239017,0,15946
204066,1,130600,0,16265
204067,1,130812,0,15142
204068,1,1271501,0,16267
204069,1,5061199,0,15195
204070,1,166740,0,16071
204071,1,5060843,0,15595
204072,1,482919,0,15237
204073,1,130321,0,16226
204074,1,131061,0,16855
204075,1,163280,0,16023
204076,1,2227425,0,15951
204077,1,76461,0,17024
204078,1,1969584,0,15802
204079,1,202945,0,15030
204080,1,10261,0,14457
204081,1,3977490,0,15261
204082,1,18021,0,15159
204083,1,1552139,0,16742
204084,1,175099,0,16440
204085,1,16312,0,16453
204086,1,5061196,0,14561
204087,1,5060894,0,15962
204088,1,1020112,0,15689
204089,1,71863,0,14214
204090,1,1090771,0,16415
204091,1,64904,0,14584
204092,1,4796,0,16433
204093,1,9494,0,14265
204094,1,5431,0,15991
204095,1,131828,0,16179
204096,1,134229,0,15967
204097,1,3080810,0,16383
204098,1,904704,0,16285
204099,1,147907,0,16776
204100,1,376407,0,16197
204101,1,5061066,0,15662
204102,1,1366726,0,16289
204103,1,3779,0,14732
204104,1,130280,0,16558
204105,1,4077324,0,14999
204106,1,128124,0,16226
204107,1,16557,0,16099
204108,1,93556,0,16374
204109,1,3069,0,13740
204110,1,69654,0,16236
204111,1,129127,0,14213
204112,1,2147414,0,16326
204113,1,2533990,0,15309
204114,1,7041,0,15525
204115,1,464262,0,17101
204116,1,3087892,0,15466
204117,1,96,0,14926
204118,1,166726,0,14192
204119,1,71499,0,15589
204120,1,259060,0,15759
204121,1,128587,0,16283
204122,1,167717,0,15872
204123,1,2176130,0,15069
204124,1,68449,0,15065
204125,1,456636,0,14752
204126,1,130376,0,14768
204127,1,65004,0,12890
204128,1,65728,0,16391
204129,1,3092776,0,15767
204130,1,484326,0,16266
204131,1,9378,0,15328
204132,1,69352,0,16063
204133,1,1613875,0,15456
204134,1,101125,0,16342
204135,1,3805,0,16059
204136,1,227692,0,16547
204137,1,17428,0,16449
204138,1,133273,0,15056
204139,1,130962,0,16284
204140,1,135145,0,16367
204141,1,1177838,0,14978
204142,1,135306,0,15650
204143,1,1554,0,16238
204144,1,177056,0,16575
204145,1,129943,0,15617
204146,1,100576,0,15435
204147,1,363768,0,16563
204148,1,18347,0,16621
204149,1,66671,0,14636
204150,1,70564,0,15252
204151,1,131343,0,16741
204152,1,230930,0,14882
204153,1,2086397,0,14798
204154,1,131816,0,15822
204155,1,253155,0,15632
204156,1,64138,0,14441
204157,1,166695,0,15754
204158,1,4749,0,15521
204159,1,66830,0,15093
204160,1,128982,0,16412
204161,1,2279922,0,15353
204162,1,95007,0,16628
204163,1,5061232,0,15052
204164,1,5061184,0,14803
204165,1,5060554,0,14890
204166,1,67501,0,15334
204167,1,62986,0,15804
204168,1,956342,0,15517
204169,1,14057,0,15171
204170,1,146442,0,14881
204171,1,7492,0,15622
204172,1,147412,0,13664
204173,1,2653,0,12270
204174,1,67468,0,16228
204175,1,133524,0,15367
204176,1,928726,0,15680
204177,1,65822,0,14566
204178,1,6734,0,14364
204179,1,2257910,0,16149
204180,1,186790,0,16097
204181,1,133267,0,15745
204182,1,58447,0,13601
204183,1,174636,0,16246
204184,1,170390,0,15672
204185,1,5060560,0,14313
204186,1,972906,0,15712
204187,1,64022,0,14620
204188,1,13829,0,16684
204189,1,71205,0,15797
204190,1,128432,0,14605
204191,1,18130,0,13808
204192,1,149365,0,15899
204193,1,5626,0,14248
204194,1,3670503,0,16312
204195,1,1330784,0,15952
204196,1,2793385,0,16843
204197,1,903990,0,15923
204198,1,1719924,0,14975
204199,1,65867,0,14498
204200,1,3909875,0,16353
204201,1,1629031,0,14635
204202,1,395099,0,14902
204203,1,2037138,0,16034
204204,1,5060744,0,14807
204205,1,7625,0,14783
204206,1,134774,0,15275
204207,1,1643641,0,15023
204208,1,2222499,0,16149
204209,1,64893,0,14260
204210,1,18183,0,16645
204211,1,9217,0,15655
204212,1,65810,0,14334
204213,1,930528,0,15269
204214,1,131421,0,16509
204215,1,960602,0,15676
204216,1,59790,0,12541
204217,1,2040856,0,15062
204218,1,129974,0,14859
204219,1,8680,0,14186
204220,1,66033,0,15794
204221,1,134510,0,16072
204222,1,4575,0,16065
204223,1,75678,0,16465
204224,1,435025,0,14651
204225,1,3078080,0,15243
204226,1,133580,0,15927
204227,1,203415,0,15779
204228,1,858139,0,15604
204229,1,1499522,0,14644
204230,1,22529,0,12680
204231,1,209989,0,15618
204232,1,4667599,0,15928
204233,1,5060868,0,15132
204234,1,2042205,0,14590
204235,1,72613,0,13982
204236,1,3088371,0,15706
204237,1,3080931,0,15280
204238,1,9346,0,14441
204239,1,275425,0,16445
204240,1,3088058,0,14337
204241,1,1290326,0,14325
204242,1,968357,0,14441
204243,1,5060759,0,15370
204244,1,3076009,0,15081
204245,1,3680353,0,13836
204246,1,224199,0,13564
204247,1,933587,0,15907
204248,1,9439,0,13893
204249,1,8431,0,15311
204250,1,1570064,0,15530
204251,1,2817243,0,15125
204252,1,148486,0,16168
204253,1,439598,0,16178
204254,1,3872,0,14928
204255,1,3906619,0,16070
204256,1,63145,0,15191
204257,1,66584,0,14259
204258,1,940866,0,15250
204259,1,16683,0,14583
204260,1,62872,0,14353
204261,1,64069,0,15771
204262,1,5060634,0,15081
204263,1,1530926,0,15353
204264,1,71366,0,13028
204265,1,2944028,0,13367
204266,1,3088163,0,14708
204267,1,128958,0,16002
204268,1,128914,0,15959
204269,1,5061189,0,14151
204270,1,72517,0,14102
204271,1,66832,0,15720
204272,1,867747,0,15971
204273,1,63015,0,15696
204274,1,1271014,0,14569
204275,1,72217,0,11841
204276,1,2149603,0,14678
204277,1,11630,0,14287
204278,1,1976,0,15099
204279,1,1168196,0,15465
204280,1,62971,0,14777
204281,1,5060638,0,14133
204282,1,220179,0,16101
204283,1,1705879,0,15250
204284,1,814,0,14033
204285,1,983927,0,14999
204286,1,66937,0,15430
204287,1,5060812,0,15280
204288,1,66814,0,14590
204289,1,7753,0,13364
204290,1,9701,0,14367
204291,1,73140,0,15374
204292,1,144372,0,15107
204293,1,263667,0,15817
204294,1,5513,0,14286
204295,1,3087619,0,14893
204296,1,16068,0,14500
204297,1,208892,0,15706
204298,1,895996,0,16127
204299,1,10267,0,14254
204300,1,3088496,0,14938
204301,1,3914201,0,14783
204302,1,214936,0,15326
204303,1,128538,0,15598
204304,1,17155,0,13222
204305,1,5060857,0,14669
204306,1,3927,0,14222
204307,1,152370,0,14980
204308,1,5060443,0,14951
204309,1,72222,0,15821
204310,1,72281,0,15348
204311,1,17617,0,14256
204312,1,3079933,0,16322
204313,1,939681,0,15209
204314,1,72791,0,15158
204315,1,133291,0,15612
204316,1,65353,0,15390
204317,1,5060702,0,14561
204318,1,66040,0,13634
204319,1,214909,0,15397
204320,1,133128,0,15354
204321,1,130583,0,14717
204322,1,67009,0,14568
204323,1,3648781,0,15974
204324,1,2282585,0,13870
204325,1,206224,0,13322
204326,1,827066,0,15095
204327,1,66360,0,13297
204328,1,7870,0,14920
204329,1,5060704,0,14053
204330,1,3830,0,15449
204331,1,69784,0,15878
204332,1,809446,0,14842
204333,1,3692960,0,14042
204334,1,2171133,0,14393
204335,1,73066,0,12912
204336,1,128531,0,15927
204337,1,2343,0,15929
204338,1,3089567,0,14753
204339,1,69388,0,12739
204340,1,1913181,0,15160
204341,1,138518,0,15545
204342,1,2325801,0,13863
204343,1,819,0,14230
204344,1,101259,0,15107
204345,1,1688379,0,14960
204346,1,65057,0,13670
204347,1,3907122,0,15382
204348,1,983373,0,15385
204349,1,65790,0,13368
204350,1,2640,0,15697
204351,1,131441,0,15065
204352,1,6164,0,15357
204353,1,5060556,0,13990
204354,1,642708,0,15648
204355,1,19618,0,15103
204356,1,1824903,0,15565
204357,1,127,0,12943
204358,1,7012,0,14793
204359,1,177731,0,13735
204360,1,5843,0,13435
204361,1,5060461,0,15687
204362,1,2817235,0,14957
204363,1,3088491,0,14384
204364,1,5061186,0,13605
204365,1,128436,0,15773
204366,1,17267,0,15009
204367,1,795689,0,15652
204368,1,65773,0,14168
204369,1,3926559,0,14954
204370,1,70181,0,14650
204371,1,133641,0,15524
204372,1,69894,0,15709
204373,1,280942,0,15257
204374,1,3091042,0,14191
204375,1,12330,0,15873
204376,1,131464,0,15205
204377,1,151103,0,14551
204378,1,66940,0,15226
204379,1,6956,0,14963
204380,1,166019,0,15732
204381,1,131783,0,15263
204382,1,4871,0,13663
204383,1,2075008,0,13355
204384,1,129326,0,15809
204385,1,3909516,0,15513
204386,1,13645,0,15257
204387,1,3080987,0,15711
204388,1,890642,0,14902
204389,1,5511,0,15762
204390,1,67449,0,15180
204391,1,2037558,0,14532
204392,1,254458,0,14517
204393,1,128837,0,15446
204394,1,13020,0,14269
204395,1,7789,0,14871
204396,1,375915,0,15236
204397,1,3088730,0,14806
204398,1,66302,0,14439
204399,1,135251,0,15377
204400,1,12896,0,14059
204401,1,560789,0,14465
204402,1,133527,0,15386
204403,1,1537824,0,14524
204404,1,3697329,0,14322
204405,1,1157026,0,15430
204406,1,1038933,0,15514
204407,1,3927668,0,15578
204408,1,2154455,0,13914
204409,1,5060522,0,13435
204410,1,68760,0,13847
204411,1,2122659,0,13794
204412,1,3098584,0,15001
204413,1,135288,0,15111
204414,1,70521,0,15153
204415,1,9036,0,13352
204416,1,5312,0,15124
204417,1,8477,0,15011
204418,1,2295246,0,14810
204419,1,2184051,0,15198
204420,1,2817250,0,15261
204421,1,5890,0,14398
204422,1,8253,0,15013
204423,1,1062651,0,14566
204424,1,6592,0,13826
204425,1,1386399,0,14290
204426,1,5060745,0,14613
204427,1,130717,0,15664
204428,1,4684310,0,14986
204429,1,3088607,0,14475
204430,1,515353,0,16087
204431,1,16292,0,14601
204432,1,224459,0,13074
204433,1,177336,0,14501
204434,1,873238,0,15796
204435,1,174739,0,15656
204436,1,3999,0,15078
204437,1,63053,0,13941
204438,1,72603,0,13998
204439,1,1933768,0,14661
204440,1,13228,0,14863
204441,1,68224,0,12452
204442,1,1563859,0,14974
204443,1,62647,0,14508
204444,1,66394,0,13983
204445,1,128556,0,14902
204446,1,62169,0,14882
204447,1,247355,0,14245
204448,1,166678,0,14986
204449,1,166475,0,15232
204450,1,6629,0,14485
204451,1,1991041,0,14908
204452,1,14983,0,13372
204453,1,3928237,0,15202
204454,1,456129,0,14694
204455,1,17871,0,14645
204456,1,127729,0,15665
204457,1,219584,0,15779
204458,1,5060452,0,15341
204459,1,161232,0,15679
204460,1,12093,0,14377
204461,1,2254405,0,13909
204462,1,101126,0,15720
204463,1,68032,0,14701
204464,1,1317325,0,14892
204465,1,18428,0,15412
204466,1,5060531,0,13516
204467,1,4077544,0,15146
204468,1,147706,0,15180
204469,1,2283502,0,14623
204470,1,973893,0,14708
204471,1,3611508,0,15401
204472,1,4078262,0,15115
204473,1,3985937,0,15286
204474,1,542143,0,14790
204475,1,168050,0,15281
204476,1,12675,0,15328
204477,1,964669,0,14837
204478,1,65473,0,14953
204479,1,1365295,0,14909
204480,1,2172,0,14525
204481,1,642001,0,14837
204482,1,2802356,0,15482
204483,1,242626,0,14091
204484,1,71654,0,15153
204485,1,7403,0,15156
204486,1,988688,0,14063
204487,1,1493291,0,15442
204488,1,4621,0,14928
204489,1,72948,0,13189
204490,1,553235,0,15232
204491,1,141880,0,13895
204492,1,5061030,0,14629
204493,1,72259,0,15261
204494,1,8496,0,13405
204495,1,14995,0,13213
204496,1,3644628,0,14628
204497,1,1945975,0,14529
204498,1,341082,0,11625
204499,1,63332,0,14225
204500,1,237520,0,14986
204501,1,203365,0,15200
204502,1,17076,0,13037
204503,1,3705210,0,14942
204504,1,626482,0,15509
204505,1,3704220,0,14727
204506,1,15612,0,15636
204507,1,3092206,0,14806
204508,1,10442,0,14371
204509,1,3986519,0,13299
204510,1,70388,0,14652
204511,1,2279441,0,14610
204512,1,7131,0,14532
204513,1,3904862,0,14495
204514,1,70147,0,11661
204515,1,2534,0,14171
204516,1,629144,0,14280
204517,1,134261,0,15085
204518,1,1386901,0,14673
204519,1,68811,0,13322
204520,1,4078274,0,15564
204521,1,130969,0,14877
204522,1,19922,0,12982
204523,1,760468,0,14912
204524,1,5466,0,14118
204525,1,1330659,0,15208
204526,1,63789,0,15077
204527,1,4078418,0,14985
204528,1,5060940,0,14537
204529,1,1714141,0,14387
204530,1,170003,0,13550
204531,1,3127,0,14710
204532,1,70555,0,14295
204533,1,6832,0,13048
204534,1,3644390,0,14766
204535,1,1289618,0,14346
204536,1,13376,0,14854
204537,1,9976,0,15505
204538,1,2263220,0,14915
204539,1,962725,0,13822
204540,1,179322,0,15759
204541,1,2410794,0,14620
204542,1,128899,0,14765
204543,1,1301455,0,14421
204544,1,147311,0,13657
204545,1,4742,0,13092
204546,1,3090304,0,14528
204547,1,3865,0,14272
204548,1,16246,0,13037
204549,1,3098597,0,14136
204550,1,1796466,0,14287
204551,1,671126,0,13938
204552,1,180402,0,15077
204553,1,316988,0,14609
204554,1,74829,0,12760
204555,1,999482,0,15019
204556,1,87137,0,14807
204557,1,5349,0,15005
204558,1,309863,0,15353
204559,1,893812,0,14277
204560,1,886498,0,13524
204561,1,342272,0,15511
204562,1,70570,0,14410
204563,1,587578,0,12869
204564,1,5060741,0,14378
204565,1,3054,0,14243
204566,1,203164,0,13523
204567,1,885904,0,14992
204568,1,178758,0,15259
204569,1,591172,0,12851
204570,1,16422,0,15223
204571,1,11963,0,13483
204572,1,68159,0,15220
204573,1,76117,0,15666
204574,1,71849,0,12464
204575,1,899456,0,12936
204576,1,131426,0,13402
204577,1,3698644,0,14759
204578,1,128539,0,15166
204579,1,2951,0,11778
204580,1,5050,0,15120
204581,1,5060693,0,13817
204582,1,68031,0,12240
204583,1,134544,0,15028
204584,1,13114,0,14810
204585,1,11934,0,12528
204586,1,89953,0,14716
204587,1,8337,0,14816
204588,1,1114523,0,14963
204589,1,574210,0,14791
204590,1,1019105,0,14234
204591,1,4077753,0,15395
204592,1,64631,0,12302
204593,1,3079804,0,13735
204594,1,7413,0,14541
204595,1,66534,0,14079
204596,1,864466,0,14242
204597,1,281674,0,14711
204598,1,132891,0,15333
204599,1,15553,0,12838
204600,1,12799,0,13968
204601,1,69627,0,12349
204602,1,1467091,0,14503
204603,1,1009,0,14954
204604,1,3689697,0,14703
204605,1,5060610,0,13585
204606,1,70527,0,15010
204607,1,5060817,0,14368
204608,1,714745,0,15142
204609,1,9824,0,15074
204610,1,71649,0,14835
204611,1,90028,0,15289
204612,1,147325,0,14950
204613,1,5060847,0,14349
204614,1,66665,0,14138
204615,1,1039230,0,13118
204616,1,1796506,0,14827
204617,1,131217,0,15295
204618,1,5060885,0,13977
204619,1,3090954,0,14658
204620,1,1321285,0,14568
204621,1,9785,0,14467
204622,1,71725,0,13712
204623,1,1103,0,13538
204624,1,4652,0,13006
204625,1,66011,0,12901
204626,1,8887,0,12429
204627,1,4482,0,15047
204628,1,142302,0,14873
204629,1,206944,0,14451
204630,1,261194,0,14527
204631,1,903906,0,13330
204632,1,17251,0,13701
204633,1,67476,0,14381
204634,1,130410,0,15027
204635,1,133150,0,14993
204636,1,21171,0,12157
204637,1,1322758,0,12840
204638,1,3944616,0,14701
204639,1,65910,0,14316
204640,1,14486,0,15314
204641,1,72840,0,13467
204642,1,128959,0,12752
204643,1,442236,0,14753
204644,1,129688,0,14996
204645,1,9635,0,14165
204646,1,70539,0,12566
204647,1,129176,0,15345
204648,1,2244273,0,12039
204649,1,3088059,0,14460
204650,1,17138,0,14323
204651,1,813618,0,13142
204652,1,2059165,0,15143
204653,1,71651,0,14566
204654,1,3092693,0,13185
204655,1,5060453,0,14563
204656,1,1147861,0,14179
204657,1,2918,0,13732
204658,1,1277670,0,14745
204659,1,9130,0,13052
204660,1,1294747,0,14819
204661,1,5061122,0,11121
204662,1,90395,0,12943
204663,1,65590,0,15150
204664,1,20496,0,13557
204665,1,5060863,0,14203
204666,1,5812,0,14719
204667,1,5061007,0,14601
204668,1,69826,0,14427
204669,1,5060884,0,13916
204670,1,163448,0,13875
204671,1,15557,0,14432
204672,1,1300332,0,14131
204673,1,3085562,0,14555
204674,1,261280,0,15170
204675,1,923213,0,14840
204676,1,129553,0,14820
204677,1,5061158,0,13070
204678,1,1179,0,14839
204679,1,66399,0,14510
204680,1,2282260,0,14287
204681,1,15045,0,14943
204682,1,10784,0,14600
204683,1,4937,0,13110
204684,1,71520,0,14340
204685,1,1458184,0,14627
204686,1,838452,0,14915
204687,1,9998,0,14016
204688,1,128431,0,13519
204689,1,1302,0,11619
204690,1,65914,0,14117
204691,1,5625,0,14373
204692,1,14616,0,14765
204693,1,67044,0,14730
204694,1,225401,0,12583
204695,1,5060480,0,10936
204696,1,130061,0,15009
204697,1,5971,0,13520
204698,1,65979,0,11779
204699,1,5060620,0,13564
204700,1,790199,0,14026
204701,1,4684250,0,14813
204702,1,9570,0,13504
204703,1,1753403,0,10414
204704,1,3695165,0,14490
204705,1,75894,0,14859
204706,1,12634,0,13655
204707,1,4077385,0,14583
204708,1,3778,0,14463
204709,1,2090760,0,14851
204710,1,131342,0,14590
204711,1,232555,0,14452
204712,1,85093,0,14455
204713,1,188646,0,14585
204714,1,161590,0,13895
204715,1,18424,0,11635
204716,1,742323,0,14001
204717,1,8674,0,13967
204718,1,76635,0,14106
204719,1,71420,0,12510
204720,1,1464,0,12124
204721,1,2401492,0,13795
204722,1,147707,0,14043
204723,1,1265416,0,13615
204724,1,5061043,0,14222
204725,1,2437466,0,12181
204726,1,72089,0,11686
204727,1,270135,0,12362
204728,1,18721,0,14968
204729,1,76646,0,14308
204730,1,2237352,0,14081
204731,1,68531,0,13492
204732,1,19264,0,11744
204733,1,5061071,0,14460
204734,1,9885,0,14055
204735,1,17824,0,14471
204736,1,74977,0,13176
204737,1,1513466,0,13793
204738,1,94896,0,13566
204739,1,7217,0,14125
204740,1,5060655,0,13173
204741,1,64948,0,14335
204742,1,69123,0,14447
204743,1,3204,0,13700
204744,1,63981,0,11220
204745,1,18784,0,14999
204746,1,8706,0,13539
204747,1,1524436,0,12546
204748,1,3077587,0,13746
204749,1,1458669,0,10287
204750,1,4077845,0,15128
204751,1,19953,0,14164
204752,1,3891260,0,13650
204753,1,12226,0,13915
204754,1,97072,0,13576
204755,1,15226,0,13161
204756,1,989825,0,14550
204757,1,449830,0,14344
204758,1,13585,0,13895
204759,1,904116,0,12688
204760,1,3088263,0,13460
204761,1,282129,0,14772
204762,1,130174,0,14668
204763,1,999841,0,14069
204764,1,148,0,13726
204765,1,5364,0,13729
204766,1,3981816,0,13087
204767,1,4078209,0,14561
204768,1,129623,0,14562
204769,1,1027373,0,14126
204770,1,62851,0,12142
204771,1,15160,0,14329
204772,1,3091544,0,14027
204773,1,1255242,0,14313
204774,1,4077967,0,15020
204775,1,133338,0,14345
204776,1,463930,0,14610
204777,1,12817,0,12282
204778,1,2125355,0,14181
204779,1,875987,0,13996
204780,1,131422,0,13450
204781,1,89167,0,14615
204782,1,18950,0,12636
204783,1,441962,0,15006
204784,1,3607,0,14812
204785,1,2390393,0,12817
204786,1,19147,0,11525
204787,1,1468395,0,10408
204788,1,2086739,0,14582
204789,1,1788392,0,13249
204790,1,1714866,0,14412
204791,1,305805,0,14084
204792,1,8928,0,13071
204793,1,32195,0,12687
204794,1,1744325,0,13809
204795,1,75074,0,14971
204796,1,131914,0,13978
204797,1,1700,0,13111
204798,1,64571,0,11799
204799,1,3083091,0,14604
204800,1,3090063,0,14618
204801,1,11093,0,12622
204802,1,148986,0,13024
204803,1,71766,0,14469
204804,1,3080889,0,14350
204805,1,71901,0,13121
204806,1,18262,0,13856
204807,1,69840,0,11582
204808,1,188370,0,13627
204809,1,436861,0,13564
204810,1,140831,0,13019
204811,1,147857,0,14775
204812,1,147872,0,13862
204813,1,8900,0,14025
204814,1,1404692,0,14290
204815,1,94880,0,14782
204816,1,7529,0,12875
204817,1,3669085,0,11705
204818,1,3632487,0,14536
204819,1,4667,0,14109
204820,1,13212,0,14456
204821,1,17307,0,14565
204822,1,68308,0,13440
204823,1,2145,0,11650
204824,1,3092232,0,13667
204825,1,1001220,0,13845
204826,1,18269,0,14162
204827,1,72069,0,11529
204828,1,5060543,0,12995
204829,1,2072582,0,14136
204830,1,129956,0,14609
204831,1,1130121,0,13725
204832,1,131403,0,14194
204833,1,4078327,0,12714
204834,1,18792,0,11942
204835,1,10021,0,14461
204836,1,2389142,0,13510
204837,1,1140103,0,13327
204838,1,490,0,13713
204839,1,20368,0,14274
204840,1,75991,0,13305
204841,1,11621,0,11606
204842,1,127594,0,14481
204843,1,75778,0,13166
204844,1,932585,0,13733
204845,1,227060,0,13147
204846,1,170029,0,12679
204847,1,5060779,0,13816
204848,1,11386,0,13310
204849,1,2895,0,14324
204850,1,3091541,0,13671
204851,1,137452,0,12170
204852,1,161794,0,14522
204853,1,3092403,0,13453
204854,1,19259,0,13497
204855,1,1631594,0,14609
204856,1,3912865,0,12174
204857,1,11158,0,14291
204858,1,4078078,0,14354
204859,1,72296,0,12882
204860,1,65489,0,13555
204861,1,999028,0,13415
204862,1,241037,0,13845
204863,1,1479511,0,13807
204864,1,13134,0,13859
204865,1,6111,0,13168
204866,1,1678,0,11216
204867,1,166305,0,14606
204868,1,16770,0,13737
204869,1,4237,0,12770
204870,1,4684248,0,13094
204871,1,20060,0,12546
204872,1,1073167,0,14323
204873,1,15044,0,10813
204874,1,3094643,0,14364
204875,1,62438,0,11533
204876,1,8385,0,13620
204877,1,167750,0,13480
204878,1,4077903,0,13557
204879,1,4078107,0,14458
204880,1,67982,0,12831
204881,1,3089639,0,12541
204882,1,134491,0,12718
204883,1,5060727,0,13818
204884,1,3497,0,14312
204885,1,3077913,0,14973
204886,1,170022,0,12889
204887,1,17013,0,10067
204888,1,135110,0,12665
204889,1,1822575,0,13115
204890,1,186741,0,14571
204891,1,14761,0,14289
204892,1,69069,0,12184
204893,1,177866,0,14356
204894,1,221889,0,14296
204895,1,206329,0,14357
204896,1,227022,0,13782
204897,1,138483,0,13844
204898,1,271012,0,13688
204899,1,76579,0,13506
204900,1,146532,0,14832
204901,1,4178,0,12754
204902,1,3598,0,12589
204903,1,165893,0,14307
204904,1,3097880,0,13210
204905,1,66401,0,14387
204906,1,3892,0,14455
204907,1,203239,0,14260
204908,1,897578,0,14389
204909,1,12823,0,14531
204910,1,3089856,0,13898
204911,1,179807,0,14671
204912,1,76612,0,13933
204913,1,70496,0,9412
204914,1,209223,0,12798
204915,1,131533,0,14206
204916,1,801591,0,14259
204917,1,1088221,0,13957
204918,1,5061028,0,14199
204919,1,1463005,0,13678
204920,1,2517,0,10626
204921,1,4077977,0,13903
204922,1,71427,0,12955
204923,1,609155,0,14531
204924,1,3670299,0,14545
204925,1,128662,0,13969
204926,1,2802130,0,13858
204927,1,3091094,0,13359
204928,1,617148,0,13553
204929,1,2807044,0,14281
204930,1,72497,0,13191
204931,1,129091,0,14127
204932,1,63666,0,11916
204933,1,3442292,0,11451
204934,1,5061151,0,11708
204935,1,7984,0,12805
204936,1,6674,0,12707
204937,1,12542,0,12069
204938,1,165553,0,12477
204939,1,203551,0,14326
204940,1,963299,0,14429
204941,1,17599,0,13398
204942,1,20016,0,12615
204943,1,69169,0,11605
204944,1,129130,0,14090
204945,1,8242,0,13679
204946,1,5013,0,12378
204947,1,222404,0,12901
204948,1,4493,0,11472
204949,1,168217,0,13701
204950,1,169988,0,11960
204951,1,63921,0,11901
204952,1,1663205,0,13970
204953,1,962890,0,13580
204954,1,64273,0,13559
204955,1,19123,0,14268
204956,1,5061083,0,13898
204957,1,77419,0,11102
204958,1,5060993,0,13589
204959,1,408818,0,13463
204960,1,2478709,0,10613
204961,1,2054540,0,13593
204962,1,336634,0,13455
204963,1,127615,0,14575
204964,1,5610,0,13100
204965,1,71459,0,12750
204966,1,3321,0,12634
204967,1,134135,0,12849
204968,1,5060920,0,13651
204969,1,76275,0,13532
204970,1,70663,0,12172
204971,1,4340,0,13718
204972,1,74274,0,13780
204973,1,13589,0,12764
204974,1,52934,0,12919
204975,1,147544,0,14633
204976,1,131178,0,13909
204977,1,1278570,0,12271
204978,1,912619,0,14150
204979,1,66802,0,13789
204980,1,1156819,0,14226
204981,1,63285,0,12865
204982,1,1075387,0,12508
204983,1,92875,0,13224
204984,1,1722855,0,14108
204985,1,3958638,0,14462
204986,1,639,0,11867
204987,1,8451,0,12481
204988,1,72375,0,12508
204989,1,17300,0,13983
204990,1,143529,0,12778
204991,1,66650,0,13135
204992,1,65956,0,11773
204993,1,1389556,0,13452
204994,1,17316,0,14055
204995,1,835464,0,12439
204996,1,72059,0,12396
204997,1,71648,0,11359
204998,1,73198,0,11757
204999,1,3704398,0,14375
205000,1,67144,0,12709
205001,1,90696,0,13259
205002,1,162687,0,12610
205003,1,65357,0,10938
205004,1,5061002,0,13792
205005,1,292764,0,12600
205006,1,71814,0,11536
205007,1,13581,0,11411
205008,1,20619,0,14376
205009,1,190847,0,12970
205010,1,167971,0,12729
205011,1,6035,0,13373
205012,1,133042,0,13349
205013,1,223854,0,13360
205014,1,140895,0,14117
205015,1,3601928,0,13467
205016,1,3089278,0,12733
205017,1,4759,0,12588
205018,1,13284,0,11245
205019,1,206552,0,14145
205020,1,5060635,0,12889
205021,1,3090680,0,13899
205022,1,72118,0,12503
205023,1,18323,0,12064
205024,1,3696731,0,14368
205025,1,2017,0,13508
205026,1,165397,0,14108
205027,1,16005,0,13900
205028,1,5671,0,13434
205029,1,15091,0,13555
205030,1,5515,0,12884
205031,1,163545,0,11986
205032,1,11978,0,11285
205033,1,3226,0,11046
205034,1,65881,0,13953
205035,1,2055836,0,13233
205036,1,209047,0,13251
205037,1,829883,0,12757
205038,1,4549,0,11659
205039,1,16497,0,13933
205040,1,128778,0,14401
205041,1,221352,0,13198
205042,1,63645,0,12765
205043,1,2440513,0,9897
205044,1,9695,0,13826
205045,1,71860,0,12955
205046,1,3704131,0,14056
205047,1,166399,0,13616
205048,1,90314,0,14154
205049,1,206585,0,13962
205050,1,1045350,0,13482
205051,1,168009,0,13108
205052,1,15033,0,13497
205053,1,216215,0,13177
205054,1,66267,0,12369
205055,1,32984,0,12801
205056,1,18773,0,10510
205057,1,90078,0,14439
205058,1,8512,0,13851
205059,1,71465,0,12272
205060,1,2430000,0,12243
205061,1,165410,0,13646
205062,1,1422862,0,11317
205063,1,64985,0,13033
205064,1,3638479,0,13324
205065,1,165316,0,13175
205066,1,131730,0,13238
205067,1,4804,0,11338
205068,1,9173,0,10134
205069,1,744120,0,14313
205070,1,217784,0,13337
205071,1,12686,0,12510
205072,1,5103,0,11181
205073,1,132246,0,14489
205074,1,10003,0,13768
205075,1,2285703,0,12434
205076,1,3092920,0,14311
205077,1,1445081,0,13458
205078,1,64062,0,10628
205079,1,466743,0,14478
205080,1,2207788,0,12636
205081,1,60302,0,11810
205082,1,1545562,0,13287
205083,1,7868,0,12529
205084,1,4682974,0,12459
205085,1,15390,0,12204
205086,1,3708450,0,14423
205087,1,2106679,0,13157
205088,1,174716,0,13040
205089,1,526093,0,12976
205090,1,1918457,0,14083
205091,1,261370,0,14121
205092,1,71469,0,12183
205093,1,8439,0,12335
205094,1,2193093,0,12690
205095,1,9113,0,13177
205096,1,11726,0,11686
205097,1,58874,0,13288
205098,1,9038,0,13851
205099,1,5060722,0,12438
205100,1,71176,0,12457
205101,1,16313,0,13877
205102,1,131799,0,13302
205103,1,132006,0,12640
205104,1,72114,0,13602
205105,1,67801,0,12668
205106,1,2071827,0,12424
205107,1,2085345,0,12996
205108,1,71372,0,12847
205109,1,282208,0,12468
205110,1,3091805,0,13294
205111,1,807396,0,12691
205112,1,100690,0,13583
205113,1,14928,0,12851
205114,1,137678,0,11833
205115,1,12442,0,14317
205116,1,3638152,0,12902
205117,1,66357,0,13052
205118,1,64710,0,13029
205119,1,69883,0,12747
205120,1,218164,0,13122
205121,1,8344,0,12966
205122,1,19490,0,11713
205123,1,895060,0,13115
205124,1,1025482,0,13444
205125,1,72326,0,12804
205126,1,75879,0,12964
205127,1,1769911,0,13365
205128,1,100590,0,13391
205129,1,233817,0,13480
205130,1,5060948,0,13680
205131,1,3088963,0,12811
205132,1,13536,0,10038
205133,1,2793277,0,14347
205134,1,306011,0,14088
205135,1,69878,0,11394
205136,1,69537,0,12447
205137,1,212,0,11170
205138,1,3702609,0,13057
205139,1,1386716,0,13041
205140,1,2344913,0,12487
205141,1,166567,0,11629
205142,1,604,0,13454
205143,1,132535,0,13197
205144,1,17085,0,13003
205145,1,70645,0,11251
205146,1,19456,0,13935
205147,1,101129,0,12347
205148,1,1036232,0,11123
205149,1,76321,0,13677
205150,1,133792,0,13267
205151,1,6083,0,10574
205152,1,3507,0,11594
205153,1,3097886,0,12843
205154,1,846359,0,12699
205155,1,76422,0,13641
205156,1,143057,0,13080
205157,1,2594,0,12016
205158,1,5955,0,10164
205159,1,589111,0,13841
205160,1,18235,0,13992
205161,1,3708166,0,13660
205162,1,18968,0,13452
205163,1,250934,0,12961
205164,1,235040,0,11593
205165,1,2817109,0,14147
205166,1,147723,0,12870
205167,1,4034,0,12571
205168,1,15504,0,10084
205169,1,1383465,0,12586
205170,1,63808,0,11653
205171,1,1245883,0,13776
205172,1,4078011,0,13856
205173,1,2242,0,12029
205174,1,17208,0,10882
205175,1,7163,0,12425
205176,1,6056,0,11162
205177,1,5061138,0,11129
205178,1,13297,0,12445
205179,1,3348,0,11963
205180,1,129600,0,14251
205181,1,2039552,0,13580
205182,1,1427390,0,12534
205183,1,208511,0,11550
205184,1,88991,0,12784
205185,2,15623,219,10937
205186,1,3094487,0,14290
205187,1,13825,0,12725
205188,1,17598,0,12840
205189,1,66430,0,11493
205190,1,2150864,0,13613
205191,1,161781,0,13646
205192,1,270683,0,12009
205193,1,71350,0,12834
205194,1,17245,0,12175
205195,1,66528,0,11327
205196,1,1542598,0,13386
205197,1,13217,0,11842
205198,1,1116766,0,13117
205199,1,8593,0,12795
205200,1,702549,0,12048
205201,1,165683,0,13887
205202,1,1397936,0,12375
205203,1,14713,0,12277
205204,1,68786,0,10129
205205,1,67005,0,12377
205206,1,3442481,0,12319
205207,1,5060557,0,11971
205208,1,237049,0,12530
205209,1,3658553,0,11754
205210,1,69417,0,13345
205211,1,68815,0,13046
205212,1,791603,0,12773
205213,1,22853,0,12509
205214,1,3906102,0,13740
205215,1,148729,0,13378
205216,1,10618,0,13700
205217,1,149085,0,14006
205218,1,423380,0,13281
205219,1,314339,0,12787
205220,1,506361,0,12323
205221,1,68359,0,11805
205222,1,17385,0,11568
205223,1,5602,0,13119
205224,1,915575,0,12874
205225,1,2800920,0,12438
205226,1,137766,0,12341
205227,1,1065745,0,12692
205228,1,70643,0,11822
205229,1,205449,0,13754
205230,1,4667614,0,13072
205231,1,64905,0,12346
205232,1,402381,0,12972
205233,1,2800933,0,13007
205234,1,203368,0,13087
205235,1,14668,0,13352
205236,1,178257,0,13603
205237,1,133952,0,14089
205238,1,1030194,0,13518
205239,1,64198,0,13724
205240,1,71305,0,12694
205241,1,233186,0,12991
205242,1,101158,0,12614
205243,1,1717872,0,13101
205244,1,14759,0,13105
205245,1,863745,0,12836
205246,1,8006,0,12646
205247,1,127720,0,12371
205248,1,17383,0,10994
205249,1,11611,0,13505
205250,1,11449,0,9169
205251,1,1624233,0,13028
205252,1,130566,0,13088
205253,1,16903,0,13048
205254,1,500059,0,12641
205255,1,14165,0,11630
205256,1,11917,0,11410
205257,1,101149,0,13198
205258,1,6265,0,13466
205259,1,17985,0,12431
205260,1,70310,0,11379
205261,1,3678963,0,13793
205262,1,839404,0,12644
205263,1,15324,0,12903
205264,1,3641731,0,12494
205265,1,65261,0,11047
205266,1,1405967,0,12980
205267,1,4684488,0,12337
205268,1,101257,0,12291
205269,1,1296356,0,13040
205270,1,137273,0,12740
205271,1,953781,0,10376
205272,1,5270,0,11065
205273,1,71263,0,12454
205274,1,919464,0,13888
205275,1,259810,0,12879
205276,1,72294,0,13935
205277,1,3442519,0,14337
205278,1,4076405,0,14133
205279,1,793,0,12797
205280,1,147756,0,13547
205281,1,6060,0,12820
205282,1,21470,0,12316
205283,1,3092438,0,13130
205284,1,3099085,0,10173
205285,1,161733,0,12227
205286,1,66261,0,12152
205287,1,16609,0,13155
205288,1,599858,0,11291
205289,1,950887,0,13411
205290,1,4077648,0,13810
205291,1,65174,0,11124
205292,1,2144,0,10156
205293,1,1716959,0,13276
205294,1,168195,0,11887
205295,1,16151,0,12268
205296,1,19281,0,11585
205297,1,65558,0,12459
205298,1,4076498,0,11945
205299,1,4683608,0,10859
205300,1,2218115,0,13059
205301,1,1528,0,13066
205302,1,165351,0,13330
205303,1,71691,0,12650
205304,1,66588,0,11967
205305,1,242746,0,12044
205306,1,148295,0,13066
205307,1,14857,0,12289
205308,1,18510,0,12443
205309,1,222399,0,12813
205310,1,226927,0,13097
205311,1,13932,0,12707
205312,1,61014,0,13030
205313,1,510692,0,12338
205314,1,134056,0,13865
205315,1,923086,0,13272
205316,1,13499,0,13280
205317,1,4076836,0,13444
205318,1,2619,0,10818
205319,1,11541,0,9164
205320,1,11981,0,12005
205321,1,16660,0,13240
205322,1,3234,0,11549
205323,1,64145,0,12707
205324,1,17218,0,10602
205325,1,4399,0,12903
205326,1,70921,0,10904
205327,1,1707388,0,13371
205328,1,9052,0,13173
205329,1,267680,0,13029
205330,1,21804,0,11796
205331,1,17535,0,10937
205332,1,3081283,0,12986
205333,1,3785,0,11967
205334,1,175783,0,13552
205335,1,17977,0,12459
205336,1,13835,0,11428
205337,1,4744,0,13187
205338,1,1271,0,12619
205339,1,141001,0,13280
205340,1,132145,0,13658
205341,1,8905,0,12582
205342,1,100045,0,13382
205343,1,129658,0,13071
205344,1,72506,0,11497
205345,1,979707,0,13329
205346,1,129224,0,13283
205347,1,2316654,0,12444
205348,1,221222,0,12893
205349,1,16726,0,10878
205350,1,130215,0,13613
205351,1,3831,0,12180
205352,1,164908,0,13188
205353,1,168043,0,11507
205354,1,3636250,0,12494
205355,1,4667487,0,13384
205356,1,1090287,0,13184
205357,1,64362,0,13117
205358,1,145527,0,12799
205359,1,909216,0,12596
205360,1,18351,0,9557
205361,1,9648,0,11421
205362,1,66858,0,13159
205363,1,209628,0,12609
205364,1,1519177,0,12358
205365,1,10190,0,11069
205366,1,12739,0,11510
205367,1,67188,0,13174
205368,1,3091530,0,12483
205369,1,127530,0,12434
205370,1,128448,0,13433
205371,1,11976,0,13076
205372,1,10092,0,11014
205373,1,3904032,0,13379
205374,1,238428,0,13673
205375,1,1069613,0,12801
205376,1,25,0,11700
205377,1,11664,0,13417
205378,1,13348,0,13408
205379,1,2050033,0,12309
205380,1,2418553,0,11007
205381,1,3758,0,12792
205382,1,3092123,0,11347
205383,1,63863,0,10736
205384,1,2173,0,10414
205385,1,1036309,0,10595
205386,1,1390072,0,12886
205387,1,637,0,11766
205388,1,170010,0,11815
205389,1,1260663,0,12986
205390,1,5061276,0,12701
205391,1,62650,0,12086
205392,1,187463,0,12988
205393,1,7204,0,13289
205394,1,7947,0,13350
205395,1,273122,0,13125
205396,1,166016,0,12466
205397,1,3088862,0,10910
205398,1,166442,0,10533
205399,1,9237,0,9944
205400,1,178828,0,13132
205401,1,68288,0,9845
205402,1,1396913,0,13230
205403,1,3088177,0,13485
205404,1,3959,0,12378
205405,1,131279,0,12723
205406,1,68585,0,11295
205407,1,4623620,0,11509
205408,1,15811,0,13107
205409,1,5692,0,11011
205410,1,11806,0,12897
205411,1,162247,0,12056
205412,1,1137,0,10954
205413,1,18551,0,8626
205414,1,1083263,0,13398
205415,1,229952,0,13360
205416,1,149451,0,12939
205417,1,13411,0,10099
205418,1,3094315,0,12939
205419,1,936969,0,12753
205420,1,69915,0,10763
205421,1,1641307,0,13313
205422,1,4980,0,12914
205423,1,16042,0,12814
205424,1,16655,0,11778
205425,1,71161,0,13017
205426,1,72612,0,13116
205427,1,70338,0,11628
205428,1,18671,0,10231
205429,1,957628,0,13088
205430,1,64975,0,12899
205431,1,75848,0,12984
205432,1,64863,0,11847
205433,1,69507,0,11039
205434,1,3669914,0,12834
205435,1,77004,0,11131
205436,1,16793,0,13836
205437,1,604767,0,9044
205438,1,2815,0,13037
205439,1,174460,0,12825
205440,1,64299,0,12035
205441,1,173137,0,13112
205442,1,839783,0,12932
205443,1,3091819,0,12895
205444,1,8288,0,12602
205445,1,26402,0,12347
205446,1,7996,0,11842
205447,1,9654,0,8645
205448,1,1199761,0,13274
205449,1,916,0,10952
205450,1,147875,0,13238
205451,1,73180,0,11953
205452,1,211474,0,12048
205453,1,68202,0,11463
205454,1,8655,0,11403
205455,1,133206,0,12575
205456,1,10049,0,13164
205457,1,243048,0,13780
205458,1,135177,0,12551
205459,1,3394,0,12684
205460,1,9767,0,12267
205461,1,90204,0,12772
205462,1,192446,0,11602
205463,1,3085552,0,12134
205464,1,68601,0,10444
205465,1,4683127,0,10281
205466,1,70861,0,13693
205467,1,172738,0,12863
205468,1,96028,0,13519
205469,1,5303,0,12628
205470,1,426884,0,12854
205471,1,15349,0,9526
205472,1,2632,0,13079
205473,1,1256,0,11987
205474,1,3092250,0,13018
205475,1,3092126,0,13358
205476,1,1209743,0,12863
205477,1,165337,0,12701
205478,1,5060676,0,12217
205479,1,2287653,0,12363
205480,1,13702,0,12409
205481,1,267792,0,11164
205482,1,3080605,0,12351
205483,1,133239,0,11728
205484,1,132926,0,12724
205485,1,167415,0,11752
205486,1,69430,0,11440
205487,1,19699,0,12462
205488,1,1029428,0,11968
205489,1,73092,0,12443
205490,1,65364,0,12378
205491,1,62318,0,13006
205492,1,5060892,0,12672
205493,1,132264,0,12984
205494,1,168180,0,11982
205495,1,132331,0,12051
205496,1,768438,0,12592
205497,1,133245,0,11798
205498,1,254066,0,12013
205499,1,127682,0,12467
205500,1,130406,0,12054
205501,1,4076442,0,11766
205502,1,129604,0,11570
205503,1,63635,0,10257
205504,1,11772,0,12976
205505,1,3924018,0,12336
205506,1,5999,0,12170
205507,1,15777,0,11252
205508,1,148381,0,10664
205509,1,1291214,0,12814
205510,1,131504,0,12937
205511,1,12483,0,12324
205512,1,127577,0,12577
205513,1,2244104,0,11982
205514,1,127492,0,11201
205515,1,90145,0,13103
205516,1,1095,0,10719
205517,1,326,0,11917
205518,1,72084,0,11624
205519,1,70386,0,10792
205520,1,135104,0,12336
205521,1,70166,0,8902
205522,1,66730,0,12075
205523,1,68225,0,11382
205524,1,2318356,0,11596
205525,1,88269,0,11541
205526,1,16738,0,10214
205527,1,73027,0,8832
205528,1,217558,0,12761
205529,1,203781,0,10716
205530,1,150266,0,10542
205531,1,67322,0,9619
205532,1,12554,0,13038
205533,1,2316409,0,12551
205534,1,71398,0,12412
205535,1,134836,0,12026
205536,1,3090449,0,12805
205537,1,228784,0,13122
205538,1,1115535,0,11962
205539,1,1234741,0,13013
205540,1,15679,0,13603
205541,1,65817,0,13080
205542,1,3672463,0,12925
205543,1,4680312,0,12972
205544,1,70360,0,12187
205545,1,1055728,0,12775
205546,1,143044,0,11392
205547,2,9270,317,10293
205548,1,9718,0,9607
205549,1,123,0,11275
205550,1,5061080,0,12990
205551,1,132919,0,13039
205552,1,147879,0,12969
205553,1,2768,0,11716
205554,1,76235,0,12671
205555,1,17519,0,11190
205556,1,69440,0,10255
205557,1,77173,0,8724
205558,1,132342,0,12954
205559,1,147466,0,12172
205560,1,8179,0,10196
205561,1,95,0,12276
205562,1,233086,0,12714
205563,1,5060540,0,11237
205564,1,996,0,11041
205565,1,13750,0,12001
205566,1,67792,0,12518
205567,1,92126,0,13025
205568,1,216497,0,12810
205569,1,141151,0,11860
205570,1,67019,0,11546
205571,1,300839,0,12133
205572,1,18196,0,11403
205573,1,984540,0,13103
205574,1,3921383,0,13076
205575,1,915801,0,12525
205576,1,67571,0,11466
205577,1,3704256,0,12421
205578,1,178203,0,13081
205579,1,760297,0,12843
205580,1,6372,0,10776
205581,1,1378281,0,10762
205582,1,2062,0,9397
205583,1,131760,0,12566
205584,1,15050,0,12915
205585,1,578235,0,12253
205586,1,14249,0,12014
205587,1,791162,0,12109
205588,1,8619,0,11170
205589,1,1744765,0,12711
205590,1,1508507,0,11950
205591,1,191756,0,12993
205592,1,178039,0,13353
205593,1,72269,0,11615
205594,1,208550,0,12888
205595,1,246147,0,12843
205596,1,14963,0,11737
205597,1,14969,0,11653
205598,1,19238,0,11665
205599,1,11430,0,11183
205600,1,129978,0,13314
205601,1,6418,0,12134
205602,1,133172,0,13175
205603,1,4683981,0,13189
205604,1,66864,0,11648
205605,1,132499,0,9673
205606,1,19431,0,11506
205607,1,90344,0,11888
205608,1,923039,0,11580
205609,1,3090943,0,11519
205610,1,77679,0,11415
205611,1,63824,0,12731
205612,1,979,0,12652
205613,1,67616,0,12668
205614,1,65652,0,12256
205615,1,3442523,0,12480
205616,1,86810,0,11214
205617,1,18844,0,11550
205618,1,69104,0,10312
205619,1,1282923,0,12453
205620,1,3717766,0,12828
205621,1,8897,0,11880
205622,1,16840,0,12282
205623,1,67096,0,11486
205624,1,3907955,0,12026
205625,1,5765,0,11432
205626,1,25286,0,12145
205627,1,273802,0,11611
205628,1,4167,0,10518
205629,1,2055576,0,10301
205630,1,135312,0,10884
205631,1,5060458,0,13184
205632,1,140913,0,12128
205633,1,2053638,0,12250
205634,1,65298,0,11114
205635,1,6206,0,10276
205636,1,65580,0,9794
205637,1,19997,0,9345
205638,1,4076545,0,13371
205639,1,1372512,0,11957
205640,1,2435264,0,11077
205641,1,1339392,0,12791
205642,1,13567,0,11061
205643,1,8346,0,11903
205644,1,15705,0,9490
205645,1,73780,0,13045
205646,1,2034975,0,12806
205647,1,13271,0,12551
205648,1,1823877,0,12576
205649,1,1468974,0,12654
205650,1,3911,0,11223
205651,1,19096,0,10196
205652,1,656350,0,10645
205653,1,3088965,0,12758
205654,1,231962,0,12708
205655,1,14260,0,12785
205656,1,281369,0,12797
205657,1,29569,0,12700
205658,1,137073,0,11490
205659,1,65077,0,10736
205660,1,16428,0,10848
205661,1,14105,0,12444
205662,1,31019,0,12428
205663,1,145960,0,11669
205664,1,70561,0,9607
205665,1,1306387,0,11143
205666,1,6231,0,9937
205667,1,68994,0,10453
205668,1,21277,0,8845
205669,1,3098733,0,8658
205670,1,4077982,0,12763
205671,1,15976,0,12839
205672,1,69176,0,11674
205673,1,165420,0,11832
205674,1,148054,0,13014
205675,1,3723348,0,10745
205676,1,212449,0,12627
205677,1,3081118,0,13048
205678,1,369087,0,12938
205679,1,493878,0,12856
205680,1,821394,0,11683
205681,1,3920905,0,11308
205682,1,5227,0,10914
205683,1,133148,0,13216
205684,1,70661,0,11987
205685,1,13666,0,11189
205686,1,69917,0,11430
205687,1,16592,0,11970
205688,1,17638,0,11990
205689,1,4684733,0,10895
205690,1,6912,0,9458
205691,1,14218,0,9118
205692,1,2341501,0,11966
205693,1,218195,0,12137
205694,1,1029539,0,11032
205695,1,4940,0,11018
205696,1,70918,0,12878
205697,1,20807,0,12846
205698,1,68267,0,11797
205699,1,69046,0,11005
205700,1,76585,0,11356
205701,1,18100,0,11692
205702,1,7965,0,7646
205703,1,67286,0,12220
205704,1,69099,0,11813
205705,1,2285503,0,11923
205706,1,200189,0,11311
205707,1,1237,0,10930
205708,1,166197,0,10030
205709,1,17086,0,11214
205710,1,213115,0,12771
205711,1,8749,0,12297
205712,1,32990,0,12515
205713,1,148662,0,12404
205714,1,7378,0,11192
205715,1,5061172,0,10994
205716,1,70362,0,12629
205717,1,894949,0,11992
205718,1,68397,0,12064
205719,1,16747,0,12308
205720,1,19076,0,12300
205721,1,4623627,0,12009
205722,1,610877,0,11293
205723,1,66775,0,10513
205724,1,3225,0,11742
205725,1,4651,0,12949
205726,1,210264,0,12197
205727,1,17122,0,11871
205728,1,3923,0,13035
205729,1,1404759,0,10426
205730,1,19818,0,12896
205731,1,4078421,0,11963
205732,1,68866,0,11633
205733,1,71412,0,11230
205734,1,1436697,0,12417
205735,1,3080581,0,12553
205736,1,65326,0,11969
205737,1,4076465,0,12689
205738,1,255906,0,11229
205739,1,12526,0,10693
205740,1,65992,0,12113
205741,1,1050640,0,10958
205742,1,755635,0,12821
205743,1,76720,0,12597
205744,1,1035189,0,12619
205745,1,11542,0,12844
205746,1,757654,0,12608
205747,1,301751,0,12321
205748,1,302888,0,11953
205749,1,17257,0,11611
205750,1,2985,0,9684
205751,1,165843,0,9265
205752,1,192351,0,12566
205753,1,162263,0,12806
205754,1,134798,0,12118
205755,1,13719,0,11547
205756,1,14949,0,11154
205757,1,297133,0,11344
205758,1,130013,0,12605
205759,1,13270,0,11262
205760,1,2817,0,10457
205761,1,209333,0,10383
205762,1,6872,0,10061
205763,1,6028,0,12032
205764,1,68438,0,8745
205765,1,6720,0,12071
205766,1,9602,0,9907
205767,1,34779,0,12124
205768,1,150082,0,13035
205769,1,90375,0,11940
205770,1,12718,0,12392
205771,1,14775,0,10319
205772,1,68542,0,9476
205773,1,23369,0,12296
205774,1,1458448,0,12668
205775,1,2862,0,12143
205776,1,24460,0,12725
205777,1,1300447,0,11639
205778,1,368549,0,10932
205779,1,907784,0,12994
205780,1,1884710,0,11255
205781,1,64799,0,11231
205782,1,67939,0,9487
205783,1,66252,0,12598
205784,1,3956031,0,12331
205785,1,1638482,0,10378
205786,1,940529,0,13120
205787,1,17442,0,13085
205788,1,3657826,0,12091
205789,1,3704828,0,12705
205790,1,148888,0,11817
205791,1,148839,0,12156
205792,1,1031191,0,13094
205793,1,3909860,0,13109
205794,1,144633,0,12600
205795,1,1004042,0,12667
205796,1,244925,0,13019
205797,1,1213,0,11867
205798,1,3704944,0,11597
205799,1,90367,0,10077
205800,1,75858,0,10127
205801,1,766,0,12608
205802,1,2294534,0,12425
205803,1,127672,0,12682
205804,1,70815,0,12024
205805,1,143541,0,12093
205806,1,148431,0,12086
205807,1,72984,0,10759
205808,1,3090290,0,12814
205809,1,8621,0,12295
205810,1,14941,0,12609
205811,1,127524,0,12395
205812,1,129402,0,12769
205813,1,654849,0,11251
205814,1,14145,0,10198
205815,1,925013,0,13010
205816,1,3088178,0,12500
205817,1,134101,0,12802
205818,1,3134,0,11986
205819,1,129177,0,10469
205820,1,3981483,0,12625
205821,1,4715,0,11361
205822,1,131344,0,12553
205823,1,16063,0,12360
205824,1,14047,0,11482
205825,1,10005,0,11189
205826,1,13945,0,10082
205827,1,101187,0,12505
205828,1,3441827,0,12141
205829,1,823556,0,12682
205830,1,3081329,0,12288
205831,1,10859,0,10981
205832,1,66479,0,10334
205833,1,71402,0,10292
205834,1,71468,0,12367
205835,1,90412,0,12870
205836,1,4067,0,12570
205837,1,69937,0,12080
205838,1,130017,0,12168
205839,1,925665,0,12313
205840,1,249847,0,12748
205841,1,19450,0,11730
205842,1,584,0,10578
205843,1,10216,0,10121
205844,1,70752,0,11459
205845,1,65087,0,11581
205846,1,229608,0,10177
205847,1,17945,0,12759
205848,1,15854,0,10221
205849,1,135217,0,12419
205850,1,11753,0,12422
205851,1,303917,0,12860
205852,1,5060579,0,11568
205853,1,2183163,0,10894
205854,1,4844,0,9170
205855,1,8326,0,8298
205856,1,3019,0,10754
205857,1,17066,0,11431
205858,1,67660,0,7855
205859,1,17639,0,12438
205860,1,2204308,0,11258
205861,1,133208,0,11426
205862,1,63073,0,11113
205863,1,3441826,0,12672
205864,1,100040,0,13053
205865,1,3759038,0,12596
205866,1,63897,0,12347
205867,1,3082863,0,10624
205868,1,2243,0,10390
205869,1,16403,0,11163
205870,1,6387,0,10170
205871,1,71879,0,8523
205872,1,15722,0,8892
205873,1,13865,0,12749
205874,1,880,0,11936
205875,1,292,0,12038
205876,1,11576,0,9890
205877,1,68069,0,12580
205878,1,408439,0,13192
205879,1,19800,0,13163
205880,1,2793676,0,12062
205881,1,246363,0,12711
205882,1,509750,0,11967
205883,1,18995,0,11849
205884,1,62719,0,11089
205885,1,15200,0,11051
205886,1,4078083,0,12982
205887,1,3907,0,9503
205888,1,3959554,0,12153
205889,1,307401,0,12883
205890,1,142386,0,12064
205891,1,1302277,0,11473
205892,1,16511,0,11671
205893,1,2020,0,12621
205894,1,1484671,0,12447
205895,1,8601,0,11639
205896,1,15493,0,11114
205897,1,129655,0,10980
205898,1,5230,0,10231
205899,1,5874,0,9923
205900,1,68863,0,9494
205901,1,684,0,7497
205902,1,72109,0,10740
205903,1,170384,0,11776
205904,1,66964,0,12188
205905,1,14295,0,11947
205906,1,18567,0,11123
205907,1,90361,0,12511
205908,1,132788,0,12202
205909,1,3092284,0,12267
205910,1,1419126,0,12130
205911,1,4849,0,11896
205912,1,21426,0,11218
205913,1,3091518,0,11893
205914,1,69089,0,11648
205915,1,12087,0,11503
205916,1,16669,0,10717
205917,1,67419,0,7575
205918,1,18466,0,10899
205919,1,15136,0,11893
205920,1,265241,0,12025
205921,1,273252,0,11277
205922,1,2039798,0,12617
205923,1,101152,0,11487
205924,1,3081227,0,11793
205925,1,5012,0,11218
205926,1,148770,0,11763
205927,1,1432482,0,11117
205928,1,64011,0,10551
205929,1,17343,0,9713
205930,1,902891,0,12605
205931,1,68474,0,11522
205932,1,133957,0,11176
205933,1,14794,0,9739
205934,1,174104,0,12687
205935,1,19988,0,12809
205936,1,2652,0,10657
205937,1,909518,0,12423
205938,1,132553,0,12276
205939,1,5060853,0,11850
205940,1,7957,0,12021
205941,1,243020,0,12645
205942,1,1323418,0,11234
205943,1,1484558,0,11167
205944,1,14844,0,11592
205945,1,138834,0,11212
205946,1,9243,0,10569
205947,1,69810,0,9403
205948,1,8369,0,8008
205949,1,1293002,0,12133
205950,1,5522,0,12382
205951,1,69303,0,12522
205952,1,127241,0,12571
205953,1,90401,0,11206
205954,1,3701393,0,11229
205955,1,542649,0,11266
205956,1,64091,0,10025
205957,1,3081080,0,12752
205958,1,231150,0,12141
205959,1,3229,0,11867
205960,1,1087779,0,10899
205961,1,65217,0,11019
205962,1,323043,0,11730
205963,1,71956,0,10669
205964,1,70984,0,8577
205965,1,3090253,0,12345
205966,1,917,0,11789
205967,1,757001,0,12637
205968,1,3099186,0,12273
205969,1,5061044,0,12564
205970,1,211862,0,12175
205971,1,3098613,0,12501
205972,1,12654,0,11842
205973,1,147815,0,11891
205974,1,565707,0,11641
205975,1,3302,0,10368
205976,1,18689,0,10987
205977,1,3080790,0,10649
205978,1,3097173,0,8913
205979,1,466294,0,12853
205980,1,4076944,0,12031
205981,1,68211,0,9342
205982,1,17604,0,12358
205983,1,19211,0,11746
205984,1,10939,0,9788
205985,1,10232,0,9200
205986,1,210767,0,12669
205987,1,704593,0,12468
205988,1,65836,0,11307
205989,1,68785,0,11045
205990,1,65145,0,10074
205991,1,66856,0,11709
205992,1,165438,0,11988
205993,1,2269594,0,10942
205994,1,70167,0,11467
205995,1,131624,0,10985
205996,1,70553,0,10615
205997,1,70611,0,8490
205998,1,634,0,6611
205999,1,65332,0,12778
206000,1,4621024,0,12047
206001,1,20895,0,10480
206002,1,1375909,0,12526
206003,1,909,0,12258
206004,1,69574,0,11704
206005,1,997454,0,11666
206006,1,5060591,0,10968
206007,1,10520,0,10567
206008,1,13588,0,12913
206009,1,3925363,0,12401
206010,1,555724,0,11110
206011,1,818,0,7841
206012,1,135105,0,12427
206013,1,25538,0,12245
206014,1,10662,0,9597
206015,1,137043,0,12292
206016,1,702244,0,12184
206017,1,2177136,0,12038
206018,1,69004,0,12037
206019,1,16311,0,12354
206020,1,16960,0,11941
206021,1,19628,0,10773
206022,1,72803,0,7620
206023,1,72266,0,11184
206024,1,4430,0,12332
206025,1,127271,0,12549
206026,1,464038,0,11900
206027,1,4682592,0,10916
206028,1,6584,0,8702
206029,1,2143512,0,12550
206030,1,3084,0,12008
206031,1,5882,0,12203
206032,1,165870,0,12504
206033,1,2049588,0,11917
206034,1,18108,0,12594
206035,1,3638696,0,11816
206036,1,67332,0,10844
206037,1,3099291,0,11494
206038,1,185588,0,10725
206039,1,4576,0,10382
206040,1,19011,0,12935
206041,1,127679,0,12385
206042,1,715639,0,11709
206043,1,90306,0,10962
206044,1,148293,0,11153
206045,1,69554,0,9447
206046,1,235881,0,12620
206047,1,5061231,0,10996
206048,1,19517,0,10794
206049,1,149149,0,13045
206050,1,3706758,0,12910
206051,1,5060908,0,11736
206052,1,1017718,0,12075
206053,1,71510,0,11343
206054,1,6338,0,11399
206055,1,3088585,0,9994
206056,1,71168,0,10429
206057,1,1709717,0,10036
206058,1,69660,0,10036
206059,1,26801,0,10769
206060,1,411600,0,10658
206061,1,5060451,0,12343
206062,1,64993,0,12383
206063,1,16763,0,12643
206064,1,72919,0,11801
206065,1,1048390,0,12184
206066,1,21191,0,12505
206067,1,2579,0,12000
206068,1,90414,0,11076
206069,1,7418,0,11509
206070,1,8802,0,9058
206071,1,1460884,0,10985
206072,1,3678918,0,10345
206073,1,3087555,0,12508
206074,1,63673,0,12307
206075,1,7631,0,11118
206076,1,3190,0,10806
206077,1,148941,0,12500
206078,1,10430,0,11353
206079,1,930597,0,10576
206080,1,23664,0,11023
206081,1,3605939,0,10456
206082,1,5060939,0,12185
206083,1,1387263,0,11824
206084,1,21130,0,12740
206085,1,101233,0,11112
206086,1,165939,0,9941
206087,1,19198,0,8062
206088,1,675220,0,12447
206089,1,1666816,0,11560
206090,1,68146,0,12000
206091,1,97519,0,11912
206092,1,166353,0,11756
206093,1,4076463,0,11711
206094,1,7664,0,10743
206095,1,20926,0,11282
206096,1,69299,0,11487
206097,1,235198,0,12317
206098,1,63341,0,11266
206099,1,3662382,0,11549
206100,1,17480,0,10737
206101,1,66345,0,9476
206102,1,3093417,0,12076
206103,1,64644,0,12074
206104,1,880839,0,12353
206105,1,236950,0,9954
206106,1,18500,0,12786
206107,1,13362,0,12135
206108,1,3082809,0,11065
206109,1,67964,0,10933
206110,1,1833371,0,10366
206111,1,2357066,0,12106
206112,1,69587,0,11895
206113,1,1970674,0,11662
206114,1,131750,0,10829
206115,1,66910,0,8516
206116,1,10352,0,10693
206117,1,18219,0,10936
206118,1,10582,0,7996
206119,1,76559,0,8090
206120,1,11644,0,10335
206121,1,66583,0,8847
206122,1,67316,0,11552
206123,1,3091808,0,11477
206124,1,10738,0,10333
206125,1,10234,0,9669
206126,1,3687576,0,12162
206127,1,431977,0,10698
206128,1,204150,0,11603
206129,1,19713,0,12256
206130,1,10910,0,11489
206131,1,7242,0,10920
206132,1,71395,0,10262
206133,1,130041,0,10635
206134,1,5060499,0,9430
206135,1,64584,0,5598
206136,1,17321,0,11515
206137,1,1216480,0,10570
206138,1,5085,0,10479
206139,1,6535,0,10466
206140,1,71385,0,10359
206141,1,61561,0,10356
206142,1,70622,0,9390
206143,1,145803,0,11712
206144,1,133951,0,12054
206145,1,230438,0,11851
206146,1,76676,0,11283
206147,1,8505,0,10613
206148,1,251319,0,12187
206149,1,15990,0,10542
206150,1,14393,0,9036
206151,1,146761,0,12281
206152,1,68790,0,11143
206153,1,61450,0,11720
206154,1,168234,0,10295
206155,1,145829,0,10010
206156,1,66364,0,10293
206157,1,4078352,0,12440
206158,1,3083125,0,11945
206159,1,69116,0,12347
206160,1,3089946,0,11575
206161,1,143647,0,11166
206162,1,67228,0,9437
206163,1,67118,0,8352
206164,1,19398,0,8049
206165,1,4621044,0,8879
206166,1,8440,0,12063
206167,1,11882,0,12053
206168,1,1666,0,11511
206169,1,973,0,11464
206170,1,229044,0,12330
206171,1,3517,0,10972
206172,1,67483,0,9609
206173,1,20328,0,9824
206174,1,3964368,0,11768
206175,1,132239,0,12693
206176,1,253442,0,12314
206177,1,5060935,0,12088
206178,1,208726,0,11515
206179,1,143590,0,10532
206180,1,2200,0,10331
206181,1,3099254,0,10616
206182,1,68841,0,9385
206183,1,148459,0,9958
206184,1,17633,0,9292
206185,1,9943,0,12100
206186,1,67934,0,8866
206187,1,961199,0,11959
206188,1,3913449,0,11975
206189,1,63784,0,12084
206190,1,17374,0,11109
206191,1,65584,0,9844
206192,1,828495,0,12087
206193,1,143341,0,11843
206194,1,3727689,0,12436
206195,1,940225,0,12012
206196,1,17920,0,11751
206197,1,130476,0,10872
206198,1,19787,0,10891
206199,1,6449,0,9630
206200,1,4682,0,9581
206201,1,7692,0,8204
206202,1,11698,0,11722
206203,1,67564,0,11153
206204,1,473442,0,12452
206205,1,148677,0,12578
206206,1,236911,0,12453
206207,1,1182266,0,11009
206208,1,933407,0,10817
206209,1,9758,0,10616
206210,1,667720,0,11253
206211,1,601190,0,11065
206212,1,135244,0,10005
206213,1,11954,0,9922
206214,1,641756,0,10228
206215,1,5565,0,8743
206216,1,65614,0,7990
206217,1,16327,0,8260
206218,1,1933,0,11406
206219,1,9898,0,12188
206220,1,501152,0,12569
206221,1,90680,0,11549
206222,1,5060599,0,10900
206223,1,69400,0,10144
206224,1,19012,0,8618
206225,1,2077906,0,7355
206226,1,70987,0,10390
206227,1,68998,0,9890
206228,1,2256195,0,9563
206229,1,18963,0,9893
206230,1,1669081,0,10557
206231,1,977508,0,11028
206232,1,68869,0,10165
206233,1,3088478,0,10084
206234,1,76263,0,11124
206235,1,2201158,0,9991
206236,1,17853,0,10647
206237,1,5295,0,9205
206238,1,146058,0,12526
206239,1,66735,0,10696
206240,1,1450926,0,10593
206241,1,393,0,9501
206242,1,3442212,0,9436
206243,1,12589,0,9475
206244,1,132316,0,12100
206245,1,4076514,0,12555
206246,1,947264,0,11165
206247,1,316465,0,10927
206248,1,132846,0,9420
206249,1,72496,0,7119
206250,1,230113,0,11747
206251,1,15754,0,10047
206252,1,5060967,0,11820
206253,1,1611,0,11747
206254,1,13017,0,11801
206255,1,5486,0,11588
206256,1,17120,0,11571
206257,1,9364,0,10818
206258,1,1020215,0,10871
206259,1,654468,0,11411
206260,1,5899,0,10476
206261,1,3711365,0,11277
206262,1,75908,0,10538
206263,1,70150,0,9522
206264,1,146756,0,12630
206265,1,4076427,0,11946
206266,1,68119,0,10776
206267,1,67283,0,9702
206268,1,297623,0,9633
206269,1,18418,0,11726
206270,1,11960,0,10902
206271,1,2793285,0,10997
206272,1,20170,0,9892
206273,1,235102,0,11951
206274,1,209765,0,11371
206275,1,23398,0,11100
206276,1,135141,0,12394
206277,1,4077574,0,12517
206278,1,72399,0,11136
206279,1,173641,0,11541
206280,1,1245251,0,11269
206281,1,175242,0,11277
206282,1,68856,0,11266
206283,1,134294,0,10309
206284,1,13137,0,9369
206285,1,7726,0,9019
206286,1,69633,0,6992
206287,1,3681058,0,12023
206288,1,68862,0,10759
206289,1,100743,0,11924
206290,1,1581,0,11332
206291,1,70782,0,9853
206292,1,5060486,0,9080
206293,1,10651,0,8335
206294,1,901844,0,12051
206295,1,10280,0,9812
206296,1,6697,0,9024
206297,1,10242,0,9773
206298,1,144350,0,11734
206299,1,166439,0,10500
206300,1,18612,0,11086
206301,1,538959,0,10154
206302,1,25381,0,10853
206303,1,20879,0,9580
206304,1,189124,0,11555
206305,1,11801,0,11755
206306,1,3023,0,7895
206307,1,134430,0,11873
206308,1,1082648,0,11697
206309,1,360259,0,11396
206310,1,3703592,0,11416
206311,1,144159,0,10044
206312,1,243,0,8712
206313,1,5061288,0,8579
206314,1,300933,0,11989
206315,1,14606,0,9768
206316,1,15843,0,9592
206317,1,62458,0,7717
206318,1,17149,0,12303
206319,1,16759,0,9710
206320,1,62554,0,8901
206321,1,3442283,0,7371
206322,1,1173108,0,11077
206323,1,10292,0,10665
206324,1,165374,0,10455
206325,1,3901161,0,10500
206326,1,973559,0,12217
206327,1,370643,0,12421
206328,1,224247,0,11783
206329,1,1015512,0,10685
206330,1,66112,0,10600
206331,1,65027,0,9657
206332,1,7606,0,9201
206333,1,6524,0,9012
206334,1,3636625,0,11901
206335,1,101222,0,11676
206336,1,15653,0,11034
206337,1,204,0,11932
206338,1,961005,0,11980
206339,1,2791882,0,11737
206340,1,13504,0,9466
206341,1,656989,0,12165
206342,1,10569,0,9643
206343,1,14503,0,9870
206344,1,146498,0,8553
206345,1,3704305,0,11637
206346,1,3090555,0,9857
206347,1,203428,0,9898
206348,1,2375,0,11417
206349,1,2413196,0,11215
206350,1,3090025,0,10804
206351,1,572352,0,11413
206352,1,89420,0,10793
206353,1,128421,0,10399
206354,1,1310343,0,10050
206355,1,146681,0,11706
206356,1,129072,0,10653
206357,1,70973,0,11526
206358,1,72244,0,11598
206359,1,203071,0,11561
206360,1,8651,0,10357
206361,1,66515,0,10300
206362,1,17238,0,9388
206363,1,242656,0,11614
206364,1,65133,0,12047
206365,1,380179,0,12270
206366,1,299065,0,12242
206367,1,1400796,0,11559
206368,1,3092285,0,11726
206369,1,68864,0,10825
206370,1,3698991,0,11243
206371,1,16075,0,11120
206372,1,4490,0,10084
206373,1,69313,0,9817
206374,1,17083,0,10424
206375,1,72754,0,11648
206376,1,165421,0,11611
206377,1,5158,0,10412
206378,1,70288,0,10192
206379,1,13245,0,9646
206380,1,63827,0,7592
206381,1,662770,0,11560
206382,1,2390691,0,10607
206383,1,2279045,0,10546
206384,1,11373,0,10237
206385,1,67790,0,10256
206386,1,12742,0,9392
206387,1,4528,0,8968
206388,1,71212,0,7621
206389,1,2874,0,11485
206390,1,1025189,0,11862
206391,1,101186,0,12005
206392,1,3899968,0,11803
206393,1,11331,0,10853
206394,1,17408,0,10864
206395,1,5061185,0,10225
206396,1,165436,0,9762
206397,1,5393,0,10260
206398,1,1647890,0,10180
206399,1,30,0,8058
206400,1,3078020,0,10751
206401,1,131472,0,11895
206402,1,131539,0,11681
206403,1,325988,0,11820
206404,1,205070,0,10520
206405,1,883785,0,10967
206406,1,3090176,0,10102
206407,1,63251,0,9517
206408,1,12909,0,9105
206409,1,9292,0,8183
206410,1,170026,0,11946
206411,1,1780505,0,11308
206412,1,2488469,0,11003
206413,1,248189,0,11739
206414,1,3085754,0,10218
206415,1,70600,0,9459
206416,1,1964,0,10954
206417,1,24924,0,11634
206418,1,3701673,0,11070
206419,1,11418,0,9911
206420,1,10870,0,8994
206421,1,90206,0,9103
206422,1,100745,0,12000
206423,1,603,0,11579
206424,1,1034946,0,11484
206425,1,167435,0,9915
206426,1,8656,0,9626
206427,1,204214,0,9067
206428,1,2194,0,8768
206429,1,769242,0,11532
206430,1,10628,0,10354
206431,1,66751,0,9464
206432,1,66880,0,8461
206433,1,127230,0,10982
206434,1,128844,0,10304
206435,1,17016,0,8887
206436,1,130966,0,12093
206437,1,4078414,0,11892
206438,1,90635,0,11612
206439,1,9725,0,11160
206440,1,289381,0,11830
206441,1,75589,0,11597
206442,1,1248406,0,10652
206443,1,1392030,0,11026
206444,1,204019,0,11546
206445,1,66973,0,9639
206446,1,277946,0,12267
206447,1,133727,0,11545
206448,1,167411,0,10602
206449,1,928165,0,11090
206450,1,887613,0,10158
206451,1,4604,0,9797
206452,1,100058,0,10759
206453,1,16885,0,10222
206454,1,662229,0,10307
206455,1,176580,0,10581
206456,1,19070,0,11057
206457,1,809581,0,9621
206458,1,140815,0,11574
206459,1,3654441,0,11971
206460,1,12727,0,11851
206461,1,69795,0,11011
206462,1,8049,0,10768
206463,1,3103,0,9970
206464,1,14622,0,9092
206465,1,824141,0,11572
206466,1,100066,0,10518
206467,1,3094682,0,11733
206468,1,238824,0,11991
206469,1,977214,0,11124
206470,1,20634,0,11935
206471,1,69522,0,9973
206472,1,17227,0,10739
206473,1,131918,0,11832
206474,1,12774,0,11747
206475,1,1476196,0,10980
206476,1,2816464,0,11377
206477,1,144415,0,11507
206478,1,3658414,0,11483
206479,1,5168,0,11223
206480,1,366667,0,10164
206481,1,6397,0,11148
206482,1,1673278,0,11440
206483,1,72241,0,11173
206484,1,145467,0,11130
206485,1,90447,0,11252
206486,1,3366,0,10160
206487,1,147490,0,9325
206488,1,66963,0,9325
206489,1,237915,0,12282
206490,1,161372,0,10562
206491,1,12924,0,10481
206492,1,19962,0,8833
206493,1,144662,0,11566
206494,1,11457,0,11154
206495,1,395572,0,10665
206496,1,69869,0,7606
206497,1,1211,0,7495
206498,1,2146877,0,6675
206499,1,169985,0,10977
206500,1,68541,0,10518
206501,1,69794,0,9572
206502,1,170400,0,9329
206503,1,73545,0,11742
206504,1,69919,0,10882
206505,1,697336,0,11758
206506,1,76146,0,11114
206507,1,15020,0,10105
206508,1,462590,0,10388
206509,1,9864,0,8428
206510,1,147443,0,11127
206511,1,66485,0,8960
206512,1,3093897,0,9637
206513,1,1475756,0,11485
206514,1,72818,0,11124
206515,1,13774,0,8179
206516,1,3705081,0,11200
206517,1,15428,0,9324
206518,1,1089894,0,11734
206519,1,71738,0,11732
206520,1,70231,0,11281
206521,1,17380,0,11945
206522,1,7964,0,11005
206523,1,18516,0,11741
206524,1,69479,0,10439
206525,1,18124,0,10938
206526,1,4683423,0,10673
206527,1,2809,0,9846
206528,1,178681,0,10602
206529,1,65432,0,9782
206530,1,5031,0,7659
206531,1,203914,0,11881
206532,1,1258539,0,10748
206533,1,68476,0,9449
206534,1,4076390,0,11025
206535,1,179924,0,9898
206536,1,3677732,0,10265
206537,1,131144,0,11641
206538,1,1422892,0,10955
206539,1,69147,0,11225
206540,1,887450,0,11321
206541,1,165845,0,11417
206542,1,64037,0,11470
206543,1,145600,0,10774
206544,1,9896,0,9939
206545,1,7407,0,9988
206546,1,59252,0,5997
206547,1,187007,0,11683
206548,1,1878979,0,11327
206549,1,11382,0,10217
206550,1,66722,0,8949
206551,1,4754,0,9426
206552,1,12621,0,11063
206553,1,174477,0,11794
206554,1,146585,0,11852
206555,1,72652,0,10974
206556,1,171880,0,11165
206557,1,3660132,0,10829
206558,1,919842,0,10522
206559,1,262892,0,10963
206560,1,13204,0,10343
206561,1,1454,0,9865
206562,1,70575,0,9574
206563,1,10388,0,9464
206564,1,1005189,0,10189
206565,1,2450,0,9193
206566,1,67528,0,8748
206567,1,55181,0,8687
206568,1,261037,0,11978
206569,1,72344,0,10401
206570,1,4076424,0,11052
206571,1,1442051,0,10283
206572,1,69833,0,9957
206573,1,70860,0,9636
206574,1,72812,0,8558
206575,1,69884,0,8027
206576,1,67848,0,7902
206577,1,63870,0,7950
206578,1,1369027,0,11699
206579,1,190830,0,11190
206580,1,12957,0,10764
206581,1,278250,0,10942
206582,1,4834,0,10147
206583,1,20961,0,10972
206584,1,405248,0,9988
206585,1,16000,0,9111
206586,1,9380,0,10998
206587,1,3699178,0,11054
206588,1,3930268,0,10681
206589,1,19717,0,10827
206590,1,635333,0,9757
206591,1,17791,0,9219
206592,1,1659,0,7440
206593,1,4683661,0,12043
206594,1,999237,0,10767
206595,1,691161,0,11887
206596,1,148543,0,11034
206597,1,130103,0,9963
206598,1,15592,0,7480
206599,1,404,0,11668
206600,1,142047,0,11702
206601,1,70263,0,10725
206602,1,166011,0,11371
206603,1,5060738,0,11069
206604,1,16924,0,10092
206605,1,165771,0,8500
206606,1,65905,0,6902
206607,1,5857,0,10677
206608,1,1384953,0,9401
206609,1,20898,0,9052
206610,1,67619,0,7138
206611,1,10415,0,5632
206612,1,3646978,0,11229
206613,1,19297,0,11302
206614,1,71382,0,10063
206615,1,14940,0,9857
206616,1,129350,0,9388
206617,1,626839,0,9744
206618,1,10315,0,7939
206619,1,2340189,0,11317
206620,1,3090419,0,9966
206621,1,146840,0,10780
206622,1,904435,0,10685
206623,1,72055,0,10451
206624,1,69865,0,10317
206625,1,72981,0,9218
206626,1,60601,0,7121
206627,1,251523,0,12124
206628,1,1635828,0,11371
206629,1,69115,0,11782
206630,1,3656416,0,11210
206631,1,3089105,0,11229
206632,1,5640,0,11224
206633,1,75580,0,11971
206634,1,928446,0,10968
206635,1,6226,0,10765
206636,1,1391546,0,10720
206637,1,62750,0,10963
206638,1,67406,0,8231
206639,1,72641,0,6792
206640,1,207189,0,6556
206641,1,14993,0,6181
206642,1,5060893,0,11316
206643,1,819550,0,11081
206644,1,1859062,0,10828
206645,1,938509,0,10926
206646,1,135123,0,10525
206647,1,65317,0,10071
206648,1,1922808,0,9722
206649,1,640,0,8247
206650,1,12017,0,7759
206651,1,2791726,0,11372
206652,1,911,0,10058
206653,1,65889,0,9137
206654,1,3695351,0,8262
206655,1,12720,0,11260
206656,1,65576,0,10033
206657,1,14753,0,10441
206658,1,6085,0,9667
206659,1,128847,0,10879
206660,1,270568,0,12013
206661,1,2033,0,9065
206662,1,4986,0,11125
206663,1,68833,0,11018
206664,1,8941,0,9423
206665,1,5061111,0,6113
206666,1,808,0,11772
206667,1,13479,0,10971
206668,1,2043917,0,10603
206669,1,166927,0,8506
206670,1,3705649,0,11770
206671,1,1623873,0,10590
206672,1,72851,0,9822
206673,1,19242,0,8775
206674,1,828920,0,8386
206675,1,18973,0,10503
206676,1,3089185,0,11284
206677,1,166463,0,11185
206678,1,134347,0,11146
206679,1,5060846,0,10691
206680,1,1961,0,7833
206681,1,5061073,0,11985
206682,1,3085139,0,11987
206683,1,176372,0,10741
206684,1,90436,0,10241
206685,1,128438,0,10229
206686,1,5908,0,9576
206687,1,69198,0,8119
206688,1,16095,0,6390
206689,1,64230,0,5126
206690,1,138304,0,11552
206691,1,371749,0,12074
206692,1,5005,0,9955
206693,1,19192,0,9801
206694,1,10613,0,6999
206695,1,65727,0,10306
206696,1,97041,0,10266
206697,1,148640,0,9013
206698,1,921009,0,11535
206699,1,67306,0,10557
206700,1,9444,0,10012
206701,1,662878,0,9983
206702,1,8415,0,9394
206703,1,1839,0,11149
206704,1,15133,0,11571
206705,1,14371,0,11390
206706,1,1066134,0,10312
206707,1,72519,0,10315
206708,1,67091,0,10484
206709,1,10426,0,10264
206710,1,177343,0,9939
206711,1,2816479,0,9953
206712,1,9736,0,8894
206713,1,3090832,0,8761
206714,1,1349,0,9096
206715,1,2336011,0,10344
206716,1,3095650,0,9382
206717,1,20832,0,8666
206718,1,10808,0,11617
206719,1,3090144,0,11057
206720,1,1718672,0,11395
206721,1,5060933,0,11444
206722,1,1897,0,10776
206723,1,8117,0,9654
206724,1,7309,0,9641
206725,1,68065,0,7792
206726,1,1942,0,7086
206727,1,3822,0,10103
206728,1,64617,0,8776
206729,1,3081017,0,12002
206730,1,71488,0,11029
206731,1,65271,0,11053
206732,1,68045,0,10287
206733,1,5601,0,10748
206734,1,3898130,0,10973
206735,1,336048,0,11077
206736,1,65879,0,9382
206737,1,63185,0,5509
206738,1,1103079,0,11319
206739,1,147719,0,11765
206740,1,89430,0,10173
206741,1,100054,0,10361
206742,1,6645,0,8834
206743,1,63933,0,7578
206744,1,67003,0,10689
206745,1,72690,0,10501
206746,1,2267619,0,10164
206747,1,62778,0,8449
206748,1,2151449,0,11238
206749,1,858906,0,11793
206750,1,538223,0,10860
206751,1,17526,0,11367
206752,1,8808,0,10872
206753,1,1662537,0,10797
206754,1,64285,0,10313
206755,1,283441,0,10958
206756,1,61676,0,10392
206757,1,368015,0,10064
206758,1,10888,0,10633
206759,1,5060986,0,11285
206760,1,72973,0,10788
206761,1,3081247,0,11080
206762,1,15138,0,9327
206763,1,70004,0,7569
206764,1,20326,0,8481
206765,1,3979005,0,11233
206766,1,163341,0,11562
206767,1,1803573,0,11244
206768,1,726725,0,11704
206769,1,65890,0,9905
206770,1,2791838,0,10440
206771,1,127588,0,9953
206772,1,89972,0,9439
206773,1,9697,0,8263
206774,1,64152,0,10403
206775,1,3876357,0,10474
206776,1,3094554,0,11202
206777,1,202883,0,9280
206778,1,68930,0,8406
206779,1,818153,0,11748
206780,1,1067783,0,11038
206781,1,2399,0,10572
206782,1,71490,0,10250
206783,1,135297,0,10359
206784,1,5061259,0,9874
206785,1,558,0,10117
206786,1,90345,0,10014
206787,1,3713012,0,10457
206788,1,71082,0,9584
206789,1,3675968,0,9422
206790,1,3098657,0,9635
206791,1,3088729,0,10907
206792,1,649562,0,9894
206793,1,69410,0,8786
206794,1,3662259,0,11183
206795,1,18763,0,11749
206796,1,71063,0,10170
206797,1,165689,0,10172
206798,1,5061187,0,8807
206799,1,7516,0,11585
206800,1,178571,0,11731
206801,1,331822,0,10423
206802,1,69236,0,8718
206803,1,15956,0,8636
206804,1,21656,0,7922
206805,1,4076392,0,11559
206806,1,90423,0,11275
206807,1,134977,0,11452
206808,1,1380035,0,11415
206809,1,62874,0,11328
206810,1,143009,0,10531
206811,1,1423524,0,10381
206812,1,5061278,0,10534
206813,1,10833,0,10090
206814,1,130223,0,8953
206815,1,18783,0,8999
206816,1,12656,0,8342
206817,1,63646,0,8188
206818,1,14334,0,8026
206819,1,14563,0,7310
206820,1,129047,0,10409
206821,1,12772,0,5587
206822,1,965780,0,8878
206823,1,15586,0,9243
206824,1,67736,0,8324
206825,1,10538,0,7540
206826,1,3088157,0,10742
206827,1,128978,0,11187
206828,1,779753,0,10920
206829,1,3093887,0,10716
206830,1,8948,0,10115
206831,1,363876,0,10989
206832,1,3088845,0,9800
206833,1,94836,0,10373
206834,1,133241,0,9920
206835,1,1399,0,10135
206836,1,5508,0,9188
206837,1,60828,0,8909
206838,1,6078,0,7509
206839,1,66537,0,4412
206840,1,3091674,0,11334
206841,1,127878,0,11492
206842,1,64660,0,9909
206843,1,28717,0,6355
206844,1,144139,0,11563
206845,1,69770,0,10714
206846,1,3090932,0,10257
206847,1,69997,0,9614
206848,1,1868,0,9324
206849,1,144138,0,11308
206850,1,73187,0,10299
206851,1,5060742,0,10625
206852,1,5051,0,9576
206853,1,11614,0,8409
206854,1,65943,0,7562
206855,1,1001146,0,6407
206856,1,133276,0,11221
206857,1,212939,0,11068
206858,1,5060677,0,10532
206859,1,4681412,0,10864
206860,1,3092060,0,9629
206861,1,15825,0,10311
206862,1,71027,0,9189
206863,1,65862,0,9691
206864,1,202914,0,9070
206865,1,67458,0,8305
206866,1,5060484,0,8278
206867,1,1869,0,9865
206868,1,20422,0,11019
206869,2,5725,163,9921
206870,1,5061290,0,7624
206871,1,5060448,0,10762
206872,1,3921782,0,11048
206873,1,3442506,0,11309
206874,1,65674,0,10675
206875,1,2621,0,10010
206876,1,5656,0,9475
206877,1,13882,0,9673
206878,1,4784,0,9050
206879,1,65977,0,8307
206880,1,65198,0,8095
206881,1,17974,0,8912
206882,1,903899,0,7711
206883,1,11898,0,7558
206884,1,232738,0,11456
206885,1,95262,0,10750
206886,1,3933678,0,10742
206887,1,1060940,0,10411
206888,1,70946,0,9929
206889,1,135367,0,9713
206890,1,2279491,0,9424
206891,1,57831,0,9755
206892,1,71718,0,8513
206893,1,57686,0,6764
206894,1,4736,0,5222
206895,1,1845638,0,10959
206896,1,2307,0,10731
206897,1,67743,0,9125
206898,1,1728724,0,10898
206899,1,5700,0,10451
206900,1,17206,0,10935
206901,1,3921,0,10513
206902,1,3915961,0,10929
206903,1,6950,0,10400
206904,1,5078,0,10176
206905,1,68251,0,9750
206906,1,14293,0,9977
206907,1,64183,0,9975
206908,1,20587,0,9801
206909,1,308224,0,11361
206910,1,68849,0,10588
206911,1,77976,0,10782
206912,1,3082882,0,9626
206913,1,1265907,0,9603
206914,1,954486,0,8114
206915,1,64233,0,10918
206916,1,2496,0,10776
206917,1,127206,0,11099
206918,1,1801010,0,9741
206919,1,65121,0,9258
206920,1,1949815,0,10791
206921,1,1668038,0,10579
206922,1,6209,0,10518
206923,1,70186,0,9729
206924,1,417611,0,10104
206925,1,62701,0,9548
206926,1,73048,0,8852
206927,1,67948,0,7600
206928,1,5061273,0,6683
206929,1,72351,0,6413
206930,1,166767,0,10047
206931,1,19505,0,10513
206932,1,3430,0,9229
206933,1,3080896,0,8727
206934,1,130054,0,11386
206935,1,3091377,0,10662
206936,1,65389,0,10590
206937,1,193065,0,10281
206938,1,281026,0,10751
206939,1,2296991,0,9934
206940,1,61379,0,10343
206941,1,1373227,0,9918
206942,1,59813,0,9541
206943,1,16796,0,9202
206944,1,8059,0,8354
206945,1,13088,0,6545
206946,1,146448,0,9208
206947,1,1531427,0,11246
206948,1,133477,0,11114
206949,1,2817378,0,10445
206950,1,68889,0,9191
206951,1,1446888,0,8653
206952,1,3948,0,5104
206953,1,1052109,0,11110
206954,1,1442989,0,10395
206955,1,86032,0,11005
206956,1,1019005,0,10133
206957,1,71048,0,8683
206958,1,147648,0,11671
206959,1,170066,0,10712
206960,1,132373,0,9774
206961,1,621178,0,9870
206962,1,145793,0,9900
206963,1,16381,0,9214
206964,1,9973,0,8527
206965,1,14155,0,7627
206966,1,148923,0,11629
206967,1,12872,0,6219
206968,1,871562,0,10833
206969,1,9763,0,10283
206970,1,1440753,0,10274
206971,1,70099,0,9382
206972,1,66419,0,8746
206973,1,290972,0,9584
206974,1,10125,0,6979
206975,1,3706272,0,11715
206976,1,9692,0,10298
206977,1,76755,0,11114
206978,1,12364,0,9168
206979,1,696084,0,11420
206980,1,4857,0,10315
206981,1,1557077,0,10279
206982,1,131928,0,10386
206983,1,133204,0,10632
206984,1,68900,0,9398
206985,1,69533,0,9141
206986,1,1671926,0,9305
206987,1,2072815,0,9232
206988,1,6564,0,8982
206989,1,12581,0,11115
206990,1,235946,0,11509
206991,1,64686,0,8406
206992,1,1636852,0,11113
206993,1,604988,0,11157
206994,1,205140,0,10332
206995,1,1378544,0,10773
206996,1,67190,0,10202
206997,1,69441,0,10365
206998,1,131642,0,10198
206999,1,100757,0,10030
207000,1,14675,0,9478
207001,1,636197,0,9716
207002,1,67051,0,8278
207003,1,12859,0,7255
207004,1,7430,0,6355
207005,1,17451,0,7450
207006,1,1445997,0,10564
207007,1,72235,0,10355
207008,1,2793201,0,10888
207009,1,147031,0,10698
207010,1,18140,0,10826
207011,1,72291,0,9437
207012,1,4769,0,9475
207013,1,65345,0,8351
207014,1,71543,0,8799
207015,1,11152,0,6905
207016,1,61352,0,5601
207017,1,66414,0,4813
207018,1,932841,0,11366
207019,1,4684231,0,10541
207020,1,63400,0,7611
207021,1,127771,0,11302
207022,1,5060690,0,10128
207023,1,68258,0,9868
207024,1,71597,0,9042
207025,1,65830,0,9287
207026,1,16764,0,9127
207027,1,5517,0,8255
207028,1,134203,0,11344
207029,1,100131,0,10503
207030,1,18382,0,11220
207031,1,1651431,0,10398
207032,1,147251,0,10664
207033,1,9933,0,8154
207034,1,265649,0,11503
207035,1,163104,0,10474
207036,1,485,0,5929
207037,1,67949,0,10873
207038,1,1204628,0,10045
207039,1,15029,0,9885
207040,1,12420,0,9568
207041,1,16581,0,9224
207042,1,374816,0,9125
207043,1,21637,0,8736
207044,1,166917,0,7474
207045,1,69287,0,6912
207046,1,64729,0,5497
207047,1,325,0,10011
207048,1,3097221,0,9051
207049,1,15870,0,9021
207050,1,2383550,0,10847
207051,1,7020,0,10863
207052,1,5541,0,10425
207053,1,73125,0,8681
207054,1,70675,0,8566
207055,1,67659,0,8452
207056,1,3681777,0,7713
207057,1,8997,0,3782
207058,1,71872,0,9923
207059,1,72407,0,9184
207060,1,69216,0,7792
207061,1,72863,0,10716
207062,1,5163,0,10891
207063,1,5060946,0,11023
207064,1,5060864,0,10450
207065,1,72327,0,10047
207066,1,71061,0,10138
207067,1,17680,0,10384
207068,1,95270,0,9720
207069,1,10758,0,9170
207070,1,70997,0,8935
207071,1,14213,0,9222
207072,1,5309,0,8299
207073,1,64291,0,8018
207074,1,15477,0,10003
207075,1,65716,0,8591
207076,1,2117326,0,10843
207077,1,130026,0,11114
207078,1,73112,0,9346
207079,1,66898,0,9381
207080,1,2240341,0,9173
207081,1,66899,0,8489
207082,1,2047,0,7902
207083,1,582854,0,9934
207084,1,13259,0,10169
207085,1,3689934,0,10021
207086,1,11867,0,9561
207087,1,10063,0,9317
207088,1,66484,0,8913
207089,1,90397,0,10373
207090,1,68976,0,8660
207091,1,10160,0,7907
207092,1,68309,0,10201
207093,1,132837,0,9436
207094,1,170052,0,11262
207095,1,3303,0,10141
207096,1,5060490,0,8333
207097,1,937177,0,10360
207098,1,178127,0,10705
207099,1,5219,0,9842
207100,1,203822,0,9346
207101,1,198797,0,9306
207102,1,3091817,0,8807
207103,1,70458,0,8482
207104,1,63413,0,5905
207105,1,4069,0,10717
207106,1,66344,0,9623
207107,1,2817404,0,9034
207108,1,64682,0,8221
207109,1,176547,0,11269
207110,1,3697355,0,10942
207111,1,641660,0,11050
207112,1,16020,0,10652
207113,1,314735,0,10850
207114,1,1415523,0,10221
207115,1,3087625,0,9670
207116,1,886472,0,10137
207117,1,65224,0,8289
207118,1,66878,0,8618
207119,1,97247,0,7707
207120,1,69057,0,7339
207121,1,2405770,0,10591
207122,1,3092429,0,10522
207123,1,62435,0,10629
207124,1,1199997,0,10481
207125,1,10259,0,8720
207126,1,1632518,0,10809
207127,1,1429297,0,10081
207128,1,668600,0,11087
207129,1,3080765,0,10471
207130,1,200224,0,10336
207131,1,18549,0,10703
207132,1,5060600,0,9464
207133,1,5061227,0,9377
207134,1,72012,0,9419
207135,1,13796,0,9778
207136,1,14142,0,8524
207137,1,170383,0,7775
207138,1,148598,0,10924
207139,1,1236349,0,9760
207140,1,5061081,0,10522
207141,1,66210,0,10284
207142,1,129592,0,10564
207143,1,129394,0,9548
207144,1,3870,0,11072
207145,1,178032,0,10786
207146,1,170396,0,9619
207147,1,69813,0,8808
207148,1,3514,0,9159
207149,1,13940,0,10603
207150,1,3703071,0,10381
207151,1,70438,0,9453
207152,1,71100,0,9205
207153,1,64056,0,9854
207154,1,5060595,0,9154
207155,1,67860,0,8785
207156,1,66130,0,8821
207157,1,65254,0,8505
207158,1,69091,0,7583
207159,1,61948,0,6304
207160,1,62394,0,6169
207161,1,5060623,0,9618
207162,1,3675256,0,10081
207163,1,10225,0,9535
207164,1,13732,0,9299
207165,1,1670097,0,10474
207166,1,87951,0,10574
207167,1,3089943,0,10291
207168,1,7862,0,8410
207169,1,11094,0,8642
207170,1,72718,0,7680
207171,1,70576,0,10074
207172,1,11328,0,10834
207173,1,3375344,0,10119
207174,1,127210,0,10822
207175,1,66948,0,9918
207176,1,65123,0,9899
207177,1,137094,0,9751
207178,1,69599,0,10148
207179,1,3928152,0,9884
207180,1,10684,0,9300
207181,1,166910,0,7038
207182,1,601407,0,11328
207183,1,62208,0,10633
207184,1,63418,0,10375
207185,1,18780,0,10269
207186,1,3091562,0,9488
207187,1,16853,0,8893
207188,1,63408,0,10715
207189,1,166697,0,10342
207190,1,1455987,0,9720
207191,1,202950,0,9830
207192,1,4684212,0,9832
207193,1,290761,0,9303
207194,1,7951,0,7606
207195,1,132451,0,10700
207196,1,64836,0,10851
207197,1,772,0,10148
207198,1,131520,0,9339
207199,1,208315,0,8009
207200,1,70344,0,6923
207201,1,37295,0,5426
207202,1,2960,0,10339
207203,1,9183,0,10317
207204,1,17551,0,10682
207205,1,232029,0,10076
207206,1,13413,0,8945
207207,1,15237,0,8925
207208,1,66746,0,7474
207209,1,3098715,0,8507
207210,1,69412,0,4119
207211,1,419622,0,10429
207212,1,14052,0,8708
207213,1,67656,0,7863
207214,1,2363227,0,10025
207215,1,1401195,0,10299
207216,1,69513,0,10731
207217,1,7629,0,10723
207218,1,61968,0,10631
207219,1,135326,0,9675
207220,1,13014,0,8420
207221,1,4667375,0,7778
207222,1,8563,0,9653
207223,1,1539990,0,10089
207224,1,13382,0,9612
207225,1,12670,0,9739
207226,1,72207,0,8780
207227,1,132365,0,10591
207228,1,177311,0,9988
207229,1,170407,0,9491
207230,1,129906,0,9662
207231,1,9008,0,9513
207232,1,97074,0,9563
207233,1,9835,0,5859
207234,1,127695,0,10667
207235,1,18737,0,11016
207236,1,142048,0,10233
207237,1,134920,0,10037
207238,1,70722,0,9516
207239,1,781680,0,9732
207240,1,367,0,7214
207241,1,3089861,0,10568
207242,1,161789,0,10657
207243,1,149,0,9521
207244,1,1665018,0,9266
207245,1,258539,0,10135
207246,1,19065,0,10126
207247,1,64478,0,6312
207248,1,9807,0,10090
207249,1,135292,0,10331
207250,1,4364,0,9472
207251,1,65841,0,9178
207252,1,3716790,0,9997
207253,1,170432,0,9399
207254,1,16049,0,8684
207255,1,658834,0,8966
207256,1,72618,0,7883
207257,1,19117,0,8806
207258,1,20101,0,8014
207259,1,90030,0,7116
207260,1,24848,0,6883
207261,1,1677607,0,10360
207262,1,134260,0,10259
207263,1,139028,0,11250
207264,1,16755,0,10952
207265,1,130478,0,10861
207266,1,2817087,0,9965
207267,1,64525,0,8456
207268,1,135069,0,10609
207269,1,19726,0,11009
207270,1,432271,0,10731
207271,1,18177,0,9904
207272,1,5712,0,8832
207273,1,8570,0,9277
207274,1,821801,0,9180
207275,1,76804,0,9321
207276,1,58990,0,9078
207277,1,232472,0,8316
207278,1,13590,0,4270
207279,1,3436,0,7417
207280,1,3911677,0,10719
207281,1,3903777,0,11018
207282,1,3484,0,10474
207283,1,148076,0,10866
207284,1,134808,0,10113
207285,1,1264980,0,10172
207286,1,942795,0,9671
207287,1,175775,0,9648
207288,1,67761,0,9191
207289,1,170028,0,9390
207290,1,71064,0,8406
207291,1,131438,0,10132
207292,1,129140,0,9970
207293,1,17336,0,10106
207294,1,5060725,0,9762
207295,1,2047927,0,8562
207296,1,14088,0,7911
207297,1,8430,0,4965
207298,1,6930,0,9970
207299,1,134546,0,9745
207300,1,70017,0,9337
207301,1,204233,0,6962
207302,1,11197,0,6171
207303,1,453614,0,10183
207304,1,84885,0,5565
207305,1,132378,0,10234
207306,1,7604,0,9596
207307,1,1630675,0,8483
207308,1,127339,0,8832
207309,1,17204,0,8708
207310,1,1021383,0,10352
207311,1,18707,0,10778
207312,1,67885,0,9693
207313,1,3630478,0,8222
207314,1,1884958,0,9039
207315,1,8213,0,9805
207316,1,67620,0,9722
207317,1,2461974,0,7987
207318,1,779,0,6570
207319,1,343503,0,11011
207320,1,71231,0,8873
207321,1,67004,0,8363
207322,1,133514,0,10536
207323,1,2119761,0,9705
207324,1,66365,0,8263
207325,1,8296,0,7854
207326,1,15659,0,9429
207327,1,18519,0,9356
207328,1,3092978,0,10770
207329,1,161336,0,10646
207330,1,2402,0,9054
207331,1,19163,0,10865
207332,1,3977,0,10779
207333,1,135011,0,9865
207334,1,67445,0,8014
207335,1,69286,0,8767
207336,1,15731,0,7950
207337,1,3954579,0,7694
207338,1,62839,0,6587
207339,1,70114,0,10827
207340,1,214960,0,10479
207341,1,3097129,0,10122
207342,1,13443,0,6751
207343,1,1327655,0,10391
207344,1,8303,0,9265
207345,1,6670,0,7731
207346,1,1544627,0,10481
207347,1,166204,0,8046
207348,1,76230,0,9736
207349,1,2402100,0,8207
207350,1,1674531,0,9022
207351,1,14784,0,11050
207352,1,65920,0,8530
207353,1,2510,0,9539
207354,1,5061023,0,10877
207355,1,66266,0,8360
207356,1,12245,0,8624
207357,1,12006,0,8430
207358,1,72709,0,7728
207359,1,2793367,0,10367
207360,1,1087343,0,9692
207361,1,3377,0,5405
207362,1,9169,0,10629
207363,1,410525,0,10935
207364,1,934901,0,10797
207365,1,5060747,0,9884
207366,1,690,0,8143
207367,1,76491,0,9118
207368,1,2341132,0,10556
207369,1,89891,0,10071
207370,1,72446,0,9615
207371,1,65918,0,9562
207372,1,148441,0,9596
207373,1,1398167,0,10435
207374,1,280,0,10564
207375,1,68638,0,8954
207376,1,65521,0,9888
207377,1,70536,0,8509
207378,1,3506,0,7540
207379,1,3930529,0,10946
207380,1,70293,0,9944
207381,1,1068292,0,9069
207382,1,3873,0,8951
207383,1,66177,0,8213
207384,1,86285,0,3029
207385,1,4667552,0,10610
207386,1,72043,0,9773
207387,1,138558,0,9394
207388,1,132886,0,9399
207389,1,1007972,0,9854
207390,1,96597,0,7816
207391,1,2338547,0,10142
207392,1,2909,0,7104
207393,1,64018,0,5745
207394,1,68273,0,9926
207395,1,21379,0,11039
207396,1,508656,0,10653
207397,1,1863,0,8967
207398,1,18133,0,8779
207399,1,8935,0,9949
207400,1,63975,0,7683
207401,1,59297,0,4971
207402,1,10905,0,6606
207403,1,5061050,0,10807
207404,1,65779,0,10604
207405,1,133185,0,10553
207406,1,75627,0,6408
207407,1,1003901,0,10698
207408,1,63412,0,10121
207409,1,133275,0,9786
207410,1,667360,0,11069
207411,1,129966,0,10196
207412,1,169938,0,9283
207413,1,10589,0,9051
207414,1,10431,0,7215
207415,1,3632449,0,10688
207416,1,66446,0,9314
207417,1,4667475,0,8807
207418,1,175569,0,9936
207419,1,13451,0,10436
207420,1,5938,0,10182
207421,1,4469,0,9740
207422,1,967808,0,10137
207423,1,5060645,0,9999
207424,1,2648,0,9100
207425,1,205084,0,8714
207426,1,133665,0,10148
207427,1,203057,0,9339
207428,1,4017,0,9888
207429,1,1683323,0,10227
207430,1,55582,0,3645
207431,1,4667538,0,10447
207432,1,957135,0,10380
207433,1,3083134,0,9154
207434,1,60585,0,9213
207435,1,127800,0,8396
207436,1,2392503,0,7581
207437,1,165361,0,7031
207438,1,62134,0,6067
207439,1,100052,0,10778
207440,1,69420,0,7978
207441,1,3635166,0,10302
207442,1,1507354,0,10394
207443,1,12948,0,10194
207444,1,204343,0,9845
207445,1,64590,0,7857
207446,1,68167,0,9974
207447,1,2167160,0,9836
207448,1,3097228,0,8300
207449,1,59455,0,8271
207450,1,1324703,0,9900
207451,1,132839,0,9655
207452,1,15930,0,9522
207453,1,4877,0,8940
207454,1,18670,0,8289
207455,1,1978520,0,10357
207456,1,69881,0,8257
207457,1,13563,0,7176
207458,1,14852,0,5538
207459,1,66605,0,10564
207460,1,134324,0,9009
207461,1,961701,0,9648
207462,1,8562,0,9004
207463,1,94877,0,8381
207464,1,1005728,0,7779
207465,1,16380,0,10659
207466,1,204785,0,8542
207467,1,167670,0,9345
207468,1,68950,0,4418
207469,1,668395,0,10220
207470,1,129524,0,10449
207471,1,937908,0,10527
207472,1,1401065,0,9885
207473,1,129349,0,9151
207474,1,979256,0,8183
207475,1,71187,0,7938
207476,1,205,0,7072
207477,1,18306,0,7881
207478,1,19493,0,10012
207479,1,66203,0,8624
207480,1,68755,0,10318
207481,1,173284,0,10104
207482,1,67762,0,8222
207483,1,63741,0,8223
207484,1,71762,0,6794
207485,1,174697,0,10315
207486,1,100053,0,10313
207487,1,127687,0,10598
207488,1,135406,0,9472
207489,1,80,0,8992
207490,1,9234,0,6456
207491,1,3097174,0,6628
207492,1,93543,0,10310
207493,1,67687,0,8974
207494,1,3093148,0,8439
207495,1,798,0,5756
207496,1,135360,0,9687
207497,1,3091960,0,9693
207498,1,11745,0,7306
207499,1,203803,0,8221
207500,1,64563,0,7734
207501,1,214979,0,10275
207502,1,66400,0,10313
207503,1,88037,0,9836
207504,1,383948,0,10711
207505,1,1655579,0,10035
207506,1,3645425,0,9990
207507,1,1658057,0,10075
207508,1,2246461,0,9570
207509,1,165494,0,10497
207510,1,17141,0,9085
207511,1,3088062,0,8309
207512,1,69148,0,10350
207513,1,3083057,0,10532
207514,1,130119,0,9744
207515,1,116,0,9098
207516,1,1173,0,7425
207517,1,60735,0,5457
207518,1,15945,0,9924
207519,1,65349,0,7782
207520,1,70656,0,7506
207521,1,18073,0,7593
207522,1,87769,0,10261
207523,1,1020536,0,9203
207524,1,924448,0,10144
207525,1,1459005,0,8308
207526,1,10046,0,10104
207527,1,131208,0,9087
207528,1,71195,0,8205
207529,1,64312,0,5550
207530,1,10107,0,9404
207531,1,66457,0,8717
207532,1,65171,0,10537
207533,1,9024,0,9510
207534,1,3083238,0,10301
207535,1,25027,0,10534
207536,1,90000,0,9710
207537,1,2148762,0,10481
207538,1,60233,0,8198
207539,1,2253860,0,9849
207540,1,9906,0,9488
207541,1,198906,0,8967
207542,1,19832,0,8786
207543,1,62639,0,9032
207544,1,1974183,0,10438
207545,1,1784572,0,9641
207546,1,178806,0,9747
207547,1,1072699,0,7787
207548,1,129187,0,9903
207549,1,1565151,0,8296
207550,1,162594,0,9136
207551,1,70267,0,7982
207552,1,64596,0,9042
207553,1,70551,0,8307
207554,1,5629,0,9551
207555,1,128310,0,10363
207556,1,15243,0,10528
207557,1,1383269,0,9275
207558,1,67447,0,5052
207559,1,252921,0,8628
207560,1,15427,0,7872
207561,1,12000,0,10486
207562,1,148488,0,10362
207563,1,9484,0,9696
207564,1,101191,0,9375
207565,1,176632,0,9433
207566,1,203406,0,8872
207567,1,133178,0,10512
207568,1,90366,0,10102
207569,1,632449,0,9878
207570,1,15434,0,8286
207571,1,6532,0,10000
207572,1,15047,0,5473
207573,1,964400,0,9912
207574,1,15684,0,10231
207575,1,10677,0,10138
207576,1,12631,0,10610
207577,1,166348,0,8340
207578,1,1942381,0,10319
207579,1,3090595,0,9958
207580,1,5061268,0,9029
207581,1,11588,0,8624
207582,1,2212209,0,9990
207583,1,6342,0,9624
207584,1,69433,0,7303
207585,1,21107,0,5395
207586,1,68355,0,10171
207587,1,11269,0,10454
207588,1,5060897,0,9774
207589,1,129351,0,9290
207590,1,131025,0,10083
207591,1,1660536,0,9400
207592,1,5269,0,9552
207593,1,63351,0,4403
207594,1,5061087,0,10434
207595,1,1734167,0,9727
207596,1,876,0,9258
207597,1,71369,0,9049
207598,1,7836,0,9090
207599,1,1412989,0,10424
207600,1,100129,0,9944
207601,1,128663,0,9921
207602,1,127188,0,8537
207603,1,143031,0,7218
207604,1,140941,0,9645
207605,1,3923569,0,9592
207606,1,2051899,0,5726
207607,1,872774,0,8128
207608,1,85833,0,10074
207609,1,2793208,0,4825
207610,1,511491,0,9745
207611,1,7398,0,7035
207612,1,170412,0,8893
207613,1,64664,0,7649
207614,1,70064,0,6726
207615,1,10402,0,8720
207616,1,7320,0,5238
207617,1,11121,0,9829
207618,1,130432,0,10342
207619,1,4684482,0,8940
207620,1,67492,0,8054
207621,1,65455,0,8176
207622,1,2405029,0,9267
207623,1,128374,0,10002
207624,1,5060716,0,9679
207625,1,263001,0,9874
207626,1,61795,0,9158
207627,1,10289,0,5898
207628,1,1701,0,9148
207629,1,10686,0,8132
207630,1,135167,0,10421
207631,1,7053,0,7962
207632,1,66072,0,7844
207633,1,151345,0,10630
207634,1,5060711,0,9607
207635,1,5061094,0,8117
207636,1,12599,0,8556
207637,1,131521,0,8618
207638,1,8576,0,8066
207639,1,69807,0,6549
207640,1,90368,0,7888
207641,1,6663,0,5386
207642,1,5772,0,9606
207643,1,127421,0,9850
207644,1,69780,0,7129
207645,1,16434,0,6910
207646,1,136990,0,10166
207647,1,2817208,0,10158
207648,1,626116,0,10187
207649,1,4584,0,6713
207650,1,141871,0,10326
207651,1,5060901,0,9666
207652,1,165372,0,9212
207653,1,71346,0,10274
207654,1,204527,0,8705
207655,1,2749,0,8278
207656,1,67791,0,9312
207657,1,4683124,0,9087
207658,1,70926,0,6057
207659,1,9552,0,8898
207660,1,2318583,0,10201
207661,1,145695,0,8414
207662,1,1391774,0,9472
207663,1,67734,0,6890
207664,1,3642289,0,10424
207665,1,173822,0,10148
207666,1,19143,0,10299
207667,1,188883,0,9266
207668,1,993823,0,9843
207669,1,12114,0,9529
207670,1,129918,0,10370
207671,1,4309,0,8534
207672,1,46886,0,7443
207673,1,15907,0,9355
207674,1,4075662,0,9206
207675,1,70856,0,9638
207676,1,179275,0,9654
207677,1,131727,0,9612
207678,1,69050,0,10090
207679,1,369248,0,10211
207680,1,948289,0,9893
207681,1,11107,0,9096
207682,1,1821753,0,9939
207683,1,5238,0,8467
207684,1,9618,0,7967
207685,1,62753,0,9173
207686,1,130460,0,10396
207687,1,6455,0,10255
207688,1,150310,0,8797
207689,1,2793421,0,10581
207690,1,4187,0,7378
207691,1,3092912,0,10565
207692,1,1129333,0,9877
207693,1,64662,0,8552
207694,1,72185,0,9750
207695,1,15585,0,7577
207696,1,70956,0,10046
207697,1,2801255,0,8352
207698,1,134455,0,9870
207699,1,4848,0,6849
207700,1,3706914,0,9812
207701,1,27241,0,9744
207702,1,13710,0,8914
207703,1,1982995,0,9697
207704,1,134452,0,9957
207705,1,65554,0,9633
207706,1,69371,0,8037
207707,1,894,0,8052
207708,1,70573,0,7449
207709,1,16615,0,9957
207710,1,69202,0,9599
207711,1,62444,0,9719
207712,1,66216,0,8670
207713,1,18249,0,8572
207714,1,11752,0,6072
207715,1,208131,0,8392
207716,1,989436,0,9485
207717,1,11755,0,8202
207718,1,128167,0,8418
207719,1,1755,0,7491
207720,1,101249,0,9905
207721,1,1208327,0,9507
207722,1,67195,0,9328
207723,1,2876,0,9119
207724,1,191337,0,9181
207725,1,203974,0,8259
207726,1,14183,0,8328
207727,1,5060889,0,9441
207728,1,64467,0,8898
207729,1,132591,0,8513
207730,1,645637,0,8682
207731,1,18464,0,4718
207732,1,1544089,0,10174
207733,1,150087,0,10388
207734,1,14527,0,9741
207735,1,61315,0,4310
207736,1,67098,0,9554
207737,1,1716908,0,9080
207738,1,75656,0,9448
207739,1,128400,0,10086
207740,1,14962,0,7402
207741,1,70509,0,9539
207742,1,67683,0,9051
207743,1,1398891,0,8340
207744,1,17542,0,8200
207745,1,19300,0,7291
207746,1,165979,0,10093
207747,1,3091548,0,9172
207748,1,15025,0,6266
207749,1,65287,0,8046
207750,1,70607,0,6844
207751,1,620433,0,6077
207752,1,916575,0,10093
207753,1,17425,0,8597
207754,1,27465,0,6323
207755,1,8886,0,9834
207756,1,62615,0,8519
207757,1,67183,0,7634
207758,1,76734,0,7782
207760,1,68943,0,9372
207761,1,3673812,0,9801
207762,1,70079,0,8893
207763,1,128558,0,9232
207764,1,950668,0,7966
207765,1,117,0,8939
207766,1,552880,0,10141
207767,1,165830,0,9561
207768,1,67531,0,9334
207769,1,18046,0,8492
207770,1,64495,0,9166
207771,1,14499,0,9073
207772,1,19887,0,7969
207773,1,244283,0,10637
207774,1,131572,0,9291
207775,1,71706,0,9278
207776,1,72655,0,9281
207777,1,97084,0,9158
207778,1,14549,0,9051
207779,1,64906,0,5891
207780,1,69935,0,8900
207781,1,3080830,0,8786
207782,1,7932,0,9295
207783,1,2817203,0,8794
207784,1,3703939,0,8293
207785,1,32225,0,7858
207786,1,1729,0,10410
207787,1,24704,0,9869
207788,1,13580,0,6343
207789,1,1459098,0,9492
207790,1,14442,0,9024
207791,1,3703021,0,5649
207792,1,66894,0,8932
207793,1,64126,0,7436
207794,1,1614,0,9971
207795,1,166624,0,8745
207796,1,7624,0,9444
207797,1,69739,0,7046
207798,1,3080866,0,10452
207799,1,9459,0,7393
207800,1,131171,0,9455
207801,1,70153,0,9087
207802,1,86025,0,9955
207803,1,947802,0,8888
207804,1,65312,0,8230
207805,1,1308,0,10030
207806,1,69636,0,9994
207807,1,627683,0,9112
207808,1,804736,0,10334
207809,1,12129,0,7671
207810,1,55252,0,4704
207811,1,134303,0,9478
207812,1,66917,0,8792
207813,1,203821,0,6335
207814,1,1054612,0,9764
207815,1,64991,0,7939
207816,1,4593,0,8774
207817,1,70499,0,6890
207818,1,137825,0,5672
207819,1,1050328,0,10357
207820,1,1647154,0,9970
207821,1,16938,0,8313
207822,1,6237,0,9907
207823,1,130869,0,9164
207824,1,1022512,0,8958
207825,1,6096,0,8239
207826,1,67822,0,7779
207827,1,8786,0,7944
207828,1,12348,0,6944
207829,1,70297,0,9641
207830,1,1585360,0,10014
207831,1,2154,0,4986
207832,1,62700,0,5225
207833,1,72739,0,9124
207834,1,4798,0,9255
207835,1,128943,0,9567
207836,1,66540,0,9163
207837,1,623534,0,8894
207838,1,68584,0,8158
207839,1,128169,0,8131
207840,1,191315,0,9361
207841,1,128269,0,9791
207842,1,133612,0,10087
207843,1,6092,0,8818
207844,1,210578,0,8559
207845,1,3092443,0,8634
207846,1,1034476,0,7821
207847,1,3647926,0,9972
207848,1,131597,0,9848
207849,1,68884,0,8405
207850,1,1236068,0,7491
207851,1,69172,0,4213
207852,1,58605,0,8968
207853,1,1606422,0,8248
207854,1,131992,0,9810
207855,1,127506,0,9527
207856,1,14791,0,9025
207857,1,3672397,0,9895
207858,1,352072,0,9323
207859,1,63484,0,6684
207860,1,683,0,9729
207861,1,724044,0,9703
207862,1,1184487,0,10325
207863,1,101195,0,7660
207864,1,55146,0,3401
207865,1,129198,0,9788
207866,1,68105,0,8683
207867,1,1610,0,9268
207868,1,20427,0,7606
207869,1,5060925,0,9601
207870,1,1266114,0,9607
207871,1,15897,0,6540
207872,1,6422,0,10217
207873,1,3639364,0,8889
207874,1,65975,0,8507
207875,1,631003,0,7390
207876,1,134842,0,10033
207877,1,992999,0,8280
207878,1,10858,0,6232
207879,1,1426,0,5093
207880,1,15059,0,8178
207881,1,66175,0,7611
207882,1,213228,0,9054
207883,1,3921576,0,8761
207884,1,8747,0,8271
207885,1,364,0,6530
207886,1,3703990,0,7891
207887,1,67213,0,6925
207888,1,22664,0,9542
207889,1,1407076,0,10231
207890,1,72094,0,9123
207891,1,12834,0,9333
207892,1,71618,0,9508
207893,1,96393,0,10214
207894,1,72295,0,9340
207895,1,68033,0,8060
207896,1,1699952,0,9896
207897,1,10168,0,8177
207898,1,17037,0,10093
207899,1,131985,0,9160
207900,1,3851,0,8768
207901,1,72030,0,8724
207902,1,14171,0,10133
207903,1,99,0,9783
207904,1,13160,0,9389
207905,1,66803,0,8654
207906,1,3826,0,8819
207907,1,3091959,0,9511
207908,1,5876,0,7760
207909,1,130809,0,10037
207910,1,127806,0,8868
207911,1,33970,0,7525
207912,1,67387,0,4712
207913,1,8039,0,9529
207914,1,70091,0,9565
207915,1,149152,0,10210
207916,1,63340,0,7112
207917,1,1380366,0,9378
207918,1,941954,0,7567
207919,1,3864,0,7725
207920,1,72867,0,3475
207921,1,64175,0,9476
207922,1,152088,0,9257
207923,1,185911,0,7854
207924,1,3984746,0,9758
207925,1,847,0,7423
207926,1,438107,0,8959
207927,1,981,0,8254
207928,1,1044,0,7283
207929,1,1015970,0,9668
207930,1,162635,0,8045
207931,1,69098,0,7324
207932,1,195227,0,9877
207933,1,134139,0,10021
207934,1,64828,0,8240
207935,1,3909571,0,8286
207936,1,135374,0,9810
207937,1,166906,0,9758
207938,1,1560799,0,9754
207939,1,135099,0,9857
207940,1,5060730,0,9042
207941,1,70665,0,8259
207942,1,1076753,0,9563
207943,1,887541,0,9471
207944,1,2347402,0,8546
207945,1,62584,0,4902
207946,1,141057,0,10059
207947,1,67662,0,8178
207948,1,65234,0,8176
207949,1,13135,0,8211
207950,1,1388587,0,9891
207951,1,1490,0,9007
207952,1,62770,0,4851
207953,1,19668,0,8654
207954,1,963044,0,9753
207955,1,4078383,0,8962
207956,1,134121,0,10060
207957,1,10309,0,3902
207958,1,70844,0,8709
207959,1,90027,0,9495
207960,1,68677,0,9472
207961,1,3227,0,6604
207962,1,65683,0,7856
207963,1,162446,0,9618
207964,1,68973,0,8931
207965,1,66664,0,9603
207966,1,70770,0,8583
207967,1,641805,0,7889
207968,1,4334,0,7375
207969,1,831391,0,9189
207970,1,977135,0,9866
207971,1,132502,0,9757
207972,1,3077601,0,8136
207973,1,97043,0,9738
207974,1,66724,0,9160
207975,1,499282,0,9291
207976,1,258917,0,9951
207977,1,2184358,0,9288
207978,1,13973,0,8317
207979,1,166315,0,7455
207980,1,3090,0,6470
207981,1,76387,0,10278
207982,1,75696,0,9704
207983,1,69954,0,8098
207984,1,97253,0,7911
207985,1,11115,0,7457
207986,1,15846,0,7481
207987,1,5060598,0,8458
207988,1,15266,0,9908
207989,1,69576,0,9014
207990,1,133092,0,9854
207991,1,64279,0,9399
207992,1,135176,0,9486
207993,1,164116,0,9523
207994,1,166456,0,9187
207995,1,5060625,0,9037
207996,1,19403,0,7461
207997,1,978,0,5109
207998,1,71840,0,9333
207999,1,66426,0,8413
208000,1,15067,0,8102
208001,1,65316,0,6550
208002,1,75878,0,6437
208003,1,27337,0,4843
208004,1,6321,0,6386
208005,1,72513,0,9457
208006,1,1368518,0,7683
208007,1,2328,0,9886
208008,1,1363586,0,9608
208009,1,231092,0,9524
208010,1,18146,0,7373
208011,1,71763,0,9790
208012,1,2432524,0,8879
208013,1,64557,0,7651
208014,1,67505,0,9740
208015,1,531400,0,9366
208016,1,70530,0,8506
208017,1,71338,0,6854
208018,1,1739911,0,9513
208019,1,11499,0,9779
208020,1,5061010,0,9360
208021,1,1130331,0,8959
208022,1,17546,0,8822
208023,1,7023,0,7537
208024,1,143014,0,6258
208025,1,4680302,0,9850
208026,1,100036,0,9271
208027,1,167490,0,7467
208028,1,14907,0,4861
208029,1,2270266,0,9761
208030,1,8159,0,9647
208031,1,71586,0,9116
208032,1,67260,0,9141
208033,1,22711,0,8598
208034,1,7864,0,8400
208035,1,68796,0,9506
208036,1,1637,0,9494
208037,1,3945407,0,9977
208038,1,21012,0,9500
208039,1,65360,0,8022
208040,1,208440,0,7967
208041,1,18220,0,6769
208042,1,65060,0,4204
208043,1,6901,0,9149
208044,1,392,0,8799
208045,1,917188,0,8104
208046,1,4892,0,5678
208047,1,61831,0,9238
208048,1,2071479,0,8165
208049,1,15416,0,9933
208050,1,5033,0,9504
208051,1,204342,0,8987
208052,1,129264,0,9221
208053,1,4832,0,9181
208054,1,66926,0,8387
208055,1,100736,0,9196
208056,1,92845,0,8969
208057,1,928737,0,9323
208058,1,197738,0,8619
208059,1,18387,0,8938
208060,1,6071,0,9017
208061,1,69478,0,7113
208062,1,64519,0,7135
208063,1,67034,0,8268
208064,1,12425,0,7206
208065,1,3683322,0,8955
208066,1,12212,0,7604
208067,1,11718,0,7073
208068,1,414979,0,9368
208069,1,68475,0,8074
208070,1,179158,0,10285
208071,1,197835,0,9073
208072,1,1845,0,8958
208073,1,19308,0,8399
208074,1,20230,0,8359
208075,1,3090139,0,9514
208076,1,18603,0,9522
208077,1,2454,0,8348
208078,1,69166,0,7256
208079,1,67821,0,8772
208080,1,67287,0,8144
208081,1,62796,0,4280
208082,1,7134,0,9852
208083,1,2403576,0,9196
208084,1,3674135,0,9436
208085,1,20593,0,9126
208086,1,70318,0,8086
208087,1,127971,0,8551
208088,1,11490,0,7049
208089,1,143012,0,6618
208090,1,8223,0,5289
208091,1,3090261,0,9296
208092,1,9268,0,9323
208093,1,132289,0,9264
208094,1,283164,0,8648
208095,1,147831,0,8517
208096,1,9735,0,5922
208097,1,1113,0,8957
208098,1,65814,0,8146
208099,1,287,0,9153
208100,1,701052,0,9306
208101,1,186,0,7677
208102,1,143015,0,9690
208103,1,72342,0,9936
208104,1,5060965,0,9812
208105,1,65948,0,8535
208106,1,65676,0,8587
208107,1,10508,0,8323
208108,1,19648,0,4722
208109,1,3442280,0,5712
208110,1,7983,0,9320
208111,1,67693,0,8647
208112,1,4925,0,7973
208113,1,949241,0,8382
208114,1,67649,0,8422
208115,1,2250,0,7187
208116,1,69097,0,5488
208117,1,4684804,0,9400
208118,1,71553,0,8476
208119,1,71186,0,8469
208120,1,73126,0,3180
208121,1,68614,0,9223
208122,1,386034,0,7821
208123,1,65161,0,9050
208124,1,989022,0,8871
208125,1,7038,0,8415
208126,1,908193,0,8206
208127,1,62686,0,5060
208128,1,409257,0,9916
208129,1,64174,0,8913
208130,1,65697,0,8381
208131,1,72862,0,7646
208132,1,22910,0,6140
208133,1,3629473,0,9070
208134,1,134539,0,8651
208135,1,3098719,0,8529
208136,1,148547,0,6307
208137,1,717,0,8641
208138,1,4282,0,5293
208139,1,61943,0,8076
208140,1,62957,0,5647
208141,1,742,0,6818
208142,1,14471,0,9015
208143,1,2802124,0,9923
208144,1,67840,0,8988
208145,1,64393,0,8900
208146,1,60337,0,7493
208147,1,62764,0,5742
208148,1,5060997,0,9563
208149,1,2817330,0,9367
208150,1,3092620,0,8618
208151,1,1574394,0,7162
208152,1,16352,0,5926
208153,1,1274205,0,9887
208154,1,5510,0,9123
208155,1,72227,0,7187
208156,1,4684803,0,9399
208157,1,70442,0,9220
208158,1,90369,0,8883
208159,1,258985,0,8475
208160,1,143008,0,5936
208161,1,10683,0,3232
208162,1,428270,0,9454
208163,1,220563,0,8552
208164,1,1984785,0,9766
208165,1,101220,0,8889
208166,1,70242,0,8610
208167,1,1536949,0,8545
208168,1,5060551,0,7807
208169,1,67375,0,5054
208170,1,66950,0,8696
208171,1,13103,0,9477
208172,1,134120,0,9630
208173,1,5338,0,9011
208174,1,73725,0,8288
208175,1,13041,0,8508
208176,1,6020,0,5649
208177,1,170415,0,9009
208178,1,12446,0,6873
208179,1,145604,0,9522
208180,1,14148,0,8052
208181,1,10923,0,7246
208182,1,1223,0,6536
208183,1,1571596,0,8541
208184,1,1373750,0,9660
208185,1,1746491,0,8487
208186,1,6381,0,7972
208187,1,5061168,0,7877
208188,1,10486,0,6443
208189,1,133316,0,9380
208190,1,66863,0,8676
208191,1,227250,0,9328
208192,1,2273267,0,9029
208193,1,8098,0,8256
208194,1,1066868,0,8047
208195,1,71573,0,7828
208196,1,70399,0,6918
208197,1,3090552,0,9492
208198,1,8635,0,9003
208199,1,1069108,0,8779
208200,1,162107,0,8610
208201,1,128709,0,8594
208202,1,21217,0,8818
208203,1,167537,0,9262
208204,1,71961,0,9427
208205,1,5061207,0,7685
208206,1,70373,0,6733
208207,1,1116991,0,9389
208208,1,961817,0,9229
208209,1,69083,0,7222
208210,1,204391,0,6893
208211,1,72290,0,6544
208212,1,1713289,0,9347
208213,1,70914,0,6240
208214,1,66368,0,9660
208215,1,151,0,8586
208216,1,2816565,0,8663
208217,1,7542,0,8432
208218,1,3098737,0,6557
208219,1,66443,0,8648
208220,1,10416,0,7829
208221,1,14823,0,6759
208222,1,131050,0,9822
208223,1,20918,0,9152
208224,1,16071,0,8215
208225,1,3082925,0,9578
208226,1,146372,0,9711
208227,1,127778,0,9165
208228,1,165396,0,8851
208229,1,1369826,0,7668
208230,1,73082,0,6819
208231,1,129950,0,9768
208232,1,8375,0,9744
208233,1,5060958,0,9191
208234,1,3659211,0,9101
208235,1,2334445,0,8526
208236,1,72821,0,8679
208237,1,65102,0,8054
208238,1,69750,0,7121
208239,1,72959,0,8775
208240,1,76819,0,7879
208241,1,134342,0,9454
208242,1,1626989,0,8993
208243,1,9927,0,9094
208244,1,13016,0,9329
208245,1,66709,0,8749
208246,1,3091545,0,8617
208247,1,10201,0,8023
208248,1,263,0,4941
208249,1,127561,0,8616
208250,1,2190,0,8304
208251,1,1457328,0,9373
208252,1,4763,0,8696
208253,1,207826,0,9069
208254,1,3081093,0,7046
208255,1,3678510,0,9617
208256,1,96499,0,9688
208257,1,1014080,0,8229
208258,1,5061284,0,8571
208259,1,70453,0,7535
208260,1,65191,0,5983
208261,1,816058,0,10023
208262,1,11247,0,7649
208263,1,9614,0,5279
208264,1,2263356,0,9404
208265,1,18088,0,9512
208266,1,1673,0,7901
208267,1,10418,0,8959
208268,1,65608,0,5146
208269,1,1513178,0,8567
208270,1,101142,0,7948
208271,1,1543263,0,7531
208272,1,64313,0,9578
208273,1,2398,0,8698
208274,1,2482,0,3639
208275,1,14649,0,9616
208276,1,71598,0,8627
208277,1,10857,0,8756
208278,1,66927,0,7894
208279,1,66392,0,9627
208280,1,4076396,0,9842
208281,1,63123,0,9054
208282,1,3080671,0,8557
208283,1,65813,0,8535
208284,1,132477,0,8314
208285,1,1796800,0,7232
208286,1,14427,0,6144
208287,1,4912,0,5737
208288,1,3682644,0,8170
208289,1,21427,0,6609
208290,1,62953,0,5929
208291,1,5061107,0,4145
208292,1,146388,0,9578
208293,1,2887,0,8936
208294,1,68275,0,7773
208295,1,4222,0,5505
208296,1,4666521,0,9045
208297,1,11931,0,3807
208298,1,18893,0,2865
208299,1,148458,0,9762
208300,1,3093149,0,8533
208301,1,148204,0,8987
208302,1,170053,0,8484
208303,1,5186,0,5559
208304,1,177222,0,9569
208305,1,95203,0,9238
208306,1,3092439,0,9064
208307,1,4080600,0,6963
208308,1,14324,0,5601
208309,1,56106,0,5079
208310,1,13813,0,8799
208311,1,822499,0,8088
208312,1,5046,0,7032
208313,1,62228,0,5934
208314,1,135401,0,9294
208315,1,3085743,0,7017
208316,1,15965,0,7070
208317,1,282780,0,8496
208318,1,67873,0,9432
208319,1,12885,0,9445
208320,1,66679,0,8144
208321,1,7091,0,7263
208322,1,70705,0,5963
208323,1,1619,0,4462
208324,1,170381,0,8030
208325,1,12054,0,8798
208326,1,67475,0,8738
208327,1,20557,0,6417
208328,1,68697,0,8515
208329,1,72354,0,9391
208330,1,3688317,0,9444
208331,1,262,0,8999
208332,1,65777,0,8204
208333,1,9405,0,9307
208334,1,8627,0,9263
208335,1,3917967,0,8700
208336,1,67189,0,6664
208337,1,18031,0,7371
208338,1,71896,0,6514
208339,1,10807,0,5606
208340,1,3701773,0,9874
208341,1,13731,0,9466
208342,1,14345,0,3738
208343,1,129030,0,9318
208344,1,3092028,0,8338
208345,1,69701,0,7826
208346,1,3091057,0,8818
208347,1,64013,0,5719
208348,1,9801,0,8857
208349,1,148483,0,9384
208350,1,14651,0,5278
208351,1,68612,0,4542
208352,1,66596,0,9237
208353,1,1544099,0,8995
208354,1,6251,0,8580
208355,1,68746,0,7365
208356,1,1019032,0,8675
208357,1,65748,0,8958
208358,1,63530,0,7238
208359,1,62131,0,6458
208360,1,149817,0,9643
208361,1,3252,0,6165
208362,1,67448,0,8437
208363,1,131998,0,8998
208364,1,8899,0,8717
208365,1,87160,0,7519
208366,1,4569,0,7309
208367,1,69639,0,6799
208368,1,15538,0,4799
208369,1,671002,0,9016
208370,1,18547,0,8843
208371,1,6412,0,8030
208372,1,10542,0,7512
208373,1,16837,0,7159
208374,1,3912894,0,7588
208375,1,63743,0,5608
208376,1,66861,0,4576
208377,1,16484,0,4542
208378,1,3082907,0,8823
208379,1,1279700,0,7850
208380,1,461262,0,8496
208381,1,2684,0,5716
208382,1,61995,0,6014
208383,1,1844,0,5083
208384,1,1925695,0,7939
208385,1,134966,0,7712
208386,1,1911292,0,9123
208387,1,3968,0,8993
208388,1,5060463,0,8770
208389,1,1135615,0,8907
208390,1,65962,0,6525
208391,1,22215,0,9652
208392,1,162257,0,9347
208393,1,68759,0,8717
208394,1,6998,0,8330
208395,1,1897020,0,9476
208396,1,11235,0,9518
208397,1,128912,0,7475
208398,1,1488317,0,8999
208399,1,87975,0,9403
208400,1,15113,0,7712
208401,1,14347,0,6467
208402,1,2037669,0,9222
208403,1,1779,0,7112
208404,1,6371,0,6382
208405,1,29207,0,5431
208406,1,363228,0,9109
208407,1,137874,0,7581
208408,1,13863,0,7957
208409,1,140967,0,9567
208410,1,3924978,0,8582
208411,1,70165,0,8568
208412,1,6917,0,8692
208413,1,68739,0,8320
208414,1,100041,0,8212
208415,1,64902,0,7580
208416,1,3911444,0,7351
208417,1,67941,0,4204
208418,1,1904103,0,8649
208419,1,1019683,0,8546
208420,1,19217,0,8597
208421,1,9696,0,7699
208422,1,165829,0,7551
208423,1,71238,0,6814
208424,1,4379,0,6262
208425,1,97026,0,9532
208426,1,3090309,0,9394
208427,1,5060703,0,8426
208428,1,203970,0,7281
208429,1,954994,0,9314
208430,1,67598,0,8276
208431,1,3487,0,6675
208432,1,130099,0,8763
208433,1,71475,0,9442
208434,1,66662,0,9176
208435,1,69684,0,8912
208436,1,3442014,0,8320
208437,1,67704,0,6835
208438,1,2202,0,4344
208439,1,1065928,0,9327
208440,1,925034,0,8228
208441,1,2266,0,8315
208442,1,16650,0,8685
208443,1,70183,0,7027
208444,1,8487,0,5447
208445,1,73930,0,9659
208446,1,72495,0,8539
208447,1,14566,0,7667
208448,1,1009725,0,5985
208449,1,64539,0,5844
208450,1,127852,0,8523
208451,1,11737,0,4680
208452,1,66215,0,9285
208453,1,65405,0,8993
208454,1,851212,0,8348
208455,1,1579250,0,7403
208456,1,4682939,0,8150
208457,1,3578,0,7765
208458,1,65919,0,7259
208459,1,9854,0,6147
208460,1,12204,0,4423
208461,1,64607,0,3015
208462,1,14926,0,9094
208463,1,1572,0,6585
208464,1,6332,0,5315
208465,1,165338,0,9150
208466,1,3080566,0,8959
208467,1,133427,0,8226
208468,1,4970,0,7799
208469,1,64546,0,6627
208470,1,8388,0,6188
208471,1,4704,0,6885
208472,1,2817268,0,8640
208473,1,63464,0,6001
208474,1,66641,0,5120
208475,1,20916,0,1991
208476,1,913270,0,9234
208477,1,19912,0,8691
208478,1,71693,0,5497
208479,1,1888,0,4991
208480,1,1033345,0,9198
208481,1,68367,0,8413
208482,1,8942,0,4915
208483,1,15878,0,9479
208484,1,957661,0,8889
208485,1,131880,0,8907
208486,1,67967,0,8297
208487,1,2163182,0,8188
208488,1,774,0,7691
208489,1,62889,0,5782
208490,1,7259,0,5080
208491,1,4899,0,5290
208492,1,73010,0,8688
208493,1,1493,0,8248
208494,1,5867,0,7582
208495,1,17654,0,7900
208496,1,195278,0,9331
208497,1,45,0,8590
208498,1,68289,0,8002
208499,1,10592,0,5515
208500,1,133487,0,9544
208501,1,71921,0,9235
208502,1,4684809,0,9288
208503,1,12359,0,9326
208504,1,16176,0,9391
208505,1,13802,0,8200
208506,1,209996,0,7559
208507,1,14578,0,7955
208508,1,18001,0,7219
208509,1,4703,0,6332
208510,1,178673,0,6656
208511,1,65396,0,5518
208512,1,58547,0,2831
208513,1,3788,0,8353
208514,1,5060998,0,8914
208515,1,335938,0,8297
208516,1,143039,0,7763
208517,1,4667618,0,7860
208518,1,462,0,7968
208519,1,11823,0,9206
208520,1,69674,0,8411
208521,1,65806,0,8213
208522,1,70145,0,7757
208523,1,62278,0,7786
208524,1,90325,0,6216
208525,1,63177,0,6596
208526,1,6655,0,4361
208527,1,17287,0,8543
208528,1,3820,0,7957
208529,1,90037,0,8009
208530,1,16419,0,8605
208531,1,14802,0,7490
208532,1,250,0,7015
208533,1,6268,0,5839
208534,1,67181,0,5301
208535,1,72309,0,4958
208536,1,61810,0,4570
208537,1,134263,0,8701
208538,1,69063,0,8510
208539,1,13466,0,8171
208540,1,200390,0,7510
208541,1,127278,0,8198
208542,1,2112,0,7053
208543,1,337,0,9103
208544,1,1401098,0,7934
208545,1,16923,0,7708
208546,1,66539,0,6077
208547,1,68968,0,7875
208548,1,3097218,0,7627
208549,1,62411,0,5959
208550,1,4035,0,7484
208551,1,9586,0,4548
208552,1,133251,0,8912
208553,1,7770,0,8065
208554,1,2024698,0,8094
208555,1,68192,0,8101
208556,1,101140,0,6754
208557,1,14586,0,6481
208558,1,71708,0,5327
208559,1,3846,0,5444
208560,1,97087,0,9217
208561,1,959546,0,9020
208562,1,67084,0,7259
208563,1,11049,0,6533
208564,1,16654,0,4798
208565,1,3083085,0,9202
208566,1,11918,0,8931
208567,1,630390,0,5345
208568,1,60594,0,5190
208569,1,131511,0,9166
208570,1,135161,0,9324
208571,1,89884,0,7613
208572,1,70932,0,6940
208573,1,5402,0,6817
208574,1,10656,0,7024
208575,1,1016298,0,6317
208576,1,6897,0,4753
208577,1,71832,0,9097
208578,1,1387368,0,9048
208579,1,66731,0,8351
208580,1,267778,0,9068
208581,1,68193,0,7361
208582,1,3681,0,5369
208583,1,3081157,0,9731
208584,1,7676,0,8381
208585,1,72854,0,7773
208586,1,1523419,0,7906
208587,1,135368,0,7621
208588,1,14091,0,7782
208589,1,68340,0,8037
208590,1,1749,0,7327
208591,1,204497,0,7210
208592,1,19309,0,7191
208593,1,69764,0,8551
208594,1,5060712,0,8899
208595,1,1345376,0,8999
208596,1,4808,0,7292
208597,1,3092133,0,6922
208598,1,67460,0,5785
208599,1,1860826,0,8983
208600,1,6241,0,9185
208601,1,90372,0,8680
208602,1,132259,0,8998
208603,1,13929,0,8666
208604,1,68078,0,7745
208605,1,65008,0,5190
208606,1,68558,0,4757
208607,1,3090023,0,8438
208608,1,90655,0,9332
208609,1,163278,0,8191
208610,1,67043,0,8583
208611,1,69184,0,5283
208612,1,63454,0,6079
208613,1,67904,0,2322
208614,1,1395231,0,9350
208615,1,132554,0,8555
208616,1,165418,0,8478
208617,1,66379,0,7920
208618,1,1397822,0,7865
208619,1,67040,0,8501
208620,1,128278,0,8263
208621,1,66608,0,7842
208622,1,65442,0,9153
208623,1,129338,0,8994
208624,1,6339,0,8322
208625,1,7459,0,9277
208626,1,68388,0,7568
208627,1,10853,0,7745
208628,1,3571,0,7841
208629,1,4708,0,7340
208630,1,68453,0,7558
208631,1,19967,0,7005
208632,1,1860366,0,9181
208633,1,100758,0,8485
208634,1,225301,0,8667
208635,1,62095,0,8040
208636,1,3090473,0,7315
208637,1,13807,0,6335
208638,1,11414,0,4784
208639,1,134381,0,9290
208640,1,8685,0,8701
208641,1,140970,0,8042
208642,1,464267,0,8709
208643,1,10254,0,7694
208644,1,2358,0,6712
208645,1,65354,0,5862
208646,1,3659892,0,8484
208647,1,65140,0,8027
208648,1,25400,0,4155
208649,1,1616080,0,8998
208650,1,1069805,0,7410
208651,1,3699151,0,7330
208652,1,17194,0,4973
208653,1,950103,0,9348
208654,1,13496,0,9364
208655,1,146240,0,9344
208656,1,1567753,0,8462
208657,1,89950,0,7911
208658,1,66568,0,5090
208659,1,5061114,0,5414
208660,1,3695823,0,9437
208661,1,16649,0,9098
208662,1,65225,0,8451
208663,1,2958,0,7926
208664,1,10336,0,6519
208665,1,73937,0,9025
208666,1,15865,0,7236
208667,1,3091049,0,8468
208668,1,64166,0,4540
208669,1,165934,0,7747
208670,1,71302,0,7424
208671,1,165961,0,7996
208672,1,70192,0,7059
208673,1,11445,0,5971
208674,1,14934,0,4669
208675,1,968204,0,9164
208676,1,69178,0,9051
208677,1,11006,0,8878
208678,1,72639,0,5257
208679,1,63847,0,5242
208680,1,5061047,0,9099
208681,1,1493239,0,9195
208682,1,881774,0,8708
208683,1,69550,0,8375
208684,1,4609882,0,8663
208685,1,22589,0,8924
208686,1,68019,0,7243
208687,1,20167,0,7802
208688,1,21283,0,6836
208689,1,148061,0,6537
208690,1,203675,0,5681
208691,1,16499,0,3896
208692,1,71730,0,2875
208693,1,69290,0,7163
208694,1,6965,0,9311
208695,1,661,0,6078
208696,1,16689,0,8895
208697,1,10014,0,8214
208698,1,320412,0,6795
208699,1,63085,0,9278
208700,1,2634,0,9078
208701,1,590290,0,8724
208702,1,178654,0,8204
208703,1,61135,0,6275
208704,1,70909,0,4847
208705,1,67391,0,8007
208706,1,133423,0,7949
208707,1,10108,0,7192
208708,1,1036308,0,8764
208709,1,69630,0,4533
208710,1,68548,0,4735
208711,1,68797,0,8720
208712,1,68073,0,8640
208713,1,2103074,0,5893
208714,1,3088276,0,5554
208715,1,4596,0,4726
208716,1,9653,0,6294
208717,1,134935,0,9039
208718,1,4609892,0,8744
208719,1,68789,0,8026
208720,1,4681100,0,8433
208721,1,15716,0,8191
208722,1,5061224,0,7471
208723,1,11405,0,6295
208724,1,12950,0,9391
208725,1,170426,0,9035
208726,1,66936,0,8576
208727,1,1878,0,8700
208728,1,1686767,0,7914
208729,1,13338,0,8056
208730,1,2070,0,5808
208731,1,9247,0,4705
208732,1,134227,0,9011
208733,1,1422561,0,8592
208734,1,3325385,0,7012
208735,1,165958,0,7507
208736,1,9191,0,9394
208737,1,66834,0,8389
208738,1,53406,0,8465
208739,1,64318,0,5314
208740,1,70700,0,8431
208741,1,10599,0,8591
208742,1,72083,0,4974
208743,1,15078,0,5609
208744,1,68311,0,4608
208745,1,7191,0,4241
208746,1,2035,0,3430
208747,1,1057352,0,9137
208748,1,2121143,0,9183
208749,1,138032,0,8039
208750,1,12318,0,6894
208751,1,69494,0,7423
208752,1,9819,0,4165
208753,1,68694,0,8044
208754,1,69221,0,8290
208755,1,4678,0,7599
208756,1,860618,0,7971
208757,1,16830,0,7586
208758,1,708,0,6744
208759,1,148797,0,7190
208760,1,11052,0,5180
208761,1,871210,0,9026
208762,1,66919,0,6675
208763,1,67318,0,4741
208764,1,70851,0,8455
208765,1,1034404,0,8076
208766,1,2166231,0,9076
208767,1,134318,0,9026
208768,1,3903457,0,9270
208769,1,65137,0,6512
208770,1,127779,0,9147
208771,1,15093,0,9037
208772,1,1373808,0,8215
208773,1,16854,0,7142
208774,1,1772,0,5021
208775,1,166209,0,7818
208776,1,18379,0,4556
208777,1,67266,0,2351
208778,1,2392231,0,9135
208779,1,5060717,0,8747
208780,1,70618,0,8356
208781,1,8912,0,7632
208782,1,97157,0,7395
208783,1,15461,0,5418
208784,1,68235,0,4065
208785,1,25558,0,4826
208786,1,1024082,0,9138
208787,1,65041,0,7393
208788,1,132592,0,9212
208789,1,653542,0,8005
208790,1,8119,0,8178
208791,1,1776119,0,7125
208792,1,3579,0,7044
208793,1,63460,0,6361
208794,1,1463861,0,5452
208795,1,16873,0,4810
208796,1,65038,0,7954
208797,1,70606,0,7253
208798,1,65758,0,7390
208799,1,64015,0,6369
208800,1,4947,0,8168
208801,1,4077696,0,8755
208802,1,1414137,0,7398
208803,1,64341,0,7191
208804,1,9762,0,7413
208805,1,56359,0,6414
208806,1,6194,0,8621
208807,1,69226,0,7819
208808,1,9184,0,7952
208809,1,128460,0,7091
208810,1,4666549,0,9198
208811,1,188965,0,8934
208812,1,69215,0,8138
208813,1,1370446,0,7727
208814,1,2226850,0,6911
208815,1,2000495,0,6568
208816,1,11274,0,3789
208817,1,2816554,0,8194
208818,1,143035,0,6662
208819,1,781,0,5580
208820,1,17276,0,4324
208821,1,1835864,0,8992
208822,1,16603,0,6528
208823,1,65193,0,5434
208824,1,7632,0,4508
208825,1,66674,0,8824
208826,1,3459,0,7227
208827,1,1061289,0,8053
208828,1,26121,0,5214
208829,1,64916,0,4264
208830,1,7656,0,3851
208831,1,421994,0,9430
208832,1,67897,0,7926
208833,1,19903,0,6524
208834,1,1591462,0,8767
208835,1,69504,0,7899
208836,1,128357,0,7893
208837,1,67356,0,6797
208838,1,3453,0,5343
208839,1,10068,0,8530
208840,1,64518,0,4595
208841,1,12973,0,6149
208842,1,62773,0,5711
208843,1,1504619,0,9014
208844,1,65251,0,8883
208845,1,4683610,0,7695
208846,1,147737,0,6479
208847,1,65648,0,8137
208848,1,4683561,0,9091
208849,1,3080977,0,8685
208850,1,2253,0,5742
208851,1,3613,0,5558
208852,1,69534,0,7060
208853,1,9387,0,7394
208854,1,3057,0,5316
208855,1,204605,0,8496
208856,1,601243,0,7768
208857,1,8270,0,6663
208858,1,57876,0,3521
208859,1,129936,0,8597
208860,1,66687,0,7881
208861,1,7991,0,7747
208862,1,69855,0,5806
208863,1,65306,0,5469
208864,1,165715,0,5124
208865,1,10340,0,4960
208866,1,166409,0,8033
208867,1,4101,0,6479
208868,1,65295,0,3074
208869,1,17939,0,4647
208870,1,145959,0,8547
208871,1,66387,0,7943
208872,1,128640,0,8364
208873,1,5377,0,5537
208874,1,7110,0,8064
208875,1,135427,0,7736
208876,1,72044,0,6560
208877,1,1442,0,4491
208878,1,145362,0,8998
208879,1,64449,0,8347
208880,1,17060,0,8569
208881,1,65178,0,7890
208882,1,5060498,0,6910
208883,1,170418,0,8402
208884,1,268742,0,8127
208885,1,887281,0,7582
208886,1,8986,0,5053
208887,1,96483,0,8406
208888,1,2469,0,5177
208889,1,205839,0,7823
208890,1,37287,0,7238
208891,1,240886,0,6421
208892,1,97563,0,9130
208893,1,19305,0,8358
208894,1,507,0,7352
208895,1,2793210,0,5354
208896,1,66547,0,8412
208897,1,19205,0,8688
208898,1,10806,0,6033
208899,1,17993,0,4768
208900,1,3083145,0,8908
208901,1,3903062,0,8401
208902,1,17051,0,9118
208903,1,7017,0,6187
208904,1,71677,0,4884
208905,1,68988,0,7439
208906,1,96605,0,7294
208907,1,993,0,5144
208908,1,12417,0,8610
208909,1,68934,0,7357
208910,1,16505,0,7199
208911,1,60583,0,5115
208912,1,60907,0,5038
208913,1,252614,0,8884
208914,1,8392,0,8226
208915,1,179776,0,6857
208916,1,7450,0,8696
208917,1,9806,0,8808
208918,1,7539,0,8015
208919,1,12980,0,7784
208920,1,70434,0,7044
208921,1,71519,0,6631
208922,1,17094,0,8374
208923,1,130088,0,8842
208924,1,70893,0,7785
208925,1,973888,0,7738
208926,1,90154,0,7804
208927,1,61673,0,6780
208928,1,1255,0,5523
208929,1,4077650,0,8612
208930,1,68451,0,6851
208931,1,61755,0,6904
208932,1,72300,0,2794
208933,1,89963,0,8923
208934,1,69548,0,7062
208935,1,204113,0,6837
208936,1,10276,0,7033
208937,1,68949,0,5853
208938,1,3645,0,8738
208939,1,204813,0,8587
208940,1,145797,0,8600
208941,1,66825,0,8621
208942,1,941185,0,8718
208943,1,462181,0,8475
208944,1,65745,0,7514
208945,1,18150,0,8312
208946,1,1675,0,7081
208947,1,1478695,0,7468
208948,1,64515,0,6315
208949,1,16064,0,5614
208950,1,3090055,0,8384
208951,1,2816314,0,8310
208952,1,5709,0,8222
208953,1,62862,0,5753
208954,1,17805,0,7888
208955,1,65022,0,5600
208956,1,726887,0,8719
208957,1,2041867,0,5130
208958,1,66356,0,8838
208959,1,19206,0,9234
208960,1,1629996,0,8672
208961,1,68640,0,7544
208962,1,5531,0,7452
208963,1,66872,0,7611
208964,1,973898,0,7002
208965,1,5490,0,8032
208966,1,15772,0,8035
208967,1,1551,0,5833
208968,1,16239,0,5808
208969,1,4609885,0,8858
208970,1,64073,0,8796
208971,1,3081205,0,9204
208972,1,2209209,0,7851
208973,1,127768,0,7979
208974,1,127935,0,7796
208975,1,3041,0,7287
208976,1,18762,0,6753
208977,1,10930,0,5606
208978,1,16480,0,6037
208979,1,9925,0,5357
208980,1,131667,0,8689
208981,1,66280,0,7757
208982,1,923701,0,7425
208983,1,68497,0,6160
208984,1,70273,0,8539
208985,1,4682944,0,8765
208986,1,68872,0,7363
208987,1,4666452,0,6989
208988,1,70034,0,6820
208989,1,5061293,0,6975
208990,1,71631,0,6082
208991,1,132578,0,8700
208992,1,3093908,0,8748
208993,1,72110,0,7828
208994,1,6290,0,5276
208995,1,71950,0,7658
208996,1,64004,0,7129
208997,1,67965,0,5057
208998,1,1503538,0,8514
208999,1,1203997,0,8478
209000,1,89907,0,8037
209001,1,8702,0,8398
209002,1,1165346,0,7548
209003,1,429313,0,8263
209004,1,263355,0,7840
209005,1,61431,0,5918
209006,1,23402,0,4834
209007,1,133420,0,8201
209008,1,128418,0,8275
209009,1,6269,0,7348
209010,1,166593,0,8857
209011,1,66504,0,8288
209012,1,16680,0,6702
209013,1,3326,0,4728
209014,1,72086,0,6508
209015,1,68455,0,3108
209016,1,68630,0,8767
209017,1,18053,0,8770
209018,1,71399,0,6228
209019,1,10810,0,4801
209020,1,170410,0,7558
209021,1,2258,0,6868
209022,1,2100,0,6725
209023,1,62063,0,6190
209024,1,71701,0,4885
209025,1,686491,0,8329
209026,1,1744009,0,7878
209027,1,13737,0,7439
209028,1,89501,0,7149
209029,1,65013,0,5924
209030,1,21714,0,5555
209031,1,69656,0,8612
209032,1,130704,0,8829
209033,1,3094177,0,8475
209034,1,69456,0,7662
209035,1,2277723,0,7746
209036,1,2793212,0,7268
209037,1,165833,0,8716
209038,1,162960,0,8076
209039,1,68009,0,7959
209040,1,128263,0,8199
209041,1,2541,0,7634
209042,1,658,0,6420
209043,1,63711,0,5858
209044,1,65273,0,2734
209045,1,68088,0,8574
209046,1,3088493,0,7050
209047,1,1945,0,8572
209048,1,6809,0,5626
209049,1,62218,0,4483
209050,1,70105,0,8229
209051,1,14139,0,7087
209052,1,1458216,0,6990
209053,1,179006,0,6952
209054,1,64715,0,4463
209055,1,1248339,0,7996
209056,1,11728,0,6780
209057,1,3080448,0,8702
209058,1,3695864,0,8091
209059,1,21604,0,8330
209060,1,5579,0,5060
209061,1,209485,0,8838
209062,1,57830,0,7658
209063,1,75306,0,6192
209064,1,1453078,0,8707
209065,1,6181,0,8659
209066,1,68066,0,7747
209067,1,11706,0,8447
209068,1,14300,0,5969
209069,1,2793220,0,6258
209070,1,66076,0,4620
209071,1,60510,0,4829
209072,1,953780,0,8588
209073,1,3915820,0,7950
209074,1,5060605,0,8072
209075,1,4895,0,7150
209076,1,72512,0,4977
209077,1,127790,0,8771
209078,1,3925750,0,8746
209079,1,839072,0,8751
209080,1,63744,0,7216
209081,1,72460,0,6412
209082,1,90052,0,7207
209083,1,19102,0,5419
209084,1,2600,0,4149
209085,1,617,0,8588
209086,1,170815,0,8342
209087,1,5060714,0,7950
209088,1,128181,0,8500
209089,1,19624,0,7324
209090,1,10291,0,6433
209091,1,1324601,0,9079
209092,1,69460,0,7329
209093,1,3504,0,5343
209094,1,24516,0,5675
209095,1,65382,0,7983
209096,1,67666,0,7915
209097,1,138343,0,8261
209098,1,5061255,0,7599
209099,1,17575,0,7702
209100,1,3091401,0,7150
209101,1,69062,0,6480
209102,1,9490,0,8622
209103,1,133494,0,7320
209104,1,13279,0,6350
209105,1,13012,0,6358
209106,1,66461,0,5540
209107,1,63735,0,5780
209108,1,89894,0,5270
209109,1,71625,0,4854
209110,1,48374,0,5585
209111,1,24229,0,1257
209112,1,70512,0,6054
209113,1,915864,0,8878
209114,1,1429987,0,8268
209115,1,68734,0,7980
209116,1,3080991,0,8574
209117,1,210843,0,7786
209118,1,16843,0,5744
209119,1,128335,0,8146
209120,1,2203966,0,7250
209121,1,1679547,0,8525
209122,1,69608,0,7337
209123,1,54422,0,3239
209124,1,65711,0,6986
209125,1,935600,0,7126
209126,1,69016,0,5659
209127,1,1433126,0,4607
209128,1,65106,0,7659
209129,1,190661,0,7964
209130,1,76906,0,7969
209131,1,9858,0,6258
209132,1,34366,0,1820
209133,1,90007,0,8919
209134,1,3659311,0,8468
209135,1,5060586,0,7546
209136,1,62528,0,3600
209137,1,128164,0,8432
209138,1,3097216,0,7220
209139,1,65348,0,6742
209140,1,71882,0,5535
209141,1,64190,0,5818
209142,1,9035,0,4912
209143,1,68245,0,7899
209144,1,7116,0,8069
209145,1,3091820,0,8234
209146,1,69295,0,7934
209147,1,1102,0,7943
209148,1,8131,0,7562
209149,1,5061021,0,8488
209150,1,5863,0,8702
209151,1,69642,0,8510
209152,1,133462,0,8400
209153,1,8735,0,8310
209154,1,70836,0,7848
209155,1,232931,0,7964
209156,1,13628,0,6315
209157,1,61200,0,4403
209158,1,128189,0,8670
209159,1,24124,0,8343
209160,1,5061229,0,7325
209161,1,18442,0,7296
209162,1,64989,0,5668
209163,1,1140699,0,8454
209164,1,3090454,0,8141
209165,1,12217,0,8187
209166,1,13006,0,6073
209167,1,81,0,5027
209168,1,176677,0,8446
209169,1,2154776,0,6524
209170,1,65506,0,5816
209171,1,33260,0,4053
209172,1,67698,0,8260
209173,1,3706178,0,8074
209174,1,15134,0,6467
209175,1,62692,0,3595
209176,1,2856,0,8593
209177,1,196073,0,7458
209178,1,150081,0,7643
209179,1,10455,0,6869
209180,1,14714,0,6604
209181,1,166018,0,6651
209182,1,1127,0,5842
209183,1,64401,0,4875
209184,1,63861,0,3049
209185,1,68271,0,8490
209186,1,1224,0,7945
209187,1,62538,0,7770
209188,1,5061222,0,7130
209189,1,15031,0,6715
209190,1,954,0,7932
209191,1,3680199,0,7701
209192,1,3769,0,6782
209193,1,90353,0,5576
209194,1,17469,0,4000
209195,1,66727,0,7491
209196,1,35887,0,7990
209197,1,166903,0,5682
209198,1,65472,0,5785
209199,1,69888,0,8098
209200,1,269626,0,8061
209201,1,92481,0,7371
209202,1,4619,0,5904
209203,1,4683677,0,4904
209204,1,71221,0,7645
209205,1,68110,0,5123
209206,1,150072,0,7942
209207,1,8126,0,6020
209208,1,69983,0,8171
209209,1,71000,0,7229
209210,1,13359,0,7065
209211,1,13396,0,6368
209212,1,10989,0,5340
209213,1,2010,0,6989
209214,1,195,0,6644
209215,1,70254,0,6062
209216,1,1125,0,6180
209217,1,67456,0,6844
209218,1,72138,0,6498
209219,1,14686,0,5415
209220,1,11438,0,4707
209221,1,68560,0,8075
209222,1,2280846,0,7560
209223,1,90088,0,8152
209224,1,10248,0,6507
209225,1,64829,0,5543
209226,1,2148243,0,5461
209227,1,2071564,0,7010
209228,1,64373,0,5514
209229,1,70703,0,4687
209230,1,68468,0,7346
209231,1,14374,0,7074
209232,1,12763,0,6238
209233,1,5362,0,5276
209234,1,237539,0,8121
209235,1,2191623,0,6087
209236,1,67936,0,5656
209237,1,624544,0,5617
209238,1,1165387,0,8083
209239,1,203700,0,7797
209240,1,6568,0,7042
209241,1,17070,0,7629
209242,1,16905,0,6158
209243,1,17362,0,5190
209244,1,170413,0,8067
209245,1,143053,0,7827
209246,1,5875,0,4613
209247,1,76,0,6676
209248,1,162309,0,8356
209249,1,3917885,0,8293
209250,1,2824,0,6846
209251,1,8396,0,6027
209252,1,2490,0,5862
209253,1,60487,0,5821
209254,1,66492,0,8314
209255,1,66230,0,8091
209256,1,10467,0,7896
209257,1,2822,0,5287
209258,1,70241,0,8467
209259,1,356,0,7617
209260,1,3018,0,6901
209261,1,3203,0,6404
209262,1,18805,0,6392
209263,1,64534,0,5505
209264,1,5239,0,5507
209265,1,16696,0,5013
209266,1,8185,0,4052
209267,1,14074,0,3990
209268,1,3702051,0,7882
209269,1,71870,0,6758
209270,1,1439494,0,7152
209271,1,8174,0,6429
209272,1,1533,0,5688
209273,1,14994,0,6163
209274,1,9174,0,8166
209275,1,337425,0,8693
209276,1,19032,0,7302
209277,1,6283,0,6670
209278,1,72356,0,8506
209279,1,5061022,0,7714
209280,1,635238,0,6956
209281,1,65238,0,8314
209282,1,62900,0,7439
209283,1,9072,0,7165
209284,1,5576,0,6808
209285,1,65582,0,5901
209286,1,3672415,0,5550
209287,1,19082,0,8307
209288,1,86013,0,7621
209289,1,49582,0,7281
209290,1,8780,0,6279
209291,1,10457,0,5811
209292,1,16136,0,6019
209293,1,9438,0,5278
209294,1,17407,0,3620
209295,1,7930,0,7694
209296,1,1050937,0,6963
209297,1,1644934,0,6258
209298,1,576201,0,7870
209299,1,129167,0,8304
209300,1,15632,0,7971
209301,1,67172,0,6710
209302,1,127470,0,8198
209303,1,5753,0,5802
209304,1,4078351,0,5910
209305,1,3090462,0,7989
209306,1,62107,0,4344
209307,1,132474,0,8267
209308,1,138045,0,7960
209309,1,187564,0,8054
209310,1,66811,0,7347
209311,1,71458,0,6443
209312,1,68319,0,6915
209313,1,27205,0,6043
209314,1,167584,0,7803
209315,1,275540,0,8430
209316,1,18847,0,7581
209317,1,71257,0,8283
209318,1,131709,0,8259
209319,1,11620,0,6693
209320,1,13305,0,5021
209321,1,68801,0,7503
209322,1,784495,0,8397
209323,1,937410,0,7933
209324,1,138490,0,7862
209325,1,69960,0,6720
209326,1,68596,0,5270
209327,1,20324,0,5845
209328,1,65283,0,8295
209329,1,10030,0,7883
209330,1,7659,0,4725
209331,1,3957488,0,8301
209332,1,10389,0,7512
209333,1,89967,0,7528
209334,1,13574,0,5698
209335,1,11476,0,5385
209336,1,64064,0,4616
209337,1,2414960,0,8519
209338,1,95238,0,8585
209339,1,65223,0,8288
209340,1,3090953,0,7822
209341,1,63848,0,7467
209342,1,100755,0,7161
209343,1,62461,0,5568
209344,1,11174,0,7415
209345,1,19053,0,7318
209346,1,13394,0,6593
209347,1,9822,0,6473
209348,1,17919,0,6838
209349,1,3271,0,5866
209350,1,19581,0,6430
209351,1,67125,0,4928
209352,1,69687,0,7708
209353,1,1445924,0,7541
209354,1,5257,0,6777
209355,1,177947,0,6899
209356,1,1062747,0,6305
209357,1,1608140,0,4628
209358,1,7118,0,3666
209359,1,62871,0,3202
209360,1,143047,0,7544
209361,1,659,0,6820
209362,1,16164,0,4411
209363,1,173794,0,8671
209364,1,3700088,0,8243
209365,1,25188,0,6288
209366,1,941480,0,8126
209367,1,5997,0,6506
209368,1,2497499,0,5610
209369,1,64827,0,5734
209370,1,203877,0,7746
209371,1,133289,0,6890
209372,1,69847,0,2842
209373,1,5061085,0,7886
209374,1,68832,0,7488
209375,1,3209,0,7182
209376,1,16338,0,5810
209377,1,63604,0,4699
209378,1,15593,0,4716
209379,1,298977,0,8311
209380,1,17502,0,7966
209381,1,2801247,0,7274
209382,1,1019,0,6432
209383,1,1193,0,6126
209384,1,65839,0,5237
209385,1,15479,0,4499
209386,1,52057,0,2811
209387,1,1523206,0,8072
209388,1,145904,0,7741
209389,1,14315,0,7581
209390,1,1664574,0,7077
209391,1,145722,0,5290
209392,1,65497,0,8375
209393,1,9939,0,8180
209394,1,63783,0,7990
209395,1,302223,0,7964
209396,1,10515,0,7187
209397,1,2247302,0,5384
209398,1,15977,0,4693
209399,1,1395033,0,7795
209400,1,13968,0,6923
209401,1,14214,0,6837
209402,1,68788,0,5890
209403,1,14075,0,7541
209404,1,8789,0,5676
209405,1,19728,0,7688
209406,1,67675,0,5351
209407,1,70086,0,7059
209408,1,2791958,0,6406
209409,1,63189,0,4423
209410,1,71047,0,1866
209411,1,1028667,0,8184
209412,1,357217,0,6627
209413,1,70598,0,5092
209414,1,61837,0,4887
209415,1,9112,0,5190
209416,1,5891,0,4919
209417,1,70341,0,7552
209418,1,64958,0,7340
209419,1,2791112,0,8068
209420,1,4906,0,4979
209421,1,72394,0,7554
209422,1,849893,0,8100
209423,1,13599,0,7325
209424,1,143054,0,7510
209425,1,2959,0,4396
209426,1,8419,0,7636
209427,1,5060682,0,7215
209428,1,70164,0,6894
209429,1,279764,0,7818
209430,1,71628,0,5346
209431,1,70640,0,8013
209432,1,133949,0,8366
209433,1,1352767,0,7561
209434,1,926270,0,7659
209435,1,4623632,0,8280
209436,1,69155,0,6658
209437,1,258119,0,7417
209438,1,13371,0,6632
209439,1,65070,0,6681
209440,1,20632,0,7108
209441,1,8930,0,6284
209442,1,8068,0,5725
209443,1,11217,0,4919
209444,1,8143,0,8134
209445,1,1886,0,7648
209446,1,11159,0,7792
209447,1,14703,0,6295
209448,1,165844,0,5530
209449,1,28025,0,5153
209450,1,129157,0,8149
209451,1,14330,0,7632
209452,1,17095,0,7085
209453,1,3987205,0,6286
209454,1,62653,0,5743
209455,1,20094,0,5564
209456,1,853795,0,8260
209457,1,36898,0,7460
209458,1,2232,0,3623
209459,1,128532,0,6259
209460,1,61701,0,5161
209461,1,69729,0,7801
209462,1,2817450,0,7526
209463,1,3698782,0,7603
209464,1,3080885,0,7199
209465,1,3922007,0,6024
209466,1,64484,0,5857
209467,1,9873,0,5029
209468,1,131993,0,8265
209469,1,2307992,0,7732
209470,1,1852,0,6857
209471,1,5027,0,6935
209472,1,165865,0,8117
209473,1,3091653,0,7712
209474,1,4077490,0,8043
209475,1,2793255,0,8093
209476,1,4705,0,6671
209477,1,68761,0,6300
209478,1,16373,0,5060
209479,1,9951,0,4409
209480,1,2111203,0,7228
209481,1,12150,0,7011
209482,1,5061135,0,5778
209483,1,13037,0,5661
209484,1,10033,0,7854
209485,1,826829,0,8152
209486,1,66983,0,6216
209487,1,2163063,0,8135
209488,1,4683632,0,7127
209489,1,6391,0,8189
209490,1,67202,0,8110
209491,1,71847,0,6889
209492,1,68972,0,6187
209493,1,63883,0,7100
209494,1,63875,0,6242
209495,1,16687,0,6171
209496,1,137303,0,5137
209497,1,12259,0,5150
209498,1,2424,0,7931
209499,1,68465,0,7908
209500,1,127508,0,8085
209501,1,69487,0,6849
209502,1,10849,0,5482
209503,1,24347,0,5436
209504,1,69453,0,3150
209505,1,12277,0,7454
209506,1,170033,0,6655
209507,1,71772,0,6290
209508,1,68673,0,8287
209509,1,1478487,0,8081
209510,1,89970,0,7586
209511,1,70636,0,6566
209512,1,16642,0,5044
209513,1,9271,0,5084
209514,1,14355,0,5477
209515,1,66890,0,8030
209516,1,12175,0,6935
209517,1,17501,0,7293
209518,1,2150119,0,6211
209519,1,17616,0,4657
209520,1,1405267,0,7972
209521,1,3918572,0,7915
209522,1,186766,0,7604
209523,1,127872,0,7945
209524,1,63483,0,7217
209525,1,2932,0,6912
209526,1,90132,0,6229
209527,1,191324,0,8083
209528,1,165850,0,7322
209529,1,70246,0,7156
209530,1,89924,0,7279
209531,1,163427,0,7502
209532,1,90046,0,7241
209533,1,12454,0,6582
209534,1,63071,0,6459
209535,1,62448,0,6090
209536,1,7988,0,5736
209537,1,72352,0,4664
209538,1,64695,0,4504
209539,1,12826,0,4148
209540,1,1106338,0,8046
209541,1,491,0,7706
209542,1,10219,0,7511
209543,1,177,0,6090
209544,1,2735,0,5552
209545,1,76905,0,6230
209546,1,70679,0,4548
209547,1,10029,0,4414
209548,1,1395,0,7339
209549,1,9598,0,7195
209550,1,3091958,0,6924
209551,1,17768,0,7410
209552,1,1394495,0,7231
209553,1,1253225,0,8001
209554,1,4269,0,7690
209555,1,65436,0,2522
209556,1,15985,0,7126
209557,1,4076377,0,6887
209558,1,63238,0,5390
209559,1,8199,0,4826
209560,1,71029,0,3123
209561,1,3089279,0,8339
209562,1,4682509,0,8442
209563,1,6006,0,7622
209564,1,143042,0,7576
209565,1,3937445,0,6264
209566,1,72572,0,5080
209567,1,67359,0,5120
209568,1,44972,0,5470
209569,1,16220,0,4979
209570,1,70247,0,7014
209571,1,929166,0,7508
209572,1,3909739,0,6407
209573,1,6376,0,3574
209574,1,58734,0,6779
209575,1,1398100,0,6053
209576,1,165380,0,6729
209577,1,5841,0,5630
209578,1,3701653,0,7468
209579,1,63538,0,5878
209580,1,1444355,0,7903
209581,1,11579,0,6880
209582,1,68248,0,5325
209583,1,1609,0,5095
209584,1,4621102,0,5596
209585,1,1074,0,4947
209586,1,10829,0,5096
209587,1,53807,0,4676
209588,1,3910445,0,8163
209589,1,71146,0,7573
209590,1,72462,0,6674
209591,1,135397,0,6388
209592,1,19127,0,2948
209593,1,2817343,0,8133
209594,1,1074252,0,7523
209595,1,1462057,0,6669
209596,1,990485,0,6393
209597,1,11516,0,5883
209598,1,5932,0,5655
209599,1,8871,0,4935
209600,1,17940,0,4503
209601,1,23637,0,3507
209602,1,15601,0,7024
209603,1,15937,0,4376
209604,1,146998,0,8068
209605,1,11505,0,6966
209606,1,2759,0,6898
209607,1,14693,0,3749
209608,1,10060,0,2482
209609,1,67811,0,5224
209610,1,16171,0,5739
209611,1,63823,0,5270
209612,1,12620,0,7955
209613,1,73065,0,6911
209614,1,11112,0,6778
209615,1,58694,0,5575
209616,1,564,0,4259
209617,1,3091093,0,7602
209618,1,1010,0,7532
209619,1,293,0,6986
209620,1,17096,0,7590
209621,1,10360,0,6908
209622,1,3690051,0,7310
209623,1,71070,0,5835
209624,1,7322,0,4684
209625,1,3974639,0,8140
209626,1,7842,0,7858
209627,1,128129,0,7532
209628,1,90038,0,7859
209629,1,10181,0,6777
209630,1,69047,0,6476
209631,1,21717,0,7207
209632,1,6202,0,5911
209633,1,63901,0,5851
209634,1,15899,0,5396
209635,1,87162,0,4108
209636,1,165881,0,8150
209637,1,70902,0,7379
209638,1,70245,0,6419
209639,1,7360,0,6489
209640,1,824692,0,5757
209641,1,7536,0,4366
209642,1,60753,0,3684
209643,1,70621,0,6129
209644,1,1489381,0,7833
209645,1,67738,0,7963
209646,1,1374878,0,7761
209647,1,4078445,0,7457
209648,1,15048,0,7187
209649,1,1216,0,5079
209650,1,61779,0,5317
209651,1,1796733,0,4008
209652,1,65903,0,6618
209653,1,127416,0,7684
209654,1,3703775,0,7841
209655,1,251108,0,7615
209656,1,30070,0,6354
209657,1,8973,0,5997
209658,1,65034,0,4846
209659,1,1275,0,7484
209660,1,18408,0,6008
209661,1,68650,0,7081
209662,1,12759,0,5584
209663,1,1349697,0,7774
209664,1,71050,0,7981
209665,1,20381,0,7791
209666,1,3673060,0,7151
209667,1,72859,0,6274
209668,1,12881,0,6318
209669,1,70805,0,7718
209670,1,129582,0,8147
209671,1,127486,0,8026
209672,1,5060763,0,7092
209673,1,17330,0,5780
209674,1,69720,0,6900
209675,1,2793405,0,5338
209676,1,2166,0,6469
209677,1,67696,0,5718
209678,1,10440,0,4933
209679,1,66579,0,4631
209680,1,64800,0,6020
209681,1,4666546,0,5954
209682,1,72796,0,4988
209683,1,63652,0,6705
209684,1,7328,0,6563
209685,1,70666,0,6185
209686,1,63027,0,5354
209687,1,2319422,0,4984
209688,1,173206,0,7529
209689,1,129855,0,7530
209690,1,3693044,0,7870
209691,1,177072,0,7457
209692,1,415721,0,6474
209693,1,67556,0,5626
209694,1,63605,0,5982
209695,1,16348,0,5971
209696,1,6359,0,5202
209697,1,71565,0,3387
209698,1,5061057,0,8254
209699,1,72392,0,7151
209700,1,751941,0,7915
209701,1,10429,0,6685
209702,1,5450,0,4989
209703,1,67977,0,4454
209704,1,24085,0,4485
209705,1,143043,0,6116
209706,1,72173,0,4077
209707,1,1395959,0,7530
209708,1,624,0,7706
209709,1,147213,0,7594
209710,1,36615,0,7617
209711,1,19476,0,2764
209712,1,203812,0,7197
209713,1,13862,0,6761
209714,1,1015682,0,6767
209715,1,12016,0,6273
209716,1,69005,0,5238
209717,1,67712,0,4033
209718,1,984709,0,8007
209719,1,68779,0,7359
209720,1,165787,0,7194
209721,1,3713961,0,6796
209722,1,68919,0,5203
209723,1,61236,0,5927
209724,1,2061,0,5133
209725,1,7097,0,5428
209726,1,1409,0,7901
209727,1,3696150,0,7628
209728,1,740013,0,6798
209729,1,64385,0,5514
209730,1,7547,0,5091
209731,1,3080939,0,8141
209732,1,64795,0,5219
209733,1,7090,0,5344
209734,1,68828,0,4452
209735,1,68240,0,7500
209736,1,165978,0,6867
209737,1,8165,0,4206
209738,1,73,0,6756
209739,1,999367,0,7839
209740,1,72386,0,6764
209741,1,66276,0,6271
209742,1,71149,0,5738
209743,1,5422,0,5290
209744,1,15608,0,3330
209745,1,1051072,0,7833
209746,1,64879,0,7777
209747,1,1654,0,6060
209748,1,1683,0,5868
209749,1,5858,0,5715
209750,1,10606,0,5155
209751,1,71612,0,7117
209752,1,16732,0,6463
209753,1,143774,0,8154
209754,1,2330663,0,7535
209755,1,17602,0,7688
209756,1,62585,0,4974
209757,1,16324,0,4615
209758,1,2717,0,6035
209759,1,9420,0,4791
209760,1,67253,0,7831
209761,1,90415,0,6814
209762,1,70106,0,6424
209763,1,2817443,0,6280
209764,1,13485,0,5374
209765,1,16273,0,5617
209766,1,10382,0,7691
209767,1,2301,0,7257
209768,1,1362521,0,6826
209769,1,8195,0,6417
209770,1,68933,0,4566
209771,1,16360,0,3578
209772,1,134954,0,7785
209773,1,1243257,0,7365
209774,1,1092125,0,7226
209775,1,3091675,0,6997
209776,1,10428,0,6233
209777,1,165864,0,5747
209778,1,2806,0,4267
209779,1,1816,0,3146
209780,1,68569,0,7783
209781,1,65791,0,7134
209782,1,67196,0,5370
209783,1,857446,0,5589
209784,1,1644933,0,7601
209785,1,67717,0,7492
209786,1,170006,0,7618
209787,1,65192,0,7501
209788,1,62645,0,6888
209789,1,67036,0,5557
209790,1,69597,0,7354
209791,1,4129,0,7438
209792,1,71528,0,6989
209793,1,40,0,7092
209794,1,1047387,0,6939
209795,1,64264,0,5584
209796,1,19134,0,5477
209797,1,12314,0,6328
209798,1,2026,0,5655
209799,1,1217770,0,7540
209800,1,130983,0,7262
209801,1,76975,0,7852
209802,1,16459,0,6900
209803,1,14420,0,5185
209804,1,5029,0,5017
209805,1,10566,0,6288
209806,1,2098264,0,5716
209807,1,15355,0,4626
209808,1,52837,0,4634
209809,1,4914,0,3640
209810,1,5061256,0,6815
209811,1,64491,0,4980
209812,1,14665,0,4943
209813,1,68572,0,4282
209814,1,12209,0,686
209815,1,69940,0,7359
209816,1,69247,0,6288
209817,1,63175,0,6025
209818,1,727679,0,7419
209819,1,14141,0,6448
209820,1,63786,0,5117
209821,1,129300,0,7445
209822,1,2817205,0,6951
209823,1,26026,0,1814
209824,1,175862,0,7551
209825,1,97518,0,7942
209826,1,139022,0,7755
209827,1,24958,0,7515
209828,1,3976,0,5088
209829,1,11583,0,4482
209830,1,660,0,2783
209831,1,191,0,7920
209832,1,1049,0,7552
209833,1,89996,0,7269
209834,1,58375,0,5889
209835,1,63826,0,5424
209836,1,2077,0,5104
209837,1,165373,0,7881
209838,1,3081111,0,8039
209839,1,14789,0,6612
209840,1,6476,0,6377
209841,1,67574,0,5065
209842,1,25200,0,5778
209843,1,67892,0,2339
209844,1,8876,0,7616
209845,1,16678,0,6987
209846,1,240134,0,6636
209847,1,62614,0,5007
209848,1,2080608,0,7901
209849,1,67857,0,7585
209850,1,63409,0,5701
209851,1,1480267,0,7355
209852,1,96488,0,7893
209853,1,165848,0,6778
209854,1,12695,0,7026
209855,1,70520,0,4782
209856,1,90117,0,3678
209857,1,11819,0,1497
209858,1,12897,0,7542
209859,1,64577,0,6969
209860,1,90012,0,7276
209861,1,133983,0,6527
209862,1,65304,0,6591
209863,1,8999,0,6235
209864,1,63266,0,5460
209865,1,3025,0,4952
209866,1,4146,0,6357
209867,1,310269,0,7183
209868,1,7865,0,4794
209869,1,65279,0,3809
209870,1,63376,0,4181
209871,1,173443,0,7781
209872,1,73167,0,7256
209873,1,2700,0,7050
209874,1,3092115,0,7183
209875,1,66499,0,6662
209876,1,72025,0,5762
209877,1,9616,0,5417
209878,1,64089,0,4572
209879,1,15474,0,4080
209880,1,10890,0,3444
209881,1,71829,0,3059
209882,1,862584,0,7322
209883,1,7928,0,7307
209884,1,137738,0,5695
209885,1,18978,0,2885
209886,1,5060896,0,7644
209887,1,231645,0,7908
209888,1,8015,0,5930
209889,1,3097160,0,6193
209890,1,5983,0,5409
209891,1,6380,0,4361
209892,1,9747,0,1787
209893,1,133431,0,7322
209894,1,213242,0,6324
209895,1,6679,0,4820
209896,1,10055,0,3989
209897,1,72789,0,7372
209898,1,2817153,0,7548
209899,1,13257,0,7311
209900,1,10568,0,5490
209901,1,6189,0,5305
209902,1,2889,0,4992
209903,1,64367,0,4485
209904,1,165965,0,7491
209905,1,11025,0,6653
209906,1,6474,0,5668
209907,1,5060505,0,5571
209908,1,11392,0,4911
209909,1,70689,0,4569
209910,1,71534,0,3158
209911,1,8649,0,3396
209912,1,5060468,0,3485
209913,1,1461,0,7337
209914,1,5060827,0,7339
209915,1,128056,0,7475
209916,1,18496,0,7534
209917,1,12299,0,6597
209918,1,13246,0,5825
209919,1,68745,0,6072
209920,1,166588,0,7171
209921,1,63767,0,7154
209922,1,66986,0,6380
209923,1,1384,0,6393
209924,1,841335,0,7098
209925,1,3074077,0,6347
209926,1,13218,0,5177
209927,1,143007,0,6147
209928,1,64452,0,5871
209929,1,3145,0,5278
209930,1,16260,0,5009
209931,1,6920,0,6837
209932,1,65327,0,6961
209933,1,241336,0,5853
209934,1,64065,0,4207
209935,1,89233,0,7875
209936,1,6313,0,7825
209937,1,68756,0,7094
209938,1,64046,0,5237
209939,1,70890,0,6928
209940,1,127924,0,7271
209941,1,148085,0,6976
209942,1,13445,0,4222
209943,1,4078547,0,7771
209944,1,718,0,6056
209945,1,63908,0,5851
209946,1,3097135,0,6100
209947,1,134377,0,6976
209948,1,70585,0,7350
209949,1,70,0,6561
209950,1,67273,0,6560
209951,1,1908,0,5897
209952,1,5429,0,5897
209953,1,9729,0,5268
209954,1,64061,0,5124
209955,1,15824,0,3297
209956,1,5849,0,1246
209957,1,3080405,0,7452
209958,1,70524,0,7085
209959,1,69311,0,5307
209960,1,3511,0,4956
209961,1,66934,0,2496
209962,1,165369,0,7679
209963,1,940,0,5918
209965,1,5060513,0,5851
209966,1,11395,0,7532
209967,1,129679,0,7389
209968,1,72820,0,6896
209969,1,64382,0,6073
209970,1,6289,0,5277
209971,1,5060987,0,7798
209972,1,69230,0,7131
209973,1,67402,0,7666
209974,1,67658,0,5602
209975,1,412896,0,6243
209976,1,3791,0,5404
209977,1,7739,0,5390
209978,1,261421,0,7432
209979,1,75839,0,6078
209980,1,66793,0,5597
209981,1,187428,0,7230
209982,1,68082,0,7039
209983,1,64055,0,5678
209984,1,10500,0,6769
209985,1,1052,0,6225
209986,1,137485,0,5077
209987,1,1669748,0,6929
209988,1,59038,0,2545
209989,1,187727,0,7332
209990,1,5060636,0,6589
209991,1,21091,0,6408
209992,1,3140,0,5443
209993,1,253439,0,5094
209994,1,5703,0,4049
209995,1,5061000,0,7631
209996,1,19363,0,6999
209997,1,854463,0,6734
209998,1,66969,0,5041
209999,1,90020,0,5575
210000,1,328,0,4495
210001,1,12721,0,7525
210002,1,2629,0,6458
210003,1,60368,0,6713
210004,1,9177,0,6156
210005,1,63216,0,5868
210006,1,64891,0,5137
210007,1,14237,0,5355
210008,1,10705,0,4932
210009,1,64185,0,4860
210010,1,12655,0,6793
210011,1,8093,0,4338
210012,1,982,0,4516
210013,1,7583,0,3608
210014,1,12457,0,5621
210015,1,3097143,0,6372
210016,1,67648,0,5586
210017,1,7658,0,5742
210018,1,3584,0,5163
210019,1,16700,0,4602
210020,1,61461,0,3150
210021,1,64667,0,6120
210022,1,5060552,0,5935
210023,1,64359,0,5496
210024,1,17097,0,5122
210025,1,21951,0,5450
210026,1,2414304,0,7264
210027,1,948229,0,7333
210028,1,3563,0,5225
210029,1,18175,0,5821
210030,1,8087,0,4975
210031,1,15595,0,5114
210032,1,8251,0,4673
210033,1,71635,0,4323
210034,1,1386620,0,7313
210035,1,813962,0,7008
210036,1,3722409,0,7609
210037,1,2816534,0,7521
210038,1,3908,0,6507
210039,1,1509,0,6188
210040,1,1276,0,5573
210041,1,179018,0,6312
210042,1,15871,0,5736
210043,1,62374,0,5249
210044,1,61905,0,4440
210045,1,68291,0,3476
210046,1,63813,0,5844
210047,1,14065,0,5167
210048,1,70419,0,2023
210049,1,5060859,0,6957
210050,1,1669958,0,7604
210051,1,2139968,0,7265
210052,1,73008,0,6885
210053,1,71893,0,7163
210054,1,2064595,0,6852
210055,1,1966903,0,5813
210056,1,67157,0,5627
210057,1,17164,0,4327
210058,1,61203,0,3675
210059,1,60001,0,1149
210060,1,1330,0,7486
210061,1,10097,0,7400
210062,1,778,0,6547
210063,1,170373,0,6324
210064,1,3082808,0,6280
210065,1,15517,0,6334
210066,1,65586,0,5561
210067,1,515,0,4960
210068,1,65787,0,4517
210069,1,18092,0,4880
210070,1,3636991,0,7334
210071,1,4684465,0,7050
210072,1,64476,0,6140
210073,1,1687471,0,7137
210074,1,68272,0,6079
210075,1,63967,0,5368
210076,1,9912,0,4983
210077,1,66558,0,4693
210078,1,66069,0,2868
210079,1,11145,0,6379
210080,1,63260,0,5445
210081,1,5061086,0,7636
210082,1,9764,0,7054
210083,1,147842,0,6907
210084,1,16331,0,6044
210085,1,68205,0,5728
210086,1,66747,0,4835
210087,1,4623630,0,5604
210088,1,15729,0,4660
210089,1,11441,0,4041
210090,1,67251,0,5550
210091,1,16072,0,7063
210092,1,132082,0,6236
210093,1,69688,0,4375
210094,1,22244,0,4861
210095,1,273301,0,7444
210096,1,6573,0,6481
210097,1,9398,0,6230
210098,1,14103,0,5562
210099,1,10645,0,4283
210100,1,10597,0,4042
210101,1,9820,0,7666
210102,1,642,0,4122
210103,1,73139,0,6205
210104,1,65671,0,5805
210105,1,70992,0,7364
210106,1,134982,0,7019
210107,1,128053,0,7045
210108,1,7150,0,5702
210109,1,4078055,0,5760
210110,1,6940,0,4685
210111,1,66000,0,3034
210112,1,3154,0,6824
210113,1,3257,0,6075
210114,1,90119,0,6122
210115,1,7415,0,5223
210116,1,67580,0,4308
210117,1,67532,0,2837
210118,1,16716,0,2312
210119,1,194166,0,7574
210120,1,71610,0,6981
210121,1,3860,0,6678
210122,1,2525,0,5643
210123,1,162176,0,5571
210124,1,9179,0,5800
210125,1,1583,0,4843
210126,1,14702,0,3566
210127,1,8866,0,6285
210128,1,289470,0,6704
210129,1,688008,0,5832
210130,1,64816,0,5624
210131,1,69517,0,5172
210132,1,29652,0,5424
210133,1,71440,0,3747
210134,1,192388,0,7393
210135,1,65362,0,7438
210136,1,3073924,0,7810
210137,1,96481,0,6273
210138,1,89955,0,5555
210139,1,68479,0,4724
210140,1,14340,0,5016
210141,1,4667524,0,7111
210142,1,143032,0,6672
210143,1,65425,0,4409
210144,1,128894,0,7366
210145,1,127888,0,7204
210146,1,11828,0,6594
210147,1,65812,0,5417
210148,1,67947,0,4383
210149,1,4667485,0,3822
210150,1,59335,0,6990
210151,1,6367,0,4921
210152,1,63306,0,5110
210153,1,65207,0,6656
210154,1,3174,0,5549
210155,1,64254,0,5639
210156,1,14543,0,5467
210157,1,10031,0,4956
210158,1,10205,0,4836
210159,1,5884,0,7456
210160,1,2281836,0,6829
210161,1,203900,0,6876
210162,1,11747,0,6322
210163,1,11504,0,5910
210164,1,3970354,0,6148
210165,1,836,0,5160
210166,1,68574,0,4905
210167,1,71126,0,3968
210168,1,18394,0,1927
210169,1,67831,0,7210
210170,1,70097,0,7002
210171,1,170016,0,6993
210172,1,1415,0,6770
210173,1,2235305,0,6340
210174,1,68005,0,5856
210175,1,7366,0,5169
210176,1,16148,0,5463
210177,1,12,0,6279
210178,1,77183,0,7109
210179,1,3586,0,6129
210180,1,3088183,0,6111
210181,1,11581,0,5487
210182,1,10257,0,3728
210183,1,68845,0,7225
210184,1,2150172,0,7168
210185,1,3091816,0,6638
210186,1,7757,0,5846
210187,1,4289,0,5147
210188,1,5939,0,4922
210189,1,9251,0,4909
210190,1,69395,0,4607
210191,1,2147,0,6137
210192,1,185814,0,6054
210193,1,9590,0,5687
210194,1,5435,0,4972
210195,1,64128,0,5635
210196,1,71209,0,4787
210197,1,14140,0,5574
210198,1,58893,0,5364
210199,1,3367,0,3666
210200,1,8630,0,6802
210201,1,1201,0,6275
210202,1,61683,0,6634
210203,1,66402,0,5330
210204,1,63965,0,5292
210205,1,2816583,0,5386
210206,1,64384,0,4721
210207,1,427338,0,7569
210208,1,16047,0,6869
210209,1,85926,0,6259
210210,1,10659,0,3996
210211,1,69183,0,3679
210212,1,19355,0,3002
210213,1,3704086,0,5720
210214,1,66752,0,6244
210215,1,90343,0,6312
210216,1,97039,0,6030
210217,1,232606,0,5407
210218,1,4194,0,3800
210219,1,16392,0,6203
210220,1,405,0,6078
210221,1,63752,0,5122
210222,1,6090,0,4726
210223,1,68006,0,4485
210224,1,2458,0,4392
210225,1,2817445,0,6735
210226,1,165460,0,7527
210227,1,170059,0,6859
210228,1,4683606,0,6634
210229,1,67788,0,4999
210230,1,60990,0,4902
210231,1,7451,0,4365
210232,1,11075,0,3984
210233,1,1658,0,4975
210234,1,3093071,0,6523
210235,1,146993,0,6738
210236,1,9377,0,6090
210237,1,1299,0,5816
210238,1,3916796,0,5820
210239,1,3395,0,5435
210240,1,12527,0,5370
210241,1,4672,0,4939
210242,1,12884,0,4155
210243,1,5427,0,6892
210244,1,67511,0,6608
210245,1,2174854,0,6792
210246,1,426,0,6401
210247,1,8873,0,6296
210248,1,782,0,5725
210249,1,72156,0,5505
210250,1,5964,0,5731
210251,1,68936,0,5376
210252,1,62440,0,5632
210253,1,8882,0,4805
210254,1,7098,0,4680
210255,1,67232,0,4541
210256,1,1408090,0,4417
210257,1,65713,0,6761
210258,1,144126,0,7179
210259,1,3677761,0,6113
210260,1,5060514,0,5433
210261,1,17432,0,4446
210262,1,70331,0,5706
210263,1,75648,0,6343
210264,1,3244,0,5388
210265,1,13428,0,4879
210266,1,15949,0,3787
210267,1,128362,0,6894
210268,1,1872,0,5864
210269,1,14805,0,5256
210270,1,2938,0,3526
210271,1,17487,0,3211
210272,1,72306,0,6657
210273,1,3081260,0,7392
210274,1,2816543,0,7263
210275,1,4900,0,5774
210276,1,15294,0,4799
210277,1,1929516,0,4318
210278,1,169995,0,6837
210279,1,3689638,0,7114
210280,1,7557,0,5678
210281,1,9884,0,5199
210282,1,4440,0,3401
210283,1,45696,0,3063
210284,1,3980413,0,7289
210285,1,147850,0,7124
210286,1,2527802,0,5678
210287,1,17165,0,5689
210288,1,1678583,0,7071
210289,1,64403,0,6714
210290,1,2746,0,6869
210291,1,161396,0,6199
210292,1,12005,0,5284
210293,1,7995,0,4893
210294,1,11670,0,3040
210295,1,17804,0,2221
210296,1,7250,0,6149
210297,1,664441,0,6080
210298,1,4958,0,5748
210299,1,240342,0,6317
210300,1,63434,0,5600
210301,1,162598,0,6335
210302,1,62912,0,5940
210303,1,3544,0,5476
210304,1,3058,0,5126
210305,1,11003,0,6987
210306,1,16548,0,7271
210307,1,86044,0,7650
210308,1,8657,0,6344
210309,1,7298,0,5680
210310,1,102,0,4769
210311,1,17949,0,4609
210312,1,6293,0,3669
210313,1,70218,0,3186
210314,1,71318,0,7162
210315,1,71020,0,6471
210316,1,2062081,0,6398
210317,1,5060715,0,6332
210318,1,14977,0,6478
210319,1,5060521,0,5490
210320,1,3527,0,4819
210321,1,5060541,0,5514
210322,1,8241,0,7055
210323,1,16618,0,7126
210324,1,10401,0,6543
210325,1,129672,0,6749
210326,1,147965,0,6492
210327,1,5403,0,5650
210328,1,6393,0,5474
210329,1,324121,0,6248
210330,1,67529,0,5098
210331,1,16198,0,5588
210332,1,19039,0,5524
210333,1,15841,0,4973
210334,1,63297,0,5016
210335,1,10637,0,4894
210336,1,15054,0,4099
210337,1,90036,0,3911
210338,1,64427,0,2600
210339,1,87735,0,6422
210340,1,7233,0,5989
210341,1,7889,0,5148
210342,1,89999,0,5163
210343,1,62326,0,5169
210344,1,14154,0,3932
210345,1,170060,0,6634
210346,1,3856,0,6036
210347,1,5060489,0,4866
210348,1,63349,0,5018
210349,1,63545,0,1463
210350,1,5061262,0,6162
210351,1,70604,0,6376
210352,1,10838,0,6715
210353,1,713687,0,7435
210354,1,1021958,0,6474
210355,1,218112,0,5866
210356,1,16814,0,5389
210357,1,15062,0,4974
210358,1,14979,0,4951
210359,1,64678,0,3570
210360,1,3560,0,6647
210361,1,68543,0,6175
210362,1,11436,0,6022
210363,1,64683,0,6051
210364,1,15095,0,6240
210365,1,7393,0,5543
210366,1,69182,0,4964
210367,1,13133,0,5017
210368,1,67882,0,2596
210369,1,68894,0,6218
210370,1,67060,0,5794
210371,1,76092,0,6001
210372,1,3827,0,5642
210373,1,127965,0,5299
210374,1,35026,0,5457
210375,1,9851,0,4543
210376,1,5089,0,6886
210377,1,4052,0,6660
210378,1,24626,0,7534
210379,1,101250,0,6654
210380,1,12079,0,4623
210381,1,15197,0,4205
210382,1,16787,0,5883
210383,1,5061155,0,4922
210384,1,67623,0,4394
210385,1,15627,0,4415
210386,1,12194,0,3771
210387,1,3714345,0,6889
210388,1,9445,0,5894
210389,1,13508,0,7206
210390,1,1507,0,6677
210391,1,4473,0,5733
210392,1,66781,0,5701
210393,1,14342,0,5727
210394,1,3872572,0,6150
210395,1,8504,0,4657
210396,1,89046,0,4973
210397,1,7773,0,4657
210398,1,67441,0,6962
210399,1,62470,0,6330
210400,1,2817228,0,6373
210401,1,165824,0,5847
210402,1,63521,0,5758
210403,1,5060504,0,5142
210404,1,6204,0,4994
210405,1,18620,0,4900
210406,1,771919,0,1500
210407,1,2831,0,4811
210408,1,133344,0,6908
210409,1,10327,0,6272
210410,1,62629,0,6040
210411,1,71521,0,4802
210412,1,2391,0,4619
210413,1,64325,0,4377
210414,1,1106,0,3644
210415,1,4684259,0,6728
210416,1,131462,0,6224
210417,1,169936,0,5317
210418,1,150303,0,6467
210419,1,66765,0,4967
210420,1,13999,0,1793
210421,1,7420,0,6110
210422,1,127811,0,7103
210423,1,17078,0,7183
210424,1,71819,0,5880
210425,1,71639,0,5872
210426,1,70708,0,4521
210427,1,69579,0,5069
210428,1,67622,0,3671
210429,1,97155,0,6832
210430,1,72330,0,5023
210431,1,68222,0,4689
210432,1,7301,0,4260
210433,1,18011,0,3842
210434,1,196096,0,6882
210435,1,5527,0,6169
210436,1,10215,0,6251
210437,1,14841,0,6537
210438,1,75610,0,6303
210439,1,66693,0,5268
210440,1,3481,0,5280
210441,1,5769,0,5153
210442,1,66636,0,5082
210443,1,13080,0,4514
210444,1,3620,0,4269
210445,1,67146,0,2337
210446,1,70049,0,7079
210447,1,3096988,0,6673
210448,1,148349,0,7283
210449,1,9773,0,4941
210450,1,21771,0,5454
210451,1,1162,0,6534
210452,1,148116,0,6698
210453,1,204548,0,5949
210454,1,66996,0,5867
210455,1,6689,0,5595
210456,1,69361,0,5084
210457,1,16595,0,4538
210458,1,67646,0,6227
210459,1,127509,0,6172
210460,1,6776,0,6043
210461,1,63302,0,5104
210462,1,3549,0,3259
210463,1,69525,0,6870
210464,1,3081425,0,6574
210465,1,8847,0,5714
210466,1,85936,0,6296
210467,1,61895,0,5859
210468,1,67012,0,5135
210469,1,128520,0,6417
210470,1,60476,0,5624
210471,1,11574,0,3732
210472,1,212958,0,7163
210473,1,934769,0,6891
210474,1,18694,0,7219
210475,1,17353,0,7197
210476,1,8492,0,6377
210477,1,75824,0,6406
210478,1,7779,0,5498
210479,1,66622,0,4695
210480,1,70084,0,4621
210481,1,170044,0,6886
210482,1,65276,0,6346
210483,1,67278,0,5716
210484,1,5112,0,5684
210485,1,2026126,0,5603
210486,1,3083177,0,5292
210487,1,62023,0,5655
210488,1,63256,0,4702
210489,1,15219,0,4605
210490,1,70660,0,3545
210491,1,5751,0,5005
210492,1,224357,0,7120
210493,1,19828,0,6939
210494,1,5060597,0,5932
210495,1,67797,0,5199
210496,1,72148,0,4956
210497,1,6400,0,5220
210498,1,71026,0,4876
210499,1,72719,0,4826
210500,1,137979,0,4755
210501,1,65785,0,4833
210502,1,68780,0,3156
210503,1,72985,0,6327
210504,1,5060511,0,5031
210505,1,6483,0,4523
210506,1,3763,0,4397
210507,1,148307,0,4888
210508,1,8455,0,3272
210509,1,3768,0,2039
210510,1,69901,0,6872
210511,1,7063,0,6019
210512,1,67956,0,5076
210513,1,13201,0,5432
210514,1,3089540,0,4448
210515,1,91839,0,6921
210516,1,17248,0,3482
210517,1,11622,0,6139
210518,1,6358,0,4676
210519,1,65098,0,4280
210520,1,1072442,0,6982
210521,1,165778,0,6234
210522,1,13868,0,7086
210523,1,420380,0,6881
210524,1,1528554,0,5905
210525,1,69786,0,4788
210526,1,11309,0,4311
210527,1,62048,0,3843
210528,1,3081041,0,6514
210529,1,170386,0,5010
210530,1,7460,0,4777
210531,1,61060,0,4541
210532,1,1089475,0,6602
210533,1,14205,0,6754
210534,1,951885,0,6619
210535,1,70323,0,5630
210536,1,64137,0,5541
210537,1,63137,0,5843
210538,1,32815,0,4689
210539,1,72444,0,2563
210540,1,70505,0,2445
210541,1,11598,0,6881
210542,1,72395,0,6361
210543,1,14607,0,5669
210544,1,64523,0,5288
210545,1,13927,0,5215
210546,1,7742,0,4806
210547,1,8279,0,3214
210548,1,132333,0,6616
210549,1,1773,0,5978
210550,1,981160,0,4914
210551,1,68766,0,6541
210552,1,71056,0,6001
210553,1,13140,0,5931
210554,1,1067283,0,6200
210555,1,9862,0,5464
210556,1,3089657,0,5282
210557,1,1567,0,4881
210558,1,4520,0,4657
210559,1,1709317,0,6935
210560,1,68373,0,6315
210561,1,784280,0,5871
210562,1,3700737,0,6301
210563,1,64645,0,5430
210564,1,2244736,0,4731
210565,1,64845,0,2894
210566,1,33098,0,2031
210567,1,8230,0,4672
210568,1,64921,0,5625
210569,1,59078,0,5289
210570,1,18658,0,4823
210571,1,69659,0,6829
210572,1,14274,0,5168
210573,1,70118,0,4499
210574,1,70290,0,3904
210575,1,4155,0,5457
210576,1,63480,0,5386
210577,1,14399,0,4988
210578,1,17331,0,4597
210579,1,13832,0,4105
210580,1,70790,0,6112
210581,1,12920,0,5411
210582,1,595,0,4854
210583,1,4683655,0,4939
210584,1,340936,0,5540
210585,1,70523,0,4388
210586,1,18454,0,7057
210587,1,5060581,0,5766
210588,1,70316,0,5720
210589,1,13664,0,5551
210590,1,369113,0,6913
210591,1,1565675,0,6674
210592,1,138768,0,6510
210593,1,94895,0,6336
210594,1,5060699,0,5918
210595,1,13696,0,5919
210596,1,5398,0,5338
210597,1,3680,0,4834
210598,1,29709,0,5575
210599,1,59397,0,5208
210600,1,10413,0,4163
210601,1,4468,0,3524
210602,1,67430,0,5973
210603,1,62450,0,5762
210604,1,16719,0,7146
210605,1,1671850,0,5941
210606,1,3726,0,6057
210607,1,345321,0,6776
210608,1,64687,0,5432
210609,1,309744,0,5538
210610,1,68539,0,4549
210611,1,9712,0,4076
210612,1,1404,0,6023
210613,1,11410,0,5846
210614,1,7977,0,5464
210615,1,62840,0,5747
210616,1,69902,0,4144
210617,1,12250,0,4189
210618,1,1817,0,5334
210619,1,3088073,0,5132
210620,1,1139470,0,6998
210621,1,64566,0,6595
210622,1,69561,0,6302
210623,1,2677,0,5598
210624,1,64007,0,5806
210625,1,977140,0,6295
210626,1,13884,0,5364
210627,1,18407,0,5130
210628,1,12032,0,4207
210629,1,3645592,0,6528
210630,1,62414,0,6711
210631,1,67280,0,5987
210632,1,64555,0,5674
210633,1,30157,0,5718
210634,1,8589,0,4829
210635,1,68280,0,4569
210636,1,62381,0,4578
210637,1,61932,0,4087
210638,1,178676,0,5582
210639,1,15723,0,3217
210640,1,64807,0,6657
210641,1,97238,0,5195
210642,1,3074327,0,5608
210643,1,15715,0,4420
210644,1,60092,0,4594
210645,1,8758,0,3422
210646,1,64626,0,5853
210647,1,5036,0,5323
210648,1,1076468,0,4662
210649,1,129041,0,6824
210650,1,63361,0,6437
210651,1,209020,0,6429
210652,1,3289,0,5712
210653,1,3097223,0,5557
210654,1,65221,0,5602
210655,1,147697,0,5835
210656,1,96425,0,5835
210657,1,233604,0,5340
210658,1,15396,0,4017
210659,1,18641,0,3039
210660,1,4684754,0,6743
210661,1,18876,0,5048
210662,1,11341,0,3448
210663,1,6117,0,4020
210664,1,6543,0,6006
210665,1,129388,0,6366
210666,1,1120107,0,6123
210667,1,13373,0,5707
210668,1,18360,0,5534
210669,1,63223,0,4077
210670,1,64096,0,3716
210671,1,63850,0,3520
210672,1,9879,0,6951
210673,1,59898,0,7010
210674,1,1402455,0,6067
210675,1,71127,0,5392
210676,1,72242,0,4996
210677,1,14437,0,5409
210678,1,310436,0,5499
210679,1,130572,0,4824
210680,1,69874,0,3356
210681,1,2799,0,6176
210682,1,204625,0,6046
210683,1,170001,0,5628
210684,1,13995,0,5351
210685,1,57738,0,3620
210686,1,1923,0,6486
210687,1,13879,0,6261
210688,1,63448,0,5669
210689,1,67207,0,5111
210690,1,90023,0,4418
210691,1,17772,0,3032
210692,1,73159,0,6581
210693,1,127885,0,6874
210694,1,3092791,0,6519
210695,1,1636208,0,6272
210696,1,64375,0,5730
210697,1,10950,0,5293
210698,1,11463,0,3222
210699,1,62545,0,5940
210700,1,2791,0,5902
210701,1,70024,0,5841
210702,1,165860,0,6802
210703,1,15111,0,6821
210704,1,197671,0,5904
210705,1,1056088,0,5744
210706,1,2143,0,5783
210707,1,1451,0,5424
210708,1,15534,0,5123
210709,1,15795,0,4601
210710,1,65256,0,3127
210711,1,61624,0,3156
210712,1,1952,0,2523
210713,1,68787,0,5833
210714,1,1008809,0,5624
210715,1,65646,0,5488
210716,1,2288,0,5078
210717,1,166381,0,4980
210718,1,7180,0,4719
210719,1,16828,0,5131
210720,1,13894,0,4249
210721,1,128657,0,5993
210722,1,71743,0,5445
210723,1,1108259,0,5520
210724,1,4943,0,5295
210725,1,14006,0,5150
210726,1,63077,0,5145
210727,1,60208,0,3236
210728,1,64025,0,2917
210729,1,65555,0,5626
210730,1,63403,0,5587
210731,1,214782,0,4170
210732,1,11995,0,4012
210733,1,2206,0,3279
210734,1,91771,0,6220
210735,1,10312,0,5356
210736,1,1616,0,4927
210737,1,2816575,0,5597
210738,1,59887,0,5050
210739,1,239691,0,4555
210740,1,62327,0,3562
210741,1,2081,0,1356
210742,1,2792165,0,6504
210743,1,166434,0,6066
210744,1,16155,0,6329
210745,1,3097208,0,5514
210746,1,223846,0,5420
210747,1,65786,0,4196
210748,1,224464,0,6367
210749,1,2124695,0,5074
210750,1,301880,0,5816
210751,1,1671876,0,4791
210752,1,52426,0,4772
210753,1,68007,0,4522
210754,1,17103,0,3845
210755,1,3973369,0,6402
210756,1,2098572,0,5782
210757,1,4666828,0,6168
210758,1,64820,0,5324
210759,1,10739,0,5001
210760,1,239354,0,5635
210761,1,70566,0,4572
210762,1,64100,0,5111
210763,1,22267,0,5359
210764,1,146135,0,4821
210765,1,565,0,3573
210766,1,65915,0,3057
210767,1,975198,0,5525
210768,1,210081,0,5818
210769,1,6798,0,5342
210770,1,11696,0,5135
210771,1,66634,0,4738
210772,1,69613,0,4380
210773,1,67546,0,2581
210774,1,8160,0,1472
210775,1,68128,0,1508
210776,1,69882,0,5125
210777,1,4076610,0,5340
210778,1,25202,0,3437
210779,1,2365126,0,5615
210780,1,4772,0,5661
210781,1,9368,0,4953
210782,1,61638,0,4873
210783,1,9213,0,5025
210784,1,10933,0,6633
210785,1,11835,0,6506
210786,1,3510,0,5225
210787,1,64500,0,5329
210788,1,13363,0,5536
210789,1,89003,0,5424
210790,1,58642,0,5029
210791,1,1664793,0,3891
210792,1,12708,0,3871
210793,1,64463,0,3093
210794,1,89890,0,5660
210795,1,71776,0,3761
210796,1,63422,0,6434
210797,1,2020241,0,6167
210798,1,223149,0,6687
210799,1,1674,0,5080
210800,1,15775,0,4404
210801,1,1514,0,5948
210802,1,64098,0,5735
210803,1,214897,0,6366
210804,1,64754,0,5707
210805,1,68663,0,5267
210806,1,902,0,5074
210807,1,64652,0,4623
210808,1,66865,0,4648
210809,1,12521,0,3867
210810,1,4623639,0,4267
210811,1,19413,0,2753
210812,1,68015,0,4403
210813,1,14288,0,4227
210814,1,192084,0,6577
210815,1,11631,0,5842
210816,1,6044,0,5876
210817,1,16706,0,5363
210818,1,9463,0,5448
210819,1,71239,0,4376
210820,1,3159,0,5340
210821,1,1285,0,5080
210822,1,68743,0,2538
210823,1,63150,0,5000
210824,1,15758,0,4402
210825,1,187159,0,5854
210826,1,2440,0,5576
210827,1,143040,0,5962
210828,1,62264,0,5664
210829,1,4249,0,5193
210830,1,1414,0,4942
210831,1,71802,0,6458
210832,1,8114,0,6072
210833,1,15087,0,6149
210834,1,3092267,0,5918
210835,1,11872,0,5536
210836,1,6141,0,5311
210837,1,26840,0,5445
210838,1,13073,0,4375
210839,1,1591,0,4095
210840,1,1982,0,5889
210841,1,3642877,0,5700
210842,1,7061,0,5388
210843,1,16046,0,4822
210844,1,17274,0,4730
210845,1,62709,0,4429
210846,1,14596,0,4246
210847,1,71450,0,3148
210848,1,8196,0,3217
210849,1,69638,0,2954
210850,1,67932,0,2457
210851,1,64725,0,2641
210852,1,2637,0,6633
210853,1,5649,0,5663
210854,1,3325395,0,6384
210855,1,67047,0,5461
210856,1,8868,0,4152
210857,1,231010,0,4358
210858,1,147823,0,4413
210859,1,16009,0,3741
210860,1,57719,0,2870
210861,1,7537,0,4205
210862,1,2219780,0,6514
210863,1,5060648,0,5633
210864,1,63173,0,5248
210865,1,16743,0,4824
210866,1,165500,0,4604
210867,1,13166,0,1835
210868,1,66995,0,6512
210869,1,2571,0,6030
210870,1,68981,0,5910
210871,1,71982,0,5861
210872,1,1905,0,5561
210873,1,90388,0,5320
210874,1,6686,0,5040
210875,1,13225,0,4857
210876,1,7071,0,4603
210877,1,72345,0,3938
210878,1,7961,0,3680
210879,1,100080,0,4023
210880,1,1023463,0,6513
210881,1,2276,0,5231
210882,1,4623629,0,5815
210883,1,3703237,0,6351
210884,1,18485,0,6025
210885,1,9894,0,6459
210886,1,72995,0,5108
210887,1,16529,0,3679
210888,1,17074,0,3513
210889,1,4609902,0,5915
210890,1,65319,0,4617
210891,1,22224,0,5487
210892,1,9979,0,4957
210893,1,11679,0,3790
210894,1,1619597,0,5869
210895,1,133246,0,5629
210896,1,62846,0,5416
210897,1,14232,0,5069
210898,1,64806,0,3807
210899,1,69094,0,2377
210900,1,10661,0,6233
210901,1,3089741,0,5972
210902,1,2152696,0,5482
210903,1,72565,0,5220
210904,1,2593,0,5034
210905,1,19391,0,5627
210906,1,21809,0,4211
210907,1,21453,0,3008
210908,1,18880,0,2376
210909,1,9430,0,6133
210910,1,67075,0,5559
210911,1,3669767,0,5066
210912,1,66560,0,4997
210913,1,13928,0,4927
210914,1,5548,0,5567
210915,1,6030,0,5395
210916,1,2995,0,3953
210917,1,91675,0,6069
210918,1,19194,0,6595
210919,1,9063,0,5699
210920,1,62797,0,5944
210921,1,97496,0,5119
210922,1,101218,0,5250
210923,1,1393329,0,5413
210924,1,12003,0,5001
210925,1,7421,0,4719
210926,1,3078477,0,5358
210927,1,100771,0,5945
210928,1,66826,0,5051
210929,1,3213,0,5635
210930,1,8980,0,4736
210931,1,72261,0,4273
210932,1,21815,0,1339
210933,1,132434,0,5834
210934,1,16594,0,4192
210935,1,68203,0,5921
210936,1,165814,0,6092
210937,1,6892,0,4452
210938,1,69275,0,4342
210939,1,11666,0,3718
210940,1,3094687,0,6522
210941,1,2924,0,6175
210942,1,3090594,0,6049
210943,1,11335,0,5957
210944,1,90313,0,6101
210945,1,72759,0,4973
210946,1,137875,0,5036
210947,1,6218,0,5082
210948,1,63564,0,5053
210949,1,146128,0,4918
210950,1,7972,0,4216
210951,1,69744,0,3773
210952,1,10507,0,2539
210953,1,64446,0,2359
210954,1,17346,0,4769
210955,1,71261,0,3541
210956,1,62174,0,4076
210957,1,9390,0,5950
210958,1,4621083,0,6239
210959,1,1659000,0,6018
210960,1,97166,0,6412
210961,1,68241,0,4937
210962,1,13535,0,5174
210963,1,3217,0,4313
210964,1,14404,0,4164
210965,1,68993,0,3118
210966,1,601,0,6160
210967,1,5922,0,5601
210968,1,63546,0,4443
210969,1,61325,0,6666
210970,1,8177,0,5407
210971,1,7765,0,4425
210972,1,64448,0,6043
210973,1,461,0,5419
210974,1,65074,0,5536
210975,1,3692208,0,5650
210976,1,1546,0,4579
210977,1,6198,0,4821
210978,1,17511,0,5056
210979,1,17657,0,3089
210980,1,18858,0,2124
210981,1,167689,0,5405
210982,1,64000,0,5862
210983,1,61880,0,5884
210984,1,140985,0,5152
210985,1,3089489,0,5441
210986,1,24203,0,5468
210987,1,2597,0,3868
210988,1,18923,0,4508
210989,1,6724,0,3935
210990,1,3565,0,5222
210991,1,246879,0,6589
210992,1,6429,0,5767
210993,1,64236,0,5925
210994,1,3195,0,5475
210995,1,63230,0,5745
210996,1,165468,0,5921
210997,1,1060613,0,5283
210998,1,68721,0,4779
210999,1,68350,0,4110
211000,1,11292,0,4141
211001,1,25066,0,3442
211002,1,85933,0,2908
211003,1,62066,0,2219
211004,1,130673,0,6511
211005,1,9604,0,6367
211006,1,5966,0,5497
211007,1,2618,0,5508
211008,1,64755,0,5361
211009,1,129529,0,5915
211010,1,68113,0,5229
211011,1,12918,0,5833
211012,1,10975,0,5103
211013,1,1030490,0,6232
211014,1,14151,0,5318
211015,1,77897,0,3263
211016,1,5880,0,6087
211017,1,179348,0,6491
211018,1,163494,0,5058
211019,1,16591,0,5409
211020,1,55983,0,5326
211021,1,67813,0,4337
211022,1,19212,0,4117
211023,1,70025,0,2507
211024,1,1307076,0,6095
211025,1,166398,0,4815
211026,1,69591,0,4369
211027,1,66831,0,4332
211028,1,70315,0,4162
211029,1,5061183,0,4466
211030,1,16036,0,4648
211031,1,12776,0,4346
211032,1,17504,0,3936
211033,1,90334,0,2900
211034,1,54216,0,2983
211035,1,65175,0,5704
211036,1,71477,0,4834
211037,1,5328,0,5589
211038,1,128616,0,5872
211039,1,3512,0,5177
211040,1,166901,0,4994
211041,1,68177,0,4746
211042,1,63435,0,5469
211043,1,67120,0,4583
211044,1,13600,0,5068
211045,1,12138,0,4905
211046,1,54728,0,5153
211047,1,165747,0,4951
211048,1,2378,0,4133
211049,1,68223,0,2652
211050,1,7820,0,5312
211051,1,65718,0,3515
211052,1,70724,0,4121
211053,1,67033,0,5568
211054,1,187663,0,5631
211055,1,2190998,0,5447
211056,1,14958,0,5416
211057,1,16057,0,2726
211058,1,17319,0,2605
211059,1,1958,0,5907
211060,1,4683459,0,6405
211061,1,130165,0,5918
211062,1,170032,0,5543
211063,1,161639,0,5534
211064,1,62798,0,5623
211065,1,7916,0,4754
211066,1,988130,0,5971
211067,1,63140,0,5978
211068,1,15481,0,4037
211069,1,72381,0,2902
211070,1,37612,0,2250
211071,1,13586,0,931
211072,1,8584,0,6244
211073,1,9314,0,4967
211074,1,166782,0,5579
211075,1,9199,0,5839
211076,1,1968262,0,5564
211077,1,64377,0,5390
211078,1,64723,0,5084
211079,1,3908313,0,5479
211080,1,8331,0,4878
211081,1,221912,0,4734
211082,1,12120,0,3812
211083,1,9788,0,1321
211084,1,5060736,0,5594
211085,1,4682085,0,2544
211086,1,67855,0,4963
211087,1,63943,0,4227
211088,1,165768,0,5816
211089,1,13113,0,4302
211090,1,3287,0,4316
211091,1,70546,0,5980
211092,1,165310,0,5467
211093,1,2817100,0,5948
211094,1,6991,0,5405
211095,1,2762,0,5109
211096,1,412556,0,5122
211097,1,2028,0,4578
211098,1,3292,0,4586
211099,1,16981,0,4295
211100,1,10321,0,4804
211101,1,179,0,5625
211102,1,6208,0,5083
211103,1,4019,0,4730
211104,1,1941,0,3835
211105,1,14259,0,4102
211106,1,4623619,0,3501
211107,1,165794,0,6368
211108,1,5060936,0,5830
211109,1,255486,0,5104
211110,1,9408,0,4517
211111,1,15790,0,4266
211112,1,18877,0,3045
211113,1,4457,0,6159
211114,1,10748,0,4003
211115,1,174476,0,6296
211116,1,3910927,0,6005
211117,1,10166,0,5320
211118,1,70370,0,4847
211119,1,13420,0,5565
211120,1,5060876,0,4877
211121,1,3078432,0,5268
211122,1,3682910,0,4647
211123,1,71607,0,3840
211124,1,3098650,0,2977
211125,1,137905,0,5282
211126,1,5060671,0,5018
211127,1,67504,0,4608
211128,1,7239,0,4615
211129,1,419686,0,4627
211130,1,3599430,0,3027
211131,1,5060804,0,5501
211132,1,67747,0,5266
211133,1,166207,0,5516
211134,1,11118,0,2167
211135,1,14526,0,1181
211136,1,424,0,5492
211137,1,5060607,0,5137
211138,1,63368,0,5525
211139,1,133130,0,5599
211140,1,63974,0,5329
211141,1,67361,0,4803
211142,1,64530,0,4910
211143,1,71941,0,3056
211144,1,17515,0,3229
211145,1,3876360,0,5417
211146,1,72683,0,4359
211147,1,66648,0,2489
211148,1,63631,0,5280
211149,1,15999,0,5502
211150,1,128986,0,4885
211151,1,14800,0,3658
211152,1,2412511,0,5720
211153,1,66604,0,5966
211154,1,885,0,5903
211155,1,72878,0,5595
211156,1,64150,0,5570
211157,1,2124777,0,5293
211158,1,2005139,0,5298
211159,1,8599,0,5100
211160,1,65323,0,5287
211161,1,7076,0,4981
211162,1,2802353,0,4829
211163,1,1979,0,3710
211164,1,312,0,3515
211165,1,59880,0,3635
211166,1,3416,0,3204
211167,1,68712,0,2489
211168,1,2161773,0,4935
211169,1,12342,0,2682
211170,1,4375,0,5812
211171,1,3684505,0,5019
211172,1,59737,0,4919
211173,1,13953,0,4077
211174,1,63598,0,3923
211175,1,3075236,0,4256
211176,1,17409,0,3030
211177,1,3743,0,2216
211178,1,1566225,0,5852
211179,1,1092512,0,4441
211180,1,1175,0,5242
211181,1,14498,0,5150
211182,1,12465,0,4877
211183,1,2767,0,4174
211184,1,90358,0,3168
211185,1,65252,0,5709
211186,1,69531,0,4581
211187,1,19923,0,4535
211188,1,132104,0,6266
211189,1,2416,0,5589
211190,1,73127,0,5096
211191,1,4168,0,4842
211192,1,1860657,0,4955
211193,1,14186,0,4535
211194,1,20979,0,4586
211195,1,5580,0,5788
211196,1,3446,0,5069
211197,1,9799,0,4976
211198,1,1768,0,4825
211199,1,25733,0,5655
211200,1,11124,0,4305
211201,1,597851,0,4765
211202,1,227641,0,4619
211203,1,13174,0,4222
211204,1,13091,0,4226
211205,1,270355,0,4173
211206,1,20551,0,1895
211207,1,4076383,0,6217
211208,1,614066,0,5967
211209,1,161238,0,5177
211210,1,61412,0,4866
211211,1,11807,0,3708
211212,1,8778,0,5913
211213,1,72632,0,5648
211214,1,2800923,0,5701
211215,1,2312,0,5156
211216,1,165376,0,5271
211217,1,11304,0,5175
211218,1,129670,0,5739
211219,1,3878973,0,5146
211220,1,60527,0,4271
211221,1,70098,0,2731
211222,1,5060684,0,5128
211223,1,67339,0,4427
211224,1,3092505,0,3895
211225,1,69132,0,3264
211226,1,64954,0,5418
211227,1,3599,0,5135
211228,1,1142,0,5125
211229,1,16166,0,5606
211230,1,62793,0,5236
211231,1,5923,0,5981
211232,1,87942,0,5836
211233,1,66847,0,5279
211234,1,1961582,0,5311
211235,1,1907,0,4803
211236,1,90392,0,3842
211237,1,14505,0,4181
211238,1,62746,0,2668
211239,1,486652,0,4773
211240,1,374673,0,4700
211241,1,15662,0,6035
211242,1,4078199,0,5509
211243,1,1560806,0,5116
211244,1,410763,0,5228
211245,1,14559,0,5038
211246,1,11691,0,4716
211247,1,64670,0,3757
211248,1,67839,0,2405
211249,1,22338,0,1316
211250,1,1339115,0,5927
211251,1,2817237,0,5725
211252,1,87816,0,5710
211253,1,3171,0,4640
211254,1,67907,0,4128
211255,1,8304,0,4112
211256,1,1060056,0,5591
211257,1,5879,0,5640
211258,1,2434,0,5112
211259,1,5060786,0,5616
211260,1,5060705,0,5259
211261,1,223084,0,5477
211262,1,2945,0,5462
211263,1,71102,0,4054
211264,1,64586,0,3561
211265,1,13952,0,4089
211266,1,23623,0,4486
211267,1,166902,0,3499
211268,1,16585,0,3956
211269,1,66573,0,3551
211270,1,7577,0,3233
211271,1,307,0,2711
211272,1,15767,0,4954
211273,1,67158,0,3121
211274,1,61955,0,5713
211275,1,66554,0,4742
211276,1,2133,0,4779
211277,1,60914,0,5322
211278,1,19996,0,2846
211279,1,72503,0,5563
211280,1,174111,0,5287
211281,1,3081194,0,5865
211282,1,8146,0,4766
211283,1,60290,0,4136
211284,1,65079,0,5035
211285,1,4077443,0,5567
211286,1,14901,0,5144
211287,1,162316,0,4778
211288,1,12379,0,4508
211289,1,1051,0,3900
211290,1,15973,0,4118
211291,1,90281,0,3791
211292,1,21660,0,3116
211293,1,6301,0,4752
211294,1,5951,0,5706
211295,1,1080889,0,5548
211296,1,68877,0,4659
211297,1,2356,0,3860
211298,1,18000,0,3223
211299,1,93536,0,6203
211300,1,9839,0,5265
211301,1,14840,0,4426
211302,1,97503,0,6006
211303,1,71203,0,5647
211304,1,5060814,0,5196
211305,1,60703,0,5204
211306,1,64963,0,3373
211307,1,9623,0,5848
211308,1,14483,0,5514
211309,1,1486,0,5029
211310,1,63359,0,3885
211311,1,132070,0,5751
211312,1,8829,0,4860
211313,1,15922,0,5426
211314,1,11699,0,4113
211315,1,69677,0,2266
211316,1,14380,0,5115
211317,1,5139,0,2173
211318,1,3082943,0,5467
211319,1,87415,0,5656
211320,1,9703,0,5255
211321,1,72305,0,5070
211322,1,1527,0,4965
211323,1,67786,0,4699
211324,1,7400,0,3736
211325,1,14564,0,3410
211326,1,67578,0,5519
211327,1,65811,0,5252
211328,1,4127,0,3749
211329,1,71281,0,4989
211330,1,143022,0,3860
211331,1,68469,0,2314
211332,1,5720,0,5836
211333,1,3929280,0,5774
211334,1,161899,0,5908
211335,1,12496,0,5431
211336,1,1929,0,4939
211337,1,2262140,0,4957
211338,1,4265,0,4749
211339,1,101210,0,4990
211340,1,62766,0,4654
211341,1,21706,0,5001
211342,1,9923,0,4232
211343,1,64923,0,3932
211344,1,2308,0,3499
211345,1,68198,0,2854
211346,1,14814,0,1309
211347,1,141840,0,5465
211348,1,3934435,0,5563
211349,1,170014,0,5603
211350,1,3082885,0,5645
211351,1,3461,0,5349
211352,1,3094745,0,4869
211353,1,64344,0,5248
211354,1,12121,0,5437
211355,1,414149,0,5133
211356,1,291726,0,5709
211357,1,2986,0,4842
211358,1,5060743,0,5193
211359,1,72870,0,4023
211360,1,13559,0,4870
211361,1,57151,0,3671
211362,1,5643,0,2515
211363,1,9988,0,2349
211364,1,22210,0,1133
211365,1,72074,0,5150
211366,1,165346,0,4780
211367,1,62599,0,4486
211368,1,51013,0,2741
211369,1,13948,0,5721
211370,1,3903098,0,5990
211371,1,72020,0,5349
211372,1,10740,0,5411
211373,1,2679,0,5502
211374,1,1058841,0,5417
211375,1,14421,0,5331
211376,1,5060849,0,5338
211377,1,177911,0,5628
211378,1,3108,0,4727
211379,1,63467,0,5200
211380,1,72790,0,4528
211381,1,147422,0,4590
211382,1,10587,0,3889
211383,1,29202,0,1991
211384,1,143569,0,5594
211385,1,726319,0,5692
211386,1,9605,0,5544
211387,1,67925,0,5235
211388,1,63746,0,5231
211389,1,11103,0,4371
211390,1,5060942,0,5368
211391,1,128029,0,5429
211392,1,1337588,0,4993
211393,1,2491615,0,4628
211394,1,8520,0,4596
211395,1,167780,0,4346
211396,1,9516,0,4384
211397,1,3087876,0,5262
211398,1,9248,0,5353
211399,1,66812,0,2443
211400,1,1030,0,5333
211401,1,170019,0,5138
211402,1,658146,0,4790
211403,1,8268,0,5363
211404,1,2788,0,5252
211405,1,71753,0,3489
211406,1,2433,0,3522
211407,1,16034,0,5356
211408,1,127809,0,4652
211409,1,2246,0,4288
211410,1,17434,0,4650
211411,1,8553,0,4150
211412,1,10913,0,5289
211413,1,7161,0,4998
211414,1,6275,0,2712
211415,1,16033,0,4745
211416,1,18856,0,5226
211417,1,1199,0,4591
211418,1,281344,0,5332
211419,1,16,0,5434
211420,1,16321,0,4609
211421,1,5866,0,5286
211422,1,134896,0,4705
211423,1,63060,0,5141
211424,1,65313,0,4213
211425,1,2128747,0,5194
211426,1,16808,0,3627
211427,1,87395,0,5486
211428,1,14851,0,3561
211429,1,7714,0,4533
211430,1,14557,0,4079
211431,1,71672,0,5426
211432,1,1041050,0,5154
211433,1,62710,0,3827
211434,1,71134,0,4010
211435,1,64558,0,4657
211436,1,10067,0,5186
211437,1,3891364,0,5170
211438,1,3926650,0,5431
211439,1,92488,0,4644
211440,1,4934,0,3311
211441,1,29141,0,2383
211442,1,3680178,0,4098
211443,1,1676,0,5323
211444,1,74300,0,5307
211445,1,17058,0,4568
211446,1,8629,0,4125
211447,1,71972,0,4955
211448,1,62749,0,4426
211449,1,473735,0,4744
211450,1,70048,0,4493
211451,1,170024,0,5406
211452,1,419115,0,4791
211453,1,72001,0,1664
211454,1,2163882,0,4851
211455,1,1130,0,2937
211456,1,3087800,0,5445
211457,1,16920,0,5032
211458,1,147986,0,3203
211459,1,13402,0,4184
211460,1,71883,0,2202
211461,1,284880,0,4957
211462,1,63657,0,5508
211463,1,16949,0,2605
211464,1,138755,0,4467
211465,1,3090269,0,5152
211466,1,12626,0,2013
211467,1,148105,0,4374
211468,1,344427,0,5319
211469,1,6061,0,4041
211470,1,1328995,0,5404
211471,1,66566,0,2298
211472,1,1109,0,3655
211473,1,63819,0,4757
211474,1,6718,0,5009
211475,1,17056,0,2861
211476,1,64424,0,5683
211477,1,3978349,0,4825
211478,1,438638,0,5681
211479,1,10942,0,2853
211480,1,2812,0,3817
211481,1,65019,0,3358
211482,1,69349,0,2475
211483,1,3677,0,5151
211484,1,3662,0,4325
211485,1,4621107,0,5686
211486,1,72427,0,4964
211487,1,18879,0,4805
211488,1,1252,0,4531
211489,1,5060803,0,5034
211490,1,134123,0,4811
211491,1,9091,0,5043
211492,1,216800,0,5043
211493,1,14943,0,4276
211494,1,1074041,0,5398
211495,1,90001,0,4550
211496,1,1578957,0,3873
211497,1,68710,0,3508
211498,1,6053,0,4916
211499,1,165409,0,4549
211500,1,16672,0,3126
211501,1,90374,0,4560
211502,1,69651,0,2711
211503,1,17338,0,4457
211504,1,69061,0,3393
211505,1,23858,0,5508
211506,1,275519,0,4684
211507,1,16058,0,4374
211508,1,7649,0,4518
211509,1,61246,0,4690
211510,1,68428,0,5294
211511,1,11214,0,4514
211512,1,69521,0,1526
211513,1,66396,0,4466
211514,1,67248,0,3208
211515,1,3015,0,5336
211516,1,68549,0,4664
211517,1,3082714,0,4833
211518,1,70287,0,2844
211519,1,64351,0,4684
211520,1,6985,0,5155
211521,1,130553,0,5010
211522,1,26383,0,3552
211523,1,5310,0,5121
211524,1,63082,0,5210
211525,1,5060524,0,4073
211526,1,17975,0,1997
211527,1,89923,0,4886
211528,1,60554,0,2773
211529,1,5321,0,3864
211530,1,166724,0,5175
211531,1,70593,0,4321
211532,1,4948,0,2221
211533,1,278540,0,5252
211534,1,2756,0,4794
211535,1,170057,0,4821
211536,1,71826,0,4922
211537,1,69439,0,4421
211538,1,5060922,0,5110
211539,1,5061091,0,5475
211540,1,58210,0,4802
211541,1,5440,0,3790
211542,1,5591,0,5322
211543,1,6232,0,4887
211544,1,67018,0,2546
211545,1,166742,0,5357
211546,1,127961,0,5586
211547,1,1518,0,3132
211548,1,6442,0,5210
211549,1,2575,0,5029
211550,1,100768,0,4350
211551,1,73154,0,3542
211552,1,5060821,0,4932
211553,1,68389,0,1649
211554,1,67128,0,4568
211555,1,9460,0,5044
211556,1,7455,0,4604
211557,1,23013,0,4609
211558,1,71474,0,4501
211559,1,14910,0,2783
211560,1,1072600,0,5436
211561,1,132364,0,5131
211562,1,11479,0,1224
211563,1,72397,0,4579
211564,1,63245,0,4431
211565,1,20301,0,3835
211566,1,1584225,0,5235
211567,1,97103,0,5073
211568,1,2816613,0,5330
211569,1,128109,0,5320
211570,1,69170,0,3371
211571,1,9172,0,2893
211572,1,19970,0,2871
211573,1,97063,0,5007
211574,1,6172,0,3038
211575,1,18070,0,4041
211576,1,86282,0,4137
211577,1,70043,0,4423
211578,1,68861,0,3795
211579,1,5829,0,3615
211580,1,2817232,0,5549
211581,1,4488,0,4470
211582,1,68391,0,3746
211583,1,7292,0,4466
211584,1,10220,0,4996
211585,1,70128,0,1381
211586,1,134188,0,4646
211587,1,3914320,0,4506
211588,1,972064,0,5085
211589,1,1088718,0,5163
211590,1,2817116,0,5238
211591,1,2342,0,4976
211592,1,8717,0,4617
211593,1,3092788,0,5277
211594,1,6184,0,4900
211595,1,14914,0,4827
211596,1,64494,0,4536
211597,1,2816251,0,5293
211598,1,17015,0,3535
211599,1,170025,0,4747
211600,1,8417,0,4722
211601,1,3890311,0,5395
211602,1,7556,0,4469
211603,1,2642,0,3487
211604,1,70818,0,4648
211605,1,29860,0,4062
211606,1,13464,0,4027
211607,1,165749,0,3411
211608,1,71166,0,4620
211609,1,5060978,0,5105
211610,1,72019,0,4930
211611,1,127861,0,4905
211612,1,67238,0,4480
211613,1,64545,0,4501
211614,1,16494,0,3470
211615,1,11264,0,2988
211616,1,19030,0,2433
211617,1,72454,0,4236
211618,1,4078144,0,4923
211619,1,1047211,0,5142
211620,1,3096846,0,5191
211621,1,2542248,0,4702
211622,1,3698873,0,4658
211623,1,6007,0,2890
211624,1,75997,0,2980
211625,1,65766,0,4846
211626,1,28816,0,5333
211627,1,65109,0,3167
211628,1,2481777,0,5037
211629,1,70265,0,3125
211630,1,65007,0,3764
211631,1,5061291,0,3154
211632,1,3083102,0,5226
211633,1,15220,0,4840
211634,1,77197,0,3836
211635,1,27458,0,2368
211636,1,68332,0,5129
211637,1,64766,0,3504
211638,1,100042,0,2978
211639,1,18794,0,2108
211640,1,68411,0,3053
211641,1,29171,0,2126
211642,1,70080,0,4127
211643,1,227902,0,4836
211644,1,4077639,0,4680
211645,1,23237,0,2965
211646,1,71868,0,2446
211647,1,63577,0,4194
211648,1,23835,0,4431
211649,1,271427,0,5292
211650,1,20754,0,4540
211651,1,5061161,0,3881
211652,1,70693,0,4975
211653,1,3921734,0,4542
211654,1,3564,0,4607
211655,1,1799472,0,4913
211656,1,61712,0,3558
211657,1,71712,0,4914
211658,1,2194668,0,4348
211659,1,133945,0,4738
211660,1,62022,0,3106
211661,1,7306,0,4214
211662,1,15375,0,4313
211663,1,312188,0,4467
211664,1,16021,0,4567
211665,1,71729,0,1805
211666,1,14625,0,4980
211667,1,7768,0,3655
211668,1,66460,0,4912
211669,1,3080786,0,3799
211670,1,1068334,0,4832
211671,1,13601,0,4039
211672,1,1634,0,3714
211673,1,16898,0,3701
211674,1,132461,0,4844
211675,1,61848,0,4681
211676,1,12780,0,3452
211677,1,7980,0,4636
211678,1,7538,0,3489
211679,1,235897,0,3064
211680,1,12195,0,4621
211681,1,70557,0,4076
211682,1,6235,0,4045
211683,1,9123,0,4521
211684,1,1114,0,4170
211685,1,214755,0,4597
211686,1,69518,0,4450
211687,1,8109,0,4295
211688,1,1123,0,4839
211689,1,1750271,0,4543
211690,1,69967,0,2837
211691,1,71619,0,4243
211692,1,7940,0,4820
211693,1,8974,0,2051
211694,1,65089,0,3286
211695,1,67495,0,4996
211696,1,71632,0,4852
211697,1,68619,0,4650
211698,1,3920915,0,4381
211699,1,7618,0,3794
211700,1,71516,0,4708
211701,1,2269,0,4972
211702,1,10007,0,4922
211703,1,9204,0,4718
211704,1,1180,0,3815
211705,1,2817076,0,4985
211706,1,1589183,0,4670
211707,1,7212,0,4278
211708,1,68096,0,627
211709,1,15179,0,2347
211710,1,4562,0,3906
211711,1,17341,0,4774
211712,1,7442,0,4657
211713,1,66282,0,4837
211714,1,218,0,703
211715,1,65035,0,4765
211716,1,13922,0,4799
211717,1,75258,0,4836
211718,1,21429,0,3294
211719,1,5077,0,5089
211720,1,17545,0,4712
211721,1,17395,0,2764
211722,1,15850,0,1604
211723,1,90033,0,3189
211724,1,55427,0,2824
211725,1,4667717,0,4806
211726,1,11846,0,2840
211727,1,187068,0,4403
211728,1,7544,0,1097
211729,1,10032,0,4513
211730,1,70413,0,3771
211731,1,2262555,0,4816
211732,1,2976,0,4894
211733,1,100128,0,4858
211734,1,3897,0,4748
211735,1,1914,0,4042
211736,1,10965,0,1898
211737,1,7406,0,4540
211738,1,70518,0,4483
211739,1,11628,0,4106
211740,1,71915,0,4645
211741,1,149421,0,4811
211742,1,2801768,0,4670
211743,1,68511,0,2157
211744,1,3897157,0,4509
211745,1,58742,0,2176
211746,1,13951,0,3658
211747,1,90333,0,2884
211748,1,19811,0,1296
211749,1,13130,0,1586
211750,1,5619,0,1371
211751,1,16646,0,4228
211752,1,2169,0,4619
211753,1,67171,0,4698
211754,1,2037,0,4294
211755,1,3089194,0,4695
211756,1,21375,0,1155
211757,1,219417,0,4963
211758,1,4634,0,4802
211759,1,67215,0,3155
211760,1,3442487,0,4427
211761,1,5535,0,3481
211762,1,90131,0,3587
211763,1,62976,0,4846
211764,1,3629,0,4734
211765,1,2195,0,3965
211766,1,69214,0,4726
211767,1,3894686,0,4862
211768,1,12797,0,3562
211769,1,6993,0,1455
211770,1,13147,0,4389
211771,1,138015,0,4405
211772,1,17174,0,1831
211773,1,36094,0,4017
211774,1,87843,0,4447
211775,1,138743,0,4128
211776,1,71394,0,3288
211777,1,8631,0,1307
211778,1,11756,0,4466
211779,1,21690,0,3061
211780,1,69253,0,1124
211781,1,2163686,0,4795
211782,1,1042134,0,4513
211783,1,67109,0,3771
211784,1,15273,0,4252
211785,1,12131,0,1988
211786,1,1615,0,4091
211787,1,11592,0,4055
211788,1,13426,0,4034
211789,1,8312,0,4590
211790,1,19417,0,1635
211791,1,3644568,0,4975
211792,1,16676,0,3860
211793,1,17574,0,3127
211794,1,8678,0,2769
211795,1,2816199,0,4504
211796,1,4443,0,4705
211797,1,70037,0,3462
211798,1,20317,0,3140
211799,1,13075,0,4211
211800,1,68826,0,2248
211801,1,62621,0,4222
211802,1,70702,0,3161
211803,1,26600,0,4811
211804,1,148392,0,4937
211805,1,14175,0,4052
211806,1,9148,0,3922
211807,1,69898,0,3162
211808,1,16341,0,3836
211809,1,1517029,0,4701
211810,1,61264,0,2822
211811,1,70981,0,3775
211812,1,67058,0,4773
211813,1,3905068,0,2793
211814,1,72907,0,4132
211815,1,1986,0,4636
211816,1,5742,0,3474
211817,1,148140,0,4076
211818,1,83474,0,3197
211819,1,1706346,0,4515
211820,1,148055,0,4891
211821,1,17455,0,4026
211822,1,67218,0,3239
211823,1,3905610,0,4630
211824,1,133053,0,4536
211825,1,97246,0,4146
211826,1,18117,0,4588
211827,1,15024,0,4340
211828,1,1375346,0,4268
211829,1,63471,0,2918
211830,1,2021,0,4312
211831,1,10142,0,4548
211832,1,71118,0,3299
211833,1,51613,0,2320
211834,1,17646,0,3939
211835,1,213238,0,4453
211836,1,67394,0,4507
211837,1,2052,0,1254
211838,1,72687,0,3441
211839,1,146069,0,4783
211840,1,62720,0,4090
211841,1,4315,0,3899
211842,1,2394,0,3683
211843,1,5634,0,2851
211844,1,10601,0,4558
211845,1,3091520,0,4529
211846,1,5060856,0,4245
211847,1,4557,0,3442
211848,1,90034,0,2236
211849,1,16861,0,2840
211850,1,11368,0,2313
211851,1,4286,0,4623
211852,1,185558,0,4283
211853,1,14558,0,1462
211854,1,66618,0,4486
211855,1,63181,0,3878
211856,1,70755,0,4213
211857,1,50242,0,2808
211858,1,132125,0,4483
211859,1,17702,0,3065
211860,1,72302,0,3831
211861,1,12117,0,3040
211862,1,68349,0,4075
211863,1,13889,0,4251
211864,1,64307,0,2377
211865,1,132486,0,4350
211866,1,8318,0,4352
211867,1,64822,0,3263
211868,1,11774,0,2297
211869,1,17969,0,2413
211870,1,1882530,0,3843
211871,1,68996,0,2614
211872,1,63988,0,3560
211873,1,3920043,0,4120
211874,1,66850,0,3167
211875,1,9300,0,3605
211876,1,3087878,0,3756
211877,1,963,0,3626
211878,1,68696,0,4296
211879,1,2817114,0,4490
211880,1,2905,0,4312
211881,1,67816,0,2286
211882,1,21011,0,3078
211883,1,12471,0,1990
211884,1,66113,0,2487
211885,1,4524,0,1746
211886,1,70953,0,3978
211887,1,64436,0,3346
211888,1,5061157,0,3229
211889,1,14609,0,2962
211890,1,10789,0,2386
211891,1,14574,0,4416
211892,1,66427,0,3209
211893,1,7917,0,3266
211894,1,16754,0,4669
211895,1,12956,0,2328
211896,1,64554,0,2411
211897,1,70784,0,4067
211898,1,165856,0,3243
211899,1,17819,0,957
211900,1,20670,0,3611
211901,1,67379,0,1355
211902,1,66522,0,4079
211903,1,2122,0,3558
211904,1,943600,0,3671
211905,1,3613404,0,4489
211906,1,68870,0,1491
211907,1,65714,0,3797
211908,1,6256,0,4398
211910,1,4077774,0,4305
211911,1,96598,0,4080
211912,1,2138,0,3022
211913,1,90298,0,2646
211914,1,17891,0,2134
211915,1,63160,0,4298
211916,1,15981,0,3916
211917,1,9023,0,3889
211919,1,89048,0,4381
211920,1,67055,0,3771
211921,1,15814,0,4468
211922,1,7530,0,3027
211923,1,96472,0,3486
211924,1,62830,0,2655
211925,1,4785,0,1831
211926,1,3700089,0,1434
211927,1,12633,0,2564
211928,1,3943,0,4435
211929,1,68345,0,2313
211930,1,11204,0,3280
211931,1,65797,0,2830
211932,1,1729014,0,3057
211933,1,65484,0,4326
211934,1,68127,0,3688
211935,1,58549,0,1636
211936,1,19360,0,2866
211937,1,71850,0,2719
211938,1,60435,0,4138
211939,1,8232,0,1664
211940,1,71704,0,3275
211941,1,1288,0,3380
211942,1,133826,0,4141
211943,1,2213293,0,3468
211944,1,5060964,0,4162
211945,1,65657,0,3545
211946,1,4609898,0,4424
211947,1,90405,0,4135
211948,1,12041,0,1556
211949,1,71703,0,3705
211950,1,64974,0,2437
211951,1,71910,0,2766
211952,1,64605,0,2860
211953,1,64821,0,3734
211954,1,3082718,0,4031
211955,1,66471,0,2587
211956,1,13761,0,3280
211957,1,62183,0,3981
211958,1,178263,0,3739
211959,1,21343,0,3178
211961,1,17243,0,3017
211962,1,3994639,0,3115
211964,1,64506,0,2899
211965,1,64140,0,2104
211966,1,11242,0,3445
211967,1,874029,0,3304
211968,1,58516,0,2587
211969,1,5126,0,3966
211970,1,3971,0,3768
211971,1,17229,0,3193
211972,1,11420,0,1495
211973,1,17665,0,3062
211974,1,70427,0,2683
211975,1,20249,0,2321
211976,1,14853,0,3691
211977,1,20920,0,3333
211978,1,63833,0,2084
211979,1,179821,0,3935
211980,1,19255,0,2882
211981,1,71133,0,1272
211982,1,25761,0,1822
211983,1,18437,0,1331
211984,1,9972,0,3494
211985,1,67069,0,2929
211986,1,5060909,0,3908
211987,1,71288,0,3578
211988,1,61355,0,2754
211989,1,18855,0,848
211990,1,69734,0,2179
211991,1,20956,0,2121
211992,1,65778,0,3931
211993,1,71087,0,3211
211994,1,16994,0,3385
211995,1,3920523,0,3858
211996,1,66767,0,2516
211997,1,97055,0,2903
211998,1,206455,0,3566
211999,1,10873,0,3201
212000,1,5873,0,4228
212001,1,4683573,0,3761
212002,1,129313,0,3527
212003,1,7835,0,3704
212004,1,21586,0,3016
212005,1,4666776,0,3619
212006,1,66331,0,3171
212007,1,64464,0,2429
212008,1,9236,0,1265
212009,1,22174,0,1864
212010,1,70569,0,1349
212011,1,18581,0,2161
212012,1,16477,0,3464
212013,1,9031,0,314
212014,1,65670,0,3960
212015,1,576609,0,3054
212016,1,11771,0,2695
212017,1,68249,0,2397
212018,1,70779,0,3212
212019,1,10272,0,1332
212020,1,67626,0,3098
212021,1,70060,0,2981
212022,1,6503,0,3635
212023,1,19265,0,2873
212024,1,64833,0,3465
212025,1,71846,0,3806
212026,1,15600,0,3563
212027,1,16688,0,3012
212028,1,951794,0,3086
212029,1,7849,0,1838
212030,1,1977,0,2690
212031,1,3572,0,1307
212032,1,5060565,0,3060
212033,1,170431,0,3380
212034,1,63203,0,3408
212035,1,9485,0,2191
212036,1,90106,0,3455
212037,1,18388,0,1652
212038,1,15950,0,3461
212039,1,931808,0,3143
212040,1,6145,0,2900
212041,1,65289,0,3214
212042,1,15821,0,775
212043,1,71172,0,3266
212044,1,33898,0,3442
212045,1,19558,0,2978
212046,1,165962,0,3592
212047,1,68401,0,2486
212048,1,66891,0,2961
212049,1,70396,0,2511
212050,1,11782,0,3027
212051,1,66048,0,3854
212052,1,70492,0,3561
212053,1,1427550,0,3449
212054,1,11359,0,2157
212055,1,70057,0,2862
212056,1,145438,0,3876
212057,1,66784,0,1615
212058,1,6318,0,563
212059,1,62980,0,3642
212060,1,10313,0,1907
212061,1,8788,0,3387
212062,1,25373,0,1887
212063,1,147828,0,2734
212064,1,68199,0,1349
212065,1,14450,0,3442
212066,1,18848,0,2980
212067,1,60311,0,1958
212068,1,71955,0,3231
212069,1,166727,0,3473
212070,1,69448,0,2611
212071,1,71784,0,1856
212072,1,68942,0,2563
212073,1,13324,0,1652
212074,1,66740,0,2043
212075,1,66545,0,2909
212076,1,16599,0,1341
212077,1,6581,0,1290
212078,1,31600,0,2116
212079,1,8537,0,3202
212080,1,1855,0,3209
212081,1,15455,0,1886
212082,1,67823,0,794
212083,1,3526,0,1683
212084,1,2816473,0,3435
212085,1,8368,0,2869
212086,1,4979,0,2063
212087,1,61435,0,3314
212088,1,70813,0,3247
212089,1,28015,0,3108
212090,1,70184,0,1024
212091,1,14163,0,1042
212092,1,1987458,0,3600
212093,1,63443,0,3159
212094,1,18445,0,2325
212095,1,19861,0,2211
212096,1,13090,0,1006
212097,1,67744,0,3622
212098,1,70502,0,3142
212099,1,170063,0,2813
212100,1,68442,0,1098
212101,1,3097194,0,2963
212102,1,68080,0,2379
212103,1,68329,0,2019
212104,1,71049,0,3468
212105,1,66236,0,2287
212106,1,70966,0,2488
212107,1,68875,0,2286
212108,1,6249,0,2487
212109,1,19234,0,2418
212110,1,18369,0,3052
212111,1,64548,0,3126
212112,1,65299,0,2556
212113,1,11511,0,3213
212114,1,58968,0,3004
212115,1,20294,0,2503
212116,1,68120,0,2384
212117,1,71716,0,1334
212118,1,2228,0,2784
212119,1,14773,0,1132
212120,1,12285,0,1266
212121,1,17030,0,1933
212122,1,11648,0,1424
212123,1,11453,0,2951
212124,1,17651,0,3109
212125,1,66239,0,2420
212126,1,474,0,1278
212127,1,14514,0,1732
212128,1,68134,0,2827
212129,1,129238,0,3177
212130,1,8896,0,2130
212131,1,64488,0,2449
212132,1,17433,0,1380
212133,1,13548,0,2064
212134,1,2816456,0,2406
212135,1,71844,0,2146
212136,1,5638,0,2548
212137,1,13716,0,1514
212138,1,145875,0,2509
212139,1,72983,0,2127
212140,1,78886,0,3148
212141,1,15109,0,1308
212142,1,12916,0,1092
212143,1,2800919,0,2624
212144,1,67045,0,673
212145,1,819710,0,2701
212146,1,5974,0,359
212147,1,21232,0,1728
212148,1,68686,0,2402
212149,1,60661,0,2827
212150,1,69161,0,1865
212151,1,70243,0,1935
212152,1,66055,0,2150
212153,1,1665,0,1789
212154,1,61146,0,2757
212155,1,55799,0,2767
212156,1,2802,0,1315
212157,1,5998,0,2906
212158,1,15749,0,1690
212159,1,70582,0,1414
212160,1,63536,0,1839
212161,1,4077289,0,3126
212162,1,204357,0,3004
212163,1,69999,0,2731
212164,1,5990,0,2271
212165,1,10080,0,2561
212166,1,25169,0,1608
212167,1,66078,0,2159
212168,1,67737,0,2687
212169,1,68583,0,2258
212170,1,66003,0,487
212171,1,5382,0,2297
212172,1,76930,0,2517
212173,1,5363,0,2360
212174,1,68338,0,1713
212175,1,4078339,0,1907
212176,1,230353,0,2599
212177,1,12286,0,442
212178,1,67890,0,1166
212179,1,64235,0,2788
212180,1,67552,0,2098
212181,1,20046,0,1318
212182,1,69443,0,1882
212183,1,71728,0,1934
212184,1,8480,0,2259
212185,1,65775,0,1234
212186,1,19472,0,2187
212187,1,97148,0,2600
212188,1,14762,0,1503
212189,1,6598,0,1168
212190,1,69375,0,2537
212191,1,68661,0,2036
212192,1,18705,0,2454
212193,1,71800,0,1919
212194,1,4921,0,1943
212195,1,65960,0,1132
212196,1,18259,0,1846
212197,1,68727,0,2450
212198,1,70806,0,2577
212199,1,3980,0,1445
212200,1,161723,0,2496
212201,1,11836,0,980
212202,1,16983,0,1498
212203,1,9658,0,1884
212204,1,59635,0,1553
212205,1,70840,0,1851
212206,1,17323,0,2196
212207,1,929,0,1512
212208,1,68220,0,2102
212209,1,71720,0,2171
212210,1,7262,0,1386
212211,1,34147,0,1509
212212,1,14190,0,1237
212213,1,4075665,0,1459
212214,1,20531,0,1271
212215,1,71531,0,1713
212216,1,3219,0,2363
212217,1,70304,0,933
212218,1,63395,0,1856
212219,1,64706,0,2389
212220,1,9987,0,1252
212221,1,67617,0,2208
212222,1,10041,0,1257
212223,1,19785,0,2138
212224,1,13931,0,1439
212225,1,9899,0,696
212226,1,15649,0,1543
212227,1,2710,0,1365
212228,1,16911,0,1459
212229,1,68266,0,1980
212230,1,69126,0,1629
212231,1,20400,0,1071
212232,1,16617,0,1049
212233,1,63566,0,1229
212234,1,55293,0,2351
212235,1,67634,0,1689
212236,1,8673,0,1673
212237,1,18066,0,2089
212238,1,146604,0,2449
212239,1,64060,0,1970
212240,1,70175,0,2213
212241,1,70407,0,1424
212242,1,1160,0,807
212243,1,8566,0,1906
212244,1,68140,0,2313
212245,1,13976,0,1630
212246,1,11851,0,1155
212247,1,13470,0,408
212248,1,135126,0,1932
212249,1,13569,0,1570
212250,1,3853,0,807
212251,1,16120,0,1051
212252,1,13871,0,1487
212253,1,4367,0,841
212254,1,4540,0,1446
212255,1,4266,0,1391
212256,1,16289,0,2082
212257,1,62008,0,1788
212258,1,9273,0,1359
212259,1,70258,0,472
212260,1,5061160,0,1424
212261,1,7024,0,1255
212262,1,14106,0,1316
212263,1,71828,0,1467
212264,1,4614987,0,2031
212265,1,11984,0,1097
212266,1,8397,0,1307
212267,1,10051,0,769
212268,1,71838,0,1828
212269,1,68718,0,1495
212270,1,144017,0,1933
212271,1,69947,0,1250
212272,1,3051,0,369
212273,1,10966,0,1291
212274,1,71646,0,2015
212275,1,5232,0,1317
212276,1,11367,0,1447
212277,1,4612,0,1675
212278,1,213274,0,1457
212279,1,9510,0,1685
212280,1,13926,0,1431
212281,1,17662,0,1379
212282,1,12798,0,1735
212283,1,16567,0,1337
212284,1,17822,0,1235
212285,1,1924,0,1744
212286,1,11202,0,1475
212287,1,2478,0,1195
212288,1,64752,0,1398
212289,1,14409,0,759
212290,1,15315,0,1469
212291,1,12807,0,1000
212292,1,63456,0,1707
212293,1,1771,0,1852
212294,1,12962,0,1662
212295,1,17978,0,976
212296,1,9332,0,326
212297,1,65603,0,520
212298,1,82565,0,1928
212299,1,72003,0,1666
212300,1,72178,0,1221
212301,1,13512,0,1491
212302,1,13912,0,932
212303,1,68285,0,797
212304,1,63803,0,1405
212305,1,14022,0,1103
212306,1,16517,0,745
212307,1,170437,0,1429
212308,1,3669554,0,786
212309,1,69011,0,1505
212310,1,12034,0,1410
212311,1,97237,0,1313
212312,1,3250,0,1450
212313,1,8319,0,1381
212314,1,69539,0,958
212315,1,70565,0,1324
212316,1,68535,0,867
212317,1,71775,0,432
212318,1,6228,0,1245
212319,1,73177,0,1399
212320,1,14936,0,800
212321,1,11744,0,1457
212322,1,127483,0,1565
212323,1,7505,0,1419
212324,1,12846,0,1068
212325,1,7244,0,1566
212326,1,16744,0,824
212327,1,13853,0,1415
212328,1,148081,0,839
212329,1,20940,0,1414
212330,1,12662,0,1066
212331,1,4665841,0,686
212332,1,13552,0,1126
212333,1,12154,0,1172
212334,1,14416,0,1236
212335,1,17552,0,1110
212336,1,14818,0,971
212337,1,71866,0,460
212338,1,26761,0,570
212339,1,68618,0,699
212340,1,68689,0,931
212341,1,16299,0,1439
212342,1,9126,0,1097
212343,1,5060528,0,872
212344,1,3351,0,1192
212345,1,9991,0,1262
212346,1,14658,0,837
212347,1,69489,0,540
212348,1,4667015,0,1087
212349,1,13386,0,1086
212350,1,3672930,0,867
212351,1,16282,0,645
212352,1,17965,0,966
212353,1,66836,0,703
212354,1,72237,0,403
212355,1,9888,0,468
212356,1,68922,0,671
212357,1,9665,0,379
212358,1,17603,0,489
212359,1,12188,0,712
212360,1,647,0,510
212361,1,10127,0,562
212362,1,60849,0,319
212363,1,18536,0,851
212364,1,2675,0,635
212365,1,701,0,241
212366,1,12828,0,818
212367,1,1525,0,493
212368,1,64718,0,711
212369,1,66548,0,625
212370,1,8557,0,343
212371,1,13163,0,578
212372,1,12460,0,529
212373,1,7399,0,476
212374,1,5896,0,202
212375,1,6595,0,154
212376,1,930,0,162
212377,1,11329,0,174
212378,1,71220,0,61
212379,1,13115,0,93
212380,1,1034,0,63
212381,2,2278902,41,9789
212382,1,2289671,0,9813
