idx,angdist_arcsec,qso_name,qso_type,qso_ra,qso_dec,qso_z
9006,133.972498,SDSS J142715.07+372934.7,Q,216.8128133,37.4929879,1.0479999780654907
19903,55.826249,WISEA J181218.40+705107.0,q,273.0766608,70.8519768,2.700000047683716
9008,115.206404,WISEA J225510.33+320921.7,q,343.7929676,32.1560568,0.30000001192092896
9008,172.192624,WISEA J225510.82+321347.0,q,343.7950807,32.2297224,1.899999976158142
9013,66.473443,SDSS J120004.34+080949.8,Q,180.0181059,8.1638244,4.414999961853027
9013,91.15096,LAMOSTJ120008.38+081142.6,Q,180.0348894,8.195137,0.6830000281333923
9014,171.737865,J141620.16+392722.0,R,214.0840109,39.4561374,2.4000000953674316
19908,0.099725,MCG 8-15-009,NRX,117.9661996,49.814303,0.024000000208616257
19910,138.236063,J125741.80-312008.6,X,194.4241923,-31.3357363,
9017,22.193271,J163029.22+393711.6,X,247.6217778,39.6198889,
19912,112.892612,SDSS J134741.01+374425.4,QR,206.9209363,37.7404193,1.7690000534057617
19912,161.847531,SDSS J134752.35+374740.6,Q,206.9681516,37.7946251,0.9950000047683716
9022,146.939902,SDSS J133607.15+063706.8,Q,204.0298515,6.6185263,2.680000066757202
9022,161.33332,SDSS J133551.52+063401.4,Q,203.9646891,6.5670718,2.177999973297119
19921,59.30455,SDSS J230721.21+224815.4,Q,346.8384194,22.8042874,1.468999981880188
19922,0.271259,MCG 2-60-017,NRX,356.7883234,15.5967481,0.026000000536441803
9030,158.820837,NPM1G+41.0135,AR,103.7917715,41.0028222,0.02199999988079071
19926,85.764651,WISEA J030506.65-413259.9,q,46.2777507,-41.5500112,1.899999976158142
9032,75.903181,SDSS J080003.15+354912.1,Q,120.0131645,35.8200181,0.8270000219345093
9032,136.390872,SDSS J075946.38+354930.2,Q,119.943277,35.825048,1.375
19928,89.746673,OzDES-DR2_03524,Q,97.415774,-57.885468,1.3730000257492065
19929,97.931258,SDSS J075316.90+272915.6,Q,118.3204196,27.4876791,3.299999952316284
9034,104.831114,SDSS J110129.82+574211.0,Q,165.374275,57.7030663,1.2050000429153442
19930,59.332254,SDSS J101031.40+061029.3,QX,152.6308572,6.1748266,2.2679998874664307
19930,148.045154,SDSS J101044.30+060912.9,QX,152.6846073,6.1536031,1.4570000171661377
19930,160.326008,J101025.10+061106.9,X,152.6046183,6.1852682,1.100000023841858
19930,167.720015,SDSS J101045.85+060921.4,qX,152.6910601,6.1559693,1.399999976158142
19930,173.015755,SDSS J101043.36+061201.4,ARX,152.6806828,6.2003846,0.09799999743700027
9036,154.376019,LAMOSTJ131631.44+305926.4,Q,199.1310292,30.9906655,1.8660000562667847
19932,140.687311,SDSS J110723.04+182343.5,A,166.8460209,18.3954212,0.18799999356269836
9039,147.790347,WISEA J142951.25+791628.6,q,217.4635901,79.2746334,1.399999976158142
19934,115.747442,WISEA J115043.40-073527.1,q,177.6808262,-7.5908773,0.30000001192092896
19936,106.500725,SDSS J120411.90+015100.2,qX,181.0496063,1.8500752,0.20000000298023224
19936,126.458505,J120427.43+015054.6,X,181.1143056,1.8485,
19937,99.973056,WISEA J121950.15-213210.9,q,184.9591266,-21.5362873,1.100000023841858
9043,97.478038,WISEA J020424.21-550638.9,q,31.1009065,-55.1108108,1.2999999523162842
19939,133.346288,J125929.25+275314.0,X,194.8718777,27.8872273,0.20000000298023224
19939,139.29846,J125933.28+274851.3,X,194.8886732,27.8142574,0.5
19939,171.71741,J125916.60+275033.1,X,194.8191945,27.8425278,
9049,103.951058,PB 3185,QX,194.8196494,27.8961837,0.3840000033378601
9049,117.619898,J125929.25+275314.0,X,194.8718777,27.8872273,0.20000000298023224
9049,151.620197,J125920.92+275709.9,X,194.8371838,27.9527732,
9051,137.17272,WISEA J223035.51-173642.1,q,337.6479821,-17.6117533,1.399999976158142
19948,127.613057,SDSS J081046.72+463052.5,Q,122.6946742,46.5146082,1.0160000324249268
19948,141.698291,SDSS J081056.42+463224.1,Q,122.7351159,46.5400419,2.4700000286102295
19950,126.17929,SDSS J085009.22+190133.4,AR,132.53844,19.025956,0.42899999022483826
19951,94.345101,SDSS J094751.67+090817.9,Q,146.9653009,9.1383284,3.2699999809265137
19953,77.108211,SDSS J115540.69+295620.5,Q,178.9195582,29.9390489,3.559999942779541
19954,161.179081,SDSS J121619.07+575011.0,Q,184.0794957,57.836407,2.181999921798706
9059,152.744453,PGC 1645533,NR,179.8618725,21.2261044,0.16599999368190765
19958,124.936914,SDSS J160950.46+563927.1,Q,242.4602718,56.6575134,0.5559999942779541
19958,131.647817,SDSS J161011.51+563623.7,Q,242.5480133,56.6065874,2.7869999408721924
9063,88.703946,SDSS J173014.47+352247.3,Q,262.5602949,35.3798274,1.9700000286102295
19961,19.704588,J173416.32+680052.1,X,263.568,68.0144723,
19961,151.197169,WISEA J173421.17+680339.1,qX,263.588141,68.0608699,0.20000000298023224
19961,169.760003,SDSS J173409.21+675826.9,qX,263.538448,67.9740849,0.800000011920929
19961,173.573238,WISEA J173447.66+680159.3,q,263.6988883,68.033245,1.7999999523162842
19963,134.960877,SDSS J212921.10-001851.8,Q,322.3379521,-0.3144004,0.8050000071525574
19964,126.612382,SDSS J215328.60+253138.2,Q,328.3691892,25.5272831,1.5260000228881836
19964,166.661094,J215308.02+253058.4,2,328.283429,25.5162432,1.399999976158142
9069,0.187344,IC 756,A,180.7408791,4.8458745,0.020999999716877937
9070,50.567735,SDSS J121501.80+140112.6,qX,183.7575021,14.0202059,0.6000000238418579
9070,64.692378,SDSS J121507.57+140057.5,qX,183.7815704,14.015974,0.4000000059604645
9071,120.478857,AGES J143524.80+350536.2,Q,218.8533434,35.0934021,1.4290000200271606
9071,175.667192,AGES J143520.15+350413.3,QX,218.8338419,35.0703457,1.0509999990463257
9071,176.199928,AGES J143527.81+350454.5,QX,218.8658884,35.0818161,2.2300000190734863
19968,117.815768,SDSS J012619.86-014929.5,Q,21.5827841,-1.8248861,2.2139999866485596
9072,145.177275,WISEA J031110.77-022650.8,q,47.7949101,-2.447457,0.8999999761581421
19969,99.157631,SDSS J024612.91-073843.2,qX,41.5538222,-7.6453334,0.8999999761581421
19970,160.091469,WISEA J031734.09-391713.8,q,49.3919542,-39.2870728,1.5
9074,0.176856,MCG 3-30-014,AX,174.1182706,19.8114294,0.02199999988079071
9074,82.20379,SDSS J113624.15+194937.7,QX,174.1006439,19.8271387,2.8259999752044678
9074,86.49599,J113631.25+194957.7,X,174.1302375,19.8327106,0.10000000149011612
9074,112.386106,SDSS J113620.83+194916.5,Q,174.0867875,19.8212513,2.3589999675750732
9074,145.696193,J113626.92+195105.5,X,174.1121667,19.8515278,
19972,0.058031,PGC 75258,ARX,75.5377008,3.5305339,0.01600000075995922
19972,109.724178,J050201.72+033147.5,X,75.5071707,3.5298708,0.699999988079071
19975,164.162252,SDSS J091503.22+291856.1,Q,138.7634419,29.315627,2.13100004196167
19975,170.260255,SDSS J091454.84+291405.3,Q,138.728505,29.2348488,1.1979999542236328
9078,125.234482,SDSS J020836.12+291159.3,Q,32.1505231,29.1998332,1.4470000267028809
9078,159.503366,SDSS J020831.64+291637.9,Q,32.1318627,29.2772163,1.600000023841858
19976,55.32179,J121925.62+054821.8,X,184.8567778,5.8060556,
19976,58.462206,J121921.34+054833.6,X,184.8389167,5.8093334,
19976,68.307665,J121921.27+054844.0,X,184.8386389,5.8122223,
19976,146.253945,J121931.78+054633.6,X,184.8824416,5.7760253,1.5
19976,171.241283,SDSS J121911.65+054728.7,QX,184.7985594,5.7913066,2.365000009536743
9080,143.586408,3HSPJ023237.5+313128,BRX,38.1563885,31.5244659,0.5
9081,164.92215,WISEA J025450.47+411610.1,q,43.7103363,41.2693959,1.0
9082,119.6198,WISEA J103105.16+724638.2,q,157.771687,72.7772396,0.20000000298023224
9083,82.634875,SDSS J121504.29+343648.1,Q,183.7678925,34.6133736,2.627000093460083
19983,2.088939,UGC 12318,N,345.5332223,25.6691945,0.03200000151991844
9087,77.815193,WISEA J002111.93+271148.4,q,5.2997416,27.1967896,2.0
9087,120.120575,SDSS J002102.36+271117.2,Q,5.2598078,27.1881016,1.8650000095367432
9087,129.713857,SDSS J002106.48+271456.0,Q,5.2770137,27.2488857,2.880000114440918
19987,59.558754,J024643.83+211238.7,R,41.682637,21.2107637,
9088,0.245391,ESO 411-29,NR,13.7270417,-32.0317778,0.03200000151991844
19988,116.254918,WISEA J053113.88-203817.6,q,82.8078691,-20.6382293,1.7000000476837158
19988,131.99865,WISEA J053112.43-203749.0,q,82.8018291,-20.6302702,0.800000011920929
9089,76.875622,WISEA J012235.68-022530.5,q,20.6487465,-2.4250852,0.5
9089,86.847501,SDSS J012237.41-022510.1,Q,20.6559075,-2.4194824,2.0820000171661377
9089,135.453836,SDSS J012229.03-022642.9,Q,20.6209623,-2.4452333,1.434999942779541
9095,45.880461,2QZ J121106.0+005745,Q,182.7752327,0.9627472,1.1990000009536743
9095,101.013325,WISEA J121110.13+005737.0,q,182.7922207,0.9602809,1.0
19999,97.67455,WISEA J172714.01-010758.7,q,261.8084965,-1.1329305,2.0999999046325684
9098,145.77928,SDSS J151034.25+552313.5,AX,227.6427502,55.3870723,0.28700000047683716
9099,123.976113,WISEA J163100.48+051122.8,q,247.7520568,5.1897026,0.20000000298023224
9102,104.692733,J234710.12-275853.9,X,356.7921912,-27.9816567,2.4000000953674316
9106,105.712996,SDSS J081435.39+550654.1,QR,123.6474583,55.1150375,0.8270000219345093
9107,117.35704,SDSS J115143.00+273736.2,QR,177.9291468,27.6267477,1.097000002861023
9112,66.538936,SDSS J012546.19+181131.5,Q,21.4424881,18.1920594,3.7200000286102295
9112,164.833623,WISEA J012601.57+181148.3,q,21.5065651,18.1967487,0.4000000059604645
9115,174.529562,WISEA J064921.82+840228.0,q,102.3407412,84.0411322,1.2000000476837158
9117,145.250999,2QZ J120436.6+015025,QX,181.1526315,1.8404212,1.934999942779541
9122,129.684294,J075207.58+273111.9,X,118.0316112,27.5199723,
9123,0.706222,UGC 5856,ARX,161.2040403,38.1810041,0.026000000536441803
9123,148.624577,SDSS J104442.15+381257.2,QX,161.175668,38.2158954,2.072999954223633
9123,165.915686,SDSS J104439.25+380852.4,Q,161.1635636,38.147914,2.9700000286102295
9123,169.731193,SDSS J104502.09+381202.5,Q,161.2587213,38.2007161,2.069000005722046
9125,121.284176,WISEA J131822.84+061824.0,q,199.5951987,6.3066255,0.10000000149011612
9127,44.32619,SDSS J164659.60+340946.3,N,251.7483493,34.1628807,0.0989999994635582
9129,68.745517,WISEA J222950.40+361526.6,q,337.4599677,36.2573977,1.600000023841858
9133,120.217568,WISEA J045205.97-325726.0,q,73.0249231,-32.9572492,1.2999999523162842
9138,125.110326,UM 606,Q,205.5914155,1.8380499,0.6000000238418579
9138,158.556083,2QZ J134218.5+015355,Q,205.5774301,1.8989372,0.6710000038146973
9140,133.81677,SDSS J154439.33+410655.1,Q,236.1639124,41.1153171,2.3289999961853027
9140,177.856335,SDSS J154440.39+410858.2,Q,236.1683056,41.1495157,1.2200000286102295
9142,0.092787,UGC 11871,ARX,330.1723041,10.552236,0.02800000086426735
9142,23.434825,SDSS J220041.41+103244.6,qX,330.1725584,10.5457342,1.7000000476837158
9142,113.273228,SDSS J220045.61+103442.3,qX,330.1900758,10.578426,1.399999976158142
9145,80.327547,SDSS J120715.16+165943.7,QR,181.813192,16.9954823,1.4950000047683716
9145,103.789252,MCG 3-31-042,NR,181.8024103,16.9693571,0.07199999690055847
9149,0.080273,3C 353.0,NR2X,260.1172921,-0.9796667,0.029999999329447746
9149,20.41914,J172026.99-005836.0,X,260.1124937,-0.9766831,0.5
9149,53.264584,J172029.44-005936.5,X,260.1226667,-0.9934723,
9149,57.422872,J172024.34-005841.3,2,260.1014314,-0.97814,0.10000000149011612
9149,108.533834,J172035.31-005902.1,2,260.1471629,-0.9839209,0.10000000149011612
9149,112.510451,SDSS J172028.96-005655.1,qX,260.120695,-0.9486109,1.2000000476837158
9152,131.700104,2QZ J014557.6-290424,Q,26.4903396,-29.0734863,0.8920000195503235
9152,143.441241,2QZ J014559.8-290011,N,26.4997084,-29.0031389,0.07699999958276749
9154,147.228572,LAMOSTJ022936.45+201333.1,Q,37.4018883,20.2258615,0.9100000262260437
9156,167.065199,WISEA J090703.24+373142.1,q,136.7635419,37.5283276,0.800000011920929
9157,128.496238,SDSS J105435.12+463454.1,Q,163.6463691,46.5817058,1.4129999876022339
9161,158.153836,SDSS J133736.09+383450.9,NR,204.40041,38.580831,0.49000000953674316
9162,0.343711,MCG 5-32-049,A,204.679745,31.2705269,0.01600000075995922
9163,0.223806,IC 4436,AX,216.9924304,26.5045041,0.03200000151991844
9164,71.350309,SDSS J145856.98+412714.0,Q,224.737489,41.4538846,1.7660000324249268
9164,177.811377,SDSS J145848.74+412807.4,Q,224.7031275,41.4687348,2.819999933242798
9167,130.156996,SDSS J231417.91+303056.7,Q,348.5746488,30.5157731,1.8860000371932983
9167,170.245379,SDSS J231429.25+303232.4,Q,348.6218753,30.5423708,3.061000108718872
9168,164.001001,SDSS J233339.15-015954.2,Q,353.413108,-1.9983712,1.3450000286102295
9169,99.450405,SDSS J003737.25+253741.4,A,9.4052432,25.628177,0.4729999899864197
9169,144.880373,SDSS J003740.88+254043.8,Q,9.420333,25.6788359,1.7960000038146973
9170,73.820923,SDSS J004309.77+233011.0,Q,10.7907189,23.5030786,2.996999979019165
9171,42.018353,J020020.99+243516.6,X,30.0874592,24.5879556,0.30000001192092896
9172,0.1794,ESO 549-36,NR,58.7886047,-17.4693936,0.02800000086426735
9175,27.287841,J112927.02+240545.6,X,172.3626112,24.096,
9175,82.5615,SDSS J112922.88+240538.8,QRX,172.345337,24.0941294,2.513000011444092
9175,148.580219,SDSS J112920.78+240715.1,qX,172.3366003,24.1208633,1.2000000476837158
9176,123.959753,SDSS J122403.48+313000.8,Q,186.0145146,31.5002119,2.4809999465942383
9177,50.388924,SDSS J131202.44+204713.0,N2,198.01019,20.786955,0.515999972820282
9178,149.079419,SDSS J135053.54+213024.9,Q,207.7231371,21.5069326,0.31200000643730164
9179,111.47308,SDSS J135304.05+375327.5,Q,208.2668975,37.8909908,2.3239998817443848
9179,156.902884,SDSS J135326.16+375228.8,Q,208.3590147,37.8746777,2.619999885559082
9180,0.836083,ESO 578-11,AR,209.7621389,-19.0586389,0.03099999949336052
9182,135.717722,SDSS J160422.90+144954.1,qR,241.0954118,14.8317266,0.20000000298023224
9184,47.35101,SDSS J011855.23+161911.9,QR,19.7301373,16.319933,1.1740000247955322
9184,109.613457,SDSS J011857.27+161743.1,Q,19.7386338,16.2953135,1.7389999628067017
9185,164.287692,WISEA J023131.62-174138.0,q,37.8817912,-17.6938798,1.2999999523162842
9192,93.61911,SDSS J103014.60+151113.0,Q,157.5608609,15.1869713,2.553999900817871
9192,97.821102,WISEA J103022.55+151306.8,q,157.5939042,15.2185476,1.600000023841858
9193,87.905091,SDSS J113250.02+054459.3,Q,173.2084566,5.7498168,2.572999954223633
9194,14.381865,GQ124728+272742,Q,191.8690348,27.4618169,1.840000033378601
9194,179.724664,SDSS J124730.01+272429.9,qR,191.8750465,27.4083201,1.899999976158142
9195,68.591809,SDSS J130832.43+281905.7,Q,197.1351478,28.3182675,3.2070000171661377
9200,95.580339,J213737.49-470201.1,X,324.4062223,-47.0336389,
9201,163.381278,WISEA J213903.25-221333.0,q,324.7634915,-22.2259112,1.399999976158142
9204,179.979084,2QZ J022817.1-314956,Q,37.0716944,-31.8321128,2.128000020980835
9208,0.152749,NGC 4282,N,185.1012041,5.572825,0.003000000026077032
9209,69.377299,SDSS J135048.30+394304.6,Q,207.7012597,39.7179528,2.328000068664551
9209,173.562745,SDSS J135039.12+393938.1,Q,207.6630269,39.6605836,2.739000082015991
9218,133.429906,WISEA J192336.65-285816.4,q,290.9027531,-28.9712394,1.2999999523162842
9218,138.902469,J192334.11-285752.1,2,290.892128,-28.9644783,1.399999976158142
9218,152.45436,J192333.52-285804.2,2,290.889703,-28.9678495,1.399999976158142
9221,125.380374,SDSS J045841.02-003358.6,qX,74.6709501,-0.5662996,0.30000001192092896
9223,82.645716,WISEA J105221.93+103153.2,qX,163.0914076,10.5314486,0.20000000298023224
9223,120.974956,SDSS J105232.67+103400.5,qX,163.1361091,10.5668221,2.0999999046325684
9224,98.073808,SDSS J115846.66+272845.5,qX,179.6944463,27.4793472,0.5
9229,113.027219,2QZ J024932.9-303255,Q,42.3872785,-30.5484829,1.4329999685287476
9237,32.908669,WISEA J110648.65+284325.8,q,166.7027195,28.7238512,0.6000000238418579
9237,160.070966,SDSS J110649.71+284036.0,Q,166.7071248,28.6766823,3.815000057220459
9239,99.225088,WISEA J140550.46-151829.5,q,211.4602726,-15.3081993,0.10000000149011612
9248,0.212091,MCG 11-20-016,AX,247.4515716,67.3783284,0.02500000037252903
9249,114.118553,J204520.03-053023.8,X,311.3334723,-5.5066112,
9252,0.198983,UGC 12138,ARX,340.0710863,8.0537551,0.02500000037252903
9252,80.285569,J224013.36+080411.9,X,340.0556945,8.0699723,
9255,97.112071,SDSS J084855.47+410136.2,Q,132.231118,41.0267258,2.86899995803833
9255,161.563174,SDSS J084854.52+405740.6,Q,132.2271496,40.9612971,0.4090000092983246
9260,32.890104,WISEA J232803.74+183222.8,q,352.0156234,18.5395403,0.30000001192092896
9261,32.566395,J234146.99-012034.8,X,355.4458158,-1.3430264,2.4000000953674316
9269,101.996426,SDSS J233836.93+271206.1,QX,354.6538846,27.2017239,1.7829999923706055
9269,116.34296,J233837.28+271135.6,X,354.6553702,27.193224,2.0999999046325684
9269,118.760402,SDSS J233834.76+271306.2,QX,354.6448146,27.218412,0.9229999780654907
9269,143.337822,SDSS J233848.97+271051.2,QX,354.7040535,27.1809125,0.48399999737739563
9273,129.625213,WISEA J094148.96+112650.0,q,145.4540406,11.4472561,2.200000047683716
9277,53.6423,J220144.62-020532.3,R,330.4359189,-2.0923312,2.299999952316284
9278,120.817831,SDSS J232813.65+322151.7,Q,352.0568994,32.3643923,1.3070000410079956
9284,106.7896,J125800.81+281559.9,X,194.5033889,28.2666389,
9284,130.570326,J125814.42+281530.7,X,194.5601112,28.2585278,
9284,143.626165,SDSS J125816.22+281406.7,QX,194.5676197,28.2351978,0.9919999837875366
9284,145.712118,J125808.43+281654.0,X,194.5351389,28.2816667,
9284,164.31448,SDSS J125809.57+281708.8,qX,194.5398962,28.285785,2.0
9285,107.720492,SDSS J131103.33+434230.5,Q,197.7638756,43.7084913,1.9579999446868896
9285,157.094922,SDSS J131125.63+434314.2,Q,197.856822,43.7206339,1.8389999866485596
9286,56.65405,WISEA J141020.49+483307.7,qR,212.5854024,48.5521459,1.0
9289,144.947911,J203014.66-151146.1,R,307.5610834,-15.1961389,
9292,0.11011,MCG -2-03-061,N,15.0172081,-11.0826151,0.017999999225139618
9293,53.062759,J011248.96-613902.4,X,18.2040179,-61.650669,
9295,116.815819,WISEA J120624.01-442458.1,q,181.5999621,-44.4162213,0.10000000149011612
9297,141.866594,WISEA J162550.43+163212.6,q,246.4601768,16.5368339,1.2000000476837158
9297,170.175213,SDSS J162542.20+163225.5,Q,246.4258665,16.5403974,1.5829999446868896
9299,132.167313,SDSS J223953.23+105934.2,Q,339.9718173,10.9928526,2.369999885559082
9302,155.676956,J024521.03+421059.9,X,41.3376282,42.1833318,0.30000001192092896
9303,120.448384,WISEA J031855.40-130511.7,q,49.7308653,-13.0866253,1.100000023841858
9303,139.356824,WISEA J031859.26-130338.2,q,49.7468132,-13.0606054,0.5
9304,108.983379,SDSS J120851.68+414609.4,Q,182.2153668,41.7692823,1.3359999656677246
9306,16.464029,J142849.70+260139.7,X,217.2070834,26.0276945,
9308,0.294218,MCG 4-37-003,N,233.4538027,21.136197,0.023000000044703484
9311,129.53321,SDSS J104510.31+555616.8,QX,161.2930063,55.9379877,0.7289999723434448
9311,156.372253,SDSS J104538.68+555622.0,QX,161.4112057,55.9394681,0.8870000243186951
9313,160.962763,SDSS J142257.67+375807.4,Q,215.7402753,37.9687086,3.184000015258789
9327,108.06937,SDSS J004854.62+281221.4,Q,12.2275928,28.2059519,1.371000051498413
9327,169.697706,SDSS J004904.53+281018.3,Q,12.2689073,28.1717662,1.9850000143051147
9328,114.121339,SDSS J020031.40+210710.1,Q,30.1308307,21.1194732,1.3109999895095825
9336,121.34618,WISEA J145400.54+730553.1,q,223.5023363,73.0980831,2.4000000953674316
9342,120.219923,WISEA J014029.85-333852.0,q,25.1244126,-33.6477941,1.100000023841858
9342,122.786195,WISEA J014027.73-333605.2,q,25.1155558,-33.6014702,0.6000000238418579
9342,162.127132,WISEA J014034.91-333958.6,q,25.1454834,-33.6662675,2.200000047683716
9344,141.071317,2QZ J025231.0-315027,QX,43.1297342,-31.8410195,2.203000068664551
9344,172.519807,2QZ J025216.6-314626,QX,43.0693334,-31.7738056,1.1790000200271606
9349,75.79695,WISEA J141852.85+052815.2,q,214.7202439,5.4709144,2.5999999046325684
9349,141.038432,SDSS J141847.55+052835.2,N,214.69815,5.4764718,0.17900000512599945
9349,158.231006,WISEA J141844.31+052725.2,qX,214.6846898,5.4569961,1.7999999523162842
9354,0.202834,MCG -01.05.031,NRX,26.3561239,-3.8271368,0.017999999225139618
9354,24.082939,J014526.26-034958.5,X,26.3594167,-3.8329167,
9354,158.494592,SDSS J014525.43-035216.2,QX,26.3559882,-3.8711462,1.4559999704360962
9354,164.886464,SDSS J014531.16-034716.6,QX,26.3798605,-3.7879497,1.9520000219345093
9354,170.97637,SDSS J014533.26-034732.8,qX,26.3886034,-3.7924519,1.100000023841858
9362,44.678052,SDSS J130530.94+534023.4,QX,196.3789662,53.6731829,2.7339999675750732
9362,105.022529,J130532.52+534251.8,R,196.3855278,53.7143889,
9362,112.136347,J130532.58+534258.9,X,196.3857778,53.7163612,
9363,104.259326,WISEA J131919.69-151104.4,q,199.8321232,-15.1845999,0.20000000298023224
9367,173.201665,SDSS J013355.51-010651.4,Q,23.4812976,-1.1143116,1.1619999408721924
9369,118.531537,SDSS J084020.84+522624.4,A,130.0868497,52.4401167,0.4880000054836273
9370,157.728224,SDSS J091914.73+201206.9,Q,139.811379,20.2019396,2.569999933242798
9371,145.363878,SDSS J091945.96+272906.5,qX,139.9415159,27.4851622,1.600000023841858
9385,105.024224,J025515.16+092134.9,X,43.8131844,9.3597212,0.30000001192092896
9385,107.966876,J025503.63+092036.0,X,43.7651561,9.3433385,0.30000001192092896
9390,0.188025,IC 4381,ARX,212.7384904,25.4972231,0.03099999949336052
9390,167.283985,SDSS J141106.37+253142.8,Q,212.7765622,25.5285831,0.6890000104904175
9392,104.876885,SDSS J143542.06+364829.3,Q,218.9252855,36.8081416,1.7599999904632568
9395,0.397163,NGC 2830,NRX,139.9225303,33.7381491,0.019999999552965164
9395,66.89793,SDSS J091940.96+334310.2,QX,139.9206691,33.7195232,1.7450000047683716
9397,78.779208,2SLAQ J100824.55+002254.3,Q,152.1023103,0.3817471,2.078000068664551
9401,177.796981,WISEA J142920.90+021842.5,q,217.3370981,2.3117573,0.30000001192092896
9404,126.646363,SDSS J225357.88+322402.5,Q,343.4911931,32.4007157,2.7019999027252197
9407,109.043394,SDSS J074131.52+184247.4,Q,115.3813353,18.7131832,1.225000023841858
9407,172.917676,SDSS J074130.36+184110.0,Q,115.3765164,18.6861143,1.0609999895095825
9411,143.530628,J055101.44-144506.3,X,87.7560054,-14.7517584,0.5
9415,158.343029,SDSS J144712.80+133939.3,N,221.80336,13.660919,0.03200000151991844
9429,138.408788,SDSS J112130.83+461314.6,N,170.3784534,46.2206652,0.125
9431,0.326984,NGC 5972,NRX,234.7256904,17.0261921,0.029999999329447746
9442,136.537627,WISEA J064254.11-641340.2,q,100.7254517,-64.2278693,0.20000000298023224
9454,0.203663,CGCG 178-28,NRX,121.7799393,36.2334614,0.03200000151991844
9454,60.252227,SDSS J080702.30+361347.8,Q,121.7596075,36.2299571,2.6760001182556152
9454,86.939905,SDSS J080712.02+361256.2,QX,121.8001267,36.2155988,2.111999988555908
9458,101.746919,WISEA J125941.35-210559.4,q,194.9222915,-21.0999008,0.20000000298023224
9464,62.541528,WISEA J022513.15-544611.1,q,36.3047835,-54.7697372,0.4000000059604645
9466,136.64145,SDSS J094356.54+424237.4,Q,145.9856174,42.7104001,1.6260000467300415
9466,173.831806,SDSS J094403.21+423741.5,Q,146.0133917,42.6282114,2.194999933242798
9471,141.271389,SDSS J225946.22+244934.9,Q,344.9426081,24.826385,2.0950000286102295
9471,177.277276,SDSS J225934.68+245344.6,AX,344.89454,24.895748,0.49399998784065247
9472,65.538334,WISEA J021821.69+380123.9,q,34.5903806,38.0233226,1.0
9473,164.968282,WISEA J022002.18-194227.5,q,35.0089748,-19.7075994,2.4000000953674316
9478,171.759842,WISEA J103542.32-281852.0,q,158.9263477,-28.3144704,0.8999999761581421
9480,43.534876,WISEA J120745.49+672219.9,q,181.9395643,67.3722195,0.8999999761581421
9483,29.936442,SDSS J135823.86+060350.1,qX,209.5994284,6.0639192,0.8999999761581421
9486,110.584781,WISEA J221609.03+372643.1,q,334.0376359,37.4453166,1.2000000476837158
9486,111.466203,WISEA J221602.57+372838.9,q,334.0107207,37.4774774,0.10000000149011612
9487,41.480594,J012550.79-011654.4,X,21.4616389,-1.2817778,
9487,83.640647,J012549.02-011611.6,X,21.4542659,-1.2699157,0.5
9487,93.689782,J012543.87-011714.8,X,21.4328056,-1.2874445,
9487,115.501896,J012554.58-011906.8,X,21.4774167,-1.3185556,
9487,155.819141,J012539.93-011654.7,X,21.416389,-1.2818704,
9487,157.069156,J012555.16-011950.6,X,21.4798612,-1.3307223,
9500,109.028121,J103903.03+414233.9,X,159.7626389,41.7094167,
9500,123.130891,SDSS J103902.08+414243.3,qX,159.7586975,41.7120361,0.30000001192092896
9500,135.594949,J103857.86+414036.6,X,159.7411112,41.6768334,
9502,0.235105,NGC 6013,AX,238.2201575,40.6467048,0.014999999664723873
9503,105.699974,SDSS J160508.29+174532.8,qR,241.2846,17.75916,0.800000011920929
9503,126.671016,DRCG 34-61,AX,241.3160678,17.7076124,0.03099999949336052
9503,140.834178,Q 1602.8+1753,QX,241.2555145,17.7544611,3.005000114440918
9504,159.096556,J202729.26-522211.2,X,306.8719167,-52.3697778,
9506,68.864557,WISEA J230251.71-691157.9,q,345.7154956,-69.1994379,1.2999999523162842
9515,81.200102,WISEA J204736.93-380711.2,q,311.9038466,-38.1197882,0.8999999761581421
9520,168.594983,J104104.60+060056.7,X,160.2691945,6.01575,
9526,141.979539,J184001.88+401024.6,X,280.0078623,40.1735055,0.8999999761581421
9527,55.938847,WISEA J212618.60-395229.6,q,321.5775244,-39.8749752,1.2999999523162842
9534,133.180973,WISEA J173837.42+592026.7,q,264.6559448,59.3407557,1.899999976158142
9536,0.065206,NGC 768,NR,29.6705819,0.5292293,0.023000000044703484
9536,135.373155,SDSS J015849.94+003135.0,Q,29.7080979,0.5263907,1.5750000476837158
9540,96.26556,SDSS J094308.64+375021.6,Q,145.7860225,37.8393544,2.2760000228881836
9540,157.080043,SDSS J094249.88+375021.8,Q,145.707854,37.8394086,2.7829999923706055
9541,177.530544,SDSS J113944.71+550719.9,Q,174.9362808,55.1222126,1.777999997138977
9542,130.330714,J123845.25+102736.4,R,189.6885556,10.4601112,
9543,113.312081,WISEA J125956.83-453755.9,q,194.9868195,-45.632185,1.100000023841858
9544,160.895955,SDSS J141750.01+073057.6,QR2X,214.4583997,7.5160098,1.0829999446868896
9547,105.493748,SDSS J012723.02-011556.2,QX,21.8459726,-1.2656412,1.496999979019165
9547,142.754646,DRCG 7-49,N,21.850125,-1.2496523,0.06700000166893005
9548,100.887752,SDSS J015437.10+180257.9,NR,28.654606,18.049424,0.49300000071525574
9552,40.841459,SDSS J104820.27+005102.8,qR,162.0844986,0.8508045,1.5
9552,50.36754,2QZ J104815.7+005039,Q,162.06561,0.8444151,1.4730000495910645
9552,110.524213,2SLAQ J104819.82+004837.0,Q,162.0825831,0.8103036,0.6959999799728394
9553,23.270942,SDSS J122111.14+281008.2,qX,185.2964336,28.1689835,1.7999999523162842
9553,93.803507,J122116.69+281013.4,X,185.3195696,28.170392,1.100000023841858
9554,32.583916,WISEA J125655.73-224941.4,q,194.2321646,-22.8281462,1.100000023841858
9557,114.704391,WISEA J175048.13+173230.7,qR,267.7005415,17.5418704,0.20000000298023224
9562,96.308962,PGC 1200579,NR,21.1756418,1.6209204,0.13199999928474426
9562,171.573014,WISEA J012458.13+013515.6,qX,21.2421858,1.5877306,0.800000011920929
9563,25.917959,WISEA J093401.73-051233.1,q,143.5071408,-5.2092185,0.20000000298023224
9565,105.141301,WISEA J124250.58-011313.9,q,190.7108018,-1.2205157,0.20000000298023224
9568,95.953002,J020101.91-053200.7,X,30.2579723,-5.5335278,
9568,140.870266,WISEA J020107.34-052918.6,q,30.2805598,-5.4886291,1.7000000476837158
9570,0.173923,IC 355,ARX,58.4426886,19.9739106,0.028999999165534973
9573,86.729583,SDSS J093356.64+340034.8,QX,143.4860259,34.0096729,2.1559998989105225
9575,88.023794,2QZ J103809.7-023700,Q,159.5409509,-2.6163171,0.4189999997615814
9576,0.457623,UGC 5881,NRX,161.6771648,25.9315547,0.020999999716877937
9577,115.707126,J121956.18+052057.2,X,184.9841138,5.3492493,
9581,0.289067,NGC 6346,NRX,258.8519482,57.3225017,0.029999999329447746
9581,83.039625,J171516.24+572011.1,X,258.8176945,57.3364167,
9581,100.716635,J171535.96+571843.3,X,258.8998612,57.3120278,
9581,176.604391,J171538.50+572136.3,X,258.910431,57.3600922,1.7999999523162842
9582,0.430964,ESO 530-47,NRX,321.7617135,-22.9922049,0.03200000151991844
9585,178.740697,WISEA J025519.39-140134.8,q,43.8307878,-14.0263493,0.10000000149011612
9588,70.632861,WISEA J103534.12-060936.1,q,158.8921074,-6.1600359,1.399999976158142
9589,134.483462,WISEA J104634.90-251415.3,q,161.6454268,-25.2376469,2.0999999046325684
9595,170.364645,J120646.66-315422.2,X,181.6944454,-31.9061761,
9600,113.16564,LAMOSTJ012726.04+313327.1,Q,21.8585354,31.5575171,0.6299999952316284
9600,124.236593,SDSS J012735.26+313521.2,QR,21.8969306,31.5892115,1.1160000562667847
9603,42.052074,SDSS J110157.33+451302.5,Q,165.4888663,45.2173491,1.7860000133514404
9603,158.196682,SDSS J110144.16+451402.9,Q,165.4339904,45.2341397,0.925000011920929
9609,95.461319,WISEA J202824.88-330253.2,q,307.1036376,-33.0481135,1.899999976158142
9617,62.157129,SDSS J104201.81+181527.7,QX,160.5075362,18.2576946,0.47999998927116394
9618,46.006063,WISEA J125523.87-131346.5,q,193.8494574,-13.2296801,0.4000000059604645
9623,159.695828,SDSS J225239.96+113744.1,Q,343.166477,11.6289318,2.171999931335449
9624,104.296615,WISEA J004750.42-092422.9,q,11.9601545,-9.40638,1.7000000476837158
9636,167.300582,WISEA J024715.18-025631.7,q,41.8134341,-2.9422099,1.399999976158142
9638,26.648629,SDSS J094224.34+362122.9,Q,145.6014554,36.3563689,1.3609999418258667
9638,50.815868,SDSS J094224.71+362011.0,Q,145.6029993,36.3363908,2.746999979019165
9638,174.418712,SDSS J094235.80+362227.5,Q,145.649186,36.3743311,1.2100000381469727
9639,110.828157,SDSS J110413.44+451642.6,Q,166.0560349,45.2784979,3.427000045776367
9639,148.425315,SDSS J110354.65+451358.5,QX,165.9777448,45.2329398,1.0299999713897705
9644,156.964015,J224514.18-224627.0,X,341.3090867,-22.7741754,2.4000000953674316
9646,146.266317,2SLAQ J091754.75-001428.3,Q,139.4781212,-0.24119,1.3890000581741333
9647,122.566502,SDSS J124816.40+265235.3,Q,192.0683319,26.8764886,2.513000011444092
9647,124.278766,SDSS J124829.43+264946.9,Q,192.1226596,26.8297164,3.319000005722046
9647,156.135419,KUV 12461+2710,QX,192.13647,26.8868738,0.5860000252723694
9648,164.554411,SDSS J140344.84+092844.7,qX,210.9368867,9.4791129,1.0
9651,152.077433,SDSS J223117.41-022328.2,Q,337.8225414,-2.3911594,2.7769999504089355
9656,155.427393,J043150.10-050304.5,X,67.95875,-5.05125,
9658,144.023315,WISEA J050846.95-003258.7,q,77.1954193,-0.5494959,1.2000000476837158
9667,0.298672,MCG 6-34-024,NR,234.660409,36.958355,0.01899999938905239
9668,37.195376,J160825.32+575618.1,R,242.1055,57.9383612,
9683,146.762047,J135204.42+020153.3,X,208.0184167,2.0314723,
9685,142.514604,WISEA J145242.99+043407.9,q,223.1791355,4.5688361,0.8999999761581421
9688,122.096217,SVA1_COADD-2925783603,Q,42.9988028,-0.8666726,1.9880000352859497
9691,122.891821,WISEA J091644.63+454019.9,q,139.1859528,45.6722004,0.6000000238418579
9691,161.036617,SDSS J091703.55+454029.1,Q,139.2648308,45.6747636,2.255000114440918
9692,86.270422,SDSS J093521.20+344353.4,Q,143.8383592,34.7315243,2.1110000610351562
9692,134.807402,SDSS J093503.46+344419.4,Q,143.7644698,34.7387324,2.0789999961853027
9698,146.682264,SDSS J045841.02-003358.6,qX,74.6709501,-0.5662996,0.30000001192092896
9699,155.078053,SDSS J125703.71+290440.0,Q,194.2654926,29.0777726,2.869999885559082
9699,170.447593,SDSS J125703.24+290029.3,Q,194.263505,29.0081503,3.191999912261963
9701,128.962359,WISEA J174717.46+640020.0,qX,266.822449,64.0056493,0.30000001192092896
9703,156.021045,SDSS J001713.89+295538.2,Q,4.3078819,29.9273007,0.49399998784065247
9703,160.07308,WISEA J001704.51+295910.8,q,4.2688163,29.9863361,1.2000000476837158
9704,84.843184,SDSS J010026.08+304730.8,Q,15.1086826,30.7919264,2.2669999599456787
9704,171.254547,SDSS J010019.83+304658.0,Q,15.0826503,30.7827877,1.6970000267028809
9707,70.519688,SDSS J091837.06+134858.6,Q,139.6544349,13.8162875,1.194000005722046
9708,0.287525,MCG 11-12-008A,AR,141.2478203,65.4661551,0.028999999165534973
9711,130.26323,SDSS J172943.35+602154.3,Q,262.430636,60.3651059,1.9270000457763672
9712,85.899522,CTS A12.03,Q,345.0080337,-34.2221088,2.200000047683716
9713,95.659158,SDSS J232734.94+233605.7,QX,351.8955791,23.6015977,1.1540000438690186
9713,176.182571,SDSS J232729.00+233619.9,QX,351.8708384,23.6055439,0.9610000252723694
9714,162.7876,SDSS J020135.00+263341.0,Q,30.3958693,26.5614031,1.8339999914169312
9716,25.24028,J102709.90-031843.1,X,156.7912778,-3.3119723,
9716,42.811078,J102713.05-031907.0,X,156.8043889,-3.3186112,
9716,49.460268,WISEA J102706.89-031908.1,qX,156.778718,-3.3189153,0.6000000238418579
9717,117.098273,J125538.52+271311.6,X,193.9105278,27.2198889,
9717,168.664473,PGC 1802443,NX,193.9746103,27.2549291,0.17100000381469727
9718,70.005349,SDSS J130038.31+362130.5,Q,195.1596547,36.3584798,1.3209999799728394
9718,119.984771,SDSS J130035.87+362211.8,Q,195.1494894,36.3699461,1.7400000095367432
9726,145.044951,SDSS J110006.73+351701.7,Q,165.0280833,35.2837846,1.3769999742507935
9728,0.226612,NGC 6394,AR,262.5892904,59.6399061,0.02800000086426735
9733,36.423034,J013335.46-363515.5,X,23.3977798,-36.5876593,
9733,84.252059,J013331.72-363705.5,X,23.3821917,-36.6182116,
9734,27.498727,2SLAQ J021109.46-003855.9,Q,32.7894361,-0.6488671,1.437000036239624
9734,94.00531,SDSS J021108.56-003743.2,Q,32.7857026,-0.6286907,2.109999895095825
9737,72.116533,SDSS J080428.86+293114.9,Q,121.1202384,29.520816,1.0
9739,171.557345,WISEA J153153.67+821409.8,q,232.9737266,82.2360618,1.2999999523162842
9745,0.20064,Zw 493.002,ARX,324.6392943,32.0849388,0.02500000037252903
9746,173.04216,SDSS J223653.72+191105.9,Q,339.2238372,19.1849758,2.1089999675750732
9747,109.515929,WISEA J230900.36+120114.0,q,347.2515564,12.0205431,0.4000000059604645
9751,76.232664,J032627.42-212235.4,X,51.61425,-21.3765,
9752,159.271121,WISEA J044731.21-101527.8,qX,71.8800855,-10.2577027,0.5
9752,170.767985,J044733.63-101203.5,X,71.8901356,-10.2009774,1.0
9754,105.37521,PGC 213623,A,145.2397803,21.2208221,0.11900000274181366
9761,107.321332,SDSS J210944.89-084935.2,qX,317.4370422,-8.8264475,0.699999988079071
9765,100.205515,SDSS J062332.09+643255.7,Q,95.8838218,64.5487603,2.6559998989105225
9767,0.136711,NGC 3392,AX,162.7625082,65.7815549,0.010999999940395355
9767,173.245512,SDSS J105059.14+654945.1,Q,162.7464341,65.8292155,2.6029999256134033
9768,0.166642,IRASF 15480-0344,ARX,237.6729083,-3.8883338,0.029999999329447746
9768,37.181367,J155039.30-035335.0,X,237.6637578,-3.8930693,0.5
9768,148.717642,J155032.82-035430.3,X,237.6367819,-3.9084293,1.399999976158142
9768,152.414023,J155047.82-035517.3,X,237.6992799,-3.9214944,1.5
9771,172.588917,WISEA J205640.94-163434.1,q,314.1707189,-16.5760736,0.699999988079071
9778,38.978243,J075111.69+501100.4,X,117.7987223,50.1834445,
9778,74.034331,SDSS J075110.66+501026.5,qX,117.7944336,50.1740494,0.4000000059604645
9778,170.587578,UGC 4052,ARX,117.8375647,50.2360808,0.024000000208616257
9778,174.822567,SDSS J075131.33+501204.2,qX,117.8805456,50.201188,2.299999952316284
9782,126.148423,J165734.21+274853.0,X,254.3925556,27.8147223,
9782,132.57727,J165720.76+274927.0,X,254.3365278,27.8241815,
9782,140.485517,SDSS J165722.83+274846.8,qX,254.3451106,27.8129846,1.2000000476837158
9782,157.185952,SDSS J165731.82+275312.8,qX,254.3825654,27.8868683,1.100000023841858
9782,173.406927,NGC 6264,NX,254.3172304,27.8496141,0.03400000184774399
9786,102.848515,SDSS J023751.62+020614.2,Q,39.465119,2.1039656,2.99399995803833
9786,106.071497,SDSS J023748.52+020518.8,Q,39.4521789,2.0885604,1.8009999990463257
9786,165.22567,J023751.90+020209.8,R,39.4662672,2.0360754,1.2999999523162842
9790,157.472494,WISEA J134035.74+044757.5,q,205.1489117,4.7994268,1.600000023841858
9795,77.018072,SDSS J110903.12+284004.5,Q,167.2630125,28.6679375,1.4390000104904175
9798,74.024896,WISEA J214603.47-744931.1,q,326.5142093,-74.8252253,1.399999976158142
9802,16.151398,UVQSJ022054.52+003324.3,AR,35.2271667,0.55675,0.057999998331069946
9802,164.384251,SDSS J022043.03+003415.6,Q,35.1793016,0.5710268,2.7639999389648438
9806,50.704209,2E 1259+2807,AX,195.3672794,27.8518575,0.24199999868869781
9806,163.875986,SDSS J130141.28+275235.6,qX,195.4220123,27.8765831,0.30000001192092896
9807,107.314025,SDSS J165725.43+465156.5,Q,254.3559647,46.8657007,1.0920000076293945
9808,151.339082,SDSS J222428.77+322726.5,Q,336.1198516,32.4573761,2.4140000343322754
9809,44.968843,2QZ J023124.9-293435,K,37.8537918,-29.5764723,0.3630000054836273
9811,96.745326,WISEA J104801.03+142252.8,q,162.0042733,14.3814442,0.8999999761581421
9817,136.01274,WISEA J193551.71-572916.6,q,293.9654638,-57.487963,0.10000000149011612
9820,167.979517,SDSS J000411.71+104438.9,Q,1.0488166,10.7441486,1.524999976158142
9834,106.01094,J140614.60+021840.3,R,211.5608334,2.3111945,
9841,73.790044,J121114.90-464133.7,X,182.8121086,-46.6927187,
9842,164.137101,SDSS J131740.22+203649.4,Q,199.4176282,20.6137416,1.5360000133514404
9842,164.918207,SDSS J131719.14+203823.2,qR,199.3297752,20.6397886,1.399999976158142
9845,76.23802,WISEA J211114.19-202753.8,q,317.8091516,-20.4649548,0.10000000149011612
9846,69.969083,J231929.65+160320.1,X,349.8735816,16.0556054,
9850,153.036623,SDSS J080521.53+355437.3,Q,121.3397415,35.9103789,2.005000114440918
9850,164.831307,SDSS J080515.46+355748.4,Q,121.3144294,35.9634538,3.0329999923706055
9851,176.878184,SDSS J085526.72+073312.9,Q,133.8613598,7.5536093,2.687999963760376
9853,142.852741,2SLAQ J143541.66+000128.4,N,218.9235994,0.02456,0.029999999329447746
9854,120.099564,SDSS J163703.42+362435.0,QX,249.2642773,36.409748,2.502000093460083
9857,123.618725,WISEA J212854.81-414659.8,q,322.2284045,-41.7832337,1.2999999523162842
9859,152.149063,SDSS J013650.74+055229.3,Q,24.2114221,5.8748301,2.4839999675750732
9859,173.796923,WISEA J013642.27+055245.6,q,24.1761441,5.8793505,0.800000011920929
9867,137.306884,WISEA J202121.31-443824.7,q,305.3387374,-44.6402383,1.7000000476837158
9870,28.111047,SDSS J225446.78+321233.0,Q,343.6949269,32.2091916,0.8560000061988831
9877,154.812408,SDSS J133332.96+545902.4,Q,203.3873817,54.9840492,1.7829999923706055
9877,170.767716,SDSS J133309.67+545446.5,Q,203.2903347,54.9129297,1.2020000219345093
9878,139.774109,WISEA J142032.78+065333.9,q,215.1366273,6.8927691,0.6000000238418579
9879,156.250762,UGC 9258,N,216.8733907,4.7797434,0.02800000086426735
9880,173.110438,SDSS J152209.06+135833.8,QRX,230.5377843,13.9760534,1.7979999780654907
9882,166.629305,SDSS J222815.70+170746.5,A,337.06545,17.12959,0.5879999995231628
9883,72.225994,SDSS J003926.20+022716.9,Q,9.859204,2.4547066,1.559000015258789
9886,118.481568,J031037.22+042127.8,X,47.6551106,4.3577439,2.4000000953674316
9886,179.248451,LAMOSTJ031041.36+042226.4,Q,47.6723423,4.3740429,2.3440001010894775
9889,0.222005,UGC 4042,NR,117.5001015,30.0249474,0.02800000086426735
9889,63.499363,SDSS J075000.13+300026.4,Q,117.5005729,30.0073571,2.3299999237060547
9893,24.449698,J234254.60-033904.6,R,355.7274994,-3.6512901,2.299999952316284
9897,51.238018,SDSS J012110.98+012158.9,Q,20.2957582,1.3663717,1.8819999694824219
9897,176.081076,SDSS J012107.55+011928.1,Q,20.2814808,1.3244743,0.6259999871253967
9899,133.620425,WISEA J023328.51-201259.2,q,38.3688043,-20.2164703,1.5
9900,132.138628,J030410.03+203357.5,X,46.0417923,20.5659847,0.5
9900,172.155711,LAMOSTJ030403.83+203625.2,Q,46.0159596,20.607004,2.2890000343322754
9907,160.757416,SDSS J012731.33-061036.1,qX,21.8805341,-6.176698,1.899999976158142
9910,67.809196,WISEA J075425.51+541546.4,q,118.6062977,54.2628998,2.0999999046325684
9911,155.240993,SDSS J105850.29+251049.3,QR,164.7095297,25.1803599,2.1470000743865967
9912,114.790409,WISEA J111011.11+633652.4,q,167.546309,63.6145722,2.700000047683716
9914,28.029024,SDSS J130853.88+281129.4,Q,197.2245561,28.191527,1.7890000343322754
9914,110.921109,SDSS J130900.57+280949.8,Q,197.2524125,28.1638347,2.197999954223633
9917,159.605055,SDSS J163049.82+350449.5,Q,247.7076057,35.0804362,0.9599999785423279
9917,160.306044,SDSS J163044.56+350058.8,Q,247.6856931,35.0163487,0.9210000038146973
9925,67.850186,SDSS J095451.44+374015.9,Q,148.7143612,37.671078,2.0209999084472656
9927,0.687728,UGC 10593,NRX,253.07825,55.9054723,0.028999999165534973
9927,161.652888,J165202.49+555544.8,X,253.0104127,55.9291225,1.100000023841858
9933,0.205153,NPM 1G-18.0288,A,134.6173468,-18.7880656,0.012000000104308128
9934,150.785467,SDSS J090807.72+414420.3,Q,137.0322125,41.7389634,1.437999963760376
9937,61.901321,SDSS J104946.10+515237.9,Q,162.4421058,51.8772036,3.4089999198913574
9944,106.964387,LAMOSTJ000852.97+154806.7,QX,2.220714,15.8018371,0.8569999933242798
9949,0.192149,ESO 424-12,AX,85.8873249,-27.651408,0.008999999612569809
9951,93.912469,SDSS J102627.09+453400.2,Q,156.6128677,45.5667154,0.859000027179718
9951,127.49288,SDSS J102620.44+453233.7,Q,156.5852032,45.5427073,2.872999906539917
9951,129.662031,SDSS J102614.59+453641.4,Q,156.5607744,45.6115059,1.2730000019073486
9952,133.733243,J120906.88+291653.3,X,182.2786945,29.2814723,
9952,152.589179,SDSS J120902.22+291228.2,qX,182.2592589,29.2078162,1.2000000476837158
9952,158.535774,SDSS J120906.92+291239.0,qX,182.2788319,29.2108763,1.399999976158142
9957,15.740213,J162558.48+435735.3,X,246.4936945,43.9598056,
9963,76.539122,SDSS J075525.34+532046.5,Q,118.8556278,53.3462658,1.6100000143051147
9963,132.51511,SDSS J075531.47+531833.1,Q,118.8811529,53.309201,1.3270000219345093
9965,131.562997,J125236.94+262943.7,X,193.1539358,26.4954934,0.5
9968,0.056176,PGC 133238,NR,316.9996972,-29.8358243,0.01899999938905239
9971,128.185471,WISEA J025044.77+155835.2,q,42.6865661,15.9764696,2.4000000953674316
9973,145.833179,J030533.04-164508.8,R,46.3876869,-16.7524515,1.2999999523162842
9976,117.416287,J130416.59-302405.7,X,196.0691516,-30.4015983,
9978,69.898481,SDSS J144056.62+030910.7,N,220.2359057,3.1530173,0.08299999684095383
9979,134.91114,J184556.48-625923.6,X,281.4853385,-62.9899038,
9981,118.323024,J011137.68-455710.7,X,17.907017,-45.9529796,
9985,173.945095,WISEA J074612.33+570415.6,q,116.55145,57.0709819,0.800000011920929
9988,36.499567,SDSS J113233.07+545611.1,QX,173.1378039,54.9364173,0.9459999799728394
9988,87.899743,SDSS J113224.36+545603.1,QX,173.1014988,54.9341904,2.125
9988,137.613513,SDSS J113237.09+545320.4,Q,173.1545666,54.8890285,2.1610000133514404
9988,160.882496,SDSS J113235.27+545816.2,QX,173.1469652,54.9711433,0.8690000176429749
9992,144.212278,SDSS J203226.29-211221.3,qX,308.109537,-21.2059568,0.30000001192092896
9995,0.159489,UGC 3134,NRX,70.4510841,-1.301882,0.028999999165534973
9995,79.303135,J044148.49-011647.4,X,70.4520556,-1.2798334,
9997,128.462463,Q J13070+2832,Q,196.7693889,28.5442223,1.562999963760376
10837,179.409525,J072946.54+542433.0,R,112.4439445,54.4091667,
10838,122.962766,SDSS J091356.19+622135.6,Q,138.48415,62.359912,0.5879999995231628
955,2.83077,NGC 2782,NRX,138.5216389,40.1145,0.00800000037997961
955,49.146121,J091404.24+400737.6,X,138.5176667,40.1271112,
955,62.641148,J091409.89+400619.1,X,138.5412223,40.1053056,
955,71.579378,J091400.54+400600.8,X,138.5022778,40.1002223,
955,100.368492,SDSS J091359.19+400535.6,QX,138.4966546,40.0932297,2.13700008392334
955,105.018012,J091414.22+400700.9,X,138.55925,40.1169167,
955,139.464087,J091401.36+400902.1,X,138.5056748,40.1505946,
955,163.841135,SDSS J091356.98+400904.1,QX,138.4874417,40.1511664,1.1440000534057617
21010,0.189657,UGC 5019,NRX,141.4815709,24.1388945,0.032999999821186066
21010,125.271103,J092602.97+240934.1,X,141.5123889,24.1594723,
10839,143.808792,SDSS J132710.28+552650.5,Q,201.7928428,55.4473661,2.0209999084472656
10839,158.863711,SDSS J132715.90+553148.8,Q,201.8162702,55.5302348,2.240000009536743
21012,103.725537,HE 1001-1453,AX,150.9246539,-15.1357819,0.34200000762939453
10840,54.890984,PGC 1366409,N,203.2138504,9.5297795,0.07500000298023224
957,0.129971,NGC 7135,NR,327.4416664,-34.8762749,0.007000000216066837
957,64.487833,J214951.24-345238.5,X,327.4635047,-34.8773614,
960,124.351667,WISEA J130555.26-294516.1,q,196.4802331,-29.754511,0.5
10843,176.270929,SDSS J235750.32+092608.8,Q,359.4596797,9.435807,1.5080000162124634
10844,104.853222,SDSS J001801.02-091801.4,Q,4.5042801,-9.3003939,1.5609999895095825
962,165.453249,PKS 1203-26,QR2X,181.3883841,-26.5679044,0.7860000133514404
21018,156.674948,WISEA J212038.86-484246.3,q,320.1619067,-48.7128609,0.30000001192092896
10845,132.893661,WISEA J010523.81-462117.5,q,16.3492621,-46.3548619,1.0
21019,101.065158,LAMOSTJ003131.53+061324.8,Q,7.8814113,6.2235549,1.5199999809265137
21019,120.00703,SDSS J003132.15+061343.3,Q,7.8840114,6.2287178,2.634999990463257
21019,178.860718,SDSS J003136.42+061355.3,Q,7.901798,6.2320576,1.4739999771118164
10846,0.137797,6dF J010526.8-421258,NX,16.3617099,-42.2161906,0.029999999329447746
21022,152.096743,J035819.90-715552.2,X,59.5829177,-71.9311694,
10850,142.769147,SDSS J114307.68+272201.5,Q,175.7819919,27.3670923,2.5420000553131104
972,16.22548,J011945.32+032450.4,X,19.9388612,3.414,
972,33.93586,J011942.76+032422.5,X,19.9281945,3.40625,
972,90.753037,NGC 470.68,QX,19.9540834,3.391495,1.875
972,93.203561,NGC 470.68D,QX,19.9512473,3.3883956,1.5329999923706055
972,137.337975,SDSS J011949.18+032234.7,qX,19.9549359,3.376327,1.399999976158142
972,176.124134,SDSS J011935.59+032247.0,QX,19.8983265,3.3797451,1.2740000486373901
10851,0.222049,IC 753,NR,179.8036857,-0.5238097,0.020999999716877937
10851,171.601283,SDSS J115905.23-003333.7,Q,179.7718269,-0.5593498,1.3680000305175781
21025,130.443298,WISEA J060953.40-452424.4,q,92.4725095,-45.4068231,1.100000023841858
973,159.473199,SDSS J140257.04+344256.5,Q,210.7376924,34.715704,2.4820001125335693
21026,116.047363,J090422.12+172433.6,R,136.0922033,17.4093611,0.699999988079071
21026,169.146013,SDSS J090405.78+172714.6,Q,136.0240829,17.4540653,1.4850000143051147
974,105.545429,J105032.08-124943.3,X,162.6336738,-12.828707,0.6000000238418579
974,155.682961,J105036.23-124954.8,X,162.6509755,-12.8319047,2.5999999046325684
10852,43.290208,SDSS J122739.22+121825.4,QR,186.9134294,12.307079,1.7369999885559082
21027,32.739473,SDSS J092710.91+230235.8,Q,141.795491,23.0433044,2.5820000171661377
21027,110.808427,UGC 5037,ARX,141.8271025,23.0200754,0.026000000536441803
975,0.34974,NGC 1058,NRX,40.8751031,37.3413355,0.0020000000949949026
21028,139.040638,2QZ J131221.9-022524,QX,198.0913094,-2.423543,1.8389999866485596
10854,113.928432,SDSS J235510.92-034633.4,Q,358.7955249,-3.775952,1.4390000104904175
976,136.618232,SDSS J235054.63+200938.6,QX,357.7276374,20.1607269,3.1700000762939453
21029,151.28741,SDSS J163208.52+403310.5,Q,248.035506,40.5528975,1.184000015258789
977,28.04592,J044212.90-202621.7,X,70.5537778,-20.4393612,
977,123.955705,J044222.98-202530.1,X,70.59575,-20.4250418,2.5
10858,86.343063,SDSS J084526.75+550546.8,Q,131.3614863,55.0963506,1.6180000305175781
10858,172.327087,SDSS J084522.94+550415.2,Q,131.3456025,55.0709047,0.7409999966621399
21034,150.001216,SDSS J224837.92+273904.8,A,342.1580155,27.6513601,0.125
21035,152.234152,WISEA J030958.56-115648.0,q,47.4940444,-11.9466872,0.4000000059604645
982,61.411588,J233535.17+151800.2,R,353.8965556,15.3000556,
21036,127.733506,WISEA J041904.49-023353.8,q,64.7687162,-2.5650019,2.5
983,91.51542,J123401.03+111822.7,X,188.5043056,11.3063056,
983,115.771747,SDSS J123358.47+111947.0,QX,188.4936326,11.3297374,0.7480000257492065
983,124.439973,SDSS J123410.72+111732.6,QX,188.5446681,11.2923977,0.8159999847412109
983,128.66386,J123414.60+111944.1,X,188.560872,11.328923,
983,141.530679,SDSS J123400.88+111717.2,qX,188.5036849,11.2881302,2.299999952316284
10861,0.192106,NGC 5214,AR,203.2029654,41.8718431,0.027000000700354576
10861,93.012825,SDSS J133253.53+415334.4,QR,203.2230825,41.8929069,1.4910000562667847
10861,119.281007,SDSS J133245.89+415023.4,Q,203.1912731,41.8398645,0.3970000147819519
984,150.381736,NGC 5296 BSO1,Q,206.5633828,43.8389392,0.9710000157356262
985,60.924818,J140953.05+173242.3,R2,212.4710556,17.5450834,
21039,57.085883,SDSS J092740.37+590759.9,Q,141.9182303,59.133322,2.4010000228881836
10864,168.792235,WISEA J163757.62-012407.3,q,249.4901233,-1.402061,0.5
986,81.606111,J105209.43+325543.8,X,163.0393056,32.9288334,
986,86.12817,WISEA J105209.97+325825.6,qX,163.0415536,32.9738095,0.699999988079071
21040,0.04662,UGC 5356,N,149.7877103,50.9879721,0.026000000536441803
21040,155.855217,SDSS J095908.24+510152.3,Q,149.7843343,51.0312116,1.6419999599456787
987,28.063125,NGC 5929,NRX,231.5256604,41.6706601,0.00800000037997961
10865,0.353526,UGC 40,NR,1.4516139,27.4494021,0.02500000037252903
989,148.903757,WISEA J034339.98-354845.9,q,55.9164345,-35.8128035,1.2000000476837158
10866,103.967421,WISEA J002725.32-045221.7,q,6.8555355,-4.8727003,2.4000000953674316
10866,133.938643,SDSS J002724.51-045133.1,Q,6.8521389,-4.8591817,0.5379999876022339
21044,46.601653,WISEA J132538.53-130825.4,q,201.4105927,-13.1404706,2.0
992,73.555465,SDSS J143231.32+495519.0,AX,218.1305397,49.9219252,0.24799999594688416
21047,142.92548,WISEA J172332.71+520238.1,q,260.8863394,52.0440792,1.7000000476837158
993,41.098289,J214115.17-635400.4,X,325.3132223,-63.9001112,
993,71.925099,J214109.56-635503.9,X,325.2898431,-63.9177755,
993,99.470114,WISEA J214106.63-635525.6,qX,325.2777005,-63.9238055,0.800000011920929
993,103.773414,J214125.01-635254.7,X,325.3542223,-63.8818612,
993,144.43625,J214115.98-635208.5,X,325.3165928,-63.8690363,
993,160.900107,WISEA J214121.26-635150.9,qX,325.3385677,-63.8641532,0.4000000059604645
10870,44.052053,J093322.18+340259.0,X,143.3424167,34.0497223,
10870,137.758641,J093317.09+340419.9,X,143.3212482,34.0721985,1.2999999523162842
994,133.493557,WISEA J135608.56-302133.9,qR,209.0356797,-30.3594281,0.30000001192092896
994,154.85629,J135610.58-302128.8,R,209.044103,-30.3580146,
21053,60.246203,WISEA J010440.30-465656.5,q,16.1679655,-46.9490378,0.6000000238418579
997,101.095763,J132032.83-434304.1,X,200.1368056,-43.7178056,
999,130.633072,SDSS J113914.08+561423.6,Q,174.8086582,56.2399076,0.9179999828338623
10875,133.8948,WISEA J143722.27-360528.0,q,219.3427792,-36.0911635,0.800000011920929
21056,105.515405,J111005.70+215721.7,X,167.52375,21.9560278,
21056,138.365637,SDSS J111011.96+215827.0,qX,167.5498453,21.9741604,1.100000023841858
10876,113.704849,WISEA J220246.79-334950.8,q,330.694882,-33.8309711,1.600000023841858
10876,148.76451,WISEA J220251.44-334941.5,q,330.7143663,-33.8281927,0.6000000238418579
1002,144.347097,SDSS J103303.47+282904.0,Q,158.2644896,28.4844522,2.5969998836517334
1002,161.484979,SDSS J103300.19+283311.1,Q,158.2508273,28.5530851,2.0940001010894775
1003,106.636235,J201019.66-481813.6,X,302.5819445,-48.3037778,
1003,138.800995,J201024.39-481642.0,X,302.6016389,-48.2783334,
21059,0.081577,MCG 9-19-205,NX,177.4403359,50.5270134,0.026000000536441803
21059,156.390341,SDSS J114939.14+503400.6,Q,177.4130957,50.5668548,4.302000045776367
21060,68.438746,UGC 7064,ARX,181.1805137,31.1772669,0.02500000037252903
21060,115.409481,J120436.18+310937.0,X,181.15075,31.1602778,
21060,138.618223,SDSS J120454.83+310832.2,qX,181.2284973,31.1423039,2.0999999046325684
21061,173.26726,J123429.02+275119.5,X,188.6209445,27.8554167,
21062,101.661,SDSS J125618.30+274643.4,Q,194.076293,27.7787699,2.568000078201294
1007,0.03168,NGC 835,NRX,32.3525,-10.1358612,0.013000000268220901
1007,38.612691,J020922.20-100753.8,X,32.3425,-10.1316112,
1007,49.603339,J020927.57-100746.2,X,32.3649145,-10.1295058,
1007,56.369807,NGC 833,NRX,32.3368456,-10.1330935,0.013000000268220901
1007,132.735125,J020933.55-100821.0,X,32.3898056,-10.1391667,
1007,156.141602,J020914.36-100729.8,X,32.3098612,-10.1249445,
1008,0.311309,NGC 3081,ARX,149.8730984,-22.8263189,0.007000000216066837
10882,104.866877,SDSS J111116.30+435416.9,qX,167.8179446,43.9047262,0.6000000238418579
10882,112.593478,SDSS J111129.44+435611.4,Q,167.8727005,43.9365132,1.4049999713897705
10882,149.575485,SDSS J111121.35+435646.2,QX,167.838921,43.9461671,2.0260000228881836
1010,135.452274,WISEA J143744.13+021934.9,qX,219.4338954,2.3263777,1.0
21066,34.048608,SDSS J170406.61+312841.4,Q,256.0275437,31.4781746,1.2480000257492065
1011,92.247016,SDSS J015039.09+214411.1,Q,27.6629422,21.7363798,1.7319999933242798
1011,140.836008,SDSS J015036.43+214735.7,Q,27.6517991,21.7932595,1.9809999465942383
10885,165.473328,WISEA J151802.34+132853.2,q,229.5097837,13.481454,0.5
21069,155.873999,SDSS J214840.91+292304.7,Q,327.17046,29.3846083,1.8270000219345093
1014,159.155369,SDSS J122429.81+392037.8,Q,186.1242938,39.3438348,1.0160000324249268
10887,99.202043,WISEA J175500.26+283226.1,qX,268.751067,28.5405815,0.4000000059604645
21071,169.106259,WISEA J033911.40-093828.8,q,54.7975359,-9.6413176,1.600000023841858
1016,61.130283,J122343.05+070304.1,X,185.9293889,7.0511389,
1016,105.460668,SDSS J122336.47+070452.8,QX,185.9019972,7.0813501,2.361999988555908
1016,119.130977,J122338.75+070513.4,X,185.9114723,7.0870556,
1016,150.897276,J122332.20+070122.4,X,185.8841945,7.0228889,
1016,173.284596,J122328.16+070417.3,X,185.8673334,7.0714723,
10890,89.668246,SDSS J023811.80-035731.2,Q,39.5491905,-3.9586954,2.614000082015991
10890,160.973575,SDSS J023824.12-035709.0,Q,39.6005427,-3.9525139,1.3240000009536743
1019,156.217712,SDSS J151132.98+594607.7,Q,227.8873768,59.7687941,0.5759999752044678
1019,165.832606,SDSS J151200.43+594714.9,Q,228.0017993,59.7874968,0.9559999704360962
10891,0.050831,MCG +08.13.022,NR,103.1541256,45.780621,0.020999999716877937
21077,0.109144,NPM 1G-18.0386,ARX,176.4186059,-18.4541563,0.032999999821186066
21077,10.400619,J114539.85-182709.1,X,176.4160556,-18.4525278,
21077,13.762948,J114541.38-182719.0,X,176.4224307,-18.4552888,
21077,30.334512,J114539.98-182744.4,X,176.4166175,-18.4623459,0.30000001192092896
10892,138.299704,SDSS J091635.38+434143.8,Q,139.1473915,43.6955017,1.24399995803833
21079,139.174315,WISEA J174547.31+605610.0,q,266.4471658,60.9361162,0.699999988079071
21082,78.905295,J024938.45-311005.6,X,42.4102223,-31.1682223,
10895,0.056615,MCG 9-18-016,NR,161.1592348,56.3696745,0.024000000208616257
1024,162.473008,J084820.21+740825.2,X,132.0842223,74.1403334,
1026,53.333901,J124725.68-411345.0,X,191.857019,-41.2291668,
1026,64.433213,WISEA J124724.70-411319.7,qX,191.8529054,-41.2221271,0.5
1027,1.176505,UGC 12282,ARX,344.7304723,40.9325834,0.017000000923871994
21087,0.319835,NPM 1G+23.0150,ARX,120.0168768,23.4378477,0.028999999165534973
21087,65.952568,J080004.39+232510.5,RX,120.0183056,23.4195834,
21087,127.69488,SDSS J080002.90+232823.0,Q,120.0120927,23.4730592,0.906000018119812
21087,156.680449,SDSS J075952.85+232646.3,QX,119.970224,23.4462022,1.7000000476837158
21087,159.95988,J080004.02+232336.3,X,120.0167778,23.3934167,
10899,74.765264,WISEA J202350.78-260052.0,q,305.9616365,-26.0144746,0.20000000298023224
21091,92.664367,SDSS J144633.22+314037.8,Q,221.6384365,31.6771591,2.4730000495910645
21091,149.517368,SDSS J144635.14+314424.7,N,221.64644,31.740211,0.5419999957084656
10902,79.152001,WISEA J073455.10+650035.8,q,113.7297924,65.0098848,1.2000000476837158
1032,90.226029,CXOCY J22020-3159,QX,330.5063889,-31.9980556,2.5510001182556152
1032,124.318717,CXOCY J22019-3159,QX,330.4791667,-31.9925,1.7350000143051147
1032,137.511593,CXOCY J22020-3156,NX,330.51725,-31.9356389,0.32199999690055847
1032,140.174226,CXOCY J22019-3156,N,330.4841667,-31.9436112,0.4950000047683716
1032,178.125535,J220207.44-315535.5,X,330.5310356,-31.926552,
21093,149.761609,WISEA J161340.07+620637.4,qX,243.4170087,62.1103696,1.0
21094,137.258961,SDSS J162119.16+584149.4,Q,245.3298698,58.6970623,2.194999933242798
21094,147.053183,SDSS J162129.00+583940.7,Q,245.370843,58.6613155,2.1710000038146973
21097,77.127793,2QZ J215157.2-272423,K,327.9883334,-27.4064167,0.23199999332427979
10907,125.145553,J140537.84+654159.6,2,211.4076945,65.6998889,
1041,129.085511,WISEA J033400.30-311001.7,qX,53.5013024,-31.1671673,0.30000001192092896
1043,143.75081,WISEA J184438.64-731812.0,qX,281.1609918,-73.3033495,1.100000023841858
10910,121.076147,SDSS J003343.31+304202.8,Q,8.4305154,30.7007866,1.3869999647140503
10910,175.359295,SDSS J003356.56+304559.7,Q,8.4856892,30.7666018,1.2079999446868896
1044,1.817934,NGC 6812,AR,296.3513334,-55.3464445,0.014999999664723873
10913,98.504534,WISEA J015641.65-435954.9,q,29.1735678,-43.9985913,1.2999999523162842
1048,124.822017,SDSS J142036.94+393954.4,QX,215.1539427,39.665127,1.2400000095367432
1049,165.412736,J104639.42+631609.6,X,161.66425,63.2693334,
21100,159.166417,SDSS J012640.45+344218.0,qX,21.6685696,34.7050095,1.0
21100,175.032631,J012617.50+344131.0,X,21.5729167,34.6919445,
21101,99.303531,WISEA J014124.83-461408.6,q,25.3534507,-46.2356374,1.7999999523162842
1051,107.488097,WISEA J153040.96-024831.7,qR,232.6707001,-2.8087752,0.5
21103,168.736717,WISEA J022830.78-104226.6,q,37.1282586,-10.7073919,0.20000000298023224
1053,0.389672,NGC 7496,NR,347.4470349,-43.4278523,0.004999999888241291
21104,177.6037,J024217.46+423336.9,X,40.57275,42.56025,
1054,115.212351,J125944.38+275740.3,X,194.9349445,27.9611945,
1054,126.778467,J125939.08+275932.4,X,194.9128334,27.9923334,
1054,175.110476,J125944.60+275943.3,X,194.9358334,27.9953612,
1054,177.313432,J125949.03+275718.3,X,194.9543194,27.9550913,0.5
10920,102.354843,WISEA J130723.23-450021.9,q,196.846768,-45.0061626,1.2000000476837158
21113,18.731868,WISEA J142601.50+080655.2,qX,216.5062863,8.1153408,1.2000000476837158
21113,122.224414,SDSS J142602.67+080842.8,Q,216.5111428,8.1452273,1.996000051498413
1061,162.696769,SDSS J140106.66+591911.0,Q,210.2777162,59.3197173,0.9369999766349792
1061,170.656025,SDSS J140059.10+592200.4,Q,210.246269,59.3667832,2.734999895095825
21116,170.49301,2QZ J233053.7-274302,Q,352.7239226,-27.7172334,0.9900000095367432
1063,1.537447,NGC 1358,NRX,53.4149723,-5.0895,0.014000000432133675
1063,166.056858,J033330.69-050659.7,X,53.3779046,-5.1166023,1.7999999523162842
1063,174.282938,J033331.47-050725.9,X,53.3811543,-5.1238846,2.4000000953674316
21120,167.990705,SDSS J014935.97+132247.3,Q,27.3998775,13.3798226,1.968999981880188
1067,46.129517,SDSS J115045.18+515013.2,Q,177.6882496,51.8369993,2.253999948501587
1067,158.514472,SDSS J115100.45+515043.9,Q,177.7518543,51.8455553,1.4950000047683716
1068,105.047682,WISEA J190147.77-535036.0,q,285.4493666,-53.8434348,1.5
1071,87.768515,WISEA J110639.05-373926.5,q,166.6626107,-37.6574692,0.5
10935,0.371132,IC 907,NR,204.8458704,51.0510641,0.014999999664723873
21128,0.25627,PGC 3096295,AX,207.87293,-18.2295398,0.012000000104308128
10936,176.29042,WISEA J140834.89-335317.0,q,212.1454217,-33.8880629,0.10000000149011612
1073,46.457509,J082038.99+210400.4,X,125.1624723,21.0667778,
1074,97.286532,J134620.04+460751.3,X,206.5835278,46.1309167,
10940,63.043014,LAMOSTJ075952.47+565556.5,Q,119.9686126,56.9323238,1.128000020980835
10940,142.827142,WISEA J075953.39+565232.5,q,119.9723607,56.8756301,2.299999952316284
21134,120.911295,WISEA J224818.75+315707.1,q,342.0781286,31.9519774,0.6000000238418579
1078,157.118602,WISEA J095714.24-321631.4,q,149.3093556,-32.2753906,1.2999999523162842
21135,28.974357,SDSS J233208.78+031211.9,Q,353.0365882,3.2033251,1.253000020980835
10941,143.36395,J080810.70+144809.1,R,122.0445834,14.8025278,
1081,134.309118,2QZ J231304.2-282201,K,348.2674589,-28.3669723,0.1809999942779541
21137,42.870354,SDSS J014134.65-022447.9,Q,25.3944034,-2.4133094,1.2869999408721924
21137,112.443636,SDSS J014127.04-022328.1,Q,25.3627235,-2.3911498,0.7940000295639038
21137,175.085249,SDSS J014140.23-022136.5,Q,25.417646,-2.3601619,2.563999891281128
10943,150.044406,WISEA J133127.82+461052.7,q,202.8659035,46.181339,0.800000011920929
10943,155.58917,SDSS J133147.51+461100.9,Q,202.9479742,46.1836025,1.3990000486373901
1084,0.477094,NGC 6890,ARX,304.5754371,-44.8068702,0.00800000037997961
10946,101.618642,WISEA J171536.72+292356.9,q,258.9031372,29.3992519,0.800000011920929
1088,106.98339,SDSS J124817.68+110040.8,QRX,192.0736934,11.0113546,0.6449999809265137
1088,144.326866,SDSS J124824.87+105905.5,Q,192.1036386,10.9848865,0.6449999809265137
21145,156.353211,SDSS J115135.86+351047.6,Q,177.8994336,35.1798907,1.4670000076293945
10948,41.02942,WISEA J214224.49+135421.1,qR,325.60204,13.9058771,1.2999999523162842
21148,89.349702,SDSS J135222.80+022214.3,Q,208.0949859,2.370609,2.505000114440918
21148,105.561371,SDSS J135218.08+022202.8,Q,208.0753272,2.36744,1.5800000429153442
10949,96.678497,SDSS J234047.60+043354.9,Q,355.1983672,4.5652721,2.003999948501587
10949,112.770123,SDSS J234055.92+043351.9,Q,355.2329933,4.5644466,2.427000045776367
1093,124.994719,WISEA J034709.13-334428.3,q,56.7880533,-33.7412001,0.4000000059604645
21150,97.095933,J163444.26+401209.0,X,248.6844445,40.2025,
1095,58.921271,J030601.44-390145.8,X,46.5060336,-39.0293908,
10952,84.866062,WISEA J035642.30+272309.6,q,59.1762458,27.3859991,0.800000011920929
1098,115.590318,SDSS J105107.93+054919.2,qX,162.7830734,5.8220018,1.5
1098,120.784165,PGC 1289478,AX,162.8142463,5.8068397,0.0689999982714653
1098,157.879274,J105114.72+055302.1,X,162.8113334,5.8839167,
21156,0.224821,MCG 3-57-031,AR,340.4831525,20.2614915,0.024000000208616257
21156,90.110038,SDSS J224151.10+201640.4,Q,340.4629568,20.2778966,3.2209999561309814
21157,138.045414,J033756.17+100018.6,X,54.484056,10.0051922,0.10000000149011612
10956,0.128772,IC 551,A,145.2504969,6.9360762,0.028999999165534973
21158,105.400973,SDSS J081635.90+234852.9,Q,124.1495795,23.8146945,1.4149999618530273
21158,143.660541,SDSS J081637.10+234721.6,Q,124.1546248,23.7893407,1.3650000095367432
21159,83.957472,SDSS J082611.30+455720.7,Q,126.5470945,45.9557595,2.8359999656677246
21159,157.300017,SDSS J082558.37+455538.7,Q,126.4932005,45.9274339,1.6410000324249268
21160,149.839534,SDSS J084301.88+453734.8,Q,130.757803,45.6263507,1.2949999570846558
10960,85.209383,WISEA J123247.70-054253.2,q,188.1987772,-5.7147852,0.20000000298023224
1106,1.323894,NGC 3254,NX,157.3330556,29.4918056,0.004999999888241291
1106,161.547023,J102917.23+292651.5,X,157.3218056,29.4476389,
1106,165.335739,SDSS J102916.46+293208.3,QX,157.3186393,29.5356311,1.2389999628067017
1107,68.032321,J024504.67-554327.2,X,41.2694723,-55.7242223,
21165,150.616464,SDSS J120913.75+324125.5,Q,182.3073152,32.6904249,1.6080000400543213
1108,0.072691,NGC 3041,A,148.2797686,16.6776605,0.004999999888241291
1110,141.24798,SDSS J023923.47-081005.0,Q,39.8478243,-8.168074,4.015999794006348
21167,178.372829,J125954.70+280510.4,X,194.9779167,28.0862223,
21168,0.249161,IC 4514,AX,222.7309685,27.5785412,0.029999999329447746
1111,0.375798,NGC 1218,ARX,47.1092701,4.1109156,0.028999999165534973
21169,134.825269,SDSS J145201.06+051800.4,Q,223.0044251,5.3001319,2.2690000534057617
10965,111.516105,WISEA J173028.64+233619.3,q,262.6193774,23.605347,1.2000000476837158
21170,129.018975,SDSS J162849.46+515359.3,Q,247.2061218,51.8998181,0.6729999780654907
21172,111.667243,WISEA J174942.94+072555.7,q,267.4289175,7.4322443,0.800000011920929
21174,79.517947,SDSS J234743.47+273151.7,Q,356.9311623,27.5310701,3.503999948501587
1119,155.319226,J134908.99-071558.6,X,207.2874622,-7.2662976,0.8999999761581421
21175,121.80346,6dF J000153.4-302509,QR,0.4725133,-30.4192337,1.3029999732971191
10973,135.977999,SDSS J114135.79+275204.8,Q,175.3991768,27.8680329,0.8410000205039978
21178,0.34364,MCG 4-22-048,AX,141.367717,23.6086131,0.032999999821186066
10974,49.400607,J120609.48+281431.4,X,181.5395,28.2420556,
10974,165.462422,J120610.27+281141.6,X,181.5428056,28.1948889,
21180,111.506948,WISEA J115212.58-460148.3,q,178.0524191,-46.0300978,1.0
21180,117.576406,WISEA J115157.19-460422.9,q,177.9882979,-46.0730549,2.0
21181,142.661772,SDSS J124815.72+263837.2,Q,192.0654974,26.6436912,2.319999933242798
21182,121.584465,SDSS J125737.91+311437.8,Q,194.407977,31.2438409,1.0540000200271606
1128,0.131016,NGC 4686,NRX,191.6661389,54.5342223,0.017000000923871994
1129,145.952001,WISEA J181620.20-713716.1,q,274.0846861,-71.6212191,1.2999999523162842
10980,148.558986,2QZ J220647.1-310457,Q,331.6963334,-31.0823889,0.5960000157356262
10981,132.860616,SDSS J231141.58+310227.9,Q,347.9232511,31.0411006,2.134999990463257
1134,28.959843,J124134.46+410840.4,X,190.3936112,41.1445556,
1134,137.556907,SDSS J124124.65+411044.6,Q,190.3527242,41.1790678,1.621000051498413
21191,141.545023,J113819.73-232630.6,X,174.5822087,-23.4418548,1.7999999523162842
10982,118.340979,SDSS J002609.53-042930.4,Q,6.5397406,-4.491804,2.7799999713897705
10982,124.245622,SDSS J002618.36-042729.0,Q,6.5765328,-4.4580384,0.781000018119812
1135,0.224842,NGC 6251,NX,248.133194,82.5378894,0.024000000208616257
1135,14.349022,J163225.22+823222.7,RX,248.1050834,82.5396389,
1138,81.013163,J131924.77-144945.7,X,199.8532361,-14.8293716,1.2999999523162842
1138,100.785707,J131919.96-145220.6,X,199.8331667,-14.8723889,
1141,177.06088,SDSS J011908.40+031507.9,QX,19.7850329,3.2521697,2.052000045776367
21200,108.289015,J232250.24-005817.1,X,350.7093476,-0.9714376,0.5
21200,162.173381,J232302.68-005914.9,X,350.7611945,-0.9874723,
10989,88.277564,SDSS J120922.31+413558.7,Q,182.3429851,41.599643,1.9730000495910645
10989,112.42774,SDSS J120906.05+413557.3,Q,182.2752173,41.5992606,1.5460000038146973
1142,103.587193,J045303.86-594525.9,X,73.2661112,-59.7571945,
10990,60.166407,WISEA J124059.42-064041.7,q,190.2476402,-6.6782798,2.200000047683716
1145,140.519982,J024247.75+283206.8,X,40.6989898,28.5352263,1.5
10992,134.144538,SDSS J135533.81+250627.4,A,208.89091,25.107634,0.6610000133514404
1148,119.757801,J004805.05+273535.9,X,12.0210556,27.5933056,
1148,145.99764,SDSS J004804.07+273947.8,QX,12.0169403,27.6632852,2.3350000381469727
21209,129.100992,SDSS J131227.00+264039.2,Q,198.1125354,26.6775711,3.066999912261963
21209,159.468729,SDSS J131227.03+263932.0,Q,198.1126702,26.6589119,1.6759999990463257
1150,0.388092,NGC 4180,NRX,183.2626945,7.0389167,0.007000000216066837
1150,168.391536,J121251.76+070230.9,X,183.2156844,7.0419334,1.5
1152,33.212,SDSS J100214.56+244223.4,QX,150.5606961,24.7065116,2.6559998989105225
10998,141.530259,WISEA J004133.95-375523.7,q,10.3913629,-37.9232148,0.800000011920929
1157,139.190549,SDSS J091710.87+415923.8,qX,139.295296,41.9899654,2.0
1157,177.670218,J091723.22+420256.6,X,139.3467778,42.0490556,
21218,98.42302,SDSS J234837.92+021302.7,QX,357.1580196,2.217437,1.6399999856948853
21218,134.581055,SDSS J234844.90+021628.9,qX,357.1871033,2.2747018,1.0
21218,175.050909,J234833.76+021631.3,X,357.1406945,2.2753612,
11001,67.298962,WISEA J034126.39-214110.5,q,55.3599911,-21.6862195,1.0
1158,0.842259,NGC 6240,NRX,253.2454202,2.4007968,0.024000000208616257
1158,29.232932,J165257.07+022352.8,X,253.2378056,2.398,
1158,44.197127,J165257.96+022321.7,X,253.2415,2.3893612,
1158,164.997462,WISEA J165309.72+022334.3,qX,253.2904998,2.392915,1.5
21221,178.194506,SDSS J013037.23+173027.4,Q,22.6550782,17.507636,2.4230000972747803
1160,126.524869,WISEA J035351.80-655958.0,q,58.4659073,-65.9994375,1.899999976158142
21222,115.33859,SDSS J030410.68-010942.0,qX,46.0445096,-1.1616808,2.5999999046325684
21222,155.357826,J030421.75-011024.3,X,46.0906628,-1.1734419,2.4000000953674316
21222,178.438222,J030419.56-010910.5,X,46.0815151,-1.1529185,0.20000000298023224
11005,50.952876,2QZ J124532.4-003253,N,191.38525,-0.5480278,0.004999999888241291
11005,128.942357,J124534.08-002957.6,X,191.392038,-0.4993583,0.800000011920929
11005,174.54315,2SLAQ J124523.50-003002.4,QX,191.3479313,-0.5006531,1.3609999418258667
11006,136.909727,WISEA J143810.10+662233.9,q,219.5420994,66.3760527,2.200000047683716
1163,57.16543,J095344.15+013417.2,X,148.4339606,1.571462,1.0
1163,145.587525,J095349.75+013347.5,X,148.4573056,1.5631945,
1163,166.423951,SDSS J095341.74+013732.6,qX,148.4239564,1.6257381,2.0
11010,152.15488,WISEA J195706.01-302250.8,q,299.2750958,-30.380757,0.800000011920929
21230,86.931344,SDSS J160952.06+580757.9,Q,242.4669329,58.1327772,0.746999979019165
11011,153.246574,SDSS J223627.84+254804.7,Q,339.1160223,25.8013324,1.6180000305175781
11011,166.427818,SDSS J223620.99+254631.1,Q,339.0874595,25.7753299,2.390000104904175
21234,171.104315,SDSS J235000.12+285249.2,Q,357.5005226,28.8803467,1.4199999570846558
1171,0.533301,NGC 4169,NRX,183.0782223,29.1794167,0.013000000268220901
1171,109.700622,SDSS J121226.79+291118.0,qRX,183.111671,29.1883521,1.399999976158142
11014,117.907954,SDSS J095940.86+125731.1,QX,149.9202741,12.9586642,2.816999912261963
21236,155.072255,SDSS J024604.61-082100.1,QX,41.519242,-8.3500467,1.2369999885559082
1174,0.101024,NGC 5443,NR,210.5491704,55.8140271,0.006000000052154064
1175,138.722039,WISEA J053953.05-820627.2,q,84.9710593,-82.1075558,1.7999999523162842
11016,109.830642,SDSS J101104.48+455630.1,Q,152.7686913,45.9417102,2.3610000610351562
21240,125.788648,WISEA J140520.60-303619.6,q,211.3358345,-30.6055172,0.800000011920929
21240,133.426493,WISEA J140510.73-303626.8,q,211.2947031,-30.6074489,1.600000023841858
1176,0.064928,NGC 3393,NRX,162.09775,-25.1620556,0.012000000104308128
11017,0.283054,UGC 7210,A,183.1302857,15.2703126,0.024000000208616257
11017,167.306988,J121242.72+151635.0,X,183.178,15.2763889,
21242,165.387545,WISEA J150029.46-214450.3,q,225.1227733,-21.7472751,0.5
11018,131.7394,SDSS J123440.28+474726.4,qX,188.6678598,47.7906818,1.0
11018,144.078627,SDSS J123446.16+474756.0,qX,188.6923305,47.7989137,1.600000023841858
11018,155.099549,SDSS J123440.71+474754.6,QX,188.6696464,47.7985215,2.049999952316284
21243,84.688558,SDSS J160712.37+274020.5,Q,241.80155,27.6723808,2.6449999809265137
21243,156.668207,J160718.01+274110.6,X,241.8250646,27.6862947,0.30000001192092896
1179,176.596961,J144514.74-205451.2,X,221.3114445,-20.9142223,
11019,91.836606,WISEA J125714.68-150042.1,q,194.3111923,-15.0117163,1.2000000476837158
1181,108.137946,WISEA J140539.24-391028.5,q,211.4135003,-39.1745855,0.30000001192092896
1181,155.247697,WISEA J140528.23-391413.2,q,211.3675602,-39.2369907,0.4000000059604645
1184,1.23041,UGC 3157,NRX,71.6236313,18.4608776,0.01600000075995922
21250,62.644741,SDSS J000528.63-063834.4,Q,1.3693111,-6.6428926,2.2360000610351562
11024,57.150953,2QZ J222521.8-312024,QR2X,336.3408436,-31.3399548,1.6169999837875366
21251,101.455941,J015231.70+360513.7,X,28.1321005,36.0871391,2.0
21251,134.014024,J015237.12+360856.7,X,28.1546918,36.1490927,1.5
1189,1.156536,NGC 1144,NX,43.8009167,-0.1835834,0.028999999165534973
1190,119.564202,SDSS J141312.69-030803.6,QX,213.3028751,-3.1343596,0.7940000295639038
1190,125.863185,J141321.76-031058.5,X,213.340695,-3.1829394,2.4000000953674316
1190,152.428259,J141321.74-031125.8,X,213.3405834,-3.1905,
1190,174.50943,SDSS J141328.63-030700.9,QX,213.3692859,-3.1169138,3.138000011444092
11029,86.617569,SDSS J081419.96+182737.0,QX,123.583176,18.4602972,1.7699999809265137
1193,102.939341,WISEA J222621.40+160945.3,q,336.5891734,16.162598,0.20000000298023224
11030,107.26012,SDSS J081438.01+430734.1,QX,123.6584092,43.1261479,0.6389999985694885
11030,111.455217,SDSS J081426.79+430650.8,Q,123.6116321,43.114134,2.3369998931884766
1194,0.201249,NGC 424,NRX,17.8651561,-38.0834456,0.010999999940395355
1194,149.277362,J011123.17-380720.0,X,17.8465434,-38.1222441,
21258,132.732229,SDSS J103502.03+443636.3,Q,158.7584847,44.6101107,0.7409999966621399
21258,148.136824,SDSS J103459.99+443623.7,Q,158.7499756,44.6065856,1.9270000457763672
21258,159.326896,SDSS J103522.46+443741.9,Q,158.8436327,44.6283213,2.1659998893737793
1196,66.557105,J023442.24+325116.0,X,38.6760311,32.8544697,0.5
11033,67.818606,WISEA J105418.00-042144.4,qR,163.5750661,-4.3622971,1.2000000476837158
11033,159.478925,WISEA J105431.22-042058.2,q,163.6300921,-4.3495066,0.20000000298023224
1197,91.480231,J125257.71-152542.0,X,193.2404869,-15.4283536,
1197,106.429226,J125245.61-152520.4,X,193.1900496,-15.422334,1.7999999523162842
1197,154.887741,J125250.35-152216.4,X,193.209822,-15.3712468,1.5
21262,31.247578,J212021.03-043751.9,R,320.0876389,-4.6310834,
1200,111.243015,J122022.73+291650.9,X,185.0947469,29.2808174,1.5
1200,133.919648,J122010.81+291910.6,X,185.0450813,29.3196218,0.5
1200,153.267053,J122009.94+291740.5,X,185.0414468,29.2945843,
1200,158.206647,J122032.33+291925.7,X,185.1347223,29.3238056,
1200,170.384235,J122009.77+292010.4,X,185.0407161,29.3362402,
1201,177.271716,WISEA J011935.37-582830.2,q,19.8973617,-58.4750775,1.399999976158142
21267,110.87491,SDSS J235512.12-012351.3,Q,358.8005477,-1.3976195,0.9860000014305115
11038,110.776736,LAMOSTJ232432.64+083508.8,Q,351.1359777,8.5857804,1.4509999752044678
1202,74.923035,WISEA J151053.46-112955.5,q,227.7227354,-11.4987125,0.10000000149011612
1202,131.990706,J151047.67-112748.3,R,227.6986389,-11.4634167,
21268,107.103499,SDSS J235919.80+015413.7,QX,359.8324919,1.903821,0.9269999861717224
21268,124.967954,SDSS J235918.90+015037.8,Q,359.8287501,1.8438542,2.3259999752044678
1204,13.950358,J093206.37+082644.5,X,143.0265556,8.4456945,
1204,121.285862,SDSS J093210.59+082813.3,qX,143.0441437,8.4703665,0.5
21270,67.080717,SDSS J020336.56+154341.7,A,30.9023709,15.7282738,0.47600001096725464
11040,96.632882,WISEA J024506.36+325916.6,q,41.2765222,32.987968,0.20000000298023224
1206,2.811041,NGC 788,NRX,30.2761389,-6.8161112,0.014000000432133675
1206,110.60139,SDSS J020101.81-065023.3,qX,30.2575675,-6.8398537,1.399999976158142
1208,179.394792,WISEA J233611.42-375915.8,qX,354.047684,-37.987795,0.6000000238418579
21275,86.142347,PGC 2034067,N,139.5680372,33.5348493,0.11900000274181366
21275,91.065469,SDSS J091825.73+333250.8,Q,139.6072435,33.5474547,1.0119999647140503
21276,102.362687,SDSS J102817.82+594721.6,Q,157.0742525,59.7893544,1.5360000133514404
21277,118.327609,WISEA J121049.93+132003.2,q,182.708082,13.3342297,0.8999999761581421
11046,113.984532,WISEA J072544.45+295819.5,qX,111.4352732,29.9721043,1.0
1210,69.482302,WISEA J092925.87+074243.1,q,142.3578029,7.711965,0.30000001192092896
1210,170.031097,SDSS J092921.62+074116.0,Q,142.3400691,7.6878004,0.6230000257492065
21278,95.701118,SDSS J125358.50+270347.8,qX,193.4937654,27.0633002,1.5
21278,150.204461,SDSS J125404.46+270636.6,QX,193.51862,27.11018,0.6010000109672546
11047,0.234871,CGCG 91-10,NR,137.4060282,19.4689644,0.02800000086426735
21279,80.790565,SDSS J134455.33+230019.9,Q,206.2305705,23.0055272,2.740999937057495
21279,152.775336,SDSS J134501.72+230026.9,Q,206.25718,23.0074717,2.5769999027252197
1211,161.623991,SDSS J145821.76+535243.8,Q,224.5907315,53.8788839,1.5729999542236328
21281,85.985262,J140720.06-270206.0,X,211.8336112,-27.035,
21281,101.738596,J140723.88-265907.2,X,211.8495027,-26.9853506,0.5
21281,121.216282,IC 4374,BRX,211.874011,-27.0178588,0.02199999988079071
21281,141.504753,J140724.32-270254.4,X,211.8513336,-27.048457,0.10000000149011612
1212,118.221976,SDSS J075718.61+234741.2,Q,119.3275358,23.7948093,2.068000078201294
1212,170.307479,SDSS J075712.26+234314.6,Q,119.3011146,23.7207469,0.9309999942779541
1213,15.353351,J120521.09+502111.0,X,181.3378889,50.3530556,
1213,130.719132,SDSS J120526.57+501904.7,QR,181.3607184,50.3179747,1.0369999408721924
1213,167.558785,SDSS J120525.27+502355.8,Q,181.3552965,50.3988277,3.427999973297119
21283,163.826069,SDSS J154836.39+174941.9,Q,237.1516669,17.8283059,1.1720000505447388
1216,108.845798,SDSS J004243.71-013109.2,Q,10.6821531,-1.5192476,1.2289999723434448
1216,162.912813,SDSS J004247.60-013122.7,qX,10.6983472,-1.5229873,0.800000011920929
21287,64.494734,J034111.28+151434.8,X,55.2970278,15.243,
1218,171.623067,SDSS J130922.06+013939.5,Q,197.3419272,1.660977,2.3259999752044678
1219,82.809994,SDSS J125101.24+105429.1,QX,192.7551868,10.9081018,0.8709999918937683
21291,174.692804,SDSS J110823.45+283158.3,Q,167.0977428,28.5328652,1.6820000410079956
1222,61.464261,Q 1141+2014,QX,176.0237166,19.9598274,0.9539999961853027
1222,73.049475,Q 1141+2012,QRX,176.0223802,19.933897,2.200000047683716
1222,74.980602,Q 1141+2013,AX,175.9870386,19.9470559,0.335999995470047
1222,167.056673,SDSS J114351.15+195557.3,qX,175.9631627,19.9325943,1.7000000476837158
1222,179.707338,J114349.97+195752.0,X,175.9582223,19.9644445,
21295,171.731108,WISEA J164603.57+052016.4,q,251.5149491,5.3379155,2.299999952316284
1224,121.164225,J150857.37-111230.3,X,227.2390658,-11.208433,0.8999999761581421
11061,158.137829,SDSS J111417.90+171700.7,Q,168.5746026,17.2835459,2.9679999351501465
21298,90.61222,J234732.27-280756.0,X,356.8844723,-28.1322223,
21298,124.547535,2QZ J234738.6-280501,QX,356.9113161,-28.0836045,1.253000020980835
1227,153.231108,SDSS J012551.22+344133.9,QX,21.4634501,34.6927516,1.156000018119812
11062,81.462391,SDSS J114602.90+501254.4,Q,176.5120981,50.2151281,1.4520000219345093
11062,97.718725,SDSS J114558.33+501335.8,Q,176.4930658,50.2266505,2.799999952316284
11062,161.850018,SDSS J114551.71+500924.6,Q,176.465536,50.1568763,1.784000039100647
1228,147.896413,WISEA J175606.75+331002.7,q,269.0281463,33.167479,0.30000001192092896
21300,91.816333,SDSS J010703.72+321730.8,QX,16.7655015,32.2919232,1.3079999685287476
11064,132.277777,WISEA J130421.46-074105.5,qR,196.0893715,-7.6849155,0.5
21301,94.804337,SDSS J013702.79+045200.4,Q,24.2615967,4.8667736,1.315000057220459
21301,131.843482,SDSS J013713.54+045133.8,Q,24.3064482,4.8593812,1.309000015258789
21301,151.661874,SDSS J013657.35+045237.8,Q,24.2389461,4.8771051,2.115999937057495
21302,159.13029,SDSS J032158.91-010037.6,QR,50.4954675,-1.0104784,1.7619999647140503
1231,176.877793,WISEA J164257.83+613734.6,q,250.7410132,61.6263345,1.600000023841858
11066,124.61762,SDSS J143346.99+280135.2,Q,218.4458373,28.0264507,2.5390000343322754
11066,133.297,SDSS J143336.14+280120.7,Q,218.4006144,28.022408,2.3429999351501465
11066,140.634076,SDSS J143351.85+280254.6,qR,218.4660753,28.0485048,0.30000001192092896
21304,0.175716,MCG 10-12-089,A,122.9851092,56.9790202,0.027000000700354576
21304,87.149371,SDSS J081155.92+570011.3,Q,122.9830211,57.0031601,1.8480000495910645
11068,71.551562,SDSS J164109.90+394636.2,QX,250.2912507,39.7767235,1.2730000019073486
11068,179.058515,SDSS J164124.88+394607.6,Q,250.3537032,39.7687886,1.0269999504089355
11070,100.014882,SDSS J235644.21+270654.5,Q,359.1842448,27.1151665,1.6990000009536743
21308,74.013917,SDSS J105301.95+101134.9,qR,163.2581621,10.1930427,2.0
1239,48.850755,J041618.32-601208.9,X,64.0763612,-60.2024723,
11072,78.557689,WISEA J032115.64+194832.3,q,50.3152243,19.8089803,0.6000000238418579
21309,155.174389,SDSS J111122.61+284624.0,QX,167.8442515,28.7733223,0.8109999895095825
1240,139.590372,J005511.41+313442.6,R,13.7975556,31.5785,
1241,21.323493,J121956.18+052057.2,X,184.9841138,5.3492493,
21311,179.156979,WISEA J131643.39-133917.2,q,199.1808025,-13.6547562,1.2000000476837158
21313,0.233785,MCG 0-35-020,AR,206.5924142,-3.4182805,0.024000000208616257
21313,47.638794,PGC 184124,N,206.58349,-3.4281134,0.023000000044703484
21314,114.187891,SDSS J144624.82+102951.4,Q,221.60345,10.4976177,2.3259999752044678
1246,0.161181,NGC 5953,NRX,233.6349445,15.1937778,0.007000000216066837
1246,38.588436,J153434.95+151148.2,X,233.6456458,15.196745,
1246,79.22021,SDSS J153427.20+151112.5,qX,233.6133442,15.186814,1.0
1246,144.97259,SDSS J153441.27+151030.7,qX,233.6719666,15.1752148,0.6000000238418579
1246,149.881017,SDSS J153437.78+150929.9,qX,233.6574706,15.1583044,1.600000023841858
1248,150.955409,SDSS J032511.64-054511.7,qX,51.298543,-5.7532879,1.2999999523162842
1249,107.98075,J111057.57-372639.4,X,167.7398998,-37.444288,
1249,121.461756,J111055.12-372519.2,X,167.729701,-37.4220232,
1250,152.260048,J033520.30-342803.9,R,53.8345851,-34.4677587,
11085,0.048836,ESO 243-26,NX,16.4082084,-47.0717223,0.01899999938905239
1253,71.453221,J122536.82+124838.3,X,186.4034167,12.8106389,
1253,143.137137,SDSS J122540.77+124615.2,qX,186.4197939,12.7708292,2.200000047683716
1253,149.203189,J122537.38+125052.5,X,186.4057515,12.8479374,0.5
11086,146.132206,SDSS J011121.75+324310.2,Q,17.8406289,32.719501,3.0320000648498535
21326,65.397848,WISEA J083048.31+395008.8,q,127.7013584,39.8357901,2.700000047683716
21326,76.295991,MCG 7-18-013,NR,127.7465761,39.8397139,0.028999999165534973
21326,178.165056,SDSS J083048.01+394758.4,Q,127.7000866,39.7995733,1.0019999742507935
1255,141.571874,SDSS J030337.41-153909.4,qX,45.9058927,-15.6526161,1.100000023841858
21328,88.245029,SDSS J100211.92+335008.4,Q,150.5496758,33.8356921,1.7510000467300415
21328,93.109473,SDSS J100222.74+335138.1,Q,150.5947704,33.860601,0.9190000295639038
21328,148.878646,SDSS J100203.43+335112.5,Q,150.5142986,33.8534923,2.140000104904175
21328,172.641671,SDSS J100222.27+335355.1,Q,150.5928457,33.8986702,0.859000027179718
1257,124.108935,WISEA J225749.24+260806.1,q,344.4551443,26.1349964,1.399999976158142
1258,150.447738,SDSS J095108.63+333228.3,Q,147.7859643,33.541235,2.187999963760376
21329,103.455465,SDSS J102710.11+425353.0,Q,156.7921506,42.8981069,1.5880000591278076
21329,165.051103,B3 1024+431,QR,156.8549047,42.8670538,0.621999979019165
21332,122.525906,J121143.72-061209.1,X,182.9322067,-6.202547,0.800000011920929
11094,124.203452,WISEA J172531.90+101756.5,q,261.382969,10.2990561,1.399999976158142
1262,143.6711,J045853.99-002656.7,X,74.7249723,-0.4490834,
21334,153.498878,WISEA J133828.34-092054.4,q,204.6181088,-9.3484865,1.5
21335,88.095291,J141336.95-302925.9,R,213.4039846,-30.490541,
1263,18.995287,J122851.82-015631.0,X,187.2159445,-1.9419445,
1263,105.067856,J122851.55-015436.5,X,187.2148051,-1.9101666,1.7999999523162842
1263,167.229178,2QZ J122839.9-015539,N,187.166542,-1.9272223,0.4790000021457672
21336,154.521778,WISEA J144218.62+253307.7,q,220.577613,25.5521654,2.0999999046325684
21336,157.419081,SDSS J144228.36+252922.5,Q,220.6181793,25.48957,3.069999933242798
11095,175.107766,WISEA J173251.04-762725.2,q,263.212893,-76.4569734,0.4000000059604645
11096,100.551719,SDSS J211247.65+084836.9,Q,318.1985697,8.8102604,2.367000102996826
11096,129.306796,WISEA J211255.10+084547.9,q,318.2296028,8.7633302,0.10000000149011612
11096,130.662291,WISEA J211256.18+084620.1,q,318.2340223,8.7721882,0.699999988079071
21339,177.335973,SDSS J153225.13+490638.8,Q,233.1047523,49.1107866,0.796999990940094
21340,38.576987,PGC 3082686,AR,251.2061429,-13.0354635,0.027000000700354576
11097,106.126325,SDSS J232804.63+321121.7,Q,352.0193308,32.1893551,0.6940000057220459
11097,167.950904,SDSS J232748.81+320841.7,A,351.9534,32.144937,0.7549999952316284
11099,100.316085,WISEA J012318.07+092647.2,q,20.8253441,9.4464645,1.2000000476837158
11099,115.785329,SDSS J012316.75+092520.3,Q,20.8197988,9.4223636,1.5420000553131104
11099,145.338908,SDSS J012328.37+092349.8,Q,20.8682154,9.3972088,0.6200000047683716
21346,134.219144,SDSS J000818.51+270132.0,Q,2.0771235,27.0255705,1.7869999408721924
21349,148.88271,WISEA J092330.14+250002.3,q,140.8755687,25.0006563,0.6000000238418579
1276,43.263698,J072649.81+854550.0,X,111.7075556,85.7638889,
1276,76.27263,J072719.96+854632.4,X,111.8331667,85.7756667,
21350,166.829642,J104210.51+061025.2,X,160.5438056,6.1736667,
21351,69.695722,SDSS J110529.20+380041.7,QX,166.371678,38.0116076,1.7710000276565552
21351,103.124087,J110530.03+375959.2,X,166.3751389,37.9997778,
21352,75.533727,SDSS J112310.68+243242.4,Q,170.7945383,24.5451187,1.0
1279,133.308752,J023058.34+370918.0,X,37.7431077,37.1550266,0.20000000298023224
21354,127.163538,WISEA J125330.64-224015.3,q,193.3776748,-22.6709286,0.699999988079071
11107,79.458251,J141205.20-402516.2,X,213.0217038,-40.4211804,
11107,175.985167,WISEA J141204.26-402729.5,qX,213.0178267,-40.4582395,0.20000000298023224
21355,150.290853,SDSS J142224.72+134425.8,Q,215.6030353,13.7405098,2.882999897003174
11108,171.252088,SDSS J142852.99+414947.5,Q,217.2208089,41.8298686,1.468999981880188
1282,64.28497,SDSS J112403.72+383349.6,QX,171.015536,38.5637792,0.5400000214576721
21357,78.023487,WISEA J161312.08+615220.7,q,243.3000183,61.8724937,0.20000000298023224
1284,82.491751,SDSS J143009.63+311417.7,qX,217.540146,31.2382448,3.0
1284,166.951784,SDSS J143022.63+311158.2,qX,217.5942993,31.1995163,0.20000000298023224
21361,46.397197,WISEA J192325.63-653048.0,q,290.8568124,-65.5133779,0.8999999761581421
11112,175.091016,WISEA J192727.28-551149.5,q,291.863729,-55.1970964,1.7000000476837158
1287,118.155828,SDSS J135951.87+380859.3,Q,209.9661385,38.1498108,2.7249999046325684
1289,146.388655,SDSS J004805.36-024408.1,Q,12.0223395,-2.7356027,1.0
21366,128.136726,SDSS J085527.47+311056.6,Q,133.8644762,31.1824081,2.119999885559082
21366,153.074176,SDSS J085545.07+311231.7,Q,133.9378077,31.2088461,2.4010000228881836
1290,51.076689,J025738.33+060153.7,X,44.4097223,6.0315834,
1290,76.462964,J025746.07+060100.5,R2,44.441979,6.0168129,1.399999976158142
1290,172.880274,J025751.74+060259.8,X,44.4655834,6.0499445,
21368,70.710486,WISEA J102344.26-210909.3,q,155.9344234,-21.1526624,0.4000000059604645
1292,35.923794,J005952.40-073451.2,X,14.9683334,-7.5808889,
1292,43.119828,J005949.48-073522.8,X,14.9561704,-7.5896702,
1292,45.815947,J005947.49-073416.0,X,14.9478889,-7.5711112,
21371,111.236967,WISEA J151437.77-131407.6,q,228.6573785,-13.2355957,0.800000011920929
11118,177.820124,WISEA J125610.94-254800.4,q,194.0455847,-25.7999821,1.899999976158142
1293,178.597535,SDSS J092446.32+264843.4,Q,141.1930272,26.812072,3.875999927520752
11119,0.149492,MCG 2-36-002,NR,209.3078267,11.9974686,0.020999999716877937
21373,115.487126,J205932.51-424837.4,X,314.8854723,-42.8103889,
21373,140.418045,J205934.88-424857.8,X,314.8953723,-42.8160795,
11121,179.116353,SDSS J145520.60+434658.3,Q,223.8358875,43.78288,2.4100000858306885
1296,83.858969,J023404.27+325539.7,X,38.517825,32.9277184,
1298,147.700336,WISEA J093011.16-302058.7,q,142.546563,-30.3497417,3.4000000953674316
11124,103.322385,SDSS J224936.02+322025.3,Q,342.4001022,32.3403559,2.5360000133514404
1299,115.166376,SDSS J120245.18+483628.9,Q,180.6882914,48.6080344,1.2510000467300415
1301,85.065804,J012648.12+020104.5,X,21.7005362,2.0179271,0.5
1301,178.206096,SDSS J012631.24+020025.8,QX,21.6301556,2.0071965,2.1040000915527344
11126,171.619162,WISEA J081846.31+791503.5,q,124.6929669,79.2509687,0.699999988079071
1303,157.148508,WISEA J025430.52-183535.0,q,43.6271883,-18.5930502,1.2000000476837158
11127,81.672671,SDSS J101546.36+435820.7,Q,153.9431913,43.9724313,2.4210000038146973
21379,0.102206,NPM 1G-03.0212,ARX,71.7364353,-3.086608,0.03099999949336052
21379,143.606958,WISEA J044648.19-030616.3,q,71.7008207,-3.1046422,1.7999999523162842
11128,24.599937,SDSS J125248.28+474043.7,QRX,193.2011852,47.6788196,0.921999990940094
1307,0.065593,NGC 5232,AR2,204.0343754,-8.49775,0.023000000044703484
1310,114.680264,J034549.93-040622.2,X,56.458048,-4.1061752,1.899999976158142
21384,29.34556,WISEA J120021.61+503854.6,q,180.0899768,50.6483953,1.5
21384,121.875644,SDSS J120021.10+504110.5,Q,180.087948,50.6862483,1.1770000457763672
21384,133.899515,SDSS J120012.11+504107.0,Q,180.0505067,50.6852917,1.9479999542236328
21386,49.564265,SDSS J132031.02+143142.6,Q,200.1292695,14.5285197,2.9000000953674316
1312,121.078352,J043633.71-030927.1,X,69.1404788,-3.1575522,
11135,36.164268,SDSS J002945.00+212907.9,Q,7.4375277,21.4855298,1.7719999551773071
11135,137.120515,SDSS J002935.34+212948.3,Q,7.3972533,21.4967696,1.902999997138977
21387,148.523773,WISEA J154209.60+234731.8,q,235.5400342,23.7921779,0.30000001192092896
21390,53.554868,SDSS J220716.05+142338.7,Q,331.8168858,14.394101,2.872999906539917
1315,91.90904,SDSS J015057.72-094153.2,Q,27.7405046,-9.6981217,2.9189999103546143
21391,161.201292,SDSS J232337.76+250856.5,Q,350.9073512,25.1490319,2.440000057220459
21391,163.063388,SDSS J232349.03+251113.4,Q,350.9542959,25.1870546,1.4279999732971191
11138,178.690771,WISEA J032331.23+365319.8,q,50.8801782,36.8889157,0.4000000059604645
1317,53.137035,SDSS J123537.27+263114.5,qX,188.9053,26.520713,0.5889999866485596
1317,135.918715,SDSS J123551.17+263101.1,qX,188.9632408,26.5169957,1.2999999523162842
1317,157.881912,J123541.44+262845.1,X,188.9226667,26.4791945,
21395,149.981054,SDSS J025402.23+021756.1,Q,43.5093238,2.2989956,3.1089999675750732
1319,41.379697,WISEA J222306.57-795908.4,q,335.7778858,-79.9856077,0.6000000238418579
21396,101.073776,WISEA J060504.59-190429.3,q,91.2691665,-19.0748167,1.5
1320,0.32826,NGC 2712,NRX,134.8769445,44.9138889,0.006000000052154064
1320,157.095432,SDSS J085944.71+445408.2,Q,134.9363104,44.9022854,1.7960000038146973
11144,88.245106,2QZ J221910.4-282303,Q,334.7933446,-28.3842476,0.8069999814033508
11146,52.115913,SDSS J001110.34+285413.7,Q,2.7930845,28.9038213,1.0809999704360962
11146,160.884112,SDSS J001126.49+285423.4,Q,2.8603904,28.9065176,1.9869999885559082
11147,144.748474,SDSS J001951.33+090748.8,Q,4.9638853,9.1302161,1.062999963760376
11147,170.08596,SDSS J001948.66+090712.0,Q,4.9527845,9.1199975,1.6690000295639038
21404,40.618237,SDSS J100854.58+113817.8,Q,152.2274583,11.6382941,2.2820000648498535
1328,46.65508,J133207.42+624645.9,X,203.0309167,62.7794167,
1328,80.944486,J133222.21+624602.4,X,203.0925556,62.7673334,
1329,38.975781,J153756.70+592400.7,X,234.48625,59.4001945,
1329,52.982262,J153754.28+592423.1,X,234.4761945,59.4064167,
1329,96.734702,SDSS J153741.01+592347.7,QX,234.4208788,59.3965657,1.2730000019073486
1329,110.285409,NGC 5982 UB1,QX,234.5249693,59.3765312,2.125
21407,0.420382,MCG 9-22-050,N,199.829113,51.1267489,0.028999999165534973
11151,48.986836,WISEA J033707.88-053537.1,q,54.2828822,-5.5936676,1.7999999523162842
11152,121.284206,WISEA J042217.50-435627.2,q,65.5729942,-43.9409151,1.100000023841858
21409,132.691807,SDSS J154411.54+274233.8,Q,236.0480833,27.7094026,1.2000000476837158
11154,97.637532,SDSS J082820.43+403631.4,Q,127.0851061,40.6087415,1.3580000400543213
1335,87.091417,J130947.46-232429.0,X,197.4477778,-23.4080556,
11155,178.354908,WISEA J083108.33-025951.9,q,127.7847531,-2.9977774,0.8999999761581421
1336,92.577204,PGC 1261432,A,223.3373537,3.9669398,0.06800000369548798
21415,96.613346,SDSS J001130.84+275650.5,Q,2.8785162,27.9473743,1.0490000247955322
11157,35.65014,J132033.62+340753.5,X,200.1400834,34.1315278,
11157,133.036924,J132025.04+340858.3,X,200.1043612,34.1495278,
21417,165.486139,SDSS J023150.67-005426.4,Q,37.9611468,-0.9073591,1.0299999713897705
1340,0.047941,NGC 6926,NR,308.2754588,-2.0275,0.01899999938905239
1341,55.332264,SDSS J015452.50-090033.3,qX,28.7187902,-9.0092714,1.5
11159,36.579498,NGC 78B,AR,5.1146266,0.8335536,0.017999999225139618
11159,118.577368,SDSS J002018.14+005004.5,Q,5.0755988,0.8345715,1.0980000495910645
11159,167.482798,J002016.15+004810.3,R,5.0673031,0.8028737,0.30000001192092896
11160,0.213877,ESO 354-4,AX,27.9244133,-36.1878515,0.032999999821186066
21423,71.657291,SDSS J103558.93+603740.4,Q,158.9955788,60.6279042,3.2330000400543213
1345,65.80003,J004126.85+253101.6,X,10.3618889,25.5171112,
1346,161.913463,WISEA J180439.14-652400.9,q,271.1627265,-65.4003174,2.700000047683716
1348,173.187722,SDSS J001737.09+112500.0,Q,4.4045604,11.4166929,1.315999984741211
21427,51.738102,WISEA J160443.44-231332.0,q,241.1810092,-23.2256185,0.699999988079071
1349,1.126525,NGC 4104,NRX,181.6623803,28.1744721,0.02800000086426735
1349,36.883431,J120637.11+280959.1,X,181.6546389,28.1664167,
1349,122.654561,WISEA J120647.75+281104.7,qX,181.698965,28.1846537,1.2000000476837158
21428,117.490724,SDSS J163758.49+391319.1,Q,249.493736,39.2219835,1.5889999866485596
21430,173.500324,SDSS J211106.62+033319.5,Q,317.7776067,3.5554433,0.9919999837875366
11168,177.178647,SDSS J101928.28+583258.3,Q,154.8679229,58.5495728,0.6859999895095825
1352,166.510497,J123054.96+080711.2,X,187.729,8.1197778,
11169,55.742119,SDSS J103006.95+432111.9,Q,157.5289586,43.353309,1.965999960899353
11169,98.817476,PGC 2219563,A,157.5564889,43.3876842,0.11699999868869781
11170,67.150688,UGC 6527,ARX,173.1676824,52.9503624,0.026000000536441803
11170,104.720808,J113235.54+525657.4,X,173.1481112,52.9492778,
1354,174.686421,SDSS J122249.68+091742.8,Q,185.7070148,9.2952218,2.319000005722046
11172,79.146613,WISEA J132225.14-022623.9,q,200.6050138,-2.4399696,0.20000000298023224
1358,174.47052,WISEA J215110.14-712732.7,q,327.7922964,-71.4591076,1.600000023841858
1359,24.197634,IC 1559,ARX,9.2180556,23.9848056,0.017000000923871994
1359,108.143361,WISEA J003644.61+240018.0,q,9.1859546,24.0050019,1.7999999523162842
21440,145.311652,LAMOSTJ113148.34+202635.6,Q,172.9514042,20.443228,1.340999960899353
1360,155.932067,SDSS J014406.46+284414.5,Q,26.0269454,28.7373676,1.0490000247955322
21442,61.249611,SDSS J141106.37+253142.8,Q,212.7765622,25.5285831,0.6890000104904175
21442,107.709176,IC 4381,ARX,212.7384904,25.4972231,0.03099999949336052
21443,0.272125,CGCG 47-94,N,218.4513963,3.9568755,0.028999999165534973
1362,34.650957,J122739.01+080916.8,X,186.9125676,8.1546775,0.10000000149011612
21444,150.470333,SDSS J143624.18+483621.6,Q,219.1007768,48.6060093,1.7990000247955322
1363,132.756802,SDSS J150528.17+014017.2,qX,226.3674338,1.6714701,1.899999976158142
1363,148.689328,J150517.56+013801.1,X,226.3231945,1.6336389,
11178,91.935285,SDSS J001437.04+282825.4,Q,3.654336,28.4737261,2.492000102996826
1366,49.023502,SDSS J145113.31+585805.8,Q,222.8054943,58.9682978,1.0260000228881836
1366,146.31695,SDSS J145111.46+590057.5,Q,222.7977332,59.0159544,1.2940000295639038
11181,0.122067,IRAS 04385-0828,ARX,70.2290041,-8.3728134,0.014999999664723873
21451,124.962794,WISEA J210151.22-131410.1,q,315.4633944,-13.2361726,1.899999976158142
1369,74.205471,WISEA J103652.30-322207.9,q,159.2179477,-32.3688625,2.4000000953674316
11182,51.124364,SDSS J115234.22+482720.0,QR,178.1426164,48.4555515,0.7749999761581421
21453,147.318044,WISEA J212730.03-232054.7,q,321.8751464,-23.348593,2.5
11183,107.363026,WISEA J115909.71-285503.9,q,179.7904762,-28.9177694,0.4000000059604645
21456,104.810355,SDSS J013335.76-010709.4,Q,23.3989762,-1.1192935,1.7979999780654907
21456,153.899044,SDSS J013324.29-010532.1,Q,23.3512036,-1.09225,1.8539999723434448
21456,154.02523,SDSS J013343.04-010359.7,Q,23.42934,-1.0665968,2.555999994277954
1375,0.421874,IC 5135,ARX,327.0814066,-34.9512554,0.01600000075995922
1375,87.334312,J214824.43-345807.5,X,327.1018139,-34.9687556,
1375,114.290064,J214824.03-345524.8,X,327.100162,-34.9235766,
1375,179.981104,J214834.13-345657.4,X,327.1422161,-34.9492826,
11189,125.370543,SDSS J015821.51+190453.1,Q,29.5896097,19.0814463,2.2929999828338623
1377,169.782123,J090747.60+032250.5,X,136.9483666,3.3807146,1.399999976158142
21463,163.632436,SDSS J035140.26-062445.1,Q,57.917754,-6.4125424,1.9529999494552612
1378,0.685011,NGC 6166,ARX,247.1593516,39.5511755,0.029999999329447746
1378,116.953516,J162844.13+393129.6,X,247.1838889,39.5248889,
1378,128.1968,J162828.20+393211.1,X,247.1175278,39.5364167,
1378,129.50811,J162839.38+393056.0,X,247.1641112,39.5155556,
1378,148.248099,J162825.46+393310.7,X,247.1060834,39.5529723,
1378,148.739653,WISEA J162826.10+393353.3,qX,247.1087849,39.5648125,0.30000001192092896
1378,162.894387,J162836.34+393023.5,X,247.1514167,39.5065278,
1378,168.106323,J162852.74+393320.1,X,247.2197626,39.5555949,
21464,118.002644,WISEA J042348.56-115023.3,q,65.9523484,-11.8398467,0.30000001192092896
1379,136.30712,SDSS J003909.42+030154.6,Q,9.7892738,3.0318396,2.316999912261963
21465,136.01832,SDSS J100740.08+460334.1,Q,151.9170074,46.0594687,0.7269999980926514
1381,148.721985,WISEA J130909.88-052150.4,qX,197.2911881,-5.3639874,1.100000023841858
11197,83.300818,WISEA J164217.35-055724.9,q,250.5723071,-5.9569228,0.6000000238418579
21467,177.998765,SDSS J122204.02-023957.8,qR,185.5167847,-2.6660662,
1384,72.389675,J115525.92+115706.3,X,178.858,11.95175,
21469,46.874963,J124744.60+041932.0,X,191.9358544,4.3255752,0.800000011920929
21469,85.655277,SDSS J124743.47+042123.0,qX,191.931154,4.3563985,1.0
1385,0.103498,NGC 3185,NRX,154.4106803,21.6882227,0.004000000189989805
1385,20.161433,J101738.22+214137.3,X,154.4092778,21.6936945,
1385,80.534731,SDSS J101735.22+214223.5,QX,154.3967963,21.7065202,2.3450000286102295
1385,123.419605,J101738.40+213914.3,X,154.4100278,21.6539723,
1385,167.408642,SDSS J101728.00+214237.3,QX,154.3666718,21.7103803,2.2149999141693115
1388,155.857233,PGC 2269282,NR,186.4479083,45.7085974,0.19099999964237213
11204,152.499892,WISEA J060731.64-492703.9,q,91.8818626,-49.4510935,1.0
11204,157.666363,WISEA J060724.47-492540.5,q,91.8516982,-49.4280666,1.2999999523162842
1390,76.857703,J232828.14+222633.1,X,352.1172778,22.4425278,
1390,167.91831,SDSS J232820.03+222723.9,QX,352.0834735,22.4566745,1.3639999628067017
11205,45.8549,SDSS J110954.07+365730.1,Q,167.4753204,36.9583768,0.890999972820282
11206,100.214209,SDSS J114810.30+200045.3,Q,177.0429527,20.0125859,0.7139999866485596
1391,165.459016,SDSS J010152.69-064516.5,QR,15.4695674,-6.7545633,2.509000062942505
21476,103.059197,SDSS J011031.71-001609.5,QX,17.6321422,-0.2693087,1.7510000467300415
21477,50.904857,J025556.96+414401.2,X,43.9873612,41.7336667,
21477,119.762771,J025555.20+414239.4,X,43.9800278,41.7109445,
21477,167.709699,J025606.63+414310.8,X,44.0276344,41.719682,
11207,179.320528,SDSS J115929.52+343424.5,Q,179.8730222,34.5734971,1.9220000505447388
1393,179.735392,WISEA J105411.17-330415.1,q,163.5465452,-33.0708832,1.2000000476837158
21478,56.008031,SDSS J030508.84+010440.5,Q,46.2868749,1.0779373,0.6110000014305115
1395,168.910042,SDSS J015034.35+061123.3,Q,27.6431373,6.1898253,1.9290000200271606
11208,150.559804,SDSS J122426.57+582006.9,Q,186.1107165,58.3352543,2.4159998893737793
11208,177.80574,SDSS J122428.25+582336.3,qX,186.1178704,58.3934024,0.5
21480,167.754307,WISEA J112745.25-291052.8,qX,171.9385205,-29.1813426,0.699999988079071
1397,0.182567,NGC 2959,AR,146.2873694,68.5945585,0.014999999664723873
11211,132.912935,J135448.41+250848.5,R,208.7017264,25.1468152,0.8999999761581421
1398,112.124933,SDSS J114733.42+555610.3,Q,176.8892002,55.936182,1.6230000257492065
1399,160.471959,J205210.47-691409.3,X,313.0436595,-69.2359243,
11213,97.491827,SDSS J143126.77+391356.5,Q,217.8615588,39.2323631,2.8940000534057617
11213,123.914176,SDSS J143118.36+391434.4,Q,217.8265242,39.2428975,1.5540000200271606
1401,60.866483,SDSS J003914.76+005248.1,QX,9.8115231,0.8800323,1.9819999933242798
1401,133.572828,SDSS J003922.11+005216.8,QX,9.8421731,0.8713771,1.5670000314712524
1401,177.511739,J003906.42+004927.3,X,9.7767778,0.82425,
11214,121.091109,WISEA J182637.45-624236.0,q,276.6562092,-62.7102386,2.299999952316284
21488,27.977949,SDSS J005005.34-025216.6,Q,12.5222936,-2.8712987,1.152999997138977
1405,161.523932,J060800.12-214726.9,X,92.0005131,-21.7908163,1.5
1406,147.132248,WISEA J093429.06-205736.1,q,143.6211673,-20.9600255,1.0
11218,158.209555,J051632.44+063059.7,X,79.1351865,6.5166027,1.5
11219,97.05088,SDSS J080720.19+042902.6,Q,121.8341338,4.4840601,2.378000020980835
21496,91.223695,WISEA J103030.58+434243.0,q,157.6275775,43.7119126,1.0
21496,105.318844,SDSS J103033.11+434336.5,Q,157.6379864,43.7268291,1.2120000123977661
21496,114.766733,SDSS J103017.38+434504.4,Q,157.572449,43.7512335,0.5210000276565552
21497,167.862819,SDSS J103346.89+621125.5,Q,158.4454015,62.1904315,2.2209999561309814
21498,118.818494,WISEA J114353.40+194805.6,q,175.9725342,19.8015175,0.20000000298023224
11221,0.220886,MCG -01.29.018,N,171.2588443,-5.0689162,0.02800000086426735
21500,171.111538,SDSS J130430.76+473357.0,Q,196.128197,47.5658607,1.809999942779541
1413,101.598127,J003924.96+032026.9,X,9.8540278,3.3408056,
1413,133.422224,SDSS J003923.89+032139.8,qX,9.8495419,3.361056,2.0
1413,152.084145,SDSS J003926.42+032129.1,QX,9.860124,3.3580979,2.190000057220459
1413,165.447802,J003916.40+032234.9,X,9.8183612,3.3763612,
1413,179.932838,J003930.00+031856.8,X,9.875,3.3157778,
11223,0.238022,CGCG 42-55,NRX,185.6764103,3.141817,0.023000000044703484
21503,148.537712,WISEA J155754.35-222721.0,q,239.4764966,-22.455843,1.7000000476837158
1415,24.777525,3C 66.0B,AX,35.7979723,42.9930556,0.020999999716877937
1415,68.462501,J022313.99+425808.6,X,35.8083056,42.9690556,
1415,102.379329,J022315.23+430055.5,X,35.8134723,43.0154167,
1415,118.625418,J022323.65+425857.2,2,35.8485462,42.9825562,0.8999999761581421
11225,89.435505,SDSS J135842.29+024925.1,AX,209.6761794,2.8236483,0.14800000190734863
1418,156.353376,J022514.67+414809.1,X,36.3111274,41.802545,2.0
1420,66.171698,J012617.50+344131.0,X,21.5729167,34.6919445,
1420,170.747944,WISEA J012610.73+344027.9,q,21.54474,34.6744233,1.5
1421,95.704844,LAMOSTJ142812.62+254934.3,QX,217.0526189,25.8261726,3.4560000896453857
1421,109.023418,J142815.10+255243.3,X,217.0629167,25.8786945,
1421,151.016427,SDSS J142808.72+254905.1,qX,217.0363956,25.8180826,1.899999976158142
11231,83.866753,SDSS J081558.94+230739.5,Q,123.9956117,23.127648,1.6890000104904175
1424,0.129341,NGC 1211,AX,46.7184185,-0.7944608,0.010999999940395355
1424,175.136886,SDSS J030643.37-004549.1,QX,46.6807365,-0.7636329,0.5550000071525574
11232,79.926004,SDSS J092046.42+352143.7,Q,140.193434,35.3621427,2.183000087738037
1427,67.290842,WISEA J014852.73-234705.2,q,27.219708,-23.7847233,1.0
21518,133.78051,CGCG 9-70,NRX,157.7118898,-2.7211606,0.028999999165534973
11234,0.154727,UGC 5715,AR,157.8965057,0.4753674,0.028999999165534973
1428,52.083716,J223723.46+342639.9,X,339.3477778,34.4444167,
1428,71.128043,J223714.05+342719.1,X,339.3085462,34.4553255,
1428,149.510981,SDSS J223729.15+342524.5,qX,339.3714651,34.4234628,1.600000023841858
21521,113.881854,SDSS J132626.21+042654.3,Q,201.6092222,4.4484239,2.7909998893737793
21522,0.269816,CGCG 102-18,N,203.4823742,18.3058679,0.02199999988079071
21524,76.782443,2QZ J225924.2-283152,Q,344.8510033,-28.5311011,1.9880000352859497
1432,71.340231,SDSS J112826.08+092323.1,QR,172.1086679,9.3897641,1.753999948501587
21525,87.728991,SDSS J024937.69-003237.6,A,42.4070637,-0.5437895,0.12700000405311584
21525,172.092521,SVA1_COADD-2925805068,Q,42.4644137,-0.5047692,1.5449999570846558
1433,165.098381,J123059.21-080539.7,X,187.7467488,-8.0943728,0.30000001192092896
11238,179.779809,WISEA J140151.67+093204.4,q,210.465314,9.5345651,1.2000000476837158
21526,109.275136,SDSS J032405.19-010140.5,Q,51.0216229,-1.0279402,1.5570000410079956
21527,168.801924,WISEA J051340.77+072403.8,q,78.4199467,7.4011063,0.4000000059604645
1435,164.930843,WISEA J125326.47-093007.4,q,193.3603446,-9.5020474,0.6000000238418579
21528,97.490802,UGC 5037,ARX,141.8271025,23.0200754,0.026000000536441803
11239,124.828182,WISEA J162140.28+550306.3,q,245.4178402,55.0517559,0.800000011920929
1436,0.032395,NGC 931,ARX,37.0602878,31.3115188,0.01600000075995922
21529,79.874278,SDSS J094920.02+440653.2,Q,147.3334236,44.1147868,0.9330000281333923
21529,158.734772,SDSS J094920.06+440523.0,Q,147.3335968,44.0897274,1.434999942779541
21529,177.407025,SDSS J094921.06+441037.1,Q,147.3377517,44.1769927,1.00600004196167
11240,89.757277,SDSS J170040.51+471711.6,Q,255.1688148,47.2865697,1.6009999513626099
21530,0.257325,MCG 1-28-003,N,161.0092193,4.6630002,0.027000000700354576
21530,104.659091,Q 1041+049B,Q,160.9908741,4.6403104,2.4159998893737793
11242,0.169258,IC 4777,NR,282.0470746,-53.1476661,0.017999999225139618
1438,127.549251,SDSS J113749.49+475530.5,Q,174.4562307,47.9251661,1.3969999551773071
11243,38.091672,WISEA J225201.76-741538.9,q,343.0073392,-74.2608368,0.5
1443,71.400597,J184308.46+603806.9,X,280.7852778,60.63525,
1446,157.418839,J232725.55+123011.0,R,351.8564649,12.5030775,2.299999952316284
21542,176.782308,WISEA J023029.87-580748.4,q,37.6244697,-58.1301001,1.5
1449,59.758743,J002125.00+222513.4,X,5.3541945,22.4203889,
1449,84.633908,SDSS J002128.21+222535.0,AX,5.367557,22.4264073,0.5189999938011169
1449,105.837115,J002128.57+222458.7,X,5.3690546,22.4163071,0.20000000298023224
1449,107.599294,J002126.87+222729.0,X,5.3619723,22.4580556,
1449,108.8844,SDSS J002115.13+222642.1,Q,5.31306,22.4450652,1.4270000457763672
1450,165.245722,2QZ J015537.6-295242,Q,28.90704,-29.8781565,2.509000062942505
21546,93.6924,SDSS J100357.18+022638.8,Q,150.9882526,2.4441148,1.4869999885559082
11254,98.888264,J142859.72+111318.8,R,217.2488664,11.2219019,2.299999952316284
1451,0.02016,ESO 436-34,NRX,158.1855,-28.6100556,0.012000000104308128
11255,0.290933,MCG 7-34-036,NRX,246.8421036,39.1096317,0.032999999821186066
11255,120.193462,SDSS J162716.49+390815.8,QX,246.81875,39.1377356,2.878000020980835
11255,172.982208,SDSS J162710.17+390451.0,QX,246.7924311,39.0808495,0.7200000286102295
1455,59.375513,J010720.71+322814.0,X,16.8363041,32.4705568,1.7000000476837158
1455,129.556844,J010726.83+322954.2,X,16.8618086,32.4983931,1.100000023841858
11257,169.467756,WISEA J213215.37-342022.8,q,323.0640512,-34.339671,2.0
21550,0.237498,CGCG 45-99,NR,206.7884972,3.6438594,0.023000000044703484
1457,19.902795,J132920.50+170311.2,R,202.3354167,17.0531112,
21553,36.158067,LAMOSTJ150056.70+165719.8,QX,225.2362664,16.9554812,1.2239999771118164
21553,103.630678,SDSS J150054.57+165506.3,qX,225.2274017,16.9184227,
1463,0.22555,ESO 434-40,ARX,146.9172275,-30.9488777,0.00800000037997961
21556,166.787919,WISEA J002450.60-402358.8,q,6.21084,-40.3997691,1.399999976158142
11265,149.826942,WISEA J062023.99+610150.9,q,95.0999809,61.0308131,2.4000000953674316
21561,132.693679,WISEA J050255.77-225808.9,qX,75.7323923,-22.9691794,0.4000000059604645
1467,84.011804,J231936.84+080511.6,X,349.9035,8.0865556,
1467,173.296494,SDSS J231926.89+080523.9,QX,349.8620813,8.0899951,2.38100004196167
21562,119.985602,WISEA J074719.46+622421.4,q,116.8311643,62.4059686,0.20000000298023224
11268,127.996108,WISEA J112417.95-082232.3,q,171.0748272,-8.3756906,1.899999976158142
21563,128.234743,SDSS J083546.08+394940.8,Q,128.9420473,39.8280058,2.197000026702881
11269,167.737404,SDSS J114517.99+264315.0,Q,176.3250069,26.7208224,3.38100004196167
21564,108.902191,SDSS J094256.96+361433.9,Q,145.7373527,36.2427683,1.8910000324249268
1470,42.298062,J132409.29+135916.3,X,201.0387223,13.9878612,
1470,56.343917,J132409.60+135931.3,RX,201.0400231,13.9920432,
1470,118.36934,SDSS J132402.49+135750.1,QX,201.0104025,13.9639538,2.3919999599456787
1470,178.917304,SDSS J132357.84+135809.8,QX,200.9910374,13.9694016,0.6859999895095825
11270,79.636626,SDSS J122302.57+103330.3,qX,185.7607117,10.5584402,0.10000000149011612
11270,97.564687,J122254.59+103128.6,X,185.7274948,10.5246332,0.8999999761581421
11270,150.336862,J122256.18+103025.9,X,185.7341112,10.5071945,
21567,22.462603,WISEA J162655.36+513327.0,q,246.7309742,51.5576471,1.899999976158142
21567,146.484133,SDSS J162654.01+513544.6,Q,246.7250627,51.5957301,1.9889999628067017
1473,153.683244,LAMOSTJ002556.37+291510.7,QR2,6.48485,29.2529717,1.1959999799728394
11271,88.693261,SDSS J132841.26+113501.8,Q,202.1719244,11.5838445,3.2790000438690186
21568,87.437966,WISEA J172601.87+601100.2,qR,261.5078438,60.1834138,1.0
1474,80.472022,NGC 3799,N,175.0391105,15.3273328,0.010999999940395355
1474,160.422824,SDSS J114020.14+151823.9,Q,175.0839168,15.3066556,2.9000000953674316
11272,126.740478,WISEA J134004.82+231038.8,q,205.020096,23.177471,1.100000023841858
11273,138.892876,WISEA J140139.68-341327.3,q,210.4153586,-34.224267,3.200000047683716
1477,142.055365,SDSS J024633.00-001228.0,Q,41.6375135,-0.2078042,2.700000047683716
1477,167.944946,SDSS J024645.11-001452.4,Q,41.6879646,-0.2479001,2.489000082015991
21572,113.970801,SDSS J233405.11+094443.9,QR,353.5212947,9.7454991,0.9100000262260437
21572,150.651787,SDSS J233400.47+094507.3,Q,353.5019808,9.7520093,1.5520000457763672
21572,167.306871,SDSS J233407.43+094007.8,Q,353.5309811,9.6688149,1.9579999446868896
11275,119.348588,J225402.03+083117.8,R,343.5084723,8.5216112,
1479,159.018099,WISEA J144535.00-115111.5,q,221.3958045,-11.8531274,1.0
21574,143.567478,WISEA J005110.71-384432.3,q,12.7946522,-38.7423057,0.800000011920929
11276,140.104828,2QZ J225729.6-312812,Q,344.3735179,-31.4698863,1.6059999465942383
21575,62.171572,SDSS J015002.24-062533.6,Q,27.5093545,-6.4260044,2.484999895095825
21575,173.321683,J014948.97-062703.6,R,27.4540556,-6.451,
1482,178.448898,SDSS J125741.86+282635.2,qX,194.4244557,28.443142,1.5
21576,138.999168,WISEA J022538.04+433722.4,q,36.4085379,43.6228696,0.6000000238418579
1483,142.51488,WISEA J135419.65-073357.4,q,208.5819499,-7.5660538,1.5
1487,150.919484,WISEA J080932.46-613845.7,q,122.3858228,-61.645947,1.899999976158142
11282,149.096821,SDSS J102323.01+570047.2,Q,155.8459171,57.0131137,1.3819999694824219
21583,125.234145,WISEA J113905.94-422939.9,q,174.7747973,-42.4944342,2.0
21584,0.116896,CGCG 127-85,NR,178.1271798,20.6254764,0.02199999988079071
21585,136.952655,WISEA J121424.98+181649.0,q,183.6040733,18.2802333,1.7000000476837158
11286,107.867674,SDSS J141044.80+151421.3,A,212.6866768,15.2392461,0.41600000858306885
1491,67.29975,J080615.18+174120.8,R,121.5632553,17.689119,0.699999988079071
21590,96.805688,WISEA J212928.95-790556.0,q,322.3705899,-79.0989359,1.600000023841858
1494,27.397195,J112341.68+535031.2,X,170.9236667,53.842,
1494,84.475633,SDSS J112329.18+535046.3,QX,170.8716011,53.8462045,1.468999981880188
1494,84.715044,J112331.19+535125.5,X,170.8799762,53.8570889,
1495,141.913143,J175247.92+295216.9,X,268.1996694,29.8713727,0.5
11290,97.634887,SDSS J231014.72+263541.0,Q,347.5613545,26.5947471,1.5709999799728394
11290,135.438643,SDSS J231007.67+263820.8,Q,347.5320036,26.6391513,2.0480000972747803
1496,114.236377,SDSS J095801.25+102017.4,qX,149.5052683,10.3381701,0.30000001192092896
1496,127.43771,SDSS J095808.87+101931.0,Q,149.536986,10.3253005,2.619999885559082
1496,133.736394,WISEA J095807.05+101921.5,q,149.5293832,10.3226443,0.8999999761581421
1496,152.757931,J095816.45+102235.2,R,149.5685556,10.3764445,
21596,111.942965,WISEA J065240.20+553730.0,q,103.167493,55.6250112,1.2000000476837158
11292,175.628806,WISEA J004823.63-591020.3,q,12.0984761,-59.1723147,0.20000000298023224
11293,95.331289,SDSS J025648.00+050014.1,qR,44.2000377,5.0039308,2.5999999046325684
21597,52.647363,J095347.22+170610.8,R,148.44675,17.103,
21599,131.231557,SDSS J132024.15+305300.4,Q,200.1006085,30.8834428,0.8069999814033508
21599,167.828781,SDSS J132002.03+305348.4,Q,200.0084233,30.8967869,1.940000057220459
21599,169.977333,SDSS J13203+3056B,Q,200.094302,30.9384104,1.5959999561309814
21599,173.084539,US 583,QX,200.0939089,30.9396899,1.5950000286102295
1497,169.50505,WISEA J113528.30+890510.6,q,173.8690872,89.0862949,1.100000023841858
11295,98.212781,WISEA J170310.78+512023.3,q,255.7949464,51.3398293,1.0
21600,164.46043,SDSS J141229.24+471741.5,Q,213.1218632,47.2948848,1.718000054359436
1500,178.831563,WISEA J125806.24-224944.1,q,194.5260624,-22.8289334,1.5
21604,144.993063,WISEA J211104.15-035203.6,q,317.7673276,-3.8676617,0.20000000298023224
11299,82.959505,J020031.23-250352.7,X,30.1301389,-25.0646389,
11299,154.762969,J020029.57-250058.1,X,30.1232372,-25.0161651,3.700000047683716
11300,175.829386,SDSS J024517.27-044021.3,Q,41.3219664,-4.6725977,2.734999895095825
21608,167.937029,PDS J01116-4547,Q,17.9180263,-45.7870319,2.239000082015991
21608,174.046092,J011136.53-454814.3,X,17.9022223,-45.8039723,
11301,119.977654,SDSS J080046.13+272811.1,Q,120.1922261,27.4697547,2.0399999618530273
11301,133.746002,SDSS J080052.57+272752.8,Q,120.2190647,27.4646906,3.140000104904175
21609,57.616009,WISEA J020353.75+430032.0,q,30.9741197,43.008819,0.20000000298023224
1506,0.079865,NGC 5311,BRX,207.2336318,39.9851854,0.00800000037997961
21610,99.36674,SDSS J023811.74+012201.2,Q,39.5489359,1.3670047,2.4000000953674316
21610,117.432817,SDSS J023800.03+012245.3,Q,39.5001464,1.3792874,3.0899999141693115
21610,171.977794,J023818.64+012234.1,R,39.5776704,1.3761501,1.100000023841858
11302,59.250824,WISEA J094249.96-064330.7,q,145.7082252,-6.7252578,2.4000000953674316
21611,179.000842,WISEA J031547.40-150335.6,q,48.9475811,-15.0599217,2.0
1508,170.179425,WISEA J052750.65-051819.4,q,81.9610491,-5.3054006,0.10000000149011612
21612,121.850847,SDSS J073316.49+323445.5,Q,113.3187127,32.5793256,1.4220000505447388
21612,166.06394,SDSS J073323.35+323518.4,Q,113.3472972,32.5884674,2.1579999923706055
1509,113.553996,J233433.55-360730.4,X,353.639801,-36.125125,
1509,133.035431,J233423.24-360806.6,X,353.5968612,-36.1351667,
1509,179.995131,J233434.96-360328.4,X,353.6456945,-36.0578889,
21613,155.99953,SDSS J085944.76+455730.8,Q,134.9365073,45.9585531,0.8790000081062317
11305,130.26376,SDSS J123237.12+393355.9,Q,188.1546754,39.5655388,1.315999984741211
1514,139.637294,J124941.79-411649.7,X,192.4241277,-41.2804902,
1514,156.9964,J124953.13-411922.2,X,192.4713985,-41.3228391,
11307,89.873265,SDSS J154115.79-014208.6,QR,235.3157991,-1.7024031,0.5699999928474426
11308,155.731316,WISEA J165031.00+552208.0,q,252.6291921,55.3689018,2.4000000953674316
1517,127.21381,SDSS J084354.48+494841.1,Q,130.977067,49.8114011,1.7259999513626099
11310,96.085132,SDSS J232921.18+262152.5,Q,352.3382514,26.3646122,1.0099999904632568
11312,167.849129,WISEA J024054.91-150640.1,q,40.2288118,-15.111064,2.0
21630,117.548705,SDSS J074702.80+420307.3,Q,116.7616855,42.0520308,1.6610000133514404
21632,115.896097,WISEA J102729.66-033931.2,qX,156.8736308,-3.6586862,1.0
1529,141.171835,SDSS J030555.08+364717.8,qX,46.4795126,36.7883027,1.600000023841858
11318,103.710537,WISEA J130416.80-322237.3,q,196.0700056,-32.377042,1.2999999523162842
21635,118.143594,SDSS J125450.08+282313.0,Q,193.7086884,28.3869576,2.565000057220459
11319,148.217721,J131312.71+060217.9,R,198.3029989,6.0383259,0.4000000059604645
21636,157.064325,SDSS J133903.03+043648.6,QX,204.7626517,4.6135415,1.1299999952316284
11322,112.30125,SDSS J152105.24+414244.0,Q,230.2718729,41.7122202,2.747999906539917
11322,163.903426,SDSS J152104.84+414127.8,Q,230.270191,41.6910778,1.8270000219345093
1535,65.520941,PGC 1422182,N,27.2958018,13.0685972,0.0729999989271164
11323,0.34,CGCG 137-64,N,243.4418205,22.9190085,0.03200000151991844
11323,175.343712,SDSS J161354.04+225252.3,Q,243.4751823,22.8812235,2.9070000648498535
1537,175.141856,WISEA J015802.22-574710.3,q,29.5092387,-57.7862226,1.399999976158142
11325,0.389853,UGC 10504,A,250.09455,33.6797619,0.03099999949336052
11325,52.308575,SDSS J164022.46+333954.7,Q,250.0936188,33.6652162,2.5369999408721924
11325,67.697418,SDSS J164022.19+333939.6,Q,250.0924886,33.661003,1.4019999504089355
11325,165.158651,SDSS J164010.36+333948.0,Q,250.0431755,33.6633443,1.9850000143051147
21646,61.309386,WISEA J010822.66-470454.3,qX,17.0943935,-47.0817601,0.30000001192092896
21646,102.315516,WISEA J010821.60-470736.9,qX,17.0899995,-47.1269324,1.0
21646,146.594004,J010815.61-470801.6,X,17.0650556,-47.1337778,
1539,138.954046,WISEA J005105.27-070115.6,q,12.7719699,-7.0210003,0.8999999761581421
1540,126.757501,J055140.37+794337.7,R,87.9182235,79.7271583,1.7999999523162842
21648,72.306357,WISEA J035945.76+063251.6,q,59.9407239,6.5475735,1.2000000476837158
11328,118.334758,SDSS J232033.93+292019.4,Q,350.1414073,29.338741,1.0069999694824219
11328,154.679267,J232020.68+291930.5,R,350.0861992,29.3251485,
11329,112.523957,SDSS J002713.13+012149.5,Q,6.8047396,1.3637582,1.371999979019165
1545,0.185103,NGC 5995,ARX,237.1039529,-13.7575719,0.02500000037252903
21652,67.660935,SDSS J090850.95+195939.4,Q,137.2123261,19.9943037,1.3760000467300415
11330,164.81513,WISEA J011401.68+375628.2,q,18.5070837,37.9412366,1.7999999523162842
21653,0.044551,IRAS 09144-1258,AR,139.2042086,-13.1752223,0.029999999329447746
1546,0.153051,NGC 7603,ARX,349.7360572,0.2438819,0.028999999165534973
1546,139.908969,SDSS J231854.55+001221.4,Q,349.7273243,0.2059686,2.4089999198913574
1546,145.437809,2SLAQ J231900.82+001226.5,QX,349.7534379,0.2073739,1.3890000581741333
1546,160.480277,2SLAQ J231856.30+001157.4,K,349.7346196,0.1992851,0.11800000071525574
21655,115.734206,SDSS J100058.55+221953.9,Q,150.2439792,22.3316621,0.8859999775886536
1548,125.962143,SDSS J074033.02+391542.8,Q,115.1376055,39.2619055,0.746999979019165
1548,135.867968,SDSS J074038.21+391144.9,Q,115.1592393,39.1958025,2.193000078201294
21657,53.679276,SDSS J101346.16+382214.5,Q,153.4423342,38.3707441,3.993000030517578
21657,78.32586,SDSS J101353.27+382120.3,Q,153.471989,38.3556647,1.0010000467300415
1550,126.420382,J022937.38+313820.7,X,37.4057815,31.6390956,2.4000000953674316
21658,67.821426,J113300.80+501523.3,X,173.2533334,50.2564723,
21658,77.204904,SDSS J113303.94+501405.9,N,173.26642,50.234976,0.3569999933242798
21658,122.00564,J113244.08+501504.1,X,173.1837034,50.2511572,1.100000023841858
21659,144.490955,SDSS J120458.34+322900.4,Q,181.2430852,32.4834434,1.8300000429153442
1552,145.396641,WISEA J183023.37+675721.0,q,277.5972779,67.9558544,1.2999999523162842
11336,31.950945,2MASS J11031293+4141549,AX,165.8038915,41.6985996,0.4020000100135803
21661,73.502544,SDSS J140207.43+260449.3,Q,210.531009,26.0803657,2.930000066757202
21661,103.059228,J140159.74+260237.5,R,210.4989445,26.04375,
21662,0.333661,UGC 9035,N,211.9806904,29.8727621,0.027000000700354576
11339,84.46364,WISEA J124904.91-092617.6,q,192.2705821,-9.4382417,1.600000023841858
1556,0.830299,UGC 3351,NR,86.4498334,58.7012223,0.014999999664723873
11340,105.528891,SDSS J125358.13+262453.6,Q,193.4922126,26.4149047,3.0840001106262207
1558,107.10556,SDSS J103448.69+111047.3,Q,158.702857,11.1798599,1.5740000009536743
1559,43.332687,J113944.44+315635.9,X,174.9351667,31.9433056,
1559,64.414112,SDSS J113949.59+315543.2,NX,174.95664,31.928686,0.527999997138977
1559,84.536981,NGC 3786,ARX,174.9271389,31.9089723,0.009999999776482582
21669,52.286473,SDSS J125646.29+270511.4,Q,194.1929029,27.0865144,2.4019999504089355
21669,55.55986,J125649.78+270442.5,RX,194.2074167,27.0784723,
21669,104.570575,SDSS J125642.17+270507.5,Q,194.175737,27.0854422,2.2799999713897705
21669,177.136387,SDSS J125701.76+270650.7,qX,194.2573423,27.1141194,0.30000001192092896
21670,137.75601,SDSS J133530.21+334118.6,Q,203.8759271,33.6885144,0.8679999709129333
1562,142.092825,WISEA J052607.19-464515.8,qX,81.5300407,-46.7544495,0.699999988079071
1562,152.229596,WISEA J052543.41-464447.3,qX,81.4308435,-46.7464626,1.2000000476837158
1563,95.972237,J112220.91+590600.6,X,170.5871389,59.1001667,
1563,96.611924,J112222.49+590557.5,X,170.5937223,59.0993056,
1564,168.163805,WISEA J012140.00+173326.7,q,20.4166891,17.5574203,2.0999999046325684
21676,167.220269,SDSS J211410.07+025650.4,Q,318.5419681,2.947345,1.2929999828338623
1569,177.58016,J222056.44-244200.8,X,335.2351698,-24.7002245,
21678,102.951,J214031.76-635853.7,X,325.1323612,-63.9815834,
21678,135.873801,J214010.43-635558.4,X,325.0434723,-63.9328889,
21679,99.52877,WISEA J223450.99-125312.6,q,338.7124865,-12.8868409,0.30000001192092896
1570,0.011,NGC 5793,NRX,224.8532921,-16.6934723,0.010999999940395355
1570,26.160237,J145925.92-164157.0,X,224.858,-16.6991667,
1570,88.79112,J145919.65-164047.0,X,224.8319105,-16.679725,0.4000000059604645
1570,119.075076,J145916.58-164120.2,X,224.8190834,-16.6889445,
1570,179.829719,WISEA J145936.94-164219.0,qX,224.9039509,-16.7053302,1.2999999523162842
21680,73.061208,J231614.42-021427.8,X,349.0600904,-2.2410749,0.5
21680,129.409291,J231618.28-021329.2,X,349.0761667,-2.2247778,
21681,67.451552,SDSS J005130.20-011403.7,Q,12.8758417,-1.234381,2.046999931335449
21681,161.91727,SDSS J005140.86-011508.3,Q,12.9202908,-1.2523182,1.569000005722046
1572,96.264318,J024938.45-311005.6,X,42.4102223,-31.1682223,
1572,137.981203,J024925.40-310956.8,X,42.3558612,-31.1657778,
1572,160.91623,WISEA J024942.63-311316.8,qX,42.4276854,-31.2213522,1.5
21682,170.702325,J012235.03+335826.0,R,20.6459605,33.9739089,0.30000001192092896
21682,175.681986,SDSS J012259.15+335609.4,Q,20.7464779,33.9359457,2.3989999294281006
11353,170.987258,J030355.12-152923.2,X,45.9797009,-15.48978,1.899999976158142
21683,107.670866,SDSS J020019.08+001022.5,Q,30.0795287,0.1729412,1.6929999589920044
21684,113.85435,SDSS J020152.55+182932.9,Q,30.4689626,18.4924949,0.8360000252723694
1576,109.819769,SDSS J122057.03+580412.8,Q,185.2376342,58.070231,1.0640000104904175
11356,157.238757,SDSS J082328.63-045727.9,qX,125.8693116,-4.9577818,2.0999999046325684
21688,0.132575,UGC 3901,ARX,113.4713175,49.2919335,0.02199999988079071
21688,120.524998,J073404.46+491817.9,X,113.5186088,49.3049883,1.399999976158142
11358,147.286823,WISEA J113803.26-444555.1,q,174.5135423,-44.7652868,1.399999976158142
21689,124.186659,WISEA J093753.04-200032.8,q,144.470876,-20.0092253,1.2000000476837158
21690,135.63139,SDSS J104440.05+141436.9,Q,161.1668929,14.2435916,2.486999988555908
11360,160.241305,WISEA J140346.41-100616.5,q,210.9433587,-10.1046041,1.0
0,0.386231,NGC 5128,BX,201.3655834,-43.0188056,0.0010000000474974513
1,139.148922,J133654.92-295001.4,X,204.2288678,-29.8337402,
1,167.331679,J133713.60-295224.9,X,204.3066667,-29.8735834,
1,171.941244,J133655.87-294917.7,X,204.2328274,-29.8216093,0.8999999761581421
2,107.73696,J123954.60-113602.8,X,189.9775046,-11.6007789,0.10000000149011612
2,120.498071,J123958.91-113522.8,X,189.9954594,-11.5896831,0.10000000149011612
2,124.386591,J124000.66-113519.8,X,190.0027763,-11.5888513,
2,148.229195,J123959.78-113454.8,X,189.9990862,-11.5819119,2.4000000953674316
2,154.670248,J124009.69-113644.8,X,190.0403944,-11.6124613,0.10000000149011612
2,163.660454,J123955.80-113448.6,X,189.9825133,-11.5801766,0.10000000149011612
2,166.257858,J124010.40-113638.7,X,190.0433362,-11.6107722,1.100000023841858
2,166.882694,J124005.31-113459.7,X,190.0221425,-11.583264,3.5
2,172.859559,J123950.50-113914.6,X,189.9604461,-11.6540636,0.20000000298023224
3,0.571922,NGC 4472,NRX,187.4448334,8.0004445,0.003000000026077032
3,44.530932,J122943.82+075956.3,X,187.4325834,7.9989723,
3,56.02884,J122944.18+080041.9,X,187.4341197,8.0116507,0.699999988079071
3,59.711857,J122943.78+080040.9,X,187.4324233,8.0113762,
3,66.229564,J122942.61+075938.6,X,187.4275556,7.9940556,
3,66.656862,J122942.33+080007.9,X,187.4263797,8.0021994,0.30000001192092896
3,74.848907,J122947.02+075846.7,X,187.4459167,7.9796389,
3,92.847376,J122947.06+080134.2,X,187.4461189,8.0261767,1.2999999523162842
3,105.223559,J122940.09+075927.4,X,187.4170621,7.9909525,3.5999999046325684
3,135.121731,J122955.89+080003.4,X,187.4828889,8.0009445,
3,141.579024,J122937.74+080045.7,X,187.4072676,8.0127096,0.30000001192092896
3,143.33584,J122950.87+080211.4,X,187.4619723,8.0365,
3,144.9071,J122956.35+080030.5,X,187.4848117,8.0084848,1.7999999523162842
3,147.284193,J122937.92+075855.7,X,187.40802,7.9821494,2.5
3,149.026399,J122938.51+075837.4,X,187.4104679,7.9770671,1.100000023841858
3,150.983244,J122936.63+080000.5,X,187.4026389,8.0001389,
3,161.906415,J122941.00+075744.3,X,187.4208562,7.9623121,0.20000000298023224
3,163.177981,J122957.61+075933.0,X,187.4900627,7.9925155,1.899999976158142
3,172.028196,J122942.63+080242.0,X,187.4276389,8.045,
3,172.259753,J122935.77+080055.1,X,187.3990727,8.0153142,1.2999999523162842
20000,0.049807,NGC 6423,A,264.2222228,68.1714903,0.024000000208616257
20000,88.262969,J173638.14+680952.8,X,264.158927,68.1646795,
20000,120.449834,SDSS J173704.04+681202.2,qX,264.2669611,68.2005338,2.0
20000,121.355739,J173641.83+680834.4,X,264.1743056,68.1428889,
20000,158.60692,J173629.57+680850.4,X,264.1232223,68.1473334,
4,121.174531,J032245.83-371038.4,X,50.6909723,-37.1773334,
5,0.919357,NGC 1068,ARX,40.6696251,-0.0133056,0.003000000026077032
5,11.810665,J024240.00-000044.9,X,40.666702,-0.0124754,
5,20.890781,J024239.92-000104.4,X,40.6663532,-0.0178983,
5,95.107799,J024241.76+000046.1,X,40.674,0.0128056,
5,123.955347,SDSS J024233.71+000016.5,N,40.640461,0.004601,0.004000000189989805
5,152.878604,SDSS J024230.65-000029.6,QX,40.6277164,-0.0082288,2.5
5,154.046888,SDSS J024250.98-000031.6,QX,40.712433,-0.008785,2.177000045776367
5,168.185193,SDSS J024251.85-000021.9,N,40.716042,-0.0061031,0.004000000189989805
20003,35.204021,WISEA J221126.33+015543.8,q,332.8597355,1.9288414,0.4000000059604645
20003,152.682128,VIPERS 410049294,Q,332.8604225,1.9776551,1.725000023841858
6,80.290816,J124335.28+113349.8,X,190.8970278,11.5638334,
6,87.840586,J124335.96+113204.6,X,190.8998586,11.5346352,0.10000000149011612
7,93.181291,J031712.18-410530.6,X,49.30075,-41.0918334,
7,124.88085,J031724.39-410815.4,X,49.3516389,-41.1376112,
7,159.548042,J031705.88-410519.9,X,49.2745,-41.0888612,
7,165.289844,J031718.28-410343.8,X,49.3261945,-41.0621667,
20006,121.855926,SDSS J235904.52-021552.2,QX,359.7688639,-2.2645059,1.5190000534057617
8,131.612227,J110549.70-000419.8,X,166.4570834,-0.0721667,
9,130.381713,J123056.44+122448.1,X,187.7351769,12.4133656,0.699999988079071
9,168.735972,J123037.90+122327.6,X,187.6579411,12.3910203,0.30000001192092896
9,178.00357,J123056.68+122105.2,X,187.7361667,12.3514445,
10,48.693682,J100517.14-074319.1,X,151.3214463,-7.7219997,
10,51.04882,J100513.18-074217.2,X,151.3049387,-7.7047823,
10,92.981082,J100509.59-074200.6,X,151.289958,-7.7001715,
10,107.580331,J100519.30-074419.6,X,151.3304417,-7.7388042,0.800000011920929
10,118.801247,J100511.41-074459.4,X,151.2975516,-7.7498346,1.2000000476837158
10,142.841591,J100506.07-074428.1,X,151.2753142,-7.7411602,0.20000000298023224
10,149.781281,J100505.69-074141.5,X,151.2737272,-7.6948874,0.20000000298023224
10,150.360989,J100510.30-074527.0,X,151.2929445,-7.7575,
10,179.204794,J100522.87-074105.9,X,151.345304,-7.684981,0.5
11,67.904052,SDSS J112017.26+125829.1,qX,170.0719189,12.9747521,0.699999988079071
11,118.921023,J112016.03+125730.6,X,170.0668321,12.9585136,1.2000000476837158
12,103.855281,CXO J02224+4221,QX,35.601807,42.3606339,1.180999994277954
10013,134.520565,SDSS J171046.15+395451.1,Q,257.6923129,39.914184,3.055999994277954
14,137.810143,J093205.78+212759.1,X,143.0241112,21.4664167,
14,165.788011,J093205.35+213234.9,X,143.0223148,21.543032,0.8999999761581421
15,127.018299,J111851.30+130344.6,X,169.7137685,13.0624028,1.2000000476837158
20012,85.650479,J035748.13-165156.7,R2,59.4505742,-16.8657756,2.200000047683716
16,25.856513,J123618.90+255917.5,X,189.07875,25.9881945,
16,26.437948,NGC 4565,N,189.0925278,25.9925278,0.004000000189989805
16,29.528948,J123618.75+255904.3,X,189.078128,25.9845534,
16,35.900936,J123618.78+255937.9,X,189.0782566,25.9938697,
16,142.814201,SDSS J123631.26+255936.9,QX,189.1302818,25.9935894,0.5839999914169312
16,162.631339,SDSS J123610.89+260047.3,qX,189.0453972,26.0131464,1.7999999523162842
16,178.042698,J123608.00+255831.2,X,189.0333334,25.9753334,
10016,163.518907,WISEA J051133.52-030153.2,q,77.8896934,-3.0314699,1.0
17,44.294555,J092203.33+505751.5,X,140.5138889,50.9643056,
17,106.009585,J092206.54+505655.9,X,140.5272778,50.9488612,
19,51.574816,J112013.57+133533.9,X,170.0565602,13.5927608,
19,165.949802,J112022.38+133748.5,X,170.0932778,13.6301389,
19,177.441465,1WGA J1120.2+1332,QX,170.0614223,13.5410713,0.9929999709129333
20,52.115919,SDSS J122522.14+181043.3,QX,186.3422668,18.1787317,1.9570000171661377
20,53.174415,J122527.18+181156.9,X,186.36325,18.1991389,
20,169.824114,1WGA J1225.2+1813,QX,186.3215373,18.2295894,1.1859999895095825
10018,168.658697,SDSS J111459.29+033318.9,Q,168.747051,3.55527,2.562999963760376
10018,176.438301,SDSS J111510.49+033715.6,Q,168.7937134,3.6210153,3.509999990463257
20018,77.001973,SDSS J121756.09+502803.5,Q,184.4837748,50.4676568,1.3370000123977661
21,0.012499,NGC 2974,NRX,145.6386667,-3.6991389,0.006000000052154064
21,171.880626,J094243.79-034305.9,RX,145.6824854,-3.7183179,0.800000011920929
23,0.001106,NGC 4501,NX,187.9967303,14.4204101,0.00800000037997961
20021,39.289966,WISEA J132312.26-312720.2,qX,200.8010955,-31.4556102,0.20000000298023224
25,0.17374,NGC 4374,NRX,186.2657223,12.887,0.003000000026077032
25,142.998511,Q 1222+131,QX,186.2996375,12.8649036,1.25600004196167
26,102.359376,J041621.38-554733.1,X,64.0891036,-55.7925537,
26,135.202374,J041612.02-554903.0,X,64.0500967,-55.8175188,
10023,164.959168,SDSS J225957.81+255937.6,Q,344.9909064,25.9938086,1.6469999551773071
27,51.482635,J104752.28+123527.1,X,161.9678612,12.5908612,
20024,96.907331,SDSS J163802.45+325059.8,Q,249.510229,32.8499448,0.9819999933242798
29,130.290664,J104653.17+115022.9,X,161.7215774,11.8397031,1.2999999523162842
10025,150.366255,WISEA J071031.80+394532.1,q,107.632525,39.7589277,1.2000000476837158
20026,100.81148,SDSS J222808.99+185920.8,Q,337.0374657,18.9891103,0.6290000081062317
10026,72.74154,WISEA J080926.69+575055.8,q,122.3612893,57.8488219,0.20000000298023224
10026,91.936703,WISEA J080924.36+575129.5,qR,122.3515469,57.8582136,1.2000000476837158
31,104.067984,J033820.78-352726.2,X,54.5866122,-35.4572799,
31,112.591237,J033820.00-352643.6,X,54.5833426,-35.4454453,
31,136.602019,J033838.78-352554.9,X,54.6616214,-35.4319184,
31,143.12991,J033838.81-352543.0,X,54.6617223,-35.4286112,
31,150.033369,J033817.08-352630.8,X,54.5711822,-35.4419164,
31,156.973777,J033816.87-352613.9,X,54.5703056,-35.4371945,
31,174.320798,J033820.12-352447.0,X,54.5838612,-35.4130556,
32,95.879495,J124841.26-054710.2,X,192.1719511,-5.7861773,
32,132.855636,J124834.42-055014.0,X,192.1434371,-5.8372398,1.100000023841858
32,170.375961,SDSS J124834.32-055051.8,qX,192.1430231,-5.8477208,0.8999999761581421
32,170.808944,WISEA J124846.84-054853.0,qX,192.1952112,-5.8147437,1.0
10027,173.027362,SDSS J102728.00+011225.6,A,156.86667,1.2071354,0.5329999923706055
33,153.497162,J131044.41+370234.9,X,197.6850627,37.0430327,1.899999976158142
34,149.31276,WISEA J124855.81-083756.0,q,192.2325713,-8.6322274,0.699999988079071
20030,112.909916,WISEA J100404.26+765149.0,q,151.0180444,76.8635918,1.7000000476837158
10029,125.315501,SDSS J113421.64+490051.3,AX,173.5902478,49.0142662,0.2290000021457672
10029,169.556081,J113421.79+490001.5,X,173.5908056,49.0004167,
20031,91.200995,SDSS J114809.59+460924.6,Q,177.0399763,46.1568562,1.6150000095367432
35,1.393471,NGC 1365,AX,53.4015422,-36.1404118,0.006000000052154064
35,158.663198,J033334.16-361102.5,X,53.3923387,-36.1840504,
35,159.343606,J033329.34-360612.3,X,53.3722767,-36.1034287,
37,23.347073,J123744.78+114849.5,X,189.4365834,11.81375,
37,46.579195,J123741.02+114932.4,X,189.4209445,11.8256667,
37,48.933163,J123745.73+114942.7,X,189.4405556,11.8285278,
10031,119.947777,2QZ J123528.3-022134,N,188.868292,-2.3593612,0.12800000607967377
20033,52.135419,GQ125211+272803,QX,193.0497379,27.4677369,2.0439999103546143
20033,85.266616,SDSS J125206.95+272717.4,QX,193.0289745,27.4548623,1.6799999475479126
20033,157.126957,SDSS J125218.82+273005.4,qX,193.0784383,27.501507,1.399999976158142
20033,163.626805,J125203.89+272609.4,X,193.0162232,27.4359609,2.0
20033,172.038232,SDSS J125201.68+273100.1,qX,193.0069881,27.5167015,2.0999999046325684
38,109.375681,NGC 3923 #40,QX,177.7759439,-28.7805229,1.2699999809265137
38,168.766543,J115110.88-285021.4,X,177.7953458,-28.839289,0.5
39,104.253259,J124213.54+323346.6,X,190.5564532,32.5629592,
39,110.934652,SDSS J124204.03+323408.3,AX,190.51682,32.568987,0.39500001072883606
39,131.639179,J124158.41+323320.7,X,190.4934155,32.5557517,
39,155.652769,J124155.75+323214.6,X,190.4823151,32.5373924,0.10000000149011612
20034,84.835777,J125918.62+272502.8,X,194.8275834,27.4174445,
20034,161.798434,SDSS J125902.74+272519.4,qX,194.7614654,27.4220947,2.0
10033,80.148101,SDSS J134422.34+202111.5,Q,206.0930894,20.3532201,1.0759999752044678
10033,160.97757,SDSS J134416.31+202408.1,Q,206.067973,20.4022579,0.8619999885559082
40,0.001137,NGC 4636,ARX,190.7077803,2.6877801,0.003000000026077032
40,41.94529,J124251.09+024038.3,X,190.7128889,2.6773056,
40,52.093984,J124248.58+024204.4,X,190.7024167,2.7012223,
20035,70.463724,WISEA J135942.58+245936.7,q,209.9274571,24.9934684,0.20000000298023224
41,148.66826,J033844.33-261830.7,X,54.6847481,-26.3085338,0.10000000149011612
41,153.581617,J033903.45-261956.1,X,54.7644015,-26.33225,1.600000023841858
41,178.025701,J033847.09-262300.8,X,54.6962098,-26.3835718,0.5
42,158.570911,J050732.32-372902.3,X,76.8846988,-37.4839979,
43,5.859169,NGC 3621,N,169.5688065,-32.814047,0.0020000000949949026
20038,37.740322,SDSS J171925.70+405507.7,Q,259.8570882,40.9188071,1.3849999904632568
20038,147.625164,SDSS J171917.11+405416.4,Q,259.8213296,40.9045687,1.437000036239624
10037,55.233276,J030337.27+015606.3,R,45.905299,1.9351046,0.6000000238418579
44,100.875338,J111317.45-264658.7,X,168.3227157,-26.782982,0.20000000298023224
44,129.239314,J111326.32-264556.3,X,168.3596808,-26.765655,1.0
45,129.735437,J122427.28+072112.0,X,186.1136948,7.3533478,1.399999976158142
45,132.870208,J122426.37+071653.0,X,186.1098819,7.2814164,0.5
45,134.900049,J122426.66+071650.2,X,186.1110834,7.2806112,
20041,72.584263,J184556.48-625923.6,X,281.4853385,-62.9899038,
10040,135.069315,WISEA J122929.30-182137.5,q,187.3720642,-18.3604394,1.5
46,105.090738,J122258.74+154751.3,RX,185.74475,15.7975834,
20043,115.063428,SDSS J231517.78+305640.8,Q,348.8240966,30.9446693,1.8639999628067017
47,132.983761,J151601.18+561746.4,X,229.0049167,56.2962223,
47,156.831544,SDSS J151612.51+561952.3,QX,229.0521526,56.3312106,0.6779999732971191
10041,110.182115,J123017.74+104630.9,X,187.5739167,10.77525,
10041,161.440912,J123019.86+104805.8,X,187.5827653,10.8016113,0.5
10041,164.6537,SDSS J123007.34+104924.8,QX,187.530567,10.8235401,0.8330000042915344
10041,167.219974,J123020.39+104528.7,X,187.5849709,10.7579765,0.800000011920929
10041,178.753371,SDSS J123015.73+104926.1,qX,187.565567,10.8239403,0.30000001192092896
20044,130.127166,SDSS J233028.30+270716.9,Q,352.6179108,27.1213853,1.9589999914169312
20044,143.116346,PGC 214965,N,352.538777,27.1177469,0.12200000137090683
10042,137.510242,WISEA J123339.06-350537.1,q,188.4127777,-35.0936484,1.100000023841858
20045,176.050407,SDSS J004441.48+164845.6,Q,11.1728332,16.812682,2.2790000438690186
50,76.909797,J034006.51-183443.0,X,55.0271389,-18.5786112,
50,106.463103,J034004.48-183503.5,X,55.0186802,-18.5843319,
50,120.436195,J034014.03-183252.8,X,55.0584723,-18.548,
50,137.177297,J034011.24-183232.5,X,55.0468589,-18.5423639,0.10000000149011612
51,156.714378,J104827.23+123826.4,X,162.1134621,12.6406752,0.5
51,166.066216,NGC 3384 U13,QX,162.1129352,12.6494324,0.4970000088214874
20047,86.84615,J024041.87+012126.6,X,40.1744977,1.3574116,2.299999952316284
20047,141.445225,J024044.22+012252.4,X,40.18425,1.3812223,
20047,153.243828,SDSS J024039.10+011850.3,QX,40.1629383,1.3139921,1.6399999856948853
55,92.99352,J033859.27-353515.4,X,54.7469723,-35.5876112,
55,137.864952,J033859.36-353723.4,X,54.7473695,-35.6231881,
55,140.201844,J033844.94-353731.3,X,54.6872778,-35.6253612,
55,150.461336,Q 0336-3603,QX,54.6814637,-35.5636795,0.7409999966621399
10048,162.345721,SDSS J020221.70+160142.0,Q,30.590418,16.028379,2.6419999599456787
20052,34.404504,SDSS J094644.44+064120.1,Q,146.6852003,6.688934,2.697999954223633
57,159.380074,J003016.21-331220.7,X,7.5675556,-33.20575,
10049,0.640032,UGC 2638,NRX,49.2592081,1.254972,0.024000000208616257
10049,99.103303,SDSS J031702.74+011339.4,Q,49.2614277,1.227605,2.249000072479248
20053,176.798337,SDSS J095735.22+451244.6,Q,149.3967509,45.2124036,1.1929999589920044
20054,51.40502,SDSS J113323.51+323519.6,Q,173.3480074,32.5887937,2.321000099182129
20054,81.59316,FBQS J113324.7+323449,QR,173.3532941,32.5803626,2.5369999408721924
58,100.057355,SDSS J144450.36+015810.4,qX,221.2098359,1.96958,1.2999999523162842
58,128.808278,J144501.66+015540.1,X,221.2569167,1.9278056,
20055,48.148795,WISEA J120218.38-293137.8,q,180.5765851,-29.5271822,1.100000023841858
59,151.718017,J225721.97-362851.9,X,344.3415556,-36.4810834,
59,159.504519,J225723.53-362707.2,X,344.3480575,-36.4520109,
20056,116.469048,WISEA J124239.70+270833.4,q,190.6654376,27.1426307,1.2000000476837158
10052,43.199397,WISEA J100743.52-351140.9,q,151.9313821,-35.1947614,1.0
61,1.580993,NGC 5866,ARX,226.6238889,55.7631389,0.0020000000949949026
61,79.915893,J150635.54+554446.0,X,226.6481112,55.7461112,
61,158.822482,J150629.73+554309.1,X,226.6238889,55.7191945,
61,166.441598,J150640.45+554806.7,X,226.6685556,55.8018612,
62,147.285405,J033639.53-345846.8,X,54.1647223,-34.9796667,
10054,66.330103,WISEA J131415.88-263559.2,q,198.5661663,-26.5998043,1.600000023841858
63,84.387153,J120805.46+651151.1,X,182.0227646,65.1975509,1.5
63,100.827347,J120810.94+650850.9,X,182.0456042,65.1474838,0.20000000298023224
65,69.145121,J122150.33+042821.2,X,185.4597223,4.4725556,
65,79.753967,J122150.68+042912.7,X,185.4611667,4.4868612,
65,80.263043,J122158.15+042929.2,X,185.4923215,4.4914685,1.2000000476837158
65,106.328896,J122149.30+042929.6,R,185.4554445,4.4915556,
65,111.616185,J122202.35+042810.7,X,185.5098056,4.4696389,
10058,142.748152,WISEA J222253.86+355052.8,q,335.7244582,35.8479886,1.899999976158142
68,157.458927,J073651.54-693050.4,X,114.21475,-69.514,
10059,0.16059,ESO 602-31,ARX,339.233111,-22.2208438,0.032999999821186066
20067,148.682602,WISEA J061133.91-162648.0,q,92.8913442,-16.4467604,1.2000000476837158
20067,158.603179,WISEA J061132.66-163144.0,q,92.8861098,-16.5289274,1.0
70,52.367221,J033828.58-230229.3,X,54.6190949,-23.0414818,0.30000001192092896
70,55.583362,J033831.85-230227.3,X,54.6327366,-23.040938,
70,93.191042,J033834.09-230027.9,X,54.6420556,-23.00775,
70,164.319503,WISEA J033839.94-230305.3,qX,54.6664387,-23.0514983,0.6000000238418579
70,176.084915,WISEA J033817.57-230231.4,qX,54.5733575,-23.0421861,1.7000000476837158
20070,128.541418,WISEA J095137.67+693959.6,qX,147.9069085,69.6665505,0.699999988079071
72,0.487503,NGC 1566,ARX,65.0016751,-54.9379384,0.004000000189989805
72,137.661058,J041949.20-545754.2,X,64.9550278,-54.9650556,
73,152.721165,J050508.30-375636.4,X,76.2846112,-37.9434445,
10064,107.763041,WISEA J082034.29+043231.1,q,125.1428866,4.5419813,0.20000000298023224
74,2.486798,NGC 5846,ARX,226.6215328,1.6058166,0.006000000052154064
74,52.57412,J150626.04+013638.9,X,226.6085,1.6108056,
74,60.187502,J150628.72+013718.9,X,226.6196667,1.6219167,
74,104.426226,J150635.08+013521.4,X,226.6462044,1.5892789,0.30000001192092896
74,126.981169,J150621.92+013516.7,X,226.591354,1.5879911,1.2999999523162842
75,20.981623,J124508.13-002802.2,X,191.2838899,-0.4672822,
75,161.041121,2SLAQ J124459.73-002911.9,QX,191.248856,-0.4866153,1.5210000276565552
76,130.042796,J121853.77+142654.6,X,184.7240556,14.4485,
20075,32.513266,SDSS J222638.51+200539.9,Q,336.6604777,20.0944363,1.0529999732971191
20075,120.178185,SDSS J222638.46+200335.7,Q,336.6602728,20.059941,2.1059999465942383
77,0.430734,NGC 3607,NRX,169.2278612,18.0517778,0.003000000026077032
77,35.939959,SDSS J111657.15+180311.5,qX,169.2381384,18.0531969,1.2000000476837158
20076,35.562785,SDSS J231344.20-014342.8,qR,348.4341736,-1.7285767,1.399999976158142
20076,86.555916,SDSS J231341.33-014310.9,Q,348.422238,-1.7197203,1.371999979019165
20076,119.563885,SDSS J231346.10-014547.6,Q,348.4420851,-1.7632504,1.3609999418258667
79,86.027243,J032614.87-212126.2,RX,51.5619791,-21.3573005,0.10000000149011612
20078,103.491066,SDSS J010935.88+322603.7,Q,17.3995358,32.4343838,1.6019999980926514
80,156.579563,J121957.86+293858.3,X,184.9910834,29.6495278,
81,0.371613,NGC 7213,BRX,332.3175445,-47.1666895,0.006000000052154064
10071,56.926486,SDSS J025245.98-084824.3,Q,43.1915855,-8.8067441,1.5880000591278076
83,109.114599,J061913.20+782144.5,X,94.805,78.3623612,
10075,176.259922,J141805.29-195648.3,R,214.5220557,-19.9467738,0.5
86,0.000753,NGC 2655,NRX,133.9072103,78.2230802,0.004999999888241291
86,144.058875,J085618.80+781212.9,X,134.0783525,78.2036074,0.5
20085,165.86918,2SLAQ J135803.98-002612.6,Q,209.5166024,-0.4368361,1.4739999771118164
20086,99.030082,SDSS J145343.93+422623.1,Q,223.4330741,42.4397704,0.9599999785423279
20086,104.010079,SDSS J145332.39+422511.1,Q,223.3849821,42.4197692,1.2239999771118164
87,96.771485,SDSS J091014.05+070249.5,qX,137.5585692,7.0471019,1.100000023841858
10076,64.515257,J223559.74+335739.1,X,338.998935,33.9608887,1.100000023841858
10076,90.948481,Q 2233+337,QX,339.0155556,33.9733334,2.114000082015991
10076,94.055178,J223600.84+335821.8,X,339.0035387,33.972723,1.5
10076,99.950682,NGC 7319,NRX,339.0149069,33.9758554,0.02199999988079071
88,110.551334,J123128.54+254457.7,X,187.8689539,25.7493689,1.7999999523162842
88,140.834865,J123120.67+254843.2,X,187.8361511,25.8120178,0.5
88,154.209179,SDSS J123131.55+254433.8,qX,187.8814644,25.7427463,0.10000000149011612
89,80.087155,SDSS J111126.87+553914.6,QX,167.8619868,55.6540578,1.1169999837875366
89,108.026162,J111118.24+554017.9,X,167.826,55.6716389,
89,144.691716,J111116.34+554142.0,X,167.8181112,55.695,
89,145.63977,SDSS J111134.48+554249.4,qX,167.8936869,55.7137231,1.2999999523162842
89,175.770772,J111110.65+553949.9,X,167.7943889,55.6638612,
89,179.209368,J111110.00+554001.2,X,167.7916667,55.667,
20090,60.302782,WISEA J171004.82+321652.3,q,257.5201015,32.2811981,0.20000000298023224
20090,114.94748,SDSS J171009.13+321545.0,Q,257.5380637,32.2625126,1.2120000123977661
20090,170.028896,SDSS J170954.53+321759.6,Q,257.4772519,32.2998762,2.625
90,1.10094,NGC 5033,ARX,198.3644662,36.5938706,0.003000000026077032
90,32.174429,J131329.32+363513.2,X,198.3721667,36.587,
90,133.559944,SDSS J131335.54+363404.6,QX,198.3980755,36.5679712,2.003000020980835
90,136.754729,J131335.26+363356.9,X,198.3969188,36.565813,0.4000000059604645
90,169.515496,J131323.86+363820.8,X,198.3494445,36.6391112,
91,71.076319,J013637.70+154740.6,X,24.1571227,15.7946172,0.30000001192092896
91,102.031085,J013636.21+154557.4,X,24.1508873,15.7659555,1.0
91,153.720812,J013651.10+154546.3,X,24.2129167,15.7628612,
91,162.469893,J013642.66+154418.5,X,24.1777778,15.7384723,
93,1.580888,NGC 2768,ARX,137.9054445,60.0373612,0.004999999888241291
93,138.310451,J091149.34+600400.1,X,137.9556112,60.0666945,
20095,124.921197,2QZ J011251.3-310959,Q,18.2138334,-31.16625,0.7919999957084656
94,85.102656,J013414.48-292616.1,X,23.5603663,-29.4378264,0.4000000059604645
10083,23.630351,SDSS J082045.03+540730.8,Q,125.1875571,54.1252067,1.437000036239624
10083,112.320741,SDSS J082043.39+540927.9,Q,125.1808052,54.1577542,1.2259999513626099
10083,154.550222,J082025.54+540651.9,R,125.1064167,54.1144167,
95,135.453947,SDSS J000309.95+160648.0,qX,0.7914867,16.1133438,1.600000023841858
95,161.712937,SDSS J000306.04+160704.4,qX,0.775164,16.1179064,1.5
10084,123.411662,SDSS J092004.09+335402.7,Q,140.0170693,33.9007608,3.3320000171661377
10084,133.264815,J091948.05+335444.8,X,139.9502223,33.9124445,
96,48.245037,J115351.91+522015.8,X,178.4663211,52.3377407,
96,111.887547,J115355.70+522109.2,X,178.4821112,52.3525556,
96,173.952145,SDSS J115331.13+521837.8,qX,178.3797212,52.3104874,1.2000000476837158
98,173.51038,SDSS J122840.23+170629.5,QX,187.1676335,17.1082123,0.703000009059906
10086,0.435153,UGC 8598,N,204.1697404,20.2001461,0.01600000075995922
100,151.33025,J012447.81+092948.5,X,21.1992223,9.4968056,
101,0.535453,NGC 1672,ARX,71.4271667,-59.2472778,0.004000000189989805
101,175.840816,J044540.97-591746.1,X,71.4207223,-59.2961389,
10088,71.251249,SDSS J170817.10+425622.4,Q,257.0712818,42.9395569,1.4010000228881836
10088,160.727788,SDSS J170816.85+425450.3,Q,257.0702394,42.9139747,2.6610000133514404
103,44.637094,CXO 37,AX,180.4790787,-18.887342,0.25999999046325684
20106,153.515897,WISEA J145725.34+272729.5,q,224.3555828,27.4581999,1.0
20107,146.195575,SDSS J150958.41+094138.8,N,227.4934039,9.6941225,0.07999999821186066
104,25.523656,J122008.72+291644.5,X,185.0363612,29.2790278,
104,25.866625,J122006.48+291624.3,X,185.0270278,29.2734167,
104,32.308709,J122007.92+291718.7,X,185.0330001,29.2885322,
104,34.101046,J122004.21+291650.9,X,185.0175556,29.2808056,
104,38.421409,J122009.75+291648.5,X,185.0406389,29.2801389,
104,45.748423,J122003.41+291639.4,X,185.0142223,29.2776112,
104,48.598158,J122007.15+291738.2,X,185.0298056,29.2939445,
104,56.934991,J122003.76+291609.3,X,185.0156667,29.26925,
104,57.473356,J122010.87+291627.7,X,185.0453056,29.2743612,
104,65.16428,J122009.94+291740.5,X,185.0414468,29.2945843,
104,115.036121,J122011.76+291514.7,X,185.0490213,29.2540841,1.2000000476837158
104,118.832142,J122000.27+291812.2,X,185.0011413,29.3033911,1.399999976158142
104,119.482785,J122008.70+291452.9,X,185.0362778,29.2480278,
104,121.554639,J122012.40+291512.7,X,185.0516945,29.2535278,
104,150.249172,J122010.81+291910.6,X,185.0450813,29.3196218,0.5
104,152.214236,J122004.33+291421.1,X,185.0180556,29.2391945,
105,1.035419,NGC 5643,NRX,218.1696103,-44.1744189,0.003000000026077032
20110,21.346158,2SLAQ J231542.20+002446.0,N,348.9258736,0.4127821,0.028999999165534973
10094,41.38447,SDSS J235515.32+214618.0,Q,358.8138685,21.7716683,2.1610000133514404
10094,62.956105,SDSS J235516.01+214637.5,Q,358.8167224,21.7770889,2.1540000438690186
20111,34.241471,SDSS J020016.94+241449.2,Q,30.0706197,24.2470077,3.1630001068115234
20111,71.54289,SDSS J020010.02+241533.8,Q,30.0417714,24.2593998,1.7009999752044678
20111,150.968862,SDSS J020019.36+241251.5,Q,30.0806705,24.2143174,1.6629999876022339
20111,163.441328,SDSS J020009.90+241241.9,Q,30.0412708,24.2116268,2.1649999618530273
106,51.949036,J122951.92+132612.4,X,187.4663612,13.4367778,
106,116.409248,J122955.24+132655.7,X,187.4801713,13.4488322,1.7999999523162842
106,138.577563,SDSS J122958.28+132526.0,QX,187.4928415,13.4239022,0.6539999842643738
106,145.173865,J122941.34+132410.7,X,187.4222546,13.4029953,0.8999999761581421
106,165.914247,J122956.34+132750.7,RX,187.4847642,13.464089,0.4000000059604645
107,133.579064,J124838.68-411739.9,X,192.16119,-41.294424,
107,167.929376,J124842.86-411608.3,X,192.178584,-41.2689903,
20112,145.059861,2SLAQ J021606.12-004119.8,A,34.0255181,-0.6887978,0.5580000281333923
20112,158.219316,SDSS J021602.57-004022.8,Q,34.0107256,-0.673023,1.7259999513626099
110,134.305305,J091922.97+691424.2,X,139.8457097,69.2400722,2.0
110,147.045489,J091943.79+691311.7,X,139.9324879,69.2199283,0.5
20116,171.581998,WISEA J031110.77-022650.8,q,47.7949101,-2.447457,0.8999999761581421
20117,133.464179,WISEA J041550.47-365528.7,q,63.9603244,-36.9246441,2.5
112,88.601005,J024147.94+002516.7,X,40.44975,0.4213056,
112,164.586591,WISEA J024148.79+002359.7,q,40.4533252,0.3999421,2.0999999046325684
20118,135.198625,SDSS J075822.02+421754.3,Q,119.5917521,42.2984162,0.43700000643730164
10101,101.908481,SDSS J003357.20+071747.6,Q,8.4883119,7.2965619,0.8669999837875366
10102,134.178521,WISEA J054907.05-723531.7,q,87.2791919,-72.5921806,1.7000000476837158
20119,162.569387,J091903.52+512444.8,X,139.7646963,51.4124671,0.20000000298023224
114,0.714356,NGC 5322,ARX,207.3136112,60.1905556,0.006000000052154064
20120,160.572731,WISEA J095327.17-250628.0,q,148.3633878,-25.1078252,0.6000000238418579
10103,106.857761,SDSS J084149.23+404022.2,Q,130.4551528,40.6728478,1.809999942779541
10103,175.255867,SDSS J084147.04+403644.9,Q,130.4460255,40.6124791,0.7639999985694885
20121,150.936721,SDSS J120414.40+200850.2,Q,181.0600351,20.1473036,3.26200008392334
20121,155.757107,SDSS J120402.33+200906.9,qX,181.0097343,20.1519384,1.100000023841858
20121,168.582226,SDSS J120405.83+201345.0,QX,181.0243699,20.2292211,0.5979999899864197
116,163.730084,J231155.40-283150.4,X,347.9808544,-28.5306877,1.100000023841858
116,168.804999,J231210.20-283507.8,X,348.0425254,-28.5855016,1.600000023841858
10104,147.183545,SDSS J092108.58+445450.9,AX,140.2857649,44.9141141,0.15600000321865082
117,5.527804,NGC 3079,NRX,150.4938889,55.6805556,0.004000000189989805
117,58.227031,J100157.71+553949.8,X,150.4904723,55.6638334,
117,80.632252,J100154.85+554204.3,X,150.478549,55.7012038,
117,80.99786,SDSS J100203.07+553940.1,qX,150.5128672,55.6610534,2.299999952316284
117,107.334764,J100153.66+554229.1,X,150.4735834,55.7080834,
117,138.021998,J100142.07+554015.2,X,150.4253056,55.6708889,
117,144.312027,NGC 3073 UB4,QX,150.5223205,55.7160876,1.1540000438690186
20124,170.98277,SDSS J131207.02+111123.9,Q,198.0292572,11.1899764,0.796999990940094
118,95.145951,WISEA J131810.48-264912.1,qX,199.543644,-26.8200583,0.699999988079071
118,109.886694,J131758.26-264912.4,X,199.4927749,-26.820134,1.899999976158142
10107,31.230263,WISEA J111333.84-144746.6,q,168.3910036,-14.7963355,0.699999988079071
119,1.244771,NGC 4477,NX,187.5091112,13.6365556,0.004999999888241291
119,54.622157,J122959.19+133740.0,X,187.4966389,13.6277778,
121,2.818493,NGC 3169,ARX,153.5622778,3.4665834,0.003000000026077032
20129,97.326107,SDSS J021628.04+320115.1,Q,34.1168566,32.0208514,3.2100000381469727
10110,126.471719,SDSS J135746.19+095420.9,A,209.4425073,9.9058253,0.17399999499320984
10110,154.972165,SDSS J135740.22+095110.0,A,209.4175963,9.8527966,0.11500000208616257
20130,128.682558,WISEA J024420.29+173630.4,q,41.0845526,17.6084458,1.100000023841858
123,101.887075,J122800.32+094645.9,X,187.0013334,9.7794167,
123,115.832801,J122758.97+094943.2,X,186.9957223,9.8286667,
10111,73.275532,WISEA J165427.18+502829.9,q,253.6132618,50.4749871,1.5
124,18.896096,J133730.80+085308.9,X,204.3783612,8.8858056,
124,133.672026,SDSS J133741.08+085303.6,qX,204.4211951,8.8843454,2.0
10113,159.139903,J012551.71-012917.2,X,21.4654889,-1.4881364,0.8999999761581421
125,0.076664,NGC 3941,NX,178.2306667,36.9863334,0.003000000026077032
125,37.19231,SDSS J115258.25+365857.9,QX,178.2427863,36.9827791,0.5770000219345093
125,176.536005,J115309.17+370012.2,X,178.2882223,37.0033889,
10114,0.381194,CGCG 524-26,NRX,42.4659525,34.9880145,0.017999999225139618
126,73.302833,J014304.49+133738.1,X,25.7687083,13.6272547,
126,77.085306,J014303.72+133958.9,X,25.7655,13.6663612,
126,80.39076,J014301.17+134002.9,X,25.7548842,13.667496,0.30000001192092896
10115,113.776339,WISEA J035107.28-082354.2,q,57.7801132,-8.3984467,0.20000000298023224
10117,62.54908,SDSS J114405.18+200138.2,qX,176.0215912,20.027298,1.0
10117,92.626858,J114355.58+200242.3,X,175.9816078,20.0450939,0.20000000298023224
10117,131.114119,SDSS J114351.90+200105.7,qX,175.9662774,20.0182576,1.2999999523162842
129,60.528057,J015302.44-134325.6,X,28.2601945,-13.7237778,
129,66.387222,J015256.56-134346.5,X,28.2356667,-13.7295834,
129,70.877031,J015256.96-134331.0,X,28.2373334,-13.7252778,
129,71.236822,J015256.48-134339.2,X,28.2353334,-13.7275556,
129,112.094516,J015307.15-134322.4,X,28.2798056,-13.7228889,
129,123.652173,J015308.39-134333.0,X,28.2849723,-13.7258334,
129,159.371365,IXO 2,QX,28.2626384,-13.7817686,0.9639999866485596
20138,129.469022,WISEA J094654.10-145517.0,q,146.7253288,-14.9214578,1.0
130,138.725656,J120027.23-010352.2,X,180.1134723,-1.0645,
20139,131.217298,WISEA J103240.89+734557.0,q,158.1704127,73.7658526,1.100000023841858
20141,113.521441,SDSS J112437.27+233607.9,Q,171.155316,23.6022182,2.2090001106262207
20141,156.331197,SDSS J112451.12+233443.4,Q,171.2130053,23.5787427,0.8009999990463257
132,53.857551,J121921.27+054844.0,X,184.8386389,5.8122223,
132,62.336646,J121921.34+054833.6,X,184.8389167,5.8093334,
132,75.870818,J121925.62+054821.8,X,184.8567778,5.8060556,
132,92.909121,J121926.91+055044.2,X,184.8621377,5.8456115,
132,92.926966,J121924.97+055058.3,X,184.8540556,5.8495278,
20142,160.258253,WISEA J113001.30-132255.8,q,172.5054788,-13.3821816,0.6000000238418579
133,1.906544,NGC 7582,ARX,349.5979696,-42.370158,0.004999999888241291
133,116.283771,J231830.01-422041.8,X,349.6250542,-42.3449575,
10120,109.029089,J140341.10-340308.5,X,210.9212637,-34.0523886,
10120,161.146149,J140331.80-340149.0,X,210.8825072,-34.0302823,
135,94.637375,SDSS J110017.55+135537.8,qR,165.07315,13.927194,0.38499999046325684
10122,172.331077,WISEA J220107.31-282329.3,q,330.2804796,-28.3915497,2.0
136,95.955175,SDSS J115750.27+552834.7,qX,179.4594755,55.4763082,1.2999999523162842
136,167.578035,WISEA J115813.09+552838.2,q,179.5545672,55.4773029,0.30000001192092896
139,10.903694,J121104.83+502854.9,X,182.7701389,50.4819167,
139,58.018161,J121109.82+502930.3,X,182.7909403,50.4917664,0.30000001192092896
139,69.674906,J121058.02+502830.3,X,182.7417778,50.4750834,
139,164.47991,SDSS J121113.65+502646.3,QX,182.8068947,50.446203,2.3329999446868896
10125,135.562927,WISEA J034953.62-714021.5,q,57.4735336,-71.6726307,1.2999999523162842
10127,91.688076,SDSS J125751.21+362335.1,Q,194.4633733,36.3931027,0.4970000088214874
142,95.987917,J123239.24+000641.0,X,188.1635278,0.1113889,
10128,34.250749,J144223.01+221925.0,X,220.595901,22.3236149,0.6000000238418579
10128,106.829456,WISEA J144215.10+222034.2,q,220.5630188,22.3427181,4.099999904632568
10128,114.177897,PGC 140349,NRX,220.5807904,22.3032661,0.09700000286102295
10128,126.295375,SDSS J144231.30+222023.1,qX,220.6304384,22.3397494,1.5
10128,128.771764,SDSS J144230.40+221853.4,qX,220.6267144,22.3148721,0.30000001192092896
143,0.948265,NGC 3147,NRX,154.2241945,73.4008889,0.009999999776482582
10129,149.038659,WISEA J171620.87+435135.5,q,259.0868603,43.8598285,0.8999999761581421
20155,105.772929,J003411.90-073748.8,X,8.5496112,-7.6302223,
144,1.003487,NGC 4151,ARX,182.6357383,39.4058494,0.003000000026077032
144,16.489944,SDSS J121032.92+392436.9,N,182.63718,39.410261,0.004000000189989805
144,44.88258,J121031.80+392504.5,X,182.6325,39.4179167,
144,56.555665,SDSS J121028.47+392449.9,qX,182.6186619,39.4138651,3.0999999046325684
144,134.97278,SDSS J121022.39+392316.8,QX,182.5933483,39.3880047,0.8920000195503235
145,67.360763,J024100.64-081454.0,X,40.2526667,-8.2483334,
145,67.987167,J024101.55-081433.0,X,40.2564723,-8.2425,
145,115.939718,SDSS J024057.05-081535.8,qX,40.2377177,-8.2599745,0.30000001192092896
145,146.796534,J024114.60-081502.2,X,40.3108573,-8.2506312,0.5
145,164.896361,J024106.14-081237.3,X,40.2755834,-8.2103612,
146,166.679838,WISEA J142010.15+035441.8,q,215.0422784,3.9115839,0.800000011920929
10132,82.73901,J223718.80+343007.9,X,339.3283334,34.5021945,
10132,134.053667,J223732.40+342927.2,X,339.385,34.4908889,
10132,135.906332,J223714.05+342719.1,X,339.3085462,34.4553255,
10132,135.992981,J223723.46+342639.9,X,339.3477778,34.4444167,
10132,161.605085,WISEA J223710.91+343022.2,q,339.2954641,34.5061897,0.4000000059604645
147,125.420153,J121514.37+331105.6,R2X,183.8098889,33.1848889,
147,126.460939,Ton 1480,QX,183.7884622,33.1653442,0.6159999966621399
147,164.395327,IXO 45,QX,183.8150517,33.1703567,0.9670000076293945
20160,21.676154,WISEA J111322.85+765538.5,q,168.3453255,76.9273721,1.399999976158142
148,56.161452,J123038.80+413748.0,X,187.6616945,41.63,
148,63.744023,J123038.77+413739.3,X,187.6615556,41.6275834,
148,143.492546,SDSS J123033.53+414057.0,N,187.6397241,41.6824993,0.06400000303983688
148,145.221908,J123047.74+413727.5,X,187.6989167,41.6243056,
149,144.758711,J124456.80+030406.1,X,191.2366667,3.0683612,
20163,151.80728,SDSS J115916.73+345415.6,Q,179.8197146,34.9043456,1.1339999437332153
150,107.754648,J033648.38-353044.1,X,54.2016112,-35.51225,
10136,59.048946,SDSS J105454.77+611647.0,Q,163.7282381,61.279744,2.9159998893737793
151,70.587226,J123951.23+101021.8,X,189.9634637,10.1727408,
151,142.511268,J123954.58+101255.0,X,189.9774425,10.2152943,0.5
151,161.013399,SDSS J123958.50+101310.4,QX,189.99375,10.219578,1.3450000286102295
20164,148.6143,SDSS J123304.64+074802.1,qX,188.2693932,7.8005882,0.8999999761581421
20165,152.210497,SDSS J125504.99+391047.4,Q,193.7708238,39.1798512,1.621999979019165
153,165.88216,SDSS J112115.02+031557.4,QX,170.3125838,3.265943,1.8730000257492065
20167,154.741571,WISEA J140022.21-232524.4,q,210.0925651,-23.4234531,0.20000000298023224
20169,0.344358,IC 1226,N,250.277359,46.0040632,0.017999999225139618
20169,164.553077,SDSS J164116.96+460218.3,Q,250.3206745,46.0384075,1.5490000247955322
156,131.614243,SDSS J101756.45+214923.9,qX,154.4852394,21.8233121,2.200000047683716
156,161.148419,SDSS J101809.07+215228.8,QX,154.5378199,21.8746877,3.38700008392334
10141,80.16551,SDSS J113424.39+255344.1,Q,173.6016655,25.8955999,1.565999984741211
10141,153.90607,SDSS J113425.20+255506.1,Q,173.605027,25.9183671,2.4679999351501465
20170,166.53351,SDSS J171119.19+565715.1,qR,257.8300364,56.9541478,1.2000000476837158
157,97.567248,J120536.18+503356.2,X,181.4007694,50.5656128,1.7999999523162842
157,106.288469,J120537.28+503402.6,X,181.4053405,50.5673977,1.899999976158142
157,139.665585,J120531.17+503003.8,X,181.379882,50.5010672,1.399999976158142
158,1.074547,NGC 2985,ARX,147.5924321,72.2789417,0.004000000189989805
158,58.147658,J095026.93+721549.1,X,147.6122223,72.2636389,
158,178.614294,WISEA J095028.19+721346.3,qX,147.6175482,72.2296192,0.8999999761581421
10144,115.512253,WISEA J133154.14-200835.5,q,202.9756043,-20.1432655,0.699999988079071
20173,124.674722,WISEA J210105.69-180252.5,q,315.273706,-18.0479624,0.4000000059604645
160,68.267117,J041244.18-574308.8,X,63.1840834,-57.7191112,
161,156.578842,SDSS J125228.07+111913.7,qX,193.1169845,11.3205009,1.2000000476837158
162,41.395624,J150109.57+014239.8,X,225.2898889,1.7110556,
162,74.899282,J150108.67+014311.1,X,225.2861402,1.7197557,0.699999988079071
162,85.78964,J150116.54+014134.1,X,225.3189499,1.6928114,0.30000001192092896
162,128.105017,J150103.18+014125.4,X,225.2632778,1.6903889,
162,132.847121,J150119.96+014141.5,X,225.3331667,1.6948612,
162,141.476206,J150101.97+014142.5,X,225.2582223,1.6951389,
162,158.748858,SDSS J150119.72+014342.5,qX,225.3321964,1.7284773,2.0
162,159.174745,J150108.26+013934.4,X,225.2844445,1.6595556,
162,166.185871,J150122.24+014230.4,X,225.3426667,1.7084445,
163,129.300723,J120650.07-294621.9,X,181.708659,-29.772758,1.100000023841858
20179,110.237181,WISEA J035123.11-081516.6,q,57.8463255,-8.254622,0.800000011920929
20179,116.143948,WISEA J035129.43-081409.3,q,57.8726241,-8.235931,1.2000000476837158
164,117.23795,J133647.16-335657.5,X,204.1965043,-33.9493301,
164,151.862727,WISEA J133629.83-335936.6,qX,204.1242891,-33.9935476,1.100000023841858
10150,11.359483,SDSS J232954.32+320501.2,Q,352.4763465,32.0836844,1.652999997138977
10150,114.516833,SDSS J233002.25+320535.3,A,352.5094317,32.0931609,0.5019999742507935
165,88.517931,J085336.40+511727.3,X,133.4016945,51.2909167,
165,104.257915,SDSS J085333.31+511704.7,QX,133.3888036,51.2846572,2.49399995803833
165,125.174124,J085335.87+511647.2,X,133.3994723,51.2797778,
165,178.114192,J085337.43+512141.5,X,133.4059723,51.3615278,
10153,136.103952,WISEA J050123.77-163659.8,q,75.3490923,-16.6166193,0.8999999761581421
20183,63.507668,WISEA J073255.60+422541.1,q,113.2316666,42.4280701,1.7000000476837158
20183,94.904181,SDSS J073256.66+422410.1,Q,113.2361192,42.4028066,2.6449999809265137
168,161.668452,WISEA J123429.89+081035.5,q,188.6246093,8.1765282,0.6000000238418579
20184,147.862273,J085408.39-071225.8,R,133.5349723,-7.2071667,
20186,97.598359,SDSS J092557.14+492723.6,Q,141.4881003,49.4565594,2.3289999961853027
20186,173.184884,SDSS J092544.69+492757.6,Q,141.4362266,49.4660094,3.0250000953674316
10156,166.540737,WISEA J094745.04+155333.3,q,146.9377057,15.8925943,1.100000023841858
20187,90.038054,SDSS J095052.01+224525.4,Q,147.71671,22.757063,0.8629999756813049
20187,124.653415,SDSS J095054.36+224451.0,Q,147.726502,22.7475096,2.2829999923706055
172,129.335695,SDSS J120652.20+430306.3,QX,181.7175273,43.051775,1.1369999647140503
10157,137.908808,SDSS J101634.47+601700.6,QX,154.1436893,60.2835094,0.8230000138282776
174,168.547944,WISEA J032410.19-362819.0,q,51.0424952,-36.4719689,0.30000001192092896
20190,72.142073,SDSS J121447.68+235333.1,Q,183.6986463,23.8925573,2.7950000762939453
10159,45.280817,WISEA J114014.79+171836.3,qX,175.0616797,17.3101193,1.399999976158142
10159,85.130272,SDSS J114008.96+171728.6,qX,175.0373654,17.2913091,1.7000000476837158
176,69.783638,J101810.90+412541.4,X,154.5454213,41.4281879,0.8999999761581421
176,139.224458,J101813.43+412314.4,X,154.5559723,41.3873334,
176,150.775027,J101822.86+412743.3,X,154.59525,41.4620278,
176,174.710539,J101831.00+412643.0,X,154.6291874,41.4452878,2.0999999046325684
10160,0.352318,UGC 9117,A,213.7168204,14.1258701,0.017000000923871994
177,10.22181,SDSS J120128.31+615346.2,N,180.36799,61.896182,0.004000000189989805
177,113.06299,SDSS J120120.22+615527.2,QX,180.3342922,61.9242576,3.009000062942505
10162,100.933516,WISEA J171831.86+580844.3,q,259.6327802,58.1456093,2.4000000953674316
10162,109.389504,SDSS J171857.51+580808.7,Q,259.7396172,58.1357675,2.009000062942505
180,77.506065,J122228.92+295449.2,X,185.6205049,29.9136672,
180,151.622889,J122242.35+295453.7,X,185.6764903,29.9149442,0.20000000298023224
20198,161.742238,SDSS J000248.52+272316.7,Q,0.7021799,27.3879848,0.8159999847412109
20198,163.451612,SDSS J000245.59+272826.8,Q,0.6899711,27.4741351,2.1760001182556152
182,133.504882,SDSS J115932.19+505938.0,QX,179.884144,50.9938988,2.015000104904175
10166,131.963605,J205706.13-515251.6,X,314.2755556,-51.881,
10166,172.720423,WISEA J205703.25-515003.0,q,314.2635914,-51.8342291,0.6000000238418579
183,0.120475,NGC 5353,ARX,208.3613703,40.2831042,0.00800000037997961
183,30.075952,J135324.29+401710.6,X,208.3512223,40.2862778,
183,108.076752,SDSS J135335.92+401723.1,QX,208.3997128,40.2897473,1.8309999704360962
20201,121.765488,SDSS J024656.77-062525.2,Q,41.7366042,-6.4236608,0.800000011920929
10167,126.75486,2QZ J235328.4-293017,Q,358.3685259,-29.5048564,1.9429999589920044
10167,176.48979,2QZ J235319.8-293459,Q,358.3327857,-29.5830787,1.190999984741211
184,36.564331,J124937.67+150924.2,X,192.4069981,15.1567279,0.30000001192092896
184,154.672073,SDSS J124932.61+150751.3,QX,192.3858804,15.1309266,2.253999948501587
184,165.414425,J124949.14+151110.6,X,192.4547778,15.1862778,
10168,155.759297,WISEA J002254.69-143437.2,qX,5.7278906,-14.5770567,0.699999988079071
10169,142.516446,J011400.25-314856.6,X,18.5010447,-31.8157224,
187,0.391217,NGC 4698,NX,192.0954635,8.4874025,0.003000000026077032
187,13.314057,SDSS J124823.46+082903.6,N,192.09775,8.4843461,0.003000000026077032
187,79.598369,XMM J12484+0830,BRX,192.1077885,8.5057708,0.4300000071525574
187,144.179336,RXS J12484+0831,AX,192.1185641,8.5202191,0.11900000274181366
188,0.730081,NGC 676,NX,27.2386336,5.9061101,0.004999999888241291
188,137.921323,SDSS J014851.78+055230.9,qX,27.2157658,5.8752678,1.5
188,140.211492,J014857.19+055201.3,X,27.2382931,5.8670355,0.5
189,145.212162,J194318.98-584041.5,X,295.8291078,-58.6782083,
10174,29.366395,J161800.46+350706.2,X,244.5019167,35.1183889,
10174,121.297794,SDSS J161806.49+350814.0,Q,244.5270417,35.1372228,2.0290000438690186
10174,121.350165,J161753.24+350515.4,X,244.4718334,35.0876112,
193,174.967672,SDSS J115337.39+604051.5,Q,178.4058206,60.6809645,1.2339999675750732
20212,152.152251,SDSS J145700.46+094705.7,Q,224.251942,9.7849231,2.568000078201294
194,85.193596,J123432.63+021055.1,X,188.6359723,2.1819723,
194,151.25695,WISEA J123433.63+021312.0,qX,188.6401271,2.2200157,0.30000001192092896
194,179.325465,J123415.60+021028.5,X,188.565,2.1745834,
20214,165.313198,WISEA J182407.08-711309.5,q,276.0294134,-71.2192052,0.800000011920929
195,129.089803,SDSS J115838.55+435505.8,QRX,179.6606964,43.9182854,1.2079999446868896
20216,160.203852,WISEA J001517.00+161251.2,qR,3.8208871,16.2141818,0.20000000298023224
197,146.755928,WISEA J140333.60-340054.0,qX,210.8900089,-34.0150394,1.899999976158142
10179,104.796813,SDSS J102331.95+521846.4,QX,155.8831675,52.3128903,0.9729999899864197
10179,173.759443,SDSS J102349.38+522151.2,QX,155.9557839,52.3642353,0.9559999704360962
198,116.914435,J040358.33-432244.1,X,60.9930556,-43.3789167,
198,142.906563,WISEA J040342.24-431957.2,qX,60.9263105,-43.3326989,0.6000000238418579
198,159.267071,WISEA J040400.91-432317.7,qX,61.0038119,-43.3882641,1.7999999523162842
20219,116.29739,WISEA J054034.00-113558.1,q,85.1416999,-11.5994932,2.700000047683716
200,128.064229,IXO 52,QX,186.3215453,-39.7242079,0.5379999876022339
201,0.219329,NGC 6814,AX,295.6691073,-10.3236395,0.006000000052154064
10183,101.420716,WISEA J211224.20-011952.4,q,318.1008209,-1.331228,0.10000000149011612
20221,137.579545,J083841.74+363621.3,X,129.6739445,36.6059167,
202,149.379003,J200732.90-482319.3,X,301.8870876,-48.3886967,
10184,91.71347,SDSS J234125.45+034310.1,Q,355.3560816,3.7194881,2.0850000381469727
10184,97.275382,SDSS J234135.20+034350.5,Q,355.3966874,3.7307163,1.4129999876022339
10184,120.897655,SDSS J234121.43+034345.5,Q,355.3393298,3.7293395,1.8489999771118164
10184,121.112129,SDSS J234136.84+034348.9,Q,355.4035318,3.730279,2.243000030517578
10184,146.08483,SDSS J234131.72+034203.1,QR,355.3821841,3.7008953,2.377000093460083
20224,170.341845,SDSS J114152.05+375857.7,Q,175.4668595,37.9826785,1.6779999732971191
10185,69.19496,WISEA J010147.20+240331.4,q,15.4466949,24.0587225,2.200000047683716
20225,38.464859,SDSS J114536.58+311836.7,QR,176.4024294,31.3101979,1.8550000190734863
206,162.189112,J115435.55-135602.0,X,178.6481581,-13.9339085,
206,169.575341,J115428.71-135905.6,X,178.6196358,-13.9849113,
20228,153.801669,SDSS J134515.05+351530.0,Q,206.3127086,35.2583576,1.2519999742507935
207,128.100426,WISEA J030410.54-260614.0,q,46.0439222,-26.1038982,1.399999976158142
207,134.33206,J030411.14-260618.0,X,46.0464337,-26.105016,1.2000000476837158
207,143.135501,J030358.23-260507.7,X,45.9926618,-26.0854977,1.7999999523162842
208,143.192281,SDSS J105043.58+132503.8,qRX,162.6815988,13.4177594,1.100000023841858
10187,50.02875,SDSS J011339.62-000532.3,QX,18.4151375,-0.0923427,0.9739999771118164
10187,139.775866,SDSS J011333.00-000525.0,Q,18.3875289,-0.0903047,2.2799999713897705
20229,31.980782,SDSS J135427.22+361337.0,QX,208.6133766,36.2269362,1.5210000276565552
20229,135.44886,SDSS J135417.53+361341.4,Q,208.5730719,36.2281752,0.6230000257492065
209,164.669505,J114901.41-291539.1,X,177.2558917,-29.2608693,1.899999976158142
20230,99.200088,SDSS J170651.84+353814.0,Q,256.7160158,35.6372776,1.9190000295639038
10189,86.255867,J120856.54+251005.5,X,182.2356188,25.1681975,0.10000000149011612
210,103.647327,J131307.34-193158.1,X,198.2805844,-19.5328263,1.899999976158142
20231,0.253295,UGC 10774,NX,258.5376604,58.8184271,0.029999999329447746
20231,121.252622,SDSS J171354.67+584819.4,qX,258.4778024,58.8054143,2.299999952316284
20231,179.298939,SDSS J171353.17+585116.6,qX,258.4715257,58.8546206,0.699999988079071
20233,177.860317,WISEA J224839.66-370248.2,q,342.165335,-37.0467364,1.7000000476837158
10190,24.858712,J125911.54+275850.5,X,194.7981183,27.9807089,1.399999976158142
10190,73.233097,J125918.30+275902.6,X,194.82625,27.9840556,
10190,77.123295,J125917.80+275751.1,X,194.8241667,27.9641945,
10190,135.118495,J125920.92+275709.9,X,194.8371838,27.9527732,
212,152.302062,1WGA J1124.9+3846,AX,171.2333239,38.7760951,0.44600000977516174
212,152.762091,J112442.22+384817.8,X,171.1759478,38.8049663,0.5
212,167.345203,SDSS J112449.16+384311.7,QX,171.2048933,38.7199203,1.3339999914169312
213,116.17362,SDSS J145355.86+033433.3,NX,223.48276,3.5759239,0.0949999988079071
213,158.886738,J145348.65+033404.9,X,223.4527428,3.5680314,
213,168.316017,J145347.90+033404.4,X,223.4495926,3.5678894,
10191,139.037878,WISEA J130406.25-123242.9,q,196.0261074,-12.5452586,1.5
10191,155.779502,WISEA J130417.30-123045.4,q,196.0720848,-12.5126298,2.0
20235,83.45805,J000131.52-072449.4,R,0.3813334,-7.4137223,
10192,121.04285,SDSS J155617.50+480425.3,QX,239.0729789,48.0736629,0.6990000009536743
215,122.232859,SDSS J123646.28+071346.7,QX,189.1928559,7.2296416,0.4169999957084656
216,45.421126,J120627.34+524303.6,X,181.6139254,52.7176815,1.100000023841858
216,144.03275,J120608.81+524137.4,X,181.5367117,52.6937305,0.5
216,164.435595,SDSS J120633.21+524022.9,AX,181.6383928,52.6730584,0.2879999876022339
20238,27.542199,WISEA J050435.17-195205.6,q,76.1465827,-19.8682726,1.100000023841858
20238,89.281939,WISEA J050439.25-195343.6,q,76.1634622,-19.8954028,0.800000011920929
10195,0.339993,NGC 291,NRX,13.3746561,-8.7677883,0.01899999938905239
217,157.300427,WISEA J034427.66-443610.7,q,56.1152607,-44.602995,0.699999988079071
218,156.27431,J201850.15-705057.8,X,304.7089875,-70.8494122,
219,33.774339,SDSS J231906.78-082923.1,qR,349.778276,-8.4897596,2.200000047683716
10198,129.771741,WISEA J040321.81-432454.3,qX,60.8408303,-43.4150401,1.2999999523162842
221,0.904744,SDSS J135539.94+402742.3,ARX,208.91643,40.461759,0.00800000037997961
221,135.441816,SDSS J135544.48+402536.8,QX,208.9353579,40.4269111,1.6039999723434448
20242,36.826833,J114057.57+561232.2,X,175.239916,56.2089568,0.8999999761581421
20242,89.839694,J114104.42+561237.5,X,175.2684445,56.2104167,
20242,92.595762,SDSS J114050.50+561335.1,NR,175.2104355,56.2264391,0.10700000077486038
222,176.568591,J130430.61-303108.6,X,196.1275556,-30.5190556,
222,176.608008,WISEA J130426.66-302928.5,qX,196.1111091,-30.4912544,0.30000001192092896
223,89.410146,J131652.32-163817.6,X,199.2180225,-16.6382477,1.0
224,114.857642,SDSS J121807.50+281225.5,qX,184.5312868,28.2070869,1.2999999523162842
20247,149.929151,SDSS J012357.87+344341.6,Q,20.99116,34.7282234,1.7569999694824219
10203,73.573943,LAMOSTJ160439.04+165315.7,Q,241.1626712,16.8876871,1.3609999418258667
225,0.632775,NGC 3227,ARX,155.8773967,19.8650732,0.003000000026077032
225,47.095995,J102328.50+195230.3,X,155.8687602,19.8751048,
225,110.021144,J102326.02+195322.8,X,155.8584167,19.8896667,
226,86.677333,J132948.53-175925.9,X,202.4522108,-17.9905377,0.800000011920929
226,135.681,J132949.48-175544.0,X,202.4561667,-17.9288889,
226,156.990954,J132952.49-175531.3,X,202.4687315,-17.9253727,1.100000023841858
226,157.654194,J132947.88-180036.4,X,202.4495102,-18.0101214,
227,93.536724,SDSS J122449.27+114151.5,qX,186.2053,11.697657,1.2130000591278076
20251,168.01033,WISEA J134445.41-242554.2,q,206.1892106,-24.4317506,1.2999999523162842
229,141.392482,J233955.84-121953.2,X,354.9827018,-12.3314514,
10206,147.348363,WISEA J222302.59-153433.9,qX,335.7607974,-15.5760999,1.0
20253,115.350561,AGES J142830.52+352425.7,Q,217.1271904,35.4071451,2.0999999046325684
20253,171.171295,AGES J142825.40+352137.5,AX,217.1058604,35.3604281,0.41999998688697815
20253,172.836299,AGES J142832.65+352600.0,QX,217.1360657,35.4333386,1.8200000524520874
230,13.127146,J114606.86+472930.9,X,176.5286112,47.4919167,
230,45.231009,J114606.36+472857.3,X,176.5265278,47.4825834,
230,85.181633,J114603.60+473054.1,X,176.515,47.5150278,
230,86.506844,J114603.42+472825.8,X,176.5142778,47.4738334,
230,90.969101,J114602.37+472827.6,X,176.5098889,47.4743334,
230,97.983097,J114617.27+472958.8,X,176.5719723,47.4996667,
230,108.422089,SDSS J114557.09+472935.5,QX,176.4878878,47.4931969,1.1089999675750732
230,138.021688,SDSS J114606.28+472723.0,QX,176.5261979,47.456392,1.753999948501587
20255,140.337384,WISEA J162949.77+434923.4,qX,247.4574805,43.8231982,2.299999952316284
231,45.492196,J114910.08+560453.2,X,177.292,56.0814445,
231,54.593635,J114909.08+560449.2,X,177.2878334,56.0803334,
231,149.531884,SDSS J114923.18+560249.2,QX,177.3466192,56.0470067,1.9290000200271606
231,162.772618,SDSS J114916.56+560746.1,AX,177.318957,56.1294814,0.4909999966621399
20256,107.682968,WISEA J165332.09+023518.5,qRX,253.3837214,2.5884748,0.8999999761581421
232,65.836537,J132024.28-203534.4,X,200.1011845,-20.5928957,1.0
232,68.900918,J132027.63-203737.4,X,200.1151289,-20.6270587,0.4000000059604645
232,104.480929,J132017.62-203622.2,X,200.0734445,-20.6061667,
232,110.012931,J132032.30-203600.8,X,200.1345842,-20.6002478,
232,118.615138,J132029.59-203500.3,X,200.1233143,-20.5834325,0.5
232,118.753379,J132016.98-203600.4,X,200.07075,-20.6001112,
232,139.052985,J132017.16-203805.3,X,200.0715278,-20.6348056,
232,151.246323,J132015.07-203739.5,X,200.0628122,-20.6276509,
233,131.593489,J131514.90-162250.6,X,198.8120991,-16.3807305,0.699999988079071
233,138.652564,J131531.84-162148.0,X,198.8826895,-16.3633521,
233,151.50365,J131513.45-162315.6,X,198.8060616,-16.3876896,1.399999976158142
233,162.068779,J131534.96-162232.6,X,198.8956667,-16.3757223,
20259,53.457214,WISEA J194225.63-114729.4,q,295.6067652,-11.7917633,0.5
10212,60.444872,SDSS J125320.13+270607.2,QX,193.3338755,27.1020466,1.152999997138977
10212,121.782325,SDSS J125315.64+270741.6,qX,193.3151653,27.1282468,1.399999976158142
234,125.245018,J005155.40+473428.6,X,12.9808366,47.5746382,0.5
20261,88.301662,2SLAQ J231104.78-000948.2,N,347.7699286,-0.1634011,0.11900000274181366
20261,153.156524,SDSS J231103.83-001109.7,A,347.765979,-0.1860498,0.48100000619888306
238,168.071913,SDSS J122849.45+033245.9,QX,187.2060616,3.5461001,1.5299999713897705
20263,112.290168,SDSS J012819.28-023613.3,Q,22.0803523,-2.6037285,0.6579999923706055
20263,169.854982,SDSS J012818.11-023310.0,Q,22.0754907,-2.5527851,2.0429999828338623
239,30.038666,J122359.84+164144.1,X,185.9993334,16.6955834,
239,60.599217,J122358.17+164035.6,X,185.9923826,16.6765737,1.0
239,133.680441,SDSS J122348.65+164158.8,QX,185.9527438,16.6997037,1.5700000524520874
239,134.026841,J122400.34+164345.1,X,186.0014445,16.7291945,
10220,76.284427,SDSS J092529.01+502510.5,Q,141.3709187,50.4195941,1.6069999933242798
10220,100.145755,SDSS J092534.12+502308.5,Q,141.3922197,50.385712,2.7720000743865967
10220,165.867094,SDSS J092534.62+502142.8,Q,141.3942922,50.3619051,1.7879999876022339
20267,53.231771,J051905.92-370220.7,X,79.7746945,-37.0390834,
243,1.19037,NGC 4845,NRX,194.5049703,1.5758436,0.004000000189989805
20268,104.505681,SDSS J082916.18+550128.2,Q,127.3174579,55.0244998,1.1430000066757202
20268,124.227731,SDSS J082917.78+545923.6,N,127.3240741,54.9899224,0.49399998784065247
20268,127.311653,SDSS J082919.73+550241.6,Q,127.3322242,55.044883,1.3329999446868896
20268,166.380384,SDSS J082942.14+550244.7,Q,127.4256096,55.0457381,1.9630000591278076
244,97.265156,SDSS J122811.69+283836.9,AX,187.0487054,28.6435995,0.47200000286102295
20269,149.231733,SDSS J094218.03+631218.9,Q,145.5751572,63.2052622,2.2639999389648438
20269,152.586975,SDSS J094228.11+630725.2,Q,145.6171515,63.1236806,2.628000020980835
246,0.833268,NGC 4051,ARX,180.7900412,44.5313039,0.0020000000949949026
246,87.012024,J120312.63+443313.6,X,180.80265,44.5537869,0.800000011920929
246,107.348662,J120310.14+443005.3,X,180.7922778,44.5014723,
246,177.769278,J120258.78+442938.4,X,180.7449167,44.494,
247,136.585255,J032254.76-370707.8,X,50.7282071,-37.1188509,
248,90.914142,J031938.45-192317.8,X,49.9102424,-19.388301,0.10000000149011612
10226,155.402038,J221259.84-222551.3,R,333.2493713,-22.4309298,0.5
20275,150.690162,WISEA J213757.95-382919.0,qRX,324.4914724,-38.4886289,1.2999999523162842
252,106.207986,J133803.04-175116.3,X,204.5126945,-17.8545278,
252,169.807425,J133757.19-175530.4,X,204.4883112,-17.925116,1.5
20279,84.535717,WISEA J064652.10-430728.5,q,101.717062,-43.1245578,1.2999999523162842
255,162.471464,IXO 29,QX,85.430377,69.3461123,0.8410000205039978
10230,39.760874,S5 0743+74,QR,117.3435673,74.344886,1.628999948501587
20281,154.296855,SDSS J094906.29+465938.4,Q,147.2762539,46.9939775,1.7289999723434448
10231,113.531082,SDSS J075715.80+662425.4,Q,119.3158796,66.4069999,2.434999942779541
257,69.977375,J142104.24+031506.1,X,215.2676945,3.2516945,
259,171.01423,J121934.53+124646.6,X,184.8938889,12.7796112,
259,173.260344,J121937.38+125003.2,X,184.9057778,12.8342223,
20284,92.058949,SDSS J112752.16+251621.1,Q,171.9673716,25.2725292,1.11899995803833
20285,30.923667,SDSS J130623.89-014033.7,N,196.5995794,-1.6760345,0.019999999552965164
261,86.338646,J095821.86-265417.4,X,149.5911076,-26.904858,0.5
10236,55.509684,WISEA J141902.70-272229.1,q,214.7612827,-27.3747631,0.6000000238418579
263,83.227044,WISEA J031946.39-260429.8,qX,49.9432597,-26.0749946,0.4000000059604645
264,59.349996,J102719.61+282929.5,X,156.8317454,28.4915537,2.4000000953674316
264,94.75999,SDSS J102712.62+283123.3,QX,156.8025745,28.5231575,1.0800000429153442
264,102.085528,J102719.57+283207.5,X,156.8315556,28.5354167,
264,170.940535,J102709.84+282817.9,X,156.7910278,28.4716389,
265,86.757704,J113238.14+530525.9,X,173.1589475,53.0905522,0.30000001192092896
265,170.292125,SDSS J113253.60+530338.5,QX,173.2233992,53.0607006,0.5090000033378601
20291,146.46379,WISEA J154816.14+205902.3,qX,237.0672755,20.984008,1.0
267,162.726858,WISEA J112955.70-362458.0,q,172.4820708,-36.4161039,0.30000001192092896
10242,138.79993,WISEA J044817.08+725244.5,q,72.0713789,72.879013,1.2000000476837158
268,126.656642,J020812.56+105931.3,X,32.0523612,10.9920278,
269,70.93268,J123601.48+275825.1,X,189.0061764,27.9736644,0.800000011920929
269,76.922877,SDSS J123603.24+275757.4,qX,189.0135311,27.9659306,1.899999976158142
269,117.893187,J123551.72+275607.6,X,188.9655298,27.9354509,0.800000011920929
269,138.015583,SDSS J123547.68+275656.4,qX,188.9487069,27.9490177,1.0
269,162.404568,J123600.35+275456.6,X,189.0014626,27.9157249,1.0
10244,117.345552,WISEA J055714.09-522407.9,q,89.3087153,-52.4021731,1.100000023841858
270,98.639204,J123211.84+110941.7,X,188.0493334,11.1615834,
270,159.530951,J123209.14+111308.7,X,188.0381112,11.2190834,
20295,37.947621,SDSS J215049.29-005121.5,Q,327.70539,-0.855985,3.5309998989105225
20295,107.421944,SDSS J215051.58-005239.5,Q,327.7149223,-0.8776441,1.2760000228881836
20295,123.028144,SDSS J215044.09-005200.8,Q,327.6837584,-0.8668963,1.4270000457763672
20295,164.627521,SDSS J215100.44-005214.4,Q,327.7518695,-0.8706701,1.034000039100647
20296,65.716391,2QZ J220219.8-311333,Q,330.5825774,-31.2257984,1.3589999675750732
20296,131.850529,2QZ J220216.4-311524,K,330.56825,-31.2563889,0.20399999618530273
10246,178.346272,WISEA J103128.56-183052.0,q,157.8690153,-18.5144236,1.2000000476837158
271,59.521383,J111817.62+584710.0,X,169.5734167,58.7861112,
271,105.649459,SDSS J111813.41+584802.1,Q,169.5559395,58.8005951,2.132999897003174
271,151.256595,SDSS J111814.53+584504.2,QX,169.5606053,58.7511799,1.9839999675750732
271,155.233454,J111834.21+584451.5,X,169.6425462,58.7476612,0.20000000298023224
271,158.35672,SDSS J111845.57+584657.3,qX,169.6899058,58.7825837,2.4000000953674316
20298,91.854141,LAMOSTJ020142.96+082729.1,Q,30.429016,8.4580736,1.3259999752044678
273,57.282749,J131858.80-210232.6,X,199.7450342,-21.0424163,2.5
273,172.027482,J131903.07-210013.5,X,199.7628056,-21.00375,
10249,75.013119,J130054.42+282306.4,X,195.22675,28.3851112,
10249,77.46269,J130051.00+282041.9,X,195.2125278,28.3449723,
10249,97.847998,CSO 784,QX,195.2004538,28.3890937,1.9290000200271606
10249,148.776206,J130053.74+282425.2,X,195.2239445,28.407,
10249,176.770749,CSO 786,QX,195.2536147,28.3290951,1.3609999418258667
274,96.369204,J123625.47+112447.7,X,189.1061389,11.41325,
274,165.668562,WISEA J123616.03+112543.1,q,189.066794,11.428639,1.2000000476837158
274,168.503082,J123624.68+112336.3,X,189.1028648,11.3934403,1.899999976158142
274,170.820904,J123621.08+112354.4,X,189.0878334,11.3984445,
20302,177.879109,TEX 0411-132,AR,63.5130556,-13.1102778,0.46299999952316284
10251,177.390073,J204545.95-712547.6,X,311.4414723,-71.4298889,
278,129.760013,J024554.48-073624.6,RX,41.4770346,-7.6068339,0.30000001192092896
20305,150.12241,SDSS J095256.84+192435.6,Q,148.2368741,19.4099094,0.8399999737739563
279,157.116342,SDSS J114823.91+484347.6,Q,177.0996353,48.7299022,0.515999972820282
279,168.460969,SDSS J114821.24+484255.1,Q,177.0885385,48.7153141,1.7920000553131104
10254,68.744939,SDSS J110128.91+274202.9,Q,165.370499,27.7008156,1.6749999523162842
10254,134.694142,SDSS J110122.97+274508.6,Q,165.345775,27.7523636,1.3109999895095825
280,155.407015,J200331.28-555418.5,X,300.8803609,-55.9051586,
280,156.73206,WISEA J200341.82-555514.2,qX,300.9242597,-55.9206356,0.30000001192092896
10255,124.688374,MCG 5-27-052,N,169.5742048,28.2260048,0.03200000151991844
282,124.76157,SDSS J094251.10+585124.4,Q,145.7129251,58.8568057,1.9040000438690186
10259,106.931304,SDSS J153513.36+271744.2,Q,233.8056913,27.2956278,2.502000093460083
285,118.926814,WISEA J150049.29-072615.3,q,225.205398,-7.4375905,2.799999952316284
20314,168.676256,WISEA J025755.77+053954.5,qX,44.4824093,5.6651659,0.699999988079071
20315,90.884848,J045506.56-180446.2,X,73.7773612,-18.0795,
289,163.550426,1WGA J0057.6+3022,AX,14.4112223,30.3791112,0.18000000715255737
10264,40.943584,J101335.20+201043.9,R,153.3966945,20.1788612,
290,153.765125,J203408.54-315906.5,X,308.5355834,-31.9851389,
292,30.060131,J101952.70+453317.0,X,154.969619,45.5547264,
292,79.669356,J101959.88+453359.8,X,154.9995,45.5666112,
10267,173.621331,J124402.70+320731.4,X,191.01125,32.1253889,
20322,171.771424,WISEA J122553.69-040122.1,q,186.4737403,-4.0228382,0.8999999761581421
10268,143.974406,SDSS J144338.04+532546.4,Q,220.908501,53.4295918,0.9179999828338623
20323,0.333262,MCG 7-28-078,N,207.6727906,40.2793535,0.00800000037997961
20323,144.337235,SDSS J135040.56+401909.6,Q,207.6690616,40.3193561,0.9940000176429749
295,142.466971,SDSS J113327.31+465936.8,Q,173.3638434,46.993578,2.236999988555908
20328,125.683067,SDSS J160456.52+163625.9,Q,241.2354926,16.6071948,2.4100000858306885
300,165.453838,SDSS J013244.03-065956.8,qX,23.1834812,-6.9991269,1.2999999523162842
10273,171.860919,SDSS J015624.01-024029.3,Q,29.1000661,-2.674816,1.6660000085830688
20330,168.214309,WISEA J210147.23-135434.6,q,315.4468114,-13.9096028,1.0
10274,179.537921,J024346.22-260417.5,X,40.9425834,-26.0715278,
301,23.834768,J101826.41+215327.2,X,154.6100556,21.8908889,
301,51.785047,J101825.81+215248.1,X,154.6075556,21.8800278,
20331,162.90749,SDSS J222315.17+052927.8,Q,335.8132421,5.4910688,2.3380000591278076
303,0.362652,NGC 2110,ARX,88.0474003,-7.4562473,0.007000000216066837
304,92.885194,CXOCY J22020-3159,QX,330.5063889,-31.9980556,2.5510001182556152
304,171.417442,CXOCY J22019-3159,QX,330.4791667,-31.9925,1.7350000143051147
20335,86.725222,SDSS J075924.77+265433.9,Q,119.8532379,26.9094324,1.3220000267028809
20335,99.909538,SDSS J075933.20+265205.3,Q,119.888364,26.8681662,1.8300000429153442
306,153.810687,SDSS J081839.27+574750.6,Q,124.6636359,57.7973973,1.6319999694824219
10278,124.431377,SDSS J075308.12+323337.1,qR,118.2838543,32.5603174,2.0999999046325684
308,1.091394,NGC 289,AR,13.1761667,-31.2058056,0.006000000052154064
10279,161.432355,SDSS J075704.54+155126.6,Q,119.2689466,15.8574052,1.312000036239624
10280,167.066875,SDSS J082122.51+205448.7,qX,125.3437999,20.913532,
310,25.15316,J115250.66+440653.1,X,178.2110834,44.11475,
310,40.238826,J115246.58+440648.8,X,178.1941112,44.1135556,
310,100.889505,J115257.33+440809.2,X,178.2388889,44.1358889,
10281,173.032746,SDSS J093306.05+460752.0,AX,143.2751965,46.1311042,0.12800000607967377
20340,80.382076,SDSS J134117.61+050255.4,Q,205.3233905,5.0487351,2.5280001163482666
311,161.767294,J122900.50+130824.3,X,187.2520834,13.1400834,
311,164.219203,WISEA J122912.74+131223.9,q,187.3031127,13.2066643,1.100000023841858
10282,146.230045,SDSS J114025.42+172627.9,QX,175.1059373,17.441093,2.135999917984009
20341,78.185514,IC 4349,NR,208.9430904,25.1519041,0.03099999949336052
20341,138.828829,SDSS J135550.78+250900.1,Q,208.9616005,25.1500024,2.628999948501587
20341,140.167208,SDSS J135530.35+250853.3,Q,208.8764605,25.1481274,2.569999933242798
312,152.696408,J232013.78+080950.2,X,350.0574217,8.1639532,
312,154.621266,J232023.12+081349.7,X,350.0963334,8.2304723,
20342,141.614332,J141742.15+073057.4,X,214.4256389,7.5159445,
20342,173.406995,WISEA J141743.37+072543.0,q,214.4306367,7.4285973,0.20000000298023224
10286,166.661013,J133516.37-340945.8,X,203.8182131,-34.1627346,
10286,171.237292,J133514.30-340953.3,X,203.8096075,-34.1648096,
316,155.822414,WISEA J042721.07-550044.2,q,66.8382604,-55.0123581,1.0
20347,133.922203,WISEA J210129.48+015456.6,q,315.3728727,1.915736,0.5
20348,90.746388,J210530.95-383927.3,X,316.3789865,-38.6575892,
20348,134.783347,WISEA J210533.19-383828.4,qX,316.3883803,-38.6413339,2.299999952316284
20351,29.425532,SDSS J230346.55-082711.2,qX,345.9439618,-8.4531231,1.100000023841858
326,0.053096,NGC 1386,ARX,54.1925834,-35.99925,0.0020000000949949026
326,128.492592,J033642.16-355758.5,X,54.1756714,-35.9662709,
327,134.641575,J194527.35-542200.9,X,296.3639825,-54.3669413,
20356,160.636871,WISEA J030715.64+042550.6,q,46.8151994,4.4307565,0.699999988079071
10296,136.98991,SDSS J101133.37+304940.3,AR,152.8890346,30.82786,0.24699999392032623
328,139.435618,J122918.86+084427.9,X,187.3285987,8.741103,1.2000000476837158
10297,140.234259,WISEA J124938.30-235311.1,q,192.4096304,-23.8864702,0.4000000059604645
329,0.86376,ESO 5-4,NRX,91.4234585,-86.6318612,0.006000000052154064
20359,82.530005,SDSS J102154.26+132738.8,Q,155.4761147,13.4608012,1.5789999961853027
20359,173.172024,PGC 1430078,N,155.4464949,13.4001907,0.12600000202655792
330,0.31891,IC 750,NRX,179.7175072,42.7224744,0.0020000000949949026
10299,55.952074,J130027.98+282129.1,X,195.1166063,28.3580901,
10299,144.025761,SDSS J130026.71+281832.9,qX,195.1113272,28.3091508,1.7999999523162842
10300,136.265963,WISEA J161439.63+623012.8,q,243.6651265,62.5035399,1.5
10300,168.373454,WISEA J161445.21+623424.3,q,243.6884592,62.5734304,0.20000000298023224
20361,115.917446,WISEA J125629.77-050947.2,q,194.1240552,-5.1631379,0.20000000298023224
10301,109.180621,WISEA J220832.45-290235.6,q,332.1352436,-29.0432693,1.2000000476837158
333,1.561025,NGC 4388,NRX,186.4446831,12.6618749,0.00800000037997961
333,103.972781,J122553.92+123940.2,X,186.4746667,12.6611667,
333,107.821847,J122554.05+124004.0,X,186.4752137,12.6677834,1.5
333,125.200175,SDSS J122542.74+124133.4,NX,186.4280741,12.6926351,0.3269999921321869
20363,0.112672,NGC 6418,AX,264.5387598,58.7148985,0.028999999165534973
334,164.881074,J124957.70+725507.4,X,192.4904167,72.9187223,
20364,81.514573,WISEA J201633.48-391229.9,q,304.139528,-39.2083179,1.100000023841858
337,0.733366,NGC 4593,ARX,189.9143482,-5.3441764,0.008999999612569809
338,166.413048,J111708.78+180725.1,X,169.2866112,18.1236389,
20367,143.745297,SDSS J234356.71+273050.6,Q,355.9863462,27.5140562,1.7400000095367432
20367,153.054446,SDSS J234348.08+273312.1,Q,355.950341,27.553381,2.0799999237060547
10305,130.85646,J021320.02-073752.3,X,33.3334167,-7.6311945,
340,104.944961,LAMOSTJ141820.30+362814.9,Q,214.5845909,36.4707862,0.7099999785423279
20369,152.035479,Q 0057-3337,Q,14.9058774,-33.3474971,2.2300000190734863
10307,0.478653,MCG 9-14-054,NR,128.1783202,52.4423781,0.017000000923871994
10307,72.830784,SDSS J083246.15+522526.2,QX,128.1923251,52.423948,0.6029999852180481
10307,155.64336,SDSS J083239.52+522359.3,QX,128.1646641,52.3998235,1.1820000410079956
342,68.920135,J100015.55-193705.2,X,150.064819,-19.6181224,1.399999976158142
342,134.442206,J100019.27-194004.3,X,150.0803116,-19.6678793,0.20000000298023224
20370,145.787953,SDSS J020200.83+271939.4,Q,30.5034697,27.3276217,1.1460000276565552
20370,155.968357,SDSS J020146.54+271653.3,Q,30.4439567,27.2814941,1.5720000267028809
10308,148.220771,SDSS J090303.62+303448.4,Q,135.7651097,30.5801316,1.4600000381469727
10308,157.72675,SDSS J090319.62+303752.9,Q,135.8317767,30.6313878,1.6629999876022339
344,41.673162,J044128.33-025047.3,X,70.3680556,-2.8464723,
344,50.576079,J044125.60-025200.8,X,70.3566945,-2.8668889,
344,171.600884,J044122.68-025359.1,X,70.3445237,-2.8997538,0.800000011920929
10310,108.290757,WISEA J133853.22+312313.2,q,204.7217883,31.3870111,1.2999999523162842
345,87.085191,J134905.21-301912.1,X,207.2717247,-30.3200478,
345,174.35138,J134917.58-301856.7,X,207.3232778,-30.31575,
20375,0.297265,IC 2405,NR,132.1781627,37.218627,0.02500000037252903
20376,112.9073,WISEA J092030.93-035923.6,q,140.128864,-3.9900084,0.8999999761581421
20376,141.325588,WISEA J092031.29-040049.3,q,140.13038,-4.0135855,1.2000000476837158
347,78.284958,J124335.28+113349.8,X,190.8970278,11.5638334,
347,179.408167,J124335.96+113204.6,X,190.8998586,11.5346352,0.10000000149011612
349,168.108508,J103032.48-352405.5,X,157.6353334,-35.4015278,
350,137.764152,WISEA J120412.38+315509.1,q,181.0515921,31.9192199,1.0
20382,134.053348,SDSS J132140.80+312317.3,Q,200.4200527,31.3881266,0.7239999771118164
353,146.323701,SDSS J220042.66+174152.1,Q,330.1777828,17.6978247,1.7330000400543213
353,150.433331,WISEA J220039.37+174645.5,q,330.1640837,17.7792041,1.100000023841858
10319,100.758805,WISEA J131012.82+312636.8,q,197.5534371,31.443563,1.100000023841858
10319,111.350837,SDSS J131014.80+312516.2,Q,197.5616954,31.4211879,0.7799999713897705
355,110.956579,J114706.05-164927.6,X,176.775235,-16.8243507,0.699999988079071
20386,46.733749,SDSS J145424.70+531346.1,Q,223.6029473,53.229464,0.7699999809265137
20386,140.697931,SDSS J145414.09+531137.9,Q,223.5587471,53.1938672,1.8580000400543213
20386,163.865307,SDSS J145444.83+531256.4,Q,223.6868341,53.2156893,1.559000015258789
356,0.428628,NGC 4220,A,184.0488017,47.8832601,0.003000000026077032
10320,92.964787,SDSS J162450.65+093302.9,Q,246.2110703,9.5508131,1.1059999465942383
10321,84.278746,SDSS J231155.00+093129.4,Q,347.9791943,9.5248399,2.2160000801086426
357,0.561567,NGC 5506,ARX,213.3119824,-3.2076731,0.006000000052154064
357,46.973047,J141311.80-031234.2,X,213.2991667,-3.2095,
357,61.309878,J141318.98-031231.2,X,213.3291112,-3.2086667,
357,81.867127,J141314.88-031349.0,X,213.312034,-3.2303008,1.100000023841858
357,119.41961,J141321.74-031125.8,X,213.3405834,-3.1905,
357,135.748063,J141321.76-031058.5,X,213.340695,-3.1829394,2.4000000953674316
358,130.980525,J194328.96+560507.3,X,295.8706823,56.0853858,1.0
20392,57.837318,WISEA J005735.79-050536.2,q,14.3991367,-5.0933998,1.899999976158142
20392,123.022208,SDSS J005731.09-050451.5,QR,14.3795792,-5.0809718,1.0269999504089355
10324,127.307709,SDSS J082249.58+042027.6,qX,125.7066207,4.3410221,0.8999999761581421
361,129.069139,J153856.58+592107.8,X,234.7357778,59.3521667,
361,136.493749,J153837.28+592336.3,X,234.6553334,59.3934167,
20393,115.013373,WISEA J051730.98-715138.0,q,79.3784572,-71.8605765,1.7999999523162842
20394,64.602951,WISEA J070527.11-660251.0,q,106.363,-66.0475102,0.699999988079071
10326,0.355897,NGC 3341B,NRX,160.6311389,5.0438334,0.027000000700354576
10326,9.489721,SDSS J104232.05+050241.9,NX,160.6335905,5.0449726,0.027000000700354576
10326,33.394481,SDSS J104232.99+050213.7,qX,160.6375087,5.0371437,
10326,106.233753,SDSS J104238.08+050317.5,QX,160.6586757,5.0548641,3.3380000591278076
10326,170.337223,SDSS J104238.64+050025.7,qX,160.6610413,5.0071502,1.899999976158142
10326,172.937338,SDSS J104239.22+050029.6,qX,160.6634369,5.0082388,0.800000011920929
20395,170.611702,SDSS J083558.44+284651.8,Q,128.9935023,28.7810768,0.7200000286102295
364,92.373728,3HSPJ154943.1-292349,BRX,237.4294811,-29.3971387,0.4000000059604645
365,105.19317,J122655.90+093613.5,X,186.7329167,9.60375,
365,155.816504,J122650.08+093227.4,X,186.7086887,9.5409531,0.30000001192092896
365,161.942856,J122653.18+093225.6,X,186.7215834,9.5404445,
20397,169.945674,SDSS J091012.86+435013.0,Q,137.5536034,43.8369764,1.215000033378601
10328,0.114248,Arp 102B,BRX,259.8103753,48.9803989,0.024000000208616257
10328,80.16379,J171911.82+485733.6,X,259.7992654,48.9593602,0.20000000298023224
366,119.612393,J125443.68-123432.2,X,193.6820134,-12.57563,
366,127.252969,J125436.87-123200.9,X,193.6536495,-12.5335883,1.5
20400,0.342104,CGCG 46-56,N,212.0472994,5.8115394,0.017000000923871994
368,33.297305,J124433.75+111146.6,X,191.1406389,11.1962778,
368,117.12879,J124425.95+111009.4,X,191.1081389,11.1692778,
368,159.240927,SDSS J124431.17+111404.7,QX,191.1299105,11.2346314,1.065999984741211
370,116.610048,J184726.50-632134.3,X,281.8604445,-63.3595278,
370,154.232358,J184725.12-631725.3,X,281.8547039,-63.2903621,
10332,52.313276,J235122.48+200640.8,X,357.8436945,20.1113334,
10332,59.200775,J235124.36+200642.3,X,357.8515278,20.11175,
10332,103.306852,J235120.37+200726.9,X,357.8348889,20.1241389,
20403,114.562233,WISEA J154838.56+743003.1,q,237.1606847,74.500862,0.20000000298023224
372,0.920512,NGC 5728,ARX,220.5995,-17.253,0.008999999612569809
372,147.35157,WISEA J144231.66-171334.9,qX,220.631894,-17.2261528,0.6000000238418579
20405,175.150183,SDSS J230628.04+000734.7,Q,346.6168571,0.1263297,1.7990000247955322
374,67.239851,SDSS J122328.54+465830.7,QX,185.8689297,46.9752209,1.680999994277954
20407,52.380659,ESO 411-29,NR,13.7270417,-32.0317778,0.03200000151991844
375,122.828197,J124249.06+112833.3,X,190.7044263,11.4759305,1.100000023841858
375,135.371485,SDSS J124240.78+112806.5,QX,190.6699406,11.4685098,0.6669999957084656
375,154.371165,J124237.24+112555.2,X,190.6551945,11.432,
20408,121.940686,J012833.30-512329.9,R,22.1387595,-51.3916641,
376,135.17988,SDSS J111955.31+182225.1,qX,169.9804575,18.3736514,1.899999976158142
377,158.391187,WISEA J143918.79+051959.7,q,219.8281337,5.333274,1.0
382,101.351487,J112503.20-094602.6,X,171.2633612,-9.7673889,
10342,150.581683,WISEA J154156.97+004021.8,q,235.4873593,0.6728454,0.4000000059604645
20415,15.464939,SDSS J142703.15+395738.3,qR,216.7631636,39.9606536,1.100000023841858
20416,165.164055,SDSS J144329.73+230106.0,QR,220.8738441,23.0183608,2.372999906539917
10344,63.458121,WISEA J162208.54+571718.2,q,245.5355899,57.2883933,0.20000000298023224
386,85.006992,J034226.38-352331.2,X,55.6099258,-35.3920105,
386,105.826032,J034210.88-352316.8,X,55.5453612,-35.388,
386,114.65426,J034212.56-352215.4,X,55.5523612,-35.3709445,
386,117.394214,J034226.29-352455.6,X,55.6095556,-35.4154445,
386,122.794367,J034212.05-352210.2,X,55.5502223,-35.3695,
20420,63.056629,SDSS J230525.74+210844.1,Q,346.3573067,21.1456179,1.2519999742507935
388,0.541771,NGC 4138,ARX,182.3742223,43.6854167,0.003000000026077032
391,78.061235,J181928.46+743437.2,X,274.8686112,74.577,
391,179.428656,J182011.75+743138.0,X,275.0489682,74.5272254,0.5
10349,88.947989,J020445.00-291928.4,X,31.1875006,-29.3245626,0.10000000149011612
20425,147.835398,WISEA J094849.02-080055.4,q,147.2042565,-8.0154379,1.0
10351,166.254493,J045027.61-030806.9,X,72.6150613,-3.135268,1.899999976158142
10351,166.642402,J045037.13-030546.6,X,72.654722,-3.0962987,2.0999999046325684
10351,172.510571,J045027.69-030927.8,X,72.6153889,-3.1577223,
394,143.318326,J131941.44-123922.9,X,199.9226667,-12.6563612,
10352,117.505853,WISEA J050903.92-175030.6,q,77.2663528,-17.8418876,1.100000023841858
20426,176.024116,SDSS J112005.22-014352.7,Q,170.0217874,-1.7313164,2.6519999504089355
10354,112.791419,WISEA J093137.82-302019.0,q,142.9075308,-30.3385187,2.200000047683716
398,102.025254,J122601.84+181159.6,X,186.5077068,18.1999086,
398,170.644258,J122606.30+181407.4,X,186.5262778,18.2353889,
10355,65.976256,Q 1141+2014,QX,176.0237166,19.9598274,0.9539999961853027
10355,116.143998,Q 1141+2013,AX,175.9870386,19.9470559,0.335999995470047
10355,143.937527,Q 1141+2012,QRX,176.0223802,19.933897,2.200000047683716
10355,173.866376,J114349.97+195752.0,X,175.9582223,19.9644445,
10356,0.360203,NGC 5187,N,202.4507356,31.130125,0.024000000208616257
10356,148.024179,SDSS J132949.59+311015.6,Q,202.4566171,31.1709895,1.0190000534057617
20430,115.586802,SDSS J151936.57+441757.9,Q,229.9024053,44.2994209,1.6059999465942383
5385,56.564456,SDSS J163637.39+390142.2,Q,249.1558378,39.0284094,2.2200000286102295
5385,166.802556,SDSS J163639.05+385912.0,Q,249.162759,38.9867034,1.5470000505447388
5385,168.338189,SDSS J163639.70+390406.9,Q,249.1654369,39.0685844,1.3769999742507935
15495,98.131939,WISEA J054644.46-323607.2,q,86.6852813,-32.6020633,1.399999976158142
15497,73.367366,SDSS J131749.34+140558.9,Q,199.455623,14.0997018,2.6630001068115234
15500,170.446444,SDSS J205403.26+004928.2,Q,313.5135889,0.8245351,0.9089999794960022
5392,94.474724,WISEA J170507.58+430407.5,q,256.2815955,43.0687199,0.6000000238418579
15506,115.584743,WISEA J045909.98+122449.2,q,74.7915166,12.4137005,0.699999988079071
5393,48.202737,SDSS J230109.27+054001.4,Q,345.2886623,5.6670864,2.259999990463257
5393,118.95355,SDSS J230102.21+053758.4,A,345.259233,5.6328991,0.13899999856948853
5394,25.777051,SDSS J233400.86+245616.4,A,353.5036146,24.9379142,0.33000001311302185
5394,70.280558,SDSS J233357.58+245725.3,Q,353.4899194,24.9570778,2.671999931335449
15508,85.139931,SDSS J081639.29+244637.8,Q,124.1637101,24.7771855,0.847000002861023
5395,0.061629,NGC 2989,NRX,146.3550834,-18.3739167,0.014000000432133675
5395,144.317729,J094530.49-182429.3,X,146.3770799,-18.4081451,2.4000000953674316
5395,163.119539,J094535.32-182343.0,X,146.3971927,-18.3953001,0.4000000059604645
15512,124.93266,SDSS J133111.38-013642.7,qX,202.7974224,-1.6118801,2.299999952316284
15512,177.151617,SDSS J133130.44-013807.0,qX,202.876839,-1.6353022,1.399999976158142
15516,107.711822,WISEA J225450.75+321931.5,q,343.7114854,32.3254427,0.5
15519,143.202597,WISEA J025346.16+412934.9,qX,43.442322,41.4930602,1.0
15520,77.373813,WISEA J030111.53-071215.8,q,45.2980974,-7.2043505,0.4000000059604645
5406,161.749143,SDSS J114905.54+345834.2,Q,177.2730732,34.976174,1.9010000228881836
15525,160.718894,WISEA J111401.30-405404.7,q,168.5054291,-40.9013504,1.899999976158142
15526,174.5411,EQS B1406-0143,QR,212.3714077,-1.9549176,0.6380000114440918
15527,48.962282,SDSS J160046.38+185604.3,Q,240.1932904,18.9345248,1.7120000123977661
15531,0.190836,CGCG 374-29,ARX,313.8428047,2.3546001,0.013000000268220901
5414,111.814269,J015343.61-234716.0,R,28.4317332,-23.7877966,1.899999976158142
15538,70.962406,PGC 2317696,N,131.6285304,48.4485929,0.050999999046325684
15538,116.720345,SDSS J084644.98+482554.3,Q,131.687407,48.4317461,1.7020000219345093
15539,170.895303,SDSS J101603.97+065644.0,Q,154.0165665,6.9455615,2.378999948501587
15539,173.910844,SDSS J101546.26+070007.6,Q,153.9427895,7.0021216,2.7060000896453857
15540,124.148781,WISEA J102252.54-223504.6,q,155.7190736,-22.5846235,0.8999999761581421
5418,84.713033,SDSS J144741.80+182842.9,QR,221.9241737,18.4785867,1.5449999570846558
15541,153.934591,WISEA J133859.79-220936.5,q,204.7491396,-22.1601509,0.20000000298023224
15542,89.465549,J160459.96+175043.7,X,241.2498334,17.8454723,
15546,153.661717,WISEA J001031.31-565648.9,q,2.6304118,-56.9469743,1.2999999523162842
15547,141.708633,WISEA J001726.80-322917.7,q,4.3617015,-32.4883652,1.2999999523162842
15548,105.575475,WISEA J030715.64+042550.6,q,46.8151994,4.4307565,0.699999988079071
15550,159.488583,WISEA J041353.66-172830.2,q,63.4735901,-17.4750683,0.20000000298023224
15555,177.177274,SDSS J110810.99+352927.4,Q,167.045841,35.4909468,1.062000036239624
15556,174.087897,LAMOSTJ111012.83+051723.2,Q,167.5534886,5.289765,1.0889999866485596
15557,144.773058,J114511.15-014422.8,X,176.2964723,-1.7396667,
15557,165.414692,J114508.33-014421.7,X,176.2847385,-1.7393749,0.20000000298023224
15558,116.522413,Q 1341.5+2539,Q,205.961919,25.4124106,1.8960000276565552
15560,135.835145,NGC 6211,NR,250.3650278,57.7836945,0.019999999552965164
15560,155.156157,WISEA J164142.87+574625.1,q,250.4286415,57.7736389,0.4000000059604645
5432,27.49823,J152319.47-040931.5,X,230.8311389,-4.15875,
5433,61.262571,SDSS J162724.21+193448.8,Q,246.8509242,19.5802331,3.311000108718872
5436,176.972188,QORG J005719.7-485407,QX,14.3318579,-48.9018032,0.718999981880188
15568,118.755606,WISEA J111330.86-435924.3,q,168.3786459,-43.9900948,2.200000047683716
15570,146.743642,SDSS J122643.72+481745.5,Q,186.682195,48.2959701,0.9229999780654907
5438,0.285473,NGC 4726,A,192.8848886,-14.2211176,0.014999999664723873
5439,40.379151,WISEA J131948.72-215434.5,qX,199.9530289,-21.9096072,0.4000000059604645
15573,93.759236,WISEA J204529.40-582606.1,q,311.3725307,-58.4350265,0.20000000298023224
5440,106.805459,WISEA J153111.58-050404.2,q,232.7982872,-5.0678078,0.4000000059604645
15575,107.175862,2QZ J223658.3-321135,Q,339.2430182,-32.1928826,2.809999942779541
5441,128.905814,SDSS J164802.89+625743.6,qR,252.0120697,62.9621201,0.4000000059604645
5441,177.968742,WISEA J164840.27+625640.4,q,252.1676625,62.9445676,0.20000000298023224
15579,139.416836,WISEA J095519.32-134913.1,q,148.8305179,-13.8203246,0.8999999761581421
15580,157.351458,J154930.91+210435.7,X,237.3788179,21.076588,1.399999976158142
15583,153.811061,SDSS J000603.21+223136.6,QR,1.5133761,22.5268345,1.8339999914169312
5446,59.10473,SDSS J002107.07+223350.8,Q,5.2794657,22.5641279,2.4630000591278076
15586,179.965214,WISEA J060543.30-355817.3,q,91.4303896,-35.9714828,1.100000023841858
15587,137.689492,SDSS J080227.92+344616.9,Q,120.6163563,34.7713813,2.186000108718872
15589,0.166426,MCG 5-22-037,A,139.9915452,26.7485843,0.026000000536441803
15590,0.054624,NGC 3722,N,173.5971253,-9.6799445,0.020999999716877937
15591,73.769102,LAMOSTJ120248.16+222113.1,QR,180.7007234,22.3536579,1.3329999446868896
15591,130.009547,SDSS J120247.10+221755.0,Q,180.6962825,22.2986364,2.7119998931884766
5450,0.253197,NGC 4966,AR,196.5720549,29.0631757,0.023000000044703484
5450,122.511011,WISEA J130623.75+290515.6,q,196.5989823,29.0876686,1.0
15595,149.133001,WISEA J011025.32-055930.9,q,17.6055163,-5.9919144,1.2000000476837158
15597,107.552648,NGC 799,A,30.5514161,-0.1006393,0.01899999938905239
15597,141.130047,SDSS J02023-0006,Q,30.5768736,-0.1025732,2.0179998874664307
15599,79.514321,SDSS J025651.47+061158.1,Q,44.2144945,6.1994632,2.13100004196167
15599,177.518704,J025702.41+060945.2,X,44.2600556,6.1625556,
5456,63.352229,SDSS J142339.45+400115.2,Q,215.9143757,40.0208982,1.284000039100647
5456,145.233611,SDSS J142334.90+400254.7,Q,215.8953968,40.0485776,1.2869999408721924
15602,145.820655,J111019.13-145919.3,X,167.5797223,-14.9886945,
15603,99.865201,J111932.54+245621.3,X,169.8856112,24.93925,
15604,170.892774,WISEA J120116.96+091242.9,q,180.3208627,9.2120061,1.399999976158142
15605,62.957651,LAMOSTJ124301.69+121647.0,QX,190.7570315,12.2797151,0.4790000021457672
15605,90.698325,SDSS J124303.21+121755.1,QX,190.7633834,12.2986493,0.8410000205039978
15607,134.370597,SDSS J161851.89+392158.5,Q,244.7162225,39.3662506,1.75
5463,128.433196,WISEA J093707.46+233637.4,q,144.2810463,23.6105224,0.30000001192092896
5464,27.76959,J094605.42+013957.6,X,146.5225834,1.666,
5464,42.489435,SDSS J094603.94+013923.6,QRX,146.5164476,1.6566003,0.2199999988079071
5464,105.705113,SDSS J094610.14+013924.5,Q,146.542257,1.6568372,0.8619999885559082
5464,169.091408,SDSS J094552.38+014012.1,qX,146.4682718,1.6700616,1.600000023841858
15617,105.688473,SDSS J083500.40+412534.0,Q,128.7516867,41.4261135,2.555000066757202
5465,0.063982,NGC 3431,NRX,162.8126667,-17.0080278,0.017000000923871994
5465,88.611817,J105112.19-165910.2,X,162.8008056,-16.9861667,
15621,41.229336,J125917.80+275751.1,X,194.8241667,27.9641945,
15621,60.723405,J125911.54+275850.5,X,194.7981183,27.9807089,1.399999976158142
15621,62.592497,J125918.30+275902.6,X,194.82625,27.9840556,
15621,99.221793,J125920.92+275709.9,X,194.8371838,27.9527732,
5468,49.149942,2SLAQ J124349.48-003256.4,N,190.9561463,-0.5490131,0.00800000037997961
15629,89.300498,SDSS J082538.08+275201.2,Q,126.4087077,27.867014,2.257999897003174
15629,144.973486,SDSS J082537.13+275415.2,QX,126.4047352,27.9042363,1.0190000534057617
15629,163.985934,SDSS J082553.96+275413.9,Q,126.4748628,27.9038612,2.390000104904175
15630,154.879714,SDSS J091126.08+191934.6,Q,137.858663,19.3262938,3.4570000171661377
15631,128.569561,SDSS J114425.14+201219.6,qX,176.1047668,20.2054539,0.5
15632,39.817897,SDSS J114829.14+210851.0,Q,177.1214536,21.1475166,1.0210000276565552
15644,0.297721,CGCG 166-49,A,236.290088,26.506118,0.03200000151991844
15649,66.338751,SDSS J002220.33+223341.9,Q,5.5847479,22.5616621,1.8830000162124634
15649,79.052782,SDSS J002212.70+223208.8,Q,5.5529015,22.5357963,1.4529999494552612
15649,116.933043,SDSS J002214.98+223437.1,QR,5.5624298,22.5769843,1.878999948501587
15649,139.856253,WISEA J002221.30+223457.3,q,5.5887503,22.5825666,0.20000000298023224
5485,158.478773,SDSS J023936.01+013354.4,Q,39.9000971,1.5651232,3.5869998931884766
15654,150.019096,SDSS J100841.29+123124.2,qRX,152.1720412,12.5234224,1.0
15655,140.88711,J122821.71+135441.9,X,187.0904723,13.9116389,
5487,115.303396,WISEA J095932.62-204803.1,q,149.8860033,-20.8009426,1.0
15656,0.179295,CGCG 76-14,N,221.1430685,8.9370736,0.02800000086426735
15656,70.605957,J144430.07+085645.3,R,221.1253056,8.9459167,
15658,152.548272,SDSS J161111.65+355349.4,Q,242.7985435,35.8970557,1.656000018119812
15658,167.549527,SDSS J161124.57+355743.0,Q,242.8523815,35.9619559,1.8949999809265137
5494,132.297504,SDSS J093001.10+200419.6,Q,142.5046084,20.0721335,1.440000057220459
5495,89.595945,SDSS J123802.31+340045.7,QR,189.509633,34.0126817,1.3919999599456787
5495,139.598776,J123802.57+340309.3,R,189.5107223,34.0525834,
15668,154.963664,SDSS J144618.77+323923.6,Q,221.5782226,32.6565688,1.590999960899353
15670,166.908778,SDSS J164233.16+202024.8,Q,250.6381712,20.3402406,1.7769999504089355
5498,109.869242,SDSS J170320.83+245420.5,Q,255.8368231,24.9056914,1.5679999589920044
5499,110.311815,SDSS J002436.39-050845.5,Q,6.1516563,-5.1460278,2.200000047683716
5500,151.497043,WISEA J045735.47+103114.7,q,74.3978076,10.5207523,0.8999999761581421
15681,157.50465,SDSS J093628.59+371635.1,Q,144.1191497,37.2764236,1.5839999914169312
15682,153.19631,SDSS J094817.30+580003.2,Q,147.0721052,58.0009073,0.9829999804496765
15682,161.909127,SDSS J094840.08+580039.1,Q,147.1670083,58.0108907,0.492000013589859
15683,113.390393,SDSS J104905.76+581948.5,Q,162.2740276,58.3301483,0.8100000023841858
15683,148.670668,SDSS J104859.57+582034.9,Q,162.2482217,58.3430395,0.8040000200271606
5506,0.03566,NGC 7620,ARX,350.023688,24.2211467,0.032999999821186066
5506,74.540868,SDSS J232002.34+241414.9,Q,350.0097508,24.2374919,2.4140000343322754
5506,93.669995,SDSS J232012.52+241315.7,Q,350.0522109,24.2210536,1.1269999742507935
15691,151.338178,SDSS J090059.23+531029.4,Q,135.2468229,53.1748516,2.7309999465942383
15692,128.763372,SDSS J103543.80+204034.5,Q,158.9325049,20.6762665,1.5850000381469727
15695,68.215006,SDSS J130142.42+280612.9,qX,195.4267578,28.1035919,0.6000000238418579
15695,100.739411,J130143.73+280410.9,X,195.432219,28.0697055,0.699999988079071
15695,115.522465,J130151.00+280359.1,X,195.4625,28.0664167,
15695,179.250968,SDSS J130134.24+280641.9,qX,195.3927002,28.1116543,
15699,126.387103,SDSS J211508.80+074717.3,Q,318.7866567,7.7881706,0.9679999947547913
15700,58.962233,Q 2125-4536,Q,322.1833921,-45.3960186,2.7660000324249268
15700,139.522257,WISEA J212847.33-452523.8,q,322.197201,-45.4232738,0.20000000298023224
5514,0.265975,CGCG 31-72,AX,123.6055778,4.3424698,0.03400000184774399
15702,130.395139,SDSS J235853.21+184858.6,Q,359.7217196,18.8162873,1.2339999675750732
5516,117.352893,SDSS J085850.41+393219.0,Q,134.71007,39.5386194,0.6110000014305115
5516,169.644019,SDSS J085836.92+392818.9,Q,134.6538372,39.4719308,1.2239999771118164
5516,177.256039,SDSS J085833.19+392851.2,Q,134.6383261,39.4809132,2.263000011444092
15706,0.144607,UGC 5383,AR,150.1883529,4.7343243,0.013000000268220901
15707,176.12486,SDSS J100103.08+594629.9,Q,150.2628674,59.7749805,1.180999994277954
5518,178.986367,SDSS J123605.90+541606.8,Q,189.024624,54.2685731,1.1859999895095825
15710,66.497886,SDSS J111535.63+283358.3,Q,168.8985039,28.5661874,0.8190000057220459
15710,153.844938,SDSS J111522.09+283351.8,Q,168.8420701,28.5643739,2.615000009536743
15710,169.948312,SDSS J111521.63+283418.2,Q,168.8401359,28.5717286,2.203000068664551
15711,89.964287,SDSS J113531.58+581837.9,Q,173.8816762,58.3105584,1.6729999780654907
15711,104.907661,SDSS J113545.41+581745.9,Q,173.9392308,58.2960836,0.9039999842643738
15712,154.513689,SDSS J123703.70+275256.3,qX,189.265434,27.8823261,0.5
15712,156.589084,SDSS J123701.56+274950.4,QRX,189.2565179,27.8306618,0.527999997138977
15713,0.26619,CGCG 102-48,NRX,206.0652804,19.5666581,0.027000000700354576
15713,70.726088,WISEA J134410.72+193350.1,q,206.0446884,19.5639062,0.5
15720,138.79568,SDSS J231517.71-011640.3,Q,348.8238411,-1.277845,1.0750000476837158
5526,152.768626,WISEA J160923.06-043149.0,q,242.34613,-4.5303169,1.2000000476837158
5528,102.687503,SDSS J235917.64-041136.3,Q,359.8235364,-4.1934396,0.8700000047683716
15728,0.19498,MCG 7-19-017,NR,136.0895192,41.481699,0.024000000208616257
15728,71.074422,SDSS J090421.11+413004.8,QR,136.0879994,41.5013587,2.6730000972747803
15728,120.422198,SDSS J090422.21+413054.1,Q,136.0925353,41.5150258,1.9850000143051147
15729,49.486161,WISEA J134605.32+220625.0,q,206.5221692,22.1069118,0.6000000238418579
15729,178.600374,SDSS J134557.48+220945.3,Q,206.4895348,22.1625844,2.3559999465942383
15730,118.984355,SDSS J150018.88+431842.1,Q,225.0786921,43.3117104,3.315000057220459
15730,169.501369,SDSS J150017.10+431422.4,Q,225.0712414,43.2395894,2.1500000953674316
5532,70.490354,J031753.06-001046.3,X,49.4710981,-0.1795337,2.5
15734,154.155083,2QZ J223405.0-285440,Q,338.5206335,-28.9111604,2.1389999389648438
5534,146.110391,SDSS J082102.71+562847.5,Q,125.2613244,56.4799003,1.9019999504089355
15738,141.38917,SDSS J034541.50-072315.3,Q,56.4229391,-7.3875906,4.033999919891357
5537,0.359857,UGC 12646,NR,352.9126389,25.9453334,0.026000000536441803
15745,144.505033,SDSS J095842.06+313635.3,Q,149.6752884,31.6098108,2.2690000534057617
15746,0.438017,MCG 1-33-033,A,194.6323003,8.2174468,0.02800000086426735
15747,152.342476,WISEA J132149.69-165408.8,qX,200.4570659,-16.9024931,1.0
15747,166.679587,J132159.73-165328.0,X,200.4988889,-16.8911112,
5539,141.764539,3C 66A,BRX,35.6650466,43.0354993,0.4440000057220459
15750,112.249505,WISEA J185308.29-421719.7,q,283.2843563,-42.2887454,1.600000023841858
5540,142.981117,WISEA J035435.27-655739.5,qX,58.646961,-65.9609873,1.2999999523162842
5541,107.264611,SDSS J111922.35+283916.9,Q,169.8431334,28.6547161,1.49399995803833
15753,133.20416,SDSS J014657.80+280801.3,Q,26.7408509,28.1337041,2.4210000038146973
5543,172.422839,LAMOSTJ131945.28+155206.6,Q,199.9386655,15.868493,2.4739999771118164
15758,148.95526,SDSS J105409.60+490428.0,Q,163.5400409,49.0744599,1.406999945640564
15761,165.752209,WISEA J175041.39+715024.2,q,267.6724794,71.8400728,1.5
15762,130.65903,SDSS J013253.33-004141.0,Q,23.2222399,-0.6947288,1.0989999771118164
15762,169.578439,SDSS J013300.18-003836.0,Q,23.2507367,-0.6433614,1.0880000591278076
15764,172.655195,WISEA J025403.90+412502.3,qX,43.5162454,41.4172745,1.2000000476837158
5548,142.488779,SDSS J095446.81+091401.7,Q,148.6950598,9.2338182,2.2639999389648438
5549,0.26759,NGC 4513,AX,188.006392,66.332594,0.00800000037997961
5549,86.741567,SDSS J123214.97+662028.0,qX,188.0624837,66.3410443,0.4000000059604645
15769,152.062477,SDSS J095740.06+080732.2,Q,149.416925,8.125628,0.8730000257492065
15770,81.336906,WISEA J120341.56+160335.2,q,180.9231925,16.0597927,2.4000000953674316
15771,103.647412,WISEA J125537.41-122734.3,q,193.9058921,-12.4595425,0.30000001192092896
15774,105.621282,SDSS J002319.35+294909.8,Q,5.8306436,29.8194023,2.0859999656677246
15774,125.260187,SDSS J002322.12+295041.9,Q,5.8421965,29.8449852,2.3450000286102295
15776,154.485135,WISEA J021456.28+304952.2,q,33.7345085,30.8311539,1.399999976158142
15776,160.785111,SDSS J021436.06+305032.8,Q,33.6502573,30.84246,1.6790000200271606
5555,76.802697,SDSS J085159.06+165532.5,Q,132.9961185,16.9257011,3.6389999389648438
5555,81.026532,QPQ6 J085159.89+165534.6,Q,132.9995419,16.9262778,3.2279999256134033
5555,173.583857,SDSS J085203.67+165902.8,Q,133.0153201,16.9841223,1.0520000457763672
5556,40.91628,SDSS J121636.51+333309.6,Q,184.15213,33.5527089,1.7899999618530273
15779,103.886984,SDSS J090109.37+203819.7,Q,135.2890578,20.6388196,3.0829999446868896
15781,118.252132,TEX 1035-268,KRX,159.415516,-27.0906785,0.5669999718666077
5558,37.420486,SDSS J153341.88+150059.5,Q,233.4245215,15.0165403,1.4299999475479126
15787,83.897721,WISEA J213202.92-350627.5,q,323.012059,-35.1076917,1.7999999523162842
15789,0.368317,UGC 1416,NR,29.1919723,36.8863056,0.01899999938905239
15794,166.690753,WISEA J060728.03-220208.8,q,91.8667992,-22.0357853,0.8999999761581421
5567,71.512728,SDSS J005444.92+291435.6,Q,13.6871437,29.2432749,2.3929998874664307
5567,151.894522,SDSS J005452.43+291716.6,Q,13.7184458,29.2879729,2.9100000858306885
15798,166.455541,WISEA J095547.05+720928.8,q,148.9462524,72.1580717,1.2999999523162842
15803,167.573536,WISEA J193154.31-475735.0,q,292.9763983,-47.9597873,1.399999976158142
15804,106.872157,NGC 6812,AR,296.3513334,-55.3464445,0.014999999664723873
15806,102.564256,WISEA J232752.69-174341.8,q,351.9695812,-17.7282532,2.299999952316284
15807,136.936885,WISEA J233555.64-194153.6,qR,353.9818185,-19.6982558,0.30000001192092896
5575,59.324562,J022506.14-244622.9,X,36.2756193,-24.7730388,1.600000023841858
5575,133.683219,J022455.03-244756.4,X,36.2293092,-24.7990166,0.4000000059604645
15808,94.777993,SDSS J002443.85+210429.1,Q,6.1827289,21.0747636,2.621000051498413
5576,140.169328,WISEA J044831.36+732550.0,q,72.1308956,73.4305595,1.2999999523162842
15810,168.201644,WISEA J010340.57-203525.2,q,15.9190479,-20.5903761,2.200000047683716
5577,118.143964,WISEA J070723.77+444928.0,q,106.8490662,44.8245164,0.20000000298023224
15811,129.459993,Q 0112-325,Q,18.6069605,-32.2945515,0.3799999952316284
15816,164.073076,US 1786,A,132.8172582,42.7246751,0.4830000102519989
5581,86.067788,SDSS J020904.48-070335.7,Q,32.2687082,-7.0599248,3.242000102996826
5582,95.966379,SDSS J113701.12+545037.8,Q,174.2546821,54.84384,1.9179999828338623
15828,103.267195,SDSS J000137.35+112143.0,Q,0.4056702,11.3619947,1.24399995803833
15828,147.737793,SDSS J000130.10+111820.3,Q,0.3754562,11.3056746,3.572000026702881
15829,67.653322,J010849.36-462922.1,X,17.2056956,-46.4894849,
5591,0.443486,NGC 7319,NRX,339.0149069,33.9758554,0.02199999988079071
5591,8.965398,Q 2233+337,QX,339.0155556,33.9733334,2.114000082015991
5591,35.4271,J223600.84+335821.8,X,339.0035387,33.972723,1.5
5591,71.515576,J223559.74+335739.1,X,338.998935,33.9608887,1.100000023841858
5591,159.898232,J223616.38+335843.1,X,339.0682778,33.9786389,
15831,36.238894,WISEA J033749.27+031548.0,q,54.455431,3.2634108,0.30000001192092896
15832,80.465889,SDSS J131431.23+505741.0,Q,198.6301161,50.9614088,2.058000087738037
15836,126.475989,WISEA J200624.34-374032.1,q,301.6014287,-37.6756109,1.100000023841858
5595,160.567299,SDSS J015737.03+332310.0,Q,29.4042958,33.3861039,1.524999976158142
5596,162.063286,WISEA J031500.52-304510.9,qR,48.7522117,-30.7530294,1.5
5597,75.536632,J100015.55-193705.2,X,150.064819,-19.6181224,1.399999976158142
5597,129.363403,J100008.11-193512.8,X,150.0337966,-19.5869117,2.0
5597,160.152781,J100005.16-193455.6,X,150.0215294,-19.5821343,1.2000000476837158
5597,164.933536,J100008.77-193434.9,X,150.0365768,-19.5763828,0.6000000238418579
5598,168.264378,WISEA J104836.11+722244.1,q,162.1504072,72.3789543,0.30000001192092896
15843,49.500754,SDSS J104728.43+515141.8,Q,161.8685068,51.8616379,2.364000082015991
15843,94.464626,SDSS J104734.49+515004.3,Q,161.8937302,51.8345258,1.8250000476837158
15844,0.085789,UGC 6769,N,176.9320412,1.8262338,0.028999999165534973
5601,150.04668,SDSS J160327.76+492242.4,Q,240.8656781,49.3784669,2.9079999923706055
5601,174.872541,SDSS J160339.41+492254.8,Q,240.9142512,49.3818634,1.2619999647140503
15845,157.881351,WISEA J123355.74+264105.0,q,188.4823323,26.6846735,0.30000001192092896
5602,85.440395,WISEA J163942.86+660315.9,qX,249.9286179,66.0544019,0.30000001192092896
5602,137.955023,WISEA J163912.08+660115.9,q,249.8003557,66.0210969,0.10000000149011612
5602,149.468025,WISEA J163955.71+660258.9,q,249.9821987,66.0496828,0.30000001192092896
15846,144.167283,SDSS J125639.85+304055.6,QR,194.1660562,30.6821446,2.2739999294281006
15847,110.977802,SDSS J132748.12+560252.0,Q,201.9505138,56.0477779,1.100000023841858
5606,158.710555,WISEA J013853.57-432240.1,q,24.7231837,-43.3779857,2.0999999046325684
15857,91.954343,WISEA J043424.71-140656.3,q,68.6029604,-14.1155987,1.899999976158142
15862,125.766036,PGC 141453,N,156.8094303,11.0611171,0.032999999821186066
15863,125.543437,WISEA J104124.89-240158.8,q,160.3536703,-24.0330385,1.2000000476837158
5615,118.229912,SDSS J082640.96+231054.4,Q,126.6706949,23.1817843,2.494999885559082
5615,131.335183,J082629.45+230931.3,R,126.6227223,23.1586945,
15864,151.25995,SDSS J141703.48+573723.4,QR2,214.26455,57.6231954,1.7799999713897705
15864,165.345768,SDSS J141702.15+573706.5,Q,214.2589682,57.618458,1.4040000438690186
15865,159.261383,J152821.28+553139.1,R,232.0886779,55.5275401,0.20000000298023224
5617,87.380938,J110600.96-122437.7,R,166.5040244,-12.4104995,2.4000000953674316
15868,152.483325,WISEA J181557.79-730209.7,q2,273.9908077,-73.0360263,0.800000011920929
5619,154.014725,SDSS J162949.09+553229.3,Q,247.4545248,55.5414718,1.4010000228881836
5619,166.954057,SDSS J162914.36+553054.5,Q,247.3098358,55.5151595,1.6469999551773071
5619,169.641342,SDSS J162934.27+553353.5,Q,247.3928326,55.5648676,2.377000093460083
15871,155.724688,WISEA J002143.01-194256.7,q,5.42922,-19.7157919,0.20000000298023224
5620,93.851038,J171925.12+490351.9,X,259.8546667,49.0644167,
15873,102.555498,SDSS J030337.41-153909.4,qX,45.9058927,-15.6526161,1.100000023841858
15873,155.785144,SDSS J030339.47-154302.9,qX,45.9145364,-15.7174752,2.200000047683716
5621,117.294057,SDSS J230407.85+015621.0,Q,346.0327449,1.9391767,0.6890000104904175
5622,43.004766,WISEA J032827.54+380137.4,q,52.1146946,38.027053,0.8999999761581421
15877,0.046755,MCG -1-22-006,NRX,125.7545834,-4.9348612,0.023000000044703484
15877,129.11021,SDSS J082252.47-045558.3,qX,125.7186457,-4.932904,1.2999999523162842
15878,173.777231,SDSS J092627.69+194705.1,qX,141.6153824,19.7847727,0.5
5624,61.42791,J081739.12+205432.9,X,124.4130278,20.9091389,
5624,129.871982,SDSS J081729.83+205223.7,NX,124.3742935,20.8732736,0.3540000021457672
5624,135.221669,J081744.66+205407.5,X,124.4361112,20.9020834,
15881,0.137995,MCG 10-21-010,A,218.570752,59.6581479,0.028999999165534973
15881,163.385748,SDSS J143431.99+593732.3,Q,218.6333261,59.6256483,1.13100004196167
15886,177.300516,SDSS J012448.89+005138.8,Q,21.2037152,0.8607801,1.8880000114440918
5629,132.70765,WISEA J124501.54+184616.4,q,191.2564331,18.7712294,0.699999988079071
15888,60.857505,WISEA J033118.73-263241.6,q,52.8280199,-26.5449421,2.299999952316284
15888,111.695208,WISEA J033111.06-263412.0,q,52.7961163,-26.5699957,2.0
15888,167.836025,WISEA J033131.56-263355.4,q,52.8815379,-26.5653877,1.2000000476837158
15890,94.373941,WISEA J044629.22-543820.6,q,71.621787,-54.6390793,1.5
15893,143.330727,SDSS J115053.67+362736.4,Q,177.7236292,36.4601246,1.0829999446868896
15894,76.722614,SDSS J134149.94+265932.6,Q,205.4580893,26.9923881,3.125999927520752
15894,138.678053,Q 1339.3+2716,QR,205.4074199,27.0314161,1.753999948501587
15895,84.46991,J145531.36+682554.6,X,223.8806945,68.4318334,
15895,106.185239,J145519.60+682544.8,X,223.8316876,68.4291275,0.30000001192092896
5636,112.777195,SDSS J135948.53+361551.9,Q,209.9522295,36.2644514,0.9160000085830688
5636,160.268582,SDSS J135931.62+361305.1,Q,209.8817963,36.2181063,0.7549999952316284
15901,102.81674,WISEA J024438.59+192556.5,q,41.1608225,19.4323407,1.2000000476837158
15904,70.069379,J053643.43-673606.7,X,84.180971,-67.6018724,
5640,0.127153,MCG 3-24-043,ARX,139.6083222,16.3054529,0.028999999165534973
5640,44.424408,SDSS J091824.24+161856.3,QX,139.6010057,16.3156387,2.609999895095825
5640,99.083111,J091831.34+161921.9,X,139.6306112,16.32275,
5640,159.246846,SDSS J091827.42+162057.6,qX,139.6142516,16.3493337,1.7000000476837158
15911,173.681744,WISEA J132300.62-112354.3,q,200.7526059,-11.3984729,0.8999999761581421
15912,116.817296,J132353.11+134204.1,R,200.9713056,13.7011389,
15913,154.810798,SDSS J135301.18+381357.0,Q,208.254969,38.23252,1.75
5646,139.663956,WISEA J164153.63+653702.7,qX,250.4735278,65.6173864,1.2999999523162842
15915,166.736554,SDSS J162808.63+560143.9,Q,247.0359833,56.0288468,2.25
15916,0.366812,MCG 7-34-125,NR,249.5572904,40.1468131,0.029999999329447746
15916,158.803636,SDSS J163805.65+400640.1,Q,249.5235503,40.1111562,1.1269999742507935
5648,66.565992,SDSS J010720.39+005435.2,QX,16.8349861,0.9098127,1.4739999771118164
5648,153.789443,SDSS J010721.86+005806.7,QX,16.8410879,0.9685465,1.4980000257492065
5649,58.009963,SDSS J010902.42+323722.2,Q,17.2601022,32.6228362,2.0769999027252197
5649,73.512562,SDSS J010853.50+323818.3,QR,17.2229305,32.6384425,1.9910000562667847
5650,42.236384,J020754.02+020923.6,X,31.9751112,2.1565556,
5650,156.2183,SDSS J020757.08+020739.1,qX,31.9878699,2.1275516,1.899999976158142
5650,161.956454,SDSS J020744.94+020816.6,QX,31.9372517,2.1379953,1.5820000171661377
15925,56.473192,SDSS J123951.65+125845.9,Q,189.9652392,12.9794523,2.7829999923706055
5651,123.407384,SDSS J024203.29-053255.8,Q,40.5137514,-5.548839,2.052999973297119
5651,138.651909,SDSS J024203.90-053550.5,Q,40.5162538,-5.5973655,1.4809999465942383
5651,171.550785,SDSS J024218.26-053206.6,Q,40.5760965,-5.5351676,1.809999942779541
15927,75.945205,J131611.15+200338.4,X,199.0464723,20.0606667,
15927,83.586066,J131621.13+200230.6,X,199.0880556,20.0418334,
15930,67.82226,J010729.94+322248.6,X,16.8747653,32.3801885,1.5
15930,116.79358,J010729.02+321950.0,X,16.8709445,32.3305556,
15930,155.513878,J010726.30+322405.0,R,16.8595968,32.4014106,1.5
5654,0.112445,MARK 817,ARX,219.0920084,58.7942766,0.032999999821186066
5654,104.948029,SDSS J143635.54+584748.3,Q,219.1480965,58.7967766,1.5420000553131104
5654,133.533768,SDSS J143638.87+584710.8,QX,219.1619878,58.7863651,1.5240000486373901
15933,0.111134,MCG 10-12-091,NR,123.2107467,57.9214868,0.027000000700354576
5655,63.184968,WISEA J200052.51-470418.7,q,300.2187857,-47.0718613,1.100000023841858
15935,88.320744,SDSS J090232.17+142717.7,QR,135.6340805,14.4549286,2.3949999809265137
15935,152.56626,SDSS J090219.61+142919.5,Q,135.5817215,14.4887533,1.909000039100647
15935,154.960339,PGC 1458069,A,135.6489315,14.4370145,0.028999999165534973
15936,56.672898,PGC 1591014,N,137.3184303,19.4022881,0.07699999958276749
15937,170.531952,SDSS J103125.68+254851.2,Q,157.8570025,25.8142152,1.0789999961853027
15940,97.311512,SDSS J123840.94+423812.2,Q,189.6706199,42.6367443,2.4210000038146973
15947,96.219102,SDSS J235840.79+265634.8,Q,359.6699739,26.9430287,1.409999966621399
15947,110.672207,SDSS J235837.46+265535.2,Q,359.6561121,26.9264665,1.6579999923706055
5664,102.220983,WISEA J175519.32+262036.2,q,268.8305509,26.3434132,1.899999976158142
15949,106.709093,J011356.15-452607.6,X,18.4839732,-45.4354569,
15949,146.579526,J011349.81-452701.6,X,18.4575774,-45.4504649,
15949,154.60903,WISEA J011338.38-452316.8,qX,18.4099576,-45.3880102,1.2999999523162842
15953,54.918,J091908.35+213144.9,X,139.7848056,21.5291389,
15953,120.031516,SDSS J091900.59+212934.6,QX,139.7524966,21.4929685,2.359999895095825
15953,138.736037,SDSS J091858.04+213148.6,Q,139.741848,21.5302057,0.8029999732971191
5669,117.334158,SDSS J014652.10+112209.8,Q,26.7171031,11.3693902,0.843999981880188
5670,152.817191,MQS J050718.71-682453.7,AX,76.827958,-68.414917,0.37700000405311584
15962,130.668134,WISEA J041305.80+132031.2,q,63.2742864,13.3420315,0.4000000059604645
15963,136.982868,SDSS J081910.16+033648.0,Q,124.7923411,3.6133485,2.236999988555908
5673,179.89419,SDSS J114647.40+204331.2,Q,176.697541,20.7253635,2.499000072479248
15965,90.824801,J094325.42+315932.0,X,145.8559445,31.9922223,
15965,156.653475,WISEA J094321.39+315658.9,qX,145.8393609,31.9497914,0.8999999761581421
5674,101.971734,SDSS J134427.40+054853.7,N,206.11417,5.8149272,0.4009999930858612
15968,45.377949,SDSS J133121.74+095723.6,Q,202.8405801,9.9565594,2.4149999618530273
15968,158.519683,SDSS J133133.37+095555.7,Q,202.8890699,9.93215,2.3910000324249268
15971,169.146156,WISEA J224605.51+104942.1,qX,341.5230427,10.8283381,0.5
5678,105.33807,HS 1116+2106,Q,169.8454503,20.8296314,2.4609999656677246
15972,9.406631,J022351.78+424743.0,X,35.96575,42.7952778,
15972,138.512149,J022350.60+424951.6,X,35.9608334,42.831,
5679,0.05184,ESO 103-35,NRX,279.58475,-65.4275556,0.013000000268220901
15976,75.578815,SDSS J111736.55+071750.7,QR,169.402307,7.2974205,2.697999954223633
15976,113.464703,SDSS J111748.70+071714.8,Q,169.4529125,7.2874729,0.7620000243186951
15979,168.042125,SDSS J122959.89+271400.6,Q,187.4995875,27.2335082,0.7229999899864197
5684,93.146916,WISEA J030649.69-254146.4,q,46.7070054,-25.6962983,1.100000023841858
5685,93.407279,SDSS J113457.86+511133.6,Q,173.741092,51.1926609,1.1449999809265137
5685,137.170526,SDSS J113500.95+511521.6,Q,173.753974,51.2560216,1.8609999418258667
15987,138.856372,WISEA J014652.69+431932.3,q,26.7195123,43.3257134,0.699999988079071
15988,173.044831,J031613.92-104305.7,RX,49.0580044,-10.7182547,0.699999988079071
15990,88.241106,WISEA J032929.82-144652.1,q,52.3742429,-14.7811642,0.20000000298023224
5690,90.662069,SDSS J160233.23+372109.3,Q,240.6384738,37.3526046,1.1759999990463257
15995,130.415935,SDSS J093810.59+092623.6,Q,144.5441191,9.4399157,1.2389999628067017
15995,140.433976,WISEA J093828.34+092727.0,q,144.6181036,9.4575267,0.5
16001,116.239816,SDSS J211709.30-064411.9,Q,319.2888104,-6.7366842,1.840000033378601
16001,120.109976,MCG -1-54-008,NR,319.2791422,-6.7244221,0.028999999165534973
5694,134.430954,J104934.31+161455.6,R,162.3929723,16.2487778,
16003,149.702531,SDSS J231735.70+290207.4,QR,349.3988302,29.0354126,1.524999976158142
16003,164.944736,SDSS J231734.20+290544.3,Q,349.3925514,29.0956732,2.2920000553131104
5695,171.545291,SDSS J140201.51+092452.5,Q,210.5063261,9.4145869,2.3399999141693115
16005,4.429128,SDSS J091621.51+174334.4,qR,139.0896544,17.7262287,2.9000000953674316
16006,57.589408,SDSS J092458.57+402027.8,Q,141.2440537,40.3410732,1.6670000553131104
16006,165.630272,SDSS J092441.72+401958.5,Q,141.1738456,40.3329292,1.9839999675750732
16007,27.390042,WISEA J094746.03+213955.2,q,146.9418922,21.6652608,1.100000023841858
5700,84.763818,SDSS J100240.86+191116.1,Q,150.6702645,19.1878328,2.177999973297119
16011,177.197924,LAMOSTJ231855.08+091149.0,Q,349.7295094,9.1969411,0.4519999921321869
16012,117.60489,SDSS J235310.32+293621.3,Q,358.2930125,29.6059428,1.2740000486373901
5702,164.144584,WISEA J105115.46+135926.3,q,162.8144256,13.9906631,0.4000000059604645
5703,179.169075,WISEA J212708.21-604853.5,q,321.7844254,-60.8149437,3.0999999046325684
16017,154.096271,WISEA J062145.40-444036.6,q,95.4392036,-44.676847,0.5
16017,166.621058,WISEA J062150.65-444300.3,q,95.4610484,-44.7167318,1.899999976158142
16019,117.98944,WISEA J121330.69-305554.7,q,183.3778724,-30.9320128,0.800000011920929
5705,0.077715,MCG -2-57-023,ARX,339.1937445,-12.5452463,0.02500000037252903
5705,123.651364,J223651.38-123101.9,X,339.2140846,-12.517213,1.600000023841858
5705,151.235655,J223654.24-123422.9,X,339.226,-12.5730278,
5708,0.303302,UGC 9521,AR,221.7504067,11.5920189,0.03099999949336052
16027,18.464145,J233812.44-204640.8,R,354.5518334,-20.778,
16031,177.198149,SDSS J083347.70+130151.0,Q,128.4487675,13.0308338,2.252000093460083
16032,0.168312,UGC 9418,NR,219.3660613,25.7655773,0.032999999821186066
5715,162.88741,SDSS J091022.26+502613.9,Q,137.5927887,50.4372124,1.690999984741211
16036,69.712153,SDSS J173609.94+680408.3,qX,264.0414429,68.0689847,2.200000047683716
16036,93.052817,J173632.40+680330.6,X,264.135,68.0585,
5716,148.59536,SDSS J105414.51+271624.9,Q,163.5604452,27.2735932,0.8109999895095825
5719,120.027263,Q 0048-3242,Q,12.7333678,-32.438785,1.899999976158142
16040,74.355143,J024347.48+322939.1,X,40.9478495,32.4942098,1.100000023841858
16040,117.057619,J024345.90+322901.4,X,40.94125,32.4837223,
16040,131.588342,J024400.20+323131.1,X,41.0008334,32.5253056,
16040,179.803997,J024404.60+323017.9,X,41.019169,32.5049987,2.0
5720,144.715502,SDSS J101615.28+601152.8,Q,154.063697,60.198028,2.302000045776367
5720,174.963939,SDSS J101618.21+601657.0,Q,154.0758808,60.2825018,0.9779999852180481
5721,165.099739,SDSS J122254.28+081218.9,qX,185.7262067,8.2052554,1.399999976158142
5722,166.021742,J130231.00-154455.9,X,195.6291945,-15.7488612,
16047,0.058806,NPM1G-21.0183,AX,81.6136252,-21.2865556,0.02800000086426735
16050,114.074301,J125839.55+273943.2,R,194.6648056,27.662,
16050,174.449856,LAMOSTJ125834.64+274109.8,QX,194.6443703,27.6860767,1.3350000381469727
5728,0.412243,NGC 5759,NR,221.8118765,13.4564496,0.02800000086426735
16051,125.858442,J131343.01-152545.9,R,198.4292401,-15.4294325,1.2999999523162842
16053,28.746231,WISEA J134703.04+720355.6,q,206.7623429,72.0653832,0.20000000298023224
5733,121.676135,WISEA J024512.82+321501.8,qR,41.3033721,32.2502553,1.0
16055,85.426987,HS 1626+0839,QX,247.1072036,8.5499185,0.4350000023841858
16059,179.225857,SDSS J223447.92+204601.7,Q,338.6996752,20.767153,1.2610000371932983
5736,122.372668,SDSS J124608.31+304155.2,NX,191.53464,30.698668,0.5740000009536743
5739,61.339504,LAMOSTJ131310.50+094025.3,Q,198.2937537,9.6736974,1.9320000410079956
5739,156.742428,WISEA J131309.08+093850.2,q,198.2878697,9.6472839,0.20000000298023224
16065,0.225794,UGC 4229,ARX,121.9208194,39.0042396,0.023000000044703484
16065,37.11366,J080738.41+385953.2,X,121.9100556,38.9981112,
16065,179.975876,J080730.53+385802.6,X,121.8772262,38.9673969,0.30000001192092896
5745,81.277013,WISEA J202919.27-001030.9,q,307.3302979,-0.1752658,0.10000000149011612
5746,146.661358,WISEA J231642.13+132636.8,qR,349.175415,13.4435406,0.4000000059604645
16069,43.399819,SDSS J162247.25+374345.1,AX,245.6969231,37.7291862,0.3930000066757202
16069,70.538693,SDSS J162253.59+374415.3,Q,245.723314,37.7376036,2.00600004196167
16069,131.929288,SDSS J162243.13+374500.7,QX,245.6797396,37.7501969,1.9550000429153442
5749,0.112032,NGC 2965,NRX,145.8298085,36.2477979,0.02199999988079071
5749,178.651777,J094308.23+361652.5,R,145.7843056,36.28125,
16073,77.461155,WISEA J213548.11-344409.6,q,323.9504378,-34.7359948,0.8999999761581421
5752,124.476227,WISEA J162100.89+735246.5,q,245.2533433,73.8796314,0.30000001192092896
16076,64.145094,J025435.89+413655.7,X,43.649549,41.6154973,1.399999976158142
16076,64.548518,J025424.78+413623.9,X,43.60325,41.6066389,
16076,77.627671,WISEA J025435.59+413546.8,qX,43.6483406,41.5963506,1.0
16076,164.230693,J025438.82+413423.7,X,43.66175,41.57325,
5757,127.007147,SDSS J025818.44-044700.0,Q,44.5768459,-4.7833436,1.2929999828338623
16080,164.951204,WISEA J045856.33+153720.4,q,74.7347116,15.622341,1.2999999523162842
5760,158.919284,SDSS J131336.16+511805.6,Q,198.4006692,51.301562,1.3860000371932983
5762,0.391154,NGC 799,A,30.5514161,-0.1006393,0.01899999938905239
5762,92.242289,SDSS J02023-0006,Q,30.5768736,-0.1025732,2.0179998874664307
16083,155.218846,SDSS J113457.12+001325.4,qX,173.7380053,0.2237382,1.2999999523162842
5763,0.183218,ESO 426-2,NX,95.9434014,-32.2165316,0.02199999988079071
5764,136.458853,SDSS J135545.02+371319.6,Q,208.9376069,37.2221282,2.8310000896453857
5769,99.622392,SDSS J231341.33-014310.9,Q,348.422238,-1.7197203,1.371999979019165
5769,133.677659,SDSS J231344.20-014342.8,qR,348.4341736,-1.7285767,1.399999976158142
5769,160.723388,SDSS J231326.13-014229.7,QR2,348.3589169,-1.7082654,0.8510000109672546
5770,115.994679,NGC 157#1,QX,8.6414818,-7.9175972,0.7630000114440918
16095,143.06027,WISEA J055652.81+684654.1,q,89.2200787,68.7816841,1.2999999523162842
5775,61.83045,SDSS J125901.51+280632.0,qX,194.7563224,28.1088907,2.200000047683716
5775,68.991473,SDSS J125905.08+280832.3,qX,194.7712029,28.1423102,1.2000000476837158
5775,134.126115,J125853.77+280724.4,X,194.7240556,28.1234445,
5775,159.892759,SDSS J125915.61+280804.8,QX,194.8150833,28.1346774,2.1050000190734863
5776,108.725539,SDSS J135039.76+423048.9,Q,207.6656984,42.5135962,1.8940000534057617
5776,110.6269,SDSS J135045.14+423146.3,Q,207.6880917,42.5295439,2.4579999446868896
16099,140.827756,SDSS J121127.86+190325.3,QR2,182.86612,19.057035,0.9710000157356262
16101,32.285938,SDSS J133228.66+180817.8,Q,203.1194113,18.1382978,2.4619998931884766
16103,136.971815,WISEA J135135.42+510001.0,qR,207.897335,51.0001306,0.800000011920929
16105,81.816219,SDSS J143122.45+495737.3,Q,217.8435715,49.960376,2.111999988555908
16105,115.602248,SDSS J143142.59+495706.1,Q,217.9274922,49.9516897,0.44200000166893005
16106,20.657907,SDSS J143506.62+033257.3,QX,218.7775987,3.549247,2.3989999294281006
16106,130.55858,SDSS J143513.90+033238.3,qX,218.8079195,3.5439779,1.7000000476837158
16107,0.11463,UGC 10436,N,247.7661407,41.1560519,0.029999999329447746
16107,103.646316,SDSS J163111.34+410821.5,Q,247.7972599,41.1393357,1.4229999780654907
16107,168.379835,SDSS J163117.72+411024.1,A,247.8238285,41.1733386,0.25600001215934753
5786,82.62277,WISEA J050430.73-122053.6,q,76.1280574,-12.3482493,2.0
16113,107.9637,SDSS J225825.02+021621.5,Q,344.6042664,2.2726519,2.4230000972747803
5789,0.178672,UGC 6527,ARX,173.1676824,52.9503624,0.026000000536441803
5789,42.484804,J113235.54+525657.4,X,173.1481112,52.9492778,
5789,165.434015,J113227.07+525506.2,X,173.1128056,52.9183889,
16114,148.79127,SDSS J232929.21+100452.4,QR,352.3717193,10.0812399,2.8239998817443848
16115,28.876743,SDSS J234135.20+034350.5,Q,355.3966874,3.7307163,1.4129999876022339
16115,48.587178,SDSS J234136.84+034348.9,Q,355.4035318,3.730279,2.243000030517578
16115,92.309306,SDSS J234131.72+034203.1,QR,355.3821841,3.7008953,2.377000093460083
16115,127.357645,SDSS J234125.45+034310.1,Q,355.3560816,3.7194881,2.0850000381469727
5793,106.915328,J102357.73-031240.6,X,155.9905658,-3.2112874,0.30000001192092896
5794,85.300224,SDSS J120559.95+365308.6,Q,181.4997832,36.8857432,2.2980000972747803
5794,116.071569,SDSS J120553.99+365053.5,Q,181.4749987,36.8482047,1.180999994277954
5794,146.057416,SDSS J120551.41+365249.5,qR,181.4642334,36.8804321,
5794,177.053105,SDSS J120613.03+364945.1,Q,181.5542977,36.8292077,1.6660000085830688
5795,0.270613,NGC 6154,A,246.3770404,49.8402541,0.019999999552965164
5796,90.993517,SDSS J210545.14+074352.6,Q,316.4381102,7.731288,1.1089999675750732
16121,70.906574,WISEA J063358.97+523134.8,q,98.4957457,52.5263533,0.30000001192092896
5797,162.266801,SDSS J022920.82-031248.6,Q,37.3367582,-3.2135139,2.7290000915527344
5797,173.286419,SDSS J022924.43-031031.3,Q,37.3517947,-3.1753738,1.6319999694824219
5798,0.02376,ESO 417-6,NRX,44.08975,-32.1855834,0.01600000075995922
5798,144.549557,2QZ J025629.7-321248,QX,44.1242084,-32.2131945,2.2219998836517334
16125,0.217416,CGCG 403-4,ARX,329.092781,7.3667694,0.02800000086426735
16125,84.969288,SDSS J215616.83+072133.7,Q,329.0701478,7.3593804,2.3350000381469727
5803,171.943069,WISEA J134552.13+701800.6,q,206.467233,70.3001712,2.0
5804,92.709885,WISEA J141824.78+261821.4,q,214.6033929,26.3059625,0.5
16133,124.200309,SDSS J091916.47+265519.3,Q,139.8186222,26.9220354,0.6320000290870667
16133,171.74308,SDSS J091915.52+265627.2,Q,139.8146523,26.9408975,1.406999945640564
5810,0.332146,UGC 6250,AR,168.2933603,27.8182351,0.03099999949336052
5810,166.017971,WISEA J111300.80+275052.3,q,168.2533753,27.8477969,0.699999988079071
16136,91.375812,SDSS J125211.88+273513.4,qX,193.0494873,27.5870554,1.399999976158142
5813,121.944378,SDSS J012257.86-044022.0,Q,20.7411089,-4.6727993,1.8559999465942383
5814,72.185602,J025738.37+055820.6,X,44.4099103,5.9723993,0.5
5814,147.694992,J025743.38+055808.5,X,44.43075,5.9690278,
5814,153.352622,SDSS J025725.50+060010.2,qRX,44.3562622,6.0028539,0.10000000149011612
16139,80.654772,WISEA J141352.21+014239.2,qR2,213.4676028,1.711116,0.4000000059604645
5817,174.021309,SDSS J095951.90+352138.3,Q,149.9662711,35.3606976,1.1820000410079956
16142,0.239369,CGCG 197-31,NR,256.2388364,38.0196363,0.03200000151991844
16142,139.466056,FBQS J17047+3802,QR,256.1937355,38.0350309,0.06300000101327896
5819,152.111622,WISEA J133803.86-312309.9,q,204.5161268,-31.3861092,0.800000011920929
16144,129.130674,WISEA J005508.70+421110.8,q,13.7862586,42.1865056,0.30000001192092896
16145,128.106943,SDSS J011947.13+173331.6,Q,19.94638,17.5587968,1.0210000276565552
16146,166.832245,J045904.18-003342.8,X,74.7674445,-0.5618889,
5824,127.844652,SDSS J003241.58-025251.6,Q,8.1732838,-2.8810152,1.5670000314712524
16149,31.771485,WISEA J082536.62+050727.9,q,126.4025929,5.1244403,0.5
5827,28.505205,J050159.66-210837.6,X,75.498588,-21.1437841,2.4000000953674316
16151,117.417395,SDSS J141935.44+491242.6,Q,214.8976857,49.2118414,1.968999981880188
5830,12.66085,NGC 5747,NR,221.0866488,12.1319963,0.029999999329447746
16158,139.98685,WISEA J225304.12+324759.1,q,343.2671863,32.7996954,2.700000047683716
16158,161.290649,WISEA J225319.68+324701.4,q,343.3318725,32.7836923,0.6000000238418579
16159,46.975016,WISEA J011344.15-310304.4,q,18.434012,-31.0511853,1.0
16160,170.774356,LAMOSTJ033444.32+071058.5,Q,53.6846692,7.18295,0.675000011920929
5836,176.265417,SDSS J150811.57+544551.9,Q,227.0482538,54.7644108,1.0379999876022339
5837,160.157528,WISEA J012031.70-171757.6,q,20.1321292,-17.2993389,1.2999999523162842
5837,166.980605,WISEA J012025.35-172133.3,q,20.105649,-17.3592807,1.2000000476837158
5839,104.005328,SDSS J013845.26+010557.3,QX,24.6886129,1.0992545,0.8069999814033508
5839,150.266883,SDSS J013845.57+010150.9,Q,24.689889,1.0308106,0.8889999985694885
5840,0.046272,MARK 573,ARX,25.9907349,2.3498682,0.017000000923871994
5840,65.484489,SDSS J014402.03+022114.4,QX,26.0084648,2.3540323,0.47200000286102295
5840,124.235189,SDSS J014349.50+022107.4,qX,25.9562702,2.352061,0.800000011920929
5843,168.800112,WISEA J202657.93-183435.3,q,306.7413493,-18.5764743,1.399999976158142
5848,91.134293,J085131.57+473449.2,R,132.8815556,47.5803334,
5848,169.014648,SDSS J085149.44+473502.8,Q,132.9560254,47.5841373,1.0579999685287476
16178,150.170074,SDSS J165409.11+412034.5,Q,253.5379926,41.3429341,1.6690000295639038
16178,154.851314,SDSS J165408.90+412045.4,Q,253.5371078,41.3459669,1.0579999685287476
16178,176.614103,SDSS J165424.23+411712.0,Q,253.6009999,41.286676,1.4670000076293945
16179,159.270229,WISEA J182355.32+502334.2,q,275.9803549,50.3928588,1.399999976158142
5851,24.794926,J071052.13-514759.6,R,107.7172223,-51.7998889,
5851,126.839973,WISEA J071103.64-514935.5,q,107.7651538,-51.8265421,1.7000000476837158
5852,141.377953,J104439.64+214332.2,X,161.1651945,21.7256112,
5852,147.352283,J104437.19+214109.2,X,161.1549723,21.6858889,
5852,161.905829,SDSS J104440.78+214200.4,qX,161.1699383,21.7001243,2.299999952316284
16183,160.477239,WISEA J211558.24+092954.9,q,318.9926932,9.4985494,1.0
16183,177.347127,J211545.82+093210.2,R,318.9409573,9.5361786,0.5
5853,0.269464,UGC 6148,NR,166.492,36.4071131,0.02500000037252903
16187,17.874265,J000407.66+072248.6,R,1.0319167,7.3801667,
16189,164.085771,SDSS J010458.77-051751.5,Q,16.2449068,-5.2976569,0.7110000252723694
5858,102.788298,SDSS J081411.88+235314.1,AR,123.549514,23.8872738,0.3880000114440918
5859,107.408817,SDSS J124941.89+252838.9,QX,192.4245648,25.4774693,1.909000039100647
5859,141.413817,SDSS J124924.43+252901.1,qX,192.351794,25.4836471,1.5
5861,127.181075,SDSS J013415.38-010257.5,Q,23.5641089,-1.0493238,3.4170000553131104
16195,158.051105,WISEA J135729.91+254756.2,qX,209.3746962,25.7989109,1.399999976158142
5862,161.612766,WISEA J015050.03-360325.7,q,27.708481,-36.0571523,0.4000000059604645
16196,94.194333,SDSS J150322.67+170706.4,Q,225.8444654,17.1184679,0.9599999785423279
16197,13.614054,J151646.44+070006.8,X,229.1935278,7.0018889,
16197,59.180286,J151649.27+065948.1,X,229.2053056,6.9966945,
16197,64.85044,UGC 9799,NRX,229.1853728,7.0216197,0.03500000014901161
16197,68.959298,J151644.80+070123.2,X,229.1866765,7.0231308,
16197,74.51927,SDSS J151645.60+070130.2,qX,229.1900383,7.0250803,3.700000047683716
16197,81.205401,J151651.21+070018.2,X,229.2133867,7.0050586,
16197,82.742323,J151641.17+065929.0,X,229.1715706,6.9913942,0.10000000149011612
16197,85.069509,SDSS J151650.49+070103.4,qX,229.2103901,7.0176304,1.2999999523162842
16197,89.376117,J151641.15+070113.1,X,229.1714723,7.0203056,
16197,94.201877,J151651.37+070059.3,X,229.2140556,7.0164723,
16197,97.921536,J151641.77+065857.8,X,229.1740687,6.9827487,1.2999999523162842
16197,107.87315,J151639.52+065921.0,X,229.1646667,6.9891667,
16197,119.590825,J151640.13+070141.2,X,229.1672449,7.0281176,0.6000000238418579
16197,121.559767,J151637.59+070012.0,X,229.1566656,7.0033524,1.399999976158142
16197,127.617323,J151637.50+065941.2,X,229.1562854,6.9948032,1.5
16197,143.083388,J151641.66+070225.2,X,229.1736097,7.0403482,0.20000000298023224
16197,149.869209,J151636.99+070129.3,X,229.1541287,7.0248285,0.6000000238418579
5866,131.527976,WISEA J132040.33-140359.5,q,200.1680155,-14.066543,1.399999976158142
16198,24.33544,MCG 4-37-016,AR,234.8585544,24.9435678,0.023000000044703484
16203,73.102926,SDSS J234850.12+041040.6,Q,357.2088454,4.1779665,1.9040000438690186
16203,156.460268,SDSS J234850.90+041230.2,Q,357.2121225,4.2083885,2.8420000076293945
5873,118.486078,SDSS J105156.85+510151.1,Q,162.9868973,51.0308698,1.8220000267028809
5873,157.326083,SDSS J105201.08+510146.3,Q,163.0045015,51.0295457,1.284999966621399
5884,50.491631,UGC 5130,NR,144.4339158,2.7608821,0.024000000208616257
5884,179.678768,SDSS J093757.03+024447.2,Q,144.48764,2.7464667,0.5619999766349792
16222,37.825659,J023126.95-574503.4,X,37.8623056,-57.7509445,
16224,127.302269,WISEA J043528.50-122738.9,qX,68.8687692,-12.4608116,0.8999999761581421
16225,147.213549,WISEA J052931.63-762825.5,q,82.3819882,-76.4737996,1.600000023841858
16226,120.484823,J080737.38+042921.1,X,121.9057884,4.4892217,
16228,170.697781,SDSS J102542.72+142027.1,Q,156.4280083,14.3408637,2.4049999713897705
5895,26.542214,J072904.01+335204.8,X,112.2667223,33.868,
5895,97.989687,J072903.50+335316.4,X,112.2645834,33.8878889,
16230,82.025561,MCG 6-28-041,N,193.6932999,35.4049658,0.03999999910593033
16230,178.744395,SDSS J125442.28+352130.4,Q,193.6761872,35.3584588,1.3830000162124634
16233,176.447198,SDSS J160247.43+265954.7,Q,240.6976268,26.9985435,1.0119999647140503
16233,178.277079,SDSS J160308.10+265812.9,Q,240.7837739,26.9702505,2.6459999084472656
5898,59.14281,SDSS J122303.50+103640.5,qX,185.764608,10.611269,0.20000000298023224
5898,106.488969,J122311.91+103603.7,X,185.7996389,10.6010278,
5898,149.259618,SDSS J122307.51+103448.1,QX,185.7813437,10.5800564,2.759000062942505
5898,164.607302,J122317.14+103814.1,X,185.8214167,10.63725,
5898,178.922506,SDSS J122310.29+103426.1,qX,185.7929108,10.5739437,1.100000023841858
16236,96.118591,SDSS J210358.40-122807.7,qRX,315.9933437,-12.468827,2.0999999046325684
16238,26.349616,SDSS J012621.80+095412.0,Q,21.5908361,9.9033503,2.5820000171661377
16238,55.373559,SDSS J012624.55+095522.8,Q,21.6023275,9.9229948,1.6440000534057617
5903,164.969835,SDSS J014015.38+054547.4,Q,25.064121,5.7631693,0.8930000066757202
5907,0.158649,UGC 5026,NR,141.6658013,45.8471221,0.014000000432133675
16246,63.469617,WISEA J142603.31+302752.7,q,216.5138745,30.4646666,1.0
16247,163.489552,WISEA J145326.23+080947.6,q,223.3592968,8.1632483,0.6000000238418579
5915,160.779411,WISEA J103522.39-263648.9,q,158.8432969,-26.6135636,0.30000001192092896
16255,132.909862,WISEA J044151.11-084219.5,q,70.4629672,-8.705443,0.8999999761581421
5916,119.75197,WISEA J130039.34+481710.2,qR,195.1639574,48.286194,0.20000000298023224
5916,143.295253,SDSS J130021.92+482025.9,Q,195.0913701,48.34055,1.9049999713897705
16256,0.328364,UGC 4452,NR,127.7925507,9.6052294,0.03099999949336052
5917,102.164202,SDSS J132716.65+150613.5,A,201.81938,15.1037625,0.2529999911785126
16259,43.87454,WISEA J120102.77-351215.9,q,180.2615208,-35.2044348,0.30000001192092896
16260,162.862263,J121358.49-323114.9,R,183.4937322,-32.5208149,
16261,92.353827,WISEA J122611.05+275133.5,q,186.5460733,27.8593173,2.4000000953674316
5922,72.9552,J044010.44+071947.7,X,70.0435208,7.3299324,1.899999976158142
5922,79.658133,J044003.75+072055.5,X,70.0156499,7.3487533,0.5
5922,89.109791,WISEA J044012.59+071945.4,qX,70.0524826,7.3293067,0.20000000298023224
16265,138.312761,WISEA J051340.77+072403.8,q,78.4199467,7.4011063,0.4000000059604645
16269,179.659043,SDSS J121952.62+275951.5,NR,184.9693025,27.9976435,0.1120000034570694
5929,161.676064,SDSS J165138.82+192633.7,Q,252.9117878,19.4427149,1.440000057220459
5931,71.476644,SDSS J232004.68+081029.7,QX,350.0195152,8.1749302,1.590000033378601
5931,72.02409,J232013.78+080950.2,X,350.0574217,8.1639532,
5931,79.402426,SDSS J232011.62+080847.8,qX,350.0484302,8.1466284,1.2999999523162842
5931,110.820683,J232001.96+081035.5,X,350.0081667,8.1765278,
5931,126.910719,J232004.04+080812.7,X,350.0168359,8.1368715,0.10000000149011612
5931,138.602514,J232011.39+080742.8,X,350.047458,8.1285683,2.4000000953674316
5931,176.346446,J232019.47+080834.9,X,350.0811416,8.1430305,0.10000000149011612
16277,0.281129,KUG 0312+013,NR,48.77225,1.5085,0.023000000044703484
5934,26.22765,J115833.92+424336.4,X,179.6413334,42.7267778,
5934,154.256258,SDSS J115824.94+424600.5,qX,179.6039363,42.7667693,1.0
5935,128.424351,SDSS J142740.65+111816.3,Q,216.9193978,11.3045407,1.0889999866485596
5935,160.151863,SDSS J142731.97+111714.9,Q,216.8832475,11.2874785,0.9340000152587891
16282,31.327431,SDSS J082720.70+374706.7,QR2,126.8363243,37.7852248,0.8270000219345093
5937,154.605439,J221150.36-335501.3,X,332.959842,-33.9170469,
16284,140.194054,SDSS J102501.60+581103.8,Q,156.2567236,58.184413,1.5049999952316284
16284,148.897745,SDSS J102500.82+580649.6,Q,156.2534588,58.1138007,1.2410000562667847
16284,151.7345,SDSS J102521.74+581059.3,Q,156.3406267,58.1831783,2.7300000190734863
16285,170.998476,SDSS J102723.40-031345.1,qX,156.8475323,-3.229211,0.5
5939,152.838685,WISEA J233839.63+271647.6,q,354.665158,27.2799164,0.20000000298023224
5941,163.780514,WISEA J031611.47-053010.4,q,49.0477979,-5.5029182,0.800000011920929
16290,49.65581,SDSS J141130.14+355438.8,Q,212.8755825,35.9107761,2.802000045776367
16290,100.474143,WISEA J141137.08+355400.4,q,212.9044195,35.9000896,2.799999952316284
5943,177.768212,WISEA J063151.91-675451.2,q,97.9663646,-67.9142468,0.8999999761581421
16291,165.689175,WISEA J161042.88+272907.9,q,242.678714,27.4854756,1.0
5947,53.512394,SDSS J161836.09+153313.5,AR,244.6504096,15.5537542,1.3600000143051147
5948,70.157178,SDSS J231310.74+062448.9,Q,348.2947637,6.4135849,2.619999885559082
16298,169.118259,SDSS J010854.76+322803.4,Q,17.2282066,32.4676247,2.6689999103546143
5953,75.953777,WISEA J135234.33+244352.6,q,208.143122,24.7313407,0.6000000238418579
5956,0.046495,MCG -3-58-007,ARX,342.4047765,-19.2739921,0.03099999949336052
5957,166.842101,WISEA J031556.62+370413.7,q,48.9862045,37.0705449,1.7000000476837158
5959,179.744115,WISEA J125410.65-090506.9,q,193.5443609,-9.0852546,0.20000000298023224
16313,113.556105,SDSS J012943.26-020031.7,Q,22.4302836,-2.008842,1.409999966621399
16314,145.43466,J013442.98-363249.5,X,23.6790993,-36.5470936,
16314,176.743171,J013428.51-362825.5,X,23.6188056,-36.47375,
5962,3.575679,NGC 6552,ARX,270.03275,66.6148056,0.027000000700354576
5962,115.913038,J175952.07+663806.7,X,269.9669775,66.6352087,
5963,82.156135,WISEA J214943.95-592037.1,q,327.4331588,-59.3436778,0.8999999761581421
16318,115.778618,SDSS J090531.13+281417.6,Q,136.3797523,28.2382476,0.36500000953674316
16318,139.114387,SDSS J090518.59+281708.8,Q,136.3274771,28.2857886,2.2290000915527344
5964,107.392813,SDSS J011122.36+330521.9,QX,17.843176,33.0894229,2.0190000534057617
5964,169.808994,SDSS J011117.65+330939.8,QX,17.8235411,33.1610653,1.746999979019165
16320,99.74654,SDSS J110613.26+432022.8,QX,166.5552676,43.3396703,0.6710000038146973
16320,151.193837,SDSS J110550.83+432014.0,Q,166.4618297,43.3372295,2.0239999294281006
5965,82.015,J024331.63+321630.4,X,40.8818254,32.2751284,0.5
5968,53.461159,WISEA J073724.56+193812.3,qX,114.3524107,19.6367691,2.4000000953674316
5968,134.955749,LAMOSTJ073719.95+194028.3,Q,114.3331114,19.6745393,0.3799999952316284
16326,139.173456,WISEA J224530.12-350724.2,q,341.3755153,-35.1233618,1.399999976158142
5969,0.116747,UGC 4730,ARX,135.4933523,60.1517295,0.010999999940395355
5969,74.40443,J090202.49+601014.0,X,135.5103889,60.1705556,
5974,84.15772,J095626.21+271402.5,X,149.1092128,27.2340536,0.6000000238418579
5974,102.24149,J095624.01+271211.0,X,149.1000556,27.2030556,
5975,145.695216,J104934.31+161455.6,R,162.3929723,16.2487778,
5975,156.079407,SDSS J104926.02+161540.9,Q,162.3584414,16.2613486,2.5880000591278076
16334,59.247474,WISEA J084332.35+651039.2,q,130.8849219,65.1775788,1.2999999523162842
16335,88.265775,SDSS J091937.63+332707.9,Q,139.906796,33.452217,1.7519999742507935
5980,83.056982,WISEA J154837.13+692244.2,q,237.1548699,69.3789878,2.0999999046325684
5980,106.823429,WISEA J154831.16+692132.5,q,237.1298739,69.3590188,2.0999999046325684
5980,172.551278,WISEA J154818.59+692559.4,q,237.0774667,69.4331861,0.20000000298023224
16340,136.270276,SDSS J161606.83+602356.6,Q,244.0284983,60.3990736,2.132999897003174
16341,73.257089,SDSS J161655.46+354234.9,Q,244.2310934,35.7097101,1.406999945640564
5983,150.530159,WISEA J200113.29-523713.7,q,300.3054077,-52.6204604,1.2999999523162842
5984,105.939261,WISEA J011025.74-523209.6,q,17.607332,-52.5359917,1.7000000476837158
5986,105.98111,J020049.96-250322.0,X,30.2081885,-25.0561372,
5986,142.255486,J020049.64-245913.9,X,30.2068334,-24.9871945,
16346,148.943894,SDSS J235000.42+284216.7,Q,357.5017352,28.7046548,1.5720000267028809
16347,40.292387,SDSS J000507.46-034741.4,Q,1.2811096,-3.7948363,2.117000102996826
16347,57.724997,SDSS J000511.41-034818.3,Q,1.2975937,-3.8051003,1.7089999914169312
16349,13.275572,SDSS J012854.08+134724.6,qR,22.2253457,13.7901852,1.600000023841858
16349,82.103319,SDSS J012856.22+134622.5,Q,22.2342895,13.7729236,0.6430000066757202
16350,124.737892,WISEA J064842.29-471807.0,q,102.1762268,-47.3019527,1.5
16352,147.514883,J073137.21+631215.9,R,112.9050589,63.2044296,1.0
16352,162.385177,WISEA J073206.61+631336.8,q,113.02783,63.2268243,1.399999976158142
5994,0.195952,ESO 254-17,NRX,91.6488903,-47.4985527,0.03799999877810478
5995,81.96953,WISEA J103215.93-091318.7,q,158.0664351,-9.2217796,1.2999999523162842
16355,133.909804,MCG 2-31-017,AR,180.867377,8.3702419,0.04100000113248825
5999,126.618166,SDSS J133322.81+330412.6,Q,203.3450808,33.07019,1.2990000247955322
5999,165.603355,SDSS J133317.19+330345.8,Q,203.321644,33.0627419,1.1009999513626099
6001,177.093023,WISEA J192343.83+555628.9,q,290.9326818,55.9413069,2.200000047683716
16367,162.357444,WISEA J040728.67+132637.9,q,61.8695216,13.4439238,1.100000023841858
16368,94.501769,WISEA J073738.19+213911.8,qX,114.4090369,21.6531384,0.4000000059604645
16368,153.07113,SDSS J073743.31+214037.9,QX,114.4304895,21.6772218,2.444999933242798
16368,153.365436,SDSS J073748.20+213549.8,Q,114.4508354,21.5971857,2.677999973297119
6007,151.535708,SDSS J140207.65+074137.1,Q,210.5318964,7.6936567,1.725000023841858
6008,0.057978,UGC 9400,AR,219.0849504,5.3309739,0.028999999165534973
16371,34.360378,J135209.21-103704.2,R,208.0383889,-10.6178334,
6010,0.20368,IC 168,A,27.6151369,-8.5229476,0.017999999225139618
6010,154.735321,SDSS J015037.09-083018.1,Q,27.6545793,-8.5050292,2.303999900817871
16374,31.586146,WISEA J205833.48-321109.7,q,314.6396622,-32.1861472,1.100000023841858
6012,0.128097,NGC 3996,NR,179.4419203,14.2974201,0.023000000044703484
16380,85.541831,SDSS J081906.65+205546.2,ARX,124.7777311,20.9295005,0.3190000057220459
6019,125.280408,SDSS J102910.52+601655.1,Q,157.2938586,60.281978,1.9420000314712524
6019,147.576635,J102943.31+601856.9,R,157.4304723,60.3158056,
16383,110.010438,SDSS J230247.64+215417.4,Q,345.6985182,21.9048463,1.284999966621399
16384,137.342995,SDSS J235256.90+284406.6,Q,358.2370594,28.735194,1.5460000038146973
16385,93.754546,SDSS J015414.80+333159.7,Q,28.5616825,33.5332218,1.1410000324249268
6026,1.851233,IC 1833,N,40.4112918,-28.1707778,0.017000000923871994
6026,150.810387,WISEA J024137.12-281246.0,q,40.404686,-28.2127816,0.4000000059604645
16389,36.943684,WISEA J101013.91-065419.8,q,152.557997,-6.9055604,0.8999999761581421
16390,96.207736,J103610.28-272850.7,X,159.0428334,-27.48075,
6030,48.493073,J082337.97+212600.6,X,125.9082223,21.4335,
6030,57.927692,SDSS J082338.07+212531.0,qX,125.9086448,21.4253025,1.2999999523162842
6030,94.751978,SDSS J082347.92+212632.9,QX,125.9496544,21.4425053,1.781000018119812
6030,100.782188,SDSS J082334.22+212601.1,QX,125.8925787,21.4336462,0.6349999904632568
6030,170.163361,J082347.22+212335.4,X,125.94675,21.3931667,
16393,156.850107,WISEA J110939.06-150145.0,q,167.412773,-15.0291837,0.6000000238418579
6032,148.97586,2SLAQ J104210.03-002107.3,N,160.5418093,-0.3520331,0.1289999932050705
6032,164.421644,J104208.45-002115.4,R,160.5352161,-0.3542896,0.5
6033,0.248443,NGC 4614,ARX,190.3810999,26.0426732,0.01600000075995922
16402,122.435837,SDSS J000355.00+105034.0,Q,0.9791839,10.8428,2.1080000400543213
16402,128.486892,SDSS J000404.49+105321.5,Q,1.0187303,10.8892933,0.7699999809265137
16405,43.803567,SDSS J022855.36+002130.6,QX,37.2306967,0.3585064,0.675000011920929
16405,79.702756,DEEP J022850.94+002116.9,QX,37.2122801,0.3547194,0.550000011920929
16405,90.689384,SDSS J022900.69+002225.6,QX,37.2529072,0.3737916,2.4130001068115234
16405,132.466173,DEEP J022855.83+002424.7,A,37.232635,0.4068567,0.7549999952316284
16405,174.666824,J022905.63+002113.0,X,37.2734906,0.3536212,0.699999988079071
6045,104.745902,SDSS J080535.77+464311.8,Q,121.3990535,46.7199786,1.2740000486373901
6045,124.316127,SDSS J080516.06+464330.5,Q,121.3169284,46.7251427,1.2860000133514404
6045,179.370941,SDSS J080510.20+464331.3,Q,121.2924798,46.7253619,0.7630000114440918
16409,59.973703,SDSS J103536.76+283446.2,Q,158.9031725,28.5795257,1.4390000104904175
6047,168.695556,SDSS J113938.37+203005.4,Q,174.9098776,20.5015132,2.628000020980835
16411,105.801896,SDSS J154027.92+170850.6,qX,235.1163638,17.1474276,1.0
16411,140.633529,SDSS J154030.27+170953.8,QX,235.1261634,17.1649542,2.4830000400543213
16412,91.794774,SDSS J163951.20+370926.9,Q,249.9633477,37.1575291,1.034000039100647
6051,109.006059,WISEA J050631.95-315829.9,qX,76.6331417,-31.9749892,2.299999952316284
6051,144.942016,J050614.71-315752.4,X,76.5613056,-31.9645556,
6051,156.332253,J050626.00-315438.9,X,76.6083334,-31.9108056,
16416,96.750849,SDSS J231437.70+250802.0,Q,348.6571021,25.1338945,1.9040000438690186
6052,87.702938,J095428.72-011615.2,X,148.6196945,-1.2708889,
16417,134.819542,WISEA J234211.29+041942.9,q,355.5470647,4.3286086,0.4000000059604645
16419,28.045252,J001726.28-005815.6,X,4.3595,-0.971,
16419,85.616135,SDSS J001723.91-010003.4,QX,4.3496185,-1.0009519,1.8539999723434448
16419,91.059332,SDSS J001728.91-010001.4,QX,4.3704573,-1.0003892,0.9110000133514404
16419,158.095863,J001732.76-005643.7,X,4.3865278,-0.9454723,
16419,167.344504,J001735.42-005717.1,R,4.3975834,-0.95475,
6057,170.885393,WISEA J074656.12-694217.2,q,116.7338462,-69.704796,0.30000001192092896
16423,51.726914,WISEA J051628.26+062459.0,qX,79.1177657,6.4164022,2.4000000953674316
16423,67.309043,WISEA J051631.23+062309.7,qX,79.1301707,6.3861301,1.2999999523162842
6060,93.734013,SDSS J115025.06+503159.6,QX,177.6044292,50.5332567,0.652999997138977
6060,116.245118,SDSS J115023.30+503104.1,Q,177.5970819,50.5178483,1.8380000591278076
16425,66.15042,SDSS J132027.63+320109.9,Q,200.1151467,32.0194305,3.2269999980926514
16425,92.033532,SDSS J132028.62+315844.7,Q,200.1192631,31.9791176,2.315000057220459
16425,131.124764,WISEA J132022.84+320145.9,q,200.0955471,32.02896,0.8999999761581421
16427,176.164932,WISEA J145131.16-133234.1,q,222.8798328,-13.54288,1.600000023841858
6063,145.18461,J125509.03-122747.0,X,193.7876341,-12.4630723,1.0
16429,120.096955,WISEA J222012.09-155454.6,q,335.0503685,-15.9151035,1.600000023841858
16430,137.23518,J224052.51-080722.4,R,340.218812,-8.1229019,0.10000000149011612
6065,0.242739,NPM1G+41.0135,AR,103.7917715,41.0028222,0.02199999988079071
6066,0.184944,NGC 3205,NR,155.2080174,42.9720927,0.023000000044703484
6066,167.481941,SDSS J102036.37+425702.5,Q,155.1515705,42.9507011,1.9390000104904175
6067,132.613657,SDSS J120425.75+201045.4,A,181.1073057,20.1792953,0.5559999942779541
16435,154.800488,J113008.72-314512.3,X,172.5363612,-31.7534167,
6072,141.45253,SDSS J000036.13+282044.9,Q,0.1505615,28.3458086,1.7269999980926514
16439,0.317946,MCG 6-36-044,NRX,246.9640012,36.1555979,0.03200000151991844
16439,24.03605,SDSS J162752.76+360937.3,A,246.9698608,36.16035,0.15000000596046448
16439,120.149032,SDSS J162756.83+361100.3,Q,246.9868265,36.1834397,1.7899999618530273
6075,112.075323,SDSS J111556.64+413708.2,QX,168.9860221,41.618949,1.1549999713897705
16441,178.098192,WISEA J182309.50-784050.5,q,275.7899013,-78.6807208,0.699999988079071
6078,153.742447,SDSS J223443.04+055034.4,QX,338.6793626,5.842914,1.0570000410079956
16445,178.520515,XXLS J233331.27-530006.8,QX,353.3804087,-53.0019611,1.6440000534057617
6079,0.423332,ESO 540-1,ARX,8.5568624,-21.438453,0.027000000700354576
6079,56.075503,J003417.51-212633.2,X,8.5729781,-21.4425786,2.299999952316284
6079,115.116358,SDSS J003410.92-212430.1,qX,8.5455106,-21.4083628,1.2999999523162842
16446,156.861635,LAMOSTJ013639.40+395305.7,Q,24.1641807,39.8849439,1.2970000505447388
6081,0.054158,ESO 116-18,NRX,51.2210418,-60.7384445,0.017999999225139618
16451,165.260511,SDSS J153554.09+384316.3,Q,233.9753896,38.7212088,1.309999942779541
16451,174.780403,SDSS J153608.76+384035.4,Q,234.0365396,38.6765057,1.4769999980926514
6085,111.687059,J125313.46-272606.9,R,193.3060966,-27.4352506,1.5
16452,109.727759,SDSS J155945.66+370403.4,N,239.9402691,37.0676454,0.24199999868869781
16452,158.220599,SDSS J155940.21+365955.7,Q,239.9175749,36.9988137,0.9359999895095825
16453,61.60063,WISEA J170302.73+403058.5,q,255.7613991,40.5163603,2.299999952316284
16453,77.847017,SDSS J170304.72+403142.8,Q,255.7696715,40.5285851,2.3589999675750732
16453,104.781717,J170253.08+403257.1,R,255.7211844,40.5492177,0.10000000149011612
16453,150.050242,WISEA J170305.05+403335.0,q,255.7711461,40.5598046,0.30000001192092896
16454,154.998116,SDSS J170312.12+462456.2,Q,255.8005087,46.4156132,1.7519999742507935
16455,59.968023,WISEA J180919.24+543041.1,q,272.3302062,54.5114252,1.5
6090,175.260229,WISEA J120527.30+211203.4,q,181.3637454,21.2009285,0.6000000238418579
6091,167.673097,J122348.89+173202.9,R,185.9537223,17.5341389,
6094,57.448747,WISEA J164705.17+582554.4,qX,251.7715812,58.4317887,0.699999988079071
16461,43.974204,SDSS J022306.29-014435.5,Q,35.7762384,-1.7432096,1.0329999923706055
6096,126.312424,WISEA J223840.53+341407.3,q,339.6688863,34.2353538,0.699999988079071
16464,141.148699,WISEA J042352.16-092335.8,q,65.9673759,-9.3933095,0.8999999761581421
6097,65.055228,SDSS J231804.12-002316.4,N,349.5171777,-0.3879232,0.11599999666213989
6098,56.26457,SDSS J003641.04+213349.4,Q,9.1710097,21.5637648,1.503000020980835
6098,87.423612,SDSS J003641.22+213249.8,Q,9.171741,21.5472027,2.3959999084472656
16466,66.899137,SDSS J101253.30+303411.1,Q,153.2221059,30.5697835,2.0339999198913574
16466,172.344906,SDSS J101303.11+303501.3,Q,153.2629882,30.5837001,2.609999895095825
6101,132.166256,SDSS J125718.82-032821.0,QR,194.3284655,-3.4725043,1.75
6102,0.421741,UGC 8872,A,209.3287404,15.4584221,0.017999999225139618
6104,0.151683,NGC 671,NR,26.7465232,13.1251023,0.017999999225139618
6104,85.721216,SDSS J014654.15+130815.3,Q,26.7256624,13.1375892,1.274999976158142
6104,138.349518,SDSS J014654.20+130928.3,Q,26.7258556,13.1578646,2.36299991607666
6104,172.565286,SDSS J014705.75+130953.5,Q,26.7739665,13.1648657,1.218000054359436
6104,178.21676,SDSS J014647.56+130634.5,Q,26.698205,13.1095995,1.2070000171661377
16474,163.426277,WISEA J210640.04-161119.0,q,316.6668719,-16.18863,1.600000023841858
16475,61.122619,SDSS J220529.34-003110.7,QX,331.3722552,-0.5196285,2.4600000381469727
6107,147.158015,SDSS J091443.47+465530.4,Q,138.6811955,46.9251048,1.975000023841858
6107,170.49226,SDSS J091511.78+465453.1,Q,138.7991261,46.9147273,2.299999952316284
16480,0.240603,MCG 2-04-025,ARX,20.0109911,14.3617048,0.03099999949336052
16480,5.36792,J012002.36+142145.3,X,20.0098334,14.3625834,
6112,0.598209,UGC 4765,NRX,136.4770697,47.1793094,0.027000000700354576
6112,143.227106,SDSS J090550.74+470828.0,QX,136.4615065,47.1411224,0.7080000042915344
6112,173.590994,SDSS J090602.99+470815.4,Q2,136.5124749,47.1376192,1.6749999523162842
6114,141.958405,WISEA J155358.50+785846.9,q,238.4936036,78.9797278,1.2999999523162842
6115,128.89227,SDSS J001056.79+332034.7,Q,2.7366131,33.3429799,2.4590001106262207
16485,77.438783,SDSS J145259.56+365511.5,Q,223.2482005,36.9198525,1.9900000095367432
16485,126.475323,SDSS J145256.27+365435.7,Q,223.234454,36.9099149,0.5910000205039978
6116,176.463006,WISEA J065009.85+430249.0,q,102.5410322,43.0469537,1.2000000476837158
16486,147.94561,SDSS J150950.05-113540.8,qR,227.4585639,-11.5946945,0.4000000059604645
6118,69.315562,SDSS J110716.29+061659.5,Q,166.817885,6.2832076,2.697000026702881
16487,166.376137,SDSS J154804.95+174542.2,A,237.0206563,17.7617163,0.5080000162124634
16493,72.251164,J233827.07+265015.9,X,354.6128174,26.8377587,0.10000000149011612
16496,96.589273,SDSS J025010.44+034811.5,Q,42.5435392,3.8032105,2.4860000610351562
6130,153.389199,WISEA J195750.83-325715.7,q,299.4618576,-32.95439,1.399999976158142
16505,170.506437,SDSS J144305.19+064137.7,Q,220.7716318,6.6938373,2.6440000534057617
6134,0.328086,PGC 3082686,AR,251.2061429,-13.0354635,0.027000000700354576
6143,173.015962,WISEA J215847.45+072511.3,q,329.6977189,7.4198329,0.20000000298023224
6145,1.173469,IC 1859,NRX,42.2666389,-31.1726945,0.019999999552965164
6145,34.879387,J024901.73-311000.3,X,42.2572223,-31.16675,
6145,139.302245,J024854.92-311139.1,X,42.2288334,-31.1941945,
6145,166.750821,J024851.15-310949.8,X,42.2131389,-31.1638334,
16517,0.313672,MCG 5-27-052,N,169.5742048,28.2260048,0.03200000151991844
16517,125.733685,SDSS J111821.94+281140.5,Q,169.5914454,28.194572,2.515000104904175
16517,148.615172,SDSS J111823.56+281126.1,Q,169.5982153,28.1905828,1.6430000066757202
6149,0.386367,IC 4709,NX,276.081,-56.3691389,0.017000000923871994
16521,21.891255,SDSS J143926.32+115528.4,QX,219.8596897,11.9245491,3.0429999828338623
16521,87.804022,SDSS J143933.14+115608.7,qX,219.8881135,11.9357556,2.200000047683716
16521,175.446327,SDSS J143939.33+115530.0,QX,219.9139276,11.9249826,0.9179999828338623
6150,173.642434,SDSS J031257.10-001927.8,Q,48.2379475,-0.3243908,1.4190000295639038
16522,16.258798,SDSS J171707.91+405039.8,qR,259.2829963,40.8444136,1.0
16522,152.288178,SDSS J171705.97+404809.6,Q,259.2749038,40.8026895,0.5070000290870667
16522,156.278569,SDSS J171658.30+405247.5,Q,259.242984,40.8798878,2.2639999389648438
16522,178.685243,J171717.89+404838.5,X,259.3245532,40.8107155,0.8999999761581421
6151,150.906573,SDSS J074932.11+434745.2,Q,117.3838131,43.7959013,2.1600000858306885
6152,84.34523,SDSS J092015.68+391014.0,BRX,140.065321,39.1705392,0.6069999933242798
6152,170.062255,SDSS J091959.79+391200.4,Q,139.9991721,39.2001262,1.5529999732971191
6153,0.150542,NGC 3362,ARX,161.2155457,6.5968512,0.02800000086426735
6153,103.043093,J104458.33+063619.0,X,161.2430746,6.6052925,0.6000000238418579
16526,173.207304,WISEA J014749.10-133242.9,q,26.9546227,-13.5452761,1.0
16527,162.645964,WISEA J021144.10-631718.3,qRX,32.9338173,-63.2884186,1.399999976158142
16528,134.405178,WISEA J022601.68-201753.2,q,36.5070438,-20.298146,1.600000023841858
6158,46.906604,SDSS J232852.14+294341.7,A,352.2172491,29.728254,0.16599999368190765
6161,161.466095,WISEA J103413.80-342144.2,q,158.5575199,-34.3622996,1.399999976158142
16534,79.725082,SDSS J122011.07+333844.3,QX,185.0461418,33.6456557,1.069000005722046
16534,97.799365,WISEA J122021.18+333828.7,q,185.0881805,33.6414146,0.5
16534,124.817654,J122014.40+334143.0,X,185.0600278,33.6952778,
16534,146.212403,NGC 4395 UB1,QX,185.0179872,33.6703731,1.2690000534057617
6162,129.25456,WISEA J235418.86-133306.3,q,358.5786201,-13.5517752,1.5
16536,0.102942,MCG 9-21-084,N,195.3212703,53.8608241,0.029999999329447746
16536,119.10327,SDSS J130115.41+535337.1,Q,195.3142209,53.8936652,1.5750000476837158
16540,171.975532,WISEA J210823.09+180844.4,q,317.0962179,18.145647,2.0999999046325684
6167,142.999568,WISEA J163905.82+574540.0,qX,249.7742774,57.7611231,0.6000000238418579
16541,145.34853,SDSS J232625.39+021912.1,Q,351.6058131,2.3200483,1.7940000295639038
16542,85.04916,J233823.54+265404.6,X,354.5980834,26.9012778,
16542,105.024627,SDSS J233810.70+265324.5,QX,354.5445879,26.8901526,1.8040000200271606
6170,50.987869,SDSS J020404.46+305039.2,Q,31.0186083,30.8442639,1.3079999685287476
6172,91.910003,SDSS J023115.96+011451.4,Q,37.8165059,1.2476259,2.2790000438690186
6172,175.72337,SDSS J023119.11+011341.2,Q,37.8296292,1.2281159,1.7410000562667847
16548,133.687765,SDSS J114950.44-033754.0,Q,177.4601781,-3.6316809,1.0670000314712524
6175,173.481143,WISEA J121216.48-420431.5,q,183.068692,-42.0754523,0.699999988079071
16551,115.844663,SDSS J162852.23+403119.9,Q,247.2176628,40.5222189,1.75600004196167
6177,171.901812,SDSS J002505.25+125336.0,Q,6.2719165,12.8933692,2.315000057220459
6179,40.410886,J061507.58+710731.8,X,93.7815834,71.1255,
16558,175.659917,SDSS J003836.43+172122.0,A,9.6518019,17.356128,0.2540000081062317
16559,134.521624,J004236.72-233813.0,X,10.6530224,-23.6369644,
16560,151.909202,WISEA J012639.10+395508.3,q,21.6629387,39.9189752,0.10000000149011612
6184,149.630457,WISEA J212612.47+140830.4,q,321.5520567,14.1417865,2.200000047683716
6186,79.192078,MCG 3-23-033,N,136.2113864,17.4502551,0.027000000700354576
16564,175.008793,SDSS J073602.56+242711.3,Q,114.0107002,24.4531533,2.236999988555908
6187,73.848355,SDSS J100216.78+134246.4,Q,150.5699228,13.7128951,1.8420000076293945
16565,0.182821,IRASF 08417-1351,ARX,131.0268778,-14.0369062,0.02800000086426735
6188,160.201744,SDSS J113923.47+261630.5,Q,174.8478077,26.2751307,1.0529999732971191
16566,0.173231,CGCG 122-55,ARX,145.5199517,23.6852686,0.020999999716877937
6190,139.677595,WISEA J132518.18-334616.4,qR,201.3256803,-33.7712151,2.200000047683716
16569,150.771463,SDSS J110001.90+460645.3,Q,165.0079304,46.1126032,1.0839999914169312
16569,178.731375,SDSS J110008.13+460158.7,Q,165.0339017,46.0329861,2.131999969482422
6192,160.911471,WISEA J194830.53+581626.3,q,297.1273446,58.2739926,2.4000000953674316
6193,133.385297,J203946.60+015942.2,R,309.9441955,1.9950816,1.899999976158142
16572,85.887389,SDSS J120710.21+330108.4,Q,181.7925227,33.0189969,1.5049999952316284
16572,125.972411,SDSS J120700.80+330106.0,Q,181.7533437,33.018361,1.7170000076293945
16572,170.210005,SDSS J120711.16+330232.1,Q,181.7965,33.042257,0.6119999885559082
16573,161.889839,J125824.94+280747.9,X,194.6039445,28.1299723,
6195,105.526497,SDSS J020317.78+320622.0,Q,30.8240846,32.106126,1.6419999599456787
16574,152.141421,SDSS J130655.54+580857.6,Q,196.7314168,58.1493318,2.450000047683716
6196,167.850277,WISEA J022731.86+254254.7,q,36.8827484,25.7152779,1.7999999523162842
16575,83.367632,SDSS J132412.23+153418.2,Q,201.0509634,15.5717331,0.7850000262260437
16578,161.090347,SDSS J151043.38+410535.5,Q,227.6808105,41.093211,2.555000066757202
16578,171.542352,SDSS J151051.13+410253.6,Q,227.7130428,41.0482398,1.6820000410079956
6201,0.116879,ESO 25-2,ARX,283.6677718,-78.8983614,0.028999999165534973
6202,95.14897,WISEA J200951.07-371819.5,q,302.4627471,-37.3055454,0.4000000059604645
6202,144.554494,J200959.58-371910.8,R,302.49825,-37.3196667,
16583,137.376292,J003030.98-372145.0,R,7.6290845,-37.3625243,
16584,42.857341,J024347.48+322939.1,X,40.9478495,32.4942098,1.100000023841858
16584,48.509819,J024345.90+322901.4,X,40.94125,32.4837223,
6205,137.111328,J163225.22+823222.7,RX,248.1050834,82.5396389,
6205,141.131366,NGC 6251,NX,248.133194,82.5378894,0.024000000208616257
16586,38.415854,WISEA J033251.77-422307.4,q,53.2157904,-42.385381,2.0999999046325684
16586,111.958714,WISEA J033302.75-422259.9,q,53.2614961,-42.383321,0.30000001192092896
16586,132.492767,WISEA J033248.44-422542.3,q,53.2019038,-42.4284185,1.600000023841858
6206,119.711211,SDSS J235215.81+311808.3,Q,358.0658799,31.3023093,3.3480000495910645
6206,143.476287,SDSS J235201.21+311505.0,Q,358.0050645,31.2514145,2.2790000438690186
6206,175.475656,SDSS J235221.19+311456.8,QR,358.0882994,31.2491226,1.8969999551773071
6206,176.972913,SDSS J235202.19+311408.8,Q,358.0091308,31.2357948,1.6080000400543213
16589,118.683957,LAMOSTJ100610.20+135911.2,Q,151.5424668,13.9864406,1.315999984741211
16589,178.76651,SDSS J100615.42+135528.5,Q,151.5642867,13.9245848,1.440000057220459
6207,0.653207,MCG 9-18-084,NR,166.6603003,53.3671112,0.020999999716877937
6207,87.082254,SDSS J110648.26+532158.3,Q,166.7010961,53.366221,1.406999945640564
6207,145.059797,SDSS J110653.72+532252.0,Q,166.7238653,53.3811176,1.7589999437332153
6207,167.749511,SDSS J110629.34+531935.1,Q,166.6222727,53.3264404,1.4079999923706055
16590,58.222075,J104111.85+062115.8,X,160.2993889,6.3543889,
16590,171.076742,J104113.19+061920.5,X,160.3049919,6.3223783,0.30000001192092896
6208,104.955906,SDSS J111019.66+365648.0,Q,167.5819473,36.9466718,1.4839999675750732
16591,83.244799,SDSS J125018.46+480540.9,Q,192.5769549,48.0946837,2.063999891281128
6209,96.622269,WISEA J111103.12+283232.8,qX,167.7632733,28.5423825,1.0
6209,102.56781,SDSS J111053.11+283101.6,Q,167.7213089,28.5170943,3.2109999656677246
6209,131.806304,PGC 1837891,N,167.7479003,28.5096391,0.03500000014901161
6209,156.980851,J111103.55+283437.4,X,167.7648056,28.5770556,
16592,76.201539,SDSS J131054.28+500501.4,Q,197.7261574,50.0837286,1.6790000200271606
16592,125.957907,SDSS J131100.05+500537.6,Q,197.7502541,50.093816,1.3960000276565552
6210,18.446103,J140308.68-340142.6,R,210.7861903,-34.0285119,
6210,60.522995,J140308.92-340257.4,X,210.7871705,-34.0492853,
6212,47.41075,SDSS J012622.38-013756.2,QRX,21.5932831,-1.632324,0.8709999918937683
16596,128.892455,SDSS J232814.41+345235.9,Q,352.0600495,34.8766607,2.3350000381469727
16596,169.973349,SDSS J232810.23+345415.7,Q,352.0426482,34.9043878,1.218000054359436
6213,119.762423,WISEA J094657.67+160209.5,q,146.7402844,16.036006,1.5
16597,177.953368,WISEA J234046.39+253629.9,q,355.1932995,25.6083172,0.10000000149011612
6215,92.755482,WISEA J205941.00+020857.7,q,314.9208754,2.1493875,2.0
6218,129.095748,WISEA J100608.59-160835.6,q,151.5358014,-16.1432746,2.0999999046325684
6219,69.426583,J111804.63+075019.8,X,169.5193056,7.8388334,
6219,91.62591,SDSS J111803.69+074926.1,qX,169.51541,7.8239307,2.5999999046325684
6220,40.62684,J115645.71+481943.0,R,179.1904641,48.3286372,0.20000000298023224
6220,87.65315,SDSS J115642.63+481834.6,qX,179.1776602,48.3096351,1.0
6220,122.007696,SDSS J115654.24+482017.9,QX,179.2260373,48.3383074,0.8420000076293945
16605,0.104201,MCG 3-28-045,AR,165.0161703,17.4243541,0.029999999329447746
6221,133.472138,J120504.47-035515.2,X,181.2686343,-3.9209107,2.0999999046325684
6222,24.23731,J121756.53+071103.6,X,184.4855556,7.1843334,
6222,112.25721,SDSS J121801.80+070931.1,qX,184.5075025,7.1586655,2.0999999046325684
16608,54.308273,J124248.22+102219.2,R,190.7009467,10.3720091,
16608,107.588728,SDSS J124251.69+101945.7,AR,190.7154098,10.3293743,0.4569999873638153
16610,110.148598,SDSS J135435.47+382848.2,Q,208.6478248,38.4800637,2.305000066757202
16610,117.298149,SDSS J135433.64+382502.2,Q,208.6402024,38.4172947,1.253000020980835
16610,170.250243,SDSS J135442.09+382428.4,Q,208.6754289,38.4078952,1.1119999885559082
6230,138.869739,PGC 1438113,N,118.5775525,13.7029672,0.07800000160932541
6230,170.596557,SDSS J075414.67+134641.6,Q,118.5611341,13.7782296,2.3399999141693115
6231,0.594853,UGC 5012,NR,141.3086403,17.5990541,0.014000000432133675
16618,169.697966,WISEA J001948.67-062004.2,q,4.9527988,-6.3345194,0.800000011920929
6233,64.271058,MALS1716-0613,QR,259.1128136,-6.2322944,1.840000033378601
16619,47.576455,SDSS J012414.10+010209.9,Q,21.0587521,1.0360958,1.1200000047683716
16619,120.407234,SDSS J012406.94+010310.6,Q,21.02894,1.0529683,0.7889999747276306
16620,75.682736,WISEA J065430.31+853927.5,q,103.6263297,85.6576486,0.4000000059604645
6236,152.520234,SDSS J024923.20-005437.7,QR,42.3467173,-0.9105268,0.9549999833106995
6237,144.869857,WISEA J055052.64-180817.3,q,87.7192662,-18.137924,0.30000001192092896
16623,76.312793,J093405.32+100152.3,X,143.5221945,10.0311945,
16623,95.844348,J093356.45+100305.0,X,143.4852223,10.0513889,
16623,112.959531,SDSS J093405.98+100300.1,qX,143.5249166,10.050009,1.0
16623,164.084969,J093352.63+100346.9,R2,143.469314,10.0630543,0.5
6239,163.283627,WISEA J103630.84+134115.0,q,159.1285248,13.6875057,0.6000000238418579
16627,90.483699,WISEA J133952.51+164826.4,q,204.9687975,16.8073446,0.10000000149011612
6242,159.680253,SDSS J171539.97+420237.8,Q,258.91655,42.0438421,1.430999994277954
16630,142.201382,WISEA J225636.12+361511.1,q,344.150487,36.2530783,1.0
16631,142.47141,WISEA J014256.31-542916.2,q,25.7345627,-54.4878376,1.600000023841858
6246,0.133746,NGC 78B,AR,5.1146266,0.8335536,0.017999999225139618
6246,140.400677,SDSS J002018.14+005004.5,Q,5.0755988,0.8345715,1.0980000495910645
16634,53.864971,WISEA J071118.18+310928.7,q,107.8257845,31.158015,0.699999988079071
6250,179.958644,SDSS J004211.15+004757.8,Q,10.5465064,0.7994249,1.8580000400543213
16639,108.020022,SDSS J084233.29+424944.7,Q,130.6387203,42.8290852,0.6079999804496765
16639,140.468148,SDSS J084244.77+425102.9,N,130.68656,42.850814,0.5099999904632568
16640,0.311537,MCG 1-27-020,N,159.149147,5.9105797,0.012000000104308128
6252,0.112317,NGC 526A,ARX,20.9765743,-35.065471,0.01899999938905239
6252,94.016476,J012359.23-350242.9,X,20.9968056,-35.04525,
6252,97.069588,Q 0121-3518,QX,21.0052902,-35.0522355,2.1600000858306885
6252,149.797919,J012403.52-350534.7,X,21.0146945,-35.0929723,
16641,132.639991,SDSS J120326.28+471938.0,Q,180.8595207,47.3272317,3.0399999618530273
16642,67.255218,SDSS J122038.72+521628.0,Q,185.161381,52.2744616,1.8569999933242798
16642,173.276413,SDSS J122021.32+521720.4,Q,185.0888552,52.2889944,3.315000057220459
6255,163.495001,WISEA J055536.68-190349.0,q,88.9028105,-19.0636238,1.7999999523162842
16646,115.96462,SDSS J150238.77+375512.7,Q,225.6615504,37.9202045,2.4189999103546143
6261,113.623528,J013452.50-363115.1,X,23.7187778,-36.5208612,
16654,70.36869,J021319.31-074334.5,X,33.3304775,-7.7262635,1.2999999523162842
16654,78.22271,SDSS J021325.24-074510.8,Q,33.3551733,-7.7530174,1.8079999685287476
16654,152.00149,J021334.04-074403.7,X,33.3918578,-7.7343635,1.399999976158142
6266,0.213649,UGC 5037,ARX,141.8271025,23.0200754,0.026000000536441803
6266,133.825716,SDSS J092710.91+230235.8,Q,141.795491,23.0433044,2.5820000171661377
6268,36.146887,SDSS J110949.64+621657.3,qR,167.4568481,62.282589,1.100000023841858
6268,92.549679,SDSS J110938.51+621722.7,Q,167.4104908,62.2896458,2.5339999198913574
6268,137.851767,SDSS J111011.37+621714.2,Q,167.5473754,62.2873013,2.5160000324249268
16659,105.722016,SDSS J091425.80+354351.0,Q,138.6075259,35.7308555,2.072999954223633
6271,13.41952,J173632.40+680330.6,X,264.135,68.0585,
6271,118.432867,SDSS J173609.94+680408.3,qX,264.0414429,68.0689847,2.200000047683716
6273,50.630624,SDSS J232012.29+075645.6,Q,350.0512309,7.9460025,2.000999927520752
6273,145.676877,SDSS J232021.34+075706.7,NX,350.0889522,7.951873,0.2290000021457672
6275,109.084435,J093350.06+810902.3,2,143.4585834,81.1506389,
6275,131.408625,J093347.79+810950.9,X,143.4491389,81.1641389,
16670,176.997788,HAZ 25GB,Q,354.5001404,11.9045339,2.9200000762939453
6278,126.368958,WISEA J122008.55-402458.4,q,185.0356345,-40.416212,0.30000001192092896
16671,120.445853,2QZ J235912.7-314221,Q,359.8031724,-31.7058758,1.6369999647140503
6280,0.279,MCG 1-35-014,AR,204.08829,3.3308525,0.023000000044703484
6280,57.985266,2E 1333+0334,QX,204.0754007,3.3212418,0.8519999980926514
16673,59.119221,SDSS J020243.22+273503.4,Q,30.6801059,27.5843081,2.9519999027252197
16673,121.588677,SDSS J020237.02+273626.1,Q,30.654257,27.6072652,1.7580000162124634
16675,50.298003,J024035.53-080821.3,X,40.1480612,-8.1392568,0.20000000298023224
6286,0.497932,UGC 5185,NR,145.7297903,28.9807691,0.02800000086426735
6287,108.532483,J122937.84+140217.7,X,187.4076945,14.03825,
6287,171.433087,SDSS J122920.69+140422.8,AX,187.3362427,14.0730221,0.2549999952316284
16679,136.679561,WISEA J051610.26-002257.5,qX,79.0427642,-0.3827161,2.0999999046325684
16681,0.257041,MCG 10-13-024,NR,132.6539702,57.3596571,0.026000000536441803
6293,87.612998,SDSS J020543.26-051702.4,QX,31.4302792,-5.2840225,0.6520000100135803
6295,47.375842,J072830.27+334937.5,X,112.126166,33.827094,1.600000023841858
16690,117.420244,SDSS J232114.63+002437.0,Q,350.3109792,0.4102976,1.8270000219345093
16690,125.756503,SDSS J232114.13+002510.5,Q,350.3089183,0.4195953,0.503000020980835
16692,10.57574,MARK 937,A,2.5445,-4.7101389,0.029999999329447746
16692,118.076978,WISEA J001005.99-044419.4,qX,2.5249924,-4.7387943,0.699999988079071
16692,177.740994,SDSS J001021.07-044341.0,Q,2.5878543,-4.7280642,3.3340001106262207
6300,135.20818,WISEA J200231.16-345157.3,q,300.6298832,-34.8661499,1.7999999523162842
6301,126.410383,SDSS J233022.41+154542.0,Q,352.5934,15.7616666,0.699999988079071
6302,103.689814,WISEA J020624.48+300045.6,q,31.6020188,30.0126919,0.5
6302,126.114465,SDSS J020629.40+295729.6,Q,31.6224901,29.958254,1.4049999713897705
6302,153.033206,SDSS J020618.77+295906.2,QR,31.5782261,29.9850787,1.065000057220459
6306,47.085294,J110637.14+200502.6,X,166.65475,20.0840556,
6306,138.534907,SDSS J110648.82+200620.9,qX,166.7034302,20.1058311,0.20000000298023224
16703,92.025091,WISEA J200355.63-644726.9,q,300.9818175,-64.7907851,0.4000000059604645
16707,158.298425,J025623.30+061649.2,X,44.0971112,6.2803334,
16708,179.060875,J052705.26-653410.5,X,81.7719455,-65.5695901,
6312,85.318688,SDSS J103610.64+265713.3,N,159.04435,26.953717,0.02199999988079071
6312,142.202391,SDSS J103623.30+265934.9,Q,159.0970755,26.9930315,3.4700000286102295
16710,35.124934,J072140.30+554042.9,X,110.4179445,55.6785834,
6314,2.465507,NGC 6232,NRX,250.8363889,70.6326389,0.014999999664723873
6314,77.568467,J164306.33+703832.2,X,250.7764113,70.6422905,0.800000011920929
6314,140.306822,WISEA J164344.41+703909.3,q,250.9351743,70.6525833,1.5
6314,169.125673,WISEA J164347.33+703615.0,qX,250.9472613,70.6041925,0.800000011920929
16711,161.729969,SDSS J084421.24+553510.3,Q,131.0885427,55.5862257,0.6570000052452087
16711,170.067608,SDSS J084437.91+553516.5,Q,131.1579934,55.5879312,2.430999994277954
6315,0.163014,MARK 334,ARX,0.7900422,21.9602647,0.02199999988079071
6315,88.127613,SDSS J000313.81+215842.6,Q,0.8075795,21.9785227,1.7380000352859497
16713,170.704296,SDSS J121950.33+284122.8,Q,184.9596891,28.6896796,2.2869999408721924
6317,120.771937,SDSS J025732.75-074331.5,Q,44.3864628,-7.7254107,0.4729999899864197
6318,153.908718,SDSS J080944.88+575707.3,qR,122.437027,57.952034,0.4000000059604645
6319,0.240994,MCG 10-12-137,AR,126.6037023,59.8954627,0.027000000700354576
6319,157.652832,WISEA J082611.09+595144.7,q,126.5462003,59.862433,0.30000001192092896
16718,84.705017,WISEA J181604.07+360422.0,q,274.0169836,36.0727599,1.2000000476837158
16719,125.148587,SDSS J220526.31+051250.3,Q,331.3596548,5.2139796,1.5199999809265137
16719,139.259997,SDSS J220522.27+050842.7,Q,331.3428165,5.1452017,1.74399995803833
6321,0.052931,NGC 3509,ARX,166.0981333,4.8286131,0.026000000536441803
6321,149.26041,J110433.39+044917.5,X,166.1391389,4.8215278,
6321,176.816378,SDSS J110435.37+044950.3,qX,166.1473878,4.830648,1.7999999523162842
16720,42.389379,WISEA J220540.80-713949.7,q,331.4199455,-71.6638423,1.899999976158142
16721,64.04178,SDSS J222333.97+115040.3,qX,335.891555,11.8445513,1.7000000476837158
16721,83.768703,SDSS J222340.17+115228.8,N,335.9174,11.874679,0.5009999871253967
16721,164.96067,J222341.32+114918.9,X,335.9221945,11.8219167,
16721,166.422838,MCG 2-57-002,ARX,335.9375633,11.8358551,0.028999999165534973
16722,176.73976,SDSS J235854.25+280627.5,Q,359.7260512,28.1076486,2.6510000228881836
6325,0.32075,NGC 7808,AR,0.8838826,-10.7446888,0.029999999329447746
16724,138.568911,SDSS J023838.87+021322.2,Q,39.6619643,2.2228555,1.4989999532699585
6327,2.169129,UGC 4013,ARX,116.8701667,60.9339723,0.029999999329447746
6328,0.191469,NGC 2622,ARX,129.545568,24.8952893,0.02800000086426735
6328,16.465115,J083811.01+245359.3,X,129.5458889,24.8998056,
6328,177.375548,SDSS J083814.83+245053.5,qX,129.5618027,24.8482158,2.299999952316284
6329,111.971247,WISEA J094732.68+725912.2,qR,146.8861864,72.9867305,0.8999999761581421
6330,71.25624,SDSS J123347.89+301542.0,Q,188.4495726,30.2616737,1.6480000019073486
6330,105.77751,SDSS J123349.49+301822.5,Q,188.4562431,30.3062757,1.8179999589920044
6330,169.305715,SDSS J123403.28+301534.8,Q,188.5136744,30.2596931,2.8989999294281006
6331,161.616706,WISEA J154843.85+214932.8,q,237.1827393,21.8256836,0.4000000059604645
16732,147.102605,WISEA J150102.99+112908.5,q,225.2625413,11.4856893,1.2999999523162842
16735,175.661087,WISEA J213948.57-223207.6,q,324.9523591,-22.5354462,1.2000000476837158
16737,0.500662,CGCG 414-1,AR,35.05723,8.2053432,0.028999999165534973
16738,108.6635,WISEA J040530.36-702355.5,q,61.3763348,-70.3987752,1.100000023841858
6338,17.290329,SDSS J024918.84-081044.8,Q,42.328595,-8.1791056,2.0950000286102295
6338,57.810694,SDSS J024921.53-080957.0,QX,42.3396853,-8.16586,1.2829999923706055
6338,163.305269,SDSS J024922.76-081259.0,qX,42.3448598,-8.2163533,1.600000023841858
6344,133.354345,WISEA J135058.80-301917.2,q,207.7450147,-30.3214667,0.10000000149011612
16751,23.026421,WISEA J215916.12-692856.8,q,329.8171979,-69.4824666,1.0
6349,0.116636,NGC 6092,N,243.1955402,27.9873211,0.032999999821186066
6349,91.536756,SDSS J161253.41+275842.5,QR,243.2225666,27.978499,3.5439999103546143
6350,61.499436,SDSS J162148.46+375940.4,QX,245.451931,37.9945564,0.9340000152587891
6350,68.197292,SDSS J162146.73+380040.1,Q,245.4447444,38.011151,2.444999933242798
6354,125.30956,Q 0123-3511,QR,21.4462608,-34.8685953,0.3400000035762787
16760,88.11623,J060016.67-662212.5,X,90.0694723,-66.3701389,
6356,0.111875,MCG -1-25-049,AR,147.735322,-4.9977237,0.02199999988079071
16762,0.172837,UGC 5273,ARX,147.6381258,44.3143394,0.014999999664723873
6357,55.272509,WISEA J144753.38-301831.2,qRX,221.9723926,-30.3086823,0.6000000238418579
16766,58.036329,J124909.06-213458.0,R,192.2877801,-21.582802,0.30000001192092896
6363,106.959159,WISEA J084257.54-680654.9,q,130.7397821,-68.1152681,0.20000000298023224
16772,101.609628,SDSS J211140.90-012106.6,Q,317.9204206,-1.3518483,1.399999976158142
16772,152.436453,SDSS J211145.55-012451.3,Q,317.9397878,-1.4142506,2.0490000247955322
16773,113.963164,WISEA J234505.08-444858.2,q,356.2712061,-44.8161683,1.2999999523162842
16775,64.436177,SDSS J001849.80-102134.0,qX,4.7075136,-10.3594637,1.0
16775,80.169033,SDSS J001845.76-102209.9,qX,4.6906785,-10.3694246,1.7000000476837158
16775,117.620582,J001856.32-102402.5,X,4.7346945,-10.4006945,
6370,160.293618,WISEA J043949.51-764732.3,q,69.9563222,-76.7922959,1.399999976158142
16777,167.497675,WISEA J031157.62-025515.4,q,47.9901687,-2.9208525,1.2000000476837158
6371,123.950527,J074516.21+075423.6,R,116.3175663,7.9065642,1.100000023841858
6372,158.093734,WISEA J124647.14-400355.8,q,191.6962758,-40.0654914,1.899999976158142
6373,157.380745,SDSS J144945.51+472044.6,Q,222.4396599,47.3457351,0.6949999928474426
16783,130.32155,J103351.18-351753.9,X,158.4632778,-35.2983056,
6374,9.417837,J145241.68-244821.3,X,223.1736667,-24.8059167,
6374,46.198914,WISEA J145240.49-244742.5,q,223.1687189,-24.7951763,0.4000000059604645
16785,60.155089,SDSS J123414.94+474513.4,Q,188.5622898,47.7537232,1.4529999494552612
16785,124.353445,SDSS J123402.15+474555.4,QX,188.5089756,47.7654133,1.3079999685287476
16787,104.72454,SDSS J151634.30+410017.0,Q,229.142937,41.004724,1.5199999809265137
16787,144.655697,SDSS J151634.00+410403.5,Q,229.1416616,41.0675992,1.1169999837875366
16787,158.149343,SDSS J151624.88+410127.7,Q,229.1036789,41.024349,0.9169999957084656
6379,0.056124,ESO 533-50,N,338.7075962,-25.6769406,0.026000000536441803
16790,159.225863,SDSS J232231.08+033115.8,Q,350.6295382,3.5210779,1.4249999523162842
6381,113.992251,SDSS J090552.37+184610.1,Q,136.4682227,18.7694936,2.4709999561309814
6383,140.822466,SDSS J161533.24+192455.3,qX,243.8885253,19.4153757,0.5
16794,165.951156,WISEA J022112.63-204924.1,q,35.302649,-20.8233698,1.899999976158142
16798,53.291573,J140652.83-265629.3,X,211.7201493,-26.9414815,2.4000000953674316
16798,165.474115,J140644.03-265709.0,X,211.6834732,-26.952527,
16799,93.908441,SDSS J170508.81+415019.1,Q,256.2867151,41.838666,2.5299999713897705
16799,175.946617,SDSS J170524.96+415205.9,Q,256.3540064,41.8682934,1.8980000019073486
16800,79.250671,WISEA J192720.16+544946.6,q,291.834035,54.8296291,2.0999999046325684
16800,125.447946,WISEA J192708.74+544904.0,q,291.7864273,54.8178022,1.2000000476837158
16801,54.055202,SDSS J232027.87+013428.2,Q,350.1161453,1.574523,1.8700000047683716
16801,162.941759,SDSS J232022.38+013107.6,Q,350.093254,1.5188048,1.430999994277954
6391,142.87704,WISEA J151713.87-221541.5,q,229.3077752,-22.261514,2.799999952316284
6395,160.005922,SDSS J001732.23-065206.1,Q,4.3842974,-6.8683854,0.6200000047683716
16806,18.852517,SDSS J030011.25+042626.4,A,45.046904,4.4406718,0.5130000114440918
16806,179.589636,WISEA J030000.36+042613.2,q,45.0015186,4.4370046,1.899999976158142
6396,80.55102,J015237.12+360856.7,X,28.1546918,36.1490927,1.5
6396,117.530029,J015247.18+360801.1,X,28.1965902,36.1336541,0.20000000298023224
6396,160.187846,J015231.70+360513.7,X,28.1321005,36.0871391,2.0
16807,77.170418,LAMOSTJ034103.12+080357.5,Q,55.2630023,8.0660063,1.6749999523162842
16807,164.234071,WISEA J034054.23+080245.4,q,55.2260194,8.045983,1.5
6398,172.591673,WISEA J055022.14-063947.9,q,87.5922608,-6.66331,1.2999999523162842
16810,0.124725,CGCG 31-80,NR,124.8214946,3.7929671,0.029999999329447746
6400,127.811191,SDSS J171523.68+305536.0,Q,258.8486753,30.9266938,0.7990000247955322
6400,133.110804,SDSS J171535.67+305520.9,Q,258.8986496,30.9224718,0.47200000286102295
6400,165.062604,SDSS J171525.32+305624.3,Q,258.855533,30.9401135,0.718999981880188
16813,172.748692,WISEA J124721.80-183546.9,q,191.840892,-18.5963714,1.2999999523162842
16813,174.381977,HE 1244-1819,QR,191.7997705,-18.5999407,1.0410000085830688
16814,13.390682,SDSS J131940.27+301518.6,qX,199.9178082,30.2551757,1.100000023841858
16814,63.003214,SDSS J131940.48+301421.8,Q,199.9187082,30.2394057,1.1399999856948853
16814,101.413853,SDSS J131947.11+301529.7,Q,199.9462716,30.2582382,2.4100000858306885
16814,167.713119,SDSS J131940.53+301810.0,Q,199.9188849,30.3027438,2.9619998931884766
6405,94.451681,SDSS J024538.13-081212.5,Q,41.4088885,-8.2034657,3.059000015258789
6405,118.597405,SDSS J024533.53-081122.5,Q,41.3897488,-8.189549,2.703000068664551
6406,122.211044,2QZ J024841.2-313412,Q,42.1720325,-31.5701202,2.2170000076293945
16824,170.73668,WISEA J102827.31-042203.1,q,157.1137804,-4.3676211,2.0999999046325684
6414,116.299316,WISEA J112844.90+352518.3,q,172.1871007,35.4217492,0.30000001192092896
16828,132.343969,SDSS J120405.83+201345.0,QX,181.0243699,20.2292211,0.5979999899864197
6416,8.322157,J133039.12+180803.5,R,202.663,18.1343056,
6417,99.446277,SDSS J003223.48-050633.4,Q,8.0978426,-5.109306,0.8759999871253967
6418,48.50335,SDSS J003937.59+005110.0,NX,9.9066418,0.8528038,0.1940000057220459
6418,116.999635,SDSS J003927.13+005152.8,QX,9.8630465,0.8646771,2.380000114440918
6418,132.860422,SDSS J003941.44+005304.0,Q,9.9227473,0.8844832,3.515000104904175
16834,0.439655,CGCG 399-5,AX,305.7680071,9.5439958,0.024000000208616257
16837,170.614255,WISEA J044728.95-124351.9,q,71.8706549,-12.7311318,1.899999976158142
6423,69.155367,SDSS J105122.15+280748.0,Q,162.8423155,28.1300033,1.753999948501587
6423,132.404906,SDSS J105115.75+280527.1,AX,162.815645,28.0908531,0.4230000078678131
6424,157.611321,SDSS J122607.82+053019.8,Q,186.5326097,5.5055223,1.1890000104904175
16840,102.071591,WISEA J074950.50+612748.2,q,117.460439,61.4634137,0.20000000298023224
6425,0.364264,NGC 5100,NR,200.2482778,8.9782778,0.03200000151991844
6425,84.956614,SDSS J132105.08+085817.5,Q,200.2711858,8.9715293,2.437000036239624
6425,171.784696,SDSS J132056.19+090126.3,Q,200.2341427,9.0239872,2.306999921798706
16841,128.568978,WISEA J100001.76-343450.6,q,150.0075058,-34.5808318,0.4000000059604645
6426,164.751044,SDSS J163743.11+552424.4,Q,249.4296497,55.4067873,2.1570000648498535
16843,166.73663,SDSS J114950.07-032816.7,QR,177.4586493,-3.4713268,3.2200000286102295
6427,71.839963,J184725.12-631725.3,X,281.8547039,-63.2903621,
16844,153.220351,SDSS J120615.56+333405.4,Q,181.5648284,33.5682007,1.8650000095367432
16846,0.088392,MCG 7-34-105,NX,247.7642074,39.8384906,0.03099999949336052
16846,66.977984,SDSS J163100.26+395114.8,QX,247.7511217,39.8541377,1.097000002861023
16846,121.389571,SDSS J163106.29+395215.2,QX,247.7762315,39.8708975,1.225000023841858
16846,150.368732,J163057.79+394802.7,X,247.7407973,39.8007627,2.299999952316284
6430,0.21066,NGC 856,NR,33.4098274,-0.7173014,0.019999999552965164
6430,12.166197,J021338.94-004310.4,X,33.4122778,-0.7195556,
6430,81.025142,2SLAQ J021336.69-004145.0,K,33.4029121,-0.6958531,0.6940000057220459
6430,130.559748,SDSS J021347.00-004248.4,QX,33.4458357,-0.7134515,1.7330000400543213
6431,0.168858,MCG -2-07-024,ARX,37.5230103,-8.9981134,0.017000000923871994
6431,126.098578,WISEA J023005.10-085747.2,q,37.5212354,-8.963168,3.4000000953674316
16852,105.391177,J221156.26+000804.3,X,332.9844439,0.1345321,0.4000000059604645
16852,128.905817,SDSS J221149.60+000830.5,QX,332.9566999,0.1418127,1.9819999933242798
6434,54.680105,SDSS J110609.04+042056.9,Q,166.5377125,4.3491476,2.367000102996826
16853,175.935479,SDSS J232309.70+291537.8,Q,350.7904207,29.2605073,1.0529999732971191
16854,134.725467,SDSS J233932.17+250356.7,Q,354.8840532,25.0657525,0.9100000262260437
16854,169.551719,SDSS J233926.04+250513.8,Q,354.8585098,25.0871932,2.309000015258789
6437,99.507769,SDSS J130221.47+325155.4,Q,195.5894354,32.8654161,2.506999969482422
6437,163.045362,SDSS J130209.29+325523.8,Q,195.5387186,32.9233012,2.2860000133514404
16855,0.070073,IC 237,N,38.3815281,1.1398923,0.020999999716877937
16855,29.234836,SDSS J023331.85+010754.6,QR,38.3826934,1.1318744,1.2029999494552612
16855,93.314402,SDSS J023326.43+010916.5,Q,38.3601483,1.1545836,0.9490000009536743
16855,121.733115,SDSS J023339.24+010744.3,Q,38.4135324,1.1289992,1.5180000066757202
16855,147.528112,SDSS J023338.17+011012.9,Q,38.4090525,1.1702684,2.2750000953674316
6438,137.623237,SDSS J141646.71+105514.8,qX,214.1946426,10.9207914,
6438,145.012515,SDSS J141651.58+105423.8,qX,214.21492,10.9066248,0.4000000059604645
6439,0.043306,PGC 89171,ARX,317.2915408,-9.6707656,0.027000000700354576
16858,172.749859,J060358.94-202840.2,X,90.9955883,-20.4778404,0.30000001192092896
6446,53.763358,SDSS J073404.96+230624.6,Q,113.5205314,23.1067589,1.8370000123977661
16866,93.143884,J130046.71+275513.2,X,195.1946389,27.9203334,
16866,108.203802,J130043.14+275704.3,X,195.1797778,27.9511945,
16866,108.865151,J130046.80+275621.8,X,195.195,27.9393889,
16866,137.037951,J130035.08+275323.6,X,195.1461945,27.8898889,
6449,122.629831,WISEA J125039.22-415508.8,q,192.66351,-41.9192719,0.699999988079071
16868,58.147798,WISEA J132239.78-130313.8,qR,200.6656779,-13.0538707,0.30000001192092896
16869,96.193029,SDSS J141410.09+103534.1,Q,213.542087,10.5928081,3.1549999713897705
6453,0.327735,MCG -2-58-011,NR,344.212,-8.9675305,0.01600000075995922
16871,125.006422,SDSS J150427.95+171701.3,Q,226.1165062,17.2837043,2.6070001125335693
16871,157.185169,WISEA J150442.61+171904.1,q,226.1775617,17.3178019,1.399999976158142
16871,167.931118,SDSS J150424.59+172108.5,Q,226.1024431,17.3523725,2.5320000648498535
16872,116.688027,SDSS J163711.63+210322.0,Q,249.2984837,21.0561347,2.0889999866485596
16873,35.234239,SDSS J222414.73+052206.2,Q,336.0614019,5.3684309,1.5770000219345093
6456,98.864159,Q 0038-3838,AX,10.1667116,-38.3614534,0.13500000536441803
16874,155.231664,WISEA J225633.82-245736.5,q,344.1409279,-24.9601603,0.30000001192092896
6457,74.515112,SDSS J014914.62+125212.2,QX,27.3109185,12.8700856,3.0409998893737793
6457,81.580965,SDSS J014916.55+125033.3,QX,27.3189946,12.8425817,2.055999994277954
6457,116.170777,J014906.40+125239.2,X,27.2766947,12.8775597,0.10000000149011612
6457,125.397137,SDSS J014903.11+125057.9,Q,27.2630024,12.8494313,1.7899999618530273
16879,126.34092,SDSS J073930.59+455530.9,Q,114.8774657,45.9252566,1.7339999675750732
6461,173.016737,SDSS J161252.80+330057.8,Q,243.2200178,33.0160575,1.6690000295639038
6462,0.196776,UGC 12348,NRX,346.3284738,0.1894927,0.029999999329447746
6462,161.421268,SDSS J230508.87+001020.6,QX,346.2869631,0.1723992,2.315999984741211
16884,140.473783,CGCG 190-46,A,206.1543238,37.1716482,0.027000000700354576
16884,147.601709,SDSS J134448.37+370719.4,Q,206.2015482,37.1220618,2.8519999980926514
6466,79.86205,SDSS J074824.84+341922.4,Q,117.1035311,34.3229132,1.246999979019165
16887,131.959675,SDSS J162534.56+552038.9,Q,246.3939963,55.3441308,0.8169999718666077
16888,74.651263,WISEA J183952.02-625835.0,q,279.9667569,-62.9763971,0.699999988079071
6470,169.857256,Q 0046-3828,Q,12.1297875,-38.201072,0.44200000166893005
16891,60.264248,J030601.44-390145.8,X,46.5060336,-39.0293908,
6473,48.024938,SDSS J073458.10+311557.3,Q,113.7420932,31.2659011,1.1749999523162842
6473,143.357192,WISEA J073505.39+311746.9,q,113.7724271,31.2963821,0.8999999761581421
16893,35.588519,J042715.88-120634.3,X,66.8161825,-12.1095526,
16893,78.614739,J042723.11-120659.8,RX,66.8463297,-12.1166172,0.20000000298023224
16893,83.770102,J042722.98-120622.9,X,66.8457642,-12.1063731,0.20000000298023224
16893,107.697285,J042723.06-120811.5,X,66.8460834,-12.1365278,
6475,12.842438,J144630.94+011640.9,X,221.6289445,1.2780278,
6475,178.217759,J144643.11+011617.2,X,221.6796412,1.2714632,0.10000000149011612
16896,117.486705,SDSS J092848.46+123735.5,Q,142.2019477,12.6265378,2.996999979019165
6479,0.064918,MCG -1-54-008,NR,319.2791422,-6.7244221,0.028999999165534973
6479,56.020503,SDSS J211709.30-064411.9,Q,319.2888104,-6.7366842,1.840000033378601
6479,162.739202,FBQS J21170-0640,KR,319.2750304,-6.6794193,0.1850000023841858
6479,165.790677,SDSS J211657.33-064205.7,Q,319.2388821,-6.7015856,1.305999994277954
6483,0.065862,MCG -04.24.017,ARX,151.4807428,-23.056926,0.012000000104308128
6484,98.340896,SDSS J112235.97+241549.7,QX,170.649897,24.2638046,2.7920000553131104
6484,162.651613,J112218.41+241613.8,X,170.5767223,24.2705,
6484,169.755792,SDSS J112228.14+241358.2,QX,170.617271,24.2328387,2.7929999828338623
16908,162.044911,SDSS J115143.00+273736.2,QR,177.9291468,27.6267477,1.097000002861023
6488,132.793126,WISEA J070723.77+444928.0,q,106.8490662,44.8245164,0.20000000298023224
16913,107.853561,WISEA J215605.78-334022.5,q,329.0240839,-33.6729605,1.100000023841858
16914,149.154199,J225814.73-034531.1,R,344.5613889,-3.7586389,
6493,0.147125,MCG 11-14-003B,NRX,166.8051744,65.1018308,0.032999999821186066
6493,135.125425,3HSPJ110651.9+650604,BRX,166.7160278,65.1015278,0.699999988079071
6494,0.399996,NGC 4734,NR,192.8037259,4.8590214,0.02500000037252903
16916,106.358599,J233828.70+270818.7,X,354.6196112,27.1385278,
16916,108.955777,J233824.24+271116.7,X,354.6010278,27.1879723,
16917,171.181902,SDSS J012158.79+181407.9,Q,20.4949867,18.2355401,1.6510000228881836
6496,43.737675,SDSS J234347.39+281949.0,Q,355.947477,28.3302969,1.4709999561309814
6496,148.173616,SDSS J234345.34+282238.1,Q,355.9389626,28.3772814,1.284999966621399
16919,157.914023,WISEA J024349.22+052501.7,q,40.9550942,5.4171513,1.7000000476837158
6498,102.243704,WISEA J032251.21-015357.3,q,50.7134818,-1.8992799,2.5
16921,134.188424,WISEA J051932.85+034236.7,q,79.8869488,3.7104012,1.2999999523162842
6499,157.33035,WISEA J103438.37-271428.1,q,158.6598981,-27.2411615,1.0
16924,178.545557,SDSS J104834.31+183925.6,Q,162.1429908,18.6571531,1.7699999809265137
16925,171.419476,J125344.49-091244.6,X,193.4353896,-9.2123898,1.2000000476837158
6501,0.257634,NGC 3860,NRX,176.2048708,19.7950397,0.01899999938905239
6501,25.959574,J114447.37+194737.6,X,176.1973889,19.7937778,
6501,72.579942,J114445.24+194828.7,X,176.1885278,19.8079723,
6501,133.753867,J114457.80+194837.8,X,176.2408334,19.8105,
6501,160.752953,J114437.81+194751.0,X,176.1575556,19.7975,
16926,152.762256,SDSS J133842.10+260716.8,QX,204.6754461,26.1213517,0.6439999938011169
16927,151.603682,SDSS J141904.94+070141.6,Q,214.7705985,7.0282401,2.815000057220459
16928,112.648985,WISEA J153427.13+142650.1,q,233.6130759,14.4472328,1.2999999523162842
16929,52.586455,SDSS J170029.13+411148.9,Q,255.1213863,41.1969348,1.4470000267028809
16929,178.301677,SDSS J170017.79+410904.4,Q,255.0741258,41.1512302,2.5840001106262207
6507,155.92386,WISEA J052554.70-781958.8,q,81.4776399,-78.333057,1.2999999523162842
6508,114.364447,WISEA J072058.23+231724.8,q,110.2426505,23.2902258,0.8999999761581421
6509,0.446148,NGC 3649,AR,170.5614167,20.2084167,0.014000000432133675
16937,86.65316,SDSS J100650.47+312720.5,Q,151.7103292,31.4556984,3.747999906539917
16937,163.802285,SDSS J100638.03+313032.9,Q,151.6584957,31.5091652,1.0800000429153442
6511,157.216917,SDSS J220305.83+003453.8,Q,330.7742847,0.5816285,1.8940000534057617
16938,90.251286,LCRS B101636.4-052209,AX,154.7804814,-5.6203294,0.07599999755620956
16938,150.777807,J101905.26-053607.2,R,154.7719167,-5.602,
6512,39.504432,J223216.00+114219.1,X,338.0666667,11.7053056,
16939,144.233009,SDSS J102905.11+221021.8,Q,157.2713221,22.1727444,1.725000023841858
6513,120.48154,SDSS J230402.36+300757.3,Q,346.0098543,30.1326007,1.024999976158142
16941,36.050889,J125029.04-105151.6,X,192.6210278,-10.8643334,
16941,174.967551,WISEA J125018.41-105009.5,qX,192.5767479,-10.8360049,1.100000023841858
6515,115.727133,SDSS J235042.50+285925.5,Q,357.677099,28.990451,1.3580000400543213
6515,133.72405,SDSS J235038.22+285752.3,Q,357.6592545,28.9645474,2.2850000858306885
6516,0.137734,UGC 1032,ARX,21.8855082,19.1788437,0.017000000923871994
6516,104.013834,SDSS J012738.85+190950.9,Q,21.9118888,19.1641434,2.450000047683716
6517,140.510669,SDSS J020311.15+023502.3,Q,30.7964798,2.5840144,1.4889999628067017
6517,177.313063,SDSS J020306.45+023947.4,Q,30.7768815,2.6632272,2.3239998817443848
16946,38.382358,SDSS J233312.56-011708.6,Q,353.3023563,-1.2857312,1.628999948501587
16946,95.042124,SDSS J233305.01-011818.8,Q,353.270887,-1.305246,1.475000023841858
16946,144.242448,SDSS J233301.70-011632.5,Q,353.2571133,-1.2757125,1.3170000314712524
16946,165.484011,SDSS J233312.54-011448.7,Q,353.3022828,-1.2468345,0.38999998569488525
16946,172.295495,WISEA J233307.39-012017.0,q,353.2808285,-1.3380891,0.10000000149011612
6519,116.42957,WISEA J024748.46-260408.4,q,41.9519108,-26.069003,1.0
16947,123.807755,SDSS J233848.97+271051.2,QX,354.7040535,27.1809125,0.48399999737739563
16949,49.223697,J013320.48-362646.6,X,23.3353623,-36.4463007,
16949,162.284766,J013316.87-362342.6,X,23.3203249,-36.3951712,
16950,170.896961,SDSS J021153.92+291605.2,Q,32.9746676,29.2681367,0.9660000205039978
6522,65.50312,J103109.10+284649.2,X,157.7879445,28.7803334,
6522,130.256064,SDSS J103058.64+284632.3,QX,157.7443778,28.7756522,1.5140000581741333
16961,0.274262,UGC 6220,NR,167.7493203,29.3365141,0.028999999165534973
6531,153.632798,WISEA J015354.81-781234.0,q,28.4779007,-78.209522,0.6000000238418579
6531,164.106759,WISEA J015351.46-781211.3,q,28.4645331,-78.2031532,0.4000000059604645
16962,0.177942,MCG 8-23-083,NR,191.0358503,48.6444531,0.01600000075995922
16962,137.932072,SDSS J124405.06+484053.5,Q,191.0211062,48.6815384,1.378999948501587
16962,148.214625,SDSS J124420.15+484013.9,Q,191.0839833,48.6705693,2.1700000762939453
16963,167.362161,SDSS J132305.56+524126.2,QR,200.7732025,52.6906006,0.5299999713897705
6534,148.513579,WISEA J124336.67-204811.4,q,190.9028123,-20.8031973,1.100000023841858
6535,153.550809,SDSS J130936.52+533209.8,QX,197.4021602,53.5360474,2.8919999599456787
6535,167.353903,SDSS J130938.58+532658.7,Q,197.4107593,53.4496539,1.7389999628067017
16966,179.976769,SDSS J231446.36+063319.6,Q,348.6931633,6.5554582,2.4179999828338623
6539,75.240398,SDSS J001037.14+290035.0,Q,2.6547897,29.0097329,2.0329999923706055
6539,101.53481,J001031.68+290127.0,X,2.6320278,29.0241667,
6539,157.462411,SDSS J001024.18+285756.4,QX,2.6007563,28.9656904,1.6139999628067017
16972,43.258828,SDSS J091458.56+400144.9,Q,138.7440396,40.0291647,1.8300000429153442
6540,110.386902,SDSS J020211.65-024900.9,Q,30.5485425,-2.8169337,0.4740000069141388
16974,155.268569,SDSS J121915.43+210954.4,A,184.8143159,21.1651114,0.23600000143051147
16975,89.260872,J125939.08+275932.4,X,194.9128334,27.9923334,
16975,162.279188,J125944.60+275943.3,X,194.9358334,27.9953612,
16975,173.743397,J125944.38+275740.3,X,194.9349445,27.9611945,
16979,153.102686,WISEA J202006.61-145712.1,q,305.027508,-14.9533459,1.899999976158142
16982,0.175773,NGC 7589,AX,349.565328,0.2611851,0.029999999329447746
16982,80.480916,J231818.05+001652.6,R,349.5752223,0.2812778,
6548,154.930916,WISEA J133303.81+163617.3,q,203.2658599,16.6048105,1.0
16986,0.111242,IC 632,N,159.7991343,-0.4094806,0.01899999938905239
16986,148.239023,2QZ J103921.2-002514,QX,159.8388095,-0.4204594,2.066999912261963
6552,100.880316,SDSS J032040.77-010127.8,Q2X,50.1699032,-1.024396,1.1859999895095825
6552,110.325969,SDSS J032047.16-010428.0,qX,50.196516,-1.0744577,1.899999976158142
6552,147.612,SDSS J032055.25-010244.0,qX,50.2302309,-1.0455611,2.200000047683716
6552,151.693073,J032047.17-010011.5,X,50.1965556,-1.0031945,
16989,169.5363,SDSS J111342.08+275413.4,Q,168.4253672,27.9037254,0.7689999938011169
16992,171.10846,SDSS J153128.11+402836.7,Q,232.8671401,40.4768687,3.005000114440918
6558,31.648868,SDSS J161743.01+350005.4,QX,244.4292186,35.0014819,1.3320000171661377
6558,87.416301,J161746.88+345935.2,X,244.4453676,34.9931116,1.7999999523162842
6558,151.29592,J161731.12+350152.5,X,244.3796945,35.03125,
6558,152.062203,J161752.81+350037.6,X,244.4700556,35.0104445,
6558,164.188839,J161742.44+345732.8,X,244.4268334,34.9591112,
16997,127.072812,WISEA J205816.17+174801.1,q,314.5674092,17.8003311,2.5
6560,63.958595,J004723.25+274924.8,R,11.8469129,27.8235652,
6560,151.536912,SDSS J004728.16+274817.4,Q,11.8673491,27.8048419,2.624000072479248
16998,115.494376,SDSS J213614.29+075600.1,Q,324.0595808,7.9333998,2.2160000801086426
16999,51.67009,2SLAQ J021109.46-003855.9,Q,32.7894361,-0.6488671,1.437000036239624
16999,101.3782,SDSS J021108.56-003743.2,Q,32.7857026,-0.6286907,2.109999895095825
6563,0.103852,IC 521,A,131.6831727,2.5374194,0.02800000086426735
17006,145.792265,WISEA J141143.93+084703.6,q,212.9329987,8.7841911,3.0
17007,135.285176,WISEA J145356.65+791723.6,qR,223.4860597,79.2899085,0.5
17009,116.834151,SDSS J161606.83+602356.6,Q,244.0284983,60.3990736,2.132999897003174
17011,73.957961,WISEA J174337.83+564839.4,q,265.9077185,56.8109667,1.100000023841858
17014,132.30337,WISEA J225346.46+322032.8,q,343.4435594,32.342508,1.2999999523162842
17014,166.711038,SDSS J225357.88+322402.5,Q,343.4911931,32.4007157,2.7019999027252197
17015,78.971494,WISEA J001930.96-040433.5,q,4.8790762,-4.0759589,0.6000000238418579
17015,126.770862,SDSS J001932.64-040342.1,Q,4.8860133,-4.0617206,1.406000018119812
17016,117.399569,WISEA J011358.49+380615.7,q,18.4937192,38.1043994,0.30000001192092896
17016,126.794074,WISEA J011408.99+380517.2,q,18.5374793,38.088148,1.2999999523162842
17019,166.297363,WISEA J032535.54+015411.5,q,51.3981034,1.9032067,0.5
6579,121.767203,SDSS J000110.29+343059.2,Q,0.2928921,34.5164598,0.6359999775886536
17020,138.603835,SDSS J033152.13+004334.8,Q,52.9672485,0.7263406,1.1729999780654907
6580,69.995295,NGC 622 UB1,Q,23.982851,0.6713381,0.906000018119812
6580,74.207852,NGC 622 BSO1,Q,23.9810954,0.6567763,1.468000054359436
6580,113.025869,SDSS J013605.83+003834.1,Q,24.0243067,0.6428226,2.88700008392334
6580,161.160241,SDSS J013550.46+004058.1,Q,23.9602687,0.682833,0.8870000243186951
6580,166.129358,SDSS J013610.54+004046.0,Q,24.0438835,0.6794578,2.4019999504089355
6581,111.863939,WISEA J044022.01-443939.9,q,70.091701,-44.6611143,0.4000000059604645
17023,99.649603,WISEA J091803.62+132649.0,q,139.5151103,13.4469493,0.20000000298023224
6583,0.205177,MCG -2-14-009,AX,79.0884119,-10.5615046,0.02800000086426735
6583,80.003321,WISEA J051622.21-103500.1,qR,79.0925452,-10.583369,0.699999988079071
6583,115.3498,J051615.32-103457.6,X,79.063865,-10.582669,
6583,174.740152,J051631.30-103512.8,X,79.1304523,-10.5869058,1.5
17025,87.59686,SDSS J100340.87+592635.6,Q,150.9203058,59.4432295,1.597000002861023
17025,142.729936,SDSS J100407.66+592453.8,Q,151.0319385,59.41495,1.9739999771118164
17026,28.71236,WISEA J124225.42-060032.0,q,190.6059333,-6.0089114,1.7999999523162842
17027,44.909081,WISEA J133300.79+173553.8,q,203.2533932,17.5984706,1.100000023841858
17027,119.567915,WISEA J133302.44+173352.1,q,203.260256,17.5643972,0.5
17027,139.787354,SDSS J133254.16+173545.3,QR,203.2256819,17.5959425,1.0
17028,117.155434,2SLAQ J140319.37-003104.6,Q,210.8307194,-0.5179571,1.465999960899353
6588,12.968665,J135209.21-103704.2,R,208.0383889,-10.6178334,
17033,158.11888,SDSS J224412.63+304519.2,Q,341.0526476,30.7553638,2.7209999561309814
6590,145.161043,J182241.25-562724.6,R,275.6719099,-56.4568379,
6590,172.911353,J182308.50-562707.4,X,275.7854174,-56.4520782,
6592,124.444986,WISEA J210149.93-134909.7,q,315.4580413,-13.8193577,1.899999976158142
6593,79.80532,SDSS J233505.44+045723.4,Q,353.7726818,4.9565058,3.628000020980835
17038,158.304327,SDSS J084704.96+281135.3,qR,131.7706808,28.1931467,1.5
17039,137.550945,PGC 213599,N,141.2029303,49.3982711,0.027000000700354576
6596,147.901354,WISEA J030715.64+042550.6,q,46.8151994,4.4307565,0.699999988079071
17040,57.491024,WISEA J093202.34-084313.6,q,143.0098007,-8.7203862,2.0
6597,177.682151,WISEA J125333.42-263640.9,q,193.3892618,-26.6113723,0.800000011920929
17042,0.259847,NPM 1G+34.0231,AR,176.9170015,33.7890247,0.03099999949336052
6600,144.707639,WISEA J194840.69-103544.5,qX,297.169567,-10.5957287,0.8999999761581421
17043,64.556558,SDSS J144042.93+383730.9,Q,220.1789105,38.625257,1.6469999551773071
17044,114.44956,WISEA J173310.49+683440.6,q,263.2937458,68.5779529,0.20000000298023224
6604,42.05897,SDSS J020201.44+210511.2,Q,30.5060969,21.0864989,2.3989999294281006
6604,103.294543,SDSS J020204.66+210428.4,N,30.519477,21.0745587,0.1599999964237213
6606,149.005556,SDSS J074922.13+215224.2,Q,117.3422363,21.8734122,1.5759999752044678
17051,169.720955,SDSS J115744.95+221754.9,Q,179.4373358,22.2985596,4.671000003814697
17052,151.240332,J142009.23-042443.5,X,215.0384698,-4.4121047,0.8999999761581421
17053,124.715138,SDSS J232704.10+290852.4,Q,351.7671121,29.1479129,1.0870000123977661
17057,176.483442,WISEA J063638.94-680016.9,q,99.1623415,-68.0047248,1.2000000476837158
6614,91.467078,SDSS J153632.01+432953.5,Q,234.1333799,43.4981927,2.138000011444092
17059,138.61682,RXS J07570+5832,QX,119.2705423,58.5445104,0.1679999977350235
17059,147.302725,WISEA J075737.65+583127.4,q,119.4069049,58.5242723,1.5
17060,0.387059,NGC 2791,NR,138.7584097,17.592285,0.02800000086426735
17060,163.813524,SDSS J091502.92+173248.8,Q,138.7621692,17.546906,2.322000026702881
17062,152.057159,SDSS J111255.28+272906.0,Q,168.2303411,27.4850052,2.2109999656677246
6618,150.972226,LAMOSTJ220123.63-034755.1,AR2X,330.3484318,-3.7986355,0.4090000092983246
6618,153.73935,WISEA J220116.85-034327.5,q,330.320217,-3.7243111,1.600000023841858
6618,169.305864,J220122.92-034813.1,R,330.3455101,-3.8036578,2.5
17065,0.312882,IC 1078,N,224.1208879,9.3545256,0.028999999165534973
17066,36.324086,J162913.88+392343.9,X,247.3078334,39.3955278,
17066,125.141204,J162920.98+392209.9,X,247.3374445,39.3694167,
17066,168.79466,SDSS J162930.78+392331.0,QX,247.3782869,39.3919257,2.2929999828338623
17066,177.426779,J162901.70+392448.9,X,247.2570834,39.4135834,
17069,40.306456,WISEA J184316.50-631309.7,q,280.818723,-63.2193859,1.399999976158142
6622,51.903979,SDSS J093850.01+483511.0,Q,144.7084271,48.5863809,1.9140000343322754
6624,109.646689,SDSS J143715.83+382526.4,Q,219.3160183,38.4240162,3.061000108718872
6624,124.494789,SDSS J143716.80+382917.1,Q,219.3200262,38.4881,1.1119999885559082
17074,143.493581,SDSS J232015.29+262453.6,Q,350.06373,26.414924,2.194000005722046
6627,122.995942,J015454.98-554012.4,X,28.7290834,-55.6701112,
6629,135.413491,WISEA J040433.60-475807.4,q,61.1399461,-47.9687179,1.7000000476837158
6630,0.128262,Zw 308.017,AR,94.1753103,66.506732,0.014000000432133675
17080,89.469592,SDSS J100354.12+142449.9,Q,150.9755187,14.413879,2.255000114440918
6631,130.499215,SDSS J110321.78+032143.7,N,165.84076,3.3621616,0.49799999594688416
17081,129.758354,SDSS J112851.66+385241.7,Q,172.2152728,38.8783227,2.8459999561309814
17082,79.311201,SDSS J113038.38+512807.5,Q,172.6599013,51.468754,1.7369999885559082
17082,154.900276,SDSS J113020.37+512916.3,Q,172.5849068,51.4878781,1.2730000019073486
6633,117.663165,WISEA J125436.39+131443.2,q,193.6516367,13.2453488,1.2000000476837158
6634,130.370824,SDSS J140058.11+391053.5,QR,210.2421468,39.181515,1.6089999675750732
6637,96.568603,WISEA J025459.57-153852.0,q,43.7482238,-15.6477921,0.10000000149011612
17088,47.020293,J012554.58-011906.8,X,21.4774167,-1.3185556,
17088,71.953301,J012555.16-011950.6,X,21.4798612,-1.3307223,
17088,131.126153,J012550.79-011654.4,X,21.4616389,-1.2817778,
17088,158.356022,J012543.87-011714.8,X,21.4328056,-1.2874445,
17088,173.457771,SDSS J012540.16-011943.7,QX,21.4173715,-1.328816,1.5800000429153442
17088,177.227004,J012549.02-011611.6,X,21.4542659,-1.2699157,0.5
17091,144.330938,NGC 3831,NRX,175.8275039,-12.878424,0.017999999225139618
6645,0.126377,NGC 3517,N,166.4033672,56.5249143,0.027000000700354576
6645,70.373743,SDSS J110540.97+563028.2,Q,166.420727,56.5078592,1.4759999513626099
6645,70.705589,SDSS J110540.17+563024.7,A,166.4173902,56.5068527,0.16300000250339508
6645,157.145879,SDSS J110553.87+563020.5,Q,166.474463,56.5056946,1.2710000276565552
17098,84.130428,J231558.24+423219.3,R,348.9926908,42.5387206,0.5
6646,164.266179,SDSS J113322.87+242902.0,Q,173.3452854,24.483899,1.6130000352859497
17100,69.206102,J232835.01+171510.5,R,352.1459131,17.2529443,0.699999988079071
6648,178.763679,SDSS J143032.54+291234.7,Q,217.6355921,29.2096514,2.4630000591278076
6651,174.412351,SDSS J011456.90+315400.3,Q,18.7371162,31.9000962,1.3489999771118164
6652,0.058521,IC 2211,ARX,119.44025,32.5581161,0.017999999225139618
6652,170.305064,J075751.14+323053.7,X,119.4631227,32.5149276,0.30000001192092896
17108,106.394981,SDSS J102148.40+235308.5,Q,155.45167,23.8856737,2.440000057220459
17108,166.458568,SDSS J102141.22+235237.5,qX,155.4217649,23.8770604,1.7999999523162842
17109,0.017246,IRAS 11215-2806,NR,171.0113753,-28.3876389,0.014000000432133675
6653,1.137705,NGC 2623,NRX,129.6000302,25.7545421,0.017999999225139618
17110,0.176996,ESO 383-18,NRX,203.3587547,-34.0148247,0.013000000268220901
6656,172.984793,WISEA J200336.56-294934.0,q,300.9023461,-29.8260414,2.5
17113,17.422726,J001430.74-004410.9,X,3.6281112,-0.7363612,
17113,104.370136,SDSS J001432.30-004231.1,Q,3.6345897,-0.7086642,1.4889999628067017
17113,125.77908,SDSS J001439.15-004313.0,Q,3.663139,-0.7202854,1.4170000553131104
17113,168.0961,SDSS J001430.31-004128.8,Q,3.6262957,-0.6913604,0.890999972820282
17119,0.348963,IC 2444,NR,138.2119103,30.2122831,0.02199999988079071
17119,142.235538,SDSS J091246.44+301034.3,QX,138.1935034,30.1762238,0.8330000042915344
6662,59.429566,SDSS J115300.73+202856.0,Q,178.2530802,20.4822309,2.2750000953674316
17120,125.959842,SDSS J104152.76+211027.0,Q,160.469849,21.1742196,2.4809999465942383
17121,0.355958,MCG 9-20-136,ARX,184.0295723,50.8250181,0.03099999949336052
6665,161.842622,J200043.22-384258.9,R,300.1800853,-38.7163768,
6668,0.168599,IC 1495,NR,352.6989461,-13.485481,0.020999999716877937
6668,115.418,WISEA J233047.53-132712.4,q,352.6980404,-13.4534006,0.8999999761581421
6669,176.087797,WISEA J001900.23-082546.8,qR,4.7509895,-8.4296713,0.5
17129,0.097388,MCG -05.01.013,ARX,359.3668619,-30.4612521,0.032999999821186066
17129,97.193697,2QZ J235728.2-302603,Q,359.367575,-30.4342384,1.034000039100647
6673,0.441666,MARK 739E,AX,174.1224,21.596081,0.029999999329447746
6673,117.302447,J113626.09+213734.0,X,174.1087223,21.6261112,
6673,145.830505,SDSS J113621.34+213719.8,qX,174.0889579,21.6221702,2.0
6674,69.679373,SDSS J115746.16+573501.5,Q,179.4423795,57.5837531,2.2179999351501465
17134,133.392067,J110942.40+214952.2,X,167.4266945,21.8311667,
17134,160.942733,SDSS J110939.09+214758.4,Q,167.4128855,21.7995599,1.1399999856948853
6675,23.987173,MCG -3-34-049,AR,200.0255,-17.1186112,0.02199999988079071
6675,143.957536,WISEA J132009.75-170922.2,q,200.0406187,-17.1561881,1.2999999523162842
6676,167.984906,WISEA J165114.03-024755.8,q,252.8084914,-2.798849,0.5
17140,126.839095,SDSS J225022.28+113352.5,QX,342.5928634,11.5646019,3.2290000915527344
6682,80.639707,NGC 2686A,AR,133.7454403,49.1423411,0.052000001072883606
6682,151.520594,SDSS J085448.44+491158.6,Q,133.7017912,49.1996238,0.9539999961853027
6683,0.216541,NGC 5696,AR,219.2378139,41.8281038,0.017999999225139618
6683,117.226354,SDSS J143700.13+415133.1,Q,219.250566,41.8592045,1.972000002861023
6683,118.437318,SDSS J143707.65+414934.1,Q,219.2819262,41.8261415,2.8450000286102295
17144,119.336762,SDSS J014105.83-053207.4,Q,25.2743326,-5.5353929,2.124000072479248
6685,63.245937,SDSS J011254.26-002000.1,QX,18.2261154,-0.3333859,1.5080000162124634
6685,159.666541,SDSS J011247.66-001938.7,Q,18.1986019,-0.3274262,3.4179999828338623
17149,83.87183,WISEA J034940.92-554758.5,q,57.4207893,-55.7994476,1.100000023841858
6688,143.286686,SDSS J125002.49+331133.1,Q,192.510378,33.192532,1.8899999856948853
6692,0.188366,NGC 3951,NR,178.4218603,23.3822091,0.02199999988079071
6692,77.075884,SDSS J115344.41+232359.5,Q,178.4350277,23.3998453,2.071000099182129
17157,118.005443,SDSS J131135.78+461842.8,Q,197.8991236,46.3118991,1.6649999618530273
6695,108.877272,WISEA J161558.49+655654.5,q,243.9937387,65.9484911,0.30000001192092896
6696,0.653721,ESO 235-59,A,316.6404167,-49.2195,0.024000000208616257
17160,0.132744,MCG 12-15-013,AR,235.7310122,70.8281214,0.02500000037252903
17161,28.777997,WISEA J204214.45-053431.6,q,310.5602568,-5.5754745,1.0
6699,166.231838,SDSS J002457.49+312309.5,Q,6.2395481,31.3859973,1.5149999856948853
6700,160.208001,SDSS J083325.33+410432.3,Q,128.355549,41.0756484,0.875
17166,96.238855,WISEA J215206.99-722741.3,q,328.0291354,-72.4614793,1.2999999523162842
6701,10.588059,J090944.65+071017.7,X,137.4360556,7.1715834,
6701,114.279715,NGC 2775 U1,QX,137.4635804,7.1859343,1.4450000524520874
6701,144.694811,SDSS J090951.49+071200.5,Q,137.464573,7.200156,0.9190000295639038
6701,171.135056,WISEA J090939.58+071302.4,q,137.4149545,7.2173436,0.10000000149011612
6703,0.126141,IC 941,A,207.1484832,24.0150485,0.023000000044703484
6703,74.671132,SDSS J134831.46+240006.3,Q,207.1310924,24.001762,1.746999979019165
6703,177.925761,SDSS J134838.40+235800.4,Q,207.1599883,23.9667835,3.2109999656677246
17169,61.42988,SDSS J004251.17-035016.3,Q,10.7132152,-3.8378883,1.2200000286102295
6704,145.831146,SDSS J142837.71+031333.2,QR,217.1571301,3.2259008,0.824999988079071
17170,150.114408,WISEA J021007.51-221701.9,q,32.531276,-22.2837727,1.399999976158142
17173,59.359341,SDSS J105636.98+095555.9,Q,164.1541135,9.9322154,1.1059999465942383
17174,99.892034,SDSS J110836.81+450640.9,Q,167.1534051,45.1113819,1.2400000095367432
17174,125.954122,SDSS J110818.42+450816.1,Q,167.0767671,45.137806,2.450000047683716
17174,157.387897,SDSS J110835.95+450526.3,QX,167.1498215,45.0906709,1.2450000047683716
17175,44.699777,WISEA J111835.83-020726.3,q,169.6493026,-2.1239972,0.5
17175,179.072511,SDSS J111823.25-020601.4,Q,169.596875,-2.1004285,3.1619999408721924
6711,76.180199,WISEA J151302.55+031021.8,q,228.2607443,3.1728283,1.0
6711,142.778639,SDSS J151257.18+031136.3,A,228.2382887,3.1934427,0.22200000286102295
17176,84.762785,J114511.15-014422.8,X,176.2964723,-1.7396667,
17176,86.798386,J114508.33-014421.7,X,176.2847385,-1.7393749,0.20000000298023224
17176,91.099424,2QZ J114504.5-014501,QX,176.2691913,-1.7500675,0.6079999804496765
17176,91.301872,SDSS J114503.79-014546.5,qX,176.2658085,-1.7629393,1.2000000476837158
6712,73.190523,WISEA J165129.08-022649.4,q,252.8711639,-2.4470546,0.20000000298023224
6713,53.716916,J234732.27-280756.0,X,356.8844723,-28.1322223,
17181,65.488356,SDSS J163503.78+410014.7,Q,248.7657836,41.0040856,1.0160000324249268
6720,97.155374,WISEA J095748.26-215631.8,q,149.4511348,-21.9421944,0.20000000298023224
17188,129.89219,WISEA J040211.60-162558.3,q,60.5482821,-16.4329463,2.299999952316284
6725,67.04988,NGC 5934,NRX,232.0530804,42.9299121,0.01899999938905239
6725,78.167881,SDSS J152819.77+425528.0,QX,232.0823756,42.9244711,1.340999960899353
6726,71.654002,LAMOSTJ225533.66+124828.6,Q,343.8902789,12.8079419,1.253000020980835
17198,0.240757,MCG 6-31-049,N,210.5856152,32.4481415,0.014000000432133675
17198,131.731241,WISEA J140223.41+322900.1,q,210.5975623,32.4833719,2.0999999046325684
6731,20.353943,J120123.92+132424.0,X,180.3496667,13.4066667,
6731,75.9352,SDSS J120122.55+132518.1,QX,180.34397,13.421696,2.4790000915527344
6731,158.730737,J120127.96+132138.1,X,180.3665278,13.3605834,
6733,98.736037,WISEA J132129.85-174627.3,q,200.3744111,-17.7742725,0.699999988079071
6736,84.105747,WISEA J083320.67+742403.5,q,128.336177,74.4009446,1.5
17208,146.663459,SDSS J160117.74+355113.4,Q,240.3239528,35.8537383,0.5509999990463257
17210,131.363504,J162742.78+423618.5,X,246.92825,42.6051389,
17210,159.870397,J162751.55+423730.5,X,246.9648056,42.6251389,
6740,102.778868,WISEA J225545.76-703738.0,q,343.9406417,-70.6272349,1.0
6741,132.860552,SDSS J011657.28+130339.7,QR,19.238669,13.0610368,1.0290000438690186
6743,130.213875,SDSS J011503.83+332037.0,Q,18.7659956,33.3436146,2.4779999256134033
17215,0.185987,NGC 4791,N,193.6831121,8.0530932,0.00800000037997961
6744,83.277817,SDSS J015656.37+060328.0,Q,29.2349125,6.0578039,1.687999963760376
6744,155.770086,SDSS J015705.38+060012.6,Q,29.272458,6.0035131,1.4500000476837158
17216,145.852344,WISEA J130123.46+470254.5,q,195.3477761,47.0484802,1.600000023841858
6746,62.903513,SDSS J095735.22+451244.6,Q,149.3967509,45.2124036,1.1929999589920044
6747,130.062043,SDSS J131446.88+534703.4,Q,198.695336,53.7842824,0.7509999871253967
17223,165.896079,LAMOSTJ232022.64+073501.3,QR,350.0943263,7.5837221,2.1389999389648438
6750,0.328587,MCG -1-59-027,ARX,352.6346637,-2.4625402,0.03400000184774399
6750,179.329523,SDSS J233038.60-023017.8,qX,352.6608487,-2.5049285,1.2999999523162842
6751,163.847341,WISEA J040240.31+215457.3,q,60.6679874,21.9159291,1.2000000476837158
17224,104.899,WISEA J021710.26+241810.6,q,34.2927246,24.3029553,1.399999976158142
17227,162.519512,WISEA J042720.48-541351.3,q,66.8350757,-54.2307069,2.4000000953674316
17230,125.082454,SDSS J083808.49+395410.0,Q,129.5354069,39.9027938,1.6460000276565552
17230,136.765864,SDSS J083745.97+395336.8,Q,129.4415239,39.8935595,2.065000057220459
17231,171.621063,SDSS J084821.36+292752.5,Q,132.089029,29.4645911,1.152999997138977
17233,38.332724,J103603.33-272955.6,X,159.0138889,-27.4987778,
17233,129.061271,J103610.28-272850.7,X,159.0428334,-27.48075,
6759,120.561367,SDSS J114252.40+482351.0,Q,175.7183717,48.3975075,0.9760000109672546
17234,167.026311,SDSS J132458.71+263032.3,Q,201.2446557,26.5089809,2.246999979019165
17236,179.836822,WISEA J162714.95+112541.2,q,246.8122942,11.428125,0.30000001192092896
17238,93.553682,WISEA J195741.16-301220.2,qX,299.4217308,-30.2056543,0.10000000149011612
6764,66.904696,SDSS J014641.69+183456.7,A,26.6737109,18.5824155,0.49799999594688416
6764,116.339726,SDSS J014651.80+183549.5,Q,26.7158199,18.5971009,1.024999976158142
6764,177.570346,SDSS J014658.11+183508.7,Q,26.7421212,18.585728,1.093999981880188
17241,109.611431,WISEA J073043.58+863857.2,q,112.6816063,86.6492408,1.600000023841858
17242,113.058292,SDSS J082918.32+553259.0,Q,127.3263031,55.5497476,1.777999997138977
17242,138.209266,SDSS J082904.51+553110.2,Q,127.2688153,55.5195214,1.3890000581741333
17244,124.139053,SDSS J125904.05+360643.5,N,194.76691,36.112111,0.14800000190734863
17245,0.267554,MCG 4-39-017,NR,249.8783333,21.3169453,0.03099999949336052
6772,0.158263,UGC 9336,A,217.6258141,40.0178901,0.026000000536441803
17249,53.902978,WISEA J024116.55-623403.6,q,40.3189415,-62.5676301,1.899999976158142
17249,161.987132,WISEA J024124.17-623139.1,q,40.3508619,-62.5275571,0.800000011920929
17251,165.097933,WISEA J031101.89-130349.3,q,47.7578638,-13.0637725,0.8999999761581421
6775,81.05441,WISEA J052846.35-565719.3,q,82.1932487,-56.9554097,1.0
6777,163.675731,SDSS J105117.29+201228.2,Q,162.8220805,20.2078395,2.200000047683716
17254,118.85603,WISEA J083309.75+614648.6,q,128.290872,61.7801974,2.0
17254,153.181033,WISEA J083241.06+614642.3,q,128.1711058,61.7784191,0.30000001192092896
6778,135.878031,SDSS J133239.72+015112.6,qX,203.1655283,1.8535333,1.0
6778,150.254333,SDSS J133225.04+015254.9,Q,203.1043612,1.8819444,3.138000011444092
6779,0.274773,IC 5298,NRX,349.0028154,25.5566893,0.027000000700354576
6779,108.789509,J231604.42+253500.5,X,349.0184167,25.5834723,
17257,103.087884,J105253.45+104907.2,R,163.2227223,10.8186667,
17257,140.209838,J105300.17+105212.0,X,163.2507223,10.87,
17258,118.579037,PKS 1151-324,BR,178.5256877,-32.7119389,
17259,154.409844,J130157.26-155209.1,X,195.4886192,-15.8691962,
6782,95.828342,SDSS J031149.44-002541.8,Q,47.9560478,-0.4282923,1.378999948501587
6782,165.880875,SDSS J031158.00-002501.0,Q,47.9917158,-0.4169644,1.9210000038146973
17260,56.032753,WISEA J152910.58+324915.3,q,232.29422,32.8208885,0.699999988079071
17260,62.982492,CSO 1093,QR,232.3251106,32.8116234,1.649999976158142
17260,69.827736,SDSS J152915.57+324821.5,Q,232.3148927,32.8059753,1.6829999685287476
17261,0.19761,PGC 1470081,A,247.5337059,14.9034961,0.032999999821186066
17262,0.101936,MCG 3-43-012,N,255.2912104,20.6733341,0.03099999949336052
6789,52.347364,SDSS J160033.72+194334.2,N,240.1405,19.726186,0.23199999332427979
17270,88.542919,WISEA J022612.24+223202.6,q,36.5509896,22.5339907,0.699999988079071
6791,113.725671,WISEA J002533.79+201246.9,q,6.390766,20.2130756,3.4000000953674316
6791,136.847531,SDSS J002533.61+201614.1,Q,6.3900907,20.2706053,2.388000011444092
17271,79.426145,J030322.07-153849.2,X,45.8419723,-15.647,
17271,166.350257,SDSS J030337.41-153909.4,qX,45.9058927,-15.6526161,1.100000023841858
17273,98.962306,WISEA J074907.36+553753.5,q,117.2807088,55.6315243,0.8999999761581421
17273,98.987224,PGC 3095772,AX,117.2880488,55.6320976,0.17399999499320984
17277,153.644764,SDSS J152245.15+145949.4,Q,230.6881081,14.9970528,0.8550000190734863
6797,37.62367,F861:073,Q,190.8174846,-0.6361426,1.378999948501587
6797,104.908716,SDSS J124324.57-003814.7,qX,190.8524156,-0.6374375,1.2999999523162842
6797,158.099956,F861:074,QX,190.7950069,-0.611333,2.049999952316284
6798,73.03525,SDSS J124849.28+352057.6,Q,192.2053397,35.3493774,2.7039999961853027
6799,169.60822,J132856.89-172909.0,R,202.2370761,-17.4858425,0.5
17282,159.255821,WISEA J204834.35+164154.4,q,312.143019,16.69824,2.5
17284,133.484117,SDSS J225558.92+314223.0,Q,343.9955098,31.7064178,2.994999885559082
17284,160.675379,WISEA J225545.51+313837.3,q,343.9396373,31.6437075,0.20000000298023224
6801,27.739951,SDSS J161715.88+615626.4,qR,244.3161881,61.9406096,1.899999976158142
17286,111.116266,SDSS J001052.07+275314.0,Q,2.7169739,27.8872282,0.8820000290870667
6803,96.8938,SDSS J215042.62+005620.2,N,327.6776306,0.9389342,0.21699999272823334
6803,160.936478,WISEA J215039.97+005720.6,q,327.6665681,0.9557259,0.5
6807,178.85065,SDSS J110216.68+455031.1,Q,165.5694999,45.8419827,2.322999954223633
6809,109.605113,SDSS J125637.31+481750.9,Q,194.1554944,48.2974931,1.6100000143051147
17296,123.657451,SDSS J142403.07+362606.9,Q,216.0127899,36.43527,1.2269999980926514
6811,0.0989,NGC 5765B,NRX,222.7146444,5.1145069,0.02800000086426735
6811,22.748263,NGC 5765,NR,222.7109904,5.1196417,0.02800000086426735
6811,47.575195,J145048.46+050705.5,X,222.7019167,5.1181945,
17299,144.095081,SDSS J172704.67+593736.6,Q,261.7695065,59.6268507,1.1319999694824219
17299,159.369425,SDSS J172701.55+593757.3,Q,261.7564992,59.6325962,2.0350000858306885
17300,78.156322,WISEA J222708.83+313126.4,q,336.7868245,31.5240044,0.30000001192092896
17300,84.83365,SDSS J222705.37+313001.5,Q,336.7723979,31.5004142,1.0729999542236328
17300,140.486807,SDSS J222719.37+312835.9,Q,336.8306978,31.4766329,1.8660000562667847
17300,165.024569,SDSS J222724.17+313108.2,Q,336.850749,31.5189496,0.7649999856948853
17303,85.168885,WISEA J004427.11-474911.1,qX,11.1130302,-47.8197734,0.20000000298023224
6815,153.438676,SDSS J021331.38-073926.0,qX,33.3807395,-7.6572423,2.700000047683716
6815,162.883669,J021334.04-074403.7,X,33.3918578,-7.7343635,1.399999976158142
6815,163.763134,J021319.31-074334.5,X,33.3304775,-7.7262635,1.2999999523162842
6816,119.309525,SDSS J085901.08+384906.9,Q,134.7545276,38.8185786,1.2139999866485596
17307,59.865807,SDSS J034632.77+004228.4,NR,56.63658,0.7078942,0.18299999833106995
6817,0.338931,NGC 5735,NR,220.6385019,28.7264528,0.012000000104308128
6817,108.590316,SDSS J144226.11+284240.1,Q,220.6088166,28.7111519,1.0859999656677246
6817,143.548422,LAMOSTJ144222.77+284254.0,Q,220.5949297,28.7150181,1.25600004196167
17308,173.918323,SDSS J104514.60+291109.8,Q,161.3108722,29.1860665,2.618000030517578
6819,68.988037,WISEA J223028.16+393720.8,q,337.6173462,39.6224448,0.20000000298023224
17309,128.294926,SDSS J110412.75+495048.9,Q,166.0531347,49.8469216,1.0240000486373901
17309,178.14679,SDSS J110349.97+494716.2,Q,165.9582087,49.7878237,1.8250000476837158
6820,75.704913,WISEA J003133.69-102913.1,q,7.8903797,-10.4869735,1.100000023841858
17311,157.16736,WISEA J132604.41-162847.8,q,201.5183972,-16.4799714,0.8999999761581421
17312,0.399804,CGCG 75-74,NR,218.5485126,12.7141164,0.03099999949336052
17318,140.977439,WISEA J233604.47-633645.8,q,354.0186215,-63.6127236,1.0
6826,99.889494,SDSS J234026.43+273355.9,Q,355.1101586,27.5655449,0.8209999799728394
6827,141.676183,SDSS J235236.02+143043.5,Q,358.1501068,14.5121035,2.3399999141693115
17321,104.520688,SDSS J024446.99-053052.5,Q,41.195817,-5.5146015,1.8509999513626099
6829,169.467683,SDSS J143828.73+180820.0,Q,219.6196917,18.1388988,1.75
6831,139.349524,J223751.53+345113.6,R,339.4647461,34.8537925,
6832,169.252756,J002020.44+215517.2,X,5.0851945,21.9214445,
6832,173.832992,J002019.05+215514.3,X,5.0793889,21.9206389,
17326,0.196883,MCG 9-16-028,N,143.4220508,51.6680281,0.032999999821186066
6833,26.130369,J035416.66+155518.8,X,58.5694445,15.9218889,
6834,66.866197,WISEA J040242.40-042848.2,q,60.6766522,-4.4800655,1.0
17331,45.598726,SDSS J115317.67+232836.9,Q,178.3236859,23.4769407,1.9220000505447388
17331,155.108354,J115318.80+233025.4,X,178.3283392,23.5070827,0.6000000238418579
17331,169.430964,SDSS J115316.78+233041.8,A,178.31994,23.511618,0.257999986410141
17331,171.865624,PGC 1688650,AR,178.3191667,23.5122778,0.257999986410141
6839,133.435795,WISEA J153009.84+233736.0,q,232.5409982,23.6262803,0.5
6840,123.33725,WISEA J212122.96+211304.4,q,320.3456791,21.217924,1.399999976158142
6842,80.6919,SDSS J232804.02+084451.6,QX,352.0167555,8.7476544,1.2920000553131104
6842,141.96789,NGC 7674,ARX,351.9862395,8.7789551,0.028999999165534973
6843,80.813686,2QZ J012543.1-302219,Q,21.4297555,-30.3720315,1.4759999513626099
6843,142.817255,2QZ J012533.7-302411,QR,21.3906376,-30.4032038,0.9769999980926514
17341,90.741059,WISEA J051934.55-411147.4,q,79.8940405,-41.1964904,0.6000000238418579
6845,82.102546,SDSS J075755.12+250819.2,Q,119.4796436,25.1386822,0.9779999852180481
6846,30.664158,SDSS J134122.27+553900.7,Q,205.3428193,55.6502017,1.3990000486373901
6846,121.963012,J134132.87+554012.9,X,205.3869723,55.67025,
6846,161.856948,SDSS J134105.48+553804.7,Q,205.2728573,55.6346388,1.909999966621399
17344,121.099841,SDSS J130531.77+291621.4,QR,196.3824059,29.2726093,3.312999963760376
17345,43.827834,WISEA J140012.38+384000.2,q,210.0516213,38.6667407,1.2000000476837158
17345,123.160155,SDSS J140019.60+384004.0,Q,210.0816854,38.6678029,0.8539999723434448
6849,51.771932,J230316.59+085249.5,X,345.8191621,8.8804176,1.2000000476837158
6849,75.584797,J230318.12+085221.4,X,345.8255278,8.8726112,
6849,79.166039,NGC 7469,ARX,345.8150792,8.8739049,0.017000000923871994
6849,92.829936,J230317.72+085509.7,X,345.8238334,8.9193612,
6849,98.126071,J230313.38+085226.6,X,345.80575,8.8740556,
17353,131.67829,SDSS J122702.44+085529.1,qX,186.7601804,8.92476,
17354,133.010973,SDSS J125126.04+272303.3,QX,192.8585264,27.3842648,0.4869999885559082
17357,100.425304,WISEA J141248.82-402652.7,qX,213.2033728,-40.4480681,0.8999999761581421
17358,39.60071,WISEA J141546.12+085358.7,q,213.9422612,8.8997404,1.100000023841858
17358,104.098871,SDSS J141543.49+085606.7,Q,213.9312663,8.9351889,1.840000033378601
6856,28.474613,WISEA J230427.38+272152.4,q,346.1140807,27.3646348,0.30000001192092896
6857,88.166117,SDSS J232340.07+291009.8,Q,350.9169558,29.1693922,1.9079999923706055
6858,38.600554,WISEA J033944.56-044012.2,q,54.935712,-4.6700555,0.5
17363,161.442432,SDSS J022714.68+031538.5,Q,36.811186,3.2606998,0.5559999942779541
6859,0.138845,CGCG 420-15,NRX,73.3572477,4.0616112,0.029999999329447746
17364,100.970352,SDSS J023536.20-022201.0,Q,38.9008654,-2.3669528,3.489000082015991
17364,178.380381,PKS 0232-02,QR,38.8859446,-2.3253202,1.3250000476837158
6860,0.2755,IC 2365,ARX,126.5752476,27.8401334,0.019999999552965164
6860,154.606015,SDSS J082613.82+274800.4,QX,126.5576166,27.8001232,1.5709999799728394
17365,0.226859,NPM 1G-06.0116,NR,43.0550962,-6.7649032,0.032999999821186066
17365,118.581281,SDSS J025217.93-064728.9,Q,43.0747439,-6.7913656,0.6349999904632568
6861,89.68118,SDSS J090851.97+295301.6,Q,137.2165813,29.8838014,2.5190000534057617
6862,45.909063,SDSS J110945.26+464808.3,Q,167.4386173,46.8023185,0.6940000057220459
17372,0.037429,CGCG 127-92,NR,178.2957303,20.6588261,0.023000000044703484
6868,85.656452,J034029.07+150440.2,R2X,55.1211513,15.0778509,0.20000000298023224
17375,0.138043,IRAS 20051-1117,ARX,301.9637534,-11.1428818,0.029999999329447746
17375,62.724706,J200752.97-110932.2,X,301.9707223,-11.1589445,
17375,177.3634,J200800.58-110641.4,X,302.0024263,-11.111501,2.200000047683716
17377,150.780334,SDSS J234249.58+270552.2,Q,355.7066215,27.0978492,3.888000011444092
17377,170.288203,PGC 1798849,N,355.6689806,27.1384811,0.09399999678134918
6872,114.939092,SDSS J160343.79+400006.9,Q,240.9324953,40.0019252,2.7320001125335693
6872,162.75563,SDSS J160343.63+400113.9,Q,240.9318244,40.0205492,1.2200000286102295
6872,170.507132,SDSS J160405.42+400020.8,Q,241.0226163,40.0057591,1.6239999532699585
6872,179.971867,SDSS J160405.35+395727.0,Q,241.0223172,39.9575021,1.1740000247955322
17380,83.246507,SDSS J024644.77+002409.5,Q,41.6865694,0.4026608,1.5360000133514404
17380,164.582034,SDSS J024643.92+002244.6,Q,41.6830247,0.3790732,1.5420000553131104
17381,100.140694,WISEA J080644.41+610324.8,q,121.6850475,61.0568886,0.8999999761581421
6875,0.089843,NGC 707,AR,27.8628821,-8.5053581,0.017999999225139618
6875,102.046393,SDSS J015133.94-083011.4,qX,27.8914444,-8.5031736,2.200000047683716
6875,151.458922,SDSS J015124.03-083243.8,qX,27.850132,-8.5455217,1.899999976158142
6875,165.771392,WISEA J015118.41-082834.9,qX,27.8267191,-8.476363,1.2999999523162842
17383,109.838927,SDSS J093034.26+162025.3,Q,142.6427463,16.340385,2.2820000648498535
17383,143.732077,J093018.92+162149.4,R,142.5788334,16.3637223,
6876,99.044347,SDSS J024833.73-001512.1,Q,42.1405547,-0.2533773,1.3240000009536743
6876,114.808253,SDSS J024832.74-001729.2,Q,42.1364351,-0.2914424,2.492000102996826
17386,53.411332,SDSS J132724.26+122205.1,Q,201.851085,12.3680996,2.5230000019073486
6877,33.352449,J044010.44+071947.7,X,70.0435208,7.3299324,1.899999976158142
6877,54.018498,WISEA J044012.59+071945.4,qX,70.0524826,7.3293067,0.20000000298023224
6877,96.543665,J044003.75+072055.5,X,70.0156499,7.3487533,0.5
6878,0.215315,IC 2467,NR,141.219671,38.3517721,0.02800000086426735
6881,156.788281,SDSS J113412.31+342121.7,Q,173.551285,34.356029,1.7979999780654907
17392,48.619143,WISEA J215044.54+024914.6,q,327.6856076,2.8207395,1.899999976158142
17393,140.042139,SDSS J230625.29+315348.4,Q,346.6053871,31.8968004,1.784999966621399
17396,0.039775,NPM 1G-07.0135,N,56.4382034,-7.2574289,0.02199999988079071
17397,142.464775,WISEA J070909.23+495120.2,q,107.2884511,49.8556349,2.200000047683716
17398,119.926428,SDSS J090406.93+033315.3,Q,136.0288827,3.5542727,1.9620000123977661
17399,112.52393,SDSS J094712.73+144330.5,Q,146.8030324,14.7251442,2.749000072479248
17400,147.026819,S5 1039+81,QR2X,161.0960838,80.9109571,1.2599999904632568
17402,0.328067,MCG 4-27-059,NR,173.1885703,25.0490521,0.032999999821186066
6892,139.989626,WISEA J101004.15-114422.3,q,152.5173101,-11.7395055,0.20000000298023224
17403,128.539437,2QZ J122709.9-011912,Q,186.7916355,-1.3197869,0.7519999742507935
6895,57.242005,SDSS J161800.61+225709.0,Q,244.5025526,22.9525069,2.306999921798706
6897,161.869944,SDSS J004958.80-051157.0,Q,12.4950168,-5.1992173,2.240999937057495
6898,0.148437,UGC 1395,AR,28.8417742,6.6117835,0.017000000923871994
6898,75.669465,WISEA J015526.14+063558.2,q,28.8589346,6.5994859,3.4000000953674316
17412,173.895069,WISEA J013731.05-422958.4,qR,24.3793893,-42.499552,1.2999999523162842
17417,99.458607,J101341.43+384944.4,X,153.4226389,38.829,
6904,0.089363,NGC 5599,N,215.9609424,6.576091,0.024000000208616257
6904,118.789525,WISEA J142354.22+063619.9,q,215.9759176,6.6055222,0.20000000298023224
6905,30.898421,J143404.87-074001.8,R,218.5203056,-7.6671667,
17423,55.624866,J233835.29+270010.6,RX,354.6470795,27.0029601,
17423,95.404207,SDSS J233831.66+270035.0,QX,354.6319579,27.0097491,1.6490000486373901
17423,145.036721,NGC 7720,AR2X,354.6224106,27.0313701,0.03099999949336052
17423,153.373259,SDSS J233828.56+270150.4,qX,354.6190402,27.0306849,
6908,171.326155,SDSS J003941.86+031009.9,QX,9.9244619,3.1694373,1.3730000257492065
17427,35.842172,SDSS J093350.57+302359.5,N,143.46071,30.399876,0.4650000035762787
17427,72.565235,SDSS J093354.05+302303.2,Q,143.475289,30.3842055,1.3140000104904175
17427,168.113787,SDSS J093353.44+302126.5,Q,143.4727248,30.3573705,1.097000002861023
6914,128.96821,SDSS J084340.88+515802.9,Q,130.9203588,51.9674863,1.1759999990463257
17429,158.509067,SDSS J144406.44+224640.2,Q,221.0268424,22.7778295,2.7139999866485596
17431,176.104931,WISEA J164341.57+620553.1,q,250.9232483,62.0980894,0.6000000238418579
17432,161.705385,WISEA J164702.16+535332.3,q,251.759003,53.892323,0.30000001192092896
6917,147.360856,WISEA J225829.09+260457.2,q,344.6210154,26.082448,0.10000000149011612
17435,154.614044,WISEA J023957.31-110401.6,q,39.9888078,-11.0671142,0.8999999761581421
6919,103.287592,NGC 71,NX,4.598,30.0634445,0.02199999988079071
6919,141.565164,SDSS J001819.02+300339.4,qX,4.5792598,30.0609593,1.600000023841858
17437,167.039065,WISEA J062013.15-652534.3,q,95.0547472,-65.4262402,1.2999999523162842
6920,61.367099,SDSS J015443.57-000747.6,QX,28.6815475,-0.1299115,2.2209999561309814
6920,128.504735,SDSS J015447.97-000951.8,QX,28.6998866,-0.1644028,4.046999931335449
6920,144.692406,J015447.25-000645.2,X,28.6968889,-0.1125556,
17439,0.085501,NPM1G-10.0474,AX,203.1629694,-10.4812724,0.02199999988079071
17441,62.7997,SDSS J155549.44+242911.4,AX,238.9560485,24.4865185,0.07000000029802322
17441,178.429343,WISEA J155532.67+242850.7,q,238.8861549,24.4807449,0.10000000149011612
6923,158.747029,WISEA J040758.21-085105.8,q,61.9925688,-8.8516547,1.899999976158142
6924,148.897402,SDSS J135358.57+402027.4,QX,208.4940567,40.3409654,0.8669999837875366
17445,0.038682,NPM 1G-16.0520,AR,314.8897922,-16.0932223,0.028999999165534973
17447,23.770459,WISEA J001427.52-194054.3,q,3.6147802,-19.6815208,0.10000000149011612
17448,65.266381,SDSS J003622.87+254742.4,QX,9.095292,25.7951382,1.375
17448,163.006233,SDSS J003630.61+254729.3,Q,9.1275574,25.7914763,1.8259999752044678
17452,105.432662,WISEA J082224.25+735955.6,q,125.6006105,73.9985982,0.4000000059604645
6933,0.395243,ESO 512-20,AR,221.2372005,-23.7943701,0.010999999940395355
17455,149.180746,SDSS J143345.31+352054.7,QX,218.4388069,35.3485491,2.9860000610351562
17455,170.986461,AGES J143342.77+352129.8,QX,218.4280923,35.3582552,1.4759999513626099
6936,146.982857,SDSS J232246.98+290550.0,Q,350.6957428,29.0972234,2.1510000228881836
17456,137.475811,SDSS J001655.16+274837.1,Q,4.2298285,27.810315,1.524999976158142
6937,174.914939,WISEA J021939.24+154556.9,q,34.9135035,15.7657855,0.20000000298023224
17461,64.446566,WISEA J044434.49+693937.2,q,71.1437382,69.6603298,0.5
6941,0.110168,IC 486,ARX,120.0874195,26.6135094,0.027000000700354576
6941,100.623974,J080021.44+263508.1,X,120.0893612,26.5855834,
6941,163.432217,SDSS J080015.32+263423.7,QX,120.0638543,26.5732645,0.6650000214576721
17465,154.905832,SDSS J092542.09+492159.2,Q,141.4254133,49.3664704,2.367000102996826
17466,144.754055,PGC 1509347,N,150.6823803,16.4621971,0.026000000536441803
17466,148.165784,SDSS J100252.39+162924.7,Q,150.7183165,16.4902103,2.684999942779541
6943,0.263219,UGC 6726,AR,176.2885782,49.7187727,0.03200000151991844
6943,143.397925,SDSS J114513.99+494523.4,Q,176.308335,49.7564808,0.19200000166893005
6943,146.266149,J114504.80+494527.1,X,176.2700346,49.7575334,0.20000000298023224
6943,167.014277,SDSS J114513.13+494024.6,Q,176.3047201,49.6735137,1.9290000200271606
6944,110.584776,LAMOSTJ124326.72+410109.2,Q,190.8613349,41.0192109,1.9220000505447388
6944,159.694262,SDSS J124322.91+410150.5,Q,190.845475,41.0307012,1.2079999446868896
17470,104.972389,WISEA J181112.40-561445.4,q,272.8017841,-56.2460007,2.0
6946,38.560473,J012528.58-012426.6,X,21.3691112,-1.4073889,
6947,152.808775,WISEA J075704.85+663855.6,q,119.2703461,66.6488178,0.8999999761581421
17473,59.387326,WISEA J230453.87+272128.5,q,346.2244966,27.3579358,0.10000000149011612
17473,171.546323,SDSS J230511.15+272113.7,Q,346.2965071,27.3538025,1.3669999837875366
6948,1.125583,IC 540,NR,142.5430626,7.9027435,0.007000000216066837
17475,74.653107,WISEA J081211.90+621557.2,q,123.0496282,62.2659139,0.699999988079071
6949,152.788978,J161141.50+584502.5,X,242.9229445,58.7506945,
17477,136.327875,NPM 1G+09.0185,N,142.4794229,8.7840674,0.07699999958276749
17477,171.999057,WISEA J092952.76+084722.4,q,142.4698604,8.7895622,0.8999999761581421
17479,79.100205,SDSS J130640.09+570410.4,Q,196.6670649,57.0695739,1.5299999713897705
17479,106.539091,SDSS J130617.69+570357.9,Q,196.5737758,57.0660942,0.5260000228881836
17479,129.548738,WISEA J130640.44+570532.3,q,196.668534,57.0923154,0.30000001192092896
17479,129.574641,SDSS J130637.73+570546.1,Q,196.6572141,57.0961553,2.299999952316284
17479,160.954558,SDSS J130643.79+570149.2,Q,196.6824983,57.0303471,1.2269999980926514
17479,170.572926,WISEA J130625.06+570634.0,q,196.6044542,57.1094537,0.800000011920929
6954,31.63006,J111522.18+353038.6,R,168.8424167,35.5107223,
17481,0.138301,CGCG 48-39,N,223.1410102,3.1445643,0.02800000086426735
6955,36.356527,SDSS J132000.75+315928.7,Q,200.0031437,31.9913284,1.6230000257492065
6955,97.224524,SDSS J132001.76+315715.8,Q,200.0073544,31.9544127,2.0209999084472656
17482,0.229132,NPM 1G+25.0403,A,239.2197896,25.5686129,0.03200000151991844
17482,96.113528,PGC 1740389,ARX,239.2269761,25.5426674,0.16500000655651093
17482,130.203191,WISEA J155644.90+253522.0,q,239.1871109,25.5894618,0.30000001192092896
17483,141.522196,WISEA J172828.61+600318.2,q,262.1192321,60.0550767,0.6000000238418579
17487,155.798855,WISEA J025403.34+414456.5,qX,43.5139397,41.749041,1.5
17488,105.153209,WISEA J073441.58+490109.8,q,113.6734198,49.0193992,0.30000001192092896
17492,146.986814,SDSS J110646.03+483848.4,Q,166.6918409,48.646773,2.009000062942505
17492,153.158687,SDSS J110646.68+483850.0,Q,166.6945336,48.6472456,1.7280000448226929
17492,168.287804,SDSS J110617.91+484049.4,Q,166.5746467,48.6804128,1.409999966621399
6966,130.718191,J111110.69-045212.2,R,167.7945413,-4.870073,0.5
6968,140.043426,WISEA J174757.85+065937.8,q,266.9911017,6.9938319,1.7999999523162842
17496,146.320543,WISEA J214315.82-241452.9,q,325.8159354,-24.2480438,0.30000001192092896
17498,92.773963,SDSS J010753.18+023407.3,Q,16.971607,2.5687383,1.3359999656677246
6971,115.541425,WISEA J222607.73+355555.3,q,336.5320677,35.9319906,1.100000023841858
6972,72.218719,SDSS J224934.13+113214.2,qX,342.3922246,11.5372933,1.2000000476837158
6972,121.998621,J224937.58+113124.2,2,342.4065834,11.5233889,
6972,122.742136,SDSS J224932.11+113131.7,qX,342.3838069,11.5254945,1.7000000476837158
6972,127.348077,SDSS J224936.80+113529.1,qX,342.4033512,11.5914256,1.600000023841858
6972,138.78009,J224937.83+113537.9,X,342.4076506,11.5938742,1.2000000476837158
6972,155.367102,J224943.83+113144.2,X,342.4326305,11.52897,0.6000000238418579
6972,168.846974,SDSS J224937.79+113608.7,QX,342.4074987,11.6024428,4.043000221252441
6972,172.197239,SDSS J224947.32+113338.1,qX,342.4472185,11.5606216,0.6000000238418579
17502,106.547162,WISEA J055336.49+664336.7,q,88.4019848,66.7269227,0.8999999761581421
17503,0.316033,IC 484,NX,120.0044598,26.6658399,0.027000000700354576
17503,106.731353,J080007.58+263855.8,X,120.0316124,26.648836,
17503,149.898866,J080011.78+264040.9,X,120.0490834,26.6780278,
17505,49.090645,J122408.82+070224.5,X,186.03675,7.0401389,
17506,167.961972,2SLAQ J140501.53-000625.1,K,211.2563934,-0.1069671,0.8669999837875366
17507,159.211168,SDSS J142937.58+450512.5,Q,217.406619,45.086811,2.381999969482422
6979,69.180271,WISEA J195516.20-231712.3,q,298.8175072,-23.2867178,1.5
17508,0.209097,UGC 9791,N,228.6309204,58.8431381,0.03099999949336052
17508,160.213687,J151445.99+584842.1,R,228.6916508,58.8117133,
6982,108.15293,SDSS J235813.34+291946.9,Q,359.5555708,29.3296915,1.5080000162124634
6983,165.400758,SDSS J005531.57+314555.5,Q,13.8815166,31.7654268,0.8209999799728394
17514,108.886264,WISEA J211926.12-551220.7,q,319.8588594,-55.2057768,1.0
17515,120.839008,SDSS J225345.06+201430.5,Q,343.4377793,20.2418231,1.2350000143051147
17516,127.824745,SDSS J005101.94+293020.2,Q,12.7580594,29.5056069,1.1959999799728394
17516,127.93271,SDSS J005114.15+293329.7,qX,12.8089694,29.5582526,1.899999976158142
17516,131.468189,SDSS J005115.82+293253.1,Q,12.8159246,29.548089,2.117000102996826
17516,154.820181,2MASS J00509+2933,NX,12.7320626,29.5578115,0.13600000739097595
6987,1.902256,NGC 3934,NR,178.0526603,16.8518661,0.012000000104308128
6987,175.833013,WISEA J115222.70+165243.6,q,178.0946057,16.8787998,0.20000000298023224
17519,179.714496,J024108.23+084731.2,X,40.2843067,8.7920166,1.7999999523162842
17523,109.802747,J124048.26+714433.9,X,190.2011112,71.74275,
17523,129.83642,WISEA J124124.33+714555.8,q,190.3512817,71.7655254,1.2999999523162842
6993,25.959394,J005117.52-083614.3,R,12.823,-8.6039723,
6994,75.889344,SDSS J005322.44+322913.8,Q,13.3435669,32.487185,1.2599999904632568
17525,147.469568,SDSS J142610.42+121927.3,Q,216.543433,12.324257,3.2730000019073486
6995,0.162458,ESO 549-50,NR,60.6922217,-21.1191066,0.02500000037252903
6998,115.822275,SDSS J000657.13+083719.5,Q,1.7380429,8.6221015,2.244999885559082
7001,153.604203,WISEA J044720.17-173515.1,q,71.8341555,-17.5875205,1.2000000476837158
17534,15.92362,SDSS J074331.20+225539.2,Q,115.8800099,22.9275911,0.6650000214576721
17535,143.720221,WISEA J082756.87+045618.7,q,126.9869724,4.9385585,1.5
7004,92.123027,WISEA J095849.61-283839.5,qX,149.7067398,-28.6442934,0.20000000298023224
7005,141.828487,SDSS J121429.54+322256.6,Q,183.6231072,32.3824135,0.5440000295639038
17536,0.399845,NGC 5167,NR,202.167586,12.7111916,0.02500000037252903
17536,105.760844,WISEA J132846.00+124136.8,q,202.1917073,12.6935615,2.9000000953674316
17536,158.275109,SDSS J132830.15+124338.3,Q,202.1256557,12.7273287,2.2909998893737793
17536,172.753164,SDSS J132828.59+124311.2,A,202.1191626,12.7197943,0.20499999821186066
17536,175.205448,SDSS J132849.35+124046.8,A,202.2056303,12.6796608,0.34299999475479126
17537,67.523519,SDSS J134804.80+072439.6,QR,207.0200004,7.411021,2.497999906539917
17537,112.984899,UGC 8728,AR,207.0523276,7.3946481,0.023000000044703484
7007,94.576028,SDSS J130757.12+515718.0,Q,196.988061,51.9550071,1.434999942779541
7008,142.462892,SDSS J131627.41+252356.4,Q,199.1142621,25.3990012,1.6200000047683716
7008,159.000001,SDSS J131605.48+252401.5,A,199.0228388,25.4004308,0.5820000171661377
17540,40.935779,J182548.75+465449.5,2,276.4531349,46.9137687,1.399999976158142
17540,72.02927,J182556.34+465403.7,2,276.4847724,46.90103,1.2999999523162842
7010,113.770676,Q 16126+2204,Q,243.7091875,21.9496757,1.6130000352859497
7012,97.393922,WISEA J200811.49-291957.2,q,302.0478449,-29.3325466,2.0
17543,154.712665,SDSS J003537.78-025008.7,Q,8.9074728,-2.8357349,1.5700000524520874
17544,162.911411,WISEA J032611.70-135621.4,q,51.5487706,-13.9392959,1.5
17545,102.719301,WISEA J033500.46-515018.2,q,53.7518085,-51.8382563,1.7000000476837158
17547,173.2397,J035441.12-202506.2,X,58.6713568,-20.4183941,
17549,0.267965,MARK 373,AR,103.6463056,50.3525,0.019999999552965164
17550,126.404632,WISEA J072129.28+310456.4,q,110.3720693,31.0823282,1.0
7022,0.203342,NGC 3781,AR,174.76565,26.3617344,0.02199999988079071
17555,0.054458,CGCG 47-102,NR,218.6033104,2.7989617,0.02800000086426735
7023,106.647761,J125920.69+280649.7,X,194.8362223,28.1138056,
7025,135.464569,WISEA J155835.85+484304.8,qR,239.6493757,48.7179791,2.5
17559,149.534553,WISEA J200809.46-560946.7,q,302.0394138,-56.1629784,2.200000047683716
17559,167.211703,WISEA J200846.82-560903.6,q,302.195088,-56.1510159,1.0
17559,170.703076,J200831.80-561229.1,R,302.1325262,-56.2081106,
7026,114.824799,SDSS J234809.03+272203.6,Q,357.0376918,27.3676801,1.253999948501587
7026,170.599747,SDSS J234753.56+272453.2,Q,356.9731834,27.4147904,1.527999997138977
7027,74.339566,WISEA J001546.61-330044.0,q,3.9443167,-33.0121697,1.2999999523162842
17567,162.697724,WISEA J071047.77+821407.2,q,107.6985477,82.2351409,1.7000000476837158
7032,176.121723,SDSS J143302.97+413730.1,Q,218.2624093,41.625039,1.1449999809265137
7034,32.38527,WISEA J020536.02+345236.1,q,31.4001689,34.8767116,1.2000000476837158
17571,149.115286,J125945.66+275216.7,X,194.9402778,27.8713056,
17571,165.351983,J125949.03+275718.3,X,194.9543194,27.9550913,0.5
17571,175.444219,J125944.38+275740.3,X,194.9349445,27.9611945,
7036,0.031183,ESO 509-51,AR,203.1797087,-23.6925834,0.026000000536441803
17572,83.914696,SDSS J134606.87+363444.0,Q,206.5286256,36.5789131,3.8459999561309814
17572,106.745382,SDSS J134603.00+363512.3,Q,206.5125195,36.5867436,1.6519999504089355
17572,118.894236,SDSS J134602.57+363643.3,Q,206.5107672,36.6120128,2.441999912261963
17572,144.557772,SDSS J134600.27+363452.4,Q,206.5011643,36.581225,1.9459999799728394
17575,119.34071,SDSS J162539.39+402648.1,Q,246.4141606,40.446683,2.624000072479248
17575,153.382308,SDSS J162557.91+402835.1,Q,246.4913022,40.4764192,1.6349999904632568
7041,137.594827,WISEA J054545.36+640357.3,q,86.4392322,64.0658995,1.600000023841858
7041,140.670975,J054533.29+640406.4,X,86.3887223,64.0684445,
7042,0.138632,NGC 3068,NR,149.66704,28.8775325,0.020999999716877937
7042,112.198438,SDSS J095844.43+285102.7,Q,149.6851824,28.8507527,2.2980000972747803
17579,100.034561,SDSS J010323.00+321910.3,Q,15.8459015,32.3195704,1.847000002861023
7044,54.757623,SDSS J163103.46+394638.6,QX,247.7644392,39.7773996,1.194000005722046
7044,64.220562,J163057.79+394802.7,X,247.7407973,39.8007627,2.299999952316284
7044,166.04623,MCG 7-34-105,NX,247.7642074,39.8384906,0.03099999949336052
17585,164.834848,CGRaBS J0957-1350,QR2X,149.3257574,-13.8336669,1.3229999542236328
7047,75.178577,J005038.46-521420.2,X,12.6602778,-52.2389445,
7047,175.119666,HXMM J00505-5215,QX,12.6339249,-52.2617932,1.222000002861023
17590,112.693161,WISEA J204701.56+110541.4,q,311.7565384,11.0948559,0.5
17591,40.828803,J211745.79-482343.8,X,319.4408047,-48.3955057,
17593,29.957976,WISEA J223728.51+353202.7,q,339.3688092,35.5340948,2.5999999046325684
17594,131.479792,J044534.81+182506.3,RX,71.3950818,18.4184407,0.4000000059604645
7053,134.971021,SDSS J140717.07+123441.1,Q,211.8211272,12.5780799,0.8460000157356262
17597,101.320368,J100535.46+702005.1,X,151.3977882,70.3347718,0.8999999761581421
17597,167.966586,J100539.87+702140.9,X,151.4161389,70.3613612,
17598,68.7418,WISEA J101813.88-130747.9,q,154.5580936,-13.1298483,0.20000000298023224
7059,143.956244,WISEA J094300.84+211232.4,q,145.75352,21.2089926,0.800000011920929
7064,89.850021,WISEA J010648.28-454800.6,q,16.7011525,-45.8001785,0.20000000298023224
17606,73.174866,SDSS J162928.42+405320.8,QX,247.3684494,40.8891343,2.822999954223633
7066,166.571618,SDSS J025644.00+412234.3,qX,44.1833536,41.376213,2.0
17607,171.678923,VPM J17155+4347,QX,258.8841008,43.7997287,0.9229999780654907
17608,47.205678,SDSS J224934.91+115953.9,Q,342.395473,11.9983312,2.381999969482422
17612,121.166267,SDSS J103439.36+443930.8,Q,158.664011,44.6585671,0.6809999942779541
7073,144.310092,SDSS J125003.16+274714.4,Q,192.5132039,27.7873502,2.5739998817443848
17614,156.216786,IC 816,N,191.6930721,9.8505599,0.024000000208616257
17615,169.776928,WISEA J130822.44+733708.9,q,197.0932853,73.619178,1.100000023841858
17616,82.759415,WISEA J135136.12-302917.8,q,207.9004334,-30.4883629,0.30000001192092896
7079,127.373035,SDSS J134527.06+353516.9,Q,206.3627816,35.588038,2.234999895095825
7079,175.213598,SDSS J134520.62+353631.7,Q,206.3359519,35.6088247,1.5700000524520874
17619,132.900308,J002937.57-044020.0,R,7.4065556,-4.6722223,
17619,167.577508,SDSS J002938.55-044327.3,Q,7.4106549,-4.7242464,3.2249999046325684
17622,96.072157,WISEA J024652.51+414743.5,q,41.718817,41.7954667,1.100000023841858
17623,43.929223,J025746.07+060100.5,R2,44.441979,6.0168129,1.399999976158142
17623,102.879947,J025751.74+060259.8,X,44.4655834,6.0499445,
17623,136.263981,J025738.33+060153.7,X,44.4097223,6.0315834,
17623,172.691623,J025748.93+055848.3,X,44.4538782,5.9801108,1.899999976158142
7086,70.414495,WISEA J032955.59-132245.7,q,52.4816324,-13.3793799,1.5
7087,85.339417,WISEA J034057.41-334721.1,q,55.2391566,-33.7892395,1.5
17627,90.103554,SDSS J091911.81+335242.8,QX,139.7992252,33.878574,1.7890000343322754
17627,170.266087,SDSS J091932.69+335256.5,QX,139.8861907,33.8823507,1.659999966621399
7090,111.766189,SDSS J095629.45+591823.1,Q,149.1226982,59.306434,1.9709999561309814
7090,116.949798,SDSS J095620.12+591635.8,Q,149.0838351,59.2766081,2.680999994277954
7090,168.099531,SDSS J095635.66+591732.1,Q,149.148616,59.292273,3.7130000591278076
17632,29.92569,J125302.65-102216.0,X,193.2610556,-10.3711112,
17632,54.832762,J125304.77-102102.7,X,193.2698903,-10.3507777,1.100000023841858
17633,106.821594,J125807.51+265256.2,X,194.5313056,26.8822778,
17633,127.115542,J125754.01+265034.1,X,194.4750746,26.842808,
17633,135.082798,SDSS J125809.59+265308.7,QX,194.5400061,26.8857748,0.765999972820282
7093,149.794092,J221413.82-170157.1,R,333.5576112,-17.0325278,
17635,163.959767,WISEA J173453.45-625506.5,q,263.7227408,-62.9184669,0.10000000149011612
7098,144.314272,SDSS J113837.82+203303.3,Q,174.6576059,20.5508899,2.36299991607666
7098,170.254276,SDSS J113820.42+203333.1,Q,174.5850834,20.5592167,2.678999900817871
7098,174.322191,SDSS J113820.27+203336.9,QR,174.5844793,20.5602764,2.687000036239624
7100,0.26914,IC 1515,NR,359.0162852,-0.9885132,0.023000000044703484
7100,63.403893,SDSS J235604.83-005816.5,A,359.0201523,-0.9712609,0.2809999883174896
7100,160.392909,SDSS J235614.59-005921.8,QX,359.06082,-0.9893943,0.4090000092983246
17645,150.125105,WISEA J111831.78-142343.7,q,169.6323824,-14.3955191,1.2999999523162842
7101,96.845778,SDSS J012853.21+185741.5,Q,22.2217358,18.9615552,0.7990000247955322
17646,0.041992,MCG 0-31-035,N,181.5379703,-2.9481255,0.026000000536441803
7103,110.960688,SDSS J111103.85+433611.2,Q,167.7660449,43.6030959,1.9079999923706055
17648,164.862499,SDSS J131551.84+350118.1,Q,198.96603,35.0217179,1.937999963760376
17649,150.892257,WISEA J142543.68+043833.6,q,216.4320079,4.6425684,1.399999976158142
17652,0.432416,MCG 5-40-043,N,257.1388726,31.8056626,0.03200000151991844
17652,66.108078,SDSS J170837.18+314903.9,Q,257.1549317,31.8177702,1.878000020980835
17652,159.572192,SDSS J170845.54+314853.7,Q,257.1897513,31.8149211,1.7309999465942383
17654,74.324981,SDSS J232319.72+131807.4,Q,350.8321816,13.3020693,2.634000062942505
7110,84.736136,WISEA J204609.23-140138.2,q,311.5384608,-14.0272875,0.20000000298023224
7113,153.433067,SDSS J020440.95+284918.8,Q,31.1706642,28.8219301,2.36299991607666
7116,89.59746,WISEA J130609.31-294210.2,q,196.5385143,-29.7029458,0.20000000298023224
17662,113.630654,SDSS J081115.92+363521.0,Q,122.8164022,36.5891732,2.697999954223633
17662,134.346364,SDSS J081104.46+363806.3,Q,122.7686147,36.6351084,2.437000036239624
7117,133.697468,SDSS J132647.94+165059.3,Q,201.699804,16.8498078,2.4609999656677246
17664,73.434178,SDSS J101809.78+602152.3,Q,154.5407706,60.3645278,2.8489999771118164
17664,150.208544,SDSS J101824.96+602115.0,QR2,154.604,60.3541919,1.8450000286102295
17664,170.188664,SDSS J101813.33+602326.5,Q,154.5555547,60.3907011,1.4170000553131104
7122,121.54483,J113150.33-302237.9,X,172.9597258,-30.3772038,
7122,154.383811,J113203.10-302505.5,X,173.0129167,-30.4181945,
17669,170.825365,SDSS J133217.43+181132.0,qR,203.0726431,18.192256,1.7999999523162842
17670,33.053129,WISEA J143317.07+035339.9,q,218.3211487,3.8944222,0.699999988079071
7125,122.566254,SDSS J005435.22+054512.1,Q,13.6467709,5.7533679,1.2690000534057617
17671,123.97813,SDSS J155406.31+301105.3,qX,238.5263469,30.184842,1.7999999523162842
17672,176.481141,SDSS J160110.32+085152.3,qX,240.2930188,8.8645389,1.2000000476837158
7126,84.366844,J024035.64+084940.7,X,40.1485278,8.8279723,
17674,155.618517,WISEA J172304.12+145857.7,q,260.7672085,14.9827355,0.800000011920929
7128,122.251993,SDSS J100103.75+363505.0,QX,150.2656737,36.584716,0.9419999718666077
17676,83.611,SDSS J212203.02+070722.5,Q,320.5125874,7.1229228,2.7260000705718994
17676,176.289316,SDSS J212206.93+070606.3,N,320.5288868,7.1017505,0.16500000655651093
13380,172.048857,WISEA J173634.18+420236.2,q,264.1423795,42.0434215,0.5
13382,158.004611,SDSS J231906.64+290137.0,Q,349.7777038,29.0269477,1.6579999923706055
13382,166.263876,SDSS J231854.53+290409.8,Q,349.7272223,29.0694126,2.3359999656677246
13383,100.003594,SDSS J003825.51+150358.9,Q,9.6063546,15.066392,1.1519999504089355
13383,164.428209,SDSS J003825.80+145940.7,Q,9.6075245,14.9946669,0.8190000057220459
13384,164.35985,J012400.82+330759.6,X,21.0034445,33.1332223,
13387,73.288202,SDSS J081607.19+283657.6,Q,124.029985,28.6160133,0.4169999957084656
13388,85.373076,SDSS J082351.62+205723.5,Q,125.9651064,20.9565534,0.9200000166893005
3776,26.935354,J130501.77+351106.3,X,196.2573889,35.1850834,
3776,138.726994,J130502.60+351258.5,X,196.2608612,35.21625,
13389,162.567821,CFHT J085039.71-030409.6,Q,132.6654584,-3.0693334,4.179999828338623
3778,0.210805,SDSS J141338.70+073937.5,N,213.41126,7.6604251,0.024000000208616257
3778,64.254188,SDSS J141342.85+073919.2,qR,213.4285278,7.6553696,1.2999999523162842
13391,111.83396,SDSS J121852.97+060932.6,NR,184.72072,6.1590717,0.09099999815225601
13392,129.512964,WISEA J135227.35+141523.6,qR,208.1139672,14.2565207,1.600000023841858
13392,165.791124,SDSS J135216.20+141339.1,Q,208.0675379,14.2275463,1.4479999542236328
13393,61.538782,NGC 5852,AR,226.7350704,12.8468331,0.02199999988079071
13394,166.818739,SDSS J013254.68-071747.1,Q,23.2278624,-7.2964355,3.2750000953674316
13396,0.262579,3C 98.0,NX,59.7268272,10.4341169,0.03099999949336052
13398,174.771339,WISEA J065443.83-380249.6,q,103.6826331,-38.0470819,1.2000000476837158
3785,39.487361,SDSS J001819.02+300339.4,qX,4.5792598,30.0609593,1.600000023841858
3785,71.808553,NGC 71,NX,4.598,30.0634445,0.02199999988079071
3785,103.521291,J001818.22+300601.8,X,4.5759445,30.1005,
3785,175.521218,J001818.14+300713.8,X,4.5756112,30.1205,
13400,90.460062,SDSS J093226.79+104759.5,Q,143.1116714,10.7998618,1.2899999618530273
3786,145.659134,SDSS J004227.51-015838.8,Q,10.6146519,-1.9774627,1.687000036239624
13401,72.532163,SDSS J120716.42+320544.6,Q,181.8184334,32.0957456,1.1729999780654907
3789,78.313096,WISEA J140315.09-332241.7,q,210.8129085,-33.3782807,0.10000000149011612
13405,121.849919,J231804.76+112014.7,R,349.5198334,11.3374167,
13408,0.22536,UGC 8347,N,199.1242774,52.9336411,0.032999999821186066
13408,171.582568,SDSS J131630.73+525309.4,Q,199.1280965,52.8859732,2.2130000591278076
13409,81.067135,SDSS J162250.02+373203.2,Q,245.70843,37.5342503,1.9040000438690186
13410,45.612923,SDSS J162358.49+361417.4,Q,245.9937126,36.2381794,0.875
3796,57.099705,J142258.62+402151.9,X,215.7442751,40.3644194,
3798,12.564348,J103447.81+213843.6,X,158.6992223,21.6454445,
3798,20.837228,J103447.23+213914.8,X,158.6968056,21.6541112,
3800,160.986327,WISEA J224352.31+381955.7,q,340.9680004,38.3321625,1.2999999523162842
3801,10.425708,SDSS J044144.34-070500.4,qR,70.4347889,-7.0834598,2.200000047683716
3801,61.205139,WISEA J044146.51-070601.9,q,70.4438134,-7.1005352,0.30000001192092896
3801,131.346126,WISEA J044146.31-070718.9,q,70.4428556,-7.1218371,2.0
3802,176.034365,WISEA J164756.13-071052.4,q,251.9838701,-7.1812629,0.699999988079071
3803,156.576262,WISEA J052733.72+635123.9,q,81.8906343,63.8566501,0.30000001192092896
13421,0.176936,MCG 4-29-003,A,180.7796008,20.805451,0.024000000208616257
3805,128.305172,SDSS J105156.85+510151.1,Q,162.9868973,51.0308698,1.8220000267028809
3805,166.415467,SDSS J105201.08+510146.3,Q,163.0045015,51.0295457,1.284999966621399
13427,113.246659,WISEA J224605.51+104942.1,qX,341.5230427,10.8283381,0.5
13428,121.155291,SDSS J225237.79+060336.2,N,343.15748,6.0600706,0.17100000381469727
13429,134.043677,WISEA J225825.60-011301.0,q,344.6066939,-1.2169455,0.4000000059604645
13430,128.485434,WISEA J231622.60-045959.7,q,349.0942211,-4.9999072,1.0
13438,91.01979,2QZ J220117.7-313024,K,330.3237089,-31.5064167,0.09399999678134918
13439,34.828575,WISEA J221325.45-271333.4,q,333.3560678,-27.2259699,1.399999976158142
13441,142.758934,J000425.28-525509.0,X,1.1053612,-52.9191667,
13441,147.539304,J000411.21-525607.9,X,1.0467223,-52.9355278,
3821,143.878092,J113240.18-095830.5,R2,173.1674311,-9.9751525,1.7999999523162842
13442,50.818548,2QZ J010853.1-283517,N,17.2216251,-28.5882223,0.2160000056028366
3822,94.125155,SDSS J141218.38+501930.1,Q,213.076626,50.3250427,0.7889999747276306
13446,152.696415,SDSS J122017.47+074206.5,Q,185.0728217,7.7018393,1.996000051498413
13454,73.287638,SDSS J013145.66+173337.4,Q,22.9402676,17.5603907,2.436000108718872
13455,169.435798,SDSS J020437.29+212353.6,QX,31.1553925,21.398239,0.9179999828338623
13456,170.037028,WISEA J031220.37-250823.2,q,48.0849409,-25.1397386,1.2000000476837158
3835,0.110921,NGC 7679,ARX,352.1944276,3.5113862,0.01600000075995922
3835,110.400891,J232849.30+033224.1,X,352.2054167,3.5400278,
3835,178.488425,SDSS J232848.63+033337.0,QX,352.2026295,3.560295,1.8949999809265137
13458,165.703822,SDSS J085022.49+401705.7,Q,132.5936923,40.284912,1.4450000524520874
13458,166.720958,SDSS J085020.10+401307.8,Q,132.5837574,40.2188639,1.1890000104904175
13459,111.82895,SDSS J091722.27+443030.9,Q,139.3428173,44.5085947,2.1540000438690186
13459,113.914061,SDSS J091704.61+442829.7,Q,139.269227,44.4749219,2.1500000953674316
3836,77.472602,SDSS J012300.68+332906.9,QRX,20.7528847,33.4852823,0.9200000166893005
3836,93.577902,J012249.24+332858.4,X,20.7052056,33.4828992,1.2000000476837158
3836,105.886244,SDSS J012255.51+332631.3,Q,20.7313027,33.442038,2.1559998989105225
3836,110.266513,SDSS J012256.90+333006.6,Q,20.7370823,33.5018644,1.5809999704360962
3836,126.730714,J012305.41+332731.5,X,20.7725419,33.4587643,1.399999976158142
3836,171.181117,J012307.30+332641.4,X,20.7804287,33.4448421,1.7000000476837158
3836,176.354258,SDSS J012242.53+332911.0,QX,20.677252,33.4864163,2.1059999465942383
3838,140.250883,WISEA J233434.28-042946.7,q,353.6428753,-4.4963216,2.700000047683716
13464,30.147771,J165831.94+594448.0,X,254.6331112,59.7466667,
3844,0.17752,UGC 6135,NRX,166.1539734,45.1251921,0.02199999988079071
3844,149.75444,SDSS J110426.14+450554.4,QRX,166.1089151,45.0984347,2.4100000858306885
3844,179.226488,SDSS J110444.32+450449.5,Q,166.1846866,45.0804169,0.5950000286102295
13474,155.366289,WISEA J022704.82-182850.3,q,36.7700751,-18.4806061,1.5
3848,63.00704,SDSS J151930.30+455323.9,Q,229.8762695,45.889985,0.7990000247955322
3849,84.931444,SDSS J153707.73+431654.7,Q,234.2822409,43.2818875,1.5759999752044678
3849,129.62063,SDSS J153711.50+432002.4,Q,234.2979927,43.3340012,1.9800000190734863
3850,46.625467,SDSS J010722.95+321812.4,QX,16.8456421,32.3034945,1.5269999504089355
3850,145.168468,J010729.02+321950.0,X,16.8709445,32.3305556,
3850,160.709113,J010727.75+321457.0,X,16.8656321,32.2491883,1.5
3852,0.070162,MARK 421,BRX,166.1138081,38.2088329,0.03099999949336052
3852,16.705248,J110425.90+381231.4,X,166.1079167,38.2087223,
3852,34.452908,SDSS J110426.69+381158.1,qX,166.1112527,38.1994948,2.799999952316284
3852,62.506298,J110431.80+381158.6,X,166.1325278,38.1996112,
3852,65.856437,J110431.48+381315.7,X,166.1311945,38.2210278,
3852,74.187068,J110428.00+381345.6,X,166.1166945,38.2293334,
3852,80.228427,J110424.27+381120.1,X,166.1011389,38.1889167,
3852,95.296544,J110430.54+381104.5,X,166.1272778,38.1845834,
3852,106.109875,J110430.97+381054.9,X,166.1290556,38.1819167,
3852,117.540103,J110432.08+381048.6,X,166.1336667,38.1801667,
3852,119.980522,J110423.83+381424.6,X,166.0993056,38.2401667,
3852,121.401998,J110437.06+381311.1,X,166.1544302,38.2197649,0.10000000149011612
3852,136.794872,J110422.14+381434.3,X,166.09225,38.2428612,
3852,142.113068,J110439.32+381219.3,X,166.1638612,38.2053612,
3852,147.759302,J110419.07+381423.2,X,166.0794723,38.2397778,
3852,148.091963,J110423.41+381011.1,X,166.0975556,38.16975,
3852,150.574524,J110415.95+381340.7,X,166.0664723,38.2279723,
3852,157.569077,SDSS J110427.35+380954.2,qX,166.1139832,38.165081,0.8999999761581421
3852,171.085693,J110437.62+381432.4,X,166.15675,38.2423334,
3852,173.112871,J110415.40+381413.2,X,166.0641945,38.237,
3852,178.272749,J110412.44+381304.1,X,166.0518334,38.2178056,
3854,159.687454,SDSS J025049.75-014423.4,Q,42.7072979,-1.7398533,1.1230000257492065
13487,93.060473,WISEA J113151.53-085802.2,q,172.9647177,-8.9673101,0.30000001192092896
13489,98.730803,WISEA J145437.83+372348.0,q,223.6575329,37.3966323,2.799999952316284
13491,112.141432,SDSS J163603.03+560442.6,Q,249.0126444,56.0785043,1.5770000219345093
3862,61.340694,SDSS J122208.33+070853.1,qX,185.5347295,7.1481041,2.299999952316284
3862,61.772196,SDSS J122216.39+070825.2,NX,185.5682958,7.1403463,0.07500000298023224
3862,83.816524,SDSS J122217.53+070806.8,qX,185.5730602,7.135209,1.100000023841858
3862,172.083359,J122215.10+071126.8,X,185.5629445,7.1907778,
3862,176.720533,J122223.89+070921.2,R,185.5995637,7.1559047,0.4000000059604645
13497,75.086446,J095226.52-160004.8,X,148.1105,-16.0013334,
3864,158.372189,J131858.14-183754.4,R,199.7422821,-18.6317953,1.2999999523162842
13498,81.059258,SDSS J101332.69+383820.7,Q,153.3862117,38.63909,0.6129999756813049
13499,170.237697,J104107.58-172754.7,X,160.2815947,-17.4652217,2.0999999046325684
3866,152.254365,SDSS J152628.72+403306.6,Q,231.6196876,40.5518321,1.6859999895095825
13502,125.594533,WISEA J131752.71-392055.0,q,199.4698824,-39.3487226,0.20000000298023224
3875,50.665131,SDSS J020520.58-062614.2,AX,31.3357747,-6.4373209,0.36399999260902405
3875,61.961388,SDSS J020522.36-062750.3,QX,31.3432099,-6.4639842,1.6490000486373901
3875,131.53014,SDSS J020523.27-062903.1,QX,31.3469803,-6.4842377,1.0729999542236328
3875,135.383635,J020526.30-062835.7,X,31.3596038,-6.476587,1.399999976158142
13511,39.539601,SDSS J080112.59+325045.8,Q,120.3024886,32.8460781,2.0360000133514404
13512,147.521984,J104417.05-204945.0,R,161.0710809,-20.8291797,0.4000000059604645
3881,126.998928,WISEA J032207.61+093251.4,q,50.5317346,9.5476557,2.0
13524,137.381668,SDSS J112657.11+391509.9,Q,171.7379815,39.2527561,1.0520000457763672
13525,172.172488,SDSS J153859.68+120656.4,Q,234.7486836,12.1156876,2.796999931335449
3886,95.985691,J234732.27-280756.0,X,356.8844723,-28.1322223,
3886,162.994476,2QZ J234738.6-280501,QX,356.9113161,-28.0836045,1.253000020980835
3886,170.830713,J234721.22-280412.9,X,356.8384515,-28.0702632,
3892,41.451745,WISEA J011142.66-613107.0,qX,17.9277468,-61.5186112,0.699999988079071
3892,164.059941,J011208.66-613214.9,X,18.0361058,-61.5374838,
3892,176.072398,J011134.58-613414.5,X,17.8941088,-61.5706984,
13534,111.00929,WISEA J112829.24+232515.2,q,172.121846,23.4208811,0.4000000059604645
13535,72.660119,SDSS J113429.21+330934.7,Q,173.6217108,33.159651,1.2799999713897705
13535,101.891729,SDSS J113433.08+331158.6,Q,173.6378579,33.1996209,3.9660000801086426
13535,118.725118,SDSS J113435.80+330946.6,Q,173.6491758,33.1629603,2.196000099182129
13535,131.299153,LAMOSTJ113422.81+331241.5,Q,173.5950596,33.2115163,1.1619999408721924
3894,96.013839,NGC 1320,NRX,51.2028766,-3.0422559,0.008999999612569809
13536,158.474367,J121152.95-045315.5,R,182.9706356,-4.8876653,2.4000000953674316
3895,171.628025,SDSS J010205.37-015821.5,Q,15.5223549,-1.9726612,1.593000054359436
3897,0.431962,NGC 2998,NR,147.1818103,44.0814291,0.01600000075995922
3897,93.457578,SDSS J094840.56+440325.3,QR,147.1689922,44.0570326,2.559000015258789
13542,102.001007,SDSS J230344.27+015149.6,Q,345.9344683,1.8638052,2.1040000915527344
3901,141.915082,J223620.10-123423.3,X,339.0837648,-12.5731652,2.5
13545,8.655181,J103641.70-273345.2,X,159.1737778,-27.5625556,
13547,159.99383,WISEA J122310.61-370254.6,q,185.7942287,-37.0484549,1.0
3904,175.561756,SDSS J133039.54+313744.2,QX,202.6647579,31.6289535,1.0950000286102295
13549,0.215438,IC 4349,NR,208.9430904,25.1519041,0.03099999949336052
13549,60.523556,SDSS J135550.78+250900.1,Q,208.9616005,25.1500024,2.628999948501587
3906,77.055451,WISEA J030708.16-093419.0,q,46.7840214,-9.5719333,0.4000000059604645
3907,155.157879,SDSS J075024.30+162223.5,Q,117.6012599,16.373215,0.7310000061988831
13551,97.957994,SDSS J150530.36+463523.4,Q,226.3765658,46.589862,1.9140000343322754
13551,151.2393,LAMOSTJ150527.93+463124.8,Q,226.3664134,46.5235567,1.7519999742507935
13551,176.807312,SDSS J150541.59+463514.8,A,226.4233,46.58745,0.45399999618530273
13552,147.82143,WISEA J153221.83-025140.2,q,233.0907709,-2.8609987,0.699999988079071
3908,0.823076,IC 2461,NRX,139.9917721,37.1912613,0.007000000216066837
3908,91.257003,J092003.20+371234.6,X,140.0133612,37.2096112,
13554,100.875478,WISEA J201306.00-284424.1,q,303.2750345,-28.7400933,2.0999999046325684
3909,107.079959,J122520.87+645746.8,X,186.3369756,64.9630182,1.2000000476837158
3909,138.813824,WISEA J122512.98+645814.5,q,186.3040984,64.9707017,0.10000000149011612
13556,159.276041,WISEA J003348.58-564529.5,q,8.4523163,-56.7582751,2.200000047683716
3910,61.800689,SDSS J231509.35+251752.0,Q,348.7889754,25.297798,1.6460000276565552
13560,55.464259,SDSS J082856.75+173254.3,N,127.2364824,17.5484423,0.10100000351667404
13561,158.330354,SDSS J105559.58+495807.7,Q,163.9982711,49.9688128,3.7890000343322754
3917,122.706078,J182545.97-632307.9,X,276.4415654,-63.385553,
3918,1.212478,NGC 34,NRX,2.777296,-12.1076425,0.01899999938905239
13565,0.392212,MCG 7-31-047,AR,228.7730689,43.1505828,0.017999999225139618
3919,145.21318,SDSS J010713.56+324555.3,Q,16.8065542,32.76541,0.972000002861023
3919,177.117676,SDSS J010656.57+324528.4,Q,16.7357672,32.7579299,1.3730000257492065
13567,102.569288,J165814.49+585610.0,X,254.5603956,58.936122,
3921,156.740854,WISEA J190459.46+554021.5,q,286.247877,55.6725918,0.699999988079071
3923,111.193582,J005754.64-273048.6,X,14.4776956,-27.5135188,
3924,77.742342,SDSS J095225.42+021001.2,Q,148.105961,2.1670005,0.628000020980835
3924,168.186206,LAMOSTJ095222.46+021125.2,Q,148.09362,2.1903383,2.759000062942505
3925,27.353001,J123547.16+265410.9,X,188.9465278,26.9030278,
13574,142.803707,WISEA J051818.44-575852.7,q,79.576856,-57.9813104,0.800000011920929
13576,82.768236,WISEA J074824.17-821159.2,q,117.1007483,-82.1997843,1.2000000476837158
3927,0.076507,IC 1464B,AR,345.7959167,-8.9890834,0.024000000208616257
3929,115.786539,SDSS J024032.20-052715.7,Q,40.1341919,-5.4543808,0.8550000190734863
3931,99.709793,WISEA J183406.02+383733.0,q,278.525311,38.6258439,1.7000000476837158
3934,100.299163,WISEA J040352.70+305157.3,q,60.9696319,30.8659164,1.5
13584,0.082045,ESO 462-9,NR,305.4648174,-31.2897279,0.01899999938905239
13585,131.293544,J220146.47-222715.8,X,330.4436389,-22.4543889,
3936,66.638297,SDSS J120424.24+642549.4,Q,181.101012,64.4303878,0.8320000171661377
3936,104.781134,SDSS J120448.93+642533.3,Q,181.203904,64.4259186,1.2920000553131104
13587,119.743002,WISEA J044843.64-124544.6,q,72.1818615,-12.7623987,1.2000000476837158
13587,124.847289,WISEA J044843.38-124727.5,q,72.1806425,-12.7910025,0.4000000059604645
13587,139.292752,WISEA J044836.42-124845.1,q,72.1516902,-12.8123885,2.700000047683716
3938,54.330062,RXS J17366+7205,AX,264.1553369,72.0920108,0.09399999678134918
13590,0.246764,MCG 9-13-116,N,121.0548334,55.3976389,0.03200000151991844
3941,141.028807,WISEA J125821.23-153238.1,q,194.5884682,-15.5439474,1.0
3942,0.161022,NGC 5674,ARX,218.4678234,5.4583746,0.02500000037252903
3942,158.72349,SDSS J143357.18+052950.8,QX,218.4882229,5.4974635,0.9309999942779541
3944,0.285598,MCG -6-15-006,ARX,98.093385,-33.5152945,0.02500000037252903
3945,97.348401,J094404.16-211841.5,X,146.0173354,-21.3115298,0.10000000149011612
13596,121.677971,SDSS J155744.08+041611.8,Q,239.4337073,4.2699547,2.427999973297119
3947,122.870686,SDSS J231539.47+131831.7,Q,348.9144555,13.3088118,2.7100000381469727
3947,170.886593,SDSS J231540.89+131455.5,Q,348.9203868,13.248764,3.0320000648498535
3948,166.616291,WISEA J233704.19-202504.4,q,354.2675418,-20.4180148,1.399999976158142
3949,34.201102,J014443.08-040747.6,R,26.1795143,-4.1298912,1.399999976158142
3949,81.478877,SDSS J014441.75-040701.4,Q,26.1739758,-4.1170368,1.850000023841858
3949,168.696934,SDSS J014440.19-041040.2,Q,26.1674316,-4.1778095,1.5
13599,139.859961,2QZ J230719.2-272128,Q,346.8301256,-27.3577778,1.184999942779541
3951,162.025959,SDSS J123753.76+332602.2,QR,189.47401,33.433954,0.5109999775886536
13600,63.8136,SDSS J020015.14+320233.1,Q,30.0631128,32.0425565,1.4079999923706055
13600,122.17615,SDSS J020010.43+320156.9,Q,30.0434954,32.0324809,1.1619999408721924
13601,128.334035,WISEA J020319.30-604945.8,q,30.8304025,-60.8294061,1.600000023841858
13605,117.646622,SDSS J101035.37+275826.0,Q,152.6474154,27.9739223,1.1890000104904175
3956,176.899369,WISEA J233056.16-025855.8,qX,352.7339747,-2.9822054,0.30000001192092896
13606,109.657329,SDSS J103640.84+053238.1,Q,159.1701757,5.5439356,0.7450000047683716
3959,169.103957,WISEA J131934.29+402554.2,q,199.892901,40.4317509,1.7000000476837158
13608,120.146875,SDSS J125856.01+281503.6,qX,194.7334096,28.2510075,1.899999976158142
3960,0.314938,NGC 6454,AR2X,266.2358585,55.7047662,0.03099999949336052
13610,116.962472,SDSS J143345.14+400348.1,Q,218.4381249,40.0633822,1.1690000295639038
13610,125.337078,SDSS J143337.46+400544.5,Q,218.4061,40.0956993,2.234999895095825
13610,125.652387,PGC 2160796,N,218.4898904,40.1131511,0.0989999994635582
13610,152.833914,SDSS J143355.01+400751.5,QX,218.4792633,40.1309936,2.615000009536743
13611,27.538318,WISEA J184023.69-770821.0,q,280.0983718,-77.1391508,0.5
13611,93.455255,ESO 45-11,BRX,280.1608154,-77.1579583,0.017999999225139618
13611,106.663549,J184007.16-770917.9,X,280.0298646,-77.1549912,
13611,142.715177,J183948.86-770713.5,X,279.9536229,-77.1204193,
3965,173.302504,WISEA J102938.67-034732.4,q,157.4111321,-3.7923544,1.2999999523162842
13615,156.636191,WISEA J024740.16+160754.8,q,41.917287,16.1319017,0.699999988079071
13617,110.482503,WISEA J051431.55-032550.1,q,78.6314872,-3.4306169,0.800000011920929
13620,136.402451,SDSS J120726.22+363744.6,QR,181.8592942,36.6290388,2.11299991607666
13620,137.648971,SDSS J120727.84+363804.3,Q,181.8660386,36.6345435,1.8029999732971191
13621,91.305411,2QZ J140129.4-003833,Q,210.3727245,-0.6424876,0.5740000009536743
13621,97.989081,2SLAQ J140119.18-003759.1,Q,210.3298845,-0.6330792,2.3369998931884766
13621,163.572372,2SLAQ J140122.14-003449.5,Q,210.3422394,-0.5804111,1.375
3977,121.309373,SDSS J130854.61+621621.5,Q,197.2275533,62.2726435,1.812000036239624
3979,9.845109,J123032.16+122934.1,X,187.6340278,12.4928056,
3979,24.137819,J123030.41+122932.6,X,187.6267223,12.4923889,
3979,24.385065,SDSS J123033.40+122912.3,qX,187.6391995,12.4867716,2.4000000953674316
3979,76.945061,J123027.68+123009.1,X,187.6153334,12.5025278,
3979,82.070011,J123037.53+122934.6,X,187.6563889,12.4929445,
3979,120.673629,J123040.20+122921.1,X,187.6675278,12.4891945,
3979,176.173527,M 87.1524,QX,187.6283651,12.4414821,2.2300000190734863
13627,11.962344,J045948.84-122711.4,R,74.9535,-12.4531667,
13627,110.924011,WISEA J045951.66-122515.5,q,74.9652352,-12.421013,1.2000000476837158
13630,133.654074,WISEA J085346.10-071128.9,q,133.4421191,-7.1913654,2.299999952316284
13631,125.601964,SDSS J101424.26+390227.1,QX,153.6010903,39.0408683,1.3480000495910645
3985,104.816135,WISEA J061430.43+810502.1,q,93.6270759,81.0838996,2.299999952316284
13635,125.483522,SDSS J152223.55+191431.9,Q,230.5981482,19.2421939,0.7110000252723694
13639,66.500916,WISEA J032818.75-725633.5,q,52.0780739,-72.94268,0.699999988079071
3990,76.609837,WISEA J104205.55-284627.3,q,160.5232292,-28.7742654,1.899999976158142
13640,126.577352,J093925.93-190550.4,R,144.8580556,-19.0973334,
3992,113.652846,WISEA J200120.18-463807.8,q,300.3341167,-46.6354968,0.6000000238418579
13641,95.96609,SDSS J102833.73+124233.7,Q,157.1405655,12.7093938,3.384999990463257
13641,125.120527,PGC 213703,NR,157.0871803,12.6809211,0.03400000184774399
3994,3.439784,IC 2510,NR,146.9316945,-32.8382778,0.008999999612569809
3995,179.581027,WISEA J095935.30-192654.5,qX,149.8970017,-19.4485217,1.100000023841858
13646,144.409783,SDSS J142840.40+285541.5,Q,217.1683593,28.9282072,0.6690000295639038
13646,158.376512,SDSS J142843.94+285513.5,qX,217.1831158,28.9204378,2.200000047683716
3997,72.307285,SDSS J113450.15+490327.1,QX,173.7089757,49.0575564,0.6439999938011169
3997,138.130932,J113436.42+490534.3,X,173.6517778,49.0928612,
3997,144.444269,SDSS J113439.22+490624.1,QX,173.6634324,49.1067006,1.6649999618530273
13649,153.454008,SDSS J153342.42+051941.1,Q,233.4267865,5.3281048,2.559999942779541
3998,53.154151,SDSS J081914.57+202951.8,QX,124.8107386,20.4977426,0.6480000019073486
3998,85.094761,WISEA J081914.38+203200.7,qX,124.809967,20.5334972,2.700000047683716
3998,103.276398,SDSS J081914.63+202858.6,QX,124.8109713,20.4829661,2.3410000801086426
3998,124.230496,SDSS J081909.45+202843.4,Q,124.7894112,20.4787274,2.2119998931884766
3998,142.30023,SDSS J081919.61+203223.4,QR,124.8317285,20.5398684,2.114000082015991
3999,6.57544,J153434.95+151148.2,X,233.6456458,15.196745,
3999,43.448076,NGC 5953,NRX,233.6349445,15.1937778,0.007000000216066837
3999,121.535547,SDSS J153441.27+151030.7,qX,233.6719666,15.1752148,0.6000000238418579
3999,122.50414,SDSS J153427.20+151112.5,qX,233.6133442,15.186814,1.0
3999,149.1787,SDSS J153437.78+150929.9,qX,233.6574706,15.1583044,1.600000023841858
4001,0.015133,ESO 297-18,NRX,24.6548334,-40.0114167,0.02500000037252903
13654,0.1368,UGC 11948,N,333.0927845,14.0243647,0.027000000700354576
4002,123.743282,J105510.07-261022.2,R,163.791959,-26.172851,
13655,65.720549,WISEA J231309.61+221145.7,q,348.2900781,22.1960402,0.5
4003,111.888649,WISEA J124802.28-404714.9,q,192.0094909,-40.7875134,1.2000000476837158
13657,65.909105,WISEA J003217.83-421003.4,q,8.0745004,-42.1676393,1.2000000476837158
4005,55.823751,SDSS J011422.63+055632.4,Q,18.5943507,5.9423365,0.8930000066757202
4005,153.722198,SDSS J011414.18+055711.8,Q,18.5591144,5.9532838,1.0160000324249268
13660,93.532994,SDSS J023039.83-043758.2,QX,37.6659883,-4.6328564,1.6610000133514404
13665,159.757645,WISEA J103851.27-070459.9,q,159.7136556,-7.083465,1.899999976158142
4012,0.060617,ESO 362-18,ARX,79.89925,-32.65775,0.013000000268220901
4012,117.027461,WISEA J051939.48-324115.5,qX,79.9145502,-32.6875902,0.10000000149011612
4012,134.652465,J051939.22-323720.3,X,79.9134167,-32.6223056,
4013,140.98573,WISEA J131341.59-170358.8,q,198.4232405,-17.066436,1.2999999523162842
13672,137.766711,SDSS J215636.51+023448.2,Q,329.1521238,2.5800711,1.5269999504089355
4022,0.178647,NGC 5283,NRX,205.2739532,67.6722211,0.008999999612569809
13675,158.557402,J073639.33-694632.0,X,114.1638799,-69.775569,
4026,126.641768,WISEA J094624.40+030613.0,qX,146.6016691,3.1036475,0.20000000298023224
4026,164.250651,J094612.39+030555.5,X,146.5516389,3.09875,
13679,0.361806,MCG 8-18-060,A,150.8472369,48.3658589,0.02500000037252903
13679,170.089377,SDSS J100306.35+482139.5,Q,150.7764624,48.3609836,1.659000039100647
13681,38.668395,J125439.36+584614.3,X,193.6640278,58.7706389,
13681,56.290893,J125448.32+584553.4,X,193.7013334,58.7648334,
13681,124.371752,SDSS J125430.63+584521.9,qX,193.6276253,58.7561005,1.899999976158142
13681,160.682011,SDSS J125423.88+584545.3,Q,193.5995691,58.7625863,1.38100004196167
4030,139.438411,SDSS J151436.12+011029.7,A,228.65052,1.174931,0.125
4032,133.027822,WISEA J183507.01+524258.3,qR,278.7792172,52.7162148,0.6000000238418579
4035,117.911053,SDSS J132835.30+463433.2,Q,202.147112,46.5758905,2.0190000534057617
4038,161.089048,WISEA J005105.27-070115.6,q,12.7719699,-7.0210003,0.8999999761581421
4039,91.303665,WISEA J071946.73-630304.8,q,109.9447724,-63.0513454,2.200000047683716
13692,94.11001,WISEA J084800.39+255104.9,q,132.001627,25.8513686,0.10000000149011612
4040,111.097831,J134407.87-271530.4,X,206.0327997,-27.2584547,
13693,105.167801,SDSS J093919.48+322058.3,Q,144.8312025,32.349554,1.2419999837875366
13693,166.262528,SDSS J093939.55+322205.5,Q,144.9147917,32.3682153,1.3569999933242798
13693,175.359104,SDSS J093925.51+322450.6,Q,144.8563046,32.4140591,2.2829999923706055
13695,147.855082,J130523.65+533216.8,X,196.3485459,53.5380032,0.5
13695,157.69884,J130526.34+533141.6,X,196.35975,53.5282223,
13695,176.128842,SDSS J130549.14+533136.4,QX,196.4548327,53.5268145,2.4089999198913574
4043,108.908768,SDSS J143120.32+030108.0,qX,217.8346812,3.0188958,2.4000000953674316
4043,144.853714,J143133.01+030228.5,X,217.8875556,3.04125,
4043,162.073808,J143120.72+030242.5,X,217.8363334,3.0451389,
13700,154.602616,SDSS J021418.91-064718.8,Q,33.5787977,-6.7885703,3.125
4047,153.911059,J021352.53+275151.9,X,33.4688889,27.8644167,
4047,173.693683,J021353.21+275052.2,X,33.4717223,27.8478334,
4048,158.330025,3C 66.0B,AX,35.7979723,42.9930556,0.020999999716877937
4048,175.212484,J022256.48+430336.8,RX,35.7353725,43.0602317,
4049,0.08634,UGC 3087,ARX,68.2962326,5.3543383,0.032999999821186066
4049,65.120543,J043308.12+052203.2,RX,68.2838394,5.3675783,0.5
4049,65.232642,J043311.16+052010.3,X,68.2965229,5.3362125,
13705,46.591417,J091924.10+334352.3,X,139.8504445,33.7311945,
13705,86.404776,SDSS J091915.75+334411.4,QX,139.815598,33.7364949,1.6629999876022339
13705,160.119718,SDSS J091926.99+334703.5,N,139.86249,33.784329,0.38999998569488525
4050,0.143427,ESO 33-2,NRX,73.9955181,-75.5411922,0.01899999938905239
13706,21.052615,J102232.17+043441.6,X,155.6340556,4.5782223,
13707,156.547304,SDSS J120952.13+362523.1,Q,182.4672131,36.4230842,1.1330000162124634
13708,86.605319,2SLAQ J141211.57-003657.8,N,213.0482184,-0.6160691,0.026000000536441803
13708,155.342955,2SLAQ J141225.35-003853.4,QRX,213.1056157,-0.6481678,1.1540000438690186
13710,29.881297,WISEA J151132.98-134950.3,q,227.8874424,-13.8307068,0.6000000238418579
4056,147.384101,J133151.02-024452.4,R,202.9625834,-2.7478889,
13711,0.281814,UGC 10120,ARX,239.7900952,35.0298801,0.03099999949336052
13711,93.136663,SDSS J155912.87+350311.8,QX,239.8036441,35.0532791,0.7509999871253967
4058,118.971362,IC 1078,N,224.1208879,9.3545256,0.028999999165534973
4058,153.177914,SDSS J145630.81+092422.5,N,224.1283846,9.40625,0.16500000655651093
4058,160.499236,SDSS J145642.14+092424.9,QR,224.1756176,9.4069072,2.328000068664551
4061,26.792246,SDSS J102459.33+280152.7,Q,156.2472345,28.031332,0.8960000276565552
4061,115.743769,SDSS J102504.98+280254.1,Q,156.2707566,28.0483829,1.1920000314712524
4061,116.441719,SDSS J102456.42+280315.9,Q,156.2351116,28.0544368,0.6769999861717224
13718,151.072849,SDSS J030337.41-153909.4,qX,45.9058927,-15.6526161,1.100000023841858
13718,170.308639,SDSS J030339.47-154302.9,qX,45.9145364,-15.7174752,2.200000047683716
4063,0.263613,NGC 5228,AR,203.6460804,34.7777772,0.026000000536441803
4063,124.937656,SDSS J133431.53+344443.1,N,203.6314,34.745311,0.4359999895095825
13719,0.209653,MCG 5-23-017,NR,143.6720955,32.0683099,0.02199999988079071
13719,122.365497,SDSS J093433.16+320301.1,Q,143.6381616,32.0502988,1.809999942779541
13719,156.790672,SDSS J093445.56+320633.2,Q,143.689869,32.1092171,2.3469998836517334
4066,125.436323,J003924.18+005607.7,X,9.85075,0.9354723,
4066,126.463361,SDSS J003914.76+005248.1,QX,9.8115231,0.8800323,1.9819999933242798
4066,162.153202,SDSS J003922.11+005216.8,QX,9.8421731,0.8713771,1.5670000314712524
13721,127.656682,SDSS J122740.23+565508.0,Q,186.9176439,56.9189006,1.7070000171661377
13723,116.551828,SDSS J144216.14+005500.3,Q,220.5672701,0.9167812,3.3340001106262207
13723,160.837924,WISEA J144221.75+005707.3,q,220.5906318,0.952038,1.399999976158142
4070,168.903055,J130617.64-373734.4,X,196.5735308,-37.6262438,
4072,147.17037,SDSS J235841.62+104205.2,Q,359.6734198,10.7014617,2.109999895095825
4075,120.897682,SDSS J115124.08+500820.0,Q,177.8503666,50.1388948,1.0490000247955322
4075,170.879652,SDSS J115055.84+500949.0,Q,177.7327076,50.163624,1.1399999856948853
4079,149.846254,J081243.18+733605.5,X,123.1799445,73.6015278,
4080,96.103204,SDSS J090546.27+252748.1,Q,136.4428317,25.4633821,1.7790000438690186
4080,153.419166,J090556.00+252427.3,R,136.4833334,25.4075834,
13734,0.31893,CGCG 74-64,N,210.7685723,8.9475048,0.023000000044703484
13736,127.699083,SDSS J233549.86+265732.6,Q,353.9577688,26.9590784,1.621000051498413
13739,166.82182,J015445.40+365119.0,X,28.6891667,36.8552778,
13740,84.187443,SDSS J023527.52-070950.4,qX,38.8646924,-7.1639726,1.2000000476837158
13740,86.127587,SDSS J023537.92-070839.3,AX,38.9080251,-7.1442395,0.30000001192092896
13740,132.860802,SDSS J023524.10-070952.2,QX,38.8504178,-7.1644726,1.3869999647140503
13741,27.027465,SDSS J025812.55+055829.6,qX,44.5523285,5.9748999,0.8999999761581421
13741,91.732771,SDSS J025808.11+055808.9,qX,44.5338042,5.9691558,1.2999999523162842
13741,107.065019,J025810.26+055948.2,X,44.5427618,5.9967477,
13741,148.670017,SDSS J025820.95+060008.7,qX,44.5873249,6.0023958,0.800000011920929
4093,148.486276,2QZ J215815.0-272548,Q,329.5625903,-27.4297738,2.4779999256134033
4095,179.986087,WISEA J024704.64+083611.7,q,41.76936,8.6032599,1.399999976158142
13747,19.797932,J191811.03+595632.5,R,289.5459808,59.942373,0.6000000238418579
13750,151.401413,WISEA J003830.41+292905.6,q,9.626716,29.4848925,0.6000000238418579
4098,0.302979,UGC 7016,ARX,180.5999003,14.8436511,0.024000000208616257
4099,56.54657,SDSS J130854.61+621621.5,Q,197.2275533,62.2726435,1.812000036239624
13751,87.155279,DEEP J022815.07+004829.6,A,37.062801,0.8082274,0.6470000147819519
13751,95.581569,SDSS J022815.40+004838.9,QX,37.0642019,0.8108089,2.490999937057495
13751,148.296816,SDSS J022811.28+005022.9,Q,37.0470222,0.8396979,1.4950000047683716
13751,166.496885,SDSS J022810.01+004510.1,QX,37.0417199,0.7528097,1.2070000171661377
13752,78.926094,WISEA J031132.37-164321.0,q,47.8848971,-16.7225057,1.2999999523162842
4100,138.580975,WISEA J133451.56+135200.3,q,203.714858,13.8667631,0.5
4101,62.642555,SDSS J144619.85+324550.6,Q,221.5827163,32.7640753,1.9019999504089355
4101,174.790976,SDSS J144631.69+324850.4,Q,221.6320629,32.8139875,1.9240000247955322
13754,92.765281,SDSS J115827.65+282146.0,qX,179.6152035,28.3627926,2.0
13754,106.210288,SDSS J115827.68+282043.1,qX,179.6153412,28.3453293,1.399999976158142
13754,125.834254,SDSS J115814.38+282000.6,qX,179.5599282,28.3335141,1.2999999523162842
13754,152.694581,J115829.11+281950.9,X,179.6213056,28.3308056,
4103,122.541218,J092028.89-075144.4,X,140.1204069,-7.8623471,0.5
13760,106.685182,SDSS J143039.11+252933.3,AR,217.66296,25.492589,0.5270000100135803
4108,0.092836,MCG -1-13-025,ARX,72.922995,-3.809371,0.013000000268220901
13761,118.46945,WISEA J154139.80-040103.1,q,235.415838,-4.0175045,3.0999999046325684
13765,167.832294,2QZ J220237.7-280813,Q,330.6572129,-28.136765,0.9480000138282776
4112,141.393559,WISEA J091030.71+502054.6,q,137.6279184,50.3485131,1.100000023841858
13766,114.477287,SDSS J004042.48+301136.8,Q,10.1770289,30.1935652,0.9039999842643738
13768,110.297,WISEA J033934.28+203331.1,q,54.89283,20.5586347,0.6000000238418579
13772,107.019511,SDSS J084802.14+173603.5,Q,132.0089605,17.6009836,2.9230000972747803
13772,139.980999,WISEA J084807.24+173858.4,q,132.0301994,17.6495663,0.30000001192092896
13775,102.626512,SDSS J111154.77+364424.2,Q,167.9782345,36.7400695,1.6660000085830688
13775,171.182984,SDSS J111147.16+364733.3,Q,167.9465131,36.7925876,1.2769999504089355
13780,112.781743,SDSS J162550.55+480408.9,Q,246.4606616,48.0691579,1.0399999618530273
13780,164.449679,SDSS J162534.28+480658.6,Q,246.3928579,48.1162939,1.4539999961853027
13781,0.121053,IRAS 19412-3305,NR,296.1284464,-32.9658747,0.03099999949336052
13783,143.212686,WISEA J033721.95+015246.8,q,54.3414527,1.8796915,0.8999999761581421
4128,0.285209,NGC 4117,NRX,181.9421625,43.1263471,0.003000000026077032
4128,173.63271,SDSS J120759.61+430906.1,NRX,181.9984,43.151713,0.46700000762939453
4128,176.633024,SDSS J120744.57+431030.8,QX,181.935758,43.1752647,1.024999976158142
13785,146.421776,WISEA J081934.01+594504.1,q,124.8917524,59.7511736,2.0
13786,118.411901,SDSS J100050.37+553510.3,QX,150.2099162,55.5862146,2.880000114440918
13786,148.690353,NGC 3073 UB1,QX,150.2680351,55.5893545,1.534000039100647
13786,171.85832,PGC 2508139,AX,150.1343439,55.6085948,0.2150000035762787
4131,178.417602,SDSS J160410.59+134144.7,Q,241.0441608,13.6957718,3.2939999103546143
13790,83.299888,SDSS J115638.46+313112.1,AX,179.1602903,31.5200531,0.07999999821186066
13791,97.803367,SDSS J124301.38+034137.5,qX,190.7557841,3.6937565,1.600000023841858
13791,159.975517,SDSS J124245.68+034021.7,qX,190.6903398,3.6727022,1.7000000476837158
4136,111.531902,WISEA J122209.16+124310.7,q,185.5381755,12.7196338,0.20000000298023224
13797,0.286876,IC 2453,NR,138.9772259,20.9288802,0.029999999329447746
13797,105.405405,SDSS J091547.44+205619.7,Q,138.9476952,20.9387907,1.6260000467300415
13802,132.171235,SDSS J113323.90+341555.3,Q,173.3496037,34.2653477,0.9169999957084656
13802,157.452008,NPM 1G+34.0223,N,173.344512,34.2943886,0.026000000536441803
13806,13.213791,J044822.57-032212.8,X,72.0940556,-3.3702223,
13808,98.925457,SDSS J115848.08+282412.9,Q,179.7003669,28.4035862,1.6729999780654907
13808,104.973362,SDSS J115902.18+282259.7,Q,179.7590671,28.383263,2.8570001125335693
4150,55.11235,J124646.18-212429.7,R,191.6924167,-21.40825,
13810,123.974079,WISEA J120549.73-295615.9,q,181.4572331,-29.9377065,0.5
4152,96.359454,J012331.74+331338.8,X,20.88225,33.2274445,
13811,73.534468,SDSS J125441.07+393335.8,Q,193.6711263,39.5599575,1.3849999904632568
13811,150.893784,SDSS J125450.15+393640.8,A,193.7089691,39.6113341,0.1679999977350235
4153,141.244745,WISEA J101830.09-130759.8,q,154.6253966,-13.1332992,0.8999999761581421
4153,167.729216,WISEA J101813.88-130747.9,q,154.5580936,-13.1298483,0.20000000298023224
4154,0.167822,MCG -2-27-009,A,158.8639418,-14.1298417,0.014999999664723873
4154,87.57913,WISEA J103532.10-140841.2,q,158.8837792,-14.1448101,2.200000047683716
13815,70.20714,SDSS J151317.18+071256.4,qX,228.3215844,7.2156709,
13815,117.794355,SDSS J151320.55+071411.4,qX,228.3356539,7.2365161,1.100000023841858
13815,120.689442,J151306.07+071231.6,X,228.2753056,7.2087778,
4155,0.076684,ESO 439-9,NRX,171.8476253,-29.2575834,0.023000000044703484
4155,129.281332,J112713.97-291604.9,X,171.8082247,-29.2680441,1.399999976158142
4157,0.247181,UGC 8823,ARX,208.2643152,69.3081697,0.03099999949336052
4157,29.716195,J135302.90+691759.7,X,208.2621112,69.2999167,
13819,157.014689,WISEA J055807.23-634040.5,q,89.5300776,-63.6779569,0.20000000298023224
4158,0.24358,IC 989,AR,213.7139504,3.1309261,0.02500000037252903
4158,152.232436,NPM 1G+03.0417,N,213.677515,3.10941,0.026000000536441803
13821,108.37862,J082708.44+214138.9,X,126.7851667,21.6941389,
13821,167.048211,SDSS J082658.63+214507.1,QX,126.74432,21.7519846,0.628000020980835
13823,48.147437,SDSS J121708.60+034011.6,Q,184.2858476,3.6698863,3.9019999504089355
4162,95.302881,SDSS J085344.51+390718.3,Q,133.4354697,39.1217496,0.9779999852180481
4162,153.586453,WISEA J085347.50+390627.6,q,133.4479278,39.1076828,0.800000011920929
4162,175.694339,SDSS J085341.42+390518.8,Q,133.4226197,39.088558,1.8300000429153442
13825,117.323312,J122654.90+085333.1,X,186.72875,8.8925278,
13826,30.71237,Q 1256+2803,Q,194.7897525,27.7910826,2.6600000858306885
13826,53.787136,SDSS J125905.22+274739.4,qX,194.7717962,27.794279,1.600000023841858
13826,117.951054,SDSS J125900.54+274602.7,N,194.7523016,27.7674481,0.2290000021457672
4166,135.472746,WISEA J011725.83-585610.1,q,19.3575595,-58.9361666,0.20000000298023224
4172,104.771125,WISEA J132802.80-132519.9,q,202.0116787,-13.4222764,1.2999999523162842
13837,63.009486,PGC 1264631,N,165.1010703,4.1793214,0.03799999877810478
13839,129.693868,SDSS J140347.76+390250.8,QR,210.9490018,39.0474632,3.069999933242798
13841,168.575349,J222647.42+395019.0,R,336.6975834,39.8386112,
4176,118.453529,SDSS J031343.07-001623.4,Q,48.4295051,-0.2731815,1.565000057220459
13842,120.899624,SDSS J232550.48+340140.4,Q,351.460371,34.0279156,2.124000072479248
4177,70.481469,SDSS J081555.03+231241.8,Q,123.979322,23.2116145,1.8489999771118164
4179,142.060747,WISEA J051542.12-032417.5,q,78.9254858,-3.4048385,0.8999999761581421
13849,0.358789,UGC 10207,NR,241.6774945,31.8944137,0.028999999165534973
13849,111.038156,SDSS J160634.30+315412.9,Q,241.6429332,31.903597,1.5540000200271606
13851,170.808746,WISEA J173436.65-635648.8,q,263.6527059,-63.946901,1.2000000476837158
4185,0.222654,NGC 5327,N,208.0174204,-2.2066111,0.014999999664723873
4185,122.881165,SDSS J135212.21-021248.4,Q,208.0508878,-2.2134309,1.7419999837875366
4185,158.841944,2QZ J135209.7-021009,Q2,208.0407975,-2.1691124,1.0679999589920044
4185,171.255535,2QZ J135215.5-021241,Q,208.0648024,-2.2112604,1.555999994277954
13852,102.061606,J203007.27-005121.1,R,307.5303294,-0.8558884,1.399999976158142
13853,91.317015,WISEA J221946.16-262138.1,q,334.9423567,-26.3606066,0.800000011920929
4188,89.002917,WISEA J001714.90-191706.1,q,4.3120821,-19.2850602,1.100000023841858
4189,89.187034,SDSS J005754.59+312758.4,Q,14.4774742,31.4662478,1.1349999904632568
4189,161.863713,SDSS J005758.60+313103.3,Q,14.4941596,31.517623,1.1009999513626099
13858,136.787724,SDSS J115352.07+203255.2,Q,178.466984,20.5486703,2.5969998836517334
13859,140.059001,WISEA J122041.32+165905.8,q,185.1721805,16.9849463,0.800000011920929
13860,136.727878,SDSS J130317.86+074559.7,qR,195.8244523,7.7666059,0.4000000059604645
13860,146.746427,WISEA J130310.82+074552.9,q,195.7950335,7.7646654,0.6000000238418579
4191,156.199775,SDSS J092347.39+491239.4,Q,140.9474895,49.2109603,1.690000057220459
4191,157.458316,SDSS J092419.13+491200.3,Q,141.079749,49.2001046,0.9070000052452087
4191,172.96489,SDSS J092345.51+491225.1,Q,140.9396951,49.2069846,1.6679999828338623
13861,148.247261,SDSS J131847.57+305054.8,Q,199.6982232,30.8485639,1.809999942779541
13861,176.284545,J131850.02+305058.5,X,199.7084378,30.8496108,1.899999976158142
4192,150.509689,SDSS J113056.19+224541.1,Q,172.7341547,22.7614211,1.5210000276565552
4193,152.106352,LAMOSTJ121936.39+301937.0,Q,184.9016316,30.3269222,1.1729999780654907
4193,164.780534,SDSS J121953.84+301757.1,Q,184.9743684,30.299199,2.00600004196167
13863,0.319542,PGC 184124,N,206.58349,-3.4281134,0.023000000044703484
13863,47.691097,MCG 0-35-020,AR,206.5924142,-3.4182805,0.024000000208616257
4194,143.611798,SDSS J094104.89+355236.5,Q,145.2704087,35.8768206,2.624000072479248
13865,178.944993,SDSS J160231.52+425613.6,Q,240.6313304,42.9371306,0.9779999852180481
4199,0.069393,UGC 3752,NRX,108.5160639,35.2792659,0.01600000075995922
13870,0.441246,UGC 1098,AR,23.0670744,21.4109325,0.03400000184774399
4200,1.021127,SDSS J133817.29+481631.4,NRX,204.5722925,48.2755287,0.02800000086426735
4200,6.303304,2XMM J133817.5+481637,NX,204.5732087,48.2771112,0.02800000086426735
4200,10.479014,NGC 5256,ARX,204.5741278,48.278097,0.02800000086426735
4200,27.363581,SDSS J133817.59+481659.3,NRX,204.573311,48.2831411,0.028999999165534973
4200,122.862246,SDSS J133819.88+481832.1,QX,204.5828577,48.3089377,2.2260000705718994
4200,171.337795,SDSS J133823.24+481912.7,Q,204.5968734,48.320195,1.0299999713897705
4202,59.812924,SDSS J122602.90+032547.3,Q,186.5121268,3.4298081,2.9769999980926514
4203,169.811648,SDSS J124412.00+370716.7,Q,191.0500324,37.1213267,1.753000020980835
13875,153.718825,J125247.46-463652.0,X,193.19775,-46.6144445,
4204,83.140968,SDSS J135755.61+645317.4,Q,209.4817346,64.88817,1.3910000324249268
4206,90.015204,SDSS J233455.03+045357.3,QR,353.7293078,4.8992247,2.5299999713897705
13880,146.595491,WISEA J034553.24-041431.7,q,56.4718438,-4.2421207,1.2000000476837158
4207,0.059851,NGC 235,ARX,10.7200432,-23.5410314,0.02199999988079071
4207,41.688029,J004250.12-233247.0,X,10.7088469,-23.5464042,
4207,75.685177,J004251.75-233341.9,X,10.7156305,-23.5616532,
4207,178.13762,J004302.41-233427.2,X,10.7600556,-23.5742223,
4209,2.79915,NGC 2617,A,128.912,-4.0888889,0.014000000432133675
4209,145.533671,SDSS J083548.49-040526.5,qR,128.9520716,-4.0907106,1.899999976158142
4209,174.022226,SDSS J083546.75-040310.6,qX,128.9447937,-4.0529714,0.800000011920929
4210,0.225513,NGC 3861,ARX,176.2661803,19.9736811,0.017000000923871994
4210,21.367566,J114502.95+195808.1,X,176.2623056,19.9689167,
4210,177.184081,SDSS J114515.70+195725.1,QX,176.3154111,19.9569992,0.734000027179718
13886,111.285651,SDSS J134053.03+422435.6,Q,205.2209711,42.4098942,2.1029999256134033
13886,153.769548,SDSS J134107.71+422802.6,Q,205.2821687,42.4673946,1.2410000562667847
13889,153.947233,2QZ J222301.0-285455,QX,335.7544013,-28.9152786,1.49399995803833
13889,159.108381,J222312.15-285930.5,X,335.8006447,-28.9918111,1.2000000476837158
4213,45.681271,SDSS J225629.81+174623.9,Q,344.1242237,17.7733438,1.031000018119812
4213,74.108791,SDSS J225627.26+174749.7,Q,344.1136213,17.7971434,1.4470000267028809
4213,164.614648,SDSS J225627.59+174939.6,Q,344.1149599,17.8276773,1.930999994277954
13890,167.829053,WISEA J234024.76-610228.2,qX,355.1031809,-61.0411939,1.2000000476837158
4214,56.56836,SDSS J010123.84-065213.2,Q,15.3493765,-6.8703208,2.6019999980926514
4214,157.37956,SDSS J010125.88-065530.4,Q,15.357864,-6.9250856,2.503000020980835
4214,179.008738,SDSS J010118.02-065015.0,QRX,15.3251317,-6.8374826,0.8659999966621399
13891,48.186489,SDSS J023150.54+011623.9,QR,37.9605743,1.2733294,1.9490000009536743
13891,110.957797,SDSS J023148.05+011350.3,Q,37.9502266,1.2306521,2.240000009536743
13891,138.824125,SDSS J023150.63+011757.1,Q,37.960973,1.2991979,1.7350000143051147
13891,165.076111,SDSS J023143.32+011320.7,Q,37.9305173,1.2224218,1.4199999570846558
13896,0.37333,UGC 5627,AR,156.0362303,13.5729231,0.023000000044703484
13896,124.031379,SDSS J102417.22+133420.2,Q,156.0717663,13.5722917,2.005000114440918
13898,116.372043,PGC 93940,NRX,156.4916203,12.6856671,0.1420000046491623
13898,161.640875,J102542.78+124339.9,X,156.4282778,12.72775,
13898,174.227982,SDSS J102541.52+124324.0,qX,156.4230042,12.7233467,1.100000023841858
4221,84.701395,LAMOSTJ141200.19+381108.7,Q,213.0007877,38.1857664,0.9950000047683716
4221,158.383362,SDSS J141154.64+380900.0,Q,212.9776916,38.1500221,1.1979999542236328
13900,154.199362,SDSS J130108.61+471437.4,Q,195.2858812,47.2437483,2.934000015258789
13900,161.552593,SDSS J130055.77+471601.0,Q,195.2323778,47.2669713,1.9900000095367432
13900,171.375328,SDSS J130106.22+471532.0,Q,195.2759569,47.2588847,2.694999933242798
4224,0.028089,NGC 591,ARX,23.3801394,35.6682284,0.014999999664723873
13902,0.151493,MCG 1-36-005,A,209.4484636,7.3962684,0.024000000208616257
4227,0.275016,NGC 3843,NR,175.9776503,7.9256837,0.019999999552965164
13906,95.445244,LAMOSTJ020213.02+082751.2,Q,30.5542405,8.4642197,1.5019999742507935
4228,47.735072,SDSS J120436.32+020503.6,QX,181.1513409,2.0843183,1.9170000553131104
4228,56.411131,SDSS J120440.39+020502.3,qX,181.1683176,2.0839909,1.7999999523162842
4228,125.868471,SDSS J120431.17+020304.1,qX,181.1299142,2.0511595,1.2999999523162842
4228,178.723103,SDSS J120447.94+020247.2,qX,181.1997764,2.0464487,2.0
4232,90.367983,SDSS J233048.42+033244.5,A,352.7017624,3.5457301,0.24899999797344208
4232,150.883446,SDSS J233059.47+033036.6,Q,352.7478465,3.5102047,3.2139999866485596
13911,109.300605,J111042.98+284324.3,X,167.6791112,28.7234167,
13911,135.499271,J111042.30+283919.7,X,167.6762778,28.6554723,
4233,106.920519,SDSS J005327.23+291426.5,Q,13.3634654,29.2407304,1.8639999628067017
4233,118.331406,WISEA J005319.18+291506.1,q,13.3299303,29.2517054,0.20000000298023224
13912,83.715845,SDSS J123201.77+562711.0,Q,188.0074245,56.4530946,2.0269999504089355
13912,167.997765,SDSS J123148.15+562748.0,A,187.9506642,56.463342,0.4350000023841858
13912,176.444031,SDSS J123147.28+562852.0,A,187.9470674,56.4811373,0.3070000112056732
13913,101.987811,SDSS J132930.95+114601.9,N,202.37899,11.767214,0.4650000035762787
13913,113.056459,SDSS J132919.55+114813.9,qRX,202.3314806,11.8038675,0.699999988079071
13913,147.109619,SDSS J132930.31+114857.7,QX,202.3763265,11.8160285,0.5090000033378601
13913,155.557827,J132920.75+114916.1,X,202.3364875,11.8211647,0.8999999761581421
13913,176.624664,SDSS J132931.14+114924.8,qX,202.3797986,11.8235642,1.0
13916,107.815362,J161139.88+522539.7,X,242.9161945,52.4276945,
13916,117.460543,SDSS J161137.42+522533.9,qX,242.9059328,52.4261043,1.024999976158142
13916,129.59665,SDSS J161154.98+522738.6,AX,242.9791156,52.4607439,0.3930000066757202
4241,0.189249,NGC 3535,AR,167.1412637,4.8318852,0.023000000044703484
13920,30.986466,SDSS J012056.91+253234.6,Q,20.2371591,25.5429654,1.36899995803833
13920,139.663087,J012050.64+253126.9,R,20.211,25.5241389,
13926,0.256866,CGCG 92-14,A,144.4022412,19.714354,0.027000000700354576
13926,162.593562,SDSS J093739.44+194014.4,Q,144.4143209,19.6707035,0.8849999904632568
13926,166.659184,SDSS J093748.07+194216.2,Q,144.4503081,19.7045223,2.693000078201294
4247,170.490127,SDSS J121301.15+434201.2,Q,183.2548086,43.7003533,2.1080000400543213
13929,40.666007,J113743.18+220115.4,X,174.4299167,22.0209445,
13929,126.491896,J113743.08+220241.5,X,174.4295278,22.0448612,
13929,135.127358,SDSS J113738.47+220229.5,AX,174.4102893,22.0415672,0.4519999921321869
13929,177.686037,SDSS J113736.70+215805.9,QX,174.4029188,21.9683537,2.190000057220459
13931,123.62813,SDSS J214824.14+015421.7,Q,327.1005911,1.9060449,1.6979999542236328
4253,0.260714,NGC 4903,N,195.3448977,-30.9350248,0.01600000075995922
13933,141.04461,SDSS J014040.41+075644.9,Q,25.1684123,7.945812,2.181999921798706
13934,74.092941,J025716.52+055735.3,X,44.3188612,5.9598056,
13934,142.521376,SDSS J025725.50+060010.2,qRX,44.3562622,6.0028539,0.10000000149011612
13934,164.273643,LAMOSTJ025707.16+055932.7,QX,44.2798514,5.9924268,2.4240000247955322
13936,63.769905,J051632.44+063059.7,X,79.1351865,6.5166027,1.5
13936,169.165722,J051627.62+062816.0,X,79.1150834,6.4711112,
4259,117.021364,PGC 213672,N,152.3320486,14.9909245,0.03099999949336052
4261,99.621399,WISEA J034908.80-484950.3,qX,57.2864664,-48.8306662,0.20000000298023224
4262,16.396501,J121625.02+470141.4,X,184.1042778,47.0281667,
4262,160.455442,WISEA J121613.58+465958.2,q,184.0564866,46.9993213,0.20000000298023224
4262,173.178437,SDSS J121642.75+470212.0,QX,184.1781438,47.0366541,1.8250000476837158
4264,170.371522,PGC 1777744,N,182.565295,26.4770948,0.10400000214576721
13944,138.142614,SDSS J121504.71+142439.7,AX,183.7696519,14.4110801,0.26899999380111694
13944,152.414243,SDSS J121503.34+142711.5,qX,183.7639421,14.4531991,
13944,158.885632,SDSS J121510.62+142834.5,QX,183.7942528,14.476295,2.5899999141693115
13946,78.886674,SDSS J133155.29+111550.6,qX,202.9803772,11.2640762,1.100000023841858
13946,108.549037,PGC 1391311,ARX,202.9676121,11.280462,0.09000000357627869
4267,102.083882,LAMOSTJ132311.92+430651.6,QX,200.7996706,43.1143419,1.378999948501587
13947,137.848519,WISEA J133946.25-074033.8,q,204.9427098,-7.6761588,1.2999999523162842
13950,0.168035,IC 5287,AX,347.3344507,0.7565025,0.03200000151991844
13950,146.945585,SDSS J230915.19+004317.5,Q,347.3133262,0.7215438,2.4649999141693115
13950,157.735695,SDSS J230930.76+004511.6,QX,347.3781706,0.7532375,1.7309999465942383
4271,141.705903,SDSS J095256.84+192435.6,Q,148.2368741,19.4099094,0.8399999737739563
4273,154.439504,WISEA J211252.45+135926.0,q,318.2185938,13.9905657,0.20000000298023224
4273,179.40018,WISEA J211244.79+135557.7,q,318.1866447,13.9327018,0.30000001192092896
13954,41.539041,SDSS J112529.14+224329.8,ARX,171.3714425,22.7249367,0.2939999997615814
13955,90.756871,SDSS J114458.64+192709.6,QX,176.2443565,19.4526679,0.5759999752044678
13956,116.587398,SDSS J120450.44+490922.7,Q,181.2101717,49.1563082,2.302000045776367
4278,75.27887,SDSS J102641.71+571220.6,Q,156.6738079,57.2057248,0.9120000004768372
13961,116.352799,SDSS J233831.66+270035.0,QX,354.6319579,27.0097491,1.6490000486373901
13961,119.451096,J233835.29+270010.6,RX,354.6470795,27.0029601,
13961,171.906382,SDSS J233816.47+265817.2,qX,354.5686301,26.9714713,1.600000023841858
13961,175.02675,SDSS J233820.00+265638.7,QX,354.5833451,26.9441048,1.2879999876022339
4282,112.068393,J142815.10+255243.3,X,217.0629167,25.8786945,
4282,169.82595,LAMOSTJ142812.62+254934.3,QX,217.0526189,25.8261726,3.4560000896453857
13963,74.512707,SDSS J010800.48+210808.3,Q,17.0020475,21.1356556,1.1150000095367432
13965,123.164822,WISEA J040948.41-084315.8,qR,62.4517321,-8.721085,1.2000000476837158
4284,2.521983,ESO 535-1,NR,344.7550422,-25.5282778,0.029999999329447746
4285,107.208088,SDSS J231313.57+061731.5,AX,348.3065565,6.2920858,0.5669999718666077
4287,147.292777,WISEA J090528.48+853136.9,q,136.3692544,85.5269392,2.4000000953674316
4291,64.950458,SDSS J093933.42+482622.2,Q,144.8892599,48.4395103,1.8079999685287476
13974,19.796813,XMMU J132218.3-164247,AX,200.5763889,-16.7130556,1.00600004196167
13974,106.320632,MCG -3-34-064,NRX,200.6019587,-16.7284445,0.017000000923871994
13976,164.087512,SDSS J161252.80+330057.8,Q,243.2200178,33.0160575,1.6690000295639038
4293,121.191728,SDSS J114214.26+084551.0,qX,175.5594318,8.7641766,1.7999999523162842
13981,153.322168,WISEA J000502.94+050511.7,q,1.2622692,5.0866139,0.4000000059604645
4298,0.189169,UGC 12492,NRX,349.724229,-1.060269,0.028999999165534973
13983,140.301817,J020819.37+062445.9,X,32.0807223,6.41275,
4300,165.380209,SDSS J142236.51+401655.2,Q,215.6521595,40.2820262,1.2419999837875366
13988,0.100007,CGCG 123-19,A,151.8217724,21.0088076,0.028999999165534973
13988,37.572517,LAMOSTJ100715.13+210007.5,QR2,151.8132255,21.0021217,1.7860000133514404
13988,138.426505,SDSS J100710.13+210208.2,Q,151.7922372,21.0356174,2.5350000858306885
4303,0.253658,NGC 2824,ARX,139.7592315,26.2700031,0.00800000037997961
4305,116.92288,SDSS J131124.61+361820.8,Q,197.852797,36.3059964,1.3849999904632568
13991,21.491321,J125850.28+274842.5,X,194.7095,27.8118056,
13991,85.603042,J125854.86+274903.1,X,194.7285834,27.8175278,
13991,107.464163,SDSS J125840.89+274809.1,qX,194.6703737,27.8025649,2.0999999046325684
4308,72.727899,SDSS J100404.03+221626.7,Q,151.0168227,22.2741015,2.2149999141693115
4308,150.957423,SDSS J100349.58+221513.8,A,150.956625,22.2538572,0.20200000703334808
4308,176.167742,SDSS J100353.71+221352.4,Q,150.9737521,22.2312464,2.322999954223633
13994,121.157099,PGC 1285203,N,228.776878,5.5492219,0.08100000023841858
13995,172.18488,SDSS J163536.78+491556.7,Q,248.9032842,49.2657705,1.253000020980835
4309,0.163314,CGCG 22-21,ARX,234.686516,-3.3800301,0.024000000208616257
13997,82.64817,WISEA J171732.74-043117.0,q,259.3863951,-4.5214248,1.2999999523162842
4311,164.438733,CXOCY J03372-0501,QX,54.3191667,-5.0316667,4.614999771118164
4311,179.336267,ChaMP J033654.2-050158,QX,54.2258234,-5.0321083,0.9549999833106995
13998,48.979249,2QZ J220953.0-273239,Q,332.4710927,-27.5442717,1.7059999704360962
4312,0.241049,NGC 1468,AR,58.0524251,-6.3489447,0.032999999821186066
4313,23.281695,SDSS J074652.02+390134.9,QX,116.7167848,39.0263961,2.056999921798706
4313,48.161331,SDSS J074654.33+390240.9,QX,116.7264,39.0446664,0.6159999966621399
4313,119.145393,SDSS J074648.97+390005.7,QX,116.7040458,39.0016054,2.4760000705718994
4313,174.230089,J074639.29+390046.8,X,116.6637207,39.0130142,0.10000000149011612
14002,122.600097,WISEA J050917.05-110501.2,q,77.3210726,-11.0836652,0.5
14003,85.909442,J073415.97+235853.3,R,113.5665556,23.9814723,
14003,172.665629,WISEA J073400.09+235635.3,q,113.5004005,23.9431874,0.4000000059604645
14004,0.314457,MCG 5-23-026,NRX,145.4632655,27.6468322,0.02800000086426735
4316,0.422467,IC 1368,NR,318.5523889,2.1780834,0.013000000268220901
4320,100.617834,WISEA J030653.58+361057.8,qR,46.7232791,36.1827417,1.399999976158142
4322,29.691021,WISEA J181405.27+221718.2,q,273.5220706,22.2884004,0.6000000238418579
14012,27.761956,J171051.19+455138.4,X,257.713299,45.8606897,0.6000000238418579
14012,121.68451,WISEA J171038.62+455150.8,q,257.660944,45.8641149,1.2999999523162842
4325,121.086846,PGC 2297123,N,119.9683955,47.3799594,0.12700000405311584
14015,125.391092,WISEA J213429.01-330513.5,q,323.6205754,-33.0870708,1.7000000476837158
14017,138.035843,SDSS J001828.94-061820.8,Q,4.6206143,-6.3057734,2.609999895095825
14017,165.989686,J001831.06-061337.0,R,4.6294167,-6.2269445,
14018,75.975989,SDSS J015552.75+330037.8,Q,28.9698067,33.0105036,0.6949999928474426
14020,174.679935,J024222.20+422258.0,R,40.5925278,42.3827778,
14021,117.758933,J041935.05+022242.0,X,64.8960556,2.3783334,
14021,173.368342,J041930.68+022235.6,X,64.877865,2.3765756,0.10000000149011612
4333,175.279869,SDSS J154426.73+252226.5,Q,236.11138,25.374033,0.6299999952316284
14027,40.241733,J112005.25+302941.0,X,170.0218889,30.4947223,
4336,25.835834,FCSS J034224.0-350850,QX,55.6000182,-35.1473289,2.4560000896453857
4337,172.918951,SDSS J142815.47+175658.1,Q,217.0644758,17.9494801,1.0199999809265137
14028,59.09715,J115325.16+230513.0,X,178.3548539,23.0869533,0.10000000149011612
14028,83.697665,J115328.29+230518.7,X,178.3678889,23.0885278,
14030,140.593122,SDSS J130209.08+402217.8,Q,195.5378387,40.3716179,1.5230000019073486
4339,178.489442,WISEA J204658.54-380309.2,q,311.7436666,-38.0524132,2.5999999046325684
4340,78.655626,SDSS J001257.49+220717.9,Q,3.239558,22.1216733,2.119999885559082
4340,156.522531,SDSS J001250.42+220814.0,Q,3.210098,22.1372274,1.784000039100647
4340,159.302759,SDSS J001257.29+220839.6,Q,3.2387375,22.1443717,1.3639999628067017
14033,163.23655,SDSS J165731.54+404134.7,Q,254.3814494,40.6929755,2.931999921798706
14033,163.345991,PGC 2169812,N,254.3113404,40.7108791,0.029999999329447746
4342,143.306387,SDSS J010259.53-044718.0,Q,15.7480439,-4.7883289,1.1019999980926514
4343,54.387335,WISEA J014931.29-345512.5,q,27.3805258,-34.9202659,0.20000000298023224
14037,0.809006,UGC 11996,NR,335.369,12.5099191,0.026000000536441803
14037,28.435517,SDSS J222126.57+123033.7,NR,335.3606969,12.5093873,0.07999999821186066
14039,2.48031,PGC 129349,AX,27.34375,-50.25175,0.029999999329447746
14039,153.779492,J014926.36-501238.7,X,27.3598405,-50.2107511,
14044,78.055728,SDSS J095845.31+320440.0,Q,149.688796,32.0777798,1.5549999475479126
14044,83.024458,J095845.24+320454.0,R,149.6885278,32.0816667,
14044,128.615752,SDSS J095901.38+320412.8,Q,149.7557935,32.0702436,1.7970000505447388
14044,165.088156,LAMOSTJ095901.74+320601.0,Q,149.75728,32.1002851,1.1150000095367432
14045,172.683829,SDSS J110256.43+364943.0,Q,165.7351415,36.8286183,2.7320001125335693
4354,0.117714,IC 2446,NR,138.3806535,28.9517222,0.027000000700354576
4354,106.434567,SDSS J091327.10+285836.6,Q,138.3629394,28.9768638,2.13700008392334
14049,149.444637,WISEA J184508.49+424117.4,q,281.2854504,42.6881157,0.699999988079071
4355,170.174847,WISEA J093325.87-251004.4,q,143.3578039,-25.1679425,0.4000000059604645
14056,104.95912,SDSS J091658.36+252458.0,Q,139.2431965,25.4161238,1.3389999866485596
14058,123.98259,SDSS J110553.00+284555.2,Q,166.4708418,28.7653304,0.9539999961853027
14062,3.555763,MCG 0-36-003,NR,209.1150515,-0.2885036,0.029999999329447746
14062,161.342965,2QZ J135617.7-001830,Q,209.0741856,-0.3083854,2.4260001182556152
14063,173.109482,SDSS J140418.91+115806.7,Q,211.078828,11.9685417,2.447999954223633
14066,96.043806,J000954.76+281226.2,R,2.4781878,28.2072978,
4371,93.819622,SDSS J013142.17-065427.6,qX,22.9257238,-6.9076684,1.0
4375,0.209539,NGC 5021,NR,198.0261614,46.1960946,0.02800000086426735
4375,167.101881,SDSS J131203.86+460900.6,Q,198.016094,46.1501808,0.367000013589859
4375,173.365072,SDSS J131209.68+460856.2,Q,198.0403368,46.1489459,1.690000057220459
14072,118.97009,WISEA J043342.24-332846.6,q,68.4260176,-33.4796271,1.2000000476837158
14074,168.608262,SDSS J083826.14+173507.2,Q,129.6089679,17.5853765,1.6410000324249268
14075,159.688463,SDSS J084142.34+325040.0,Q,130.426432,32.8444626,0.949999988079071
4381,100.675692,SDSS J073733.42+353442.4,Q,114.389274,35.5784624,2.7100000381469727
4384,140.829305,J060817.10+644133.1,X,92.0712778,64.6925278,
14081,158.657749,WISEA J123528.04-232701.6,q,188.8667727,-23.4504173,0.30000001192092896
14082,63.420904,SDSS J152326.08-011056.9,Q,230.8587199,-1.1824578,0.8920000195503235
14082,109.53716,SDSS J152333.42-010857.1,Q,230.8892895,-1.1492168,2.234999895095825
4387,150.661222,WISEA J010941.37-354626.7,q,17.422386,-35.7741116,1.0
4389,171.186236,J050044.55-132411.8,X,75.1856516,-13.4032939,0.699999988079071
14090,157.007047,SDSS J102353.84+124254.6,Q,155.9743385,12.7151826,1.7059999704360962
14091,144.771756,SDSS J114106.68+254611.8,Q,175.2778415,25.7699581,0.367000013589859
14091,159.541488,SDSS J114044.61+254707.7,Q,175.1859043,25.7854849,0.6039999723434448
4393,136.975197,SDSS J112847.81+204530.1,N,172.19922,20.758385,0.5049999952316284
14092,0.052306,MCG 8-22-073,NRX,182.308829,47.0583634,0.024000000208616257
4394,122.837801,SDSS J143300.89+103027.6,Q,218.2537191,10.5077172,4.1539998054504395
4395,0.331652,NGC 5710,NR,219.8174504,20.0436951,0.029999999329447746
4395,101.488039,SDSS J143919.32+200409.0,A,219.8305022,20.069177,0.30799999833106995
14096,173.862715,SDSS J220356.03-022457.5,N,330.98348,-2.4159816,0.5350000262260437
14096,177.250863,SDSS J220339.81-022044.5,Q,330.9158748,-2.3457129,2.257999897003174
4398,84.239553,UVQSJ185224.73-470008.7,Q,283.1030608,-47.0024245,0.3529999852180481
4399,0.350153,NGC 3670,A,171.2068837,23.9452547,0.024000000208616257
14099,67.241063,J004457.89-085218.6,X,11.2412223,-8.8718334,
14099,110.250475,SDSS J004452.72-085229.3,qX,11.2196899,-8.874832,1.5
14102,124.420695,PGC 2448557,N,129.2215444,53.7063707,0.03200000151991844
14102,134.50551,SDSS J083656.70+534305.8,QX,129.2362669,53.7182982,1.1640000343322754
14103,82.998095,MCG -01.24.012,NRX,140.19276,-8.0560932,0.019999999552965164
14104,174.615521,SDSS J093202.63+352928.1,A,143.0109566,35.4911363,0.16599999368190765
14105,70.010051,J093737.54+231316.9,X,144.4064167,23.2213612,
4409,144.030572,J033720.03-351230.2,X,54.3334723,-35.2083889,
4411,172.038332,SDSS J084812.83+174003.1,qX,132.0534788,17.6675369,0.8999999761581421
4413,175.012387,SDSS J211134.28-015911.7,Q,317.8928734,-1.9866031,1.1109999418258667
4414,62.980295,J235359.50+282842.2,X,358.4979167,28.4783889,
14116,163.194476,MCG 7-19-001,N,133.9467303,42.2774051,0.02800000086426735
4415,161.923793,WISEA J040730.69-625621.7,q,61.8782235,-62.9392629,1.899999976158142
14119,0.422874,IC 4373,NX,211.4298321,25.2313697,0.029999999329447746
14119,9.544786,J140543.06+251402.4,X,211.4294445,25.234,
4417,53.717997,J121053.75+392758.5,X,182.7239723,39.46625,
4417,82.70995,J121048.26+392943.5,X,182.7011112,39.4954167,
4417,118.359842,SDSS J121059.81+392819.9,QX,182.7492139,39.4722137,1.9249999523162842
4417,123.660177,J121039.56+392904.9,X,182.6648612,39.4846945,
4417,126.481449,SDSS J121046.47+393023.4,qX,182.6936424,39.5065137,1.2999999523162842
4417,128.103323,J121038.90+392749.3,X,182.6620834,39.4636945,
4417,145.940239,J121039.52+392950.0,X,182.6646667,39.4972223,
4417,166.770638,J121048.02+393108.0,X,182.7000834,39.5188889,
14120,177.377251,SDSS J145104.67+045327.9,QX,222.7695005,4.8910602,0.6200000047683716
4418,19.597502,J133953.52+005029.6,X,204.9730353,0.8415601,1.100000023841858
4418,27.420295,J133950.49+005019.5,X,204.9603889,0.83875,
4418,91.391779,J133948.63+005135.4,X,204.9526389,0.8598334,
4418,97.825459,J133952.27+004844.7,X,204.9678056,0.8124167,
14124,164.279491,SDSS J225541.50+294630.0,Q,343.9229471,29.7750055,1.2269999980926514
14127,178.640181,SDSS J142738.98+411231.4,NR,216.9124564,41.2087451,0.3930000066757202
14127,179.417924,SDSS J142751.32+411420.7,Q,216.9638431,41.2390515,1.3660000562667847
4423,158.788039,J224106.70+341233.4,R,340.2779445,34.2092778,
14128,0.211839,MCG 4-36-037,A,229.855645,25.7871239,0.03200000151991844
14128,128.785092,SDSS J151934.84+254723.3,Q,229.8951984,25.789816,1.281999945640564
4425,62.396529,SDSS J163739.19+502002.4,Q,249.4133121,50.3340085,1.8109999895095825
4427,111.393669,J221725.03+353546.8,X,334.3543243,35.5963567,0.10000000149011612
14134,174.777015,WISEA J072346.18+412743.6,q,110.9422739,41.4620591,0.10000000149011612
14137,0.357795,UGC 5462,N,152.0481803,42.4186801,0.023000000044703484
14138,102.016667,SDSS J110441.58+281216.0,qR,166.1732297,28.2044484,1.5
14140,55.03237,LAMOSTJ114516.04+194951.3,QX,176.3168318,19.8309104,0.5899999737739563
14140,85.897685,J114509.20+195114.9,X,176.2883334,19.8541389,
14141,90.924769,2QZ J120538.4+013305,Q,181.4100789,1.5516318,2.0209999084472656
4430,20.448824,J123919.99-003145.3,X,189.8333056,-0.52925,
4430,122.919136,2SLAQ J123911.02-003234.1,K,189.7959143,-0.5428091,0.7649999856948853
4430,138.663679,J123909.60-003137.3,X,189.7900317,-0.5270339,1.100000023841858
14143,148.786,CGCG 44-79,A,200.9035313,6.406796,0.039000000804662704
4431,0.102535,NGC 5852,AR,226.7350704,12.8468331,0.02199999988079071
14146,82.507882,WISEA J231330.03+204017.9,q,348.3751561,20.6716587,0.30000001192092896
14147,42.454549,J033047.83-210248.2,X,52.6993195,-21.046728,
14149,94.904942,WISEA J070206.14+863619.4,q,105.5253923,86.6053813,1.399999976158142
14151,74.817191,J111042.30+283919.7,X,167.6762778,28.6554723,
4439,143.640555,2QZ J031321.9-313711,Q,48.3415008,-31.6196227,2.065000057220459
14152,63.490986,WISEA J130120.66+800248.9,qX,195.3360326,80.0469342,1.100000023841858
14153,178.195076,WISEA J140026.45+085754.8,q,210.1102271,8.9652407,0.30000001192092896
14154,142.368054,WISEA J153410.19-155455.0,q,233.5424644,-15.9152555,1.0
4441,113.651119,WISEA J122941.25+074745.1,q,187.4219045,7.7958799,0.20000000298023224
4441,136.582444,SDSS J122930.03+074813.5,QX,187.3751555,7.8037279,2.500999927520752
4441,165.961952,J122932.84+074657.8,X,187.3868612,7.7827223,
4444,147.097042,WISEA J174157.88+233929.0,q,265.4911152,23.6580943,2.5
14166,67.176676,J103021.66-173657.1,2,157.59025,-17.6158612,
14168,152.122915,SDSS J131859.77+304419.2,Q,199.7490442,30.7386739,1.781000018119812
4452,113.731597,SDSS J115545.08+300000.0,Q,178.9378404,30.0000085,0.8700000047683716
4453,43.980851,J155704.70+635542.0,X,239.2696232,63.9283339,
14172,40.767697,SDSS J163354.69+560814.5,Q,248.4778738,56.1373479,2.388000011444092
14172,134.032144,SDSS J163336.72+560910.9,Q,248.4030043,56.1530288,1.5399999618530273
14172,149.632432,SDSS J163403.53+560618.5,Q,248.5147209,56.1051377,1.2769999504089355
4455,69.614589,SDSS J012814.23-011855.4,Q,22.0593454,-1.3153803,1.1649999618530273
4457,42.274151,WISEA J024506.36+325916.6,q,41.2765222,32.987968,0.20000000298023224
14176,99.35943,WISEA J235805.00-413323.9,q,359.5208215,-41.5566856,1.2000000476837158
14177,55.55819,J004712.01-262350.6,R,11.8000715,-26.3973925,
14179,150.41619,SDSS J090216.87+635049.8,Q,135.5703179,63.8471711,2.318000078201294
4461,93.30554,WISEA J134820.87-321533.4,q,207.0869924,-32.2593017,2.299999952316284
14182,0.399801,UGC 5892,NR,161.8731674,7.2510794,0.027000000700354576
14182,66.955326,SDSS J104729.28+071356.7,Q,161.8720516,7.2324393,1.690999984741211
14182,163.619877,SDSS J104730.09+071220.2,Q,161.8753931,7.205618,2.061000108718872
4464,0.250631,UGC 12040,ARX,336.7740127,36.3615563,0.020999999716877937
4465,84.159463,WISEA J024513.44-131349.6,q,41.3060634,-13.230473,1.0
14186,0.060461,NVSS J15123-3333,AR,228.0936252,-33.5594786,0.023000000044703484
14187,151.558196,SDSS J155301.22+210233.9,Q,238.2550944,21.0427675,0.9079999923706055
14187,155.111629,SDSS J155259.94+210246.8,N,238.2497483,21.0463479,0.1720000058412552
14188,0.429286,MCG 8-29-030,N,239.7466708,48.5299008,0.019999999552965164
14189,138.117778,WISEA J174823.97+582449.2,q,267.0998696,58.4136561,0.20000000298023224
4469,0.107196,NGC 2794,NRX,139.0074707,17.5898077,0.028999999165534973
4469,34.689949,J091600.67+173554.2,X,139.0028056,17.5983889,
4469,158.963214,J091556.66+173302.3,R,138.9861112,17.5506389,
4472,175.765109,WISEA J124801.30-221315.4,q,192.0054335,-22.2209553,1.2999999523162842
14195,179.776526,J053206.34-681158.4,X,83.0264465,-68.1995737,
14200,53.335973,SDSS J112035.90+574731.4,Q,170.1495799,57.7920462,1.75
14200,90.747147,SDSS J112032.54+574823.1,Q,170.1356029,57.8064192,1.2660000324249268
14200,173.132597,SDSS J112029.33+574400.5,Q,170.1221925,57.733473,1.25600004196167
4480,100.648523,SDSS J162557.91+402835.1,Q,246.4913022,40.4764192,1.6349999904632568
14201,147.199392,SDSS J122914.84+274627.4,QX,187.3118684,27.7742637,0.593999981880188
14203,111.40185,SDSS J143009.04+230322.9,Q,217.5376436,23.0563783,2.299999952316284
14203,147.466423,PGC 214276,NR,217.5668397,23.0623693,0.08100000023841858
14203,154.557628,SDSS J143010.88+225900.2,Q,217.545335,22.9833985,2.0220000743865967
14203,169.925969,WISEA J143023.27+230134.0,q,217.5969676,23.0261468,0.6000000238418579
14205,139.578575,SDSS J231539.06+064449.2,Q,348.9127811,6.747017,0.7910000085830688
14210,150.512418,J043319.86-131130.6,X,68.3327778,-13.1918334,
4488,0.090161,NGC 4418,NRX,186.7275829,-0.8776117,0.007000000216066837
4488,49.243063,SDSS J122652.42-005316.0,QX,186.7184489,-0.8877977,2.611999988555908
4488,111.229745,SDSS J122654.39-005430.6,QX,186.7266292,-0.9085119,2.6110000610351562
4489,121.052522,WISEA J123959.90+151827.7,q,189.9996178,15.3076647,1.0
14212,21.558963,SDSS J101747.71+215245.3,qX,154.448847,21.8792611,2.0
14212,106.318046,SDSS J101743.23+215059.1,NX,154.4301491,21.8497324,0.24199999868869781
4490,76.63093,J125223.66-153012.9,X,193.0985904,-15.5035862,
4490,150.845651,J125232.08-152852.0,RX,193.1336754,-15.4811269,2.4000000953674316
4490,157.399286,J125237.85-153151.9,X,193.1577267,-15.5311,1.399999976158142
4490,165.592697,J125232.39-152837.8,X,193.1349593,-15.4771712,2.299999952316284
4491,89.144919,J154950.93+183113.2,X,237.4622253,18.5203601,
4491,146.905388,SDSS J154952.74+183312.1,QX,237.4697862,18.5533924,1.437999963760376
4491,173.16438,J154956.14+183243.0,X,237.483922,18.5452929,0.30000001192092896
14215,152.906825,MCG 3-38-056,A,223.8267104,16.5482561,0.04399999976158142
14215,160.526517,SDSS J145511.70+162831.8,Q,223.7987443,16.4755096,0.5799999833106995
14215,165.349356,WISEA J145525.71+163244.1,q,223.8571346,16.5455606,1.100000023841858
14216,132.836385,SDSS J162806.65+391538.2,Q,247.0277323,39.2606142,1.86899995803833
14219,85.409991,SDSS J231524.71+045317.6,QR,348.8529931,4.8882328,2.131999969482422
14221,113.35409,J235938.36-303727.9,X,359.9098612,-30.6244167,
14221,128.277638,J235928.47-303836.8,X,359.8686409,-30.6435777,
14221,146.132606,J235949.07-303936.1,X,359.9544638,-30.6600478,
4501,63.146495,SDSS J092309.32+401008.4,Q,140.7888431,40.1690082,1.937000036239624
14225,123.479848,SDSS J103810.25+391233.9,QX,159.5427856,39.2094177,0.5699999928474426
4503,175.258502,SDSS J110721.94+064028.7,qR,166.8414578,6.6746462,1.899999976158142
14227,86.201455,J121159.73+273718.6,X,182.9988889,27.6218334,
14227,131.530456,SDSS J121146.98+273854.2,qX,182.9457805,27.6483949,1.399999976158142
4504,73.003705,J135839.44+372736.3,X,209.664341,37.4600867,4.0
4504,116.40081,NGC 5395,NX,209.65818,37.4244966,0.012000000104308128
4504,118.850835,J135838.79+372530.8,X,209.6616389,37.4252223,
4504,125.89485,J135839.24+372525.8,X,209.6635,37.4238334,
4504,139.47605,SDSS J135836.31+372928.4,Q,209.6513032,37.4912242,1.3559999465942383
14229,0.216195,IC 909,NR,205.2131659,24.473283,0.027000000700354576
14231,73.78549,WISEA J151928.12+095807.1,q,229.8671747,9.9686599,0.5
4505,131.527198,2QZ J011051.6-302530,Q,17.7153751,-30.425,1.871999979019165
4506,146.605653,SDSS J112905.60+090419.5,Q,172.2733599,9.0720789,2.1700000762939453
14238,0.17483,CGCG 518-9,NR,0.4936224,36.64906,0.03200000151991844
4511,13.049994,SDSS J092209.32+335057.4,AX,140.5388452,33.8492923,0.2370000034570694
4511,59.568212,SDSS J092205.86+335034.1,Q,140.5244335,33.8428218,2.255000114440918
4512,26.282494,J094226.38+041715.3,X,145.6099167,4.2875834,
4513,115.277091,SDSS J103652.65+180723.5,qR,159.2194104,18.1232057,1.0
4514,0.152182,NGC 4005,AR,179.5423464,25.1222253,0.014999999664723873
14243,144.205087,WISEA J075154.92+570448.1,q,117.9788893,57.0800461,1.600000023841858
4518,0.102498,NGC 5260,NX,205.0828908,-23.8580628,0.02199999988079071
14247,24.635624,J154335.66+674528.0,X,235.8986112,67.7577778,
14247,139.096736,J154339.12+674758.1,X,235.9130278,67.7994723,
14251,97.402171,WISEA J201738.09-221509.4,q,304.4087098,-22.2526324,0.10000000149011612
4523,118.880921,2SLAQ J123512.20-001119.3,QX,188.8008273,-0.1886931,1.0390000343322754
4524,109.362074,J132455.84+362229.5,X,201.232695,36.374874,0.10000000149011612
4524,116.568494,SDSS J132506.17+362537.8,qX,201.2757111,36.4271698,0.30000001192092896
4524,138.651617,ChaMP J132500.4+362616,NX,201.2518014,36.4380151,0.019999999552965164
4524,145.724749,J132451.29+362523.1,X,201.2137465,36.4231049,1.100000023841858
4524,151.711922,J132510.68+362220.1,X,201.2945278,36.37225,
14256,119.19834,WISEA J034544.25-072821.4,q,56.4342841,-7.4725955,0.10000000149011612
14257,75.937068,WISEA J043538.81-025633.1,qX,68.9116867,-2.9425352,2.200000047683716
14259,147.964064,PGC 1670435,N,175.2014403,22.4672685,0.10199999809265137
14261,35.575326,SDSS J125831.73+280023.6,qX,194.6322556,28.0065755,1.399999976158142
14261,154.663962,SDSS J125829.98+275818.3,qX,194.6249902,27.9717553,1.7000000476837158
14261,173.530756,SDSS J125818.44+275936.3,QX,194.5768974,27.9934577,1.7230000495910645
14262,67.253758,WISEA J135711.44+241447.9,q,209.2977165,24.2466056,1.0
14262,179.329715,SDSS J135727.31+241643.1,Q,209.3638207,24.278655,2.183000087738037
4534,147.27582,J105733.56-252319.7,R,164.3898577,-25.3888105,
14268,146.192549,SDSS J000127.79+090243.1,Q,0.3658118,9.0453297,2.3310000896453857
4537,161.184166,J131941.44-123922.9,X,199.9226667,-12.6563612,
14269,0.262499,UM 105,NR,22.2144536,2.4464368,0.029999999329447746
14269,111.309256,SDSS J012858.04+022555.2,Q,22.2418356,2.4320234,1.4550000429153442
14269,167.612098,SDSS J012849.38+022932.0,Q,22.2057769,2.4922379,0.8059999942779541
14269,172.855831,SDSS J012845.90+022416.0,Q,22.1912602,2.4044663,2.188999891281128
4539,169.754562,J000131.78+312324.2,R,0.382427,31.3900817,0.4000000059604645
14274,176.801539,WISEA J051542.12-032417.5,q,78.9254858,-3.4048385,0.8999999761581421
14277,80.975654,SDSS J095056.21+283424.2,Q,147.7342084,28.5733997,2.1630001068115234
4545,120.336447,SDSS J220303.72+111349.7,Q,330.765521,11.2304914,2.513000011444092
14278,174.58627,J113341.29-254316.9,R,173.4220448,-25.7213784,2.0
4546,148.678793,SDSS J222358.37+322313.9,Q,335.9932175,32.3872234,1.375
14280,120.294053,SDSS J133432.08+325604.0,Q,203.6336835,32.9344582,2.2200000286102295
14280,171.171834,SDSS J133436.48+325420.1,N,203.65201,32.905588,0.492000013589859
14280,176.775364,WISEA J133440.88+325407.5,q,203.670352,32.9020899,0.4000000059604645
4548,0.197268,NGC 1072,A,40.8804825,0.3068157,0.027000000700354576
4548,174.162822,SDSS J024342.59+001743.9,Q,40.92748,0.2955375,2.427000045776367
4549,174.001525,WISEA J045139.81+052728.2,q,72.9159104,5.4578478,0.30000001192092896
4550,144.993698,WISEA J125232.81-411821.6,q,193.1367866,-41.3061539,1.7999999523162842
4551,150.916209,J223732.36+342511.9,X,339.3848612,34.4199723,
14286,157.600815,LBQS 0054-3101,Q,14.2157879,-30.7464177,1.7879999876022339
4552,99.911979,WISEA J072509.78+493003.2,q,111.290683,49.500919,1.2000000476837158
14287,100.30184,SDSS J011447.32+010857.3,Q,18.6971847,1.1492716,1.6130000352859497
4553,41.067366,SDSS J111054.27+191053.2,QR,167.7261535,19.1814785,0.38600000739097595
14288,31.916859,J012323.47+332627.5,X,20.8478056,33.4409723,
14288,51.744756,SDSS J012325.39+332522.7,QX,20.855815,33.4229928,0.8500000238418579
14288,175.376185,LAMOSTJ012308.40+332612.4,QX,20.78517,33.4368069,1.440999984741211
4555,120.901957,XWAS J204118.7-322719,N,310.3278612,-32.4552575,0.13500000536441803
4555,160.504036,J204114.54-322630.7,X,310.3106188,-32.4418816,
4555,160.899296,XWAS J204118.7-323146,QX,310.3279348,-32.5293079,1.0210000276565552
14293,45.840226,WISEA J071730.53-762236.2,q,109.3772055,-76.3767778,0.20000000298023224
14294,26.96836,SDSS J084409.98+333033.7,Q,131.0415942,33.5093522,3.190000057220459
14294,81.060579,SDSS J084414.84+333025.3,Q,131.061835,33.507033,1.5499999523162842
14295,0.146664,IC 588,AX,150.5293196,3.0577002,0.023000000044703484
14295,108.909328,SDSS J100200.90+030426.7,qX,150.5038009,3.0740774,0.30000001192092896
14295,169.442909,SDSS J100159.97+030540.3,qX,150.4999159,3.0945282,1.0
4561,173.272599,SDSS J230547.73+310806.5,Q,346.4489158,31.1351638,1.4299999475479126
14297,170.246728,J110718.50+232611.3,R,166.8270834,23.4364723,
14299,55.794325,WISEA J120426.88-312441.2,q,181.1120361,-31.4114739,0.6000000238418579
4564,171.483592,SDSS J132929.64+114202.8,NX,202.3735776,11.7008016,0.023000000044703484
4564,179.970222,SDSS J132930.95+114601.9,N,202.37899,11.767214,0.4650000035762787
4565,65.422883,SDSS J133952.49+282311.5,qX,204.9687276,28.3865399,0.4000000059604645
14306,66.470881,2QZ J235750.7-314943,Q,359.4616319,-31.8286506,0.6079999804496765
14306,87.122949,2QZ J235752.7-315019,Q,359.4698873,-31.8386537,1.4900000095367432
14307,61.98571,J043337.53-131033.8,X,68.4063922,-13.1760634,1.100000023841858
4571,0.154111,NGC 7378,NX,341.9487251,-11.8166242,0.008999999612569809
14311,110.183501,SDSS J094309.13+393152.8,Q,145.7880681,39.5313512,0.9829999804496765
4572,131.96389,SDSS J000521.16+064734.6,Q,1.3381701,6.7929427,0.47099998593330383
4573,105.394463,SDSS J024217.58-030734.8,Q,40.5732808,-3.1263414,0.9589999914169312
4574,128.206388,WISEA J035550.39-422354.4,qX,58.9599501,-42.3984301,0.699999988079071
14314,0.222118,UGC 6743,N,176.4815941,21.0255152,0.02199999988079071
14314,92.232038,SDSS J114556.02+205959.8,Q,176.4834362,20.9999537,1.6239999532699585
4578,84.940929,SDSS J115238.02+233333.9,QR,178.1584629,23.5594328,1.8029999732971191
4579,114.783703,LAMOSTJ123115.10+290903.1,Q,187.8128981,29.1508453,1.7170000076293945
4580,154.286098,SDSS J124458.48+545036.3,QR,191.243692,54.8434315,2.2019999027252197
4580,175.187471,SDSS J124426.98+545153.0,Q,191.1124396,54.8647374,2.190000057220459
4581,22.413728,J140143.16+334932.7,X,210.4298334,33.82575,
4581,103.719728,J140133.38+334907.7,X,210.3891112,33.8188056,
4581,139.056803,SDSS J140145.30+335146.5,qX,210.4387824,33.8629336,0.5
4581,153.381989,J140139.17+335207.2,X,210.413223,33.8686828,
14322,129.389216,J234654.80+292931.8,X,356.7283334,29.4921667,
14322,139.996062,J234707.84+292842.0,X,356.782684,29.4783363,0.8999999761581421
14323,179.37601,WISEA J010548.28+322603.0,qX,16.4513262,32.4340253,1.0
4583,57.365568,XMM J00346-4338,QX,8.6529167,-43.6461112,1.1779999732971191
4583,86.399849,ATLAS S720,N,8.6347917,-43.6321307,0.19900000095367432
4583,110.560959,XMM J00345-4341,QX,8.6313889,-43.6866667,1.5829999446868896
4583,159.403215,XMM J00342-4339,KX,8.5745834,-43.6566667,2.4000000953674316
4583,159.560521,XMM J00347-4337,QX,8.6855759,-43.6303138,1.149999976158142
14325,159.16883,QBQS J024304.74-662311.6,Q,40.7699309,-66.386606,2.055000066757202
14326,87.50738,WISEA J024736.91+043649.0,q,41.9038117,4.6136382,0.6000000238418579
14326,132.988196,SDSS J024729.52+043728.9,Q,41.8730073,4.6247132,1.6360000371932983
4585,53.954467,SDSS J074652.02+390134.9,QX,116.7167848,39.0263961,2.056999921798706
4585,86.546332,SDSS J074648.97+390005.7,QX,116.7040458,39.0016054,2.4760000705718994
4585,106.522903,SDSS J074654.33+390240.9,QX,116.7264,39.0446664,0.6159999966621399
14331,0.208486,MCG 6-25-009,A,167.1715685,36.1610579,0.02800000086426735
4592,0.32032,UGC 6732,NRX,176.3880175,58.9781416,0.009999999776482582
4592,148.193706,SDSS J114549.19+590002.0,Q,176.4550192,59.0005783,2.7860000133514404
4592,156.270169,SDSS J114524.25+585620.7,Q,176.3510622,58.939094,2.9619998931884766
4594,0.132492,NGC 5747,NR,221.0866488,12.1319963,0.029999999329447746
14338,163.338576,SDSS J221234.50+180522.7,QR,333.1437751,18.0896527,1.9210000038146973
14341,139.282626,SDSS J001900.46+192611.5,Q,4.7519158,19.4365307,2.242000102996826
4602,53.300422,SDSS J022603.58-001929.6,Q,36.5149392,-0.3249237,1.4040000438690186
4602,149.268812,SDSS J022616.51-002020.2,Q,36.5688249,-0.3389561,2.4489998817443848
4602,171.205346,SDSS J022607.16-001704.0,Q,36.5298518,-0.284471,0.9390000104904175
4602,179.196477,SDSS J022606.85-001655.9,A,36.528565,-0.282217,0.40700000524520874
4605,112.158575,SDSS J125626.40+270105.4,Q,194.1100185,27.0181744,2.3239998817443848
4605,121.401085,J125631.09+270108.3,R,194.1295433,27.0189731,0.4000000059604645
4606,151.342839,SDSS J150159.00+260006.3,Q,225.4958578,26.0017712,2.484999895095825
4606,154.139464,WISEA J150157.70+255528.1,q,225.4904465,25.9244486,0.30000001192092896
4608,29.907166,2QZ J025117.1-281135,K,42.8215,-28.1932223,0.14499999582767487
4609,25.762172,J050017.40-032111.7,X,75.0725,-3.35325,
4609,89.016896,J050021.60-032100.6,X,75.0900278,-3.3501667,
4609,134.181146,SDSS J050024.08-032022.2,qX,75.100358,-3.3395003,2.9000000953674316
14357,154.470222,SDSS J124653.96+294540.6,Q,191.7248562,29.7612844,1.6720000505447388
4616,0.240323,NGC 2534,A,123.2256708,55.6720635,0.012000000104308128
4616,104.426742,SDSS J081305.75+554054.5,A,123.2739967,55.6818132,0.4519999921321869
4616,110.895937,NGC 2534 U1,Q,123.2786333,55.6793407,2.4130001068115234
14365,145.704623,WISEA J213644.43-274137.1,q,324.1851011,-27.6936413,1.2000000476837158
4619,152.135176,SDSS J171302.03+424824.6,QX,258.2584865,42.8068503,1.8259999752044678
14370,100.174313,SDSS J124312.05+310643.1,Q,190.8002305,31.1119834,1.9320000410079956
4622,120.158692,WISEA J104423.48-111102.2,q,161.0978488,-11.1839625,0.5
4623,146.136448,SDSS J111503.15+352951.4,Q,168.7631269,35.4976221,1.4529999494552612
4623,153.939418,SDSS J111502.58+352900.5,Q,168.76079,35.4834974,1.4520000219345093
4624,178.770531,SDSS J111508.92+305902.8,Q,168.7871761,30.9841365,1.6150000095367432
14378,167.287658,WISEA J072903.06+632049.0,qX,112.262762,63.3469466,1.7000000476837158
14379,136.100047,SDSS J092450.46+223401.9,Q,141.2102762,22.5672103,1.9839999675750732
4626,0.047725,NGC 5157,NX,201.8202004,32.0307101,0.024000000208616257
4626,98.800362,PGC 1977070,N,201.8518101,32.0366079,0.1379999965429306
4626,105.586865,SDSS J132710.96+320036.0,QX,201.7957286,32.0099814,1.5390000343322754
4626,116.925926,WISEA J132725.53+320111.5,qX,201.8563126,32.019903,0.6000000238418579
4627,74.930899,J154645.03+721059.2,X,236.6876447,72.1831232,
14381,55.397656,NGC 3561,ARX,167.8049703,28.6964151,0.028999999165534973
14381,90.490358,QS 1108+285,QX,167.7849982,28.6931626,2.197999954223633
14381,138.219534,MCG 5-27-012,N,167.8300562,28.680785,0.028999999165534973
14381,178.339756,SDSS J111105.10+284017.6,qX,167.7712708,28.6715698,2.0
14382,174.674218,SDSS J113355.10+212422.7,A,173.4796,21.406312,0.4659999907016754
14383,109.803121,SDSS J115740.70+251654.8,Q,179.4196228,25.2819136,0.7120000123977661
10358,123.633651,Q 16093+2354,Q,242.8579154,23.7828622,0.7559999823570251
20433,157.415876,WISEA J174243.42+650821.2,qX,265.6809458,65.1392485,0.699999988079071
404,0.816742,NGC 7314,ARX,338.9424875,-26.0504373,0.004999999888241291
404,166.761971,J223549.98-260539.8,X,338.9582778,-26.0943889,
404,178.47749,J223544.42-260004.1,X,338.9350834,-26.0011389,
405,113.084682,J224755.56-221900.1,X,341.9815,-22.3166945,
405,172.863691,J224749.99-221554.2,X,341.9583056,-22.2650556,
20437,63.717379,SDSS J231457.19+231628.0,Q,348.7382964,23.2744637,1.8819999694824219
20437,177.553615,SDSS J231505.74+231734.9,Q,348.7739227,23.2930392,2.186000108718872
407,94.155673,J043046.45+005016.3,X,67.6935506,0.8378651,0.30000001192092896
10364,134.384021,SDSS J092345.20+533421.5,Q,140.9383489,53.5726644,2.1050000190734863
410,172.153004,WISEA J130941.86-075251.5,q,197.424431,-7.8809657,0.30000001192092896
412,0.018,SDSS J230456.65+121922.3,ARX,346.23605,12.322885,0.00800000037997961
412,88.559559,J230451.20+121844.0,X,346.2133612,12.3122223,
412,92.885371,J230451.58+121826.5,X,346.2149401,12.3073864,0.8999999761581421
412,151.959289,SDSS J230506.93+121941.4,qX,346.2789194,12.3281549,1.600000023841858
10367,0.144822,IRAS 12323-3659,NRX,188.7658201,-37.2585464,0.029999999329447746
20443,58.375822,WISEA J062438.80-234256.8,q,96.1616435,-23.7157721,1.7000000476837158
20443,167.319644,WISEA J062446.97-234550.6,q,96.1957359,-23.7640878,1.100000023841858
414,94.451264,SDSS J121838.39+655523.1,A,184.6599903,65.9231021,0.13500000536441803
414,148.633374,WISEA J121820.17+655303.4,q,184.5840546,65.8842819,1.2999999523162842
10369,171.667211,SDSS J131405.62+065721.9,Q,198.5234178,6.9560957,1.8799999952316284
416,33.030446,J231442.22+043140.1,X,348.6759167,4.5278056,
416,59.98825,J231439.85+043202.9,X,348.6660556,4.5341389,
20447,165.919344,WISEA J124719.23-102155.5,qR,191.8301775,-10.3654231,0.30000001192092896
20448,95.031439,J140057.25+410048.2,X,210.2385441,41.0133918,1.7000000476837158
20448,131.993524,SDSS J140053.59+410129.7,QX,210.2232837,41.0249156,3.0989999771118164
20448,158.790834,J140059.99+410144.5,X,210.2499785,41.0290524,1.5
418,101.61766,J025424.78+413623.9,X,43.60325,41.6066389,
418,110.077732,WISEA J025435.59+413546.8,qX,43.6483406,41.5963506,1.0
418,129.776248,J025419.71+413309.5,X,43.5821393,41.5526538,1.7000000476837158
418,130.271174,J025438.82+413423.7,X,43.66175,41.57325,
418,160.572648,J025435.89+413655.7,X,43.649549,41.6154973,1.399999976158142
418,168.393492,J025412.38+413444.1,X,43.5516053,41.5789193,
10374,145.785644,WISEA J004718.37-484237.0,q,11.8265757,-48.7102699,0.20000000298023224
419,1.51279,NGC 3486,NRX,165.0994204,28.9750986,0.0020000000949949026
20450,74.342958,SDSS J141423.15+355054.9,Q,213.5964918,35.8486047,1.062000036239624
20450,99.984661,SDSS J141421.76+354952.4,QX,213.5907039,35.83121,0.9620000123977661
20450,169.261947,SDSS J141442.95+355020.5,Q,213.6789664,35.8390448,1.9450000524520874
20451,119.191533,WISEA J162615.18+405614.3,qX,246.5633047,40.9373094,1.2000000476837158
20451,122.991827,SDSS J162630.93+405551.5,Q,246.6288569,40.9309493,2.055000066757202
20451,162.180479,SDSS J162614.25+405659.6,Q,246.5593785,40.9498973,2.305999994277954
422,9.546557,NGC 5985,A,234.9021945,59.3295834,0.00800000037997961
20452,30.888002,SDSS J172002.16+245548.8,QR,260.0090419,24.9302535,3.3570001125335693
20452,144.800384,SDSS J171952.32+245359.2,Q,259.9680259,24.8997952,2.7829999923706055
424,119.82432,J110314.96+275632.0,R,165.8123612,27.9422223,
20455,167.038666,WISEA J230733.74+421236.0,q,346.890567,42.2100623,1.2999999523162842
425,0.223413,NGC 5850,AX,226.7820278,1.5442404,0.008999999612569809
425,164.31174,SDSS J150658.10+013401.1,AX,226.7422042,1.5666911,0.32199999690055847
426,0.335802,NGC 4941,NRX,196.0546667,-5.5516112,0.003000000026077032
426,103.46453,J130410.30-053440.2,X,196.0429396,-5.5778419,1.2999999523162842
426,107.12726,J130417.59-053141.7,X,196.0732915,-5.5282684,1.0
429,77.589544,J015616.14+053813.0,X,29.0672806,5.6369704,0.30000001192092896
429,127.293725,SDSS J015624.36+053547.2,QX,29.1015229,5.5964457,2.0299999713897705
10386,0.065974,IC 485,ARX,120.0823602,26.7014341,0.02800000086426735
10386,136.230534,J080011.78+264040.9,X,120.0490834,26.6780278,
10386,137.527038,J080018.19+264421.1,X,120.0758123,26.739203,0.20000000298023224
10386,138.082914,SDSS J080014.85+264406.6,KX,120.0618855,26.7351705,0.48399999737739563
10386,148.409667,SDSS J080030.50+264129.3,QX,120.127124,26.6914796,1.6540000438690186
20464,104.860019,SDSS J124303.60+120137.3,Q,190.7650122,12.0270641,2.2160000801086426
432,122.540111,SDSS J125441.71+462956.5,Q,193.6738129,46.4990372,1.6579999923706055
432,148.978631,SDSS J125452.19+463159.1,Q,193.7174972,46.5331028,1.4149999618530273
432,164.472936,SDSS J125429.66+462930.5,A,193.6236736,46.4918024,0.32499998807907104
433,15.718838,J143205.14+575501.8,X,218.0214445,57.9171667,
433,18.492844,J143204.26+575532.4,X,218.01775,57.9256667,
20465,119.659435,SDSS J135640.73+255419.4,qX,209.1697388,25.9054031,
434,77.63149,J125127.29-262619.5,X,192.8637327,-26.4387548,1.5
20466,0.60137,UGC 9064,NR,212.5956304,16.3358451,0.017000000923871994
10387,71.015988,SDSS J095031.87+434453.6,Q,147.6328109,43.748241,2.2950000762939453
10387,170.94617,SDSS J095022.36+434438.2,Q,147.5931747,43.743972,1.5230000019073486
435,142.817394,SDSS J152159.36+050630.4,Q,230.4973699,5.1084612,0.6660000085830688
436,58.48596,J201657.65-704703.9,X,304.2402223,-70.7844167,
10388,85.253521,J125302.65-102216.0,X,193.2610556,-10.3711112,
10388,110.660864,J125304.77-102102.7,X,193.2698903,-10.3507777,1.100000023841858
10388,128.094429,WISEA J125313.14-102426.6,qX,193.3046986,-10.4073923,2.0999999046325684
20468,142.781475,2QZ J215623.3-291505,Q,329.0969543,-29.2511488,1.2289999723434448
20468,153.515057,2QZ J215639.4-291745,N,329.1643755,-29.2956945,0.23899999260902405
437,124.064199,J103641.70-273345.2,X,159.1737778,-27.5625556,
438,169.399991,WISEA J030601.89-153928.9,qX,46.5079116,-15.6580549,0.8999999761581421
10389,115.78908,SDSS J142605.96+051226.6,Q,216.5248013,5.2073989,1.7730000019073486
10389,142.072512,SDSS J142613.91+051220.9,Q,216.557955,5.20582,2.1589999198913574
20471,127.33952,J235358.45-023103.4,R,358.4935556,-2.5176112,
10390,32.739603,SDSS J162305.94+354954.3,Q,245.774741,35.8317701,2.4600000381469727
440,164.263383,WISEA J224730.77-650605.3,qX,341.878285,-65.1015288,1.399999976158142
20473,148.653458,WISEA J031125.44-104328.7,q,47.8561184,-10.7246547,1.600000023841858
20474,142.593041,J035000.41-735651.8,X,57.5017374,-73.9477485,
443,60.444859,J112109.66+531010.6,X,170.2902778,53.1696112,
443,83.029879,J112054.41+531041.7,X,170.2267222,53.1782592,1.2000000476837158
10395,86.143898,SDSS J123924.34+274711.5,Q,189.851434,27.7865617,1.5499999523162842
10396,179.874736,J130427.10-300713.0,X,196.1129167,-30.1202778,
446,0.687822,NGC 7172,NRX,330.5077922,-31.8697223,0.00800000037997961
446,179.206907,J220215.62-315250.6,X,330.5651109,-31.8807374,
20478,145.671112,SDSS J092439.82+481933.5,Q,141.1659635,48.3260336,1.9839999675750732
20478,154.245195,SDSS J092452.09+481920.4,Q,141.2170719,48.3223408,2.1610000133514404
10397,100.002289,WISEA J131003.54-171021.5,q,197.5147771,-17.1725768,1.399999976158142
20480,147.587159,SDSS J131204.79+465229.5,Q,198.0199754,46.8748787,1.8259999752044678
450,7.246058,J235124.36+200642.3,X,357.8515278,20.11175,
450,33.767539,J235122.48+200640.8,X,357.8436945,20.1113334,
450,77.442306,J235120.37+200726.9,X,357.8348889,20.1241389,
451,0.090811,NGC 3281,NX,157.967,-34.8536945,0.010999999940395355
20483,29.557043,J171524.47+572626.2,X,258.8519723,57.4406112,
20483,69.956294,J171518.53+572657.0,X,258.8272223,57.4491667,
20483,75.996155,WISEA J171514.26+572620.8,qX,258.8094369,57.4391355,0.8999999761581421
20483,78.07674,NGC 6338,ARX,258.8457904,57.4111901,0.027000000700354576
20483,85.950357,J171518.87+572440.0,X,258.8286389,57.4111112,
20483,87.177631,J171524.75+572432.0,X,258.8531389,57.4088889,
20483,132.582494,J171528.72+572803.3,X,258.8696995,57.4675936,
20483,143.698575,J171530.95+572807.9,X,258.8789723,57.4688612,
20483,179.580767,J171512.99+572319.0,X,258.8041386,57.388619,0.20000000298023224
20485,135.674779,J003750.34-091344.3,X,9.4597541,-9.2289753,3.9000000953674316
20486,94.203959,WISEA J020205.43+445053.3,qR,30.5226498,44.8481647,2.0
456,132.44839,J175158.34+230434.3,X,267.99309,23.076212,1.100000023841858
20487,108.553953,J043248.00-132112.2,X,68.2,-13.3533889,
20487,163.794358,J043303.99-132301.1,X,68.2666377,-13.3836446,1.7000000476837158
10404,108.978256,SDSS J110217.02+382905.4,Q,165.5709139,38.484884,0.5709999799728394
457,164.984841,J123017.63+122227.7,X,187.5734723,12.3743612,
458,171.328597,J213611.04-543439.4,X,324.0460212,-54.5776186,
20490,169.59247,SDSS J102504.98+280254.1,Q,156.2707566,28.0483829,1.1920000314712524
459,162.613142,J130104.84-143313.7,R,195.2701904,-14.5538099,2.0
10406,178.247629,SDSS J134537.52+220737.8,Q,206.4063866,22.1271857,2.515000104904175
460,134.814289,SDSS J000401.75+204717.2,Q,1.0072868,20.7881256,1.3209999799728394
461,80.95531,SDSS J121925.60+145316.3,QX,184.8566809,14.8878668,3.1740000247955322
461,137.936029,SDSS J121929.78+145457.1,qX,184.8740904,14.9158694,0.20000000298023224
20493,109.080296,SDSS J113117.72+550822.6,Q,172.8238494,55.1396176,1.0379999876022339
20495,166.573542,SDSS J120937.06+381337.3,QX,182.4044388,38.2270342,2.796999931335449
10411,54.78497,SDSS J224917.46+191757.0,Q,342.3227546,19.299179,0.8690000176429749
10411,174.13736,SDSS J224918.05+191429.3,Q,342.325245,19.241478,0.703000009059906
10411,178.167914,SDSS J224932.81+191743.7,Q,342.3867347,19.2954862,2.611999988555908
20496,143.757681,SDSS J122936.74+325706.0,Q,187.4030643,32.9516506,1.2949999570846558
20496,176.859283,SDSS J122949.11+325240.8,Q,187.4546596,32.878023,0.6159999966621399
20497,0.402866,UGC 7740,NR,188.6754703,49.3246341,0.028999999165534973
20497,97.862843,SDSS J123432.07+491927.0,Q,188.6336164,49.3241946,2.128000020980835
20497,126.751083,SDSS J123449.78+491746.5,Q,188.7074052,49.2962591,1.3880000114440918
467,127.700861,SDSS J121740.54+293430.8,Q,184.4189398,29.5752626,2.319999933242798
467,165.295574,SDSS J121747.55+293755.8,QX,184.4481623,29.6321871,0.7289999723434448
20499,134.127799,87GB 16234+5748,QRX,246.1033531,57.687862,0.7889999747276306
469,51.272985,J061619.23-212149.5,X,94.0801624,-21.3637708,1.0
20500,89.285816,SDSS J170907.24+405411.4,Q,257.2801817,40.9031548,1.4149999618530273
20500,141.613328,SDSS J170924.60+405512.5,Q,257.3525294,40.9201454,1.2170000076293945
10416,55.208061,J082302.26+041600.3,X,125.759417,4.2667509,0.30000001192092896
20501,60.505356,SDSS J235803.04+291624.5,Q,359.5126666,29.2734968,1.434999942779541
472,131.905655,J122335.60+164108.3,X,185.8983334,16.6856389,
472,155.594834,SDSS J122326.88+164458.0,QX,185.8620201,16.7494652,0.6729999780654907
20503,62.308568,J035840.89+274652.6,X,59.6703794,27.7812902,0.4000000059604645
20503,136.048584,WISEA J035843.20+274354.8,qX,59.6800467,27.7319228,0.8999999761581421
10419,0.405278,UGC 10320,A,244.5307004,21.0664471,0.03200000151991844
10419,87.140306,SDSS J161810.83+210247.0,Q,244.5451253,21.0463986,2.7929999828338623
10419,88.362453,WISEA J161806.74+210526.9,q,244.5279125,21.0908586,1.7999999523162842
10419,135.802395,WISEA J161801.12+210543.3,q,244.5046825,21.0954073,0.800000011920929
20506,0.210155,CGCG 151-39,A,139.065192,30.8240176,0.023000000044703484
10420,0.38368,UGC 10374,N,245.9133004,50.9695901,0.019999999552965164
20507,43.633324,SDSS J105803.13+404945.8,Q,164.5130817,40.8294084,2.3550000190734863
479,77.424195,J125142.79-102719.6,X,192.9282927,-10.4554575,0.30000001192092896
479,136.264747,J125141.94-102859.5,X,192.9247778,-10.4831945,
20508,134.176198,SDSS J112417.30+344045.1,Q,171.0721234,34.6792101,0.7870000004768372
480,62.668856,SDSS J023921.16+010628.1,QX,39.8382773,1.1078012,1.9630000591278076
480,99.657339,SDSS J023924.96+010715.3,Q,39.8540356,1.1209359,2.5739998817443848
480,139.754566,SDSS J023921.15+010752.2,QX,39.8381292,1.1311697,1.4190000295639038
20511,0.215177,NPM 1G+28.0244,A,193.4078011,27.7842891,0.017000000923871994
20511,114.986804,SDSS J125342.75+274528.3,Q,193.428133,27.7578882,2.8510000705718994
482,89.63076,J012346.39+331443.6,X,20.9433141,33.2454511,0.10000000149011612
482,123.520332,J012334.08+331701.4,X,20.8920278,33.2837223,
482,145.770809,J012331.74+331338.8,X,20.88225,33.2274445,
482,168.349379,J012332.63+331743.3,X,20.8859912,33.2953686,1.2999999523162842
10427,155.757234,WISEA J060016.94-180327.9,q,90.0705482,-18.0578058,1.2000000476837158
20515,177.226284,WISEA J000709.09-074542.9,q,1.7879306,-7.7621379,2.5999999046325684
486,0.200409,NGC 777,NRX,30.0621667,31.4294445,0.017000000923871994
486,24.258298,J020016.80+312543.1,X,30.0700278,31.4286389,
486,63.433608,J020013.78+312444.0,X,30.057452,31.4122377,1.2999999523162842
486,168.241724,SDSS J020002.41+312454.0,Q,30.0100735,31.4150056,2.000999927520752
10428,105.136893,2SLAQ J100520.68+003106.0,QX,151.3361823,0.5183361,1.909999966621399
10429,67.515288,WISEA J152256.23-045919.1,qX,230.7342934,-4.9886732,1.0
20520,89.260783,SDSS J083158.56+240136.6,Q,127.9940296,24.0268346,2.2239999771118164
492,131.260212,WISEA J033622.28-351640.3,qX,54.0927903,-35.2777545,2.5
20522,164.299639,SDSS J104619.16+185608.3,Q,161.5798645,18.935642,1.2350000143051147
10434,100.65467,SDSS J081317.71+522555.9,Q,123.3238242,52.4322093,1.2610000371932983
494,160.511348,SDSS J084910.69+190453.9,Q,132.2945797,19.0816714,2.0250000953674316
494,162.50818,SDSS J084921.57+190712.3,Q,132.3399106,19.1200842,2.009000062942505
20525,95.093307,WISEA J132413.85-232219.6,qR,201.0579762,-23.3722426,0.30000001192092896
495,61.347496,J011102.99+330940.3,X,17.7624608,33.1612171,1.5
497,99.724443,J220223.47-185323.2,X,330.5978056,-18.8897778,
497,123.383057,J220224.68-185654.9,X,330.6028334,-18.9485834,
499,86.344075,J012601.78-012207.0,2,21.5074167,-1.3686112,
499,96.544541,J012555.16-011950.6,X,21.4798612,-1.3307223,
499,123.825766,J012607.40-012152.5,X,21.5308612,-1.3645834,
499,131.513866,J012554.58-011906.8,X,21.4774167,-1.3185556,
20531,141.781513,WISEA J204248.45-434500.6,q,310.7018717,-43.7502053,1.2000000476837158
10441,60.497391,WISEA J151132.98-134950.3,q,227.8874424,-13.8307068,0.6000000238418579
500,0.04152,NGC 7590,NR,349.7283756,-42.2390556,0.004999999888241291
500,104.398754,WISEA J231845.93-421347.7,qX,349.6912479,-42.2298552,1.5
500,160.380995,J231858.30-421145.0,X,349.7429445,-42.1958334,
10442,143.166643,SDSS J154640.32+320605.5,Q,236.6680247,32.1015379,0.9150000214576721
503,0.342299,NGC 2685,NX,133.8946068,58.7344105,0.003000000026077032
503,118.5015,SDSS J085530.71+584558.5,qX,133.8780571,58.7661619,0.800000011920929
20536,26.459849,WISEA J015527.30+363348.0,q,28.8637548,36.5633527,1.600000023841858
505,61.030637,XMS J122004.0+752145,QX,185.0153515,75.3626567,0.9729999899864197
505,99.411991,J122024.76+752351.0,X,185.1031912,75.3975132,
505,151.42266,J121949.64+752027.7,X,184.9568612,75.3410278,
10446,169.580898,WISEA J003128.12-365113.5,q,7.8671997,-36.853766,1.399999976158142
506,177.929627,WISEA J202514.68-244613.2,qX,306.3111944,-24.7703322,1.2000000476837158
20539,39.698365,WISEA J030329.36-093937.5,q,45.8725092,-9.6604202,0.800000011920929
507,30.619935,SDSS J124747.21+134604.0,qX,191.9467391,13.7677928,2.200000047683716
507,171.917819,SDSS J124744.31+134254.7,QX,191.9346428,13.7152194,2.2990000247955322
10448,0.295322,IC 492,AX,121.4111031,26.1681758,0.017000000923871994
10449,176.069296,SDSS J122024.96+041419.7,Q,185.1040081,4.2388092,2.059999942779541
509,7.8733,SDSS J120211.11+620811.8,qX,180.5463145,62.1366114,2.0999999046325684
509,148.07322,SDSS J120223.63+620609.7,QX,180.5984755,62.1027236,0.7580000162124634
20544,116.851068,SDSS J151418.48+081525.9,A,228.5770362,8.2572103,0.3440000116825104
511,166.774976,SDSS J084355.44+501227.2,Q,130.9810337,50.2075594,2.7639999389648438
10452,63.725653,SDSS J231422.86+282743.4,Q,348.5952522,28.4620815,1.6890000104904175
10452,107.086315,SDSS J231418.40+282516.5,Q,348.5766808,28.4212696,1.0829999446868896
514,0.335627,NGC 4235,ARX,184.2911851,7.1915737,0.007000000216066837
514,121.153541,SDSS J121717.78+071159.8,qX,184.3241291,7.1999456,2.0
20550,134.805289,SDSS J233024.96+301530.9,Q,352.6040083,30.2586068,1.9450000524520874
516,0.224453,SDSS J134519.14+414244.7,NRX,206.3298435,41.7123586,0.008999999612569809
20553,123.814927,SDSS J025636.63+183957.7,qR,44.1526198,18.6660652,2.0
521,0.712141,NGC 3735,NRX,173.9887778,70.5357778,0.008999999612569809
521,123.249994,J113620.02+703120.3,X,174.0834445,70.5223056,
521,137.949851,J113605.09+703420.4,X,174.0212448,70.5723426,0.800000011920929
20555,117.522328,WISEA J074951.79+304541.8,q,117.4658133,30.7616182,0.10000000149011612
10463,119.603716,WISEA J172142.93-004936.7,q,260.4288966,-0.8268729,0.30000001192092896
20556,151.241636,J080533.84+400839.4,R,121.3910278,40.1442778,
20558,167.905602,SDSS J085637.62+515440.5,Q,134.156763,51.9112696,1.3919999599456787
525,140.683748,SDSS J123728.59+093100.6,QX,189.36916,9.5168525,0.7409999966621399
525,155.638039,SDSS J123721.77+093444.2,QX,189.340731,9.5789628,0.9430000185966492
525,177.010003,SDSS J123718.58+093318.9,Q,189.3274291,9.5552737,2.812999963760376
526,63.759595,WISEA J084916.84+601224.2,q,132.3202609,60.2067322,0.20000000298023224
10466,113.47096,WISEA J203038.41-035524.6,q,307.6600509,-3.9235307,0.8999999761581421
20560,177.415091,SDSS J155425.81+394749.2,Q,238.6075818,39.796996,1.6469999551773071
527,176.552899,J235509.72+055307.8,X,358.7905278,5.8855,
20561,98.43011,WISEA J172149.79-005343.5,q,260.4575433,-0.8954771,1.2000000476837158
528,85.695767,SDSS J094317.29+315450.6,QX,145.8220812,31.9140491,1.565999984741211
528,113.562903,SDSS J094303.91+315456.0,Q,145.7663097,31.9155801,1.8769999742507935
528,141.885438,WISEA J094321.39+315658.9,qX,145.8393609,31.9497914,0.8999999761581421
20564,169.533746,SDSS J233130.31+322605.7,Q,352.8763374,32.4349064,1.284999966621399
10471,154.346163,SDSS J095628.53+202624.2,Q,149.118912,20.4400702,2.881999969482422
20565,102.48561,SDSS J235149.21+291411.1,Q,357.9550317,29.2364366,1.8669999837875366
20565,125.467491,WISEA J235145.73+291414.8,qRX,357.9405446,29.2374441,1.2999999523162842
534,135.851736,J064817.05-641550.8,X,102.0710617,-64.2641209,
20569,57.068687,WISEA J033154.83+021611.4,q,52.9784644,2.2698725,1.2999999523162842
536,143.525885,J150407.37+011535.1,X,226.0307223,1.25975,
20571,166.689279,WISEA J061541.01+521611.7,q,93.9209125,52.2699111,1.100000023841858
20573,0.18925,IC 657,N,164.4732366,-4.9048946,0.03200000151991844
540,171.063324,SDSS J111412.60+481615.9,Q,168.5525396,48.2710776,3.4049999713897705
540,173.549145,SDSS J111427.00+482013.8,Q,168.6125144,48.337184,1.8669999837875366
20575,174.54754,J114837.50-272036.4,X,177.1562671,-27.3434611,
542,89.014956,J012435.50+034603.9,X,21.1479445,3.76775,
20577,30.360619,SDSS J122053.82+244023.9,Q,185.2242581,24.673323,3.0260000228881836
20580,150.228299,WISEA J132508.06-204039.3,q,201.2836153,-20.6776226,1.0
10484,136.567103,SDSS J110223.99+590604.6,Q,165.5999606,59.1012859,1.343000054359436
10485,72.244416,WISEA J120806.35+253635.3,qX,182.0264434,25.6096185,1.100000023841858
549,32.442633,J130010.44+275827.3,X,195.0435082,27.9742596,
549,40.826461,J130005.35+275818.8,X,195.0223056,27.9718889,
549,145.00203,J130003.37+280047.8,X,195.0140534,28.0132973,
549,154.748381,J130017.94+275713.6,X,195.07475,27.9537778,
549,155.975901,J130013.45+280056.1,X,195.0560479,28.0155883,1.2999999523162842
549,175.902186,J130021.11+275912.8,X,195.0879601,27.98689,1.2000000476837158
20583,0.296445,CGCG 166-5,NR,232.5673045,27.0975022,0.032999999821186066
551,106.556254,J232836.44-412112.4,X,352.1518334,-41.3534445,
10488,127.745615,WISEA J170214.00+445202.9,q,255.5583897,44.8674336,0.10000000149011612
552,22.676964,J043040.22+004004.3,X,67.6675834,0.6678612,
552,82.113753,J043042.86+004051.4,X,67.6785834,0.6809445,
553,96.298586,J231926.14-421643.3,X,349.8589179,-42.2787081,
554,0.406755,NGC 7743,NRX,356.0881613,9.9341584,0.007000000216066837
554,130.854326,J234429.75+095632.7,X,356.1239864,9.9424353,2.4000000953674316
554,176.956891,J234424.65+095851.8,X,356.102733,9.9810752,2.299999952316284
20587,133.647271,SDSS J233940.12-030819.6,Q,354.9171928,-3.1387978,3.7950000762939453
10491,163.680046,WISEA J005737.92-544121.9,q,14.408002,-54.6894398,1.2999999523162842
20588,145.658431,SDSS J235336.53-004224.7,A,358.4022329,-0.7068862,0.1120000034570694
555,0.102218,NGC 5631,N,216.6387047,56.582619,0.007000000216066837
555,153.820214,SDSS J142633.05+563223.7,Q,216.6377455,56.5399152,2.065999984741211
555,173.483897,SDSS J142648.23+563659.4,Q,216.7009247,56.6165194,2.1710000038146973
10492,51.294282,J054922.93-700739.1,X,87.3455506,-70.1275552,
20589,113.379305,J011503.95-584107.7,R,18.7664723,-58.6854723,
557,137.065349,WISEA J104246.23-361852.6,q,160.6925782,-36.3146221,2.0
558,143.104584,SDSS J121225.29+131057.5,qX,183.1053743,13.18262,1.5
10496,65.911639,LAMOSTJ114445.50+193206.8,QX,176.1896617,19.5352272,1.6490000486373901
561,42.508401,J112827.00+583407.6,X,172.1125278,58.5687778,
561,135.169671,J112826.82+583131.3,X,172.1117517,58.5253628,1.0
20593,116.906577,WISEA J030233.46+020943.3,q,45.6392968,2.1620757,1.0
562,0.185388,NGC 2273,ARX,102.5361353,60.8458,0.006000000052154064
562,126.624851,2XMM J065012.9+604842,ARX,102.5534981,60.8116128,0.2029999941587448
10499,75.326498,SDSS J134210.57+604740.7,QR,205.5440629,60.7946353,1.2280000448226929
10499,110.475522,J134217.74+604446.7,R,205.5739445,60.7463056,
564,145.097701,J054649.90-164918.3,R,86.7079292,-16.8217668,0.5
10501,148.91648,LAMOSTJ150334.45+260632.2,QR,225.8935856,26.1089631,0.44200000166893005
566,121.911962,WISEA J034230.20-132716.2,q,55.6258643,-13.4545019,1.2000000476837158
20598,0.249281,MCG -01.24.012,NRX,140.19276,-8.0560932,0.019999999552965164
568,62.686663,J022721.78+333458.8,X,36.8407778,33.583,
568,131.186919,J022707.40+333348.3,X,36.7808625,33.5634246,1.0
568,145.128938,J022706.74+333554.0,X,36.7780834,33.5983334,
10505,46.27296,SDSS J225249.32+010822.7,QX,343.2055312,1.1396196,1.6970000267028809
10505,95.252149,SDSS J225252.70+010829.6,Q,343.2196121,1.1415487,2.5309998989105225
10505,95.322436,SDSS J225242.40+010908.1,Q,343.1767014,1.1522693,2.303999900817871
10505,153.679692,SDSS J225240.37+010958.7,AX,343.1682211,1.1663259,0.5329999923706055
20601,47.019507,SDSS J141214.29+291208.3,AR,213.0595812,29.2022912,0.48399999737739563
20601,94.021541,WISEA J141214.26+291048.1,q,213.0594653,29.1800309,0.5
570,120.16659,SDSS J015123.81+222005.5,Q,27.8492423,22.3348608,2.6570000648498535
570,169.705379,SDSS J015119.49+221841.1,Q,27.8312486,22.3114212,1.0850000381469727
10506,159.595792,WISEA J001031.31-565648.9,q,2.6304118,-56.9469743,1.2999999523162842
571,103.724343,J110331.13+180911.0,X,165.8797223,18.1530556,
571,147.342732,J110333.90+180930.8,X,165.8912778,18.1585556,
571,167.228441,SDSS J110317.53+181011.6,qX,165.8230643,18.1699151,1.2000000476837158
10507,116.930241,SDSS J010713.44+330332.1,Q,16.8060417,33.0589539,1.2979999780654907
10507,178.758728,SDSS J010734.96+330237.5,Q,16.8956697,33.043759,1.2740000486373901
20604,139.310285,WISEA J203145.12-013018.1,q,307.9380387,-1.5050459,0.10000000149011612
572,113.270109,J122403.71+753249.7,X,186.0154895,75.5471596,1.2000000476837158
10508,71.00663,LAMOSTJ031910.19+040108.8,Q,49.7924708,4.0191076,1.597000002861023
20606,177.273733,WISEA J223501.45+183903.1,q,338.7560516,18.6508775,1.5
10509,84.259979,LAMOSTJ041336.36+004351.0,Q,63.4015274,0.7308463,2.5859999656677246
20607,156.509688,J012344.26-321027.2,R,20.9344167,-32.1742223,
10510,141.877241,SDSS J084624.28+413611.1,NR,131.6011952,41.6031034,0.14900000393390656
576,43.64124,J010726.30+322405.0,R,16.8595968,32.4014106,1.5
576,132.591502,J010729.94+322248.6,X,16.8747653,32.3801885,1.5
577,0.047079,ESO 443-24,BRX,195.253292,-32.4413612,0.017000000923871994
577,142.941568,J130109.14-322805.0,X,195.2881094,-32.4680672,
579,0.359201,NGC 5750,N,221.5463616,-0.2229246,0.006000000052154064
579,118.451726,2QZ J144606.7-001144,Q,221.5282669,-0.195495,2.013000011444092
579,150.404697,2SLAQ J144608.12-001546.4,Q,221.5338444,-0.2628861,1.2430000305175781
10515,0.119609,PGC 141885,AR,231.1392235,-30.2059363,0.019999999552965164
10516,42.179851,J154422.23-112537.9,X,236.0926308,-11.4272194,2.0
10516,69.173522,J154423.95-112525.0,X,236.0997948,-11.4236349,1.399999976158142
583,166.814617,J125600.92-120340.2,R,194.0038482,-12.0611924,1.899999976158142
20619,146.892717,SDSS J235417.51-015501.0,Q,358.5730217,-1.9169503,1.7899999618530273
10521,138.284798,SDSS J091837.99+275818.2,Q,139.658303,27.9717298,1.5219999551773071
588,139.356534,LAMOSTJ145958.87+015546.0,QX,224.9953175,1.9294676,1.50600004196167
20622,70.89846,SDSS J005439.93+213219.6,Q,13.6663881,21.5388152,0.8220000267028809
20622,131.055487,SDSS J005449.81+212953.9,Q,13.7075702,21.4983134,2.311000108718872
10522,148.76929,SDSS J093021.88+554906.7,QX,142.5911834,55.8185486,1.2139999866485596
590,0.487529,NGC 5962,AR,234.1320038,16.6077581,0.007000000216066837
10523,28.267837,WISEA J110427.98+440122.9,q,166.1167368,44.0230187,1.600000023841858
10523,71.783187,SDSS J110425.96+440042.9,Q,166.1081867,44.0119402,2.4820001125335693
10523,171.172341,SDSS J110418.73+435932.5,A,166.0780786,43.9923829,0.16599999368190765
10524,157.736447,SDSS J125318.96+042524.4,Q,193.32903,4.4234528,0.6179999709129333
592,97.135846,QORG J223749.3+234541,QX,339.4555664,23.7613828,1.2400000095367432
20627,129.050352,SDSS J073942.69+491939.3,Q,114.9278955,49.3276067,1.312000036239624
593,89.291095,J141536.92+361214.0,X,213.9038334,36.2038889,
593,98.628964,J141534.26+361158.5,X,213.8927778,36.1995834,
10526,162.563796,SDSS J161950.94+573532.2,Q,244.962286,57.5923035,2.9079999923706055
20631,143.990033,WISEA J124435.79-030146.0,q,191.1489329,-3.0294776,1.7000000476837158
10527,65.736891,UGC 10683B,ARX,256.2516471,-1.5412602,0.03099999949336052
597,178.112402,J103641.70-273345.2,X,159.1737778,-27.5625556,
20632,132.854334,WISEA J131048.45-313051.7,q,197.7019388,-31.5144433,0.20000000298023224
598,109.455215,2QZ J120426.6+015534,QX,181.1110922,1.9263685,1.378999948501587
598,171.126386,J120427.43+015054.6,X,181.1143056,1.8485,
10528,157.17276,WISEA J181044.22+182256.0,q,272.6842063,18.382207,2.0999999046325684
10529,113.297442,J232835.01+171510.5,R,352.1459131,17.2529443,0.699999988079071
20635,122.24198,SDSS J141540.40+394644.5,Q,213.9183454,39.7790258,2.6500000953674316
20636,158.802593,WISEA J153401.03+051702.1,q,233.5042286,5.2839441,1.2000000476837158
20637,77.294695,SDSS J161553.10+151856.3,Q,243.9712948,15.3156368,0.7829999923706055
603,91.414402,WISEA J211156.39-491540.5,qX,317.9850218,-49.2612613,2.5
603,149.997115,J211201.77-491857.4,X,318.0073808,-49.3159615,
605,107.226826,TEX 1035-268,KRX,159.415516,-27.0906785,0.5669999718666077
10535,0.689717,NGC 5828A,NR,225.1921406,49.9936448,0.014000000432133675
10535,152.707272,SDSS J150030.57+495906.9,Q,225.1273964,49.985271,1.6490000486373901
10535,178.266444,SDSS J150104.55+495945.2,Q,225.2689821,49.9958802,1.1950000524520874
608,0.187064,NGC 4378,NX,186.3253889,4.9251112,0.008999999612569809
608,67.09298,SDSS J122522.43+045513.1,qX,186.3434681,4.9203097,1.100000023841858
608,160.210677,SDSS J122527.45+045412.1,qX,186.3643788,4.9033628,2.0
10538,116.225279,SDSS J235853.08+033922.1,Q,359.7211776,3.6561521,1.5700000524520874
612,0.233912,NGC 4586,N,189.6183612,4.319178,0.003000000026077032
613,94.678376,SDSS J142411.78+345012.5,QX,216.0490988,34.8368214,1.8049999475479126
10543,58.471797,WISEA J083507.94-025823.6,q,128.7831993,-2.9731333,1.5
614,138.2115,WISEA J143151.30-432505.7,q,217.9637751,-43.4182377,2.0999999046325684
20651,43.334725,WISEA J084856.39-082210.0,q,132.234979,-8.3694092,1.399999976158142
20652,151.938887,SDSS J091901.13+200905.9,Q,139.7547169,20.1516508,1.5959999561309814
10544,0.329586,UGC 5607,NR,155.6017183,3.9973063,0.023000000044703484
10544,90.601251,J102218.70+040019.4,R,155.5779167,4.0053889,
20653,105.223755,SDSS J092713.42+342717.7,Q,141.805917,34.4549226,1.6990000009536743
20653,163.55785,SDSS J092723.05+342756.0,Q,141.8460232,34.4655735,3.1480000019073486
20653,172.591587,SDSS J092712.95+342249.1,Q,141.8039533,34.3803231,2.447000026702881
20654,0.252644,CGCG 64-106,N,154.73352,13.1574605,0.023000000044703484
10546,117.88042,SDSS J114250.92+263422.7,QRX,175.7121599,26.5729774,1.5080000162124634
10546,137.26686,J114253.17+263442.9,X,175.7215556,26.5785834,
619,0.505241,NGC 3516,ARX,166.6977486,72.5686638,0.008999999612569809
20655,176.232479,J110510.71+381559.0,X,166.2946389,38.2663889,
20655,177.572579,HXMM J11053+3811,QX,166.3440655,38.1845657,1.2580000162124634
20656,136.326926,SDSS J115119.13+323540.9,Q,177.8297286,32.5947046,1.031999945640564
20656,163.981535,SDSS J115116.53+323552.3,Q,177.8188958,32.5978714,2.319000005722046
10549,142.468578,WISEA J191633.98-571836.4,q,289.1415873,-57.3101237,0.30000001192092896
622,166.822483,WISEA J050535.46-115410.3,q,76.3977645,-11.9028453,0.8999999761581421
10551,164.088711,J215811.60-695239.7,X,329.5483525,-69.8777105,
623,0.169367,NGC 3894,ARX,177.2098612,59.4156667,0.010999999940395355
623,121.743357,J114852.91+592256.0,X,177.2204879,59.3822388,
623,144.588115,J114848.83+592232.1,X,177.2034989,59.375587,
623,168.588831,SBS 1146+596,QX,177.2505684,59.3736282,1.9579999446868896
20661,77.57777,WISEA J012517.61-180859.0,q,21.3233715,-18.1497044,0.5
10555,149.511687,SDSS J114246.72+185025.0,Q,175.6946733,18.8402888,2.6489999294281006
10556,178.682503,SDSS J120215.04+175117.7,Q,180.562708,17.8549438,0.6679999828338623
630,16.674232,J162149.47-021649.7,X,245.4561389,-2.2804723,
630,40.009996,J162150.47-021631.6,X,245.4603056,-2.2754445,
630,100.363816,J162142.46-021740.0,X,245.4269445,-2.2944445,
10559,43.951292,SDSS J163602.86+443601.1,Q,249.0119443,44.6003306,1.5160000324249268
10559,81.360718,SDSS J163605.17+443451.5,Q,249.0215812,44.5809908,2.627000093460083
10559,92.214932,SDSS J163603.43+443735.4,Q,249.0142915,44.6265015,1.1069999933242798
631,55.142104,J124815.63-031911.7,X,192.0651248,-3.3199391,2.299999952316284
631,113.961224,J124813.06-032152.1,X,192.0544167,-3.3644723,
20668,50.939272,SDSS J134149.72+554031.6,Q,205.457202,55.6754496,1.1670000553131104
20668,92.864817,J134132.87+554012.9,X,205.3869723,55.67025,
20669,111.861647,SDSS J134423.81+201156.3,Q,206.0992377,20.1989801,2.265000104904175
10560,64.877377,SDSS J012735.78-010723.3,Q,21.8990999,-1.1231551,0.7480000257492065
10560,166.212415,SDSS J012746.07-010512.6,A,21.9419852,-1.0868606,0.4090000092983246
20670,73.181933,SDSS J145405.57+492435.0,Q,223.5232468,49.4097256,0.906000018119812
20670,74.459629,SDSS J145412.85+492640.4,QR,223.5535589,49.4445511,2.1059999465942383
635,0.263819,NGC 5899,ARX,228.7634445,42.0498334,0.00800000037997961
635,160.736627,J151450.48+420414.5,X,228.7103334,42.0706945,
635,177.974729,J151519.22+420258.4,X,228.8301055,42.0495773,0.10000000149011612
20671,27.462604,IC 4687 #2,NRX,273.4158755,-57.7252778,0.017000000923871994
20671,67.726538,IC 4687,N,273.4063265,-57.7511544,0.017000000923871994
636,72.848307,J142918.80-332605.9,R,217.3283389,-33.4349914,
10564,94.02084,SDSS J074542.50+454624.9,Q,116.4270954,45.7735716,2.507999897003174
637,76.946043,J035926.54-673850.3,X,59.8606112,-67.6473056,
638,74.781633,J204443.68-684543.5,X,311.182,-68.7620834,
639,161.20588,SDSS J124130.14+071616.9,qX,190.3756282,7.2713511,1.0
639,171.569251,SDSS J124127.12+072123.0,QX,190.3630175,7.3564162,0.8870000243186951
10567,171.822121,PGC 1414553,N,153.2435348,12.7018023,0.061000000685453415
20677,115.785717,J031052.04+164743.8,R,47.7168612,16.7955,
10568,178.233504,J115334.55+102333.8,R,178.3939723,10.3927223,
20680,61.374184,SDSS J075008.99+342909.2,QR,117.5374928,34.4858945,1.034999966621399
643,0.051874,NGC 3783,ARX,174.7571667,-37.7385834,0.008999999612569809
643,86.691504,J113855.87-374510.9,R,174.7328056,-37.7530278,
10569,140.136655,SDSS J151824.47+125400.1,Q,229.6019843,12.9000513,2.8350000381469727
20681,0.28111,CGCG 156-37,N,168.8257824,27.401347,0.027000000700354576
20681,173.30658,SDSS J111531.09+272340.8,NR,168.87957,27.394671,0.5220000147819519
644,0.926048,NGC 4939,NRX,196.0597007,-10.3395324,0.009999999776482582
644,78.726382,J130409.82-101941.7,X,196.0409397,-10.3282757,
10570,0.101217,PGC 835095,ARX,249.6287999,-20.9234898,0.027000000700354576
10574,61.29816,SDSS J094709.52+003955.5,KX,146.7897317,0.6654274,0.550000011920929
20688,136.273117,WISEA J173808.62+134809.9,q,264.5358195,13.8027876,0.30000001192092896
651,113.845922,J033702.40-354453.4,X,54.2600278,-35.7481667,
651,167.443021,J033658.02-354432.7,X,54.241784,-35.7424196,
653,156.601247,SDSS J234416.30+104837.9,Q,356.0679445,10.8105251,1.5240000486373901
653,171.486215,SDSS J234404.22+104627.8,Q,356.0176068,10.7744111,3.1470000743865967
10579,143.90546,WISEA J175021.78-610022.6,q,267.5907351,-61.0062946,0.699999988079071
654,21.607058,OzDES-DR2_03659,A,41.610773,-0.500135,0.004999999888241291
654,22.034798,OzDES-DR2_03651,A,41.6079966,-0.493417,0.006000000052154064
654,116.878971,SDSS J024632.75-002927.8,A,41.6364953,-0.4910778,0.8339999914169312
654,176.506673,NGC 1087 UB1,Q,41.635197,-0.537301,2.1530001163482666
20693,89.810511,SDSS J212304.56+010118.8,Q,320.7690266,1.0219274,2.119999885559082
20693,123.194342,SDSS J212251.93+010026.1,Q,320.7163926,1.0072514,2.3269999027252197
20693,166.503563,SDSS J212309.51+010213.0,Q,320.7896436,1.0369903,0.5910000205039978
20693,177.859439,SDSS J212249.31+005947.2,Q,320.7054876,0.9964499,2.0829999446868896
20694,121.009694,WISEA J222831.15+351037.0,q,337.1297607,35.1770222,0.4000000059604645
20695,157.150614,WISEA J010604.18+040702.4,q,16.5174449,4.117352,0.8999999761581421
657,0.953293,NGC 2992,NRX,146.4249167,-14.3263612,0.00800000037997961
657,170.64986,J094544.88-142220.5,X,146.437,-14.3723612,
658,101.030627,J221617.43-365023.6,X,334.0726389,-36.8398889,
658,156.75689,J221618.92-365220.6,X,334.0788612,-36.8723889,
10584,128.129063,SDSS J104926.10+120956.7,Q,162.358723,12.1657872,3.0969998836517334
660,0.277501,NGC 5395,NX,209.65818,37.4244966,0.012000000104308128
660,10.375168,J135838.79+372530.8,X,209.6616389,37.4252223,
660,15.62429,J135839.24+372525.8,X,209.6635,37.4238334,
660,129.165865,J135839.44+372736.3,X,209.664341,37.4600867,4.0
20699,103.394812,SDSS J090219.61+142919.5,Q,135.5817215,14.4887533,1.909000039100647
10586,137.841821,WISEA J130659.35-281303.0,q,196.7473512,-28.2174935,0.800000011920929
661,19.410283,J012532.05+014549.3,X,21.3835556,1.7636945,
661,43.798464,J012532.21+014614.5,X,21.3842492,1.7707122,0.10000000149011612
661,77.885987,J012530.44+014649.0,X,21.3768683,1.7802958,1.2999999523162842
661,148.272957,J012522.26+014629.1,X,21.3427679,1.774762,0.30000001192092896
661,159.377477,J012534.97+014802.6,X,21.3957121,1.8007349,1.0
661,177.919732,J012537.27+014257.8,X,21.4052928,1.716069,0.6000000238418579
10588,157.362803,SDSS J141404.33+153553.2,Q,213.5180484,15.5981293,2.694000005722046
10588,174.434535,SDSS J141409.55+153435.1,Q,213.5398063,15.5764196,2.296999931335449
662,65.953484,J015247.18+360801.1,X,28.1965902,36.1336541,0.20000000298023224
662,67.854286,J015251.79+360845.2,X,28.2158071,36.1458909,0.20000000298023224
662,102.897795,J015253.66+361001.4,X,28.2235919,36.1670702,0.20000000298023224
662,113.672192,J015237.12+360856.7,X,28.1546918,36.1490927,1.5
662,157.738687,J015252.53+361126.2,X,28.2188889,36.1906112,
20703,0.130737,CGCG 163-34,NR,215.7813028,28.5950803,0.028999999165534973
663,125.811435,QORG J182436.2+731045,QX,276.1515776,73.1794172,1.9600000381469727
20704,82.780087,AGES J142746.37+341110.0,QX,216.943229,34.186118,1.5199999809265137
20704,122.868385,AGES J142753.86+341339.6,Q,216.974439,34.227674,2.0160000324249268
20704,130.695584,AGES J142754.40+341343.6,AX,216.9766904,34.2288001,0.5709999799728394
664,0.063457,ESO 548-81,ARX,55.5154919,-21.2443463,0.014999999664723873
664,121.544737,J034156.20-211338.6,X,55.4841667,-21.2273889,
10591,110.340952,2QZ J235756.5-295014,QR,359.4857244,-29.8372972,2.0280001163482666
20705,81.971972,SDSS J143913.83+380847.4,Q,219.8077072,38.1465288,1.7990000247955322
665,131.771263,SDSS J161002.73+004036.5,Q,242.5114132,0.6768073,0.5400000214576721
20706,0.206808,MCG 10-25-046,NR,262.1563831,57.1450469,0.02800000086426735
10592,76.511986,J012325.16+331650.8,X,20.8548612,33.2807778,
10592,164.223865,J012307.58+331521.9,X,20.7816026,33.2560833,
20707,115.059641,WISEA J181157.74+741324.1,q,272.9906555,74.223369,1.899999976158142
668,54.418394,J101011.89-122647.2,X,152.5495556,-12.4464445,
668,125.649891,J101001.40-122541.3,X,152.5058435,-12.4281633,1.5
10594,107.665019,SDSS J083219.42+415822.8,Q,128.0809423,41.9730067,1.9010000228881836
20710,68.240611,SDSS J003357.20+071747.6,Q,8.4883119,7.2965619,0.8669999837875366
669,17.979881,J121633.24+072727.3,X,184.1385278,7.4575834,
10595,101.181508,SDSS J100044.13-030212.8,Q,150.1838974,-3.0369254,2.11299991607666
10595,179.723302,SDSS J100051.29-030334.8,Q,150.2137248,-3.0597022,2.38100004196167
20711,168.429003,SDSS J013727.13+285507.7,Q,24.3630516,28.9188332,1.7990000247955322
10596,14.236023,J115608.80+552329.2,X,179.0366945,55.3914445,
10596,110.148897,SDSS J115605.44+552137.3,QX,179.0226824,55.3603661,2.0250000953674316
10596,147.041898,J115551.36+552227.5,X,178.964,55.3743056,
10597,153.752288,SDSS J115740.70+251654.8,Q,179.4196228,25.2819136,0.7120000123977661
673,71.940772,J141029.53-431836.1,X,212.6230556,-43.3100278,
10598,0.147211,IC 4253,N,201.8848569,-27.8720892,0.03400000184774399
20716,97.262325,SDSS J091451.78+223433.6,Q,138.7157767,22.5759983,1.5670000314712524
20716,138.91633,SDSS J091454.66+223413.0,Q,138.727785,22.5702761,1.2699999809265137
676,0.387665,NGC 5861,N,227.3170556,-11.3218889,0.006000000052154064
676,168.360013,J150927.52-111931.4,X,227.3646952,-11.3253995,0.6000000238418579
676,171.951389,J150916.72-112210.2,X,227.3197035,-11.3695181,1.7999999523162842
678,47.979643,SDSS J225039.32-013240.8,Q,342.6638716,-1.5446731,1.9259999990463257
20720,0.329284,PGC 2097463,NR,221.315876,37.3002851,0.03200000151991844
20720,17.504843,J144517.16+371754.9,R,221.3215,37.2985834,
679,156.659105,LAMOSTJ121700.61+151917.1,Q,184.2525397,15.3213995,1.9509999752044678
10603,0.694251,UGC 12243,ARX,343.6811389,11.7139445,0.02800000086426735
10603,49.788013,J225443.20+114201.2,X,343.68,11.7003334,
10603,135.215766,J225442.43+114036.4,X,343.6768049,11.676802,0.20000000298023224
10603,165.092689,SDSS J225436.96+114505.0,qX,343.6539832,11.751404,1.2999999523162842
681,131.817255,SDSS J111918.78+574737.6,QRX,169.828278,57.7938203,2.9800000190734863
20722,37.852486,WISEA J162826.10+393353.3,qX,247.1087849,39.5648125,0.30000001192092896
20722,67.126393,J162825.46+393310.7,X,247.1060834,39.5529723,
20722,71.714498,J162817.81+393340.0,X,247.0742223,39.5611112,
20722,122.090169,SDSS J162819.46+393606.8,QX,247.0811116,39.6018813,2.6519999504089355
20722,134.456161,J162828.20+393211.1,X,247.1175278,39.5364167,
20722,162.390867,SDSS J162809.28+393419.9,qX,247.0386834,39.5722133,1.7999999523162842
10604,0.164053,MCG 0-03-074,A,16.7881694,-0.6217407,0.017999999225139618
684,130.503814,J030151.68+351117.5,X,45.4653599,35.1882042,1.5
20725,114.38886,WISEA J210731.98+122115.2,q,316.8832239,12.3542641,1.2000000476837158
686,51.771525,J034450.78-215604.5,X,56.2115962,-21.9345869,0.10000000149011612
686,160.360388,J034438.59-215446.6,X,56.1608238,-21.9129459,2.5999999046325684
10609,0.537876,MCG 9-19-010,NR,168.5263303,55.7108731,0.02800000086426735
10609,116.828306,SDSS J111353.28+554158.9,Q,168.4720233,55.6997042,1.5240000486373901
10609,139.490018,SDSS J111417.52+554420.9,Q,168.5729977,55.7391432,2.5510001182556152
688,15.145211,ChaMP J112733.4+565227,NX,171.8893283,56.8744201,0.006000000052154064
688,156.704378,S4 1124+57,QR2X,171.9172323,56.8374439,2.8929998874664307
688,160.37378,WISEA J112744.16+565441.0,q,171.934005,56.9114159,0.10000000149011612
20730,50.286396,SDSS J092759.65+572247.3,QX,141.9985626,57.3798164,1.684000015258789
20731,66.879802,SDSS J101322.60+384018.4,Q,153.344193,38.6717967,2.7200000286102295
20731,100.273283,SDSS J101332.69+383820.7,Q,153.3862117,38.63909,0.6129999756813049
691,34.544388,J102326.02+195322.8,X,155.8584167,19.8896667,
691,86.597443,J102328.50+195230.3,X,155.8687602,19.8751048,
691,130.212291,NGC 3227,ARX,155.8773967,19.8650732,0.003000000026077032
10613,0.184566,SDSS J142947.66+353427.5,AX,217.4485797,35.5742987,0.02800000086426735
10613,137.952635,SST24 J14296+3535,A,217.4130556,35.5994445,2.497999906539917
10613,142.937626,AGES J142959.36+353424.6,AX,217.4973674,35.5735251,0.43299999833106995
20734,58.43468,SDSS J133054.01+105708.7,Q,202.7250708,10.9524304,0.47999998927116394
20734,64.931347,SDSS J133054.51+105711.2,qX,202.7271739,10.953116,1.7000000476837158
693,95.015499,J115350.29-230941.2,X,178.4595543,-23.1614637,0.5
695,61.524956,CXOCY J12531-0913 (#1),NX,193.2750556,-9.2210278,0.7170000076293945
695,68.40269,CXOCY J12530-0911 (#2),NX,193.258135,-9.1928119,0.7129999995231628
695,74.860256,CXOCY J12530-0913,QX,193.2600686,-9.2198443,1.13100004196167
695,86.8687,CXO J12530-0910,AX,193.2623564,-9.1826154,0.38100001215934753
695,93.627136,J125300.76-091115.7,X,193.2531667,-9.1876945,
695,99.247518,CXOCY J12531-0911,NX,193.2965059,-9.1880774,0.47699999809265137
695,105.282396,CXOCY J12530-0911 (#1),NX,193.2516392,-9.1844702,0.6240000128746033
695,124.683339,CXOCY J12531-0913 (#2),QX,193.2997223,-9.2272223,3.0460000038146973
695,131.614418,CXO J12531-0910,AX,193.293505,-9.1730972,0.5580000281333923
695,134.792513,WISEA J125314.48-091248.8,q,193.3103672,-9.2135754,0.6000000238418579
695,144.298879,CXOCY J12532-0913,NX,193.3122223,-9.2166667,0.7160000205039978
695,162.535355,CXO J12531-0914,KX,193.2935562,-9.2446627,1.1339999437332153
695,169.58593,CXOCY J12530-0909,NX,193.2533334,-9.1613889,0.9660000205039978
696,130.062403,SDSS J014932.53+215835.8,QX,27.3855418,21.9766384,1.9500000476837158
696,179.968887,J014924.06+220249.9,X,27.3502771,22.0471975,1.899999976158142
20741,96.143266,J043119.02-045826.5,X,67.8292683,-4.9740444,
20741,129.427689,SDSS J043124.07-045742.7,qX,67.8502635,-4.9618992,2.299999952316284
20741,169.484656,SDSS J043127.15-045656.5,qX,67.8631287,-4.9490371,0.30000001192092896
698,98.903103,WISEA J030614.63-093058.8,qX,46.5609709,-9.5163122,0.6000000238418579
699,178.820511,WISEA J034509.73-183759.8,q,56.290541,-18.6333045,1.7000000476837158
20742,161.537972,WISEA J051615.77+053527.1,q,79.0657053,5.5908693,1.899999976158142
20744,178.664507,SDSS J091955.06+505235.7,Q,139.9794584,50.8765988,2.430999994277954
10622,110.442471,J123628.73+261349.1,X,189.1197324,26.2303144,0.20000000298023224
10622,168.743584,SDSS J123627.81+260915.7,qRX,189.1158497,26.1543691,1.2999999523162842
10624,86.670225,SDSS J152209.17+331007.3,Q,230.5382326,33.168712,2.1429998874664307
10624,146.24819,SDSS J152156.70+330717.5,QX,230.4862433,33.1215591,0.5860000252723694
10624,176.268334,SDSS J152156.87+330634.7,Q2,230.486974,33.1096689,2.181999921798706
705,86.985843,PGC 194158,NRX,343.0931346,1.1166488,0.07199999690055847
705,144.613394,SDSS J225223.39+010757.1,QX,343.097468,1.1325481,1.5499999523162842
20748,178.590192,SDSS J004006.62+224007.9,Q,10.0276028,22.6688762,1.5049999952316284
708,91.750712,SDSS J135315.14+402055.7,qX,208.313092,40.3488237,0.6000000238418579
711,138.676895,J034259.06-220621.7,X,55.7461112,-22.1060278,
10631,163.232965,WISEA J035625.47-000020.1,q,59.1061545,-0.005585,0.30000001192092896
20755,118.994864,WISEA J072014.89+322119.9,q,110.0620582,32.3555398,1.0
715,104.511769,J004953.68+321753.0,X,12.4736667,32.2980556,
20757,119.423877,WISEA J091319.87-100116.1,q,138.3327412,-10.0210981,2.200000047683716
20758,133.147329,J100403.79-062820.4,X,151.0158065,-6.4723543,0.5
20758,153.883024,J100355.29-063219.1,X,150.9803889,-6.5386389,
20759,163.183989,SDSS J112323.95+342912.1,Q,170.8498135,34.4867037,2.1429998874664307
718,124.976815,SDSS J130037.25+371710.0,Q,195.1552321,37.2861333,0.925000011920929
718,144.245791,SDSS J130037.34+372102.7,Q,195.155593,37.3507885,0.9559999704360962
20760,146.827824,SDSS J122238.29+510654.0,Q,185.6595917,51.1149937,1.680999994277954
20760,146.993899,SDSS J122224.80+510726.1,Q,185.6033833,51.1239309,1.815999984741211
20760,160.45446,SDSS J122220.47+511041.6,Q,185.5853369,51.1782213,2.7009999752044678
20760,175.176682,SDSS J122216.38+510914.5,Q,185.5683012,51.1540211,1.680999994277954
720,168.462651,J133205.00-331236.9,X,203.0208334,-33.21025,
723,146.323055,WISEA J174513.91-604258.2,q,266.3079829,-60.7161717,0.699999988079071
20765,87.833604,WISEA J155628.75+710058.3,q,239.1197216,71.016191,1.399999976158142
20765,127.411336,WISEA J155635.53+710120.1,q,239.1480118,71.0222395,1.0
10643,30.528567,J062354.36+783118.0,X,95.9765244,78.5216684,0.5
10643,35.797295,WISEA J062353.36+783223.9,q,95.9722525,78.5399431,0.800000011920929
724,71.058754,J001535.80+171951.7,X,3.8991945,17.3310278,
724,105.635015,J001525.41+172053.1,X,3.8559104,17.348102,2.200000047683716
724,158.75988,SDSS J001536.31+171723.6,qX,3.9012661,17.2899307,1.2999999523162842
20767,178.7744,WISEA J182649.91+560803.6,q,276.7079857,56.1343387,0.20000000298023224
726,65.947571,J135701.17+415136.0,X,209.2548889,41.86,
727,171.817797,J012437.96+014112.2,R,21.1582069,1.6867295,0.5
10648,82.738333,SDSS J110720.43+283022.7,Q,166.8351408,28.5063159,3.1659998893737793
10648,171.502042,SDSS J110729.91+283025.4,Q,166.8746443,28.5070762,2.3510000705718994
20770,159.343304,SDSS J034830.29-063952.0,Q,57.1262315,-6.6644656,0.4959999918937683
10649,165.033906,Q 1303+4641,Q,196.4265025,46.4176299,1.8229999542236328
730,166.259998,SDSS J122948.95+140134.8,Q,187.4539822,14.0263341,0.6029999852180481
731,115.199804,J040819.66-210501.8,X,62.0819167,-21.0838334,
731,144.76039,J040814.51-210056.1,X,62.0604669,-21.0156021,1.0
20773,89.003477,SDSS J112727.86+593834.9,A,171.86609,59.643031,0.47999998927116394
20773,136.0049,SDSS J112716.41+593949.9,Q,171.8183692,59.663875,1.8730000257492065
20773,169.855407,SDSS J112656.98+593801.2,Q,171.7374294,59.6336938,2.4600000381469727
733,0.240673,IC 4329A,ARX,207.3302531,-30.3095068,0.01600000075995922
733,31.393234,J134917.58-301856.7,X,207.3232778,-30.31575,
733,88.976728,J134925.94-301854.3,X,207.3581164,-30.3151095,
10652,159.679684,J181012.57+612548.9,X,272.5523893,61.4302748,0.5
20777,75.434249,SDSS J120427.40+221618.2,Q,181.1141966,22.2717369,1.6399999856948853
736,1.070897,NGC 1241,NRX,47.810875,-8.9218612,0.013000000268220901
10654,153.292973,WISEA J022211.36-342821.5,q,35.5473539,-34.472684,1.7000000476837158
20778,98.347994,WISEA J125308.99+801800.6,qX,193.2875118,80.3001495,0.800000011920929
20779,145.579333,J144405.85+203522.0,R,221.0243889,20.5894445,
738,0.262687,NGC 5427,NR,210.8585035,-6.0307467,0.008999999612569809
20781,145.771193,WISEA J154415.33+410303.0,q,236.0638756,41.0508524,1.5
10657,165.351176,LAMOSTJ112233.74+374321.3,Q,170.6405885,37.7225871,2.171999931335449
10657,176.407974,SDSS J112230.42+374330.4,Q,170.6267805,37.7251359,2.0820000171661377
741,151.641977,2QZ J011357.5-314606,QX,18.4898082,-31.7683028,0.18199999630451202
742,129.950151,J061619.23-212149.5,X,94.0801624,-21.3637708,1.0
20785,160.370757,SDSS J222242.32+024622.6,Q,335.6763553,2.7729505,1.2719999551773071
10659,169.572969,WISEA J153321.06-300711.7,q,233.3377731,-30.1199219,0.6000000238418579
746,158.103261,SDSS J090750.98+603017.1,Q,136.9623877,60.5047796,1.2050000429153442
749,120.385888,SDSS J163211.44+781028.3,qX,248.0476829,78.1745543,
749,129.372407,J163208.10+781320.9,X,248.0337713,78.2224747,0.800000011920929
749,166.406926,J163148.36+781251.7,X,247.9515,78.2143612,
749,172.874535,J163157.62+780956.9,X,247.9901112,78.1658056,
10665,97.769064,SDSS J235111.56-025036.6,Q,357.7981999,-2.8435082,2.059000015258789
10665,177.231785,SDSS J235120.79-025154.8,Q,357.8366593,-2.8652373,2.2739999294281006
20793,58.080001,SDSS J092337.28+334523.3,Q,140.9053503,33.756473,2.867000102996826
20793,162.457218,SDSS J092336.22+334241.7,Q,140.900957,33.711584,1.0820000171661377
750,168.967156,J034800.95+330352.8,X,57.0039894,33.0646697,1.899999976158142
752,107.413097,J012000.14+032538.8,X,20.0006112,3.4274445,
20797,130.988009,SDSS J115817.56+303719.9,QR,179.5731706,30.6222294,2.184000015258789
20797,131.00787,WISEA J115833.05+304003.8,q,179.6377358,30.6677468,1.899999976158142
753,149.87526,WISEA J171309.40-773337.7,q,258.2891854,-77.5604858,1.899999976158142
10669,74.479742,WISEA J055047.06-345253.9,q,87.6960578,-34.8816568,0.699999988079071
20799,0.083168,IRAS 12409+7823,ARX,190.6504246,78.1223388,0.02199999988079071
10670,0.261543,UGC 3601,ARX,103.9563778,40.0003108,0.017999999225139618
10671,111.20041,SDSS J081242.52+262318.1,Q,123.1771825,26.3883694,1.3240000009536743
10671,171.508598,SDSS J081242.24+262422.0,Q,123.1759969,26.4061357,1.6640000343322754
20801,125.569421,WISEA J175927.29+561255.9,q,269.8637794,56.2156516,1.5
10672,0.154596,ESO 18-9,NRX,126.0329588,-77.7826304,0.017999999225139618
758,142.878286,J045238.05-030800.6,X,73.1585556,-3.1335,
20802,0.299286,NGC 7158,AX,329.2358984,-11.6585928,0.02800000086426735
20802,19.806961,WISEA J215657.54-113945.7,q,329.239765,-11.6626978,0.20000000298023224
20802,121.922645,WISEA J215653.84-114125.7,qX,329.2243596,-11.6905552,0.20000000298023224
10673,110.00522,SDSS J083218.25+523725.1,QX,128.0760763,52.6236329,1.1990000009536743
10673,118.161762,SDSS J083222.44+523808.0,QX,128.0934965,52.6355523,1.7029999494552612
759,75.812228,J012307.30+332641.4,X,20.7804287,33.4448421,1.7000000476837158
759,76.016878,J012305.41+332731.5,X,20.7725419,33.4587643,1.399999976158142
759,92.103396,LAMOSTJ012308.40+332612.4,QX,20.78517,33.4368069,1.440999984741211
759,162.473123,SDSS J012300.68+332906.9,QRX,20.7528847,33.4852823,0.9200000166893005
759,165.264065,J012323.47+332627.5,X,20.8478056,33.4409723,
10674,146.354972,SDSS J112903.36+171129.7,qX,172.2640107,17.1915872,0.800000011920929
20804,0.378979,MCG 10-12-112,NR,124.0058889,58.3340834,0.02500000037252903
761,133.648031,J014726.03+353445.4,X,26.8584803,35.5792811,0.8999999761581421
20806,137.122719,J100729.38+102123.0,2,151.8724445,10.3563889,
10677,156.683928,SDSS J120725.47+325055.0,Q,181.8561378,32.8486274,1.9229999780654907
10677,171.260384,SDSS J120726.12+325117.3,Q,181.8588811,32.8548175,1.190000057220459
10677,175.604257,SDSS J120732.23+324551.3,Q,181.8843309,32.7642698,0.8069999814033508
20810,92.075851,SDSS J135256.91+374242.9,Q,208.2371511,37.7119225,1.9670000076293945
767,43.478233,J234707.84+292842.0,X,356.782684,29.4783363,0.8999999761581421
767,134.630363,J234654.80+292931.8,X,356.7283334,29.4921667,
767,165.097736,J234704.70+293145.4,X,356.7695843,29.5292982,0.20000000298023224
20812,165.575367,SDSS J144152.40+183333.0,Q,220.4683509,18.5591613,0.41999998688697815
10683,49.00508,WISEA J020458.21+430957.0,q,31.2425761,43.165842,1.0
10684,173.982611,WISEA J042904.92-372552.5,q,67.2705615,-37.4313006,1.5
770,145.350594,J200232.85-560403.8,X,300.6368889,-56.0677223,
770,179.271732,J200233.47-560307.8,X,300.6394762,-56.0521743,
771,12.30434,IC 2560,N,154.0805556,-33.5663889,0.008999999612569809
771,141.9285,J101623.61-333141.9,X,154.0983889,-33.5283056,
10686,63.941131,SDSS J080904.55+364100.1,Q,122.2690071,36.6833794,1.4119999408721924
772,92.978297,SDSS J023034.73-010500.6,AX,37.644715,-1.0835252,0.4050000011920929
772,156.884784,SDSS J023022.74-010611.3,QX,37.5947583,-1.1031539,3.691999912261963
20817,62.727813,SDSS J000332.98+103659.6,Q,0.8874452,10.6165691,2.575000047683716
773,0.524393,NGC 973,NRX,38.5837223,32.50575,0.01600000075995922
775,49.834722,J050516.88-090803.2,X,76.3203612,-9.1342223,
776,79.936981,NGC 2830,NRX,139.9225303,33.7381491,0.019999999552965164
776,131.517408,SDSS J091940.96+334310.2,QX,139.9206691,33.7195232,1.7450000047683716
10691,92.296775,SDSS J131838.38+540304.1,Q,199.6599173,54.0511602,1.4459999799728394
10691,119.427104,SDSS J131839.27+540525.9,Q,199.6636637,54.0905437,2.3489999771118164
20823,64.814464,SDSS J092829.85+504836.5,QX,142.1243826,50.8101475,1.031999945640564
778,0.443456,NGC 3976,NX,178.9886258,6.7492746,0.00800000037997961
778,59.675667,SDSS J115601.06+064517.5,qX,179.0044397,6.7548717,
778,174.972609,SDSS J115554.19+064208.9,qX,178.9758111,6.7024896,1.7999999523162842
780,77.347326,J222841.04-245005.2,X,337.1710135,-24.8347937,2.0
780,154.291801,WISEA J222847.29-245040.6,qX,337.1969176,-24.8445466,1.0
20825,21.262741,SDSS J125301.94+495231.8,Q,193.2581147,49.875519,2.371000051498413
20825,155.97345,SDSS J125318.52+495344.0,Q,193.3271937,49.8955771,1.937999963760376
10694,156.399391,SDSS J150638.32+092853.9,N,226.65968,9.4816531,0.16699999570846558
20827,30.730404,WISEA J134131.23+230939.4,q,205.3801478,23.1609108,0.4000000059604645
10696,0.217927,UGC 10567,AR,252.2899662,36.2238522,0.03099999949336052
20828,0.230947,MCG 6-32-072,NX,218.9339982,35.0761638,0.028999999165534973
20828,78.800044,AGES J143540.96+350325.6,Q,218.9206854,35.0571121,4.800000190734863
785,0.091085,ESO 323-77,AX,196.6088392,-40.4146095,0.014999999664723873
786,80.78952,WISEA J115825.57-182043.5,q,179.6065923,-18.3454474,0.8999999761581421
20830,128.584576,WISEA J193841.14-514805.9,q,294.6713335,-51.8018997,2.799999952316284
10699,109.692176,SDSS J012130.06+323521.8,Q,20.375255,32.5894147,1.715000033378601
10699,136.59886,SDSS J012148.00+323600.7,Q,20.4500078,32.6002312,2.7160000801086426
789,0.172807,UGC 2936,NRX,60.7010556,1.9657778,0.013000000268220901
789,158.54013,RXS J04027+0159,AX,60.6759251,2.0019021,0.1509999930858612
790,0.034227,IC 5063,ARX,313.00975,-57.0687778,0.010999999940395355
790,169.089738,WISEA J205222.58-570330.8,qX,313.0940643,-57.0585665,1.100000023841858
791,0.094473,NGC 5273,ARX,205.5349152,35.6542959,0.003000000026077032
10705,117.881326,SDSS J091800.67+274232.8,Q,139.5028149,27.7091138,1.7419999837875366
10705,124.800243,SDSS J091804.42+274331.9,Q,139.5184274,27.7255508,1.7450000047683716
10705,144.255662,SDSS J091757.43+274146.0,Q,139.4892973,27.6961229,3.072000026702881
10705,170.141167,SDSS J091800.30+274130.5,Q,139.5012791,27.6918139,2.2760000228881836
10706,146.713519,WISEA J205003.10-515931.5,q,312.5130393,-51.9921082,0.8999999761581421
10708,149.764098,WISEA J210741.99-582038.8,q,316.9248992,-58.3440956,0.8999999761581421
20843,165.882048,SDSS J124514.80+210810.7,Q,191.3116814,21.1363002,0.5360000133514404
20844,0.054786,CGCG 23-21,A,242.6694138,2.1110339,0.028999999165534973
20844,11.991544,J161040.70+020627.7,X,242.6696112,2.1076945,
799,85.293553,WISEA J085322.82+732907.0,qX,133.3451189,73.4852932,1.100000023841858
10710,55.983149,SDSS J233945.28+272246.7,Q,354.9386941,27.3796611,3.1989998817443848
800,161.345081,SDSS J130040.13+022724.5,qX,195.1672317,2.4568052,1.0
10711,64.127035,WISEA J094732.68+725912.2,qR,146.8861864,72.9867305,0.8999999761581421
801,165.925225,SDSS J023039.62-025341.6,Q,37.6650959,-2.8948884,1.093000054359436
802,1.025305,NGC 4639,AX,190.7182423,13.2574203,0.0010000000474974513
10712,110.91086,SDSS J110505.14+352005.7,QR,166.271466,35.3349371,2.049999952316284
803,0.07868,NGC 5012,AR,197.9043884,22.9155038,0.008999999612569809
804,160.262719,WISEA J025349.51+130237.8,q,43.4562989,13.0438492,1.0
10714,104.051873,WISEA J133338.32-324326.2,q,203.4097983,-32.7239408,1.399999976158142
805,90.600109,J041934.16+022546.6,X,64.8923612,2.4296112,
805,121.66718,J041935.05+022242.0,X,64.8960556,2.3783334,
805,124.644829,J041942.12+022623.4,X,64.9255278,2.4398334,
805,161.90654,J041930.68+022235.6,X,64.877865,2.3765756,0.10000000149011612
805,170.297683,J041927.47+022542.4,X,64.8644936,2.4284531,0.20000000298023224
20852,167.353826,SDSS J234825.89+022232.0,Q,357.1078883,2.3755767,1.649999976158142
20854,92.200136,J055502.18-514153.9,X,88.7590886,-51.698316,
809,141.128405,J130132.77-043450.9,X,195.3865578,-4.5808132,1.2999999523162842
20857,140.23658,SDSS J082813.22+250831.9,Q,127.0551288,25.1422107,2.2679998874664307
10719,0.107145,NGC 1019,AX,39.6142311,1.907713,0.024000000208616257
10719,83.618987,SDSS J023832.99+015431.6,Q,39.6374634,1.908809,0.8799999952316284
20859,77.896318,SDSS J103349.08+125359.1,Q,158.4545422,12.8997705,0.8059999942779541
812,126.438181,SDSS J141701.52+104827.8,qX,214.2563541,10.8077259,1.600000023841858
812,146.557998,J141702.58+104902.9,2,214.26075,10.8174723,
812,148.019481,J141646.49+104633.0,X,214.1937312,10.7758431,
812,173.486272,J141641.95+104724.3,X,214.1748056,10.7900834,
20860,140.800106,SDSS J115445.39+235300.1,Q,178.6891251,23.8833695,1.3819999694824219
813,55.057992,SDSS J122510.94+153624.8,QX,186.2955619,15.6068937,1.253000020980835
813,83.523196,J122514.63+153750.4,R,186.3109723,15.6306667,
813,116.168491,SDSS J122517.15+153817.5,QX,186.3215071,15.6382451,1.6390000581741333
814,0.137334,NGC 4233,ARX,184.2820058,7.6243975,0.00800000037997961
814,54.74224,J121704.34+073750.5,X,184.2680834,7.6306945,
814,119.090197,SDSS J121701.99+073851.5,qX,184.2583289,7.6476617,2.0
10725,121.629385,WISEA J111124.63-095756.4,q,167.8526809,-9.9656612,0.8999999761581421
10726,90.630105,X 18,NX,175.2663889,-26.5133334,0.4359999895095825
817,102.420965,J233847.94-063246.1,X,354.6997901,-6.546163,1.899999976158142
817,142.160251,SDSS J233849.14-063326.3,qX,354.7047733,-6.5572952,1.100000023841858
10728,172.439025,WISEA J122832.24+232109.9,qX,187.134312,23.3527483,0.30000001192092896
819,152.503852,2QZ J120238.8+020059,N,180.6619167,2.0166945,0.12600000202655792
10729,0.359815,UGC 9078,A,212.8244313,17.5064428,0.01600000075995922
10729,112.887603,SDSS J141111.02+172927.0,Q,212.7959191,17.490842,2.4730000495910645
10730,57.680318,WISEA J142709.69-021632.9,q,216.7903995,-2.2758201,2.5
10730,177.623575,SDSS J142717.29-021307.2,Q,216.8220647,-2.2186939,2.184000015258789
20870,0.086713,MCG 7-18-013,NR,127.7465761,39.8397139,0.028999999165534973
20870,125.792104,WISEA J083048.31+395008.8,q,127.7013584,39.8357901,2.700000047683716
20871,70.98785,SDSS J084925.72+421542.8,Q,132.3572054,42.2618946,1.281999945640564
20871,110.935781,SDSS J084940.11+421604.3,QR,132.4171163,42.2678714,0.9559999704360962
10732,177.339747,WISEA J080042.15+153823.9,q,120.1756744,15.6400499,0.4000000059604645
824,175.658816,SDSS J005030.43-015357.9,Q,12.6268093,-1.8993983,2.247999906539917
10733,147.844885,LAMOSTJ102228.91+363330.2,Q,155.6204658,36.5584024,1.940999984741211
10735,170.86695,TEX 1035-268,KRX,159.415516,-27.0906785,0.5669999718666077
10735,177.795415,J103802.77-270733.0,X,159.5115768,-27.1258398,2.200000047683716
828,2.421559,NGC 5879,ARX,227.4448612,57.0008612,0.003000000026077032
828,59.830465,J150945.88+570100.1,X,227.4411945,57.0166945,
828,74.548732,CXO J15098+5700,QX,227.4741667,57.0133334,1.9730000495910645
828,78.223514,CXO J15096+5658,QX,227.4218465,56.9824121,1.5
828,96.375513,CXO J15095+5659,AX,227.3996112,56.9896389,0.6809999942779541
829,88.027694,J125436.87-123200.9,X,193.6536495,-12.5335883,1.5
829,121.864264,J125443.68-123432.2,X,193.6820134,-12.57563,
20877,92.62619,SDSS J134600.27+363452.4,Q,206.5011643,36.581225,1.9459999799728394
20877,130.877574,SDSS J134603.00+363512.3,Q,206.5125195,36.5867436,1.6519999504089355
20877,160.791652,SDSS J134606.87+363444.0,Q,206.5286256,36.5789131,3.8459999561309814
20877,169.350007,SDSS J134548.44+363122.2,Q,206.4518497,36.522848,3.052000045776367
10737,99.297804,SDSS J133901.97+613133.4,Q,204.7582391,61.5259446,1.6039999723434448
10737,102.146785,SDSS J133857.68+613000.0,Q,204.7403406,61.5000304,1.9490000009536743
10737,158.306871,SDSS J133927.76+613210.3,Q,204.8656786,61.536201,1.0230000019073486
10739,140.048747,WISEA J202402.96-091845.3,q,306.012368,-9.3126001,1.899999976158142
20880,32.361486,WISEA J161809.10+613914.3,q,244.5379467,61.6539657,1.600000023841858
838,46.848555,J122509.15+144553.5,X,186.288157,14.764863,1.2999999523162842
838,132.589863,J122503.32+144607.2,X,186.2638334,14.7686667,
838,134.118808,SDSS J122519.45+144709.2,AX,186.3310407,14.7859198,0.15399999916553497
10744,165.183703,SDSS J145343.81+520357.7,Q,223.4325542,52.0660483,0.765999972820282
10744,173.064735,SDSS J145313.66+520234.0,Q,223.3069331,52.0428199,0.7950000166893005
10745,148.968772,SDSS J163140.83+403145.6,Q,247.9201521,40.5293496,1.75
10745,159.195617,SDSS J163126.01+403602.3,Q,247.8583892,40.600651,1.9780000448226929
841,90.671121,J003356.72-094234.3,X,8.4863334,-9.7095278,
841,132.287055,J003410.85-094315.9,X,8.5452126,-9.7210904,0.10000000149011612
841,177.523251,J003358.74-094506.5,X,8.4947778,-9.7518056,
20889,33.558997,WISEA J080043.38-723049.2,q,120.1809507,-72.5137098,1.2000000476837158
20890,142.439678,B3 0841+407,NR2,131.2850278,40.5209445,0.42899999022483826
20892,153.136876,SDSS J110635.26+150447.2,qR2,166.6469321,15.0797987,1.600000023841858
20893,45.409925,J110940.02+214343.1,X,167.4167778,21.7286389,
20893,137.587412,J110936.94+214629.7,X,167.4039167,21.7749167,
10749,65.68699,WISEA J022808.63+322237.0,q,37.0359133,32.376912,0.8999999761581421
845,0.227905,NGC 6962,A,311.8294367,0.320811,0.014000000432133675
845,170.958528,SDSS J204708.07+001830.6,qX,311.7836304,0.3085137,0.8999999761581421
20894,0.440162,IRAS 13263+3351,NR,202.1590404,33.6051091,0.026000000536441803
20894,103.344436,SDSS J132830.17+333553.6,Q,202.1257201,33.5982279,0.9340000152587891
846,0.349465,NGC 5313,NR,207.4347876,39.9847627,0.00800000037997961
10751,138.782737,SDSS J101637.39+124120.4,Q,154.1558223,12.6890147,1.559999942779541
847,139.563802,WISEA J202310.04-274502.5,q,305.7917971,-27.7506989,1.7000000476837158
848,78.983594,SDSS J112257.63+163418.5,Q,170.7401863,16.5718329,3.742000102996826
20897,50.586275,WISEA J150308.34+495126.9,q,225.7847735,49.8574974,2.700000047683716
20900,54.110332,SDSS J235057.42+271350.6,QX,357.7392755,27.2307432,3.440000057220459
20900,106.004134,SDSS J235106.18+271414.8,QX,357.7757624,27.2374613,1.281000018119812
20901,58.199514,J022930.51-483819.9,R,37.3771449,-48.6388731,
856,95.690503,WISEA J233847.81+155724.4,q,354.699228,15.9567824,2.9000000953674316
856,148.954718,WISEA J233836.02+155925.8,q,354.6500304,15.9905613,1.399999976158142
10760,18.632691,WISEA J200341.82-555514.2,qX,300.9242597,-55.9206356,0.30000001192092896
10760,95.897673,J200331.28-555418.5,X,300.8803609,-55.9051586,
859,81.634598,J225634.81-370308.3,X,344.1450454,-37.0523074,
20907,146.518112,SDSS J075939.65+252308.5,Q,119.9152649,25.3857182,1.9559999704360962
20907,154.809398,SDSS J075953.51+252334.5,Q,119.9729987,25.3929292,1.1200000047683716
10762,0.425651,CGCG 428-14,ARX,330.4234542,11.8567781,0.029999999329447746
20908,23.785934,SDSS J091926.99+334703.5,N,139.86249,33.784329,0.38999998569488525
20908,41.481662,J091927.45+334808.5,X,139.8643889,33.8023612,
10763,105.686354,SDSS J233929.84+285645.9,Q,354.8743878,28.9461065,2.1449999809265137
10763,124.918292,SDSS J233940.73+285404.1,Q,354.9197155,28.9011533,0.828000009059906
10764,103.0101,SDSS J003110.83-074856.0,Q,7.7951276,-7.8155591,1.784999966621399
10764,150.214625,SDSS J003123.10-074918.5,Q,7.8462856,-7.8218118,1.8600000143051147
20910,148.759832,LAMOSTJ093924.17+363547.5,Q,144.8506492,36.5965669,1.1039999723434448
20911,0.114788,NGC 3013,N,147.5389836,33.5693451,0.027000000700354576
20911,61.796603,SDSS J095004.60+333426.9,Q,147.5191888,33.5741464,1.9589999914169312
20911,140.301662,SDSS J095020.01+333453.1,Q,147.5834171,33.5814411,0.9549999833106995
20911,168.224262,WISEA J095015.01+333136.9,q,147.5625554,33.5269303,3.0
10765,24.885935,SDSS J010812.14-043252.1,Q,17.0505968,-4.547816,1.0049999952316284
20913,159.825688,WISEA J104410.51-090550.6,q,161.0438298,-9.09741,1.2999999523162842
867,144.796784,SDSS J111511.65+144512.0,Q,168.7985534,14.7533593,4.258999824523926
10766,61.645406,HE 0133-3805,QX,23.8071122,-37.8282338,0.5789999961853027
20914,135.055541,SDSS J131956.91+474417.9,Q,199.9871678,47.7383128,1.378999948501587
20914,154.635696,SDSS J131933.88+474426.7,Q,199.8911999,47.740761,1.3949999809265137
868,0.422954,NGC 4580,N,189.4515642,5.3685086,0.003000000026077032
10768,103.35364,WISEA J022818.03+840103.8,q,37.0751502,84.0177335,1.2999999523162842
869,77.630844,J124153.41+742406.8,X,190.4725699,74.4018896,
869,176.8819,J124116.20+742731.1,X,190.3175255,74.4586441,0.8999999761581421
20916,56.754268,CGCG 102-56,AR,206.7059988,14.4005202,0.02199999988079071
870,0.302706,NGC 3982,NRX,179.1172679,55.1252362,0.003000000026077032
870,145.671653,J115615.81+550550.9,X,179.0659102,55.0974987,1.2000000476837158
871,0.440267,NGC 5135,NRX,201.4335744,-29.8335578,0.013000000268220901
871,171.850273,J132532.56-295125.8,X,201.3856667,-29.8571667,
10771,34.995482,J094602.68+162833.9,R,146.5111945,16.4760834,
10771,170.675099,LAMOSTJ094607.95+162627.2,Q,146.5331443,16.4409074,2.3359999656677246
20919,173.180373,J173047.86-713729.5,R,262.6994445,-71.6248612,
872,113.356178,SDSS J101400.01+384531.5,qX,153.5000521,38.7587527,1.7000000476837158
873,0.353387,SDSS J140250.02+491021.6,NR,210.70845,49.172689,0.007000000216066837
873,175.962825,SDSS J140243.40+490738.0,Q,210.6808448,49.12724,0.8859999775886536
874,105.185267,WISEA J190740.47-612037.9,q,286.9186778,-61.344007,1.600000023841858
10773,105.685982,SDSS J121740.49+260148.6,N,184.418735,26.0301603,0.17100000381469727
10773,142.057541,WISEA J121737.79+260153.1,qR,184.4074914,26.0314332,1.2000000476837158
20922,91.573333,J205745.20-544925.7,X,314.4383447,-54.823818,
20922,162.277775,J205750.29-544553.5,X,314.4595679,-54.7648816,
10774,0.313232,NGC 4704,NR,192.1934455,41.9212564,0.027000000700354576
10774,128.354331,SDSS J124856.75+415420.7,Q,192.2364678,41.9057548,1.8389999866485596
10774,161.548445,SDSS J124839.23+415256.2,Q,192.1634816,41.8822805,1.8350000381469727
20924,0.179775,NPM 1G+13.0554,NR,345.9294238,13.9265338,0.027000000700354576
877,0.283477,NGC 3367,ARX,161.6456421,13.7508568,0.009999999776482582
877,16.613858,SDSS J104633.92+134509.7,qX,161.641338,13.7526967,0.8999999761581421
879,150.445512,J141556.37+351939.7,X,213.9848889,35.3276945,
10778,99.560396,J224246.84+294312.6,X,340.6951922,29.7201817,1.2999999523162842
880,143.396939,WISEA J062103.50-200033.8,q,95.2645961,-20.0094086,0.30000001192092896
20932,62.027317,WISEA J031903.25-115631.3,q,49.7635263,-11.9420257,1.399999976158142
885,17.76772,NGC 918,A,36.4631667,18.49575,0.004999999888241291
885,146.480455,J022600.14+183035.3,X,36.5006106,18.5098265,1.2999999523162842
10782,145.315755,SDSS J033217.08+002203.8,Q,53.0711962,0.3677393,1.5329999923706055
20935,128.714603,SDSS J101239.09+392427.0,Q,153.1628943,39.407496,2.7079999446868896
20935,148.810399,SDSS J101255.63+392205.9,QX,153.2318052,39.3683119,2.683000087738037
20939,70.564769,SDSS J161115.88+522720.3,QX,242.8161722,52.4556399,1.7860000133514404
20939,163.331675,SDSS J161137.42+522533.9,qX,242.9059328,52.4261043,1.024999976158142
20939,178.123673,J161139.88+522539.7,X,242.9161945,52.4276945,
892,0.000903,NGC 4507,NRX,188.9026003,-39.9092901,0.012000000104308128
892,157.473908,J123548.67-395318.7,X,188.9527991,-39.8885467,
10786,156.113255,SDSS J105832.30+242447.8,Q,164.6346148,24.4132975,2.6630001068115234
20941,23.681146,WISEA J210527.92-440622.1,q,316.3662981,-44.1061102,1.399999976158142
893,127.707991,J201130.06-453328.5,X,302.8752778,-45.5579167,
894,82.789328,J000954.28+255403.7,X,2.4761945,25.9010278,
894,114.178467,SDSS J000957.73+255347.3,qX,2.4905898,25.8965389,1.399999976158142
10788,75.160226,SDSS J130123.13+274816.0,qX,195.3463898,27.8044548,0.20000000298023224
10788,96.339143,Q 1258+2805,QX,195.2942841,27.8164221,1.9299999475479126
10788,133.295668,J130109.48+274950.8,X,195.2895,27.8307778,
20944,146.870739,SDSS J012801.77-040514.6,Q,22.0073924,-4.0874139,2.015000104904175
895,69.518916,WISEA J122706.90+152711.5,q,186.7787693,15.4532216,0.8999999761581421
20945,0.449116,MCG -2-05-006,AR,23.2455019,-10.451946,0.03200000151991844
896,155.574706,SDSS J123544.28+121755.5,QX,188.9345207,12.2987337,1.1740000247955322
896,166.591799,SDSS J123542.25+121316.0,QX,188.9260733,12.2211296,2.2309999465942383
10789,138.587701,SDSS J131146.93+342242.0,Q,197.9455592,34.3783567,2.0940001010894775
10789,145.705076,SDSS J131145.76+342137.7,Q,197.940707,34.3604797,1.6019999980926514
10789,148.534598,SDSS J131203.27+341944.9,A,198.0136519,34.3291447,0.7049999833106995
10790,86.772908,2QZ J133210.1+013643,Q,203.0425057,1.6118444,1.8070000410079956
898,61.874337,4C 35.32,QRX,210.8304683,35.1370044,2.2869999408721924
898,127.191835,J140332.30+350914.0,X,210.8845834,35.1538889,
20948,158.289674,WISEA J024425.25-163655.6,q,41.1052442,-16.6154674,0.800000011920929
10791,25.726106,SDSS J001937.44-044023.6,N,4.9060362,-4.6732265,0.4320000112056732
899,0.083335,NGC 1667,NRX,72.1549585,-6.3198889,0.014999999664723873
899,130.500219,SDSS J044833.06-061716.4,qX,72.1377877,-6.2879104,1.2999999523162842
20953,88.146636,WISEA J112644.66-303100.3,q,171.6860346,-30.5167903,0.699999988079071
906,78.247256,WISEA J071046.99+752031.6,qX,107.6959398,75.3421212,0.20000000298023224
906,142.667125,J071105.81+751829.8,X,107.7742145,75.3082963,1.399999976158142
20956,53.608102,SDSS J144027.00+032637.9,Q,220.1125042,3.4438877,2.1419999599456787
20956,69.365478,J144026.06+032646.3,X,220.1085834,3.4461945,
20956,131.198434,J144021.44+032502.7,X,220.0893334,3.4174167,
20956,154.617481,SDSS J144034.09+032340.4,qX,220.142073,3.3945628,1.5
20957,163.400373,WISEA J161827.94-070616.9,q,244.6165164,-7.1047548,0.8999999761581421
20959,122.789378,WISEA J173302.54+565501.7,q,263.2605957,56.9171648,1.100000023841858
909,59.83371,J024345.90+322901.4,X,40.94125,32.4837223,
909,76.00211,J024347.48+322939.1,X,40.9478495,32.4942098,1.100000023841858
909,144.898804,WISEA J024357.17+322637.8,qX,40.9882702,32.443824,1.100000023841858
10799,167.455909,WISEA J231954.88-643206.0,q,349.9786177,-64.5350308,0.5
910,12.78164,J105234.83+225604.6,2,163.1451389,22.9346112,
20961,150.02609,WISEA J232105.85+424419.5,q,350.2744102,42.7387573,1.2000000476837158
10800,114.242624,SDSS J001808.09+131310.2,qR,4.5337091,13.2195239,1.2000000476837158
10801,106.694616,J012340.31-345732.8,X,20.9179699,-34.959135,
10801,112.893401,J012338.55-345752.9,X,20.9106389,-34.9646945,
10801,133.760444,J012342.23-345748.3,X,20.925976,-34.9634275,
912,117.873849,WISEA J221543.09+191504.9,q,333.9295594,19.2513878,2.4000000953674316
20963,130.044481,WISEA J005541.40-605302.8,q,13.9225531,-60.8841199,0.20000000298023224
10802,114.228404,SDSS J013049.60+212811.9,Q,22.7066976,21.4699923,1.9490000009536743
10802,166.121222,SDSS J013042.20+212351.3,Q,22.6758602,21.397602,1.6130000352859497
913,112.728474,SDSS J223414.27+053426.5,Q,338.5594701,5.5740536,2.197000026702881
20966,170.923754,J024938.45-311005.6,X,42.4102223,-31.1682223,
915,73.020011,J125539.49-265022.6,X,193.914556,-26.8396296,1.5
915,164.980667,WISEA J125538.26-265211.4,qX,193.9094446,-26.8698898,0.30000001192092896
10804,114.798249,PKS 0335-364,QR2X,54.2250979,-36.2683939,1.5369999408721924
20967,113.203143,WISEA J042618.93-204118.3,q,66.578893,-20.6884193,1.2999999523162842
916,130.142105,SDSS J135101.67+393400.5,Q,207.7569869,39.5668186,1.2699999809265137
10805,106.618925,J043139.76-050154.6,X,67.9156719,-5.0318461,1.2999999523162842
10805,129.079461,J043150.10-050304.5,X,67.95875,-5.05125,
20969,109.115713,J095132.18-270036.6,X,147.8841044,-27.0101778,1.2999999523162842
20970,163.388972,SDSS J104519.58+391301.5,Q,161.3316312,39.2170962,2.190000057220459
10808,0.320793,NGC 3644,N,170.3869403,2.8104405,0.024000000208616257
921,73.55014,J010706.64-801940.6,X,16.7776945,-80.3279445,
20974,90.704004,CGCG 160-111,NX,195.5902157,28.2559913,0.023000000044703484
20974,160.704799,J130209.58+281420.9,X,195.5399162,28.2391546,
20974,173.225961,SDSS J130212.96+281602.0,qRX,195.5540023,28.267229,0.4000000059604645
923,11.040921,SDSS J125441.38+285623.6,qR2,193.6724502,28.9398995,2.200000047683716
10810,136.961819,J003506.91-092107.1,R,8.778821,-9.3519761,
10810,146.484427,SDSS J003501.88-091817.6,QR,8.7578566,-9.304901,2.4230000972747803
924,85.172735,1SAX J13487-3029,AX,207.1862557,-30.4956085,0.33000001311302185
10812,179.400299,J015725.71+361357.5,X,29.3571637,36.2326498,2.0999999046325684
926,90.122812,SDSS J154614.85+022622.8,QX,236.5619173,2.4396992,1.0800000429153442
926,99.723171,SDSS J154614.18+022321.5,qRX,236.5591048,2.389309,1.2000000476837158
926,104.504325,SDSS J154610.54+022552.9,qX,236.543918,2.4313807,1.2999999523162842
926,147.30846,SDSS J154606.64+022434.0,QX,236.5277061,2.4094785,1.3519999980926514
926,159.648205,J154626.76+022530.7,X,236.6115234,2.4252061,2.299999952316284
20978,102.464238,SDSS J162747.81+405436.5,QX,246.9492229,40.9101455,1.0820000171661377
20978,152.218537,J162802.78+405518.6,X,247.0116162,40.9218406,0.4000000059604645
20978,170.948451,SDSS J162737.58+405443.3,QX,246.9065895,40.9120281,1.4839999675750732
10815,139.670796,SDSS J094643.97+134125.6,qX,146.6832431,13.6904458,0.4000000059604645
20981,99.30395,WISEA J174914.41+634706.3,q,267.3095477,63.785078,0.8999999761581421
929,166.106136,J102225.20+213141.1,X,155.6050278,21.5280834,
10818,138.278119,WISEA J115202.64+695132.7,q,178.0111278,69.8590886,1.899999976158142
932,136.910798,SDSS J231513.22+185530.3,Q,348.8050515,18.9250931,3.13700008392334
932,157.779881,J231505.30+185820.0,X,348.7721112,18.9722223,
20985,18.683929,J024407.85+373201.3,X,41.0327223,37.5336945,
20985,61.161576,J024412.74+373220.8,RX,41.0530998,37.539121,2.0
934,124.058022,J220218.62-514542.3,X,330.5776121,-51.7617564,
936,110.218552,3C 232,AR2X,149.58729,32.4006138,0.531000018119812
938,118.212395,WISEA J211518.93-471252.6,q,318.8288833,-47.214646,1.399999976158142
939,121.468049,WISEA J085615.17-032037.7,q,134.0631577,-3.3438641,1.100000023841858
10825,60.205375,SDSS J105135.00+552235.6,Q,162.8959071,55.3765589,2.2950000762939453
10825,172.107423,SDSS J105128.43+552037.4,QX,162.8684949,55.3437287,1.1130000352859497
941,1.12803,NGC 7469,ARX,345.8150792,8.8739049,0.017000000923871994
941,27.826375,J230316.59+085249.5,X,345.8191621,8.8804176,1.2000000476837158
941,34.029513,J230313.38+085226.6,X,345.80575,8.8740556,
941,36.550772,J230318.12+085221.4,X,345.8255278,8.8726112,
941,167.187711,J230317.72+085509.7,X,345.8238334,8.9193612,
20992,169.894921,WISEA J095746.66+515205.0,q,149.4442985,51.8679727,1.2000000476837158
20992,175.447644,SDSS J095751.64+515210.0,Q,149.4652093,51.8694615,1.5390000343322754
10826,63.537045,SDSS J105837.63+593109.7,Q,164.6567968,59.5194299,0.9850000143051147
10826,122.527,SDSS J105830.37+592945.4,Q,164.6265401,59.4959606,2.0169999599456787
10826,148.538888,SDSS J105832.20+593231.3,Q,164.6341667,59.542053,0.5879999995231628
20993,151.113216,SDSS J113603.64+632743.9,QR,174.0151634,63.4622271,0.7549999952316284
942,1.103062,MARK 3,ARX,93.9011945,71.0372778,0.014000000432133675
942,104.010635,XMS J061515.2+710204,QX,93.8133334,71.0344445,0.8740000128746033
10827,21.050951,SDSS J122813.29+442652.6,Q,187.0554022,44.447966,2.6410000324249268
10827,39.373636,SDSS J122810.51+442716.1,Q,187.0437164,44.454478,1.7450000047683716
944,43.087573,MARK 205,ARX,185.4336347,75.3106231,0.07000000029802322
944,60.154247,J122154.02+752007.5,X,185.4750834,75.3354167,
944,85.580924,J122206.07+751907.1,X,185.5253056,75.3186389,
944,167.370361,J122109.32+751737.7,X,185.2888452,75.2938059,
10829,149.723077,WISEA J144541.31-113728.9,q,221.4221001,-11.6247124,1.0
20997,151.165691,SDSS J132648.41+323335.7,Q,201.7017121,32.5599306,1.4140000343322754
20998,130.670791,SDSS J143906.29+510906.6,Q,219.7761856,51.1518371,1.0670000314712524
20998,148.254036,SDSS J143914.94+510715.6,Q,219.8122762,51.1210223,2.1480000019073486
20998,178.628026,SDSS J143904.16+510421.7,Q,219.7673354,51.0727284,1.5299999713897705
20998,179.51875,NPM 1G+51.0261,N,219.6752067,51.0988573,0.06599999964237213
946,93.648093,OzDES-DR2_04535,Q,34.7549919,-6.7707763,1.2269999980926514
946,138.913407,WISEA J021913.45-064623.1,q,34.8060574,-6.7731098,0.6000000238418579
10832,88.159166,WISEA J210858.98-265349.9,q,317.2457593,-26.897207,0.6000000238418579
10832,125.27074,WISEA J210855.78-265359.0,qRX,317.232454,-26.8997571,0.5
947,85.837674,SDSS J094159.73+002118.0,qR,145.4988781,0.3550274,1.2000000476837158
947,174.792318,SDSS J094151.68+002002.6,Q,145.4653559,0.3340539,1.6050000190734863
949,87.747587,WISEA J091355.88+791116.1,qX,138.4829341,79.187816,1.0
10836,113.688262,SDSS J003931.95+032625.8,Q,9.8831529,3.4405192,3.072000026702881
10836,151.019463,SDSS J003938.36+032404.4,QX,9.9098608,3.4012292,1.784000039100647
954,165.372447,WISEA J185153.10-571645.9,q,282.9713721,-57.2794184,1.0
21692,112.759309,WISEA J115433.50-452723.1,q,178.6395767,-45.4564441,1.2000000476837158
11362,123.039442,SDSS J150631.61+403438.6,Q,226.6317041,40.5774017,1.7860000133514404
1584,0.148136,NGC 1320,NRX,51.2028766,-3.0422559,0.008999999612569809
21694,87.188279,WISEA J142728.96+665103.7,q,216.8708195,66.8511195,1.2999999523162842
11363,58.755073,J155838.26+273629.5,X,239.6594445,27.6081945,
11363,179.229712,SDSS J155844.81+273505.8,qX,239.6867262,27.5849833,2.0
21695,136.157331,SDSS J145832.82+482725.3,Q,224.6367752,48.4570474,2.5850000381469727
1586,151.828892,J002117.94-483835.9,X,5.3247785,-48.6433088,
1586,170.294814,J002137.54-483448.9,X,5.4064167,-48.58025,
1588,88.942445,IC 3528,ARX,188.7329371,15.5656521,0.04600000008940697
1588,148.17138,SDSS J123443.03+153129.7,QX,188.6792757,15.5249422,2.9179999828338623
21700,11.587059,J221846.57-032940.6,X,334.6940556,-3.4946112,
1592,16.706071,J230903.88+181053.2,R,347.2661945,18.1814445,
1593,142.211363,WISEA J113727.52+614753.4,q,174.3646817,61.7981708,0.4000000059604645
21705,36.508987,J032045.26-010641.9,X,50.1885922,-1.1116662,0.20000000298023224
21705,138.189671,SDSS J032047.16-010428.0,qX,50.196516,-1.0744577,1.899999976158142
21705,150.217136,J032047.86-010841.6,X,50.199458,-1.1449105,
11371,126.553368,J094812.12+540131.1,X,147.0505278,54.0253056,
21706,91.839692,J043938.66-021726.4,X,69.9111112,-2.2906667,
1597,56.09199,J025248.43-011652.7,X,43.201797,-1.2813126,1.5
1597,71.658735,J025254.34-011729.6,X,43.2264167,-1.2915556,
1599,28.47864,J223559.74+335739.1,X,338.998935,33.9608887,1.100000023841858
1599,44.578061,J223600.84+335821.8,X,339.0035387,33.972723,1.5
1599,77.54611,Q 2233+337,QX,339.0155556,33.9733334,2.114000082015991
1599,79.514125,NGC 7319,NRX,339.0149069,33.9758554,0.02199999988079071
11374,170.111783,SDSS J113545.65+573830.8,Q,173.9402156,57.6419123,1.656999945640564
21708,0.223466,NPM 1G+30.0129,NRX,126.1803644,29.989865,0.02500000037252903
21708,122.852976,J082438.08+300106.0,X,126.158675,30.0183442,0.5
21708,147.703367,J082450.48+300118.1,X,126.2103612,30.0216945,
21708,170.456285,J082430.78+295832.8,X,126.12825,29.9757778,
1600,77.082828,AGES J143026.42+351759.6,QX,217.610123,35.299889,2.055999994277954
1600,94.912833,AGES J143018.35+351840.3,QX,217.5762831,35.3112727,0.8040000200271606
1600,104.257556,AGES J143027.99+351736.2,QX,217.6165253,35.2933427,1.2690000534057617
1600,114.396104,SDSS J143016.18+351923.7,QX,217.5674279,35.3232769,1.0360000133514404
21709,53.259976,SDSS J092417.08+403732.3,Q,141.0711736,40.6256747,2.25600004196167
21709,115.996337,SDSS J092421.88+403923.9,Q,141.0911699,40.6565882,1.6440000534057617
11375,34.631027,J114432.88+200446.5,X,176.137014,20.0795937,
11375,96.827688,J114424.25+200356.9,X,176.1010556,20.0658056,
11375,111.30279,J114427.80+200251.5,X,176.1158334,20.0476389,
11375,142.288338,J114423.62+200252.3,X,176.0984167,20.0478612,
1601,6.072686,SDSS J230128.27+014515.1,Q,345.3678589,1.7542442,2.078000068664551
21713,165.420981,WISEA J123344.52-374242.7,q,188.4354649,-37.7119393,1.2999999523162842
1605,0.32814,NGC 5375,A,209.2333609,29.1643476,0.00800000037997961
1606,107.36968,CTS C11.07,Q,332.7253105,-46.0526252,1.3600000143051147
1607,147.564195,SDSS J080151.83+083102.5,Q,120.4660177,8.5173745,2.6470000743865967
11380,76.96449,LAMOSTJ011516.09+301234.8,Q,18.8170768,30.2096978,2.430000066757202
1608,61.624174,J105233.21+363803.9,X,163.1383889,36.6344167,
1608,143.804089,SDSS J105220.44+363603.4,QX,163.0851698,36.6009652,1.465000033378601
1609,101.897582,PGC 1796062,N,193.5743803,27.0400811,0.18799999356269836
11381,107.370101,SDSS J012311.15-003642.3,Q,20.7964645,-0.6117727,2.565999984741211
11381,134.623343,SDSS J012317.16-004022.1,Q,20.8215105,-0.6728389,0.9070000052452087
11381,143.386256,SDSS J012309.74-003610.3,Q,20.7906148,-0.6028753,0.8740000128746033
21719,113.965653,WISEA J161222.92+225818.9,q,243.0955377,22.9719379,2.5999999046325684
11382,17.70483,J020738.88+020910.4,X,31.9120278,2.1528889,
11382,88.047117,SDSS J020744.94+020816.6,QX,31.9372517,2.1379953,1.5820000171661377
11383,88.218638,WISEA J035647.60-183626.5,q,59.1983447,-18.6074112,1.2000000476837158
1613,163.733627,WISEA J143713.62+513416.1,q,219.3067703,51.5711449,0.6000000238418579
11384,70.771218,SDSS J090645.27+261554.9,Q,136.6886599,26.265259,0.9760000109672546
11384,117.567768,SDSS J090641.13+261613.9,Q,136.6713757,26.2705693,0.6190000176429749
21726,47.980175,J042824.39-431424.7,R,67.1016389,-43.2401945,
1615,147.912938,J102936.65-351944.1,X,157.4027223,-35.3289167,
11386,66.443151,SDSS J150639.29+423803.2,Q,226.6637167,42.6341953,1.4819999933242798
11386,157.667951,SDSS J150619.72+423748.0,A,226.5821916,42.630008,0.15399999916553497
21728,156.939252,J044810.63-062911.4,X,72.0442949,-6.4865142,0.6000000238418579
1617,0.057498,NGC 6860,ARX,302.19525,-61.0999167,0.014999999664723873
1619,0.001957,NGC 7720,AR2X,354.6224106,27.0313701,0.03099999949336052
1619,11.083952,SDSS J233828.56+270150.4,qX,354.6190402,27.0306849,
1619,83.641721,SDSS J233831.66+270035.0,QX,354.6319579,27.0097491,1.6490000486373901
1619,129.305936,J233835.29+270010.6,RX,354.6470795,27.0029601,
1619,140.467901,J233835.33+270348.7,X,354.6472223,27.0635278,
1619,143.42644,J233828.50+270415.8,X,354.6187567,27.0710776,1.399999976158142
1619,154.505099,J233818.46+270244.1,X,354.5769445,27.0455834,
21733,176.276895,SDSS J105634.33+165024.5,Q,164.1430566,16.8401532,2.996999979019165
1621,82.244685,WISEA J121727.79-095810.6,q,184.36587,-9.969589,3.0
1622,161.656251,J010726.83+322954.2,X,16.8618086,32.4983931,1.100000023841858
11391,47.26073,PGC 1422182,N,27.2958018,13.0685972,0.0729999989271164
21736,0.112002,NGC 5665A,NR,215.3739721,5.0732101,0.027000000700354576
11393,155.191054,WISEA J025055.77-144311.9,q,42.7323934,-14.7199899,1.600000023841858
21738,45.560045,SDSS J012804.78-004439.8,Q,22.0199369,-0.7444126,2.2249999046325684
21739,101.387012,SDSS J015851.72+003546.8,Q,29.7155039,0.5963535,1.531999945640564
21739,154.885228,SDSS J015849.94+003135.0,Q,29.7080979,0.5263907,1.5750000476837158
1628,124.836042,WISEA J221620.36-212523.1,q,334.0848739,-21.4230919,0.30000001192092896
1628,129.808976,WISEA J221619.89-212531.8,qR,334.0828873,-21.425503,1.2999999523162842
11396,13.919441,J143451.58+404449.4,R,218.7149445,40.7470556,
11396,51.034468,SDSS J143457.24+404456.4,Q,218.738547,40.7490279,1.1349999904632568
11396,114.186622,SDSS J143452.29+404258.8,N,218.7179,40.716357,0.27000001072883606
11396,176.5467,J143449.17+404201.2,X,218.7048889,40.7003334,
1630,100.186459,J112730.15+663407.8,X,171.8756389,66.5688334,
1630,148.248783,SDSS J112735.20+663747.1,QX,171.8966779,66.6297791,0.9860000014305115
1630,154.75658,J112715.22+663523.0,X,171.8134532,66.5897263,0.10000000149011612
1630,167.380195,SDSS J112738.95+663236.6,qX,171.9122757,66.5434652,1.5
11397,107.833993,SDSS J165731.54+404134.7,Q,254.3814494,40.6929755,2.931999921798706
11397,174.368939,SDSS J165743.79+403937.8,Q,254.4324773,40.6605194,1.503000020980835
21743,61.503174,WISEA J092712.44+624431.2,q,141.8018661,62.7420187,0.20000000298023224
1631,119.937511,SDSS J142916.28+300329.3,AR,217.3178394,30.0581576,0.14300000667572021
21745,83.679134,SDSS J102539.81+570923.7,Q,156.4159303,57.1566052,1.180999994277954
11400,100.425952,NGC 936 UB1,QRX,37.116209,-1.1794357,1.1390000581741333
11400,136.710254,SDSS J022824.29-011111.4,Q,37.1012334,-1.1865024,2.865999937057495
11400,166.422409,SDSS J022825.78-010622.0,Q,37.1074543,-1.1061193,1.7549999952316284
1637,90.717845,J021048.45-392252.5,X,32.7018995,-39.3812722,
1637,137.628756,J021055.64-391940.0,X,32.7318549,-39.3277844,
21751,177.376415,WISEA J131418.48-173249.1,q,198.5769985,-17.5469378,1.600000023841858
1640,90.883282,SDSS J135328.28+375323.4,Q,208.367892,37.8898695,2.309999942779541
1640,146.442797,SDSS J135326.16+375228.8,Q,208.3590147,37.8746777,2.619999885559082
21755,97.45015,2QZ J215315.5-275550,Q,328.3148115,-27.9304266,1.8320000171661377
1643,0.1541,NGC 5546,ARX,214.5384404,7.5645504,0.02500000037252903
1643,76.596777,SDSS J141810.14+073236.9,qX,214.5422847,7.5435927,0.8999999761581421
1643,104.43268,WISEA J141807.72+073534.2,qX,214.5322022,7.5928689,1.0
21758,9.585495,J023125.54+012044.1,R,37.8564167,1.3455834,
21758,179.275235,SDSS J023131.37+012327.8,Q,37.8807205,1.3910803,1.4140000343322754
11408,109.195923,WISEA J205930.01-523803.4,q,314.8748151,-52.6344256,1.2000000476837158
1644,176.815492,SDSS J233642.61+001653.3,QX,354.1775739,0.281506,2.6070001125335693
1647,31.098841,J214727.15-345239.9,X,326.8631389,-34.87775,
1647,94.931016,J214722.98-345130.7,X,326.8457778,-34.8585278,
21762,118.656325,2QZ J125034.2+012614,Q,192.6429437,1.4376145,1.305999994277954
21763,87.562738,SDSS J140623.45+392858.8,Q,211.5977315,39.4830156,1.3940000534057617
21763,107.797292,SDSS J140620.51+392942.0,Q,211.5854751,39.4950091,1.6549999713897705
11412,114.425677,SDSS J025716.62-001757.1,Q,44.3192762,-0.2992092,1.472000002861023
11412,133.405187,SDSS J025722.01-002044.5,Q,44.3417148,-0.3456977,1.0479999780654907
21764,158.290928,SDSS J144859.25+384831.6,Q,222.246883,38.8087904,2.371000051498413
1650,29.023085,J133649.05-340334.6,X,204.2043889,-34.0596112,
21769,138.519865,J171453.08+571919.1,X,258.7211945,57.3219723,
21769,176.532903,J171432.22+571528.7,X,258.6342778,57.2579723,
1657,125.362452,WISEA J124916.58-051138.3,qX,192.3191139,-5.1940004,1.2999999523162842
1658,0.425575,NGC 2783,ARX,138.4144603,29.9929601,0.023000000044703484
1659,72.618975,J213152.83-425131.1,X,322.9701366,-42.8586554,
1660,1.585967,NGC 3786,ARX,174.9271389,31.9089723,0.009999999776482582
1660,113.90418,SDSS J113949.59+315543.2,NX,174.95664,31.928686,0.527999997138977
1660,124.500582,J113944.44+315635.9,X,174.9351667,31.9433056,
21774,169.248334,WISEA J032827.54+380137.4,q,52.1146946,38.027053,0.8999999761581421
21776,76.671936,SDSS J091658.14+264550.0,Q,139.2422862,26.7639115,2.938999891281128
21776,115.98708,SDSS J091656.68+264657.0,Q,139.2362003,26.7825107,2.0999999046325684
11422,0.158004,MARK 543,AX,0.6100838,3.3519262,0.026000000536441803
11422,124.090399,SDSS J000234.56+032129.4,QX,0.6439901,3.358214,2.3980000019073486
1664,146.732041,J012249.34+330820.2,X,20.7056112,33.1389445,
11424,149.544567,WISEA J013016.45-264528.6,q,22.5685664,-26.7579657,0.5
1667,137.118269,J053226.71-135322.8,X,83.1112952,-13.8896765,
1668,89.687977,WISEA J142401.73-284134.5,q,216.0072067,-28.6929003,1.399999976158142
21783,123.807502,WISEA J155426.87+394508.8,qR2,238.611959,39.7524483,0.20000000298023224
1669,176.213517,WISEA J202322.46+062554.2,q,305.8435289,6.4317211,0.6000000238418579
21787,101.155499,LAMOSTJ002121.03+302841.2,Q,5.3376314,30.4781111,1.9759999513626099
21787,160.655476,SDSS J002118.70+302603.1,A,5.3279235,30.434212,0.527999997138977
21788,119.311834,LAMOSTJ002121.03+302841.2,Q,5.3376314,30.4781111,1.9759999513626099
11431,122.053642,WISEA J070344.26+401801.7,q,105.934429,40.3004936,0.20000000298023224
21790,117.597798,SDSS J020640.17-024251.4,Q,31.6673755,-2.7143,1.5449999570846558
21790,132.040858,WISEA J020633.99-024206.2,qR,31.6416521,-2.701736,2.799999952316284
21790,157.344266,SDSS J020634.37-024251.7,Q,31.64318,-2.7143758,1.8009999990463257
21792,160.783117,WISEA J042424.82-134834.1,q,66.1034318,-13.8094879,0.8999999761581421
11433,177.936264,2SLAQ J123753.59-000113.1,Q,189.4732973,-0.020313,1.3609999418258667
1680,119.091984,J000135.41+232708.9,X,0.3975513,23.4524758,0.20000000298023224
1681,0.096631,MCG -1-05-047,NRX,28.2041667,-3.4468334,0.017000000923871994
1681,11.697886,J015248.66-032659.0,X,28.2027792,-3.4497484,1.5
1681,62.309747,SDSS J015245.31-032717.3,QX,28.1888017,-3.4547971,1.2170000076293945
1681,101.722023,J015253.50-032532.3,X,28.2229317,-3.4256441,2.299999952316284
11437,178.824071,WISEA J203613.17-240823.0,q,309.0549214,-24.1397142,0.20000000298023224
1683,171.956244,SDSS J020456.83+290206.0,Q,31.236782,29.035006,1.4980000257492065
21799,33.062478,WISEA J145311.59+462859.3,q,223.2983189,46.4831445,0.20000000298023224
21799,120.556573,SDSS J145322.52+462742.7,Q,223.3438407,46.461863,2.0439999103546143
11440,127.571401,J052356.10-083927.3,R,80.9837502,-8.6576034,1.2999999523162842
21801,0.245227,MCG 8-31-046,NR,260.123185,50.3771225,0.024000000208616257
11442,73.74376,SDSS J095203.49+405015.9,Q,148.0145644,40.8377643,0.7599999904632568
1688,0.259013,UGC 4906,NR,139.4163583,52.9928911,0.00800000037997961
1689,138.089506,J081424.00+212111.4,X,123.6000395,21.353167,0.6000000238418579
1689,149.115303,SDSS J081424.21+212030.5,QX,123.6009153,21.341842,2.4719998836517334
11443,120.75879,WISEA J115653.05-314359.4,q,179.2210827,-31.7331561,2.4000000953674316
21805,24.189804,WISEA J013533.73-343754.2,q,23.8905492,-34.6317625,1.0
21806,45.568291,SDSS J013939.62-031501.5,Q,24.9150796,-3.2503937,1.5460000038146973
11445,0.118249,MCG 6-38-005,AX,258.1184819,35.8840514,0.026000000536441803
21809,108.91095,SDSS J075103.58+235313.7,Q,117.7649568,23.8871436,1.8619999885559082
1693,25.865159,J121352.06+131035.7,X,183.4669445,13.1765834,
1693,59.22825,SDSS J121350.33+131057.8,Q,183.4597322,13.1827323,0.9559999704360962
1693,121.072341,SDSS J121346.65+131128.6,Q,183.4443713,13.1913067,0.8769999742507935
1693,167.987091,SDSS J121342.71+130927.6,Q,183.427969,13.1577059,2.312000036239624
21810,150.812641,SDSS J090557.36+514702.9,Q,136.4890174,51.784156,0.6549999713897705
11447,82.744835,WISEA J201913.48-583326.5,q,304.8061712,-58.5574449,1.2999999523162842
1695,1.462192,SDSS J091515.28+405502.0,NR,138.81367,40.917243,0.008999999612569809
1695,64.697781,SDSS J091510.01+405526.9,Q,138.7917236,40.9241734,1.815000057220459
21812,127.076517,SDSS J094457.66+641729.3,qRX,146.2403036,64.2913887,1.5
21814,114.199768,LBQS 1230+1427,Q,188.1547796,14.1822268,0.421999990940094
21814,137.749814,J123239.15+140949.5,X,188.1631389,14.16375,
21814,173.219275,LBQS 1230+1430,Q,188.2028741,14.2406915,0.3319999873638153
11450,106.355627,SDSS J232959.95+270657.4,Q,352.4998117,27.115987,1.0520000457763672
11450,156.016344,PGC 214965,N,352.538777,27.1177469,0.12200000137090683
1698,140.19672,WISEA J134203.01-304747.3,q,205.5125932,-30.7964257,1.0
21815,142.513919,WISEA J152502.16-112023.2,q,231.2590206,-11.3397694,0.699999988079071
11451,179.202276,SDSS J002804.30-014827.7,Q,7.017922,-1.8077124,1.1729999780654907
1700,44.973168,J012547.12-012301.6,X,21.4463334,-1.3837778,
1700,114.190984,J012549.41-012410.8,X,21.4558889,-1.403,
1700,164.067558,J012554.56-012343.0,X,21.4773612,-1.3952778,
21821,0.014041,ESO 540-17,NR,11.0909167,-17.3512223,0.03099999949336052
11454,159.331723,WISEA J065036.13-371018.9,q,102.6505478,-37.1718807,0.4000000059604645
11455,84.363344,SDSS J112655.01+590901.7,Q,171.7292177,59.1504725,1.840999960899353
11456,150.370985,WISEA J201212.54+054706.9,q,303.0522629,5.7852316,0.20000000298023224
21825,71.502018,WISEA J044833.99-013147.7,q,72.1416304,-1.5299353,1.2999999523162842
21825,146.378047,J044830.04-013444.7,R,72.1251667,-1.5790834,
1709,145.704237,WISEA J225810.22-650322.6,q,344.5425084,-65.0563102,0.8999999761581421
1709,179.007837,WISEA J225721.45-650157.1,q,344.3393542,-65.0325221,1.5
21830,110.680147,SDSS J110949.33+370834.0,Q,167.455559,37.142788,0.9240000247955322
1712,117.413157,LAMOSTJ015311.85+364721.3,Q,28.2993604,36.7892813,0.5120000243186951
21831,138.912497,SDSS J113323.18+194928.0,Q,173.3465887,19.8244455,0.824999988079071
21833,77.504381,SDSS J163048.46+455315.9,Q,247.7019185,45.8877545,2.0820000171661377
1716,0.074925,ESO 45-11,BRX,280.1608154,-77.1579583,0.017999999225139618
1716,84.136313,WISEA J184023.69-770821.0,q,280.0983718,-77.1391508,0.5
1716,105.364105,J184007.16-770917.9,X,280.0298646,-77.1549912,
21836,119.722922,SDSS J235313.79+274402.6,Q,358.3074675,27.7340675,1.0509999990463257
21836,137.074906,SDSS J235308.40+274255.4,Q,358.2850051,27.7153819,0.7099999785423279
1717,154.370696,SDSS J081947.16+215919.6,Q,124.9465303,21.9887798,2.618000030517578
1717,175.414279,SDSS J081959.20+220321.7,Q,124.9966923,22.0560385,0.8059999942779541
1718,165.22901,WISEA J165439.70-723738.2,q,253.6654171,-72.6272564,0.8999999761581421
1719,0.178438,NGC 7214,ARX,332.2819277,-27.8094878,0.023000000044703484
1719,52.719847,J220903.70-274835.4,X,332.2654289,-27.8098494,1.2000000476837158
1720,72.936084,J235103.40+270816.5,RX,357.7642019,27.1379213,1.7999999523162842
11470,160.511831,SDSS J214658.90+101015.3,Q,326.7454561,10.1709231,2.2130000591278076
1723,0.205207,NGC 2332,BRX,107.3925278,50.1822223,0.019999999552965164
21845,169.385128,SDSS J095522.60+141951.1,Q,148.8441721,14.3308827,2.490000009536743
21846,0.27668,CGCG 124-18,NR,155.6710132,20.8591554,0.02500000037252903
21846,161.512839,SDSS J102251.04+205252.5,Q,155.7127049,20.8812733,2.9070000648498535
11475,177.627967,WISEA J020621.75-620044.6,q,31.5906223,-62.0124647,2.5
1730,82.062256,SP 1,Q,210.0577067,38.9049932,3.2829999923706055
1730,149.051531,SDSS J140015.01+385238.6,Q,210.0625917,38.8773959,1.4049999713897705
21851,58.914948,WISEA J140806.54-270430.7,qX,212.0272555,-27.0752191,1.899999976158142
1733,175.952366,WISEA J214819.11+221208.9,q,327.0796461,22.2024617,0.20000000298023224
21855,81.44942,J003916.91-185405.5,R,9.8204723,-18.9015278,
1734,0.304301,NGC 5475,AR,211.301687,55.7418551,0.006000000052154064
1734,79.082113,SDSS J140503.01+554430.6,Q,211.2625365,55.7418501,3.0299999713897705
11480,142.089577,SDSS J105404.69+210720.1,Q,163.5195574,21.1222391,1.8370000123977661
11480,159.087208,SDSS J105413.68+210518.6,A,163.5570077,21.0885119,0.25099998712539673
21857,176.386398,WISEA J070310.94-665910.1,q,105.7956101,-66.9861746,0.10000000149011612
11482,158.880091,SDSS J150826.84+190955.4,Q,227.1118506,19.1653893,1.625
1737,24.737732,J111528.47+180625.4,X,168.8686389,18.1070556,
1737,176.880792,J111537.93+180515.0,X,168.9080556,18.0875,
21859,149.005278,SDSS J094414.57+293618.2,Q,146.0607122,29.6050856,2.2300000190734863
21859,155.100381,SDSS J094414.83+293601.3,Q,146.0618051,29.6003825,1.559000015258789
21860,157.880945,WISEA J120338.87+171054.8,q,180.9119716,17.18191,1.0
21860,162.938826,SDSS J120320.18+170823.7,A,180.8341003,17.1399271,0.23499999940395355
21861,67.181327,J120609.24-273749.8,R,181.538501,-27.6305003,1.0
21862,118.003397,SDSS J121958.41+282131.3,Q,184.9934095,28.3587156,3.0280001163482666
11487,122.618454,2QZ J235803.3-294740,Q,359.5138571,-29.7944206,1.6480000019073486
1746,0.06103,NGC 5548,ARX,214.4980838,25.1368334,0.017000000923871994
1746,22.803386,J141758.78+250833.0,X,214.4949167,25.1425,
1746,25.882048,J141801.27+250823.4,X,214.5053056,25.1398334,
1746,31.345493,J141757.25+250808.3,2X,214.4885556,25.1356389,
1746,31.458935,J141800.92+250747.4,X,214.5038334,25.1298334,
1746,35.962777,J141801.61+250750.3,X,214.5067223,25.1306389,
1746,44.123056,J141756.43+250759.5,X,214.4851545,25.1332041,1.2999999523162842
1746,70.296516,J141758.48+250703.8,X,214.4936718,25.1177354,0.800000011920929
11490,71.984979,J042947.76-032038.6,R,67.4490274,-3.3440693,2.4000000953674316
21870,163.653645,SDSS J085416.47+362748.3,A,133.5686207,36.4634144,0.12600000202655792
1748,108.631202,WISEA J092625.16-280045.6,q,141.6048657,-28.0126993,1.100000023841858
21872,0.224213,IRAS 10158+1427,AR,154.6395132,14.2114361,0.03200000151991844
21872,125.713815,SDSS J101835.09+141444.4,Q,154.6462144,14.2456931,2.305000066757202
11493,74.937537,J123443.64+070955.7,X,188.6818427,7.1654944,0.8999999761581421
11493,102.842955,J123432.84+071012.5,X,188.6368686,7.1701468,1.399999976158142
11493,128.369331,SDSS J123430.45+070910.3,QX,188.6269063,7.1528727,2.250999927520752
21874,129.852797,SDSS J144842.36+314142.2,Q,222.1765384,31.6950614,2.240999937057495
11494,175.878075,WISEA J133251.03-161605.5,q,203.2127184,-16.2681481,1.2999999523162842
1752,77.262113,J023623.68+385908.9,X,39.0986667,38.9858056,
1752,178.206882,J023636.59+385542.7,X,39.1524723,38.9285278,
21878,18.476537,WISEA J205958.69-162901.4,q,314.9947839,-16.4838062,2.299999952316284
11496,95.39497,WISEA J140228.69-045509.2,q,210.6195546,-4.9192272,0.8999999761581421
1754,0.035734,NGC 4628,NR,190.60525,-6.971,0.009999999776482582
11497,0.277982,ESO 583-2,AR,235.0854983,-18.4425989,0.023000000044703484
11497,111.986649,WISEA J154023.74-182815.3,q,235.0989407,-18.4709605,0.10000000149011612
1756,131.216428,J162938.02+404656.3,X,247.4084445,40.7823056,
1756,135.081809,SDSS J162933.18+404816.3,QX,247.3882829,40.8045354,1.9880000352859497
1756,153.418539,SDSS J162933.69+404715.8,QX,247.390375,40.787741,2.052000045776367
21883,0.588715,IIIZw 35,NRX,26.1271559,17.1023226,0.027000000700354576
21883,154.990519,J014419.74+170600.6,X,26.08225,17.1001667,
1759,55.6007,SDSS J043356.73-083511.7,qX,68.4864208,-8.5865875,2.299999952316284
1759,106.711562,SDSS J043403.90-083614.7,qX,68.5162836,-8.6041081,2.200000047683716
1759,127.283196,J043359.90-083237.6,X,68.4996183,-8.5437969,0.5
11501,170.555319,SDSS J004419.80+301950.9,Q,11.0825214,30.3308062,1.3300000429153442
1760,174.280784,J125135.38-132236.8,X,192.8974454,-13.3768899,0.30000001192092896
21888,172.921359,WISEA J123142.45+504503.2,q,187.9269079,50.7508948,0.30000001192092896
21888,177.057439,SDSS J123119.85+504116.1,Q,187.8327445,50.6878183,2.944999933242798
11504,0.252265,UGC 4613,N,132.1675602,1.0387929,0.028999999165534973
11504,99.825714,SDSS J084842.13+010044.3,Q,132.1755598,1.0123153,1.6579999923706055
11505,57.84992,SDSS J111515.25+555813.0,QR,168.8135763,55.9703029,1.7480000257492065
1764,118.990892,LBQS 1223+1626,QR,186.4963685,16.1725748,1.937000036239624
11506,0.154883,MRK 0423,NRX,171.7020773,35.2508952,0.03200000151991844
11506,43.074947,SDSS J112648.31+351546.1,QX,171.7013063,35.2628168,1.0420000553131104
11506,105.335938,SDSS J112656.77+351433.9,QX,171.7365453,35.2427622,1.2239999771118164
1765,155.015474,LAMOSTJ141314.26+202712.0,Q,213.3094351,20.4533291,2.828000068664551
21891,152.345692,SDSS J141924.35+360711.0,Q,214.8514882,36.119723,0.7379999756813049
21891,177.752554,SDSS J141937.12+360530.1,Q,214.9046867,36.0917063,0.5440000295639038
21892,0.208506,MCG 7-34-110,NX,247.9079804,41.4936431,0.029999999329447746
11507,0.039282,CGCG 126-108,AR,174.0832903,20.5217751,0.020999999716877937
11507,131.620323,LAMOSTJ113614.54+202931.4,Q,174.0605591,20.4920406,0.5820000171661377
1767,114.818485,WISEA J020610.31+294855.4,qR,31.5429491,29.8154062,0.30000001192092896
11508,87.590733,J113812.92+120810.5,R,174.5538334,12.13625,
21896,127.488498,WISEA J230025.60+130325.7,q,345.1066668,13.0571503,0.800000011920929
11511,137.864652,SDSS J132901.45+325448.0,Q,202.2560202,32.9133287,1.0089999437332153
11511,145.662775,SDSS J132901.73+325032.7,QX,202.2572106,32.8424119,0.7829999923706055
1773,163.520777,WISEA J051634.74-370332.9,qR,79.1448087,-37.0591351,1.5
1774,92.603897,WISEA J064039.12+500512.5,q,100.1631599,50.086789,0.6000000238418579
21900,97.0304,SDSS J014725.02-004627.6,QR,26.8542658,-0.774332,1.4950000047683716
21900,106.084122,SDSS J014721.12-004505.3,Q,26.8380163,-0.7514657,1.3480000495910645
1775,0.053973,UGC 3995,NRX,116.0380306,29.2474418,0.014999999664723873
1775,26.871906,J074411.16+291454.3,X,116.0465,29.2484167,
1775,86.227364,SDSS J074415.37+291423.6,qX,116.0640762,29.2398931,2.0
1775,139.81802,SDSS J074418.10+291606.4,QX,116.0754568,29.2684462,2.7249999046325684
21901,122.343839,WISEA J024013.85-122809.5,q,40.0577802,-12.4693162,0.800000011920929
21902,93.296931,J024309.89+321729.9,X,40.791222,32.2916407,0.20000000298023224
11515,156.39074,WISEA J141020.48-175230.0,q,212.5853665,-17.8750285,1.2000000476837158
11516,178.242284,WISEA J143513.31+780011.9,q,218.8054822,78.0032891,1.100000023841858
21904,96.727313,SDSS J034023.29+010602.6,Q,55.0970562,1.1007542,2.505000114440918
21904,159.84065,SDSS J034008.54+010714.8,Q,55.0355829,1.120806,2.8299999237060547
1780,0.296478,IC 724,AR,175.8944167,8.9424445,0.019999999552965164
21908,0.252857,CGCG 31-70,A,123.016487,5.4750686,0.029999999329447746
21908,177.83214,SDSS J081215.79+052813.1,Q,123.0658208,5.4703265,1.0429999828338623
21909,82.599389,WISEA J085522.94+612455.7,q,133.8456859,61.4154863,0.8999999761581421
11520,162.694269,WISEA J194646.03+565639.4,q,296.691537,56.9443193,0.30000001192092896
21912,98.127794,WISEA J132137.53-161532.0,q,200.4063958,-16.2588879,1.0
1787,168.610023,WISEA J184208.68-635721.4,q,280.5361926,-63.9558485,1.2999999523162842
11526,161.35358,J023325.29+324244.2,R,38.355384,32.7122917,
21921,125.326552,2SLAQ J212734.22-010743.5,Q,321.8926165,-1.1287724,0.5379999876022339
21921,168.267247,2SLAQ J212747.33-010405.6,N,321.9472355,-1.0682431,0.3330000042915344
1793,93.748922,SDSS J091026.17+502714.6,Q,137.609072,50.4540607,1.8600000143051147
1793,95.11799,SDSS J091022.26+502613.9,Q,137.5927887,50.4372124,1.690999984741211
21922,126.329558,WISEA J225050.43-401348.0,q,342.710141,-40.2300369,0.6000000238418579
11530,150.189888,SDSS J124421.10+445432.3,Q,191.0878957,44.9089901,1.3009999990463257
1797,76.205861,SDSS J083519.76+282933.6,Q,128.8323517,28.4926964,1.7829999923706055
1797,115.608286,SDSS J083524.26+282935.6,Q,128.8510998,28.4932207,2.181999921798706
1797,155.021963,SDSS J083516.94+282549.5,A,128.8205705,28.4304252,0.4869999885559082
11534,93.116606,NPM 1G+36.0339,AR,216.7689593,35.9026506,0.028999999165534973
11534,111.58485,SDSS J142705.39+355338.3,Q,216.7724958,35.8939833,1.4170000553131104
11534,152.207615,SDSS J142708.17+355244.2,Q,216.7840825,35.8789488,1.1640000343322754
21929,42.074706,WISEA J043742.52-471534.2,qX,69.4271446,-47.2595119,1.2000000476837158
21929,122.508443,J043734.21-471448.2,X,69.3925556,-47.2467223,
21929,140.546377,J043735.14-471638.5,X,69.3964342,-47.2773711,
11535,0.363083,MCG 4-37-014,N,234.4383694,22.4261954,0.024000000208616257
21931,90.562621,SDSS J091401.40+505048.5,Q,138.5058416,50.8468317,2.496000051498413
21931,112.815094,WISEA J091403.78+505019.1,q,138.5157665,50.8386545,0.4000000059604645
21931,115.600442,SDSS J091403.90+505057.9,Q,138.516269,50.8494241,1.8990000486373901
21931,132.403276,SDSS J091343.65+505219.9,Q,138.4318508,50.8722147,1.281999945640564
21931,132.878675,SDSS J091405.86+505015.1,Q,138.5244346,50.837546,2.240999937057495
21931,175.34435,WISEA J091410.30+505057.7,q,138.5429573,50.8493676,0.30000001192092896
1806,153.467215,WISEA J125144.00+713747.3,q,192.9333697,71.6297779,1.100000023841858
1807,73.315707,WISEA J235325.59+075121.3,q,358.3566336,7.8559051,0.800000011920929
1808,77.475384,2QZ J010853.1-283517,N,17.2216251,-28.5882223,0.2160000056028366
1808,146.414537,2QZ J010849.2-283232,Q,17.205039,-28.5421352,1.312000036239624
21936,64.11506,SDSS J162107.64+395406.1,Q,245.2818713,39.9016876,0.6890000104904175
21936,146.335685,SDSS J162116.54+395400.5,Q,245.3189247,39.9001508,1.6100000143051147
1812,0.43251,NGC 6338,ARX,258.8457904,57.4111901,0.027000000700354576
1812,16.907364,J171524.75+572432.0,X,258.8531389,57.4088889,
1812,32.851297,J171518.87+572440.0,X,258.8286389,57.4111112,
1812,106.49547,J171524.47+572626.2,X,258.8519723,57.4406112,
1812,114.39692,J171512.99+572319.0,X,258.8041386,57.388619,0.20000000298023224
1812,122.473434,WISEA J171514.26+572620.8,qX,258.8094369,57.4391355,0.8999999761581421
1812,141.129909,J171518.53+572657.0,X,258.8272223,57.4491667,
11542,29.774172,SDSS J135018.62+352816.0,Q,207.5775753,35.4711265,2.075000047683716
11542,62.994057,SDSS J135021.51+352935.2,Q,207.5896511,35.4931339,1.3359999656677246
11542,74.475338,PGC 2064866,N,207.6019904,35.4599291,0.14900000393390656
11542,106.908152,SDSS J135013.67+352938.6,Q,207.5569941,35.4940602,1.7669999599456787
11542,172.081988,SDSS J135018.00+353122.3,Q,207.5750041,35.5228864,2.615999937057495
11543,82.775791,SDSS J162145.57+492603.7,Q,245.4399115,49.4343843,0.7400000095367432
1813,0.03204,IC 1657,NRX,18.52925,-32.6508889,0.012000000104308128
1814,178.709656,SDSS J044935.31+001807.8,Q,72.3971745,0.3021976,0.8069999814033508
11544,0.337606,NGC 6212,NX,250.8464122,39.8064454,0.029999999329447746
11544,122.810789,J164314.08+394927.5,X,250.8086746,39.8243107,0.5
11544,148.94955,J164311.85+394711.2,X,250.7994029,39.78645,0.8999999761581421
1815,0.272254,IC 2202,NR,111.9782776,-67.5741964,0.012000000104308128
1816,174.785134,WISEA J132054.40-471556.4,q,200.2266452,-47.265689,2.4000000953674316
21945,162.120317,WISEA J044003.86-045303.9,q,70.0161119,-4.8844319,0.800000011920929
11545,53.843169,SDSS J083530.87+250049.8,qR2X,128.8786497,25.013854,1.7999999523162842
11545,128.436228,J083519.90+250201.4,X,128.8329445,25.0337223,
11545,148.635734,PG 0832+251,ARX,128.8991918,24.9944962,0.33000001311302185
11545,156.830418,J083519.80+250007.8,X,128.8325278,25.0021667,
1818,158.002666,J023115.12+293741.3,X,37.8130278,29.6281389,
21949,59.148028,WISEA J075414.35+032242.9,q,118.5598074,3.3786033,0.4000000059604645
11547,14.994269,J090455.09+250017.7,R,136.2295556,25.0049167,
11547,107.325128,SDSS J090458.89+250138.8,Q,136.2453866,25.0274585,1.5379999876022339
11548,83.851363,SDSS J100817.46+184319.0,A,152.0727603,18.7219501,0.10999999940395355
1821,91.226404,J022650.45+202835.3,X,36.7102223,20.4764723,
1821,161.665074,J022646.78+202709.3,X,36.6949167,20.4525834,
1821,176.561315,J022635.63+202830.6,RX,36.6484837,20.4751814,
11549,117.475108,SDSS J115203.53+062240.3,Q,178.014742,6.3778436,2.6419999599456787
1822,99.103217,WISEA J100408.89-802635.2,q,151.0370334,-80.4431838,1.100000023841858
21953,80.111595,J125824.94+280747.9,X,194.6039445,28.1299723,
11550,144.03573,WISEA J185656.30-612135.2,q,284.2345542,-61.3597941,0.699999988079071
1824,0.376938,NGC 5675,ARX,218.1659904,36.3022291,0.013000000268220901
11553,98.632696,2QZ J222024.9-282237,Q,335.1040449,-28.3770198,1.5069999694824219
21957,115.448931,MS 16011+4119,QX,240.7198137,41.1995532,0.5339999794960022
21957,118.92148,SDSS J160238.46+411000.2,QR,240.6602739,41.1667361,1.0980000495910645
21958,97.160649,WISEA J165502.50+365435.9,q,253.7604406,36.9099896,0.30000001192092896
1828,84.267833,J035734.77-461203.6,X,59.3948889,-46.201,
1828,94.767635,J035722.01-461122.0,X,59.3417223,-46.1894445,
1828,96.455917,J035718.20-461223.8,X,59.3258612,-46.2066112,
1828,157.431078,J035716.34-461050.7,X,59.3181112,-46.1807509,
1828,168.284635,J035726.90-461526.8,X,59.3620834,-46.2574445,
11555,100.375468,WISEA J000106.41+285502.9,q,0.2766559,28.9175205,0.10000000149011612
21963,73.716097,WISEA J215411.85-232756.8,q,328.5494786,-23.4657508,1.899999976158142
21965,149.240259,SDSS J223350.46+201534.1,Q,338.4602698,20.2594759,2.2109999656677246
11561,121.584728,WISEA J112600.28+020104.1,q,171.5012477,2.0177664,1.7000000476837158
1835,161.888388,SDSS J151621.12+102938.2,Q,229.0880208,10.4939368,2.3440001010894775
21969,131.746214,SDSS J101730.59+224755.4,Q,154.3774785,22.7987044,1.9900000095367432
21969,166.053606,SDSS J101727.97+224757.3,Q,154.366578,22.7992684,2.3310000896453857
21969,172.188228,SDSS J101752.03+224816.0,Q,154.4667885,22.8044368,1.4019999504089355
11563,125.061176,WISEA J164031.60+654736.5,q,250.131674,65.7934835,2.4000000953674316
21971,104.643225,NGC 3860,NRX,176.2048708,19.7950397,0.01899999938905239
21971,122.737455,J114447.37+194737.6,X,176.1973889,19.7937778,
21971,129.811732,J114457.80+194837.8,X,176.2408334,19.8105,
21971,176.974906,J114445.24+194828.7,X,176.1885278,19.8079723,
21971,177.363934,J114455.34+194337.6,X,176.2305926,19.7271205,2.299999952316284
21974,52.521772,SDSS J143316.81+023946.8,qR,218.3200359,2.6630275,1.7999999523162842
21974,94.007462,SDSS J143315.77+024041.0,Q,218.315729,2.678091,0.859000027179718
11567,149.546295,SDSS J020736.63+020430.4,QX,31.9026645,2.0751198,2.119999885559082
11567,152.922255,J020738.88+020910.4,X,31.9120278,2.1528889,
21975,74.926299,SDSS J143436.24+305922.6,Q,218.6510174,30.9896387,1.7380000352859497
11568,109.449254,J023343.44+062947.7,R,38.4310278,6.4965834,
21976,99.415307,J162807.22+393602.0,X,247.0301112,39.6005556,
21976,167.462733,SDSS J162809.28+393419.9,qX,247.0386834,39.5722133,1.7999999523162842
21976,173.479415,SDSS J162751.31+393343.1,QX,246.9638342,39.5619624,2.5299999713897705
21976,176.629044,SDSS J162757.08+393909.8,QX,246.9878671,39.6527337,0.9350000023841858
1844,21.569752,J233959.32+270753.4,X,354.9971667,27.1315,
1844,123.475156,J233952.92+270657.2,X,354.9705,27.1158889,
11570,156.588829,WISEA J063328.14-341335.0,q,98.3673105,-34.2263687,1.100000023841858
21979,83.547185,SDSS J225447.37+214936.3,Q,343.6973601,21.8267705,1.031000018119812
1847,88.209951,J125717.79+273004.6,X,194.3241389,27.5012778,
1847,110.580616,SDSS J125716.10+272937.8,qX,194.3171191,27.4938399,2.4000000953674316
21980,140.295751,SDSS J003847.49+293324.1,Q,9.6979137,29.556719,3.0350000858306885
1849,93.162335,SDSS J142352.99+143938.0,Q,215.970795,14.6605436,1.8830000162124634
1849,156.359748,SDSS J142357.94+143957.2,QR,215.9914449,14.6658898,3.880000114440918
1851,66.044133,J100909.55-290251.3,X,152.2898056,-29.0475834,
21986,86.672952,WISEA J060908.92-542550.0,q,92.2871809,-54.4305837,1.2999999523162842
11577,0.129521,MCG 4-27-020,A,169.8750161,24.9893063,0.027000000700354576
11577,30.652964,WISEA J111931.79+245903.0,q,169.8824938,24.9841697,0.30000001192092896
11578,86.316448,J130904.54-004723.0,X,197.2689167,-0.7897223,
11578,105.422717,J130906.45-004421.1,X,197.2769071,-0.7392105,1.399999976158142
1857,42.332197,J104701.87+171653.9,X,161.7578056,17.2816389,
21996,125.617657,J231932.98+092736.6,X,349.8874429,9.4601918,0.20000000298023224
11583,143.20839,SDSS J013105.20+095903.0,Q,22.7717068,9.9841718,1.1740000247955322
21997,80.027659,SDSS J012445.52+020550.2,Q,21.1897001,2.0973041,1.4830000400543213
21997,112.14202,SDSS J012450.15+020255.3,Q,21.2089969,2.0487138,2.1050000190734863
21997,133.58194,SDSS J012442.48+020229.9,Q,21.1770077,2.04166,1.0820000171661377
21997,171.001259,SDSS J012455.19+020617.1,Q,21.2299901,2.10476,0.8169999718666077
1861,117.159448,J125019.81-412932.7,X,192.5825799,-41.492426,
11584,80.285777,WISEA J032555.86-325341.7,q,51.4827931,-32.8949092,0.699999988079071
1862,47.318416,J130320.27-303155.0,X,195.8344723,-30.5319445,
1862,170.660095,WISEA J130310.39-303333.0,q,195.7931821,-30.5591066,1.2999999523162842
21999,95.178935,J043227.07-051039.6,X,68.1128173,-5.177689,2.4000000953674316
1864,56.512677,WISEA J103614.71-270902.7,q,159.0612993,-27.1507716,0.30000001192092896
22001,95.24652,J082025.54+540651.9,R,125.1064167,54.1144167,
22002,117.230403,SDSS J085946.54+131157.6,Q,134.9439376,13.1993385,2.0999999046325684
22003,0.08392,CGCG 76-133,AX,225.4116591,10.4204007,0.029999999329447746
22003,15.586616,J150139.01+102458.1,X,225.4125556,10.4161389,
22003,15.624923,J150139.43+102525.9,X,225.4143056,10.4238612,
1869,118.714146,SDSS J021849.15-063637.0,Q,34.7048258,-6.6102988,2.5299999713897705
11589,53.634844,J122932.48+075852.1,X,187.3853612,7.9811389,
11589,98.153636,J122936.63+080000.5,X,187.4026389,8.0001389,
11589,114.063919,J122927.25+080119.3,X,187.3635556,8.0220278,
11589,115.020191,J122935.77+080055.1,X,187.3990727,8.0153142,1.2999999523162842
11589,120.175223,J122937.92+075855.7,X,187.40802,7.9821494,2.5
11589,122.163616,J122932.77+075738.0,X,187.3865525,7.960563,
11589,132.066709,J122937.74+080045.7,X,187.4072676,8.0127096,0.30000001192092896
11589,135.103531,J122938.51+075837.4,X,187.4104679,7.9770671,1.100000023841858
11589,146.196117,J122940.09+075927.4,X,187.4170621,7.9909525,3.5999999046325684
1870,19.259551,NGC 4410,ARX,186.6178964,9.0198619,0.02500000037252903
1870,69.333091,SDSS J122633.55+090146.2,QX,186.6397981,9.0295063,1.7599999904632568
1870,157.803119,SDSS J122619.18+090035.2,qX,186.5799536,9.009765,0.5
11590,127.485673,SDSS J130041.30+280649.0,QX,195.1721362,28.113639,2.9790000915527344
1871,105.302612,SDSS J112222.44+395251.7,Q,170.5935318,39.8810316,2.440999984741211
1871,149.424876,SDSS J112242.25+395400.7,Q,170.6760439,39.9002133,1.49399995803833
22010,34.638442,J012340.01-015021.0,X,20.9167298,-1.8391916,1.0
22010,106.069159,SDSS J012339.82-015133.3,N,20.9159459,-1.8592514,0.24699999392032623
22011,73.225694,SDSS J020127.08+284516.3,A,30.36287,28.754542,0.4790000021457672
22011,98.468458,SDSS J020120.47+284501.1,Q,30.3352956,28.7503091,2.430999994277954
1874,0.154818,ESO 420-13,NRX,63.4570581,-32.0069442,0.012000000104308128
22012,139.8787,SDSS J020938.43+060754.3,Q,32.4101513,6.1317784,1.5980000495910645
1875,76.711448,SDSS J141543.28+141746.6,qX,213.9303612,14.2962846,2.200000047683716
1875,91.47462,WISEA J141545.22+141725.6,qX,213.9384264,14.2904545,0.6000000238418579
1875,93.081265,SDSS J141535.17+141809.4,qX,213.8965607,14.3026228,0.20000000298023224
22013,118.293515,SDSS J024729.42-001407.8,Q,41.8726002,-0.2355002,0.8209999799728394
1876,0.065339,ESO 565-19,NRX,143.6815,-21.9278056,0.014999999664723873
22015,91.965241,WISEA J060250.50-634128.4,q,90.7105218,-63.6911868,0.8999999761581421
22015,167.134806,WISEA J060255.71-633910.4,q,90.7320515,-63.6529578,1.2000000476837158
1878,39.350728,J225002.33+114115.9,X,342.5097331,11.687769,1.0
1878,170.061715,SDSS J224955.20+114411.3,qX,342.479993,11.7364834,1.5
11597,156.432033,SDSS J010131.38+312901.0,Q,15.3808061,31.4836472,1.753000020980835
1879,142.459572,J000631.71-412907.6,X,1.6321389,-41.4854445,
22021,0.055858,UGC 8627,N,204.5543544,32.8228717,0.02500000037252903
22021,120.413766,SDSS J133803.68+324945.9,Q,204.5153452,32.8294669,2.3489999771118164
1884,101.763414,SDSS J000635.25-034254.1,Q,1.6468858,-3.7150525,2.11299991607666
1884,147.570735,SDSS J000619.13-034210.3,Q,1.5797188,-3.7028661,0.8619999885559082
1884,175.487089,SDSS J000627.62-034003.0,Q,1.6151416,-3.6675245,2.1089999675750732
22023,61.740567,WISEA J134537.34-174641.3,q,206.4056129,-17.7781403,2.5
1885,0.228571,NGC 833,NRX,32.3368456,-10.1330935,0.013000000268220901
1885,20.513007,J020922.20-100753.8,X,32.3425,-10.1316112,
1885,56.141823,NGC 835,NRX,32.3525,-10.1358612,0.013000000268220901
1885,100.079474,J020927.57-100746.2,X,32.3649145,-10.1295058,
1885,100.242918,J020914.36-100729.8,X,32.3098612,-10.1249445,
11606,33.716555,SDSS J231100.14+133720.8,Q,347.750616,13.6224368,2.319000005722046
22027,85.040558,SDSS J162935.87+404217.5,QX,247.3994752,40.7048616,1.0679999589920044
22027,153.987384,J162929.27+403952.0,X,247.3719591,40.664454,0.5
22027,164.583796,SDSS J162937.07+404352.3,QX,247.4044525,40.7312067,1.5520000457763672
22028,134.771076,SDSS J163205.20+371347.8,Q,248.0216995,37.2299643,2.1630001068115234
11609,38.227158,SDSS J073705.79+222121.5,Q,114.2741494,22.3559901,1.7419999837875366
1893,147.556452,WISEA J083433.45-023515.8,q,128.6394043,-2.5877955,0.5
22034,0.082698,PGC 188965,ARX,323.0091806,-33.7149384,0.029999999329447746
22034,139.556025,J213151.23-334226.8,X,322.9634723,-33.7074445,
11611,146.265804,SDSS J111027.93+313852.1,Q,167.6164022,31.6478064,1.684000015258789
22036,172.528525,WISEA J220906.19-271137.0,q,332.2757837,-27.1936384,0.5
22037,73.988305,SDSS J222358.37+322313.9,Q,335.9932175,32.3872234,1.375
22038,119.697795,SDSS J225252.86+115048.7,QR,343.220244,11.8468577,2.618000030517578
11615,112.032066,SDSS J003044.92+124202.6,Q,7.6871954,12.700732,2.183000087738037
11615,152.246391,SDSS J003028.72+124101.1,Q,7.6197105,12.6836478,2.2820000648498535
22039,138.28864,SDSS J232047.41+210730.7,Q,350.1975234,21.1252277,1.5640000104904175
22039,161.218218,PGC 1641939,N,350.1945864,21.0625722,0.07699999958276749
22040,105.293645,WISEA J000948.52+283011.9,q,2.4521561,28.5033035,0.20000000298023224
1902,89.316519,J132742.66-293304.3,X,201.9277778,-29.5511945,
11618,135.351492,WISEA J063411.18-354432.1,q,98.5466389,-35.7422719,1.5
1906,105.759643,J232035.70+082447.6,X,350.1487568,8.4132379,0.30000001192092896
1906,155.169744,SDSS J232021.73+082209.0,Q,350.0905597,8.3692163,2.368000030517578
1908,60.006786,SDSS J013051.10+171113.3,Q,22.7128741,17.1870389,1.3609999418258667
22047,151.040049,SDSS J083218.96+411901.8,Q,128.0790437,41.317189,1.7079999446868896
1909,0.338704,NGC 5127,ARX,200.9375804,31.5657581,0.01600000075995922
1912,167.70062,WISEA J042120.55-481716.3,q,65.335672,-48.2879089,1.2000000476837158
22053,136.318444,WISEA J151431.83-144100.2,q,228.6324964,-14.6834224,0.800000011920929
1914,178.683455,WISEA J225752.00-355907.4,q,344.4667024,-35.9853418,1.399999976158142
22056,143.643274,SDSS J171208.82+300754.7,Q,258.0367622,30.1319034,1.2569999694824219
1917,78.147973,J153003.68+125815.3,X,232.515373,12.9709362,1.5
1917,163.502856,J153004.82+125648.7,X,232.5200834,12.9468612,
22057,119.067311,WISEA J171503.20+061312.2,q,258.7633279,6.2200558,1.2000000476837158
1919,114.410818,SDSS J140632.70+504444.6,Q,211.6362795,50.745728,1.7480000257492065
11631,150.085841,WISEA J153957.55+203933.6,q,234.989817,20.659432,2.5
22060,94.407069,WISEA J181319.59+633224.5,q,273.3315487,63.5401338,1.100000023841858
22060,163.060063,WISEA J181305.47+632906.6,q,273.2727851,63.4851713,0.30000001192092896
1921,56.946946,SDSS J122957.99+122149.9,QX,187.4916219,12.3638676,1.593000054359436
1922,69.523195,J131557.22-162452.5,X,198.9884396,-16.4146037,
22062,129.49714,WISEA J231538.60+250657.8,q,348.9108664,25.1160568,2.0
22062,136.023516,SDSS J231538.71+250753.5,Q,348.9113102,25.1315441,1.2419999837875366
1923,103.391818,NGC 5212,A,203.1344086,7.294156,0.023000000044703484
1923,178.668486,WISEA J133220.57+071638.4,q,203.0857282,7.2773244,1.399999976158142
1924,179.416467,SDSS J213011.82+264505.3,qX,322.5492722,26.7515113,1.2999999523162842
11637,68.388847,SDSS J000503.27+051259.4,Q,1.2636738,5.2164904,1.343000054359436
11637,130.09317,SDSS J000507.21+051002.9,Q,1.280058,5.167484,2.437000036239624
22067,179.650265,WISEA J075134.52+550708.8,q,117.8938463,55.1191242,2.200000047683716
1927,179.071441,SDSS J132046.07+430539.3,Q,200.1919857,43.0942722,0.9980000257492065
22068,58.720884,WISEA J075213.49+613115.3,q,118.0561637,61.5209097,1.2000000476837158
22069,154.237044,SDSS J120351.53+015159.9,AX,180.964747,1.8666536,0.4099999964237213
22069,155.672922,J120350.26+014801.4,X,180.9594167,1.8003889,
22070,66.402923,WISEA J125538.26-265211.4,qX,193.9094446,-26.8698898,0.30000001192092896
22070,94.112024,WISEA J125548.03-265302.1,qX,193.950156,-26.8839454,1.2000000476837158
22070,104.454129,J125539.49-265022.6,X,193.914556,-26.8396296,1.5
11641,98.902214,J073946.94-854107.0,X,114.945604,-85.6852906,
1932,167.366714,J131333.69-193005.6,X,198.3904148,-19.501568,1.7000000476837158
1932,172.435904,J131329.56-193539.4,X,198.3731873,-19.5942879,2.299999952316284
22073,94.583775,SDSS J132633.08+360153.6,Q,201.6378558,36.0315643,1.1260000467300415
22073,149.146498,SDSS J132624.20+360256.8,Q,201.6008661,36.0491301,0.8669999837875366
11643,0.400592,MCG 4-22-049,N,141.4221708,23.3616218,0.03099999949336052
22075,0.222176,CGCG 134-43,AR,222.6577167,22.7343342,0.020999999716877937
22075,139.553247,SDSS J145031.13+224547.7,Q,222.6297242,22.7632472,1.1859999895095825
11645,147.317791,SDSS J001954.95+220149.6,Q,4.9789991,22.0304624,2.3459999561309814
1936,97.059051,SDSS J111808.84+232522.7,AX,169.5368364,23.422976,0.10999999940395355
1938,8.295372,J090933.08+330719.8,X,137.3878612,33.1221667,
1938,51.472738,J090931.69+330809.6,X,137.3820556,33.136,
1938,60.974244,J090936.61+330636.1,X,137.4025783,33.110046,1.7999999523162842
1938,162.607291,SDSS J090945.15+330610.0,QX,137.4381405,33.1027852,2.1649999618530273
22078,125.272878,WISEA J183116.73+382459.6,q,277.8196869,38.4166186,2.200000047683716
22080,66.907758,SDSS J203129.01+070751.3,qR,307.8708713,7.1309304,2.5
11649,137.081612,SDSS J135800.19+594952.1,Q,209.5007947,59.8311587,1.4329999685287476
1940,135.93466,SDSS J224415.61-001018.5,Q,341.0650547,-0.1718149,3.071000099182129
1940,152.382463,SDSS J224426.64-001211.8,Q,341.1110284,-0.203299,1.9010000228881836
11650,92.882247,SDSS J140328.04+092933.1,qX,210.8668627,9.4925313,0.4000000059604645
11650,110.101512,SDSS J140326.48+092951.1,Q,210.8603678,9.4975426,2.690999984741211
11650,151.676994,SDSS J140333.14+092559.2,qX,210.8881114,9.4331416,1.7000000476837158
1943,60.396389,WISEA J203856.59-045824.4,qX,309.7357727,-4.973464,0.8999999761581421
22084,0.058842,IC 1494,A,352.6923323,-12.7244889,0.03200000151991844
22087,162.787707,SDSS J025751.77-044252.4,Q,44.4657168,-4.7145511,1.7109999656677246
11653,178.931155,WISEA J151017.56+315536.9,q,227.5731435,31.9269023,1.7999999523162842
11654,128.509501,WISEA J162324.80+414426.9,q,245.8533106,41.7408023,1.2000000476837158
22092,172.99208,WISEA J103112.39+735521.2,q,157.8017523,73.922412,1.2000000476837158
1951,69.526203,SDSS J001305.16+305415.1,QX,3.2715531,30.9041933,0.609000027179718
1951,162.269385,J001250.37+305322.9,RX,3.2098889,30.8896945,
1951,171.070923,SDSS J001308.59+305713.2,Q,3.2858008,30.9536671,0.8050000071525574
1951,173.716223,SDSS J001248.43+305606.4,Q,3.2018394,30.9351036,2.431999921798706
22093,111.634864,WISEA J111908.95-361510.4,q,169.7872995,-36.2529003,0.699999988079071
22094,56.637668,SDSS J111907.71+580217.8,Q,169.7821585,58.0382988,2.5429999828338623
22094,79.227948,MCG 10-16-111,AX,169.7404321,58.0565646,0.02800000086426735
22094,138.83066,SDSS J111925.07+580324.5,QX,169.8544457,58.0568175,1.1720000505447388
22094,147.03232,J111921.19+580134.5,X,169.8383272,58.026259,0.6000000238418579
11659,139.473687,SDSS J000325.93+271853.7,Q,0.8580717,27.3149439,0.625
22095,107.997583,SDSS J124945.25+305047.7,Q,192.4385547,30.8465837,1.7649999856948853
1955,147.222399,WISEA J014854.45-145835.0,q,27.2268485,-14.9764051,0.800000011920929
22096,176.427928,WISEA J135005.31+251055.2,q,207.5221468,25.1819739,0.800000011920929
11661,62.254232,WISEA J025914.09+160318.7,q,44.8087331,16.0552182,0.699999988079071
1957,156.553001,SDSS J124121.32+115146.0,Q,190.3388335,11.8627825,2.575000047683716
22098,152.479568,WISEA J171338.78+510708.2,q,258.4116384,51.1189221,2.200000047683716
22099,115.964775,SDSS J230110.95+282353.3,Q,345.2956389,28.3981338,1.3040000200271606
22099,143.680601,SDSS J230124.75+282611.6,Q,345.3531511,28.4365726,1.9500000476837158
22099,174.645753,J230132.66+282328.8,R2,345.3860855,28.3913532,0.800000011920929
11664,131.241885,SDSS J091252.27+345403.8,Q,138.2177976,34.9010727,1.2999999523162842
1960,21.936557,UGC 4052,ARX,117.8375647,50.2360808,0.024000000208616257
1960,153.005569,J075127.90+501613.1,X,117.86625,50.2703056,
1960,172.837496,SDSS J075131.33+501204.2,qX,117.8805456,50.201188,2.299999952316284
1960,177.351119,SDSS J075137.06+501430.6,QX,117.9044636,50.2418522,0.8560000061988831
1961,56.845158,J184726.50-632134.3,X,281.8604445,-63.3595278,
22102,0.26517,UGC 4633,NR,133.0595902,52.8899801,0.03099999949336052
22102,121.594411,SDSS J085214.37+525525.6,QR,133.0598845,52.923806,1.1339999437332153
22103,109.620841,SDSS J100320.90+372715.0,Q,150.8371462,37.454176,2.0820000171661377
11668,141.488157,WISEA J125227.86-391106.4,qX,193.1161212,-39.1850258,2.299999952316284
22104,36.727047,SDSS J110601.01+042514.6,Q,166.504237,4.420749,2.6649999618530273
22104,112.507436,J110607.04+042713.4,R,166.5293612,4.4537223,
22106,0.366032,NPM 1G+33.0215,N,169.4511226,33.0541752,0.032999999821186066
22106,119.509959,SDSS J111745.86+330510.3,Q,169.4411024,33.086207,3.0399999618530273
22107,51.500704,LAMOSTJ122712.50+094142.1,QX,186.8020839,9.6950478,0.5220000147819519
22107,104.632077,WISEA J122712.21+094412.9,qX,186.8009654,9.736929,1.399999976158142
22107,107.290375,SDSS J122707.32+094321.8,AX,186.7805036,9.7227578,0.14100000262260437
1967,153.625868,SDSS J104336.54+144949.1,A,160.90229,14.830322,0.1120000034570694
11672,101.538316,SDSS J011230.86-040943.6,Q,18.1285873,-4.1621327,1.3029999732971191
11672,149.750575,SDSS J011236.39-041052.5,Q,18.1516657,-4.181286,1.6929999589920044
11672,175.596154,SDSS J011245.68-040939.3,Q,18.1903714,-4.160943,2.0959999561309814
22110,121.737698,SDSS J151949.08+050956.8,Q,229.9545065,5.1657912,2.1649999618530273
11673,0.036196,MCG 0-04-112,NR,20.83825,-1.9766389,0.01600000075995922
11673,105.788624,SDSS J012325.11-020003.7,Q,20.8546252,-2.0010536,2.572999954223633
11673,126.948833,SDSS J012329.64-015832.7,Q,20.873534,-1.9757777,1.5149999856948853
11674,154.670746,J015758.14+373233.5,X,29.4922804,37.5426395,1.0
11674,158.861521,WISEA J015817.85+373336.8,qX,29.5743459,37.5602086,1.2999999523162842
1972,0.458516,NGC 5875,NR,227.3048404,52.5284391,0.012000000104308128
1973,133.314277,NGC 7448#1,QX,345.4889543,15.9307609,1.659999966621399
1973,168.070911,J230157.76+160035.1,X,345.4906945,16.00975,
11675,94.637647,SDSS J030451.41+001218.1,N,46.214237,0.2050534,0.028999999165534973
22116,98.99222,J023619.25+004345.8,R,39.0802223,0.7293889,
22116,157.85294,SDSS J023617.09+004435.3,Q,39.0712236,0.7431568,2.553999900817871
22116,158.499366,SDSS J023619.04+004454.2,Q,39.0793504,0.7484012,2.049999952316284
1975,162.779653,J044727.38-101627.7,X,71.8640864,-10.2743811,0.20000000298023224
1975,169.185275,WISEA J044731.21-101527.8,qX,71.8800855,-10.2577027,0.5
11676,145.720463,SDSS J073753.26+270412.7,Q,114.4719547,27.0701969,1.0190000534057617
22117,0.218124,IRAS 03536-13515,NR,59.0035948,-13.7090418,0.029999999329447746
22118,136.600087,WISEA J040323.94-624842.5,q,60.8498084,-62.8118195,0.800000011920929
11677,0.276939,UGC 3969,NR,115.3097602,27.6140651,0.027000000700354576
11677,106.042159,SDSS J074115.08+273505.3,Q,115.3128578,27.5848104,2.3499999046325684
1976,1.152709,MARK 1239,ARX,148.0795806,-1.6120934,0.01899999938905239
1976,148.995813,SDSS J095221.05-013910.3,Q,148.0877145,-1.6528862,2.888000011444092
1977,140.185914,SDSS J075814.60+525238.8,Q,119.5608382,52.8774592,1.2130000591278076
1978,102.148682,SDSS J115840.54+471719.5,Q,179.668954,47.2887638,2.8510000705718994
11679,41.326023,LAMOSTJ094554.70+344040.5,Q,146.477852,34.6779186,1.2899999618530273
1980,0.863183,UGC 3386,ARX,90.65825,65.3714445,0.017000000923871994
11680,130.734189,SDSS J121540.96+480553.7,Q,183.9206443,48.0982492,2.9690001010894775
22124,0.178797,SBS 1344+527,NR,206.6699958,52.4767996,0.028999999165534973
22126,119.754327,SDSS J153959.07+280832.1,Q,234.9961622,28.1422691,2.88100004196167
1984,91.960188,J081058.75+050636.0,X,122.7448139,5.1100013,2.4000000953674316
11682,0.17239,UGC 10404,NRX,247.0481865,39.8218981,0.027000000700354576
11682,98.439232,SDSS J162803.20+394940.0,Q,247.0133604,39.8277809,0.5879999995231628
11682,102.838167,SDSS J162802.79+394938.9,QX,247.0116545,39.8274835,1.0269999504089355
11682,117.148344,J162818.48+394753.2,X,247.0770206,39.7981236,0.20000000298023224
11682,121.505984,SDSS J162808.83+394721.5,QX,247.0368136,39.7893192,1.6979999542236328
22128,110.864358,WISEA J174339.71+343603.1,q,265.9154937,34.6008945,0.6000000238418579
1986,0.026818,NGC 2945,AR,144.4213753,-22.0350556,0.01600000075995922
11684,137.080795,SDSS J231735.70+290207.4,QR,349.3988302,29.0354126,1.524999976158142
22130,68.733575,SDSS J230210.69+254529.2,Q,345.5444899,25.7581556,2.2320001125335693
22130,148.281941,SDSS J230158.89+254737.1,Q,345.4954069,25.7936533,1.2359999418258667
11685,136.537964,J234741.96-634556.7,R,356.9248612,-63.76575,
22131,83.450914,WISEA J232039.78+435517.3,q,350.1657161,43.9214549,0.6000000238418579
22132,85.488683,SDSS J235738.84-033636.7,Q,359.4118574,-3.6102209,1.8300000429153442
1994,78.356657,J053958.96+771915.8,X,84.9956945,77.3210556,
1994,141.266844,WISEA J053959.42+771644.3,qX,84.9976356,77.2789981,1.100000023841858
22134,59.892779,SDSS J014929.69+224426.6,QX,27.3737608,22.7407633,1.5260000228881836
22134,89.153265,SDSS J014938.52+224537.1,QX,27.4105171,22.7603302,2.8919999599456787
22134,134.99737,J014924.74+224351.2,X,27.3530834,22.7308889,
22134,178.880074,J014944.66+224252.5,RX,27.4361164,22.714588,1.0
1996,26.552205,J100403.79-062820.4,X,151.0158065,-6.4723543,0.5
11689,57.819987,WISEA J131348.17-033541.6,q,198.4507777,-3.5948971,1.0
22136,129.996799,SDSS J015831.25-024424.2,Q,29.6302454,-2.7400749,1.6929999589920044
11690,124.685284,J134330.92-172151.2,X,205.8788612,-17.3642223,
1999,107.705654,WISEA J132040.33-140359.5,q,200.1680155,-14.066543,1.399999976158142
11691,164.343399,SDSS J141240.92+083909.4,N,213.17052,8.6526279,0.024000000208616257
22141,154.061556,WISEA J083636.25-013422.8,q,129.1510552,-1.5729631,1.0
11692,163.779294,WISEA J173536.13+092727.6,qRX,263.9005366,9.4577012,0.8999999761581421
2001,140.569336,WISEA J104208.10-331243.3,q,160.5337397,-33.2120295,1.399999976158142
22142,128.390189,WISEA J093235.30+322947.2,q,143.1466998,32.4967736,2.5
22142,167.109681,SDSS J093229.47+322852.9,Q,143.1228475,32.4813839,1.2589999437332153
11693,144.138097,SDSS J012704.18+183332.7,Q,21.7674392,18.5590851,1.7079999446868896
2003,142.89105,WISEA J133611.53-255404.8,q,204.0481074,-25.9013695,2.299999952316284
11694,176.82742,WISEA J025437.82+153327.3,q,43.6575933,15.5576065,1.7000000476837158
2005,121.642302,J060115.99-233929.1,X,90.316654,-23.6580868,
2005,179.030542,J060118.99-234155.9,X,90.3291397,-23.6988837,2.0
11698,96.609192,SDSS J144116.01+442707.6,Q,220.3167206,44.4521365,2.072000026702881
11698,163.782597,SDSS J144131.09+442737.0,Q,220.3795797,44.4602799,3.6089999675750732
2011,34.058433,SDSS J115245.05+203751.7,Q,178.1877057,20.6310588,1.5809999704360962
2011,171.163844,CGCG 127-85,NR,178.1271798,20.6254764,0.02199999988079071
22156,177.338002,WISEA J055912.35-522209.0,q,89.8014321,-52.3691678,1.2999999523162842
2014,161.178968,WISEA J104920.32-193540.0,q,162.3346704,-19.5944462,0.800000011920929
22157,99.954969,WISEA J061817.57-645636.4,q,94.5732359,-64.9434676,2.0999999046325684
2016,115.146649,WISEA J114706.73-373300.9,q,176.778029,-37.5503137,1.2000000476837158
22160,174.618572,SDSS J151711.87+242932.6,Q,229.2994791,24.492413,3.369999885559082
2020,115.96283,SDSS J121636.51+333309.6,Q,184.15213,33.5527089,1.7899999618530273
11707,107.380916,IC 4369,NR,211.0452947,33.3078069,0.027000000700354576
22163,137.71087,WISEA J015709.30+174354.5,q,29.2887667,17.7318234,1.2999999523162842
11710,138.635783,SDSS J215607.13+021135.1,Q,329.0297431,2.1930991,2.441999912261963
11710,148.810562,SDSS J215618.02+020759.7,Q,329.0750867,2.1332823,1.2630000114440918
11710,157.065437,WISEA J215604.68+021051.3,q,329.0195175,2.1809249,1.7999999523162842
11713,131.570114,WISEA J022516.03+241341.5,q,36.3167332,24.228274,1.5
11714,0.069648,CGCG 414-40,AX,40.3953059,7.1871812,0.02800000086426735
22172,133.733446,SDSS J110723.04+182343.5,A,166.8460209,18.3954212,0.18799999356269836
2030,51.433932,SDSS J090906.40+535040.3,A,137.2766947,53.8445548,0.27399998903274536
2030,171.856529,SDSS J090909.95+534825.9,Q,137.2915052,53.8072206,1.1699999570846558
11715,116.207672,J052750.68-695353.2,X,81.9611897,-69.8981224,
11715,133.411612,J052749.05-695409.7,X,81.9544079,-69.90271,
2031,176.890857,WISEA J125000.94-255218.5,q,192.5038877,-25.8718188,1.100000023841858
22173,88.973444,SDSS J113142.36+260537.1,QR,172.926507,26.0936355,0.7139999866485596
22173,153.831781,SDSS J113127.21+260741.3,Q,172.8633776,26.1281535,1.2999999523162842
22174,151.823184,SDSS J135112.33+250309.7,Q,207.8014135,25.0526983,3.0
22174,178.492566,SDSS J135051.46+250454.8,Q,207.7144534,25.081891,1.3819999694824219
2033,0.236471,NGC 6146,BRX,246.2930213,40.892872,0.029999999329447746
2033,141.470237,SDSS J162503.93+405132.7,Q,246.26638,40.8590815,1.409999966621399
11718,0.044161,MCG 4-20-069,N,128.8530622,23.5251279,0.017000000923871994
2035,0.108227,NGC 5318,AR,207.6500542,33.7048541,0.014000000432133675
11719,118.089292,SDSS J095904.38+142506.1,Q,149.7683047,14.4183541,0.921999990940094
2036,0.310376,NGC 787,A,30.2025771,-9.0025457,0.01600000075995922
22177,122.621083,J210447.34+002834.1,R,316.1972658,0.4761587,1.2999999523162842
2037,51.422841,WISEA J031853.17-015832.5,q,49.7216427,-1.9757107,0.10000000149011612
2037,75.222517,WISEA J031847.54-015716.8,q,49.6980966,-1.9546928,2.4000000953674316
22179,159.090731,SDSS J231744.87+083449.8,Q,349.4370222,8.5805191,2.984999895095825
2038,0.064323,IC 450,ARX,103.051394,74.4269777,0.01899999938905239
2039,120.278678,SDSS J081307.46+361441.7,AR,123.2811406,36.2449081,0.17900000512599945
11722,96.53755,SDSS J115355.14+253934.9,Q,178.4797763,25.6596905,1.9780000448226929
11722,162.52789,SDSS J115406.76+254249.8,A,178.52818,25.713838,0.4790000021457672
22182,124.049799,WISEA J025743.42+050038.8,q,44.4309301,5.0108085,0.8999999761581421
22183,122.37541,J040806.37+105423.1,R,62.0265813,10.9064388,1.399999976158142
11725,0.264588,NGC 5762,N,222.1773678,12.4572083,0.006000000052154064
22188,91.830576,SDSS J130946.82+585948.8,Q,197.4450966,58.9968919,1.3639999628067017
22188,109.804704,SDSS J130945.92+585932.0,qR,197.4413782,58.992139,1.7999999523162842
22188,133.799585,SDSS J130959.24+585935.3,Q,197.4968705,58.9931646,0.7070000171661377
22189,106.186606,SDSS J131728.53+434810.1,Q,199.3688857,43.8028198,1.343999981880188
22189,136.714577,SDSS J131725.38+434846.6,Q,199.3557859,43.8129687,2.430000066757202
22189,154.121424,SDSS J131750.49+434724.3,Q,199.4603853,43.7901026,0.9779999852180481
2048,24.543544,J091222.41+350134.7,X,138.0933889,35.0263056,
2048,113.009405,J091220.16+350319.3,X,138.0840177,35.0553805,0.5
2048,127.441652,J091223.84+350346.2,X,138.0993612,35.0628334,
2048,160.124065,SDSS J091215.99+350341.5,QX,138.0666418,35.0615345,1.7920000553131104
2048,168.343222,SDSS J091227.34+350423.2,QX,138.1139409,35.0731358,0.8230000138282776
22191,71.54359,SDSS J143658.84+033000.9,Q,219.2451891,3.5002291,2.3550000190734863
11732,171.285175,WISEA J000511.42+463251.5,q,1.2976188,46.5476176,2.200000047683716
2050,118.58672,J093802.86+093258.4,X,144.5119445,9.5495556,
2053,116.586413,J190814.20+505754.0,X,287.0591861,50.9650222,1.2999999523162842
22195,8.909883,J002702.54+454207.8,R,6.7606041,45.702188,
11736,157.478493,SDSS J140333.14+092559.2,qX,210.8881114,9.4331416,1.7000000476837158
11736,170.708524,SDSS J140329.78+092433.5,qX,210.8741163,9.4093296,0.699999988079071
11736,175.6245,SDSS J140328.04+092933.1,qX,210.8668627,9.4925313,0.4000000059604645
11738,115.78738,SDSS J234423.79+001806.5,QX,356.099126,0.3018136,1.4980000257492065
11738,167.569276,SDSS J234440.17+001801.6,Q,356.1673769,0.3004606,1.7050000429153442
11738,167.727095,SDSS J234425.00+001644.1,qX,356.104187,0.2789377,0.30000001192092896
11738,179.92836,SDSS J234420.78+002107.2,QX,356.086598,0.3520272,1.6449999809265137
2059,177.790423,J023820.96-012055.6,X,39.5873334,-1.3487778,
11739,77.427399,SDSS J001338.62-050450.5,Q,3.4109436,-5.0806931,1.2359999418258667
22202,109.352309,SDSS J121519.64+504008.9,Q,183.8318337,50.6691456,1.343999981880188
22202,155.331924,SDSS J121507.04+503834.0,Q,183.7793735,50.6428018,3.1040000915527344
2061,97.108909,WISEA J183720.74+400439.8,q,279.3364776,40.0776073,0.20000000298023224
22204,143.051972,J143711.38+100230.3,R,219.2974445,10.04175,
2065,164.953905,SDSS J143223.09+080202.5,Q,218.0962405,8.034034,2.244999885559082
2065,168.002328,SDSS J143226.30+080730.4,Q,218.1095988,8.1251088,1.7239999771118164
2065,178.821772,SDSS J143226.44+080741.2,Q,218.110175,8.1280894,2.125
11744,121.079686,WISEA J073339.81+652453.2,qR2,113.4159625,65.4147917,0.20000000298023224
2067,107.981291,J105311.91-402108.4,X,163.2996389,-40.3523334,
11746,151.608197,SDSS J092941.04+021439.5,A,142.4210295,2.2443194,0.22499999403953552
2070,57.494333,J142056.84+031320.9,X,215.2368612,3.2224723,
2070,133.690712,J142104.24+031506.1,X,215.2676945,3.2516945,
11749,72.055502,SDSS J133828.26+065323.9,A,204.61779,6.8899948,0.44999998807907104
2072,59.385816,J005926.26-341849.6,X,14.8594445,-34.3137778,
22215,125.04782,J102917.75+060941.1,R,157.3239723,6.1614167,
11750,129.223463,WISEA J153318.08-015215.1,q,233.3252485,-1.8709486,1.7999999523162842
2073,0.068543,ESO 362-8,NRX,77.7878334,-34.3934445,0.01600000075995922
22216,0.217487,MCG 2-27-023,AR,157.8803186,12.4955551,0.032999999821186066
11751,97.833983,J162840.15+392950.4,X,247.1673309,39.4973401,0.5
11751,145.793739,J162834.40+392954.3,X,247.1433334,39.4984167,
11751,150.223851,J162836.34+393023.5,X,247.1514167,39.5065278,
11751,160.991155,J162839.38+393056.0,X,247.1641112,39.5155556,
22219,87.675272,SDSS J133122.08-014249.8,qX,202.8420296,-1.7138117,1.2999999523162842
2079,84.30866,J071941.81+592105.5,X,109.9242223,59.3515278,
2080,110.38163,WISEA J094303.49-102139.7,qX,145.7645395,-10.3610499,0.800000011920929
2080,173.695521,J094257.89-102410.5,X,145.7412479,-10.4029199,1.399999976158142
2081,114.335778,SDSS J153546.89+433006.5,N,233.94539,43.501823,0.23199999332427979
2083,107.963875,2QZ J011357.5-314606,QX,18.4898082,-31.7683028,0.18199999630451202
2083,151.182535,J011400.25-314856.6,X,18.5010447,-31.8157224,
22227,155.036532,WISEA J214006.84-223639.7,qX,325.0285581,-22.6110236,0.30000001192092896
11759,93.455105,WISEA J140647.96-342807.0,q,211.6995351,-34.4686149,0.20000000298023224
22228,160.981412,SDSS J223012.33+223327.6,Q,337.5514099,22.5577042,0.9990000128746033
22228,167.334666,SDSS J223035.39+223414.5,Q,337.6474734,22.5707466,0.6129999756813049
2087,150.332993,WISEA J005403.94-835009.4,q,13.5164697,-83.8359601,0.4000000059604645
22233,176.804887,WISEA J043202.36-255215.6,q,68.0098362,-25.8710051,1.600000023841858
2089,171.456519,SDSS J005650.30-095241.5,qR2X,14.2096303,-9.8782135,2.0999999046325684
2093,139.624387,WISEA J134938.29+041637.2,q,207.4095761,4.2770183,1.2000000476837158
11769,0.226332,UGC 2024,NRX,38.2551871,0.4208405,0.02199999988079071
11769,110.754167,SDSS J023255.15+002617.5,QX,38.2298106,0.4381991,1.3550000190734863
11769,124.238455,SDSS J023309.11+002436.3,qX,38.2879829,0.4100862,0.10000000149011612
11769,150.079078,SDSS J023311.06+002445.7,QX,38.2960781,0.4127452,2.9769999980926514
2096,2.694152,NGC 3822,ARX,175.5466389,10.2783612,0.019999999552965164
2096,106.875886,SDSS J114204.47+101723.4,qX,175.5186462,10.2898474,0.5
22243,102.757805,SDSS J225243.44+292127.8,Q,343.181036,29.3577443,2.431999921798706
11772,119.850581,WISEA J083025.90-072136.4,q,127.6079422,-7.3600891,0.699999988079071
11774,150.317448,SDSS J083814.03+251428.1,Q,129.5584474,25.2411673,2.196000099182129
22246,28.312148,2QZ J003548.5-282906,Q,8.9522256,-28.4850218,0.23199999332427979
2105,123.788004,WISEA J232303.07+435852.7,q,350.762778,43.9813593,1.2999999523162842
2105,137.117337,WISEA J232306.06+435934.7,qX,350.7752761,43.9929748,0.30000001192092896
2106,175.90119,SDSS J002238.89+294230.9,Q,5.662089,29.7085989,1.4429999589920044
11780,105.73767,SDSS J134504.34+230436.7,qR2,206.2680967,23.076851,0.30000001192092896
11780,163.627366,LAMOSTJ134515.39+230655.1,Q,206.3141287,23.1153015,0.2329999953508377
2108,139.920983,SDSS J115750.27+552834.7,qX,179.4594755,55.4763082,1.2999999523162842
22254,0.353031,MCG 6-25-032,A,169.1385028,35.3062623,0.026000000536441803
22254,154.761581,SDSS J111621.17+351735.2,Q,169.088232,35.2931237,2.055000066757202
11781,126.240745,LAMOSTJ141435.07+362539.0,QRX,213.6461354,36.4275215,1.5499999523162842
22255,143.497976,J114242.12-060430.5,X,175.6755174,-6.0751468,0.5
2111,0.132807,ESO 323-32,N,193.334622,-41.6356314,0.01600000075995922
2111,166.726764,WISEA J125320.08-414055.1,q,193.3337331,-41.6819477,1.2999999523162842
22257,157.916853,J144051.14+031703.7,X,220.2131014,3.2843814,1.899999976158142
11784,168.551958,J022125.95+425521.1,X,35.3581655,42.9225448,1.0
2116,121.625567,WISEA J023426.63+325917.2,qX,38.6109862,32.9880914,0.20000000298023224
2116,146.76039,J023436.91+325759.3,X,38.6538293,32.9664811,0.30000001192092896
11788,96.575672,SDSS J094252.55+122443.6,AX,145.718981,12.4121329,0.12999999523162842
11788,133.373331,SDSS J094246.45+122413.9,Q,145.6935465,12.4038624,2.6630001068115234
2117,61.048775,WISEA J062122.53-280712.8,qX,95.3439063,-28.120237,0.4000000059604645
22265,101.306922,WISEA J011359.56-014317.0,q,18.4981875,-1.721407,2.0999999046325684
22265,127.527255,SDSS J011356.94-014541.1,Q,18.4872564,-1.7614335,2.0989999771118164
11789,129.028197,SDSS J131215.69+272106.9,Q,198.0654146,27.3519409,2.549999952316284
11790,178.596434,SDSS J162513.80+405850.9,Q2,246.3075008,40.9808329,1.1790000200271606
22267,131.265222,J024938.45-311005.6,X,42.4102223,-31.1682223,
22267,147.055748,WISEA J024942.63-311316.8,qX,42.4276854,-31.2213522,1.5
22267,154.847458,J024925.40-310956.8,X,42.3558612,-31.1657778,
11792,78.753765,SDSS J202816.24+001632.3,qR,307.0676739,0.2756568,0.6000000238418579
2123,16.971884,J115543.16+551911.1,R,178.9298334,55.31975,
2123,22.070599,J115547.62+551908.9,X,178.9484167,55.3191389,
2123,122.847023,SDSS J115536.73+552054.2,QX,178.9030645,55.3483941,2.0829999446868896
22270,56.06483,WISEA J071118.18+310928.7,q,107.8257845,31.158015,0.699999988079071
2125,118.441003,SDSS J011959.75+163418.3,A,19.9989689,16.5717526,0.46700000762939453
22273,122.488785,SDSS J113552.30+225906.5,Q,173.9679284,22.985163,3.3010001182556152
11795,0.028045,ESO 244-30,NRX,22.4634584,-42.3264723,0.02500000037252903
11795,167.64451,WISEA J013005.95-422012.8,qX,22.5248587,-42.3368897,1.2999999523162842
11795,169.766995,J012953.08-421646.8,X,22.471204,-42.2796716,
2129,0.113855,NGC 3798,NRX,175.0580304,24.6970604,0.012000000104308128
2129,164.163706,SDSS J114002.74+244250.3,N,175.01144,24.713978,0.1679999977350235
22277,52.570411,SDSS J141210.52+083901.9,Q,213.0438467,8.6505496,2.1700000762939453
11798,118.683513,WISEA J112035.75-055438.1,q,170.1489638,-5.9106055,0.800000011920929
22279,55.983987,SDSS J150604.29+553330.7,qX,226.5178848,55.558578,2.0999999046325684
2133,159.822308,WISEA J105429.60-210502.9,q,163.6233665,-21.0841622,0.4000000059604645
11800,84.763756,J121206.53+131522.7,X,183.0272308,13.256323,0.6000000238418579
11801,61.606497,WISEA J130039.54+290211.2,q,195.1647334,29.0364829,0.20000000298023224
2134,2.40763,NGC 452,ARX,19.0613056,31.0333056,0.017999999225139618
2134,147.317512,SDSS J011619.40+305946.7,Q,19.0808469,30.996309,1.4229999780654907
2134,152.145871,SDSS J011618.40+305936.7,QX,19.0766731,30.9935381,1.0119999647140503
2134,177.673763,SDSS J011626.59+310028.6,QX,19.1108251,31.0079467,0.8730000257492065
2136,0.092719,NGC 3884,ARX,176.5507566,20.3916435,0.023000000044703484
2136,28.654184,J114611.45+202356.6,X,176.5477223,20.3990556,
2137,92.95392,J023908.77+405232.8,X,39.7865556,40.8757778,
22287,107.560723,SDSS J022805.36-055121.7,KX,37.022366,-5.8560386,0.777999997138977
2139,32.27817,J151524.85+553032.2,X,228.8535788,55.508966,1.7000000476837158
2139,120.298078,J151518.27+553254.2,X,228.8261389,55.5483889,
2139,163.643884,SDSS J151532.23+553326.9,ARX,228.8843196,55.5574578,0.25699999928474426
2140,0.253382,NGC 5945,NX,232.4375904,42.9186561,0.017999999225139618
2140,124.460901,J152940.18+425314.5,X,232.4174397,42.8873857,0.5
11806,137.921919,J022153.06+165430.1,R,35.4710834,16.9083612,
2142,123.408248,SDSS J012407.77+125312.8,Q,21.0323403,12.8868933,1.2039999961853027
22295,158.340727,J063219.27-353651.7,X,98.0802981,-35.6143647,
11809,122.690346,WISEA J045542.88-185514.9,q,73.9286834,-18.9207316,1.2000000476837158
2147,77.065873,SDSS J122425.42+091827.6,Q,186.1059249,9.307691,2.374000072479248
2147,161.464819,SDSS J122431.39+091620.2,Q,186.1308058,9.2722681,2.635999917984009
22297,109.388564,SDSS J083418.99+515030.6,N,128.57914,51.841851,0.25099998712539673
11811,0.177839,CGCG 65-37,AR,156.7960053,10.0246351,0.03200000151991844
11811,167.165066,SDSS J102700.97+100012.0,Q,156.7540465,10.0033456,2.309999942779541
11812,163.888742,SDSS J133702.26+570813.0,Q,204.2594317,57.1369674,1.3179999589920044
22298,61.505048,LAMOSTJ094126.50+280640.7,Q,145.3604191,28.1113131,1.6799999475479126
2150,137.912783,SDSS J114402.68+600454.3,qX,176.0111965,60.0816918,1.600000023841858
2153,164.137952,J004756.99+081519.7,X,11.9874723,8.2554723,
2158,95.38247,SDSS J000426.43+051310.6,Q,1.1101011,5.2196254,0.8930000066757202
2158,101.144979,SDSS J000435.85+051053.8,Q,1.1493846,5.1816355,1.3289999961853027
22308,80.440815,SDSS J171447.83+425156.0,Q,258.6992909,42.8655497,1.5
22308,146.947421,SDSS J171446.66+424917.1,Q,258.6944255,42.8214241,2.2929999828338623
11817,143.072355,WISEA J014318.28-891742.3,q,25.8175424,-89.295084,1.7999999523162842
11817,177.478266,WISEA J015835.73-892019.8,q,29.6484489,-89.3388774,0.30000001192092896
2159,0.059063,IC 4180,N,196.735542,-23.9170278,0.009999999776482582
2161,97.87204,J141000.26+174519.6,X,212.5011112,17.7554445,
2161,110.432404,SDSS J141009.91+174519.1,QX,212.541317,17.7553154,0.8119999766349792
11819,160.062271,RXS J05439-5532,BRX,85.9883849,-55.5353679,0.27300000190734863
11821,173.811683,SDSS J092549.33+502745.5,Q,141.4555864,50.4626543,1.3020000457763672
2164,62.992802,J082025.67+210849.7,X,125.1069723,21.1471389,
2164,144.999336,SDSS J082028.06+211004.5,QX,125.1169557,21.1679384,2.818000078201294
22316,153.319677,SDSS J075844.46+073125.2,qR,119.6852975,7.5236926,0.699999988079071
11823,80.896272,WISEA J111209.62-133933.5,q,168.0400721,-13.6593019,1.7999999523162842
2169,130.060818,SDSS J150938.45+542827.7,Q,227.4102321,54.4743615,2.4100000858306885
2169,152.230484,SDSS J150940.53+542812.4,Q,227.4188883,54.4701199,2.375
11827,53.265769,J145455.79+114232.2,R,223.7324723,11.7089445,
11827,160.579652,WISEA J145507.30+114331.3,q,223.7804866,11.7252786,1.100000023841858
2172,0.186253,NGC 1266,NRX,49.0030834,-2.4273334,0.007000000216066837
2172,76.616059,J031556.30-022616.4,X,48.9846111,-2.4379043,0.5
2172,93.147812,WISEA J031601.53-022406.1,qX,49.0064049,-2.4017046,1.2000000476837158
2172,132.466575,J031558.44-022746.4,X,48.9935068,-2.4628907,0.10000000149011612
2172,167.085301,J031611.42-022450.4,X,49.0476111,-2.4140208,1.2000000476837158
2174,106.43918,NGC 6962,A,311.8294367,0.320811,0.014000000432133675
2175,119.639051,WISEA J205158.75-484544.2,q,312.9948169,-48.7622552,2.0999999046325684
22331,146.282004,J102730.10+025221.7,R,156.8754344,2.8727143,0.30000001192092896
11832,168.230174,WISEA J063632.37-445119.6,qX,99.1348787,-44.855472,1.0
2177,178.208176,WISEA J152542.61-370918.7,q,231.42768,-37.1551841,0.5
11833,69.236043,SDSS J083615.52+280445.8,Q,129.0646064,28.0794582,0.9850000143051147
11833,99.476585,SDSS J083613.23+280512.1,AR,129.055172,28.0866999,0.7419999837875366
22337,129.604966,WISEA J225233.46-131656.9,q,343.1394101,-13.2824862,0.30000001192092896
22338,103.304403,WISEA J225749.24+260806.1,q,344.4551443,26.1349964,1.399999976158142
2183,87.323927,J121234.97+290856.0,X,183.1457223,29.1488889,
2183,90.59072,SDSS J121226.79+291118.0,qRX,183.111671,29.1883521,1.399999976158142
2183,132.708203,SDSS J121230.82+290754.1,qX,183.1284441,29.1317075,0.30000001192092896
2183,165.761359,NGC 4169,NRX,183.0782223,29.1794167,0.013000000268220901
22339,142.148867,SDSS J002143.29+010840.2,Q,5.4303971,1.1445046,1.9010000228881836
11838,31.807109,PKS 1953-325,QR2,299.247736,-32.4294392,1.2419999837875366
2184,0.080383,MARK 590,ARX,33.6398379,-0.7667168,0.026000000536441803
2185,127.079766,WISEA J042808.08-475623.4,q,67.0337057,-47.9398532,0.20000000298023224
22342,48.12296,WISEA J031220.37-250823.2,q,48.0849409,-25.1397386,1.2000000476837158
11840,142.714318,WISEA J002748.70+304621.8,q,6.9530058,30.7727299,1.600000023841858
2187,121.846781,SDSS J102737.92+224945.9,Q,156.9080132,22.8294251,1.8559999465942383
2187,155.810297,SDSS J102754.05+225230.0,A,156.9752303,22.8750261,0.07800000160932541
11842,69.69315,SDSS J012123.41+070136.2,QR,20.3475572,7.0267446,1.6390000581741333
11842,167.662585,SDSS J012137.08+065934.8,Q,20.4045401,6.9930026,0.9290000200271606
22346,0.049324,CGCG 8-30,N,150.9871364,1.5123483,0.02500000037252903
22346,116.797747,2QZ J100350.2+013145,Q,150.9595214,1.5293735,1.190999984741211
2189,0.116862,FAIRALL 49,NRX,279.2426436,-59.4023024,0.01899999938905239
2191,68.259353,J160452.01+235621.5,X,241.2167223,23.9393056,
2191,70.466266,J160458.33+235451.4,X,241.2430627,23.9142823,1.2000000476837158
2191,111.698537,J160455.93+235749.4,X,241.2330556,23.9637223,
22349,8.605404,SDSS J120326.64+221237.5,qR,180.8610081,22.2104172,1.100000023841858
22349,179.517799,SDSS J120339.82+221319.8,Q,180.9159319,22.2221737,2.384000062942505
2192,130.744034,SDSS J000504.29+065304.9,Q,1.2678999,6.8846914,0.6119999885559082
2193,89.76216,J121931.32+495025.9,X,184.8805,49.8405278,
11848,96.3337,WISEA J121627.78+143124.1,q,184.1158042,14.5233844,1.2999999523162842
2194,150.934775,SDSS J135417.61-012349.0,Q,208.5733857,-1.3969591,2.6630001068115234
22353,123.669304,SDSS J124045.40+263023.9,Q,190.1891888,26.5066459,2.242000102996826
22354,95.612145,J161027.59+612113.6,R2,242.6149723,61.3537778,
22354,160.108399,WISEA J161102.04+612146.6,q,242.7585363,61.3629658,0.6000000238418579
11852,46.88193,WISEA J132315.44-322013.0,q,200.8143498,-32.3369271,0.30000001192092896
2201,100.105111,J130131.11+275424.7,X,195.3796378,27.9068843,2.4000000953674316
2201,125.708983,2E 1259+2807,AX,195.3672794,27.8518575,0.24199999868869781
2201,154.179361,J130120.56+275524.9,X,195.3356945,27.9235834,
22362,158.217963,SDSS J225607.63+052520.2,Q,344.0318087,5.4222785,3.1540000438690186
2202,173.912981,J181048.95+310443.2,X,272.7039938,31.0786789,2.5
2204,58.267974,J124627.77-404414.3,X,191.6157223,-40.7373056,
2204,157.805475,J124634.54-404713.8,X,191.6439445,-40.7871667,
22367,135.997859,WISEA J050535.78-264111.7,q,76.399086,-26.6866552,1.399999976158142
11859,141.903167,WISEA J234324.95-674228.7,q,355.8540171,-67.7081421,1.2000000476837158
11859,173.314452,WISEA J234329.30-674044.2,q,355.8719874,-67.6789992,0.800000011920929
2208,134.491952,SDSS J094212.09+044237.4,Q,145.5504197,4.7104003,0.6069999933242798
2208,175.005286,SDSS J094159.82+044038.6,QX,145.499255,4.6774152,2.2950000762939453
22369,0.079,MCG 4-20-029,NX,125.0450665,21.0689683,0.017000000923871994
22369,162.372997,SDSS J082000.97+210534.7,QX,125.0041035,21.0929317,1.843999981880188
11860,178.154822,SDSS J082919.48+313834.3,Q,127.3312014,31.6428751,0.9020000100135803
11861,120.538391,SDSS J120455.84+270121.2,qX,181.2326809,27.0225662,1.7000000476837158
11861,126.611597,SDSS J120456.54+270122.9,Q,181.2356162,27.0230735,3.2850000858306885
22373,53.025814,WISEA J133809.86+182246.4,q,204.541078,18.3795526,0.6000000238418579
22373,117.904315,SDSS J133806.35+182204.0,A,204.5264755,18.3677979,0.08799999952316284
22373,176.568001,SDSS J133821.90+182517.5,qR,204.5912794,18.4215279,1.600000023841858
22374,177.715939,WISEA J134211.77-293843.3,q,205.5490706,-29.6453626,1.2999999523162842
22375,156.607998,SDSS J143413.88+034541.3,qX,218.5578428,3.7614736,1.399999976158142
22375,163.082906,SDSS J143406.87+034728.6,qX,218.5286656,3.7912868,1.7999999523162842
2214,100.993585,SDSS J101234.74+030717.4,Q,153.1447704,3.1214919,2.1419999599456787
2214,165.678071,SDSS J101250.20+030922.3,Q,153.2091764,3.1561802,0.30799999833106995
22376,106.132872,SDSS J143515.85+052139.0,Q,218.8160613,5.3608584,2.2249999046325684
2215,73.293487,WISEA J130024.24-060654.7,q,195.1009945,-6.1152403,0.699999988079071
22377,60.061617,SDSS J162539.36+385551.7,QX,246.414017,38.9310315,1.1100000143051147
22377,156.976232,SDSS J162525.41+385401.4,QR,246.3559013,38.9004032,1.0800000429153442
22377,169.52539,SDSS J162520.12+385639.0,QX,246.3338662,38.9441618,1.3389999866485596
22377,171.639819,SDSS J162539.07+385317.5,Q,246.4128329,38.8882033,1.8359999656677246
2216,0.081901,UGC 3478,NRX,98.1965536,63.6736902,0.03999999910593033
2217,41.030408,WISEA J155411.73+143539.4,q,238.5487929,14.5942185,0.8999999761581421
22380,113.511312,J232723.23+044642.8,2,351.8468056,4.7785556,
2218,171.77216,SDSS J105446.39+542058.8,QX,163.693299,54.3496676,1.0839999914169312
11869,159.453224,J214212.99+122847.5,X,325.5541389,12.4798612,
2219,27.967742,SDSS J162300.86+375511.3,QX,245.7536208,37.9198024,1.2319999933242798
2219,123.313312,J162303.22+375723.8,X,245.7634445,37.9566112,
2219,157.619044,SDSS J162311.80+375719.8,Q,245.7991707,37.95552,0.9829999804496765
22382,173.39825,SDSS J014509.13+341713.6,Q,26.2880808,34.2871164,1.3200000524520874
11870,173.145102,LAMOSTJ221010.59+162827.8,Q,332.5441176,16.4744239,0.9559999704360962
22384,123.368917,SDSS J025751.87+054844.9,qX,44.4661364,5.812468,2.9000000953674316
22384,138.373697,WISEA J025805.76+054611.0,q,44.5239984,5.7697519,1.0
11872,155.890349,WISEA J015340.11-675521.7,q,28.4171558,-67.9226086,2.4000000953674316
11872,169.976306,WISEA J015351.62-675643.4,q,28.4648102,-67.9454159,0.800000011920929
2224,114.060415,WISEA J180142.94+194200.9,q,270.4289823,19.7002632,0.20000000298023224
2226,88.95227,WISEA J174657.44+204516.5,q,266.7393763,20.7545811,1.100000023841858
22389,149.302483,WISEA J073350.45+604933.2,q,113.460448,60.825801,0.30000001192092896
11875,57.782135,J033039.35-031026.8,X,52.6639894,-3.1741376,1.7999999523162842
11875,95.062227,MARK 612,NRX,52.6704208,-3.1377655,0.019999999552965164
22391,48.38385,SDSS J100438.66+044939.5,QX,151.1610857,4.8276663,1.5219999551773071
11877,140.914312,SDSS J091334.94+203542.0,Q,138.3956157,20.595,1.1679999828338623
11877,149.696909,SDSS J091353.10+203344.1,Q,138.4712887,20.5622698,1.805999994277954
2230,77.153751,WISEA J102740.78-395854.7,q,156.9198609,-39.981836,1.100000023841858
2230,113.338562,WISEA J102734.99-400122.4,q,156.8956485,-40.0229856,2.0999999046325684
22395,129.123384,WISEA J112056.40-053019.2,qX,170.2350077,-5.5053628,2.299999952316284
2232,0.052915,NGC 612,NRX,23.4905834,-36.49325,0.029999999329447746
2232,65.565017,J013401.51-362848.5,X,23.5063056,-36.4801389,
2232,171.046124,WISEA J013358.88-362645.0,qX,23.495448,-36.4458894,1.2999999523162842
2232,177.673631,J013344.86-363102.2,X,23.4369445,-36.5172778,
2232,178.549832,J013409.45-363124.8,X,23.5394011,-36.5235616,
22396,127.415668,2QZ J113208.0+011427,Q,173.033338,1.241193,1.9500000476837158
22397,36.722548,WISEA J132630.07-223426.4,qX,201.6252938,-22.5740246,2.0
22397,179.017273,J132618.78-223212.1,X,201.57825,-22.5366945,
2233,1.810706,NGC 810,AR,31.3686851,13.251062,0.026000000536441803
11882,132.229169,SDSS J232014.36-014918.8,Q,350.0598686,-1.8218795,0.4699999988079071
11882,139.771461,SDSS J232016.27-014923.8,qR,350.0678133,-1.823284,0.4000000059604645
11882,174.204226,SDSS J232002.34-014936.1,Q,350.0097683,-1.8267089,1.2899999618530273
2234,0.238852,IC 3639,ARX,190.220149,-36.7558462,0.010999999940395355
2234,110.231605,J124043.76-364535.5,X,190.1823405,-36.7598714,
11883,55.678672,J234720.08-022100.4,X,356.8336819,-2.350132,0.30000001192092896
11883,104.521744,J234720.82-022239.1,X,356.8367705,-2.3775414,2.5999999046325684
11883,137.788857,J234725.80-021850.0,X,356.8575116,-2.313915,1.399999976158142
11883,149.534897,J234714.44-022012.3,X,356.8101667,-2.33675,
11884,43.444716,WISEA J012659.53+390028.6,q,21.7480426,39.0079639,0.800000011920929
22402,145.205467,SDSS J162303.22+404909.1,Q,245.7634284,40.8192007,1.4190000295639038
22402,156.565342,WISEA J162316.37+404941.4,qR,245.8182498,40.8281795,0.30000001192092896
2238,176.466121,ESO 386-34,N,224.0351254,-37.6478612,0.024000000208616257
22403,41.967594,WISEA J174653.42+591138.5,q,266.7228348,59.1940949,2.299999952316284
22403,141.710019,WISEA J174651.53+590956.8,q,266.7147278,59.1657887,0.699999988079071
22405,111.318475,WISEA J215005.81+304750.5,q,327.5242513,30.7973632,0.5
2241,128.25979,WISEA J063548.30+830009.2,q,98.9512696,83.002568,0.6000000238418579
11888,160.574365,SDSS J111954.46+671228.4,Q,169.9769196,67.2079193,2.5220000743865967
2244,137.700044,SDSS J151121.25+460713.6,QX,227.8385897,46.1204762,1.3370000123977661
2246,83.696943,SDSS J121511.15+130131.8,Q,183.796511,13.0255426,2.305999994277954
22412,83.113005,SDSS J081458.36+253621.3,Q,123.7432051,25.6059169,0.847000002861023
22413,0.259727,MCG 10-12-115,N,124.0621118,57.7093292,0.026000000536441803
22413,61.303064,SDSS J081608.20+574302.7,Q,124.034209,57.717459,1.128000020980835
22413,178.336025,SDSS J081632.24+574425.2,Q,124.1343624,57.740358,1.6770000457763672
2247,85.128257,PKS 0241+011,QRX,40.91477,1.3526341,1.399999976158142
2247,93.123671,J024341.89+012102.0,X,40.9245773,1.3505756,
2247,106.067063,SDSS J024338.05+012412.0,qX,40.9085454,1.4033558,2.200000047683716
2247,106.444259,NGC 1073 U1,QX,40.8897578,1.372666,1.940999984741211
2247,121.433317,NGC 1073 U2,QX,40.8892471,1.3602642,0.5979999899864197
2247,152.171101,SDSS J024332.54+012405.8,qX,40.8856173,1.4016048,2.0
2248,53.139323,J055303.76-175226.6,X,88.2656945,-17.8740556,
11892,98.440514,SDSS J011525.11-005235.9,Q,18.854631,-0.876642,0.5019999742507935
11892,152.506979,SDSS J011522.11-005306.0,Q,18.8421596,-0.8850172,2.2850000858306885
11892,163.412853,SDSS J011533.19-004900.7,Q,18.8882922,-0.8168871,3.2860000133514404
11892,175.53567,SDSS J011522.03-004937.3,QX,18.8417938,-0.8270489,1.2769999504089355
2250,143.084422,J033656.72-344549.3,X,54.2363612,-34.7636945,
2250,156.875909,J033642.04-344644.4,X,54.1751945,-34.779,
2251,50.021785,SDSS J075913.73+325403.8,QX,119.8073103,32.9010912,1.5670000314712524
2251,143.543535,WISEA J075904.80+325631.9,qX,119.7700097,32.9422256,0.30000001192092896
11895,167.468137,WISEA J051252.02-414049.0,q,78.2167383,-41.680419,1.100000023841858
11895,179.903849,WISEA J051235.14-413751.6,qR,78.1463603,-41.6308515,2.299999952316284
2252,99.959563,SDSS J022129.78-053121.1,qX,35.3740883,-5.5225387,0.800000011920929
2252,107.035074,J022142.92-053203.7,X,35.4288334,-5.5343612,
2252,139.037511,SDSS J022141.95-053309.3,qX,35.424824,-5.5525846,1.003000020980835
2253,0.174549,NGC 2410,ARX,113.7594602,32.8221261,0.014999999664723873
11897,176.117205,WISEA J094648.00-144910.1,q,146.7000396,-14.8194964,1.899999976158142
2255,178.691923,SDSS J122403.62+083053.1,Q,186.0150896,8.5147705,2.3499999046325684
22424,87.629468,SDSS J005857.63-084727.8,Q,14.740151,-8.791064,1.315000057220459
22425,138.887532,LAMOSTJ012338.35+343541.3,Q,20.9098484,34.5948235,2.244999885559082
2258,172.054931,WISEA J155032.14-073334.1,q,237.6341284,-7.5594124,1.2000000476837158
2260,55.02348,WISEA J104601.19+732149.3,q,161.5049515,73.3637295,0.20000000298023224
22432,130.980422,SDSS J080743.19+054555.3,Q,121.9299871,5.7653973,2.255000114440918
2264,175.683848,WISEA J133220.57-084450.4,q,203.0857145,-8.747389,1.7999999523162842
22433,123.858053,J093121.59+523648.2,R,142.8399723,52.6133889,
11906,129.081749,WISEA J173138.31-021535.1,q,262.9094283,-2.2597837,1.600000023841858
22434,142.249232,SDSS J095636.82+472453.0,N,149.15345,47.414744,0.5490000247955322
22435,166.027462,WISEA J125634.37-141138.5,q,194.1432922,-14.1940597,1.899999976158142
11908,0.136171,IRAS 00160-0719,NR,4.6496,-7.0488365,0.017999999225139618
22437,153.556204,WISEA J160237.77+662705.0,qX,240.6574797,66.4514182,2.0
22437,154.482364,J160221.66+662809.7,X,240.5902759,66.4693685,0.20000000298023224
22438,41.114186,J163617.40+661344.7,X,249.0725319,66.2291035,0.30000001192092896
22438,101.439558,A2218-3,QX,249.1285278,66.2515278,0.18199999630451202
22438,102.533996,J163559.49+661350.4,X,248.9978872,66.2306878,1.399999976158142
22438,177.445982,J163554.92+661217.7,X,248.9788661,66.2049396,0.800000011920929
22439,172.833313,SDSS J171704.06+313624.7,Q,259.2669192,31.6068752,0.6819999814033508
22439,178.099821,SDSS J171644.14+313236.8,Q,259.1839699,31.5435729,1.7879999876022339
2272,0.332362,NGC 7591,NRX,349.5677847,6.5858642,0.017000000923871994
2272,149.563868,J231818.13+063735.8,X,349.5755606,6.6266215,
22442,132.231349,SDSS J004058.55+024907.6,Q,10.2440191,2.8188194,2.5889999866485596
22442,142.750097,SDSS J004101.12+025047.4,Q,10.2547,2.846548,0.7400000095367432
2274,89.118652,J043340.45-131703.6,X,68.4185556,-13.2843334,
2274,156.456696,J043343.32-131328.6,X,68.4305,-13.2246112,
22443,0.202576,MCG 9-13-070,A,117.6206112,55.4838612,0.01899999938905239
22444,0.254729,PGC 139495,NRX,165.360254,9.7888994,0.027000000700354576
11916,158.474307,SDSS J085446.94+201034.2,qX,133.6955904,20.1761832,
11916,158.788757,SDSS J085444.12+201546.0,QX,133.683895,20.2627677,2.683000087738037
22445,0.262034,MCG 0-29-027,AR,171.0360099,-1.157763,0.028999999165534973
2278,72.190498,WISEA J070230.53+503418.3,qX,105.6272254,50.5716857,0.4000000059604645
22447,53.233205,J125947.74+275917.3,X,194.9489167,27.9881389,
22447,55.412375,J125944.38+275740.3,X,194.9349445,27.9611945,
22447,73.437231,J125949.03+275718.3,X,194.9543194,27.9550913,0.5
22447,76.239068,SDSS J125948.05+275939.9,qX,194.950217,27.9944323,1.7000000476837158
22447,83.056335,J125944.60+275943.3,X,194.9358334,27.9953612,
22447,122.207539,J125939.08+275932.4,X,194.9128334,27.9923334,
2279,71.997704,J105443.59+173715.1,X,163.6816389,17.6208612,
2279,90.286245,J105444.61+173606.6,X,163.6858889,17.6018334,
2279,127.125791,J105456.88+173628.9,X,163.737,17.6080278,
2279,143.980515,SDSS J105455.64+173533.0,QX,163.7318481,17.5924942,2.010999917984009
11919,78.30352,WISEA J123546.13-130558.8,q,188.9422551,-13.0996757,1.0
11922,139.340947,WISEA J164919.83-694825.6,q,252.3328187,-69.8071817,1.5
2283,0.825353,MCG -06.30.015,ARX,203.9740363,-34.2955943,0.00800000037997961
2283,65.990408,J133558.80-341808.0,X,203.995,-34.3022223,
2283,145.349669,J133542.28-341810.9,X,203.9261667,-34.3030278,
22453,113.759511,WISEA J220153.50-544740.0,qX,330.4729912,-54.7943958,1.100000023841858
22453,139.51388,J220147.32-544341.2,X,330.4471945,-54.7281112,
22455,87.270538,SDSS J225907.72+133710.1,Q,344.7821729,13.6194934,3.3929998874664307
2285,72.025984,WISEA J125659.11-414842.2,qR,194.2463246,-41.8116938,0.8999999761581421
11925,131.918617,WISEA J021912.13-124905.5,q,34.8005181,-12.8182388,1.7999999523162842
2286,150.052967,SDSS J142206.55+503138.8,Q,215.5273199,50.5274717,2.052999973297119
22457,154.64647,SDSS J234605.14+055338.6,Q,356.5214384,5.8940591,1.4019999504089355
22458,78.108879,SDSS J001819.02+300339.4,qX,4.5792598,30.0609593,1.600000023841858
22458,93.274873,NGC 71,NX,4.598,30.0634445,0.02199999988079071
11931,0.025087,FAIRALL 265,AX,104.1241365,-65.5604814,0.028999999165534973
22464,0.399993,UGC 4205,N,121.2928902,47.0512831,0.023000000044703484
22466,174.661206,WISEA J115654.62-322416.0,q,179.2276345,-32.4045352,1.7000000476837158
2296,32.624891,J104826.10+123140.6,X,162.1087658,12.5279474,2.4000000953674316
2296,101.879758,J104822.84+123309.0,X,162.0951945,12.5525,
2296,151.598026,NGC 3384 UB1,QX,162.1248183,12.5744533,0.44200000166893005
22467,43.452405,WISEA J120727.91-270516.7,q,181.8662932,-27.0879544,0.8999999761581421
22467,89.232698,WISEA J120728.35-270310.1,qR,181.8681351,-27.0528041,0.30000001192092896
11933,0.124233,CGCG 36-19,NR,150.2385403,3.1418134,0.028999999165534973
11933,164.125672,SDSS J100107.37+030933.1,Q,150.2807168,3.1592213,2.384999990463257
2297,0.264744,NGC 5957,N,233.8467371,12.0475803,0.006000000052154064
2297,156.828229,SDSS J153514.39+120419.6,Q,233.8100075,12.0720996,2.4140000343322754
2298,36.4778,J192818.87-293117.3,2,292.0786586,-29.5214851,1.100000023841858
22469,131.338777,SDSS J130444.11+534739.2,QX,196.1838613,53.7942333,0.5849999785423279
11935,103.271698,SDSS J111232.56+231817.4,Q,168.135671,23.3048172,2.365000009536743
11936,175.959249,WISEA J114243.48-165005.4,q,175.6810641,-16.8347935,1.2000000476837158
2300,108.664408,SDSS J075923.32+270027.8,Q,119.84717,27.007735,0.32100000977516174
2301,30.541469,SDSS J121406.20+543143.1,QX,183.5258202,54.5286478,1.1260000467300415
2301,39.944866,J121409.72+543215.8,X,183.5405,54.5377223,
2301,44.785367,J121414.74+543137.4,X,183.5614445,54.5270556,
2301,69.922951,SDSS J121415.30+543046.3,qX,183.5636497,54.5128769,2.4000000953674316
2301,81.666856,SDSS J121400.49+543155.3,QX,183.50206,54.5320524,1.0049999952316284
2301,170.398277,SDSS J121406.92+543424.6,qX,183.52887,54.573519,1.465000033378601
11938,133.086502,WISEA J132032.12-165437.9,q,200.1338357,-16.9105568,1.0
22475,142.028304,WISEA J020656.09-604150.5,q,31.7337364,-60.6973751,1.2000000476837158
2302,175.754346,J131606.81-281718.5,R2,199.0283889,-28.2884723,
11939,144.476172,J154745.35-073257.2,R,236.9389875,-7.5492252,1.7000000476837158
2303,129.602237,SDSS J140632.70+504444.6,Q,211.6362795,50.745728,1.7480000257492065
22478,161.505427,LAMOSTJ041955.51-005801.2,A,64.9813328,-0.9670112,0.14399999380111694
11941,85.132326,WISEA J211735.73+152848.2,q,319.3988466,15.4801597,1.7000000476837158
2305,57.481166,2SLAQ J225723.34-010301.4,Q,344.3473,-1.050389,0.5139999985694885
2305,126.308343,SDSS J225713.68-010427.3,Q,344.3070256,-1.0742604,1.8860000371932983
22480,123.42306,SDSS J085424.27+201532.3,qX,133.6011277,20.2589933,1.600000023841858
22480,128.500618,J085424.91+201120.7,X,133.6038166,20.1890881,0.5
22480,165.626121,J085435.38+201425.8,X,133.6474445,20.2405,
2307,0.03342,NGC 3660,ARX,170.8844965,-8.6585433,0.010999999940395355
2307,96.848042,J112338.63-083908.5,RX,170.9109723,-8.6523612,
22483,0.266718,MCG 2-30-017,NRX,175.5702955,14.0666009,0.020999999716877937
22485,177.41811,SDSS J214345.40-002150.6,Q,325.9391785,-0.3640707,2.617000102996826
11947,109.925133,LAMOSTJ140434.65+153010.0,Q,211.1444325,15.5028068,0.5899999737739563
11947,127.938678,SDSS J140433.82+153025.9,Q,211.1409481,15.50721,0.8410000205039978
11948,0.253427,UGC 9222,N,215.943,34.0170021,0.012000000104308128
11948,174.527092,SDSS J142332.30+340054.6,A,215.88459,34.015188,0.12300000339746475
22488,98.764765,WISEA J014433.90-415012.1,q,26.1413352,-41.8367062,0.8999999761581421
11949,158.781449,WISEA J154736.09+682409.8,q,236.9004173,68.4027469,0.20000000298023224
11951,145.064471,J002045.75+215104.0,X,5.1906663,21.8511288,2.0
2316,79.429407,J140326.39-060524.8,X,210.8599723,-6.0902223,
2316,139.201454,NGC 5427,NR,210.8585035,-6.0307467,0.008999999612569809
22493,106.740106,SDSS J085457.11+574139.4,Q,133.7379519,57.6942989,1.5080000162124634
2318,100.983339,SDSS J011306.66-001511.9,AX,18.2777674,-0.2533198,0.4410000145435333
2318,168.000505,SDSS J011309.30-001336.7,Q,18.2887692,-0.2268713,1.187999963760376
2319,89.62933,WISEA J085242.77-023517.3,q,133.1782751,-2.5881032,1.5
11953,128.596771,WISEA J051113.52-010557.3,q,77.8063435,-1.0992401,1.7000000476837158
22496,0.098729,UGC 8399,NR,200.4393784,31.2372347,0.024000000208616257
22496,82.216737,SDSS J132147.28+311532.8,Q,200.4470195,31.2591218,2.3589999675750732
22496,93.147824,SDSS J132152.31+311444.8,A,200.46797,31.245787,0.42100000381469727
2320,0.131416,IC 4374,BRX,211.874011,-27.0178588,0.02199999988079071
2320,132.027223,J140724.32-270254.4,X,211.8513336,-27.048457,0.10000000149011612
2320,141.084798,J140723.88-265907.2,X,211.8495027,-26.9853506,0.5
2320,143.597865,J140720.06-270206.0,X,211.8336112,-27.035,
11955,0.291092,MCG 6-25-006,AR,166.9981443,36.8722882,0.027000000700354576
22498,149.88504,SDSS J135314.65+002420.5,Q,208.3110739,0.4056547,2.6530001163482666
2322,101.253402,SDSS J113653.45+582346.7,Q,174.2227254,58.3963316,1.031000018119812
11956,141.370573,WISEA J115915.20-064434.7,q,179.8132782,-6.7428156,1.7999999523162842
2323,103.255068,WISEA J235325.59+075121.3,q,358.3566336,7.8559051,0.800000011920929
22500,174.65015,SDSS J170440.34+403032.9,Q,256.1681119,40.5091556,2.88700008392334
11957,79.298881,WISEA J130443.97-415017.6,q,196.1832106,-41.8382645,0.8999999761581421
2324,132.111035,WISEA J021638.22-111916.5,q,34.1597511,-11.3211705,1.7000000476837158
11958,146.141319,SDSS J161025.13+572837.2,Q,242.6046935,57.4770188,1.9079999923706055
2325,91.2962,WISEA J032608.89-173543.5,q,51.537065,-17.5954083,1.100000023841858
2326,126.82535,J000929.84-321820.9,X,2.374345,-32.3058115,
2326,129.120178,J000927.44-321518.4,X,2.3643612,-32.2551112,
2326,130.480012,J000931.44-321437.0,X,2.3810278,-32.2436112,
2326,137.803374,J000935.71-321854.4,X,2.398823,-32.3151337,
11961,71.706079,WISEA J202352.76-503757.8,q,305.9697938,-50.6327733,1.2000000476837158
22508,171.061097,WISEA J073724.56+193812.3,qX,114.3524107,19.6367691,2.4000000953674316
2327,129.59477,WISEA J031821.87-273507.1,q,49.5912213,-27.5852972,0.800000011920929
11963,74.927963,WISEA J023855.44+412656.6,q,39.7311607,41.4491422,1.399999976158142
2329,96.241604,SDSS J163424.64+213051.5,Q,248.6026857,21.5143323,1.4329999685287476
2329,154.816873,SDSS J163421.48+213002.7,Q,248.5894994,21.5007554,2.244999885559082
22511,163.473511,SDSS J104859.09+065647.0,qX,162.2462365,6.946408,1.0
22513,172.838657,SDSS J131222.36+534344.8,QR2,198.0931811,53.7290563,0.6380000114440918
11966,66.900124,SDSS J112046.23+321824.4,N,170.1926383,32.306809,0.12800000607967377
22514,45.586851,SDSS J162645.42+404148.4,QX,246.6892834,40.6967973,1.3880000114440918
22514,77.703538,SDSS J162651.95+404104.7,Q,246.7164866,40.6846502,0.890999972820282
11967,170.364573,SDSS J113715.77+550826.2,Q,174.3157096,55.1406178,0.6439999938011169
22515,90.192319,SDSS J170924.79+342539.2,QX,257.3533045,34.4275654,1.6519999504089355
22515,101.331676,J170929.84+342359.7,X,257.3743334,34.3999167,
22515,103.279178,SDSS J170928.55+342403.6,QX,257.3689496,34.4009984,1.5440000295639038
22515,154.017416,SDSS J170931.47+342811.0,qX,257.3811646,34.4697227,0.5
11968,178.448805,2QZ J115414.2+000515,K,178.5593242,0.0877479,0.36899998784065247
22516,55.813726,J171409.88+575847.2,X,258.5411945,57.9797778,
22516,74.14926,SBS 1713+580,AX,258.5484367,57.9761088,0.09300000220537186
22516,155.264476,SDSS J171413.39+575711.0,Q,258.5557835,57.9530645,1.253000020980835
22518,135.953285,WISEA J204417.27-304419.6,q,311.0719722,-30.7387861,0.20000000298023224
2337,0.192115,IC 719,AR,175.0771089,9.0098827,0.006000000052154064
2337,172.955709,SDSS J114018.51+085742.5,Q,175.0771319,8.9618168,1.9579999446868896
2338,98.331871,2QZ J120453.3-022420,N,181.2223334,-2.4055556,0.18199999630451202
2339,163.530237,SDSS J122124.36+043351.0,Q,185.3515139,4.5642008,3.11899995803833
22523,168.342695,SDSS J011133.25+351442.6,Q,17.8885704,35.2451689,1.3910000324249268
22524,150.276889,WISEA J023844.16+845043.1,q,39.6846153,84.8452073,2.700000047683716
2343,103.515874,J130743.54-192527.6,X,196.9314445,-19.4243334,
22525,156.769041,IC 1867,NRX,43.9676389,9.3117223,0.026000000536441803
22525,171.59473,J025553.64+091940.2,X,43.9735211,9.3278595,1.2999999523162842
2344,171.270177,WISEA J223718.28+103059.0,q,339.3261715,10.5164157,0.6000000238418579
11977,162.777057,SDSS J210605.22+074152.0,Q,316.5217747,7.6977831,1.9459999799728394
2345,128.371902,WISEA J234619.48-751834.6,q,356.5812253,-75.3096197,0.30000001192092896
22527,164.526116,WISEA J051729.51+051908.4,q,79.3730699,5.3191132,1.5
2346,121.579052,SDSS J003752.98+083946.1,QR,9.4707587,8.6628113,2.684000015258789
11980,139.034585,SDSS J083920.06+533520.8,Q,129.8336093,53.5891037,3.0789999961853027
2347,163.564561,SDSS J143011.88+361956.7,Q,217.5495072,36.3324258,1.5149999856948853
2350,0.17878,NGC 3862,ARX,176.2708711,19.6063189,0.02199999988079071
2350,175.639434,WISEA J114503.46+193328.3,q,176.2644276,19.5579356,1.7999999523162842
11983,109.747422,LAMOSTJ133307.61+343150.2,Q,203.2817377,34.5306067,2.2309999465942383
11983,156.378665,LAMOSTJ133322.13+343432.3,Q,203.3422082,34.5756303,1.2039999961853027
2351,102.07828,WISEA J232148.53+085254.9,q,350.4522601,8.8819222,1.0
11985,124.626142,SDSS J163805.69+415742.8,Q,249.5237329,41.9619183,2.815999984741211
11985,178.305702,SDSS J163759.23+415512.3,Q,249.4968263,41.9200889,1.7100000381469727
22536,0.20358,MCG -2-02-035,N,7.7240423,-9.2078395,0.019999999552965164
22537,156.458468,SDSS J010725.81+242854.0,Q,16.8575544,24.4817291,0.9490000009536743
2358,135.162841,Q 1307-1618,Q,197.4166166,-16.5683488,0.6880000233650208
2359,132.367533,SDSS J015854.42+245153.7,QX,29.7268101,24.8649131,2.121000051498413
22543,111.871355,SDSS J083634.24+103943.6,Q,129.1427004,10.6621434,2.5869998931884766
11990,109.840458,SDSS J233648.31+262900.8,QR,354.2012994,26.4835633,1.7239999771118164
2360,103.612624,SDSS J082400.30+210319.7,Q,126.0012663,21.0554821,1.6059999465942383
22544,102.617625,WISEA J124859.59-281225.7,q,192.2483616,-28.207107,0.30000001192092896
22545,76.724259,2SLAQ J135902.93+001314.6,N,209.7621924,0.2207171,0.032999999821186066
2362,81.214726,J100131.20+154640.2,X,150.38,15.7778334,
2362,109.568314,J100126.92+154800.5,X,150.3621998,15.8001587,0.30000001192092896
11993,175.050926,WISEA J031959.81-510344.7,q,49.9992212,-51.0624225,2.0
22548,141.427482,CGCG 166-5,NR,232.5673045,27.0975022,0.032999999821186066
22549,158.819068,WISEA J160500.64+492654.7,q,241.2526786,49.4485291,1.2999999523162842
2364,0.208164,NGC 2619,AR,129.3862284,28.7051994,0.012000000104308128
11996,178.341066,SDSS J113636.33+362731.8,Q,174.151382,36.4588356,2.1500000953674316
2365,0.491319,NGC 4581,N,189.5215428,1.4777499,0.006000000052154064
2365,101.653845,2QZ J123809.2+012718,Q,189.5385472,1.455373,1.5269999504089355
2365,159.85209,2QZ J123815.0+012940,Q,189.5625297,1.4947394,0.7730000019073486
22552,168.1903,SDSS J005450.72+305028.7,Q,13.7113323,30.841304,2.177000045776367
22553,77.889417,WISEA J014950.36+433036.3,q,27.4598424,43.5101093,2.4000000953674316
2367,49.435725,J103737.32-273628.1,X,159.4055,-27.6078121,1.2000000476837158
2367,114.350632,J103729.20-273616.8,X,159.3716667,-27.6046667,
2370,133.788996,WISEA J071849.56-625817.9,q,109.7065314,-62.9716575,0.8999999761581421
2371,170.146854,WISEA J141751.27-072416.9,q,214.4636496,-7.4046286,2.299999952316284
12001,71.349568,WISEA J015817.71-393324.7,qR,29.5738325,-39.556915,0.10000000149011612
2372,95.960151,WISEA J144504.44-135519.2,q,221.2684497,-13.9220335,0.800000011920929
12005,59.004125,SDSS J074026.48+204106.8,Q,115.1103377,20.6852369,1.6720000505447388
12005,128.129268,SDSS J074031.72+204357.9,Q,115.1321836,20.7327728,1.7630000114440918
22563,124.070796,J180938.04+582126.2,R,272.4085,58.3572778,
22563,172.244812,WISEA J180950.69+581951.4,q,272.4612453,58.3309499,1.100000023841858
12007,0.288682,MCG 7-22-039,AR,160.0024195,39.1222103,0.03099999949336052
2379,45.74143,SDSS J015257.19+124202.6,Q,28.2383193,12.7007318,3.48799991607666
2379,111.073498,SDSS J015253.22+124329.0,QR,28.221775,12.7247392,2.4760000705718994
22568,88.837297,SDSS J082904.51+553110.2,Q,127.2688153,55.5195214,1.3890000581741333
22568,101.281078,SDSS J082918.32+553259.0,Q,127.3263031,55.5497476,1.777999997138977
2380,134.665426,J023148.40-443000.6,X,37.9517001,-44.5001769,
12009,94.59728,J131829.64+043010.1,R,199.6235389,4.5028065,0.10000000149011612
22569,165.274946,SDSS J100517.61+053655.6,Q,151.3233958,5.6154525,2.183000087738037
22570,96.884294,J102645.57-031556.8,X,156.6899064,-3.2657804,
2384,78.053454,WISEA J145632.04+494154.3,qX,224.1335502,49.698393,0.20000000298023224
2384,179.769972,SDSS J145632.10+493904.1,qX,224.1338142,49.6511347,2.5
22572,123.704003,J164218.57+250651.2,X,250.5773889,25.1142223,
22572,165.075107,SDSS J164214.37+250654.5,qX,250.5599107,25.1151537,1.2999999523162842
22572,167.462454,J164213.88+250329.0,X,250.5578334,25.0580556,
12015,25.343296,J002123.77+223037.0,RX,5.349066,22.5102909,1.399999976158142
12015,40.775119,J002124.29+223005.4,X,5.3512223,22.5015,
12015,66.15022,SDSS J002120.81+223048.0,Q,5.3367176,22.5133401,1.8639999628067017
22575,155.909475,SDSS J223517.88+194033.2,Q,338.8245247,19.6759035,1.2309999465942383
2388,115.970124,LAMOSTJ081129.15+033647.1,QR,122.8714683,3.613088,0.4350000023841858
12016,175.251177,SDSS J005406.59+244742.5,Q,13.5274669,24.7951478,1.996000051498413
22576,164.433744,SDSS J230237.58+323317.5,Q,345.6566235,32.5548792,0.9480000138282776
22576,167.857341,SDSS J230240.48+323154.2,qX,345.6686751,32.5317306,1.0
2389,0.052302,ESO 386-34,N,224.0351254,-37.6478612,0.024000000208616257
22580,76.871079,SDSS J005737.44-050117.3,Q,14.4060438,-5.0214785,2.9830000400543213
22581,56.888224,SDSS J013502.30+335543.9,Q,23.759584,33.9288905,2.315000057220459
22581,174.29685,WISEA J013502.92+335808.1,q,23.7621981,33.9689296,0.10000000149011612
12018,125.057475,WISEA J100132.55+705735.5,qX,150.3856579,70.9598618,0.8999999761581421
2396,3.497635,NGC 5211,A,203.2718612,-1.0366667,0.012000000104308128
12021,0.245846,UGC 6100,ARX,165.3915233,45.6538723,0.028999999165534973
22586,174.907374,SDSS J073551.79+180536.9,Q,113.9658044,18.0936045,2.486999988555908
22588,51.708791,SDSS J094706.56+423201.1,qX,146.7773936,42.5336547,2.0999999046325684
2403,161.754173,WISEA J175155.46+243053.7,q,267.9810028,24.5149497,0.8999999761581421
22590,80.171991,PGC 2206105,NR,201.1511298,42.7839529,0.06700000166893005
22592,122.779435,SDSS J153547.97+123631.8,Q,233.949878,12.6088471,2.502000093460083
22592,160.254202,WISEA J153543.96+123850.0,q,233.9331538,12.6472469,1.0
22596,121.037281,SDSS J012337.32-003207.2,QX,20.9055145,-0.5353594,1.9950000047683716
12030,139.61991,SDSS J123205.55+101601.7,N,188.02315,10.26716,0.3659999966621399
12030,163.43739,J123220.59+101719.2,X,188.0857947,10.2886693,
12032,84.331351,J135358.32+401517.8,X,208.4930278,40.2549445,
12032,127.139651,SDSS J135410.00+401742.8,QX,208.5417178,40.2952508,1.0099999904632568
12032,140.126505,SDSS J135402.19+401419.9,QX,208.5091538,40.238886,1.5069999694824219
22599,166.446232,WISEA J024728.65-775700.2,q,41.8692443,-77.9500863,0.8999999761581421
2411,148.767088,WISEA J045925.20-001628.4,q,74.8554763,-0.2745403,0.4000000059604645
2411,179.60171,SDSS J045937.54-001831.6,qX,74.9064492,-0.3088,1.7999999523162842
22600,133.181411,J030320.49+162806.2,X,45.8353773,16.4684158,1.5
22600,138.367486,J030307.32+162455.8,X,45.7805278,16.4155,
22601,40.739901,WISEA J031713.07+033535.0,q,49.3044921,3.5930046,1.899999976158142
22601,97.781186,WISEA J031721.17+033434.2,q,49.3381793,3.5763425,1.7000000476837158
2413,80.755509,J135453.67+051922.2,X,208.723628,5.3228583,2.0
2413,172.430155,J135454.76+051717.5,X,208.7281667,5.2881945,
2414,167.810235,WISEA J061008.48-623224.5,q,92.5353459,-62.5401651,0.30000001192092896
12037,54.939938,SDSS J225012.95+312333.6,Q,342.5539557,31.3926842,1.753000020980835
22606,43.625754,SDSS J091622.87+413257.3,Q,139.0952952,41.549255,2.252000093460083
22606,96.571315,SDSS J091624.09+413417.6,Q,139.1003841,41.5715628,0.9789999723434448
12038,76.164458,WISEA J021931.36-225044.5,q,34.8806762,-22.8456575,0.20000000298023224
22609,133.007086,SDSS J132305.96+135847.4,Q,200.7748602,13.9798541,2.6110000610351562
22609,153.565649,SDSS J132310.54+135621.8,qR,200.7939361,13.9393988,1.5
22609,176.98529,SDSS J132304.92+135418.2,Q,200.7705113,13.905066,4.561999797821045
2419,100.324028,J225723.87-410255.3,X,344.3494673,-41.0487126,
12040,35.887555,WISEA J064914.52-644021.3,q,102.3105829,-64.6726185,1.399999976158142
22610,25.516742,SDSS J134528.74+034719.6,QR,206.3697663,3.7888017,0.828000009059906
12041,0.189159,NGC 3902,NR,177.3281603,26.1215981,0.012000000104308128
22611,0.745949,UGC 9826,ARX,230.3872778,39.2009445,0.028999999165534973
22611,79.517514,WISEA J152132.46+391043.4,q,230.3853008,39.1787201,1.899999976158142
22611,105.534057,WISEA J152141.52+391237.9,qX,230.4230475,39.2105007,2.299999952316284
12042,137.40555,SDSS J120239.20+410101.0,Q,180.6633462,41.0169573,1.0110000371932983
12042,139.620713,SDSS J120241.89+410521.0,Q,180.674583,41.0891774,2.138000011444092
12042,160.329479,SDSS J120239.69+410551.5,Q,180.6653862,41.0976448,1.3960000276565552
2422,76.994328,J071736.07+232201.0,X,109.4003056,23.3669445,
22614,166.783216,SDSS J222258.22+294549.1,Q,335.7425985,29.7636411,2.319999933242798
12044,39.922537,J123608.93+191959.7,X,189.0372223,19.33325,
12044,75.564063,SDSS J123602.97+191940.3,QX,189.01238,19.327883,1.2239999771118164
12044,119.129177,SDSS J123616.30+191852.4,QX,189.0679275,19.3145789,2.3389999866485596
12044,134.831267,J123605.32+191712.5,X,189.0221919,19.2868269,0.5
2425,143.806679,J070846.18+613515.5,X,107.1924445,61.5876389,
2425,179.455256,WISEA J070845.21+613402.4,q,107.1885447,61.5672246,2.200000047683716
12045,142.731824,LAMOSTJ125156.69+161437.0,Q,192.9862327,16.2436267,1.850000023841858
22617,18.2964,WISEA J234518.50-035001.2,q,356.3271739,-3.8337259,0.30000001192092896
22618,101.313523,SDSS J010258.27-010512.1,Q,15.7428306,-1.0867099,1.7489999532699585
22618,142.567399,SDSS J010255.58-010828.7,Q,15.7316179,-1.1413157,1.0509999990463257
12048,66.820601,SDSS J144712.80+133939.3,N,221.80336,13.660919,0.03200000151991844
12048,82.079549,J144713.77+133848.5,R,221.8073889,13.6468056,
2431,107.332803,SDSS J082312.55+223806.6,QX,125.8023101,22.6351893,2.1470000743865967
2431,151.068473,SDSS J082316.57+224204.6,QRX,125.8190779,22.7012928,3.2049999237060547
22622,153.93642,WISEA J035623.34-150539.6,q,59.0972854,-15.0943639,1.2999999523162842
12051,42.642927,SDSS J222751.22+290627.1,Q,336.9634321,29.107531,2.428999900817871
12051,159.588346,SDSS J222802.61+290603.9,Q,337.0108754,29.1010788,2.1029999256134033
22623,101.608679,UGC 6135,NRX,166.1539734,45.1251921,0.02199999988079071
22623,109.40503,SDSS J110426.14+450554.4,QRX,166.1089151,45.0984347,2.4100000858306885
2433,94.670235,SDSS J012754.16-015317.9,A,21.975688,-1.8883304,0.41600000858306885
22624,0.06439,CGCG 242-28,NRX,170.7555174,47.0524391,0.02500000037252903
22624,114.200144,J112307.43+470133.1,X,170.7809723,47.0258612,
22625,112.996761,Q J11429+1940,QX,175.7341655,19.6706553,1.1629999876022339
2437,0.356145,NGC 6521,ARX,268.9518076,62.6122578,0.027000000700354576
22626,154.533573,2QZ J115736.0-011250,K,179.4001667,-1.2138612,0.3779999911785126
22626,179.204009,2QZ J115740.2-011304,Q,179.4175912,-1.2176164,1.7519999742507935
12057,147.83417,J120511.11+381146.2,R,181.2963023,38.1961855,0.5
12057,151.534094,PGC 2121792,N,181.2593156,38.2454161,0.024000000208616257
12058,127.697462,J140444.74-154654.3,R,211.186442,-15.7817559,1.2000000476837158
22631,158.440824,SDSS J211612.42+033125.2,Q,319.0517522,3.5236885,1.2740000486373901
22631,178.106759,SDSS J211630.09+033009.1,Q,319.1253991,3.5025521,0.7329999804496765
22632,151.051644,SDSS J215540.60-025003.9,Q,328.9191678,-2.8344205,2.703000068664551
12059,108.447081,SDSS J162828.59+384800.6,Q,247.1191655,38.8001616,2.190999984741211
12062,76.987101,LAMOSTJ011619.78+390259.1,Q,19.0824334,39.049812,2.2079999446868896
2446,166.29162,WISEA J105418.64+733912.2,q,163.5775217,73.6534722,1.100000023841858
22636,170.008504,SDSS J003856.37+055926.8,Q,9.7349095,5.9907953,0.5099999904632568
12065,85.56279,J053758.37-022513.3,X,84.4932435,-2.4203801,1.2000000476837158
12065,149.601418,WISEA J053808.18-022224.0,q,84.5341257,-2.3733727,1.7000000476837158
12066,143.64421,WISEA J103151.06-350137.2,qX,157.9626716,-35.0270312,1.2999999523162842
2453,169.373494,WISEA J131908.61-273532.1,q,199.7858863,-27.5921983,1.600000023841858
12067,0.179794,IC 816,N,191.6930721,9.8505599,0.024000000208616257
22643,49.56813,J091153.91+161729.7,R,137.974648,16.2915881,0.30000001192092896
22645,0.398307,ESO 568-21,AX,160.3131156,-21.0230983,0.012000000104308128
22645,130.088578,WISEA J104114.90-205912.8,qX,160.312092,-20.9868783,2.200000047683716
2458,150.758389,SDSS J100654.48+142450.8,Q,151.7270248,14.4141135,0.9440000057220459
12071,163.784687,SDSS J232010.11+325322.9,Q,350.0421353,32.8897048,2.372999906539917
12073,0.190291,IC 1854,ARX,42.3362155,19.3040071,0.03099999949336052
12073,114.361838,SDSS J024921.14+191620.1,qX,42.3380771,19.2722844,1.399999976158142
22652,163.733513,WISEA J221522.73+375834.3,q,333.844711,37.9762473,1.2999999523162842
2464,168.862668,J122326.77+112338.9,X,185.861571,11.3941603,1.600000023841858
2464,169.685529,SDSS J122306.79+112316.3,qX,185.7782901,11.3878899,1.899999976158142
22654,90.575615,SDSS J004951.23+284027.2,Q,12.4634846,28.6742213,0.7680000066757202
22654,138.855485,SDSS J004943.89+284043.0,N,12.432891,28.678633,0.46299999952316284
12076,172.702189,SDSS J080125.50+441429.7,Q,120.3562689,44.2415846,2.0910000801086426
22655,55.717418,SDSS J015509.07+240208.2,Q,28.7878047,24.0356168,1.6720000505447388
12077,0.152231,MCG 5-27-035,ARX,169.0564569,29.3852622,0.028999999165534973
12077,60.97688,SDSS J111615.99+292214.8,qX,169.0666409,29.3707912,1.899999976158142
12077,132.036904,SDSS J111621.90+292152.4,QX,169.0912589,29.3645898,1.2610000371932983
22659,100.905502,SDSS J091837.24+350128.9,Q,139.6552012,35.0247105,1.4539999961853027
12081,171.176473,WISEA J114448.95-393407.7,q,176.2039922,-39.5687824,0.5
22661,154.694162,SDSS J101850.08+383044.8,Q,154.7086845,38.5124615,1.9110000133514404
2471,106.339941,WISEA J135812.04+061354.0,q,209.5501996,6.2316674,1.100000023841858
22662,119.694348,SDSS J110802.73+464903.8,Q,167.0113843,46.8177276,1.715999960899353
22662,134.72397,SDSS J110800.76+464847.3,Q,167.0031948,46.8131384,0.4180000126361847
22662,135.09502,SDSS J110756.23+465308.3,Q,166.9843246,46.8856655,1.2259999513626099
22662,149.392702,SDSS J110813.23+465221.3,Q,167.055155,46.8725872,1.8650000095367432
12083,104.430386,SDSS J120231.61+211039.7,Q,180.6317434,21.1777056,2.193000078201294
2474,75.082386,J014800.40-265301.7,X,27.0017025,-26.883819,
22663,99.701165,PGC 2381982,A,183.2708803,50.7853261,0.13099999725818634
22663,122.49179,WISEA J121322.41+504535.5,q,183.3434556,50.759905,0.10000000149011612
12084,0.085805,CGCG 215-46,ARX,182.6844864,38.3361667,0.023000000044703484
12084,55.815557,J121048.95+382019.5,X,182.7039734,38.3387587,2.0
12084,134.167819,SDSS J121040.03+382214.8,QX,182.6668181,38.3707896,1.6019999980926514
2475,1.193694,NGC 4968,NRX,196.7747225,-23.676751,0.008999999612569809
2476,157.510903,J003852.69-085808.0,X,9.7195556,-8.9688889,
2478,52.441748,J102230.84+195302.6,X,155.6285,19.8840556,
2478,151.98129,J102225.69+195145.4,X,155.6070556,19.8626112,
22668,92.82941,SDSS J150826.84+190955.4,Q,227.1118506,19.1653893,1.625
22668,140.32923,J150834.49+190851.0,R,227.1437351,19.1475035,0.30000001192092896
2479,151.282607,WISEA J172918.40+754429.3,q,262.3267785,75.7415068,2.799999952316284
22669,0.13362,CGCG 108-38,N,240.0742514,15.7565751,0.01600000075995922
12089,61.087086,WISEA J203058.98-003922.5,q,307.7457742,-0.656283,0.8999999761581421
12089,166.585219,WISEA J203102.71-003654.1,q,307.761294,-0.6149871,1.2999999523162842
22672,138.522683,LAMOSTJ173442.24+504638.6,Q,263.6759951,50.7773891,1.0950000286102295
22672,152.633418,WISEA J173439.14+504611.1,q,263.6630649,50.7696877,0.699999988079071
22675,168.439848,WISEA J220120.62-220237.6,q,330.3359754,-22.043706,2.5999999046325684
22676,172.60051,SDSS J232247.89+230952.4,Q,350.6995355,23.1645678,2.052000045776367
2486,112.252338,SDSS J081406.84+523742.0,Q,123.528471,52.6283341,2.8410000801086426
2486,154.664158,SDSS J081401.58+523623.1,Q,123.5065808,52.6064084,1.4240000247955322
2486,167.006814,SDSS J081339.08+523916.1,Q,123.4128272,52.6544985,2.006999969482422
22677,109.544907,SDSS J235304.66+282505.8,Q,358.2694193,28.4182742,1.8849999904632568
22677,168.513783,SDSS J235303.84+282402.4,Q,358.2660309,28.400681,0.7770000100135803
2487,133.984127,WISEA J155656.53+481203.7,qX,239.2355634,48.2010279,0.30000001192092896
2487,158.413617,SDSS J155718.55+481036.3,AX,239.3272933,48.1767507,0.2849999964237213
22678,141.946005,SDSS J002039.21+200242.2,Q,5.1633853,20.0450669,2.2869999408721924
2489,0.176814,IC 1867,NRX,43.9676389,9.3117223,0.026000000536441803
2489,61.59469,J025553.64+091940.2,X,43.9735211,9.3278595,1.2999999523162842
12096,171.239293,SDSS J084835.38+182109.8,Q,132.1474062,18.3527399,2.0260000228881836
12097,78.931875,SDSS J123508.00+294321.7,Q,188.783373,29.7227055,1.3559999465942383
12098,117.095643,SDSS J150708.64+563017.1,Q,226.7860014,56.5047607,2.930999994277954
12098,168.225433,SDSS J150712.48+562912.1,Q,226.8019973,56.4867008,1.4570000171661377
2494,164.43793,J051627.62+062816.0,X,79.1150834,6.4711112,
2494,174.479137,WISEA J051628.26+062459.0,qX,79.1177657,6.4164022,2.4000000953674316
12099,19.828141,J153038.23+424253.9,R,232.6593056,42.7149723,
12099,60.757252,SDSS J153037.35+424201.5,Q,232.6556278,42.7004384,0.6100000143051147
12099,154.333058,SDSS J153050.40+424326.0,Q,232.7100422,42.7239136,3.609999895095825
2495,100.03754,WISEA J073025.01+734209.6,qR,112.6038979,73.7027739,1.100000023841858
22689,52.798089,SDSS J152259.57+084611.9,QX,230.7482212,8.7699782,2.7119998931884766
22689,59.117305,J152259.55+084618.2,X,230.7481456,8.7717331,1.2999999523162842
12104,166.846457,2QZ J013100.7-272252,Q,22.753174,-27.3809539,1.781000018119812
2500,64.114449,J082237.17+041521.8,X,125.6548889,4.2560556,
22695,178.176988,SDSS J232908.66+350551.3,Q,352.2861055,35.0975825,2.559000015258789
12109,0.373783,UGC 6614,ARX,174.8119647,17.1436654,0.020999999716877937
2507,179.043149,SDSS J092419.13+491200.3,Q,141.079749,49.2001046,0.9070000052452087
12112,124.721215,WISEA J131626.09-164137.8,qX,199.1087207,-16.6938384,1.2000000476837158
12113,3.336265,MCG 1-37-026,NR,218.2908099,3.9473901,0.028999999165534973
22704,0.428732,CGCG 179-5,ARX,126.2926126,37.9888017,0.020999999716877937
22704,54.699103,SDSS J082512.11+375830.1,Q,126.3004803,37.9750428,2.2929999828338623
2511,114.32609,WISEA J212544.92-422542.9,q,321.4372137,-42.4286254,1.399999976158142
12114,40.371086,J160756.63+104717.9,R,241.9859832,10.7883149,0.5
22706,179.791663,WISEA J124101.06-102103.0,q,190.254357,-10.3509414,1.5
22708,168.512362,SDSS J140834.58+085928.7,qR,212.1440887,8.9913073,0.4000000059604645
22710,144.637086,SDSS J162806.65+391538.2,Q,247.0277323,39.2606142,1.86899995803833
2521,132.500604,WISEA J142451.26-031322.1,q,216.2136095,-3.2227681,2.5
22716,177.63136,WISEA J040412.89+202411.5,q,61.0537414,20.4032237,0.6000000238418579
12122,93.272981,SDSS J024328.80-080803.1,Q,40.8700245,-8.1341682,1.5110000371932983
22718,0.203188,MCG 10-12-090,NR,122.9731031,57.951879,0.02800000086426735
22720,163.062073,SDSS J113707.36+153636.5,Q,174.280673,15.610162,2.7750000953674316
2527,122.013952,WISEA J132127.02-162021.3,q,200.3625922,-16.3392673,1.899999976158142
2527,129.898811,WISEA J132126.29-162030.3,q,200.3594755,-16.3417753,2.200000047683716
22723,105.518221,WISEA J124519.57+101301.2,q,191.331581,10.2170003,0.30000001192092896
2528,0.181391,NGC 5695,NRX,219.3422273,36.5678317,0.014000000432133675
2528,173.596775,J143731.78+363613.3,X,219.3824271,36.6036993,0.10000000149011612
12126,88.429453,SDSS J084915.79+364202.6,Q,132.3158082,36.700743,1.1299999952316284
12126,153.482328,SDSS J084934.93+364200.1,QX,132.3955642,36.7000402,2.061000108718872
22724,18.646892,J150139.92-072223.1,X,225.4163334,-7.3730834,
2529,133.037694,WISEA J052127.82+721755.6,q,80.3660223,72.2987928,1.399999976158142
22725,105.32935,SDSS J162057.27+555630.0,Q,245.2386794,55.9416783,2.4560000896453857
12127,124.550129,SDSS J100438.11+380201.4,Q,151.1587873,38.0337606,2.8499999046325684
2530,115.027073,SDSS J080134.77+094048.9,Q,120.3949372,9.680271,1.062000036239624
22726,130.363594,WISEA J173225.93+684404.3,qR2,263.107929,68.7345299,1.2000000476837158
22726,149.524352,WISEA J173213.83+684302.2,q,263.0576306,68.7173027,1.600000023841858
22726,172.057582,WISEA J173209.29+684256.5,q,263.0386947,68.7157034,0.20000000298023224
2532,0.843692,IC 5169,NRX,332.5417922,-36.0884445,0.009999999776482582
2532,154.490409,J221011.04-360752.9,X,332.5460404,-36.1313838,
2533,125.486868,SDSS J001128.82+062440.9,Q,2.8701011,6.4113464,1.1349999904632568
2533,140.082207,SDSS J001129.45+062150.5,Q,2.8727193,6.3640263,0.48899999260902405
2533,144.219992,SDSS J001112.63+062318.6,Q,2.8026366,6.3884888,1.375
12131,164.268199,SDSS J212206.93+070606.3,N,320.5288868,7.1017505,0.16500000655651093
2537,0.062929,ESO 140-43,ARX,281.2249558,-62.3646866,0.014000000432133675
2537,118.272895,J184437.22-622133.7,X,281.1550902,-62.3593843,
2537,178.367748,J184502.61-622440.9,X,281.2608882,-62.4113678,
12133,109.061843,SDSS J234324.19+272227.5,Q,355.8508093,27.3743203,1.0779999494552612
22732,163.567346,WISEA J003336.53-561540.7,q,8.4022042,-56.2613558,1.7000000476837158
2541,161.870309,J031228.27+391636.2,R,48.1178151,39.2767393,0.20000000298023224
2541,169.579772,J031227.26+391632.7,X,48.1135834,39.27575,
2541,175.430317,4C 39.11,A2X,48.1108044,39.2749462,0.16099999845027924
22737,100.564692,J092006.09+263322.6,R,140.0253889,26.5562778,
2542,24.644855,AM 0426-625S,N,66.7999167,-62.7868056,0.017999999225139618
2543,54.673568,J132455.84+362229.5,X,201.232695,36.374874,0.10000000149011612
2543,107.988794,SDSS J132446.05+362408.8,QX,201.191886,36.402449,1.6169999837875366
2543,120.068933,SDSS J132453.95+362046.5,QX,201.2248152,36.3462614,1.378000020980835
2543,160.444475,J132451.29+362523.1,X,201.2137465,36.4231049,1.100000023841858
2543,163.97824,WISEA J132439.83+362407.2,qX,201.1659088,36.4020271,0.10000000149011612
22739,0.190753,CGCG 94-118,N,160.9621732,18.6564371,0.029999999329447746
22739,117.263843,SDSS J104347.49+183736.7,Q,160.9478794,18.6268646,2.302999973297119
12140,162.533584,SDSS J074933.87+295853.7,Q,117.3911495,29.9815903,1.309000015258789
12140,175.758987,SDSS J074949.19+295858.2,Q,117.4549785,29.9828512,0.9800000190734863
12141,121.280784,SDSS J120257.89+180148.9,Q,180.7412492,18.0302451,0.6759999990463257
2544,90.362278,SDSS J142131.05+351210.2,Q,215.3794348,35.2028488,2.3980000019073486
2544,99.170954,SDSS J142144.98+351315.4,Q,215.437448,35.220966,4.560999870300293
22743,153.0721,WISEA J115022.13-285032.6,qX,177.5922409,-28.8422929,1.2000000476837158
12143,86.019606,SDSS J143436.91+475505.1,Q,218.6538208,47.9181071,1.24399995803833
12143,131.2962,SDSS J143440.90+475827.0,Q,218.6704176,47.9741695,3.6659998893737793
12143,150.230888,SDSS J143426.88+475602.3,Q,218.6120297,47.9339855,0.8230000138282776
2546,121.25275,SDSS J081016.20+335522.9,Q,122.56753,33.923052,2.4130001068115234
22744,85.275008,SDSS J131336.28+124224.5,Q,198.4012388,12.7067893,2.7019999027252197
22750,179.818835,WISEA J165749.94-164838.8,q,254.4581374,-16.810736,0.5
12148,174.947113,SDSS J235640.57+052928.6,Q,359.1690791,5.4913154,1.0299999713897705
2554,139.347177,WISEA J004334.60+303730.1,q,10.8941727,30.6250539,0.30000001192092896
2554,157.592418,SDSS J004340.54+303742.1,Q,10.918918,30.6283751,2.134000062942505
12150,96.891179,WISEA J034949.02-270010.8,q,57.4542704,-27.0030205,1.100000023841858
22754,87.423792,SDSS J012321.82-005510.3,Q,20.8409546,-0.9195344,1.50600004196167
22754,179.836781,SDSS J012327.39-005251.3,Q,20.8641588,-0.88094,1.0420000553131104
22755,73.560011,J024222.20+422258.0,R,40.5925278,42.3827778,
22756,119.918896,WISEA J025805.76+054611.0,q,44.5239984,5.7697519,1.0
22756,143.779865,SDSS J025751.87+054844.9,qX,44.4661364,5.812468,2.9000000953674316
2559,134.479426,SDSS J111651.12+175903.7,qX,169.2130396,17.9843721,1.2000000476837158
2559,135.129819,SDSS J111645.49+175847.5,QX,169.1895791,17.9798721,1.2170000076293945
2559,169.756731,NGC 3607,NRX,169.2278612,18.0517778,0.003000000026077032
22757,103.675834,SDSS J025806.77-021511.2,Q,44.5282206,-2.2531362,0.8240000009536743
2561,48.772194,J121240.13-140138.3,X,183.1672357,-14.0273228,1.2999999523162842
2561,52.120586,J121240.66-140143.8,R,183.1694547,-14.028839,0.10000000149011612
22759,0.168733,PGC 133092,NRX,55.8604753,-31.7438981,0.03200000151991844
12155,108.719118,WISEA J133609.90-331321.7,q,204.0413174,-33.2226817,1.600000023841858
12156,175.167955,SDSS J140015.65-075702.6,qR,210.0652199,-7.9507303,2.0
2562,95.375057,WISEA J122536.54+071329.8,qX,186.4023097,7.2248779,1.2000000476837158
12157,132.544991,SDSS J141315.64+270241.1,Q,213.3151762,27.0447514,2.299999952316284
12158,174.448947,WISEA J153726.86-084438.2,q,234.3619828,-8.7439563,1.2000000476837158
2566,154.207149,SDSS J233046.35-030236.9,Q,352.6931549,-3.0435961,2.134000062942505
22765,83.443063,WISEA J083245.31-044528.0,q,128.1887841,-4.7577422,2.5
22765,141.97764,WISEA J083256.11-044805.0,qX,128.2338237,-4.8014044,1.100000023841858
22769,135.642451,J125929.25+275314.0,X,194.8718777,27.8872273,0.20000000298023224
22769,165.768436,J125945.66+275216.7,X,194.9402778,27.8713056,
2570,95.689494,J012351.62-350746.9,X,20.9650834,-35.1296945,
2570,103.551489,J012403.52-350534.7,X,21.0146945,-35.0929723,
22770,125.788583,WISEA J131433.83-184734.6,q,198.6409674,-18.7930678,1.399999976158142
12164,0.151906,UGC 12237,NRX,343.5819167,11.7824445,0.028999999165534973
12164,140.948764,J225412.04+114531.2,X,343.5501945,11.7586667,
12164,154.429107,J225409.17+114707.5,X,343.5382223,11.7854167,
12164,162.685319,J225422.20+114935.3,X,343.5925,11.8264723,
22771,44.499378,SDSS J162731.66+385141.7,QX,246.8819146,38.8615951,2.4760000705718994
22771,112.180762,SDSS J162737.94+385236.5,Q,246.9080882,38.8768282,1.5470000505447388
22771,157.891822,J162734.49+385431.1,X,246.8937223,38.9086389,
22773,169.808348,WISEA J223139.31-332255.4,q,337.9137509,-33.3820832,1.399999976158142
2575,131.806493,WISEA J013224.21-850831.2,q,23.1009663,-85.1420551,0.5
2576,160.057155,WISEA J121315.47+282826.0,q,183.3144883,28.473908,2.0999999046325684
2577,175.304768,SDSS J122407.33+484919.6,Q,186.030562,48.8221303,1.753999948501587
12169,87.397465,SDSS J023838.87+021322.2,Q,39.6619643,2.2228555,1.4989999532699585
12169,154.508416,SDSS J023840.95+021618.4,Q,39.6706403,2.2718172,1.2339999675750732
22780,157.886596,SDSS J082632.56+175157.4,Q,126.6356679,17.8659679,3.0510001182556152
2580,82.804234,ESO 286-17,NR,314.4559962,-43.3515713,0.03200000151991844
2582,147.233419,SDSS J161639.89+525842.4,Q,244.1661997,52.9784488,1.3009999990463257
2582,177.759069,SDSS J161704.74+525806.4,Q,244.2697368,52.968462,1.305999994277954
22783,173.766881,SDSS J105423.98+403231.7,Q,163.599976,40.542158,1.4800000190734863
2583,145.090915,SDSS J001649.82+070235.7,Q,4.2076041,7.0432442,0.6679999828338623
22785,101.815081,WISEA J122248.96+511314.7,q,185.7040863,51.2208138,0.4000000059604645
22786,137.944872,SDSS J125151.56+275614.7,Q,192.9648624,27.9374441,2.4839999675750732
2584,117.703938,SDSS J023718.31+210704.6,qX,39.3263535,21.1179537,2.200000047683716
2585,44.64537,SDSS J122223.58+291203.8,qX,185.5982633,29.2010684,1.2000000476837158
22788,7.541362,MCG 8-27-055,N,225.3889877,49.1124566,0.026000000536441803
22788,163.047667,SDSS J150123.07+490439.3,Q,225.3461313,49.0775914,2.0380001068115234
12180,139.202932,2QZ J234201.2-280107,Q,355.5053976,-28.018846,1.1759999990463257
12181,128.351432,WISEA J001431.53-374031.2,q,3.631414,-37.6753538,0.20000000298023224
12182,177.526987,WISEA J015034.11-120356.9,q,27.6421805,-12.0658887,2.0
22794,48.891038,J022315.23+430055.5,X,35.8134723,43.0154167,
22794,116.720019,3C 66.0B,AX,35.7979723,42.9930556,0.020999999716877937
22794,121.022189,J022323.65+425857.2,2,35.8485462,42.9825562,0.8999999761581421
22794,173.010812,J022313.99+425808.6,X,35.8083056,42.9690556,
2595,1.808293,NGC 1050,NRX,40.6488889,34.7636112,0.013000000268220901
22797,0.339658,CGCG 35-17,A,144.5511036,7.7277673,0.02199999988079071
2596,112.300844,WISEA J004609.95-014453.4,q,11.541466,-1.7481759,0.10000000149011612
2596,164.747153,SDSS J004607.81-014605.0,Q,11.532551,-1.7680545,2.1540000438690186
12186,133.696149,SDSS J073750.27+283630.2,Q,114.4595008,28.6084102,1.215000033378601
12187,130.381637,J192818.87-293117.3,2,292.0786586,-29.5214851,1.100000023841858
22799,128.415864,SDSS J102422.75+241358.4,Q,156.0948299,24.2328958,3.2290000915527344
12189,59.536425,SDSS J002047.88+213147.0,Q,5.1995148,21.5297471,1.6690000295639038
22802,87.796468,SDSS J112909.26+513223.5,Q,172.2886015,51.5398812,2.2109999656677246
22802,148.69794,SDSS J112913.95+512856.2,Q,172.3081218,51.4822834,1.7230000495910645
22802,175.115145,SDSS J112914.11+512829.4,qX,172.3088074,51.4748383,0.4000000059604645
22804,175.473439,WISEA J140214.23+094400.5,q,210.5593173,9.7335302,1.0
22805,105.837408,SDSS J141840.92+370021.3,Q,214.6705375,37.0059424,1.6349999904632568
12194,139.833604,SDSS J093812.48+040350.7,Q,144.5520235,4.0640902,2.7119998931884766
2606,36.776515,SDSS J003829.42+293117.1,Q,9.6226357,29.5214248,1.2350000143051147
2606,95.668198,WISEA J003830.41+292905.6,q,9.626716,29.4848925,0.6000000238418579
2606,103.806192,J003831.37+293220.9,R,9.6307223,29.5391389,
2606,152.897619,PGC 1869310,A,9.6644866,29.5328371,0.0729999989271164
12196,0.210233,CGCG 17-83,NR,208.117292,1.9450094,0.032999999821186066
2608,98.078217,J115153.04+483937.0,X,177.9710278,48.6602778,
12199,101.276051,J020107.68-314435.5,X,30.282,-31.7431945,
2610,0.326545,NGC 3512,NR,166.0123085,28.0367758,0.004999999888241291
2610,80.789537,SDSS J110358.45+280118.1,QR,165.9936046,28.0216879,1.9529999494552612
22816,151.004912,WISEA J054550.40+690555.7,q,86.4600331,69.0988361,1.100000023841858
12202,89.073142,WISEA J080038.67+222235.6,q,120.1611433,22.3765783,1.399999976158142
2614,139.502963,SDSS J153542.82+394438.7,QX,233.9284065,39.7441026,1.0950000286102295
2614,147.123803,J153600.05+394412.9,X,234.0002249,39.7369289,0.5
2614,164.265812,WISEA J153549.36+394326.7,q,233.955644,39.7241434,2.700000047683716
22817,93.040099,J055153.37-363926.5,X,87.9723763,-36.6573852,
2615,35.345665,J005735.21+301705.2,X,14.396733,30.2847991,
2615,158.223591,J005727.12+301911.3,X,14.363,30.3198056,
12204,95.408299,J092540.81+021407.7,X,141.4200556,2.2354723,
2616,133.290585,SDSS J012406.41+335612.6,Q,21.0267092,33.9368373,1.6260000467300415
2616,169.992525,SDSS J012357.62+335716.0,Q,20.9900589,33.9544664,1.8990000486373901
22820,57.826996,WISEA J122001.56-061253.0,q,185.0064854,-6.2147083,1.100000023841858
12205,124.297147,WISEA J100424.61-282435.7,qX,151.102536,-28.4099553,0.5
12206,0.239031,UGC 8359,NR,199.4382803,27.5698701,0.023000000044703484
2617,0.302395,NGC 3106,AR,151.021884,31.185461,0.020999999716877937
2617,125.06398,SDSS J100414.45+311148.6,Q,151.0602448,31.1968459,1.0770000219345093
22822,62.884018,SDSS J135610.36+300550.9,NR,209.04318,30.09748,0.03099999949336052
22823,147.235319,WISEA J141301.27+095737.3,q,213.2553168,9.9603782,0.30000001192092896
22827,167.127974,SDSS J231249.07+334341.5,Q,348.2044693,33.7282119,2.2090001106262207
12211,139.767387,SDSS J215223.79+032318.0,Q,328.0991493,3.3883542,1.3279999494552612
12212,121.889424,WISEA J222649.76-150314.3,q,336.7073662,-15.0539825,0.6000000238418579
22828,140.925544,SDSS J231322.66+211308.0,Q,348.3444217,21.2188921,1.6519999504089355
22828,154.370062,SDSS J231335.40+210929.8,Q,348.3975532,21.1583042,1.8639999628067017
2626,152.246398,SDSS J114958.08+211729.9,Q,177.4920304,21.2916502,1.5679999589920044
12213,59.051933,SDSS J000644.20+260938.5,Q,1.6842273,26.1607243,1.809999942779541
12213,98.260774,SDSS J000640.75+261054.1,Q,1.6698205,26.1817215,2.7009999752044678
12213,157.218963,SDSS J000638.76+260640.1,Q,1.6615156,26.111159,1.593999981880188
22830,146.377182,SDSS J013456.67+340009.7,Q,23.7361641,34.0026983,1.2209999561309814
22830,178.428,SDSS J013443.14+335924.8,Q,23.6797448,33.9902445,0.7369999885559082
2628,82.157163,J012334.08+331701.4,X,20.8920278,33.2837223,
2628,112.778285,J012332.63+331743.3,X,20.8859912,33.2953686,1.2999999523162842
2628,146.245128,J012346.39+331443.6,X,20.9433141,33.2454511,0.10000000149011612
22832,174.539278,WISEA J044114.66-214933.2,q,70.3111815,-21.8259767,0.30000001192092896
12215,87.860662,WISEA J022915.11-425858.7,q,37.313024,-42.9829811,0.800000011920929
12215,171.17926,WISEA J022934.76-430103.1,q,37.3947822,-43.0175433,0.20000000298023224
22835,23.804738,SDSS J090139.77+490534.6,Q,135.4157387,49.0929703,0.7540000081062317
2631,151.429851,SDSS J110012.52+145105.3,Q,165.0522122,14.851498,4.289000034332275
2633,50.39933,J022913.09-104937.1,X,37.3045508,-10.8269763,1.2999999523162842
12221,59.031179,NPM 1G+04.0506,NRX,252.6781343,4.6050823,0.03099999949336052
22842,0.604758,CGCG 18-24,N,210.3246704,-2.4807096,0.02500000037252903
22843,109.517768,SDSS J141047.30+012737.1,Q,212.6971024,1.4603262,1.8949999809265137
22843,130.114063,SDSS J141042.92+013059.0,N,212.67887,1.5164005,0.17599999904632568
2639,101.028196,WISEA J195246.76-605745.8,q,298.1948634,-60.9627588,0.4000000059604645
12224,39.897555,SDSS J235242.07+270824.7,Q,358.1753154,27.1402067,1.6610000133514404
12224,101.36417,SDSS J235238.87+270644.0,Q,358.1619828,27.1122367,1.6200000047683716
22844,107.63949,SDSS J155224.93+591421.2,Q,238.1039078,59.2392423,2.3940000534057617
2640,149.2885,SDSS J005555.77+240828.0,Q,13.9824024,24.1411156,1.121999979019165
12226,130.534364,J013237.16-384151.4,R,23.1548612,-38.6976112,
12226,148.964911,WISEA J013234.78-383844.8,qR,23.1449394,-38.6457881,0.5
2642,0.747689,NGC 5104,NR,200.3461804,0.3424102,0.017999999225139618
2642,148.297842,2QZ J132113.3+002010,K,200.3056254,0.3360556,0.2540000081062317
2644,55.50365,J043621.58-024919.5,X,69.0899445,-2.8220834,
22851,140.891142,WISEA J235658.60-032041.4,q,359.2442222,-3.3448587,2.700000047683716
22851,178.403804,SDSS J235638.56-032216.9,Q,359.1606666,-3.3713514,1.3769999742507935
22852,135.652446,J001853.21+300549.0,X,4.7217224,30.0969596,1.2999999523162842
22852,149.227857,SDSS J001854.75+300554.6,NX,4.7281558,30.098521,0.5080000162124634
2646,106.79663,SDSS J003740.57-065506.3,Q,9.419016,-6.9184303,1.694000005722046
12233,126.692264,SDSS J133626.63+443415.0,Q,204.1109925,44.5708394,1.1100000143051147
2649,113.466114,J081903.53+212516.3,X,124.7647223,21.4211945,
2649,157.079523,J081919.68+212433.4,X,124.8320278,21.4092778,
2651,130.689337,J165814.49+585610.0,X,254.5603956,58.936122,
2651,132.230841,J165848.46+585612.0,X,254.7019306,58.9366837,0.8999999761581421
12235,134.774562,SDSS J155712.02+470820.2,N,239.3000512,47.1389575,0.15700000524520874
22859,133.271345,SDSS J083032.87+203439.4,Q,127.6369892,20.5776441,0.8830000162124634
22859,150.71663,SDSS J083034.47+203803.6,Q,127.6436475,20.6343516,2.7219998836517334
2654,21.460694,NGC 1410,NRX,55.2957778,-1.2971389,0.02500000037252903
22863,133.35191,SDSS J130141.28+275235.6,qX,195.4220123,27.8765831,0.30000001192092896
12239,79.171067,SDSS J112430.28+511504.5,Q,171.1261685,51.2512621,1.9199999570846558
2657,76.383267,WISEA J174935.21+720020.1,q,267.3967724,72.0056043,1.7000000476837158
2658,77.833452,J020933.55-100821.0,X,32.3898056,-10.1391667,
2658,172.616666,J020927.57-100746.2,X,32.3649145,-10.1295058,
2660,64.921886,J053214.39-171351.9,R,83.0599667,-17.2310865,4.300000190734863
22868,143.773119,WISEA J162740.53+624002.7,q,246.9188885,62.6674848,2.0999999046325684
2661,130.680219,SDSS J083543.06+014136.0,Q,128.9294281,1.6933487,0.9089999794960022
12244,97.477863,SDSS J011956.73+322930.2,Q,19.9864114,32.4917438,1.753000020980835
22871,27.785519,PGC 3096545,ARX,260.8466791,36.5028226,0.03999999910593033
22871,130.113594,SDSS J172326.07+362815.9,Q,260.8586634,36.4710895,2.8450000286102295
22872,83.264691,J001820.49+295720.2,X,4.5853889,29.9556112,
22872,92.834623,SDSS J001812.73+295536.6,QX,4.5530512,29.9268531,3.0959999561309814
22872,167.298663,SDSS J001801.46+295735.0,Q,4.50609,29.9597468,1.8819999694824219
12247,171.843915,WISEA J054359.59-622124.7,q,85.9981964,-62.3569573,1.5
2665,144.25127,SDSS J225338.85+334454.9,Q,343.4119294,33.748615,3.365000009536743
22873,47.353368,SDSS J002507.95+243121.6,Q,6.2831782,24.5226549,2.253999948501587
2666,21.445599,SDSS J120405.83+201345.0,QX,181.0243699,20.2292211,0.5979999899864197
2666,162.509441,J120354.93+201328.4,X,180.9788889,20.2245556,
2666,162.868861,J120413.98+201606.2,X,181.0582778,20.2683889,
12249,101.777882,SDSS J093720.16+335106.0,Q,144.3340543,33.8516709,1.2640000581741333
22875,74.092333,SDSS J004831.69+274235.6,qX,12.1320551,27.7099057,1.5
22875,107.519898,SDSS J004842.43+274103.0,QX,12.1767792,27.684177,1.2259999513626099
12250,68.258666,SDSS J123717.78+492559.4,Q,189.3240837,49.4331893,2.9489998817443848
12250,123.569066,SDSS J123725.97+492718.3,Q,189.35824,49.4551216,2.193000078201294
22877,126.438258,WISEA J013226.88-160850.5,qRX,23.1120501,-16.1473827,0.20000000298023224
2669,0.723902,NGC 5347,NRX,208.3241641,33.4908303,0.00800000037997961
2669,170.597136,J135329.57+333054.0,X,208.3732223,33.515,
2671,155.836208,WISEA J210633.23-481153.6,q,316.6385116,-48.1982663,1.2000000476837158
12253,158.006366,SDSS J140227.20+183117.2,Q,210.6133542,18.5214534,2.509000062942505
2672,162.960123,SDSS J020825.26+142341.7,N,32.1052627,14.3949222,0.08699999749660492
12254,175.787012,WISEA J195027.67-392604.2,q,297.6153646,-39.4345237,1.7000000476837158
22882,115.62388,WISEA J042126.16-573049.9,q,65.3591419,-57.5138385,0.699999988079071
12255,53.876363,SDSS J003550.27+315229.5,Q,8.9594828,31.8748585,1.2139999866485596
12255,167.523062,LAMOSTJ003544.97+315028.2,Q,8.9373776,31.841171,2.072999954223633
22885,84.930793,SDSS J123513.05+340843.9,Q,188.8044062,34.1454988,0.7639999985694885
22885,149.366221,SDSS J123501.07+340828.0,Q,188.7544907,34.1411334,0.609000027179718
22886,176.564379,WISEA J125537.63-113032.6,q,193.9068043,-11.5090921,1.899999976158142
12258,119.155675,WISEA J061458.87-192448.8,q,93.7452467,-19.4136925,0.30000001192092896
22888,178.314163,WISEA J132227.84-173741.5,q,200.6160333,-17.6282186,1.2999999523162842
2680,102.619151,WISEA J211152.32+111451.5,q,317.9680175,11.2476797,0.800000011920929
12260,0.510993,MCG 8-23-097,NR,192.6659503,47.9334161,0.028999999165534973
12260,151.659094,SDSS J125050.61+475746.6,Q,192.7109121,47.96296,0.5350000262260437
22890,68.120103,WISEA J135224.36-244933.6,q,208.1015043,-24.8260225,0.10000000149011612
22890,113.230332,WISEA J135234.60-245049.0,q,208.1441683,-24.8469686,1.899999976158142
12262,0.122397,IC 4369,NR,211.0452947,33.3078069,0.027000000700354576
12263,102.332918,WISEA J162740.53+624002.7,q,246.9188885,62.6674848,2.0999999046325684
22893,15.498103,J163032.04+394956.7,X,247.6335278,39.8324167,
22893,102.194253,SDSS J163029.69+394816.8,QX,247.6237317,39.8046747,2.1700000762939453
2687,155.531649,WISEA J232816.56-675152.3,q,352.0690457,-67.8645333,1.899999976158142
22896,141.544038,SDSS J235553.92-011425.9,Q,358.9746718,-1.2405408,0.8370000123977661
22896,144.713705,W2M J235535.83-011444.2,K,358.8993085,-1.2456178,0.3230000138282776
22898,23.021917,WISEA J000727.70-372710.1,q,1.865443,-37.4528118,2.5999999046325684
2690,0.196076,NGC 5400,AR,210.1550304,-2.8578208,0.02500000037252903
22899,92.064068,SDSS J013436.88-032201.9,Q,23.6537123,-3.3671621,2.0160000324249268
22900,65.071156,SDSS J022558.88-041801.1,QX,36.4953581,-4.3003301,2.2850000858306885
22900,166.736026,XMDS J02261-0418,AX,36.5323845,-4.3119973,0.4959999918937683
12270,127.321446,J232012.38-051331.1,X,350.0515996,-5.2253157,0.30000001192092896
2693,121.243917,SDSS J134504.02+413201.4,QX,206.2667632,41.5337294,0.7720000147819519
22902,161.914486,WISEA J091355.88+791116.1,qX,138.4829341,79.187816,1.0
12273,110.859435,WISEA J041928.17+023532.0,qX,64.8674619,2.5923101,0.20000000298023224
12273,169.240401,J041927.46+023332.9,X,64.8644183,2.5591496,0.30000001192092896
22904,58.228848,SDSS J102029.88+464904.6,Q,155.1245249,46.8179499,0.9279999732971191
22904,174.22572,SDSS J102028.38+465109.9,N,155.1182907,46.8527595,0.4449999928474426
2697,31.182135,J114704.03+195036.0,X,176.7668056,19.8433334,
2698,93.254073,WISEA J003149.37-264446.9,q,7.9557256,-26.7464439,0.800000011920929
22905,178.504626,WISEA J150926.12+751245.3,q,227.3588482,75.2125755,2.0999999046325684
2699,2.133918,UGC 2456,NRX,44.99375,36.8209445,0.012000000104308128
2699,70.925299,J025953.63+364951.9,X,44.973478,36.8310983,2.0
2699,97.235397,SDSS J025950.82+364940.8,qX,44.9618204,36.8280506,2.0
2699,171.449737,J025945.70+364800.3,X,44.9404406,36.8001106,0.5
12279,65.715774,WISEA J143635.61+410853.3,q,219.1483285,41.1480993,0.800000011920929
12279,167.481575,SDSS J143629.15+410741.9,QR,219.1214809,41.1283308,2.6040000915527344
2701,0.016809,MCG -3-34-064,NRX,200.6019587,-16.7284445,0.017000000923871994
2701,104.116305,XMMU J132218.3-164247,AX,200.5763889,-16.7130556,1.00600004196167
22911,151.999821,SDSS J211631.81-073427.7,Q,319.1325342,-7.5743545,1.9459999799728394
22912,72.162215,WISEA J224335.96-210245.2,q,340.8998487,-21.0458997,1.399999976158142
22913,179.91408,SDSS J001812.04+243455.2,Q,4.5501679,24.5819928,1.9010000228881836
22914,100.693612,SDSS J010648.37+015550.4,Q,16.701546,1.9306862,0.8360000252723694
22914,158.520399,SDSS J010704.18+015729.8,Q,16.7674324,1.9582874,2.8929998874664307
12284,76.623242,SVA1_COADD-2939164850,A,35.9259751,-7.268501,0.8659999966621399
12284,111.342732,WISEA J022337.14-071724.2,q,35.9046285,-7.2898655,1.0
12284,118.363677,SVA1_COADD-2939163301,Q,35.905432,-7.291862,1.1820000410079956
22917,179.478981,WISEA J052046.22-221745.9,q,80.1926226,-22.2961035,1.2999999523162842
2708,150.43629,WISEA J015829.03+251906.5,q,29.620984,25.3184954,2.5999999046325684
2708,161.064525,SDSS J015835.55+252359.0,Q,29.6481626,25.3997445,1.3839999437332153
22918,165.216694,WISEA J061732.84-365543.4,q,94.3868499,-36.9287164,1.5
12288,114.978739,WISEA J111929.38-052530.8,q,169.8725571,-5.4253029,0.30000001192092896
22922,11.839426,J135302.92+393448.2,R,208.2621945,39.5800556,
2713,83.104554,SDSS J000712.82+274116.2,Q,1.8034324,27.6878592,1.437999963760376
2713,150.826372,SDSS J000724.06+274413.1,Q,1.8502683,27.7369874,1.5190000534057617
2713,153.172887,SDSS J000715.93+273955.9,Q,1.8163891,27.6655333,0.9810000061988831
2713,155.480316,SDSS J000710.78+274008.8,Q,1.7949579,27.6691212,2.309000015258789
12291,174.207714,WISEA J160302.21+154747.3,q,240.7592154,15.7964933,1.7999999523162842
22930,134.243202,SDSS J003244.26+304716.7,Q,8.1844241,30.7879759,1.6660000085830688
12295,153.8853,WISEA J194632.41-275202.5,q,296.6350448,-27.8673366,0.4000000059604645
2719,122.528236,SDSS J235404.53+002428.4,Q,358.5189002,0.4079162,1.0410000085830688
12296,85.25922,SDSS J221145.80+022516.0,Q,332.9408627,2.4211379,1.9119999408721924
12296,124.113195,SDSS J221141.06+022637.2,Q,332.9210865,2.4436911,2.3259999752044678
2721,81.511932,2QZ J112345.6-010457,Q,170.9400834,-1.0825556,0.6290000081062317
12297,178.61473,WISEA J030127.38-095658.4,q,45.3640817,-9.9495902,2.5999999046325684
2722,161.890704,SDSS J232052.84+255115.1,Q,350.2201838,25.8542433,0.4869999885559082
2724,101.318987,WISEA J043622.56-650648.4,q,69.0940038,-65.113431,0.30000001192092896
22938,165.107272,SDSS J082152.86+084553.1,Q,125.4702371,8.7647762,2.4049999713897705
12301,98.657855,SDSS J095645.98+531046.1,Q,149.1916014,53.1794732,1.468000054359436
22939,25.659686,SDSS J093317.31+335445.0,QX,143.3221651,33.9124739,1.6690000295639038
12302,82.92804,WISEA J111705.55+360709.3,qR,169.273142,36.1192551,0.5
12302,139.082048,SDSS J111708.74+361031.8,Q,169.2864457,36.1755186,2.0429999828338623
22940,151.832592,SDSS J103010.03+440449.1,QX,157.5418419,44.0802922,0.8640000224113464
2727,125.338133,SDSS J143406.87+034728.6,qX,218.5286656,3.7912868,1.7999999523162842
22942,80.348988,WISEA J154845.74+711340.6,q,237.1906179,71.2279669,0.4000000059604645
12304,157.946737,SDSS J122917.73+444059.1,Q,187.3238527,44.6831005,1.503000020980835
22944,148.889741,J003508.28-440309.9,X,8.7845278,-44.05275,
22944,153.21532,J003507.58-440627.5,X,8.7815834,-44.1076389,
22944,168.645114,ATLAS S328,N,8.8138334,-44.126339,0.10700000077486038
2729,0.26134,NGC 2650,AX,132.4933344,70.2994332,0.014999999664723873
2729,21.881091,Q J08500+701,Q,132.5096945,70.3018334,1.899999976158142
2729,167.888973,WISEA J084929.04+701639.2,q,132.3710138,70.2775599,1.5
22945,131.447073,WISEA J020622.00-412927.3,q,31.5916904,-41.4910898,1.0
12306,59.665758,SDSS J142730.99-005421.5,Q,216.8791533,-0.9060064,2.305000066757202
12306,131.189639,WISEA J142731.05-005309.6,q,216.8793465,-0.8860452,3.299999952316284
12306,172.873578,J142739.19-005311.6,R,216.9133056,-0.8865556,
2730,0.140341,NGC 4500,NRX,187.8423097,57.9646174,0.010999999940395355
2730,130.079713,SDSS J123136.33+575647.9,QRX,187.9013954,57.9466454,2.819999933242798
22947,108.219354,WISEA J063911.92+572353.6,q,99.7996823,57.3982284,2.700000047683716
22947,134.425154,WISEA J063914.21+572413.2,q,99.8092387,57.4036826,0.8999999761581421
2732,119.533243,WISEA J064531.88-370229.5,q,101.3828284,-37.0417663,0.30000001192092896
12309,63.126461,SDSS J170123.09+482538.6,Q,255.346197,48.4273828,1.2760000228881836
22950,0.786918,MCG 8-18-040,NR,147.7653188,47.1675795,0.026000000536441803
22950,114.524564,SDSS J095056.36+470837.4,Q,147.7348417,47.1437328,2.5869998931884766
22951,161.832211,SDSS J112055.36+311320.3,Q,170.2307057,31.2222864,1.0479999780654907
22952,0.050721,MCG 8-21-026,NR,170.5881144,46.43051,0.03200000151991844
22952,52.083893,SDSS J112217.35+462515.5,Q,170.5723058,46.4209915,0.8920000195503235
22952,162.949372,SDSS J112213.77+462325.8,Q,170.55738,46.3905179,1.3869999647140503
22954,105.930016,J120517.68-212429.7,X,181.3236875,-21.4082508,1.399999976158142
22957,45.759618,SDSS J000751.47+202441.4,Q,1.9645138,20.4115339,1.7549999952316284
22957,168.205826,SDSS J000803.87+202627.7,Q,2.0161826,20.4410231,1.4390000104904175
22959,165.514569,J013033.18-422847.7,X,22.63825,-42.4799167,
2742,63.251082,SDSS J231735.70+290207.4,QR,349.3988302,29.0354126,1.524999976158142
12317,172.097823,SDSS J122658.19+075444.0,NX,186.74247,7.9122412,0.13300000131130219
22962,140.197522,WISEA J074519.37+110151.2,q,116.3307276,11.0308371,0.20000000298023224
12319,86.422706,J125237.85-153151.9,X,193.1577267,-15.5311,1.399999976158142
12319,129.547608,J125232.08-152852.0,RX,193.1336754,-15.4811269,2.4000000953674316
12319,143.35938,J125232.39-152837.8,X,193.1349593,-15.4771712,2.299999952316284
12319,143.667904,J125223.66-153012.9,X,193.0985904,-15.5035862,
2746,52.741117,J144514.74-205451.2,X,221.3114445,-20.9142223,
22970,97.315243,SDSS J221824.80+291405.0,Q,334.6033733,29.2347429,1.1410000324249268
22970,99.522664,SDSS J221830.57+291616.9,Q,334.6274124,29.2713636,2.0269999504089355
2751,0.358328,NGC 6211,NR,250.3650278,57.7836945,0.019999999552965164
2751,65.114341,WISEA J164125.99+574557.2,q,250.3582608,57.7659219,2.0
2751,127.031323,WISEA J164142.87+574625.1,q,250.4286415,57.7736389,0.4000000059604645
2752,67.16578,J231136.93-020907.3,R2,347.9038889,-2.1520278,
22972,62.08363,WISEA J004852.57-130610.4,q,12.2190486,-13.1028996,0.6000000238418579
22974,65.140345,SDSS J025744.58+055053.4,qX,44.4357719,5.8481712,0.4000000059604645
22974,87.636983,SDSS J025749.20+055136.0,qX,44.4550197,5.8600247,2.200000047683716
12328,161.699285,WISEA J223147.77+342336.6,qR,337.9490367,34.3935798,2.200000047683716
12330,67.21971,SDSS J012515.08-013155.4,QX,21.3128847,-1.5320929,1.3890000581741333
12330,77.152651,J012512.82-013048.9,X,21.3034167,-1.5135834,
22979,70.168291,SDSS J091440.76+494605.5,Q,138.6698599,49.7682078,1.8109999895095825
22979,161.603911,SDSS J091427.29+494630.5,Q,138.6137129,49.7751497,2.1489999294281006
2760,44.920154,SDSS J090236.60+255639.6,Q,135.6524773,25.9443497,0.4830000102519989
22980,109.701224,Q 09382+117,Q,145.2301979,11.5321951,2.299999952316284
22981,149.172207,J113250.94-162159.0,R,173.2122507,-16.3664061,
2761,122.134818,SDSS J102907.74+260556.2,Q,157.2823021,26.0989714,2.11899995803833
2761,173.438912,PGC 1761435,AR,157.2779681,26.0693086,0.08100000023841858
22982,0.086288,CGCG 13-24,ARX,180.3098102,-3.6780617,0.019999999552965164
22982,159.032462,J120124.50-033954.2,X,180.3521112,-3.6650556,
22982,173.292395,SDSS J120124.44-034205.8,qX,180.351851,-3.7016236,0.30000001192092896
12334,1.224834,MCG 7-26-051,NR,191.7368403,42.2664221,0.032999999821186066
12334,73.588975,SDSS J124655.98+421712.7,Q,191.733275,42.2868685,1.2549999952316284
12334,100.79788,SDSS J124659.55+421735.4,Q,191.7481365,42.2931837,3.134000062942505
2765,0.038589,NGC 599,AR,23.224,-12.1913056,0.017999999225139618
12336,51.958297,SDSS J011844.74+145846.0,QX,19.6864401,14.9794534,0.414000004529953
22986,80.174673,CGCG 75-74,NR,218.5485126,12.7141164,0.03099999949336052
2766,117.495975,J091600.67+173554.2,X,139.0028056,17.5983889,
2766,142.188621,NGC 2794,NRX,139.0074707,17.5898077,0.028999999165534973
2767,148.789128,SDSS J155711.46+222155.0,qX,239.297778,22.3652904,1.2999999523162842
22989,150.650506,WISEA J214928.28-604633.9,q,327.3678299,-60.7761157,0.699999988079071
2768,0.02917,IC 4729,N,279.9851255,-67.4256945,0.014000000432133675
22990,102.820495,SDSS J220518.22-010559.5,Q,331.325944,-1.0998791,1.402999997138977
12342,168.079961,WISEA J100914.10-200239.8,q,152.3088187,-20.0446151,2.0999999046325684
2772,47.755068,J103710.76-274141.0,X,159.2948334,-27.6947223,
22996,160.810411,SDSS J105558.62+094322.0,Q,163.9942635,9.7228145,2.5950000286102295
2775,60.424186,SDSS J091653.34+201116.6,Q,139.2222652,20.1879752,3.296999931335449
2775,119.884474,WISEA J091642.71+201256.6,q,139.177971,20.2157249,2.200000047683716
22997,0.146246,MCG 5-27-078,N,172.1608391,27.3970011,0.03200000151991844
2777,0.682508,NGC 1125,NRX,42.9185189,-16.6506017,0.010999999940395355
2777,98.007122,J025147.28-163906.1,X,42.947009,-16.6517051,0.8999999761581421
2777,171.76703,SDSS J025144.69-164143.4,qX,42.9362335,-16.6953964,0.20000000298023224
12346,139.29584,SDSS J231554.40+050524.5,Q,348.9767071,5.0901399,1.8200000524520874
23000,0.575718,MCG 8-23-067,ARX,189.2132324,45.6511628,0.029999999329447746
2778,0.575021,NGC 2726,N,136.2365558,59.9329978,0.004999999888241291
2778,173.280049,SDSS J090437.64+595734.7,Q,136.1568803,59.9596415,2.2109999656677246
12347,121.684975,SDSS J001547.31+194451.0,Q,3.9471273,19.7475329,0.4399999976158142
12348,178.808074,J002123.77+223037.0,RX,5.349066,22.5102909,1.399999976158142
23002,153.090094,SDSS J165849.21+363334.8,Q,254.7050553,36.5596617,1.4270000457763672
23002,166.616793,SDSS J165901.04+362848.7,Q,254.7544003,36.4802248,2.26200008392334
23003,167.253157,SDSS J165955.61+423033.7,Q,254.9817332,42.509368,1.5779999494552612
2783,35.603139,J134808.78-302649.1,X,207.0365834,-30.4469723,
12352,113.387574,SDSS J093706.85+170021.5,A,144.2785919,17.0059811,0.5049999952316284
12352,133.780331,SDSS J093710.58+170051.6,Q,144.2941515,17.0143363,2.259999990463257
12353,146.41655,WISEA J101837.27-364315.5,q,154.6553131,-36.7209832,1.399999976158142
2785,77.812273,SDSS J215600.94-013218.6,Q,329.0039433,-1.5385199,0.8970000147819519
12354,112.268605,SDSS J114405.18+200138.2,qX,176.0215912,20.027298,1.0
12354,130.733728,Q 1141+2014,QX,176.0237166,19.9598274,0.9539999961853027
2787,72.013653,SDSS J011253.68+005958.9,Q,18.223701,0.9997018,2.2699999809265137
2787,85.520374,SDSS J011259.71+005954.5,Q,18.2488025,0.9984846,1.0390000343322754
2787,114.460588,SDSS J011257.73+005703.2,A,18.2405793,0.9509083,0.3959999978542328
2787,139.410847,SDSS J011304.97+005843.8,Q,18.2707655,0.9788436,2.4800000190734863
12355,33.642463,SDSS J121518.26+235738.8,A,183.82609,23.960798,0.6600000262260437
23012,117.767895,J023503.97+324037.3,X,38.7665486,32.6770365,1.399999976158142
2789,124.78556,WISEA J100856.56-111514.8,q,152.235596,-11.2542665,0.4000000059604645
23013,0.150909,NPM1G-16.0109,ARX,44.0110439,-16.4876449,0.03200000151991844
12357,169.028348,SDSS J133358.49+044243.1,Q,203.4937385,4.7119833,0.4300000071525574
23014,68.860631,WISEA J032321.83+074037.2,q,50.8409645,7.6770232,0.4000000059604645
2791,71.262637,J162214.65-013024.4,RX,245.5610665,-1.506793,2.0999999046325684
2791,171.286993,J162202.83-012843.8,X,245.5118242,-1.4788518,
23015,62.771706,SDSS J034000.32+152528.8,qX,55.0013395,15.4246753,1.7999999523162842
12358,154.488467,LAMOSTJ135819.86+172444.5,Q,209.5827653,17.4123714,1.1990000009536743
2792,0.243842,UGC 10422,NRX,247.4919404,40.6285561,0.028999999165534973
12359,177.359587,PGC 1549789,A,223.7532311,18.0863202,0.08399999886751175
23018,0.084343,IC 2222,N,121.3115602,37.4725821,0.032999999821186066
12361,46.757608,SDSS J230356.56+271725.0,Q,345.9856915,27.2902872,1.3650000095367432
2795,0.156463,6dF J011424.9-552350,NRX,18.6038834,-55.3970467,0.012000000104308128
2795,22.436048,NGC 454E,N,18.5929167,-55.397,0.012000000104308128
2795,122.736509,J011434.53-552521.0,X,18.6438938,-55.4225185,
23020,34.965782,SDSS J091823.28+335235.7,Q,139.5970204,33.8766104,1.722000002861023
23020,103.490177,LAMOSTJ091816.18+335227.9,Q,139.5674109,33.8744193,1.534999966621399
12362,63.761289,SDSS J003034.84+230727.8,Q,7.6451792,23.1244028,1.4279999732971191
2798,91.819729,WISEA J125659.11-414842.2,qR,194.2463246,-41.8116938,0.8999999761581421
2798,165.460478,WISEA J125638.33-414657.5,q,194.1596284,-41.782803,1.399999976158142
23022,128.638955,SDSS J101550.73+071954.8,Q,153.9614134,7.3318995,0.7720000147819519
2802,92.393211,SDSS J003928.88+025336.5,QX,9.8703468,2.8934903,1.4450000524520874
12366,0.420621,UGC 8600,A,204.1751733,34.7462594,0.024000000208616257
23025,58.392325,J130053.54+272454.0,X,195.2231112,27.415,
23025,60.882081,WISEA J130053.72+272346.3,q,195.2238378,27.3961989,1.7999999523162842
23025,102.445347,J130052.40+272243.6,X,195.2183612,27.3787778,
12367,0.267953,NGC 5245,N,204.3468204,3.8974268,0.023000000044703484
12367,112.13324,SDSS J133722.01+035541.2,Q,204.3417368,3.9281209,2.546999931335449
2803,174.575478,WISEA J044139.33+733821.4,q,70.4139412,73.6392735,1.100000023841858
23027,146.489795,J135302.90+691759.7,X,208.2621112,69.2999167,
23027,150.677501,UGC 8823,ARX,208.2643152,69.3081697,0.03099999949336052
23027,169.042724,J135321.46+691457.4,X,208.3394418,69.2492979,2.0999999046325684
12369,72.187003,WISEA J194908.24-045447.6,q,297.2843664,-4.9132461,1.100000023841858
12369,151.597548,WISEA J194909.73-045819.2,q,297.2906352,-4.9719032,0.6000000238418579
23029,178.484673,WISEA J162757.97-100525.4,q,246.9915573,-10.0904034,0.10000000149011612
2806,120.786696,SDSS J230654.65+225426.0,Q,346.7277115,22.9072473,1.4859999418258667
23031,101.60003,WISEA J195823.22-554142.6,q,299.5969383,-55.6951046,1.7999999523162842
12371,64.603587,PGC 1715143,N,350.8584406,24.7419231,0.11100000143051147
23032,38.776505,WISEA J234419.96+283029.9,q,356.0832031,28.5083444,0.4000000059604645
23032,173.825619,SDSS J234430.64+283123.1,Q,356.1277138,28.5230853,1.565999984741211
12372,175.076505,WISEA J024320.90+314553.3,q,40.837174,31.7647947,1.100000023841858
23033,153.295687,SDSS J020056.30-053554.1,Q,30.2346046,-5.5983788,2.053999900817871
2810,105.16493,SDSS J170446.32+415310.1,Q,256.1930283,41.8861415,1.6720000505447388
23036,69.071517,SDSS J095651.39+595807.7,Q,149.2141631,59.9688114,3.2190001010894775
23036,179.33237,WISEA J095723.93+595846.3,q,149.3497231,59.9795507,0.8999999761581421
12376,87.201105,J125737.96+273058.3,X,194.4081667,27.5161945,
12376,117.253058,LAMOSTJ125740.21+273117.5,QX,194.417558,27.5215597,1.0779999494552612
12376,128.212561,J125733.96+272730.0,X,194.3915278,27.4583334,
12376,150.050208,J125747.06+272919.3,X,194.4460834,27.4886945,
23038,139.337075,SDSS J142732.72+025503.7,Q,216.886349,2.9177068,2.194999933242798
23038,169.923862,SDSS J142724.87+025809.6,A,216.85365,2.9693526,0.5
12377,57.521051,J125854.86+274903.1,X,194.7285834,27.8175278,
12377,106.132636,J125850.28+274842.5,X,194.7095,27.8118056,
2816,0.351357,IC 89,AR,19.0151203,4.2941558,0.020999999716877937
2819,173.935407,J014726.86-524406.1,X,26.8619259,-52.7350468,
2820,24.426049,J073438.05+181653.5,R,113.6585556,18.2815278,
23045,169.006661,SDSS J231352.92+090046.7,Q,348.4705355,9.0129719,2.61899995803833
12383,82.836326,2QZ J235030.2-275547,Q,357.6261236,-27.9298907,1.5679999589920044
23047,115.139978,SDSS J093509.12+002557.5,N,143.7880294,0.4326371,0.1509999930858612
2823,0.320982,UGC 4145,ARX,119.9172109,15.3868408,0.01600000075995922
2824,0.09809,NGC 3334,NR,160.379992,37.3128757,0.024000000208616257
2824,129.760307,SDSS J104129.53+372054.5,Q,160.3730816,37.3484798,1.2869999408721924
2825,0.194881,NGC 3831,NRX,175.8275039,-12.878424,0.017999999225139618
12387,50.756757,2SLAQ J110927.82-000625.1,N,167.3659063,-0.1069721,0.013000000268220901
12387,112.061307,PGC 1151244,N,167.3608974,-0.1282844,0.09099999815225601
12387,127.892157,2QZ J110933.6-000617,K,167.3901253,-0.1047778,0.2800000011920929
12387,128.130419,SDSS J110931.57-000425.0,N,167.38156,-0.0736134,0.5350000262260437
23051,76.843226,SDSS J162612.18+432359.2,QX,246.5508008,43.3997867,1.2910000085830688
23051,138.07047,SDSS J162627.04+432611.6,qX,246.6126674,43.4365596,2.0999999046325684
2828,0.055862,NGC 4897,N,195.2206253,-13.4498056,0.00800000037997961
2829,0.247712,NGC 5482,AR,212.1279104,8.9319073,0.024000000208616257
2829,86.689504,SDSS J140826.34+085652.4,Q,212.109757,8.947904,2.4709999561309814
2830,143.593184,J145216.68-023047.8,R,223.0695027,-2.5132813,0.30000001192092896
23055,172.2351,WISEA J172423.93+452835.9,q,261.099777,45.4766538,1.7000000476837158
2831,106.794325,SDSS J155720.44+055837.3,qX,239.3351775,5.9770474,2.299999952316284
2831,131.757022,WISEA J155717.48+055745.8,q,239.3228444,5.9627381,1.7999999523162842
2831,132.450916,J155724.17+060020.0,X,239.3507223,6.0055556,
2831,176.975876,J155719.91+060238.2,X,239.3329723,6.0439445,
2832,88.10229,SDSS J230514.24+023130.3,Q,346.3093452,2.5250938,1.319000005722046
2832,107.544611,SDSS J230508.78+023138.4,Q,346.2866146,2.5273532,1.6759999990463257
12390,57.1457,SDSS J143204.15+361901.3,QX,218.0173079,36.3170553,2.8340001106262207
12390,58.588838,SDSS J143156.13+361816.0,qX,217.9839014,36.3044686,2.200000047683716
12390,76.328984,J143201.58+361703.1,X,218.0065834,36.2841945,
12390,167.686447,SDSS J143211.38+361628.2,qX,218.0474266,36.2745043,0.30000001192092896
12390,169.028715,SDSS J143149.24+361951.0,QX,217.9551727,36.3308398,2.5160000324249268
23059,86.589098,WISEA J213451.84-464258.8,q,323.7160793,-46.7163694,1.399999976158142
23059,153.543058,Q 2131-4657,Q,323.7502456,-46.7298655,0.6840000152587891
2835,15.521944,J212208.29+183945.5,X,320.5345556,18.6626389,
23060,172.739002,SDSS J224521.44+222856.4,Q,341.3393492,22.4823399,1.7890000343322754
2836,137.301452,SDSS J003948.84+031957.4,NX,9.9535327,3.3326305,0.39500001072883606
2836,137.686891,SDSS J003950.43+031616.4,QX,9.9601473,3.2712245,1.3819999694824219
2836,164.064515,SDSS J003942.98+032041.5,QX,9.92911,3.3448506,1.465999960899353
2836,176.967911,SDSS J003934.57+031617.3,QX,9.8940455,3.2714951,2.3239998817443848
2837,164.35581,J013146.67+332957.7,X,22.9444723,33.4993612,
2838,122.439097,WISEA J044815.49-134156.6,q,72.0645449,-13.699071,2.200000047683716
12398,125.038427,SDSS J110713.09+454756.8,Q,166.8045434,45.7991192,1.0750000476837158
12398,177.295077,SDSS J110707.90+455212.9,Q,166.7829485,45.8702403,1.159000039100647
2841,0.333621,UGC 4869,AR,138.6430603,30.1408501,0.023000000044703484
2841,16.230119,SDSS J091433.72+300812.9,qR,138.6405112,30.1369246,1.2000000476837158
2841,26.58678,J091432.86+300808.4,R,138.6369445,30.1356667,
23070,114.889905,MCG 5-40-026,AX,255.2824123,29.4068287,0.035999998450279236
23070,155.509397,LAMOSTJ170048.47+292602.0,Q,255.2019822,29.4338906,1.843000054359436
12400,122.52392,UGC 7074,N,181.3475084,17.9199932,0.014000000432133675
12400,175.151507,SDSS J120517.74+175032.4,Q,181.3239288,17.8423589,3.0880000591278076
23073,79.547502,WISEA J210506.61+155037.0,q,316.2776042,15.8435767,1.7999999523162842
23074,164.763486,SDSS J220953.43+184126.6,Q,332.4726405,18.690744,1.3140000104904175
12402,72.45016,J130043.14+275704.3,X,195.1797778,27.9511945,
12402,112.60262,J130034.49+275842.6,X,195.1437223,27.9785,
12402,126.623049,J130046.80+275621.8,X,195.195,27.9393889,
12403,0.197645,CGCG 72-7,AR,197.3122604,8.5317249,0.024000000208616257
2849,133.132412,J175719.50+275843.6,X,269.3312853,27.9787842,1.7999999523162842
2849,147.701807,WISEA J175717.89+275933.1,q,269.3245605,27.9925413,1.7999999523162842
12404,114.861407,WISEA J143408.50+275454.4,q,218.5353637,27.9151663,0.4000000059604645
23079,87.322977,2SLAQ J093218.78+002024.5,N,143.0782623,0.3401301,0.10999999940395355
2852,0.288354,NGC 4158,AR,182.7923485,20.1756303,0.00800000037997961
12405,0.20601,CGCG 274-19,AX,226.985801,52.5225085,0.012000000104308128
12405,135.230733,SDSS J150741.80+523118.0,QX,226.9241674,52.5216846,1.6540000438690186
12405,156.562372,SDSS J150758.79+523356.2,Q,226.9949809,52.5656267,0.6240000128746033
2853,122.947142,WISEA J223523.90+344655.7,qR,338.8496233,34.7821578,0.10000000149011612
12406,0.262597,MCG 8-30-048,A,250.7894819,45.8457632,0.017999999225139618
12406,132.700448,SDSS J164315.39+454847.5,A,250.8141204,45.8131983,0.43700000643730164
23082,72.373082,SDSS J113058.47+251222.0,Q,172.7436594,25.2061146,2.3459999561309814
23082,72.629502,WISEA J113104.66+251304.4,q,172.7694715,25.2179097,1.2999999523162842
2854,37.006565,SDSS J233034.27+000506.9,QX,352.6428241,0.0852413,1.8890000581741333
2854,153.35844,DEEP J233021.80+000446.2,A,352.59085,0.079502,0.8040000200271606
2854,173.691238,J233043.58+000441.8,X,352.6815865,0.0782935,0.4000000059604645
23083,0.015467,IRAS 11463-3304,AR,177.2270524,-33.3447938,0.02800000086426735
2855,4.87498,J011036.82+330731.7,X,17.6534167,33.1254723,
2855,71.000096,SDSS J011031.91+330655.0,QX,17.6329641,33.1152937,1.527999997138977
2855,157.866328,WISEA J011026.68+330912.9,qX,17.6111846,33.153598,0.10000000149011612
23084,79.566534,WISEA J115532.33-011425.6,q,178.8846746,-1.240457,0.8999999761581421
23084,161.440634,WISEA J115538.74-011727.1,q,178.9114566,-1.2908726,0.4000000059604645
12408,53.622553,WISEA J010822.66-470454.3,qX,17.0943935,-47.0817601,0.30000001192092896
12408,158.765707,WISEA J010803.42-470348.2,qX,17.0142459,-47.0634168,1.2000000476837158
12409,72.256859,SDSS J015703.60-002657.6,Q,29.2650246,-0.4493456,2.1549999713897705
12409,92.756608,SDSS J015707.23-002637.7,Q,29.2801513,-0.4438079,0.8899999856948853
12409,133.645003,SDSS J015656.34-002810.3,QX,29.2347791,-0.4695434,1.7999999523162842
12409,162.988275,SDSS J015658.47-002558.1,QX,29.2436451,-0.4328176,1.3200000524520874
2858,79.850928,J030701.33-093234.7,X,46.7555653,-9.5429974,2.5999999046325684
2858,89.771067,WISEA J030652.91-093120.9,qX,46.7204671,-9.5224788,0.30000001192092896
23089,158.338581,SDSS J153738.11+130905.2,qR,234.4088202,13.1514557,1.399999976158142
23089,175.976202,SDSS J153737.13+131207.1,Q,234.4047472,13.2019659,2.0850000381469727
12411,0.039125,MCG 4-06-043,AX,36.7275059,23.7996702,0.032999999821186066
2861,29.845192,J232447.63+151615.8,2,351.1984723,15.2710556,
2861,104.047777,SDSS J232442.27+151614.6,QX,351.1761258,15.2707427,2.5390000343322754
23092,96.554134,SDSS J004848.24+280446.7,Q,12.2010371,28.0796567,1.8339999914169312
23094,106.798844,SDSS J012255.51+332631.3,Q,20.7313027,33.442038,2.1559998989105225
23094,149.796131,J012258.84+332237.7,X,20.7451945,33.3771389,
2866,102.35892,WISEA J181640.77+250146.8,q,274.1699564,25.0296461,1.2999999523162842
14385,156.542329,SDSS J132748.12+560252.0,Q,201.9505138,56.0477779,1.100000023841858
14386,0.16969,CGCG 170-22,N,260.7357042,31.3419463,0.014999999664723873
4632,98.486476,J032104.64-370428.7,X,50.2693334,-37.0746389,
14387,161.723905,WISEA J195511.35-573122.5,q,298.7973838,-57.5229595,2.0999999046325684
14387,163.073456,WISEA J195537.51-573301.4,q,298.9064332,-57.5504491,2.700000047683716
4633,73.27413,J092756.89+295959.3,X,141.9870556,29.9998056,
4633,122.56359,J092746.02+300033.6,X,141.94175,30.0093334,
4633,151.398444,J092758.23+300122.7,X,141.9926389,30.0229723,
14389,0.491847,CGCG 499-10,ARX,358.9343381,30.2123833,0.03099999949336052
4635,95.995458,2QZ J014028.2-285406,Q,25.1176206,-28.9015634,2.7899999618530273
4636,2.129299,UGC 1479,NRX,30.0794723,24.4742778,0.017999999225139618
4636,87.797505,SDSS J020017.08+242701.6,Q,30.0711991,24.4504723,1.6080000400543213
4636,177.895792,SDSS J020017.64+243122.1,Q,30.0735234,24.5228153,1.246999979019165
4637,0.380782,UGC 1757,NRX,34.3459805,38.4137708,0.019999999552965164
14395,137.956517,SDSS J101431.27+393222.6,Q,153.6303108,39.5396268,2.513000011444092
14395,175.921711,SDSS J101442.26+393145.3,Q,153.6760972,39.529271,1.8530000448226929
4639,140.083814,SDSS J075033.62+301500.6,Q,117.640112,30.2501743,1.7280000448226929
4640,88.575092,WISEA J080506.09-673639.1,q,121.275402,-67.610872,0.8999999761581421
14400,169.148953,WISEA J141317.76-293447.9,q,213.3240393,-29.5799978,1.5
14401,149.18437,WISEA J160934.91+641929.2,q,242.3952119,64.3248186,1.899999976158142
14401,171.393651,WISEA J160959.12+642252.0,q,242.4962132,64.3811121,1.2999999523162842
14404,102.980554,WISEA J180628.74+463405.9,q,271.6197908,46.5683064,0.20000000298023224
14406,0.131352,CGCG 403-19,ARX,331.0735474,4.6672366,0.02800000086426735
14406,170.1279,SDSS J220407.04+043900.8,Q,331.0293338,4.6502352,2.809999942779541
4646,157.388468,WISEA J171929.85+110957.4,q,259.8743526,11.1659288,0.8999999761581421
4647,136.369875,WISEA J022620.96+260244.8,q,36.5873692,26.0458011,0.10000000149011612
14412,111.402951,SDSS J160506.30+134341.1,Q,241.2762627,13.7280813,1.1740000247955322
4654,92.654301,SDSS J024847.87+010031.9,Q,42.1994703,1.0088651,1.9329999685287476
4654,142.076892,SDSS J024844.92+010057.7,Q,42.1871957,1.0160323,0.859000027179718
4654,166.157868,SDSS J024858.45+010136.3,Q,42.243555,1.0267699,0.9430000185966492
14418,147.177782,SDSS J230936.96+323824.9,Q,347.4040069,32.6403045,1.4190000295639038
14424,163.836757,WISEA J140728.68+094152.8,q,211.8695407,9.6980031,1.100000023841858
14425,75.884979,SDSS J163100.26+395114.8,QX,247.7511217,39.8541377,1.097000002861023
14425,113.067977,MCG 7-34-105,NX,247.7642074,39.8384906,0.03099999949336052
14425,164.550216,SDSS J163106.29+395215.2,QX,247.7762315,39.8708975,1.225000023841858
14425,173.977444,J163057.79+394802.7,X,247.7407973,39.8007627,2.299999952316284
4665,0.050272,NGC 3858,N,176.2986667,-9.3139723,0.01899999938905239
4667,83.259724,SDSS J014523.85+103244.5,Q,26.3493992,10.545735,3.0759999752044678
4670,34.262989,NGC 7237,ARX,333.6953506,13.8408701,0.026000000536441803
14433,114.502315,WISEA J124351.75+104502.7,q,190.9656717,10.7506566,2.5
14433,139.746369,SDSS J124336.93+104516.0,QX,190.9038771,10.7544789,0.7990000247955322
4671,142.906823,WISEA J021605.04+323714.1,q,34.0210142,32.6205705,0.8999999761581421
4674,52.269513,J094544.88-142220.5,X,146.437,-14.3723612,
4674,176.974478,NGC 2992,NRX,146.4249167,-14.3263612,0.00800000037997961
4675,88.04083,SDSS J103929.00+472436.9,Q,159.8708767,47.4102784,1.1100000143051147
14440,1.181287,UGC 5138,NX,144.6277763,2.573265,0.023000000044703484
14440,84.100051,SDSS J093825.49+023354.0,QX,144.6062465,2.5650235,2.7219998836517334
4677,167.133487,SDSS J234249.58+270552.2,Q,355.7066215,27.0978492,3.888000011444092
14442,117.20842,WISEA J105114.21+684049.1,q,162.8092414,68.6803167,0.8999999761581421
14442,179.265047,WISEA J105101.94+684048.4,q,162.7579739,68.6801216,1.5
14444,175.286833,SDSS J113653.95+490304.4,Q,174.2247955,49.051235,1.531999945640564
4680,122.58201,WISEA J024533.70-244717.4,q,41.3904204,-24.7881589,1.2999999523162842
14447,130.838487,SDSS J134650.09+161416.7,Q,206.7087289,16.237951,1.0360000133514404
14448,54.456511,SDSS J135250.02+021455.2,qX,208.2084427,2.2486504,0.699999988079071
14448,103.201946,SDSS J135256.87+021528.5,QRX,208.2369937,2.2579098,2.5889999866485596
14450,177.143151,SDSS J161654.84+192915.7,Q,244.2285357,19.4877282,3.069999933242798
4683,0.155736,NGC 3427,AR,162.8596878,8.2986913,0.020999999716877937
4683,136.390786,SDSS J105122.11+081956.4,Q,162.8421658,8.3323449,2.563999891281128
4683,153.322342,WISEA J105118.53+081614.7,qX,162.8272178,8.2707735,0.30000001192092896
14451,141.648129,WISEA J174646.57-602705.2,q,266.6938294,-60.4515353,0.800000011920929
4684,0.891552,UGC 8107,AR,194.9157103,53.3411951,0.02800000086426735
14454,40.946588,SDSS J224118.76+333716.0,QR,340.3281481,33.6211121,1.284999966621399
4685,84.522573,SDSS J130012.10+281242.8,qX,195.0504392,28.2119053,1.0
4685,96.772133,J130011.25+281128.9,X,195.0468889,28.1913612,
4685,107.612394,SDSS J130024.98+281302.1,qX,195.1041058,28.2172782,1.7999999523162842
4685,176.164891,SDSS J130009.83+281428.1,qX,195.041002,28.2411634,1.5
14456,126.960442,WISEA J234827.64-280525.2,q,357.1150817,-28.0904694,2.299999952316284
4687,0.490272,UGC 8786,NR,208.2193754,-1.8953612,0.02500000037252903
4687,34.165178,J135250.41-015346.4,X,208.2100556,-1.8962223,
4687,172.162736,2QZ J135301.5-015154,N,208.256542,-1.8650556,0.19699999690055847
14460,30.034781,J082218.37+210531.5,X,125.5765556,21.0920834,
14460,56.932183,SDSS J082212.81+210502.3,QX,125.5534119,21.083981,1.7949999570846558
14462,113.484773,SDSS J094337.48+501441.4,Q,145.9061935,50.2448317,1.0980000495910645
4692,62.354759,WISEA J041539.55+011103.5,qR,63.914796,1.184307,0.699999988079071
4693,179.807272,SDSS J115347.82+205534.7,Q,178.4491957,20.9263516,0.8659999966621399
4694,157.548594,SDSS J124012.15+082538.8,QX,190.0506369,8.4274849,0.9480000138282776
4696,119.562287,WISEA J054023.35-553156.3,q,85.0972381,-55.5321328,1.899999976158142
14468,163.888836,SDSS J131624.55-020525.4,AR,199.1022952,-2.0903764,0.11400000005960464
14468,164.083489,WISEA J131632.94-020808.2,q,199.1372528,-2.1356738,0.4000000059604645
4697,29.751376,SDSS J104953.13+325910.4,NX,162.47138,32.98624,0.004999999888241291
4697,84.947601,J104949.61+325837.4,X,162.4567223,32.9770556,
4697,114.136195,SDSS J104947.40+330026.2,QX,162.4475055,33.0073107,1.0839999914169312
4697,123.271149,J104946.70+325823.4,X,162.4446083,32.9731727,0.8999999761581421
4697,171.862002,J105008.75+325938.3,X,162.5364723,32.9939723,
4699,151.645656,J231439.85+043202.9,X,348.6660556,4.5341389,
4699,156.69904,J231442.22+043140.1,X,348.6759167,4.5278056,
14474,130.752161,SDSS J020727.55-020317.7,QX,31.8648188,-2.0549538,0.675000011920929
4700,100.640383,LAMOSTJ001926.12+062838.1,Q,4.8588344,6.4772802,1.5
14478,174.419974,SDSS J080954.83+245644.2,A,122.4784838,24.945613,0.46000000834465027
14480,0.18211,MCG 6-36-043,NR,246.6262119,35.6717918,0.032999999821186066
4706,168.603316,J112353.75-122009.6,R,170.9739716,-12.3360107,0.5
14481,170.032592,WISEA J190453.72+493708.7,q,286.2238595,49.619085,1.2999999523162842
4707,65.043814,SDSS J141032.82+193740.1,Q,212.6367912,19.6278216,2.0450000762939453
4707,76.841086,SDSS J141030.47+193606.3,QX,212.6269907,19.6017767,0.9229999780654907
14482,150.071531,WISEA J194933.00-273229.7,q,297.3874965,-27.5416049,0.30000001192092896
4710,0.218951,UGC 4060,NX,117.8591282,14.0204018,0.01600000075995922
4713,157.526231,WISEA J043100.63-054631.6,q,67.7526141,-5.7754818,1.7000000476837158
4716,0.13856,NGC 4148,BR,182.5331947,35.8776183,0.02199999988079071
4716,128.115669,SDSS J121014.95+355415.0,Q,182.5623336,35.9042078,2.0230000019073486
4716,135.747822,WISEA J120959.16+355115.6,q,182.4965284,35.8543598,1.0
4717,151.488419,SDSS J011614.39+301910.9,Q,19.0599929,30.3197088,0.8790000081062317
4718,148.09604,SDSS J124942.56+024932.1,Q,192.4273402,2.8255959,2.3469998836517334
4718,175.942142,SDSS J124944.37+025337.3,Q,192.43488,2.8936988,2.2769999504089355
4719,114.208505,WISEA J205924.39-324237.0,q,314.8516781,-32.7102901,0.5
14490,66.711394,WISEA J043954.36-085526.9,q,69.9765284,-8.9241397,1.7999999523162842
4720,82.759699,SDSS J012203.53+005629.6,QX,20.5147671,0.9415337,1.184999942779541
4721,80.434486,J024911.36-311611.9,X,42.2973612,-31.2699723,
4721,97.474608,J024902.97-311830.9,X,42.2623889,-31.3085834,
4721,164.620455,J024856.55-311620.2,X,42.235644,-31.2722787,
4722,118.748326,WISEA J045300.94-152203.5,q,73.2539506,-15.3676438,0.4000000059604645
14494,128.894708,SDSS J114425.14+201219.6,qX,176.1047668,20.2054539,0.5
4723,147.410833,J125603.08+633427.5,X,194.0128602,63.5743273,0.30000001192092896
14495,53.699477,NGC 3862,ARX,176.2708711,19.6063189,0.02199999988079071
14495,137.877358,Q J11451+1939,Q,176.2837492,19.6550911,1.031999945640564
14495,143.508412,SDSS J114455.47+193834.6,Q,176.2311532,19.6429642,2.2049999237060547
4724,156.269969,WISEA J150639.22+234103.6,q,226.6634421,23.6842812,1.100000023841858
14497,36.546223,SDSS J134818.92+182200.6,Q,207.07883,18.3668189,2.5799999237060547
14497,93.4516,SDSS J134823.10+182023.7,qR,207.0962551,18.3399333,0.4000000059604645
14497,122.224044,SDSS J134819.87+181925.8,Q,207.0828229,18.3238212,4.940000057220459
14497,149.330888,SDSS J134807.82+182149.2,Q,207.0325826,18.3636498,2.303999900817871
4730,0.071528,NGC 5664,NR,218.43175,-14.6196945,0.014999999664723873
14501,11.071284,J223937.84+114621.2,R,339.9076667,11.7725556,
14501,15.163167,J223938.08+114623.7,R,339.9086945,11.77325,
14502,82.61629,J232516.82+151223.6,X,351.3200879,15.2065697,0.4000000059604645
4732,107.965027,WISEA J093427.67-140001.7,q,143.6153275,-14.0004896,0.8999999761581421
4734,75.548462,SDSS J232234.35+291041.1,Q,350.64313,29.1780894,1.5260000228881836
14508,0.221443,MCG 7-23-029,AR,167.917391,39.3748895,0.02500000037252903
14508,125.624273,SDSS J111150.45+392150.1,Q,167.9602098,39.3639488,2.1710000038146973
14508,130.71323,SDSS J111137.52+392436.5,Q,167.9063534,39.4101544,0.5920000076293945
14508,151.285823,SDSS J111148.06+392429.8,Q,167.9502551,39.4082945,2.3320000171661377
4737,0.137244,UGC 7115,AR2X,182.0231503,25.2373171,0.023000000044703484
14509,0.185946,NGC 3799,N,175.0391105,15.3273328,0.010999999940395355
14509,172.649327,SDSS J114020.14+151823.9,Q,175.0839168,15.3066556,2.9000000953674316
4738,57.591132,SDSS J131538.36+025311.8,Q,198.909856,2.8866615,2.944999933242798
14511,133.038555,SDSS J125716.10+272937.8,qX,194.3171191,27.4938399,2.4000000953674316
14511,149.74168,SDSS J125700.79+272622.6,QX,194.2533182,27.4396583,3.1760001182556152
14511,167.940863,J125717.79+273004.6,X,194.3241389,27.5012778,
4740,104.061325,SDSS J004657.41+324213.7,QX,11.739228,32.703808,3.9079999923706055
4740,151.162008,SDSS J004644.06+324043.4,Q,11.683617,32.6787097,3.111999988555908
14514,117.903119,WISEA J152034.71-242953.8,q,230.1446084,-24.4983433,0.30000001192092896
4743,174.809356,SDSS J014851.46+131038.2,qX,27.2144451,13.1772861,1.100000023841858
14518,104.906606,SDSS J225611.30+035352.7,qR,344.0470886,3.8979843,0.4000000059604645
14518,111.605797,LAMOSTJ225614.42+035349.1,QR,344.0601049,3.8969707,1.1699999570846558
4747,0.315731,NGC 4003,NR,179.4959298,23.1248828,0.02199999988079071
14520,90.418044,SDSS J015810.13+141730.6,Q,29.5422229,14.2918615,2.196000099182129
14520,121.539685,SDSS J015808.61+141658.1,Q,29.5358916,14.2828214,0.9309999942779541
14522,122.871239,PGC 2511744,A,126.9838634,55.7116209,0.09000000357627869
4752,82.633834,WISEA J173619.07+680844.3,qX,264.0794946,68.145717,1.0
4752,86.005927,SDSS J173558.73+680805.1,qX,263.994675,68.1346162,1.5
4752,130.642708,WISEA J173619.91+680736.7,qX,264.0828563,68.126874,1.600000023841858
4752,136.231901,J173629.57+680850.4,X,264.1232223,68.1473334,
14525,57.626913,SDSS J102545.65+134302.1,qX,156.4402511,13.7172969,1.2000000476837158
4753,0.013953,ESO 602-25,AR,337.8561667,-19.0344723,0.02500000037252903
4753,76.276876,WISEA J223130.79-190153.1,q,337.878357,-19.0314665,0.6000000238418579
14529,106.367871,J125350.35-090816.2,X,193.4597967,-9.1378399,
14529,161.092659,J125355.88-090426.8,RX,193.4828615,-9.0741222,0.800000011920929
14529,173.610043,J125344.86-090808.3,X,193.4369445,-9.1356389,
4758,90.653224,SDSS J145906.87+494839.1,Q,224.7786731,49.8108279,1.9010000228881836
4758,151.180769,SDSS J145913.74+494850.2,Q,224.807312,49.8139556,1.9869999885559082
14534,14.355019,J164144.32+393845.4,X,250.4346667,39.6459445,
14534,44.791576,J164141.84+393857.5,X,250.4243732,39.6493253,1.100000023841858
14534,99.673819,SDSS J164152.47+393741.4,QX,250.468633,39.6281756,1.5080000162124634
14534,112.527988,SDSS J164148.41+394021.9,QX,250.4517324,39.6727705,1.3580000400543213
14534,122.495042,J164146.86+393634.6,X,250.4452899,39.6096127,0.699999988079071
4762,141.650719,WISEA J024134.23-122337.9,q,40.3926727,-12.3938855,2.299999952316284
14537,177.280812,SDSS J231209.61+284518.7,Q,348.0400638,28.7552218,1.0839999914169312
4763,177.542153,WISEA J035901.18+011437.0,q,59.7549482,1.2436203,0.699999988079071
14538,134.73103,SDSS J235615.45+003408.7,Q,359.064414,0.5690887,1.6019999980926514
14538,161.376818,SDSS J235610.87+003023.2,Q,359.0453211,0.5064677,1.1720000505447388
14540,144.561055,SDSS J023005.81+011014.2,Q,37.524226,1.1706214,1.4500000476837158
14540,155.25364,SDSS J022958.10+011317.5,Q,37.4921115,1.2215475,1.4459999799728394
14540,155.897861,SDSS J022951.18+010829.4,A,37.4632891,1.1415191,0.24699999392032623
4766,57.486957,J082317.86+042213.8,X,125.8244522,4.3705201,0.5
4766,93.767982,SDSS J082320.12+042050.0,qX,125.8338507,4.3472224,1.600000023841858
4766,113.655837,SDSS J082316.65+042055.6,qX,125.8193864,4.3487899,2.0
14541,69.658292,SDSS J031722.58-000501.3,QRX,49.3441069,-0.0837359,2.3519999980926514
4773,0.032748,ESO 153-20,NR,31.5145418,-55.1935278,0.019999999552965164
4773,177.682208,WISEA J020542.77-551137.1,q,31.4280829,-55.1936927,0.8999999761581421
14549,0.461523,MCG 3-29-049,ARX,171.7294992,18.8326115,0.01899999938905239
14552,126.558526,J134941.66+735700.8,R,207.4236112,73.9502223,
14552,164.316228,WISEA J135048.41+735604.7,q,207.7016153,73.9346504,1.899999976158142
14560,173.404856,GB 0723+488,QRX,111.7629215,48.7361448,2.4600000381469727
14561,13.422796,J082253.11+033403.2,X,125.7213056,3.5675556,
14562,63.492037,J120609.48+281431.4,X,181.5395,28.2420556,
4785,143.289323,SDSS J135256.41+025114.8,Q,208.2350823,2.8541091,1.7699999809265137
14565,39.545763,LAMOSTJ215301.13+101143.1,Q,328.2546891,10.1952979,1.7089999914169312
14565,166.889317,SDSS J215310.78+101128.3,Q,328.294907,10.1911993,0.9210000038146973
4788,93.328998,J084032.60+732818.0,X,130.1358514,73.4716805,0.20000000298023224
14567,0.035212,NGC 166,NR,8.95325,-13.6106389,0.019999999552965164
4790,133.162912,WISEA J184106.60-414529.8,qX,280.2774701,-41.7582702,1.7999999523162842
4793,106.392106,SDSS J104444.37+261128.9,Q,161.18491,26.1913859,2.177999973297119
14574,51.024462,SDSS J111441.09+301845.4,Q,168.6712323,30.3125928,1.3580000400543213
14574,151.265229,SDSS J111430.71+301645.1,Q,168.6279794,30.279208,2.763000011444092
14576,120.562224,WISEA J140116.44+083415.7,qR,210.3185727,8.5711171,2.0999999046325684
14578,179.72332,J161709.36+681213.9,X,244.289,68.2038612,
14579,140.369968,J175609.00+651149.1,X,269.0375037,65.1969977,
4798,67.850038,SDSS J231816.90+291245.3,QRX,349.5704746,29.2126134,0.22599999606609344
4798,139.622312,SDSS J231814.69+291130.8,Q,349.5612582,29.1919032,1.9110000133514404
4798,152.370093,SDSS J231804.69+291249.2,Q,349.519592,29.2137194,1.5859999656677246
14582,136.689735,WISEA J225825.64-650533.4,q,344.6068197,-65.0926582,0.20000000298023224
14582,157.288791,WISEA J225819.10-650509.8,q,344.57959,-65.0860939,0.800000011920929
14583,141.204204,J012332.63+331743.3,X,20.8859912,33.2953686,1.2999999523162842
14583,144.419601,J012331.83+332212.4,X,20.8826389,33.3701112,
14589,48.10923,J091540.10+441402.7,X,138.9170834,44.2340834,
14589,141.250784,J091546.14+441630.0,X,138.94225,44.275,
4805,109.560237,SDSS J012533.12-013330.0,QX,21.3879938,-1.5583309,1.5729999542236328
4805,177.335077,SDSS J012515.08-013155.4,QX,21.3128847,-1.5320929,1.3890000581741333
14592,49.899603,J162303.22+375723.8,X,245.7634445,37.9566112,
14592,106.1712,SDSS J162300.86+375511.3,QX,245.7536208,37.9198024,1.2319999933242798
14592,145.101083,SDSS J162311.80+375719.8,Q,245.7991707,37.95552,0.9829999804496765
14592,158.482227,SDSS J162304.37+375925.1,Q,245.7682275,37.9902894,1.4049999713897705
14592,175.820195,SDSS J162307.20+375928.3,QX,245.7799921,37.9912002,2.890000104904175
4808,104.373139,WISEA J071217.73-603037.6,q,108.0739048,-60.5104319,1.100000023841858
14595,100.987085,SDSS J010920.97+320815.5,QX,17.3373676,32.1376503,1.8049999475479126
14595,171.002918,SDSS J010927.37+320842.6,QX,17.3640818,32.1451976,1.8489999771118164
4811,51.567167,SDSS J004347.19+325137.2,Q,10.9466422,32.860344,2.056999921798706
4811,149.13403,SDSS J004402.28+325037.8,Q,11.0095355,32.8438511,1.600000023841858
14602,93.133957,SDSS J125931.15+482116.1,Q,194.8798194,48.3544878,1.7430000305175781
14602,125.243075,SDSS J125928.30+481852.9,Q,194.8679672,48.3147404,1.8250000476837158
14605,164.969528,WISEA J225602.02-582104.7,q,344.0085123,-58.3513961,1.399999976158142
14605,166.977089,WISEA J225555.46-582120.5,q,343.981091,-58.355777,1.5
4814,155.252395,WISEA J104218.47-403315.3,q,160.5770036,-40.5542902,2.799999952316284
4818,162.068544,LAMOSTJ001613.14+101716.1,Q,4.0547559,10.2878259,2.2100000381469727
14612,0.036822,PGC 170398,AR,343.9997922,-12.37,0.026000000536441803
4819,135.203258,SDSS J002552.71-021857.9,Q,6.4696825,-2.3161228,2.88700008392334
14613,140.103377,SDSS J233108.00+095057.5,Q,352.7833685,9.8493256,0.8199999928474426
14613,155.949815,SDSS J233057.33+094655.9,Q,352.7388839,9.7822159,2.3010001182556152
4820,176.86199,WISEA J030200.73-400227.5,q,45.5030695,-40.0409413,0.5
4822,55.614299,SDSS J121126.54+574415.7,Q,182.8606035,57.7377195,2.6670000553131104
14619,77.819011,J120625.87+280856.9,X,181.6078112,28.1491626,0.20000000298023224
14619,131.861652,J120637.11+280959.1,X,181.6546389,28.1664167,
14619,145.026281,J120636.10+280608.6,X,181.6504167,28.1023889,
14619,166.047958,J120629.89+280530.6,X,181.6245605,28.0918389,1.7999999523162842
14619,169.857498,NGC 4104,NRX,181.6623803,28.1744721,0.02800000086426735
14619,172.816797,J120630.35+280523.4,X,181.6264819,28.0898545,2.299999952316284
14619,177.420903,J120640.31+280610.0,X,181.6679723,28.1027778,
4824,0.326765,NGC 6113,NR,244.7939507,14.1336572,0.029999999329447746
14620,0.098188,NGC 4850,AX,194.590977,27.9677782,0.019999999552965164
14620,102.803565,SDSS J125818.44+275936.3,QX,194.5768974,27.9934577,1.7230000495910645
14620,109.024848,SDSS J125829.98+275818.3,qX,194.6249902,27.9717553,1.7000000476837158
14621,78.560249,WISEA J130059.12-360619.8,q,195.2463582,-36.1055384,1.2999999523162842
14622,133.257933,WISEA J140220.86-335659.3,qX,210.5868873,-33.9498221,1.100000023841858
14623,165.086116,SDSS J141412.26+352806.2,Q,213.5510965,35.4684011,1.8509999513626099
14624,177.270824,SDSS J142041.36+150036.7,Q,215.1723444,15.0102027,3.2309999465942383
4827,0.370732,UGC 892,NX,20.3191571,-0.5444958,0.017000000923871994
4827,140.313774,SDSS J012112.14-003037.0,QX,20.3005698,-0.5102971,1.6579999923706055
4827,156.635086,MCG 0-04-092,N,20.2777461,-0.5314675,0.09099999815225601
14625,126.50876,SDSS J162849.34+411643.3,Q,247.2055985,41.2787184,1.8660000562667847
14625,133.142179,SDSS J162851.49+411536.1,Q,247.2145888,41.260064,3.0139999389648438
14625,138.78484,SDSS J162910.50+411543.7,Q,247.293752,41.2621395,0.8309999704360962
4828,75.281132,J015119.65+223439.2,X,27.831908,22.5775801,
4828,95.105619,J015121.19+223446.8,X,27.8383056,22.5796667,
4828,141.915574,J015124.23+223534.0,X,27.8509723,22.5927778,
14627,167.951579,WISEA J001100.03-125208.3,q,2.7501623,-12.8689863,1.100000023841858
14628,153.978228,SDSS J011126.38+332222.0,QRX,17.8599287,33.3727935,0.6579999923706055
14630,0.096214,MCG +00.11.002,ARX,59.4943875,-0.1905198,0.014000000432133675
4830,179.169669,SDSS J101112.44+465747.6,Q,152.8018692,46.9632223,2.1670000553131104
4831,0.213244,NGC 4198,AR,183.5918703,56.0114391,0.03099999949336052
14634,79.707781,SDSS J085557.99+180909.9,Q,133.991637,18.1527506,3.183000087738037
14634,124.186753,SDSS J085543.75+180923.0,Q,133.9323561,18.1563987,1.2369999885559082
14634,146.767454,SDSS J085542.52+180845.5,Q,133.9271851,18.1459963,2.4779999256134033
4833,175.978587,SDSS J144032.98+033041.6,qX,220.1374359,3.5115762,1.0
14636,0.25708,NGC 4109,NR,181.7129857,42.9956551,0.023000000044703484
14636,113.601443,J120700.74+430025.5,X,181.7530906,43.0071107,2.0
14636,174.970257,J120635.22+425927.9,X,181.64675,42.9910834,
14637,110.166945,SDSS J120654.42+204725.8,Q,181.7267432,20.7904839,3.3320000171661377
14639,110.232975,WISEA J143010.15+785304.8,q,217.5426423,78.8847101,1.7999999523162842
4837,163.776655,WISEA J123504.62+734223.8,qR2X,188.7691881,73.7066265,0.30000001192092896
14647,140.867014,SDSS J015422.71+200409.5,A,28.594657,20.069333,0.18199999630451202
14648,69.945914,J015616.14+053813.0,X,29.0672806,5.6369704,0.30000001192092896
4843,169.13151,SDSS J121017.47+252116.7,QR,182.5728056,25.3546616,3.928999900817871
14651,139.454079,WISEA J050004.67-183250.1,q,75.0194627,-18.5472393,1.5
14654,179.4263,SDSS J111846.12+124138.8,Q,169.6921839,12.6940773,1.2309999465942383
4848,0.195998,NGC 4992,NRX,197.2733285,11.6341266,0.02500000037252903
4848,168.41124,J130917.04+113755.7,X,197.321,11.6321389,
14659,138.497106,SDSS J233432.43+264134.0,Q,353.635148,26.6927892,0.8130000233650208
14659,165.797696,SDSS J233426.74+264408.0,Q,353.6114529,26.7355842,1.215999960899353
14660,102.622674,SDSS J004248.58+323335.5,Q,10.7024238,32.5598888,1.621000051498413
14660,107.716532,SDSS J004245.67+323430.9,Q,10.6903202,32.5752881,2.240000009536743
4850,119.253531,SDSS J020027.15+281424.0,Q,30.113127,28.2400253,1.8880000114440918
14662,177.755168,WISEA J020331.31-624953.8,q,30.8806328,-62.8316934,1.100000023841858
14663,78.244647,SDSS J021450.67+312932.3,Q,33.7111735,31.4923019,1.3899999856948853
14665,163.715186,WISEA J030016.44+055011.3,q,45.0685022,5.8364771,1.600000023841858
14666,41.797596,J041846.71+022114.0,X,64.6946372,2.3538952,1.7000000476837158
14669,136.780103,SDSS J091414.50+431021.8,Q,138.5604575,43.1727349,1.6119999885559082
4856,145.259474,SDSS J014506.74+103821.0,Q,26.278106,10.6391967,1.9579999446868896
4862,0.048859,ESO 549-49,ARX,60.6069521,-18.0476072,0.026000000536441803
14681,87.350132,J204532.77-340650.4,R,311.3865482,-34.1140137,
4863,0.722254,UGC 3255,NRX,77.4589445,7.4836112,0.01899999938905239
4865,158.580328,WISEA J134753.25+382021.4,q,206.9718922,38.3392961,2.299999952316284
14688,0.483604,MCG -1-27-031,AX,159.9431823,-5.4831935,0.020999999716877937
4866,117.42273,WISEA J234141.42-033215.8,qX,355.4225697,-3.5377165,0.6000000238418579
14691,0.180326,MCG 7-26-032,A,189.3154139,39.48314,0.019999999552965164
14691,104.835226,SDSS J123707.33+392939.7,Q,189.2805654,39.4943652,0.8360000252723694
14694,119.846933,WISEA J160431.71+034657.9,q,241.1321668,3.782773,1.2999999523162842
14695,173.367141,SDSS J161518.21+464401.9,Q,243.8258984,46.7338772,1.503999948501587
14700,133.579609,WISEA J233521.13-664458.9,q,353.837853,-66.7497209,0.30000001192092896
4874,141.629109,WISEA J134738.51+032237.4,q,206.9104614,3.377079,1.2999999523162842
14701,70.367901,J233911.72-165434.6,R,354.7988334,-16.9096112,
14706,106.496276,J082254.66+210256.7,X,125.7277749,21.0490971,0.30000001192092896
14706,125.937012,J082259.08+210307.4,X,125.7461667,21.0520556,
14706,161.176929,J082243.24+210605.5,X,125.6801945,21.1015278,
14707,109.689498,WISEA J130239.92-220546.9,qR,195.6663759,-22.0963664,0.800000011920929
4878,46.797218,J214619.70-463107.4,X,326.5821149,-46.5187389,
4878,119.175572,WISEA J214603.90-463040.5,qX,326.5162549,-46.5112769,0.4000000059604645
4878,123.27424,J214603.56-463135.0,X,326.5148334,-46.5263889,
4878,160.497995,J214626.34-462914.6,X,326.60975,-46.4873889,
14708,155.842322,UGC 9521,AR,221.7504067,11.5920189,0.03099999949336052
14709,158.068078,SDSS J162656.20+484048.5,Q,246.7342224,48.6801475,2.553999900817871
14709,171.110113,SDSS J162703.70+483840.3,Q,246.7654666,48.6445417,1.7549999952316284
14709,179.46155,SDSS J162722.78+483845.9,Q,246.8449332,48.646111,1.2139999866485596
14710,55.247509,WISEA J181752.49+412039.1,q,274.4686773,41.3441676,1.2999999523162842
4880,0.174694,NGC 2628,NR,130.0946022,23.5396443,0.012000000104308128
14713,0.084172,CGCG 425-34,ARX,315.5901648,10.971118,0.028999999165534973
4882,172.807647,SDSS J170344.32+362555.9,Q,255.9346704,36.4322123,0.6169999837875366
14716,161.41752,SDSS J003744.95+045420.0,Q,9.4372703,4.9055549,1.5180000066757202
4884,110.864551,J071132.24+291136.8,R,107.8843334,29.1935556,
4885,174.973628,SDSS J094113.07+103601.7,Q,145.3044662,10.6004988,2.9800000190734863
14722,82.818902,WISEA J050444.64-813510.6,q,76.1859309,-81.5863155,1.399999976158142
14725,37.444301,WISEA J080136.60+063659.4,q,120.4025461,6.6165267,0.699999988079071
14730,0.181017,MCG 3-36-038,N,211.1141578,16.3036589,0.014000000432133675
14732,178.356572,WISEA J191009.13-480845.2,q,287.5380603,-48.1459204,2.299999952316284
4892,71.563666,J084324.34-785642.2,X,130.8514445,-78.9450556,
14733,144.900688,J221423.86+135933.0,X,333.5994167,13.9925,
14733,156.860931,SDSS J221414.10+135901.1,AX,333.5587618,13.9836673,0.0989999994635582
14733,171.060003,J221433.18+135629.7,X,333.6382891,13.9416086,0.10000000149011612
14733,177.024355,J221414.63+135934.4,X,333.5609723,13.9928889,
14734,67.217345,J231418.58-024302.2,X,348.577449,-2.717282,0.30000001192092896
14734,133.871093,SDSS J231418.79-024137.8,QX,348.5783296,-2.6938524,2.197000026702881
14734,135.793692,J231414.78-024459.0,X,348.5616179,-2.7497283,0.10000000149011612
4893,161.676788,Q 09379+121,Q,145.1612466,11.9317272,2.736999988555908
14737,112.690714,WISEA J030830.83+342321.2,q,47.1284527,34.3892508,0.5
4896,0.049899,ESO 507-70,AR,195.7181253,-23.9215834,0.02199999988079071
4897,86.149871,MCG 2-36-002,NR,209.3078267,11.9974686,0.020999999716877937
14742,77.228817,SDSS J090847.05+373122.6,Q,137.1960914,37.5229355,1.5089999437332153
14744,94.86599,SDSS J122053.89+395413.3,Q,185.2245801,39.9037108,2.9000000953674316
14747,153.521225,WISEA J160229.03+680822.4,q,240.6205037,68.1397207,1.100000023841858
14750,79.185005,WISEA J004049.94-134657.0,q,10.2081436,-13.7824447,1.2999999523162842
14751,61.399717,SDSS J005848.71+003412.4,Q,14.7029987,0.5701316,1.1519999504089355
14751,133.912258,SDSS J005850.36+003301.9,Q,14.7098469,0.5505293,1.7070000171661377
14753,81.488777,J034757.66-020228.2,X,56.9902578,-2.0411832,1.100000023841858
4904,0.253063,NGC 4977,NR,196.5185296,55.656032,0.02800000086426735
14756,128.890871,J092130.78+641437.5,R,140.3782778,64.24375,
14757,178.758064,J133617.03+332228.8,R,204.0709813,33.3746773,1.7000000476837158
4907,139.53722,WISEA J014734.85-333454.8,qX,26.8952421,-33.5819021,2.4000000953674316
14758,39.161923,J143210.68+283356.9,2,218.0445,28.5658056,
4908,175.340924,WISEA J023413.92-104916.8,q,38.5580971,-10.8213471,2.0999999046325684
4908,175.954873,WISEA J023412.57-105033.0,q,38.5523903,-10.8425237,0.10000000149011612
14759,123.613279,PDS J01125-4605,Q,18.1333666,-46.0992635,2.240000009536743
14760,144.795779,SDSS J020838.92-074510.4,QX,32.1621822,-7.7528967,0.5289999842643738
4910,0.179606,NGC 3817,NRX,175.4705903,10.3043901,0.019999999552965164
4910,148.200998,SDSS J114143.65+101719.7,qX,175.4319153,10.2888107,1.899999976158142
4910,177.926541,SDSS J114204.47+101723.4,qX,175.5186462,10.2898474,0.5
14766,22.917288,SDSS J155529.08+415652.1,Q,238.871185,41.9478235,1.2940000295639038
14766,68.265863,SDSS J155524.84+415704.9,Q,238.8535348,41.95137,2.316999912261963
14768,9.488521,J170129.03+634120.1,R,255.3709723,63.6889167,
14772,108.762827,WISEA J190313.86+734555.3,q,285.8078764,73.7653974,1.2000000476837158
4917,12.663592,SDSS J092151.51+332419.4,Q,140.4646608,33.4054157,0.968999981880188
4918,73.133409,J120851.00+291911.8,X,182.2125106,29.3199694,0.5
14778,115.656951,SDSS J111745.35+511640.6,Q,169.4389758,51.2779552,2.174999952316284
14778,132.874372,SDSS J111721.34+511506.5,Q,169.3389253,51.2517885,2.1760001182556152
4919,109.225166,SDSS J121152.18+152438.7,Q,182.9674321,15.4107729,2.2950000762939453
14779,75.515894,WISEA J112343.01-094640.6,q,170.9292715,-9.7779791,0.8999999761581421
4922,171.003956,SDSS J123412.18+633257.3,QX,188.550788,63.549275,1.7719999551773071
14783,21.664758,SDSS J153905.20+053438.3,QR,234.7716886,5.5773429,1.5110000371932983
4923,166.68255,SDSS J125306.13+282230.7,Q,193.2755785,28.3752195,0.734000027179718
14787,73.12438,SDSS J230528.49-025835.7,Q,346.3686941,-2.9765923,0.9549999833106995
4924,0.109744,ESO 75-41,ARX,329.2749079,-69.6899125,0.02800000086426735
4924,27.602994,J215701.59-694108.2,X,329.2566389,-69.6856112,
4924,39.13681,J215702.47-694049.1,X,329.2603323,-69.6803113,
4924,59.151217,J215701.73-694028.9,X,329.2572223,-69.6746945,
4924,102.798828,J215724.98-694151.6,2X,329.3540834,-69.6976667,
14793,149.498348,WISEA J093150.35-160119.0,q,142.9598743,-16.0219525,2.4000000953674316
4926,46.403327,J005142.76+074353.0,X,12.9281945,7.7313889,
4926,94.481058,SDSS J005136.86+074354.0,QX,12.9035959,7.7316581,1.9299999475479126
4927,160.833116,J021704.46+143039.5,R,34.2685848,14.5109845,1.7999999523162842
14796,73.133235,J112217.63+241944.5,X,170.5734723,24.3290278,
14796,96.036638,SDSS J112209.94+241737.6,QX,170.5414182,24.2937739,3.3350000381469727
14796,153.936751,SDSS J112211.58+241629.9,QX,170.5482705,24.2749825,1.3350000381469727
14797,90.094266,SDSS J122238.29+510654.0,Q,185.6595917,51.1149937,1.680999994277954
14797,150.22097,SDSS J122249.51+510553.3,Q,185.7063,51.098164,0.5960000157356262
14797,178.92101,SDSS J122224.80+510726.1,Q,185.6033833,51.1239309,1.815999984741211
14802,153.005323,J204638.20+105932.1,X,311.6591841,10.9922719,2.5
14803,102.764618,SDSS J235203.97+312805.2,Q,358.0165378,31.468122,2.7079999446868896
14804,129.923439,2QZ J013848.0-314708,Q,24.7002824,-31.7855861,1.9270000457763672
14804,163.994979,2QZ J013841.2-315143,K,24.6718334,-31.8619445,0.503000020980835
14805,114.892268,WISEA J030641.02-734555.8,q,46.6708617,-73.7655268,2.0
4934,129.913322,QORG J200938.2-491745,QX,302.4091011,-49.2957182,0.9980000257492065
4935,120.4898,SDSS J020108.01+151103.1,NR,30.283405,15.184218,0.4009999930858612
4935,161.72734,SDSS J020048.62+151127.3,Q,30.2025873,15.1909435,2.686000108718872
14808,103.247619,J072958.88+644145.4,R,112.4953486,64.6959588,
14809,172.386578,SDSS J075310.22+500458.2,Q,118.2925984,50.0828374,1.5010000467300415
4937,6.228755,J111503.25-282338.7,R,168.7635556,-28.3940834,
14812,150.886949,SDSS J121706.94+425423.2,Q,184.2789493,42.9064621,1.7419999837875366
14814,0.145463,MCG 5-36-011,A,228.6658104,26.5941981,0.03200000151991844
14814,154.140292,WISEA J151433.89+263751.4,qR,228.6412359,26.6309514,2.200000047683716
14816,91.960072,SDSS J161359.00+345229.1,Q,243.4958341,34.8747503,1.684000015258789
14817,61.301958,WISEA J164640.58+653215.2,q,251.6691248,65.5376144,1.100000023841858
14820,32.617016,WISEA J180703.02+521600.7,q,271.7626204,52.2668888,0.8999999761581421
4943,149.788872,SDSS J082855.50+220158.7,Q,127.2312671,22.0329997,0.7509999871253967
4943,151.176915,SDSS J082852.34+220108.4,Q,127.2181351,22.0190416,2.259000062942505
4943,175.126888,SDSS J082857.77+220206.0,Q,127.2407408,22.0350073,0.8709999918937683
14823,149.644739,WISEA J005259.43+415600.4,q,13.2475452,41.9335556,2.200000047683716
14825,105.249227,WISEA J031713.07+033535.0,q,49.3044921,3.5930046,1.899999976158142
14825,134.45876,WISEA J031721.17+033434.2,q,49.3381793,3.5763425,1.7000000476837158
14826,148.594605,J044645.03+700453.5,X,71.6876389,70.0815278,
4948,67.335746,SDSS J124507.00+230218.8,Q,191.2791846,23.0385732,3.1670000553131104
14828,115.888041,SDSS J110435.17+292914.7,Q,166.146568,29.4874586,0.7200000286102295
14834,147.966844,SDSS J225818.71+264012.9,Q,344.5779531,26.670286,1.465999960899353
4952,0.207713,MCG -3-27-026,NR,160.5786426,-17.6485141,0.020999999716877937
14844,150.239004,J135253.33-282506.2,X,208.2222275,-28.4184016,2.4000000953674316
4955,179.45011,WISEA J042049.57+022207.7,q,65.2065566,2.3688058,1.5
14845,138.382758,WISEA J153913.08+314559.7,q,234.8044543,31.7665364,1.5
4957,105.164205,SDSS J092330.21+020858.5,AR,140.8758737,2.1495944,0.27900001406669617
4957,156.100032,SDSS J092327.20+020922.3,Q,140.8633641,2.1562265,0.7599999904632568
14848,111.113051,SDSS J233511.38+125630.8,Q,353.79743,12.941893,0.4650000035762787
14848,155.30728,J233524.22+125325.3,X,353.8509167,12.8903612,
14848,169.771145,SDSS J233515.59+125813.8,Q,353.8149704,12.9705098,1.9479999542236328
4960,68.3072,WISEA J134855.22-071208.3,q,207.2301684,-7.2023842,1.0
14852,149.896635,J041648.38-122357.1,RX,64.2015868,-12.3992182,1.0
4961,0.120797,UGC 10683B,ARX,256.2516471,-1.5412602,0.03099999949336052
14856,16.609886,LAMOSTJ113239.78+351958.0,Q,173.1657494,35.332753,0.8389999866485596
14858,143.22707,J130421.18-292632.3,X,196.0882757,-29.4423245,1.0
4966,121.799785,SDSS J123341.30+521714.1,Q,188.4221034,52.2872709,1.003000020980835
14861,142.912859,SDSS J141911.28+351804.8,QR,214.7970207,35.3013474,0.7300000190734863
14861,150.413003,WISEA J141917.83+351753.3,q,214.8243315,35.2981587,0.5
14861,154.837585,SDSS J141921.52+352233.2,Q,214.8397066,35.3759052,0.7910000085830688
4969,0.0374,ESO 317-38,ARX,157.440042,-38.3485556,0.014999999664723873
14866,151.047536,SDSS J232605.25+254442.1,Q,351.5218856,25.7450501,1.128999948501587
14872,151.01949,WISEA J051926.39+054442.5,qR,79.8600001,5.7452574,0.5
14873,154.650024,SDSS J082400.51+532235.0,Q,126.002128,53.3764132,1.4670000076293945
14875,29.209754,2QZ J112158.1-024022,Q,170.4922548,-2.6726151,0.6880000233650208
4976,0.072682,MCG +04.19.017,NRX,119.9727743,23.3900798,0.028999999165534973
4976,145.908437,J080004.02+232336.3,X,120.0167778,23.3934167,
14877,42.204422,SDSS J140048.04+482719.9,Q,210.2001846,48.4555486,1.406000018119812
14877,162.484467,SDSS J140032.87+482746.5,Q,210.1369541,48.4629317,2.13700008392334
14880,108.541385,SDSS J004324.77-063805.1,Q,10.8531731,-6.6347655,2.0510001182556152
14880,150.533551,SDSS J004327.72-063855.3,Q,10.8655207,-6.6487076,2.061000108718872
14882,146.890553,J012351.62+332046.7,X,20.9651112,33.3463056,
14882,171.514879,J012355.29+331601.2,X,20.9803951,33.2670115,1.7999999523162842
14883,0.09088,MCG -02.08.038,ARX,45.0179957,-10.8246103,0.032999999821186066
14883,110.979438,J030009.04-105054.9,R,45.037701,-10.8485848,4.199999809265137
14885,168.033488,WISEA J043855.60+000539.0,q,69.7316517,0.0944406,0.800000011920929
4985,67.617818,WISEA J082010.37+625022.7,q,125.0432384,62.8396744,1.0
14888,32.890165,SDSS J093115.27+300136.4,Q,142.8136467,30.0267998,2.117000102996826
14888,112.810101,SDSS J093120.05+300015.5,Q,142.833577,30.0043124,2.0929999351501465
14889,96.529639,SDSS J115519.80+224113.5,Q,178.8325402,22.6870944,2.4079999923706055
14890,156.981834,SDSS J121331.97+463207.1,Q,183.3832246,46.5353213,2.296999931335449
14891,0.132637,CGCG 248-19,ARX,220.8802535,49.3931134,0.029999999329447746
14891,46.143999,SDSS J144326.53+492335.6,Q,220.8605669,49.3932282,1.6979999542236328
14891,169.046968,SDSS J144314.65+492423.2,Q,220.8110462,49.4064224,0.671999990940094
14891,174.293082,SDSS J144327.23+492625.1,Q,220.8634712,49.4403167,1.5049999952316284
4987,0.190588,NGC 5368,NR,208.6215056,54.3306634,0.014999999664723873
4987,63.516548,SDSS J135436.11+542008.4,Q,208.6504633,54.3356917,0.5329999923706055
4987,163.106544,SDSS J135412.27+542100.1,Q,208.5511669,54.350051,2.315999984741211
4990,0.301132,MARK 1126,ARX,345.1992242,-12.9184818,0.009999999776482582
4992,106.356386,SDSS J020618.77+295906.2,QR,31.5782261,29.9850787,1.065000057220459
14901,21.278433,WISEA J115931.67-364245.1,q,179.8820618,-36.7124669,1.399999976158142
14903,129.167345,SDSS J123147.91+150603.2,qX,187.9496637,15.1008955,1.2999999523162842
14904,142.480302,WISEA J133634.69-340207.1,qX,204.1445424,-34.0353272,0.20000000298023224
14904,149.560026,J133636.14-340203.7,X,204.1505834,-34.0343612,
4995,0.289473,NGC 3259,ARX,158.1452687,65.0410912,0.006000000052154064
4995,5.943604,J103234.02+650224.7,X,158.1417778,65.0401945,
4995,142.135507,J103215.76+650112.8,X,158.0656667,65.0202223,
4995,149.981282,SDSS J103246.16+650439.5,qX,158.1923676,65.0776596,
4995,151.260201,SDSS J103220.93+650024.8,QX,158.0872267,65.006894,2.200000047683716
4995,174.097991,SDSS J103259.86+650116.2,qX,158.2494347,65.0211234,1.2000000476837158
14907,163.910642,SDSS J000327.42+033819.1,Q,0.8642834,3.638682,2.740999937057495
14912,148.896189,J032631.27-211529.4,X,51.6302951,-21.2581792,0.10000000149011612
4999,136.07631,WISEA J223818.07+353157.9,qX,339.5752838,35.5327751,0.30000001192092896
4999,148.95429,WISEA J223801.21+353026.9,q,339.5050659,35.5074654,0.30000001192092896
14914,76.128022,SDSS J075716.56+330408.0,Q,119.3190387,33.0689027,1.6679999828338623
14915,127.415302,SDSS J075813.13+524451.2,QR,119.55472,52.7475752,0.8159999847412109
14915,172.642895,SDSS J075805.46+524616.9,Q,119.5227799,52.7713833,1.5440000295639038
5001,43.190927,WISEA J052646.80-191207.4,q,81.6950609,-19.2020175,0.20000000298023224
5002,141.810594,WISEA J103057.27-395717.2,qX,157.7386582,-39.9548034,1.600000023841858
14919,94.807555,WISEA J122626.95+265022.0,q,186.6123126,26.839451,0.20000000298023224
5003,0.178006,ESO 286-17,NR,314.4559962,-43.3515713,0.03200000151991844
14921,154.5747,WISEA J133203.52+195951.8,q,203.0146676,19.9977387,2.5
14926,122.920564,WISEA J195553.96-204048.6,q,298.9748456,-20.6801708,0.20000000298023224
5009,0.194986,MCG -1-40-001,NRX,233.3362425,-8.700493,0.023000000044703484
14929,112.92551,SDSS J004141.36-014457.2,Q,10.4223399,-1.7492344,2.0299999713897705
14931,165.771154,SDSS J010033.30+194937.7,Q,15.1387517,19.8271434,1.9620000123977661
14932,126.61118,SDSS J012445.67-013040.1,Q,21.1903326,-1.5111413,2.072000026702881
5015,0.052245,MARK 348,ARX,12.1964266,31.9569565,0.014000000432133675
5015,137.331648,LAMOSTJ004844.64+315511.5,QX,12.1860104,31.9198472,2.002000093460083
14941,175.080037,WISEA J160423.95+693008.4,q,241.0997941,69.5023438,1.2000000476837158
14943,62.628705,SDSS J170147.64+411338.8,Q,255.4485109,41.2274454,1.5829999446868896
14946,104.083276,J033835.15-052216.2,R,54.6464723,-5.3711667,
14947,135.263774,WISEA J052903.46-472127.6,q,82.2644974,-47.3576493,1.7000000476837158
14948,100.252062,PGC 213623,A,145.2397803,21.2208221,0.11900000274181366
14949,159.300783,SDSS J094920.02+440653.2,Q,147.3334236,44.1147868,0.9330000281333923
14949,159.864843,SDSS J094920.06+440523.0,Q,147.3335968,44.0897274,1.434999942779541
14954,58.400297,SDSS J233923.39+271443.8,Q,354.8474637,27.2455234,2.8350000381469727
14955,148.923909,SDSS J234713.68+282251.7,Q,356.8069812,28.3810536,2.069000005722046
5029,0.317097,NGC 5136,NR,201.2141902,13.7378511,0.02199999988079071
14961,67.180404,J081359.55+454324.9,X,123.4981389,45.7235834,
14961,137.135123,SDSS J081412.00+454429.3,QX,123.5500247,45.7414851,0.8740000128746033
14962,128.609723,2SLAQ J090839.21+003107.4,QX,137.1633769,0.5187074,0.9229999780654907
14962,179.183589,2SLAQ J090831.12+003024.2,Q,137.1296532,0.5067145,1.5520000457763672
14963,89.019647,NGC 2959,AR,146.2873694,68.5945585,0.014999999664723873
5035,0.211025,UGC 5771,AR,159.3305951,43.5875822,0.02500000037252903
5035,74.363515,SDSS J103722.91+433411.5,Q,159.3455038,43.5699187,2.0409998893737793
5035,169.276545,PGC 2224903,AR,159.2750703,43.6118461,0.12399999797344208
14966,15.861461,SDSS J124055.47+292744.2,qR,190.2311392,29.4622961,1.2000000476837158
5036,175.151266,SDSS J135112.33+250309.7,Q,207.8014135,25.0526983,3.0
5037,0.091912,NGC 7566,NRX,349.1559589,-2.3305556,0.027000000700354576
5037,85.709974,J231632.02-021922.5,X,349.1334167,-2.3229167,
14978,162.530764,UGC 5627,AR,156.0362303,13.5729231,0.023000000044703484
14979,0.38511,MCG 5-30-059,NR,190.3338819,30.1217429,0.027000000700354576
14979,66.025411,WISEA J124118.66+300821.9,q,190.3277869,30.1394199,1.399999976158142
14979,178.324278,SDSS J124117.53+301013.7,Q,190.3230081,30.1704825,1.3179999589920044
14981,133.306808,WISEA J151417.73+254123.7,q,228.5738546,25.6898951,1.0
14981,134.43584,SDSS J151418.15+254153.8,Q,228.5756256,25.6982925,2.809999942779541
14982,0.142742,CGCG 77-80,NR,230.2218284,8.3968666,0.03099999949336052
14988,0.106055,NPM 1G-02.0063,ARX,31.3330944,-2.551625,0.02800000086426735
14990,112.514322,WISEA J041053.92-312314.8,qX,62.7247065,-31.3874632,0.4000000059604645
5052,91.710024,UGC 9521,AR,221.7504067,11.5920189,0.03099999949336052
14995,134.66614,WISEA J083003.60+395423.8,q,127.5150153,39.9066385,1.0
14995,142.313486,SDSS J083021.79+395129.8,Q,127.59082,39.8582667,1.1929999589920044
14998,137.510547,WISEA J100759.61+342013.1,q,151.9984083,34.3369788,1.0
5056,34.064773,WISEA J093655.73+664746.5,q,144.2320362,66.7961275,0.10000000149011612
14999,117.485181,J130746.08-233508.6,X,196.9420084,-23.585744,2.299999952316284
15000,139.943825,WISEA J134932.54+704235.2,q,207.3854365,70.7098576,1.5
5057,170.491161,SDSS J105941.91+500311.4,Q,164.9246669,50.053161,1.7020000219345093
5058,84.594982,SDSS J112625.54+465758.8,Q,171.6064292,46.9663603,1.1139999628067017
5058,171.029684,SDSS J112619.64+465537.0,Q,171.5818564,46.9269501,1.371000051498413
15002,158.827108,SDSS J135217.23+431218.0,QR,208.0718039,43.2050088,2.1549999713897705
15002,168.194544,SDSS J135215.24+431156.9,Q,208.0635179,43.1991878,1.4270000457763672
15003,91.624794,SDSS J143236.12+314139.9,qX,218.1505277,31.6944184,1.7999999523162842
15003,152.194063,SDSS J143229.54+314155.4,qX,218.1231079,31.6987495,0.30000001192092896
15003,179.731187,J143233.74+313722.8,X,218.1405921,31.6230266,
5061,9.101863,J110313.00+110445.4,X,165.8041945,11.0792778,
5061,9.540056,ChaMP J110312.3+110438,NX,165.8013153,11.0772951,0.020999999716877937
5061,15.979304,SDSS J110313.42+110421.9,qX,165.8059412,11.0727698,0.699999988079071
5061,100.430368,SDSS J110306.14+110428.3,QX,165.7756238,11.0745346,1.937000036239624
5061,179.561604,J110320.56+110656.6,X,165.8356945,11.1157223,
15006,121.400789,SDSS J225915.08+255255.9,Q,344.8128384,25.8822119,2.2109999656677246
15007,117.032581,WISEA J234854.10-600553.4,q,357.2255399,-60.0982222,1.0
5063,95.0933,SDSS J133459.89+382858.8,Q,203.7495831,38.4829956,1.350000023841858
5063,171.26294,SDSS J133501.14+382440.5,QR,203.754778,38.4112677,1.1679999828338623
15008,147.107867,SDSS J013048.82+140724.3,Q,22.7034205,14.1234414,0.9229999780654907
15009,67.860031,SDSS J015807.54+020458.2,Q,29.5314239,2.0828708,0.8700000047683716
15009,78.525253,SDSS J015803.74+020423.1,Q,29.5155966,2.0731124,2.2290000915527344
15009,126.064712,SDSS J015801.74+020238.0,Q,29.5073003,2.0439188,0.6060000061988831
15009,148.648619,SDSS J015759.64+020457.1,Q,29.4984966,2.0825666,1.5099999904632568
5064,92.038115,SDSS J140251.03+391009.7,Q,210.7126262,39.1693636,1.5889999866485596
15011,95.159428,SDSS J125258.76+320506.5,Q,193.2448462,32.0851492,1.8910000324249268
15011,138.520185,SDSS J125300.61+320840.7,Q,193.25258,32.144647,0.5099999904632568
15011,143.572242,SDSS J125301.45+320847.7,Q,193.2560749,32.1465912,1.5219999551773071
15012,56.936975,LAMOSTJ133532.77+332146.6,Q,203.8865855,33.3629463,1.1139999628067017
5067,161.85287,SDSS J162140.43+362137.3,Q,245.4184854,36.3603839,1.065999984741211
15015,63.319187,J142306.07+014104.2,X,215.7752942,1.6845073,2.0999999046325684
5069,71.065733,SDSS J000303.66-015345.2,QX,0.7652558,-1.8958983,1.3259999752044678
5069,96.926213,SDSS J000259.46-015517.2,QX,0.7477518,-1.9214518,1.8489999771118164
5069,142.577383,J000314.80-015410.8,X,0.8117066,-1.9030057,0.8999999761581421
15017,140.120149,J162913.88+392343.9,X,247.3078334,39.3955278,
15019,79.969984,SDSS J015657.98-020027.3,Q,29.2416023,-2.007595,1.5759999752044678
5070,145.111304,SDSS J023150.54+011623.9,QR,37.9605743,1.2733294,1.9490000009536743
5070,156.496769,SDSS J023148.05+011350.3,Q,37.9502266,1.2306521,2.240000009536743
5070,165.67089,SDSS J023207.05+011317.8,N,38.0294018,1.2216266,0.27900001406669617
15022,0.531734,FGC 471,AR,64.2313889,-7.4804723,0.029999999329447746
15025,157.89594,SDSS J095208.70+330159.0,QX,148.0362773,33.0330748,1.0089999437332153
15025,170.191535,SDSS J095228.89+330524.8,A,148.1204122,33.0902418,0.546999990940094
15026,125.650268,SDSS J104245.36+400941.7,Q,160.6890258,40.1615802,1.3229999542236328
15027,174.29781,2QZ J122529.3-025641,Q,186.3723355,-2.9445549,1.7630000114440918
15028,93.128128,SDSS J125608.07+482605.3,Q,194.0336409,48.434806,1.2339999675750732
15028,129.18681,SDSS J125552.16+482829.8,qR,193.9673376,48.474952,2.0999999046325684
15029,36.160273,SDSS J141923.62+455014.1,Q,214.8484406,45.8372594,0.7540000081062317
15030,99.033732,J171538.50+572136.3,X,258.910431,57.3600922,1.7999999523162842
15030,175.150898,J171553.97+572453.2,X,258.9748889,57.4147778,
5079,0.134345,IC 4995,NX,304.9957428,-52.6219235,0.01600000075995922
15034,158.560213,WISEA J215646.48-534937.8,qR,329.1934257,-53.8270681,0.20000000298023224
5082,36.726565,SDSS J163636.85+361238.1,Q,249.1535446,36.2105873,1.4579999446868896
5082,162.993468,SDSS J163632.65+360927.9,QX,249.1360762,36.1577753,0.9620000123977661
5083,107.605883,J211823.04-483338.4,X,319.5960278,-48.5606667,
15037,164.748112,J000414.22-143406.8,R,1.0592905,-14.5685727,3.5999999046325684
5084,160.976381,SDSS J024523.87+005722.9,Q,41.3494709,0.9563807,3.072999954223633
5086,150.243185,SDSS J102332.42+124845.8,Q,155.8851015,12.8127365,2.3310000896453857
15045,88.920121,SDSS J075850.72+323609.8,Q,119.7113468,32.6027436,1.534999966621399
5089,89.197123,J124939.40-410427.7,X,192.4141945,-41.0743612,
15049,146.481003,SDSS J121930.95+092714.7,Q,184.878955,9.4540972,2.513000011444092
5094,103.453949,CXOU J221323-2207,QX,333.3466607,-22.1228344,0.7250000238418579
15054,172.641947,J163548.51+660306.6,X,248.9521473,66.0518348,0.20000000298023224
5096,100.099876,WISEA J110923.79+360039.6,q,167.349134,36.0110007,0.20000000298023224
5096,118.302634,SDSS J110925.85+360118.2,Q,167.3577332,36.0217334,0.9679999947547913
5096,123.587676,SDSS J110906.76+360026.5,Q,167.2782068,36.0073867,1.3079999685287476
5097,54.965467,SDSS J120910.90+291130.2,AX,182.295401,29.191729,0.13899999856948853
5097,129.031473,SDSS J120906.92+291239.0,qX,182.2788319,29.2108763,1.399999976158142
5097,151.001329,SDSS J120902.22+291228.2,qX,182.2592589,29.2078162,1.2000000476837158
15059,85.117701,SDSS J001024.18+285756.4,QX,2.6007563,28.9656904,1.6139999628067017
15059,147.858113,J001031.68+290127.0,X,2.6320278,29.0241667,
15059,161.656594,SDSS J001037.14+290035.0,Q,2.6547897,29.0097329,2.0329999923706055
5098,122.829135,WISEA J132027.86-123509.2,q,200.1161567,-12.5859903,1.2999999523162842
15062,94.998038,SDSS J091949.20+005611.3,qX,139.9549965,0.9364994,1.7999999523162842
15062,144.700943,SDSS J091951.29+005854.9,QRX,139.9637463,0.9819437,2.114000082015991
15062,154.960872,J091954.54+005917.2,X,139.97725,0.9881112,
15062,156.887351,SDSS J091947.22+005824.3,qX,139.9467589,0.9734199,2.799999952316284
5100,72.539694,SDSS J012025.16+324329.7,Q,20.1048361,32.7249417,2.759000062942505
5100,151.406109,SDSS J012031.06+324500.9,Q,20.129419,32.7502563,2.549999952316284
15063,115.589098,SDSS J093642.31+232646.3,qX,144.1763015,23.4462138,1.600000023841858
15063,118.194907,SDSS J093640.32+232747.4,qX,144.1680244,23.4631715,1.399999976158142
15064,0.506399,PGC 170139,N,171.2343231,-3.8113187,0.023000000044703484
5101,48.955796,WISEA J012440.58-380733.9,q,21.1690942,-38.1261406,1.600000023841858
15066,172.242405,SDSS J122151.95+582738.2,Q,185.4664638,58.4606185,2.244999885559082
5103,98.429311,J041049.29-562934.6,X,62.7053756,-56.4929679,
15067,87.331636,WISEA J124933.88-250950.0,q,192.3912475,-25.1638941,2.5
15070,177.042818,SDSS J151124.06+102552.4,Q,227.8502947,10.4312383,2.6760001182556152
5107,176.972648,SDSS J130120.50+290833.3,qX,195.3354427,29.1426022,1.5
5108,111.388302,WISEA J170449.70+043016.6,q,256.2072017,4.5045971,0.699999988079071
15076,33.808193,WISEA J051738.20+094255.7,q,79.4092069,9.7154834,1.100000023841858
5110,0.134551,PGC 64989,ARX,308.6306112,-30.6246234,0.01899999938905239
15077,172.834719,WISEA J062049.19+514747.9,q,95.2049581,51.7966633,1.899999976158142
15078,84.996886,SDSS J081900.39+210946.8,QX,124.7516549,21.1630092,1.8450000286102295
15078,135.701747,SDSS J081910.39+211214.5,qX,124.7933294,21.2040488,2.200000047683716
5111,84.870684,SDSS J015221.99+173103.2,Q,28.0916339,17.5175584,2.5360000133514404
5111,88.625468,SDSS J015228.79+173212.7,Q,28.119995,17.536881,0.5019999742507935
5111,110.516575,SDSS J015220.38+173116.6,Q,28.0849252,17.5212812,2.447999954223633
5111,152.475138,SDSS J015238.29+173111.3,Q,28.1595587,17.5198365,2.3450000286102295
15080,72.66263,IRAS 12323-3659,NRX,188.7658201,-37.2585464,0.029999999329447746
5112,113.13687,SDSS J020016.41+312033.1,Q,30.0683753,31.3425387,1.819000005722046
5112,172.498939,SDSS J020021.00+311555.5,QX,30.0875283,31.2654295,1.5640000104904175
5112,178.485584,SDSS J020032.89+311800.8,Q,30.1370712,31.3002523,0.4950000047683716
15081,99.036492,WISEA J135452.60-193841.4,q,208.719191,-19.6448605,1.100000023841858
5113,174.203533,WISEA J023116.17+431727.7,q,37.8174201,43.2911176,1.600000023841858
5116,172.774213,SDSS J104509.16+220149.7,N,161.2882,22.030489,0.10899999737739563
15088,2.908772,ESO 504-13,AR,175.8375,-27.60025,0.032999999821186066
5117,0.867605,UGC 7064,ARX,181.1805137,31.1772669,0.02500000037252903
5117,110.825901,J120436.18+310937.0,X,181.15075,31.1602778,
15089,177.113861,SDSS J120940.57+470729.0,qX,182.4190521,47.1247368,0.30000001192092896
5119,118.558645,SDSS J235610.98-001804.7,Q,359.0457822,-0.3013121,2.0899999141693115
5120,30.535865,WISEA J000442.40-302831.0,q,1.176695,-30.4751815,0.20000000298023224
5120,90.006434,2QZ J000443.4-302732,Q,1.1809626,-30.4590128,2.302999973297119
5121,83.44715,SDSS J003715.26+015744.1,Q,9.3136111,1.9622711,1.4270000457763672
5121,109.450418,SDSS J003705.17+015638.8,Q,9.2715793,1.9441436,0.6970000267028809
15100,146.199781,SDSS J082948.67+484426.5,Q,127.4528007,48.7407134,1.8309999704360962
15103,0.36968,UGC 6888,N,178.7925303,50.1553451,0.032999999821186066
15103,72.94527,SDSS J115516.75+500956.1,Q,178.8198156,50.1656053,2.0769999027252197
15103,118.457915,SDSS J115521.89+500957.3,Q,178.8412142,50.1659174,2.572999954223633
5125,157.413426,WISEA J194738.90-100445.0,q,296.9121386,-10.0792124,0.30000001192092896
15105,114.787945,SDSS J122505.62+255532.3,Q,186.2734417,25.9256351,2.0969998836517334
5128,158.356072,SDSS J225441.32+201620.5,Q,343.672186,20.2723851,1.090000033378601
15110,120.669178,SDSS J012124.61+330645.5,Q,20.3525875,33.112666,2.2809998989105225
5130,53.124996,SDSS J014345.09-040046.4,QR,25.937885,-4.0128719,2.2699999809265137
5131,125.760663,SDSS J014838.65+123514.0,Q,27.1610653,12.5872396,1.878999948501587
5131,163.631278,WISEA J014826.32+123439.4,q,27.1096879,12.5776278,0.20000000298023224
15115,81.418422,SDSS J123304.28+262156.5,Q,188.2678412,26.3657083,2.319000005722046
5132,163.357951,SDSS J084355.24+344233.6,Q,130.9801852,34.7093511,0.9419999718666077
15117,136.065268,SDSS J160029.24+302520.1,Q,240.1218499,30.4222765,1.1610000133514404
15118,56.804835,WISEA J180007.21+342951.5,q,270.0300738,34.4975694,0.8999999761581421
5135,85.338786,J173432.04+495751.7,R,263.6335181,49.9643779,1.399999976158142
15121,158.547277,SDSS J223035.39+223414.5,Q,337.6474734,22.5707466,0.6129999756813049
15124,169.882206,J025554.70+092202.2,X,43.9779248,9.3672853,2.0999999046325684
5137,0.257881,NGC 7682,ARX,352.2663056,3.5332778,0.017000000923871994
5137,154.314546,J232859.45+032940.8,X,352.2477225,3.4946786,1.2999999523162842
5137,168.610132,J232904.36+032911.5,X,352.2681906,3.4865431,
5138,124.181993,J003425.97+121403.9,R,8.6082306,12.2344278,
5138,133.267051,SDSS J003425.55+121819.0,Q,8.6064376,12.3052912,0.6340000033378601
5138,174.939887,SDSS J003413.48+121503.6,Q,8.5561225,12.2510095,2.494999885559082
5138,176.310423,SDSS J003436.49+121632.9,Q,8.6520838,12.2758134,2.76200008392334
15131,96.961696,MCG 0-34-005,ARX,197.2088012,-0.8172694,0.017999999225139618
15131,144.024756,J130904.54-004723.0,X,197.2689167,-0.7897223,
5142,103.585846,J132220.00-165244.6,X,200.583342,-16.8790571,0.8999999761581421
5142,151.573632,J132207.68-165348.0,X,200.5320278,-16.8966667,
15133,142.1625,SDSS J171637.41+431904.6,qX,259.1559153,43.3178786,2.0
15137,58.279625,SDSS J233910.64+273209.7,Q,354.79437,27.5360549,1.3200000524520874
15137,133.754095,SDSS J233903.76+273331.7,Q,354.7656433,27.5588935,2.0280001163482666
15137,135.471075,SDSS J233908.37+273057.2,QX,354.7848872,27.5159112,0.6800000071525574
5145,32.248249,J144035.92+032225.6,X,220.1496667,3.3737778,
5145,85.200521,SDSS J144034.09+032340.4,qX,220.142073,3.3945628,1.5
5145,140.582606,SDSS J144045.70+032118.7,qX,220.1904412,3.3551994,2.0999999046325684
5145,151.770735,J144046.94+032128.1,X,220.1956056,3.3578266,0.30000001192092896
15142,86.686674,SDSS J113918.44+392007.3,Q,174.8268522,39.3353766,1.934000015258789
5147,120.405236,WISEA J044027.03+740949.8,q,70.1127768,74.1638307,3.0
15145,137.800258,WISEA J174613.52+571619.3,q,266.5563451,57.2720308,0.5
15148,144.926469,SDSS J234753.56+272453.2,Q,356.9731834,27.4147904,1.527999997138977
5154,85.372482,WISEA J012139.79-330915.6,q,20.4159156,-33.1543752,0.10000000149011612
15155,145.378558,SDSS J145729.29+295938.5,Q,224.3720791,29.9940324,3.1040000915527344
15155,169.670944,SDSS J145751.01+295800.2,Q,224.462556,29.9667234,0.7260000109672546
5155,151.139797,WISEA J020045.03+460937.3,q,30.1877435,46.160282,0.30000001192092896
15157,0.073025,ESO 234-50,NRX,308.9911285,-50.1922749,0.008999999612569809
15158,147.927894,WISEA J211625.48-221116.2,q,319.1061928,-22.1878568,1.2999999523162842
5157,89.45242,SDSS J112348.70+525411.1,Q,170.9529496,52.9030828,1.9140000343322754
15160,138.121656,J221354.25+134847.0,X,333.4760556,13.8130556,
5160,91.567837,SDSS J224625.67+210522.1,Q,341.6069944,21.0894887,1.3229999542236328
15165,174.082519,WISEA J023737.37-550818.4,q,39.4056533,-55.1384624,1.2999999523162842
15168,118.786275,SDSS J083728.28+250012.2,QX,129.3678405,25.0034088,0.4169999957084656
15168,163.802188,J083726.33+250116.1,X,129.3597223,25.0211389,
15168,167.530739,SDSS J083742.18+250230.7,Q,129.4257377,25.0418904,0.9769999980926514
15169,114.479004,SDSS J101817.18+455537.4,Q,154.5715851,45.927075,0.6650000214576721
15169,124.038325,SDSS J101821.99+455512.6,Q,154.5916417,45.9201927,2.934000015258789
15170,92.536747,WISEA J105642.52-125443.4,q,164.1771861,-12.9120807,0.20000000298023224
5166,120.872268,WISEA J060357.05-634358.7,q,90.9876929,-63.7330007,0.800000011920929
15172,124.216338,J130003.37+280047.8,X,195.0140534,28.0132973,
15172,164.908489,SDSS J125948.57+280417.2,qX,194.9524132,28.0714701,1.7999999523162842
15172,179.439443,SDSS J125948.05+275939.9,qX,194.950217,27.9944323,1.7000000476837158
15173,139.927591,SDSS J131740.22+203649.4,Q,199.4176282,20.6137416,1.5360000133514404
15179,128.436895,WISEA J234436.21+273548.0,q,356.1510647,27.596449,0.699999988079071
15179,171.119267,SDSS J234437.93+273444.8,Q,356.1580893,27.5791251,0.593999981880188
15181,35.819875,NGC 526A,ARX,20.9765743,-35.065471,0.01899999938905239
15181,80.086991,Q 0121-3518,QX,21.0052902,-35.0522355,2.1600000858306885
15181,90.444085,J012359.23-350242.9,X,20.9968056,-35.04525,
15181,116.421301,J012403.52-350534.7,X,21.0146945,-35.0929723,
5172,93.15617,WISEA J182428.43+713730.4,q,276.1183246,71.6251305,1.399999976158142
5172,166.293897,WISEA J182345.62+713647.1,q,275.9400875,71.6131086,0.4000000059604645
15184,11.540015,J053349.36-132116.9,X,83.4556945,-13.3546945,
5174,177.760129,WISEA J021401.23+163014.1,q,33.5052125,16.5037701,1.7000000476837158
15186,69.301381,SDSS J113059.00+291825.0,Q,172.7458602,29.3069596,2.8399999141693115
15186,131.078453,SDSS J113107.68+291604.2,Q,172.7820009,29.2678412,1.6610000133514404
5175,94.473901,J043945.55-530138.4,X,69.9398056,-53.0273334,
5175,175.228186,J043919.07-530155.4,X,69.8294723,-53.0320556,
15188,113.143233,WISEA J131405.56-391425.6,q,198.5231732,-39.240442,0.800000011920929
5179,0.167705,NGC 5804,ARX,224.2783276,49.669014,0.013000000268220901
5179,153.225936,SDSS J145657.85+493802.1,qR,224.2410489,49.6339419,2.299999952316284
15196,118.611466,J212536.82-340358.5,X,321.4034447,-34.0662679,
15196,152.473382,J212542.17-340212.4,X,321.4257469,-34.0368025,
15202,0.023058,ESO 306-25,NRX,86.4627917,-39.49425,0.02500000037252903
15205,80.22842,SDSS J101904.59+462558.0,QX,154.7691587,46.4327974,1.5540000200271606
15205,103.604275,SDSS J101912.59+462611.3,QX,154.8025391,46.4364908,1.9429999589920044
15205,171.944602,SDSS J101920.56+462817.6,QX,154.8356998,46.4715614,1.4730000495910645
5186,129.037017,SDSS J074643.88+444916.6,Q,116.6828434,44.8212845,1.3609999418258667
15207,156.119594,J104359.68-011934.5,X,160.9986667,-1.32625,
15208,31.04685,WISEA J123948.58-230444.3,q,189.9523948,-23.0789584,1.7000000476837158
15209,76.1393,Q 1602.8+1753,QX,241.2555145,17.7544611,3.005000114440918
15209,100.199869,J160501.77+174812.2,X,241.2573925,17.8033977,
15209,115.36812,SDSS J160508.29+174532.8,qR,241.2846,17.75916,0.800000011920929
15213,179.735179,SDSS J232323.19+323251.6,Q,350.846636,32.5476943,2.253999948501587
15214,122.689952,SDSS J020013.45+234543.4,Q,30.056063,23.7620642,1.7339999675750732
15214,149.774834,SDSS J020008.76+234331.3,Q,30.036504,23.7253847,2.058000087738037
15214,152.285144,SDSS J020002.48+234319.7,Q,30.0103442,23.7221547,1.1779999732971191
5190,87.949985,SDSS J015045.80-035719.0,Q,27.6908679,-3.9552792,1.6540000438690186
5190,172.266106,SDSS J015042.71-035909.2,Q,27.6779611,-3.9859123,1.7619999647140503
5193,0.022545,IRAS 16399-0937N,N,250.6673754,-9.7219167,0.027000000700354576
5193,10.52549,J164240.19-094308.3,X,250.6674962,-9.7189989,2.9000000953674316
5193,161.403608,J164251.00-094338.4,X,250.7125227,-9.7273533,2.0999999046325684
5194,0.225459,UGC 10678,AR,255.9937569,24.1776507,0.03099999949336052
15219,56.214777,SDSS J081901.65+214659.8,QX,124.7568934,21.7832931,1.7599999904632568
15219,90.538733,SDSS J081904.84+214558.8,QX,124.7702059,21.7663673,1.8760000467300415
15219,153.267552,SDSS J081854.23+214754.8,QX,124.7259851,21.798572,1.7869999408721924
15219,164.460429,SDSS J081854.43+214840.2,qX,124.7267932,21.8111725,2.200000047683716
15220,155.249867,SDSS J082507.34+035634.4,Q,126.2806179,3.9429001,2.5810000896453857
5196,0.229545,NGC 6786,NR,287.7244422,73.4101896,0.02500000037252903
15223,177.49808,WISEA J130203.31-145555.7,q,195.5137564,-14.9321949,1.0
15224,117.796562,WISEA J160921.59+414627.6,q,242.3399723,41.7743448,0.20000000298023224
15224,123.296011,SDSS J160927.35+414503.1,Q,242.3639932,41.7508715,1.090000033378601
15225,151.131162,SDSS J163112.57+462035.8,Q,247.8023799,46.343288,1.9429999589920044
15226,155.913599,SDSS J164548.24+352611.8,Q,251.4510408,35.4366401,1.1720000505447388
15227,123.979625,SDSS J164818.07+415550.2,Q,252.0753237,41.9306095,2.4110000133514404
5201,146.938292,SDSS J015907.98+185513.6,Q,29.7832727,18.9204764,3.114000082015991
15228,84.707632,6QZ J221559.9-302143,Q,333.9996858,-30.361996,1.4110000133514404
15230,131.47378,SDSS J010926.99-060811.2,A2,17.362477,-6.1364528,0.5329999923706055
15230,132.155614,SDSS J010937.36-060653.9,Q,17.4056566,-6.1150003,1.6799999475479126
5203,123.881306,J034134.13+151703.0,X,55.3922223,15.2841667,
15232,176.335444,SDSS J025141.67-004134.8,Q,42.9236505,-0.6930232,3.3499999046325684
5205,53.608538,SDSS J160703.23+220325.2,Q,241.7634687,22.0570241,2.319999933242798
5205,135.378589,Q 16048+2209,Q,241.7512612,22.0331141,1.3769999742507935
15236,23.652898,SDSS J084326.10+033628.8,Q,130.8587621,3.6080201,0.4259999990463257
5207,0.075108,NGC 7212,ARX,331.7582778,10.2335694,0.026000000536441803
5207,58.769695,J220659.66+101313.0,X,331.7486112,10.2202778,
5207,113.237258,J220654.33+101408.9,X,331.7263889,10.2358056,
5207,144.56358,SDSS J220711.73+101346.7,QX,331.7988821,10.2296455,0.625
5207,160.091461,J220656.32+101617.3,RX,331.7346667,10.2714723,
15239,145.507161,SDSS J105415.95+590013.6,Q,163.5664656,59.003797,1.2359999418258667
15239,157.665582,SDSS J105442.89+590035.2,Q,163.6787452,59.009795,1.2359999418258667
5208,0.352355,ESO 541-1,AR,13.7631873,-19.0058635,0.020999999716877937
15240,86.004668,J120411.40+280959.2,X,181.0475037,28.1664445,0.10000000149011612
15240,114.476586,PGC 1827699,N,180.9889703,28.1490931,0.0689999982714653
15240,131.167871,SDSS J120414.67+281015.7,Q,181.061159,28.1710418,2.2860000133514404
5210,83.068518,WISEA J085810.82-191248.5,q,134.5450828,-19.2134926,1.2999999523162842
15244,131.213879,SDSS J135405.79+051155.1,Q,208.5241394,5.1986727,3.134999990463257
15244,172.614923,SDSS J135400.44+051438.5,qX,208.501839,5.2440432,2.0999999046325684
15245,143.632681,SDSS J142423.32+351658.7,N,216.09718,35.282996,0.48100000619888306
15245,168.583753,AGES J142440.48+351922.0,AX,216.1686974,35.3227941,0.6520000100135803
15245,177.598084,SDSS J142428.16+351923.8,AX,216.1173466,35.3233021,0.1720000058412552
5215,167.984917,SDSS J234513.56-013848.0,Q,356.3065364,-1.6466858,1.2890000343322754
15249,36.05413,SDSS J004209.53+005351.6,A,10.5397388,0.8976767,0.15199999511241913
15251,55.962826,SDSS J013105.30+133954.0,Q,22.7720867,13.665017,1.8969999551773071
15251,167.74746,SDSS J013056.18+134050.4,Q,22.7340764,13.6807043,0.8740000128746033
5218,96.052485,J230149.44+160023.5,X,345.4560278,16.0065278,
5218,130.584311,J230157.76+160035.1,X,345.4906945,16.00975,
15252,116.9744,SDSS J021337.29+040554.3,Q,33.4054159,4.0984416,2.5940001010894775
15252,136.299675,WISEA J021336.32+040646.4,q,33.4013539,4.1129131,1.2000000476837158
15252,140.464265,SDSS J021343.89+040348.6,Q,33.4329113,4.0635143,1.4450000524520874
5219,132.953565,SDSS J012028.03+294145.1,Q,20.1168017,29.6958621,1.937000036239624
5219,174.449991,SDSS J012031.22+293926.9,Q,20.1300909,29.6574842,1.3109999895095825
15254,0.225475,UGC 4248,ARX,122.2309645,0.3015416,0.017999999225139618
5220,117.136762,J024609.61+130606.4,X,41.5400797,13.1018034,1.399999976158142
5220,149.656092,J024622.80+130336.5,X,41.5950278,13.0601389,
5220,153.575013,WISEA J024607.05+130602.9,qR2X,41.529407,13.1007972,1.2999999523162842
5221,1.3259,UGC 4332,NRX,124.9078302,21.1143031,0.017999999225139618
5221,60.918972,SDSS J081940.57+210605.2,QX,124.9190417,21.1014433,2.0269999504089355
5221,110.123515,J081929.96+210642.2,X,124.8748334,21.1117223,
15258,76.085166,SDSS J112055.70+211939.3,Q,170.2320946,21.3275819,1.7130000591278076
15259,137.792776,WISEA J114254.62+200119.7,qR2X,175.7276107,20.0221584,1.7999999523162842
5223,90.363909,WISEA J124545.32-104156.5,q,191.4388461,-10.69909,0.8999999761581421
5223,116.271363,WISEA J124548.24-104348.5,q,191.4510708,-10.7301279,2.5
15261,135.707255,WISEA J130918.25-283707.1,q,197.3260457,-28.6187996,0.20000000298023224
15262,164.819198,WISEA J144859.32-205333.7,q,222.2472273,-20.8928117,0.4000000059604645
5226,127.405045,WISEA J182525.34+680227.5,q,276.3555963,68.0409647,1.100000023841858
5226,171.981756,WISEA J182457.86+675948.4,q,276.2412411,67.9968054,1.2000000476837158
15266,130.521999,SDSS J232945.85+085734.4,Q,352.4410728,8.9595436,0.7509999871253967
15266,179.079679,SDSS J233005.53+085911.2,Q,352.5230314,8.9864633,2.4619998931884766
5228,98.659959,WISEA J065649.71+485248.6,q,104.2071727,48.8801485,0.699999988079071
15270,60.664606,WISEA J060922.49-473608.4,q,92.3436857,-47.6023629,1.899999976158142
5230,139.662698,LAMOSTJ131451.35+124338.6,Q,198.713973,12.7273814,0.8009999990463257
15277,94.441401,SDSS J134207.38+041703.9,QR,205.5307671,4.284424,0.5720000267028809
5232,56.439166,J143239.72+095334.8,X,218.1655278,9.893,
5232,57.844684,J143240.53+095247.8,X,218.1688889,9.8799445,
15278,67.472712,SDSS J135744.07+172951.6,Q,209.43362,17.497674,1.6169999837875366
5233,0.092508,UGC 10287,N,243.5137265,14.2820809,0.029999999329447746
15280,173.484404,SDSS J144407.95+041527.5,Q,221.033154,4.2576384,2.257999897003174
5234,120.839774,WISEA J190143.59+404238.6,q,285.4316832,40.7106699,1.2999999523162842
5235,82.979185,SDSS J234301.75+272902.1,Q,355.7572959,27.4839305,1.1740000247955322
15284,58.014644,2QZ J223004.4-282903,K,337.5183334,-28.4841112,0.27000001072883606
5236,114.138492,WISEA J015053.04+351628.2,q,27.7209122,35.2744973,1.7000000476837158
15288,168.420161,SDSS J103454.97+444656.4,Q,158.729057,44.782358,1.378000020980835
5240,129.550826,SDSS J141907.66+350900.1,QR2,214.7819455,35.1500545,1.4359999895095825
5240,165.331333,SDSS J141929.70+350703.6,N,214.87378,35.117685,0.17299999296665192
15294,102.601545,J220248.40-315800.1,X,330.7017059,-31.9667121,
15294,116.524185,J220238.31-320057.4,X,330.6596389,-32.0159445,
15294,145.381222,CXOCY J22027-3157,QX,330.6772223,-31.9505556,1.3229999542236328
15294,166.844673,2QZ J220249.5-320158,QX,330.7062651,-32.0326876,1.5410000085830688
15294,167.793246,CXOCY J22026-3156,QX,330.6665834,-31.9462223,1.3259999752044678
15294,170.752552,CXOCY J22025-3157,NX,330.6383334,-31.9625,0.46000000834465027
5241,141.768396,J144531.11+384438.5,X,221.3796389,38.7440278,
5241,165.507278,J144507.58+384518.8,X,221.2815836,38.7552331,0.5
5242,163.162761,J160240.63+210834.6,R,240.6693056,21.1429445,
15301,0.281481,CGCG 73-74,NRX,206.7681489,11.1062977,0.023000000044703484
15301,56.036866,SDSS J134704.12+110718.3,qX,206.7671672,11.1217565,2.0
15301,66.308159,SDSS J134703.00+110519.1,AR,206.7625326,11.0886422,0.2290000021457672
15302,0.471774,CGCG 76-50,A,221.9312681,9.5381868,0.028999999165534973
15302,102.868114,SDSS J144746.70+093349.2,Q,221.9446119,9.563696,2.861999988555908
15302,131.676072,SDSS J144751.96+093259.4,Q,221.9665401,9.5498466,2.3310000896453857
5246,104.839415,2SLAQ J004323.71-000605.4,QX,10.8487908,-0.1015024,1.5160000324249268
5246,176.586639,SDSS J004316.94-000623.9,Q,10.8205951,-0.1066609,1.5199999809265137
15303,51.053433,SDSS J164753.68+364310.1,Q,251.9736994,36.7194741,1.305999994277954
15303,89.981051,SDSS J164746.22+364312.8,Q,251.9425817,36.7202141,1.4170000553131104
15303,134.850922,SDSS J164756.22+364428.1,Q,251.9842558,36.7411744,2.427000045776367
15306,93.954056,SDSS J204053.38+004042.1,Q,310.2224307,0.67836,0.5019999742507935
5252,149.548036,WISEA J024913.30-142708.0,q,42.3055586,-14.4523601,2.200000047683716
5252,170.524405,WISEA J024858.05-142547.8,q,42.2418818,-14.4300016,0.30000001192092896
15311,134.099553,NGC 4614,ARX,190.3810999,26.0426732,0.01600000075995922
15311,143.267942,J124140.98+260636.6,X,190.4207778,26.1101667,
15311,151.829506,SDSS J124134.99+260650.7,qX,190.3957623,26.1140996,0.30000001192092896
15315,173.731331,SDSS J160929.66+302655.6,Q,242.3735977,30.4487844,1.7730000019073486
15315,178.687089,SDSS J160951.29+302446.1,Q,242.4637329,30.4127885,0.9909999966621399
5256,116.491828,SDSS J115348.34+432851.9,qX,178.4514574,43.4810928,1.899999976158142
5256,127.672244,J115335.19+432542.8,X,178.3966395,43.4285754,0.20000000298023224
5256,159.783538,J115349.27+432943.0,X,178.4553327,43.4952818,0.5
5257,104.455721,MS 12292+6430,BRX,187.8808142,64.2384134,0.16300000250339508
5257,164.406911,XMS J123139.9+641123,QX,187.9159903,64.1901633,1.0260000228881836
15323,137.581218,SDSS J002332.49+303503.0,Q,5.8853866,30.5841888,2.802000045776367
5260,0.039286,ESO 299-20,NR,42.3914167,-38.7695834,0.017000000923871994
15328,15.95458,J132920.03-381430.9,X,202.333462,-38.2419225,
15334,134.801888,SDSS J222428.39+180551.2,Q,336.118279,18.0975518,1.1490000486373901
15334,138.869341,SDSS J222430.76+180142.8,Q,336.1281685,18.0285659,0.7929999828338623
5269,104.823026,WISEA J043043.95-001915.1,q,67.6831386,-0.320876,0.5
15338,0.212188,MCG 7-28-006,NRX,200.9518804,43.3011871,0.027000000700354576
15338,86.537537,SDSS J132342.40+431708.0,qR,200.9266941,43.2855621,2.1619999408721924
15338,111.161847,SDSS J132357.42+431856.4,Q,200.9892711,43.3156713,1.340000033378601
15338,136.330658,SDSS J132339.83+431942.9,QX,200.9159197,43.328613,1.8109999895095825
15338,150.589388,SDSS J132359.61+431636.1,QX,200.998416,43.2767178,1.472000002861023
5270,88.609145,WISEA J131606.94+305605.4,q,199.0289766,30.9349077,0.699999988079071
5270,92.324647,SDSS J131616.74+305813.7,Q,199.0698114,30.9704864,1.1890000104904175
5270,128.490164,J131602.87+305619.7,R,199.0119761,30.9388108,
15342,0.119207,MCG 8-33-046,NX,277.200311,50.3724338,0.01600000075995922
15342,171.048716,WISEA J182832.42+502057.9,q,277.1350871,50.3494424,2.5999999046325684
15343,60.723664,SDSS J220832.29+002951.0,Q,332.1345606,0.4975098,1.6349999904632568
15343,108.968866,SDSS J220827.85+002957.3,Q,332.1160787,0.4992723,1.2990000247955322
15345,177.343469,J234838.54-281540.2,X,357.1605834,-28.2611667,
5275,97.653657,WISEA J090443.77+133411.8,q,136.1823807,13.5699566,0.30000001192092896
5275,136.339163,SDSS J090441.15+133306.0,Q,136.1714817,13.5516863,0.7509999871253967
15347,112.511439,WISEA J001922.43-063721.5,q,4.8434841,-6.6226575,0.4000000059604645
5276,114.761759,SDSS J135655.22+460014.4,Q,209.2301087,46.0040357,2.443000078201294
5276,126.379188,SDSS J135701.14+460025.8,Q,209.2547621,46.0071807,0.9259999990463257
15348,63.614668,J030551.94-001005.9,X,46.4664471,-0.1683156,1.899999976158142
5277,109.209189,WISEA J130023.60-223953.7,q,195.0983619,-22.6649244,2.0999999046325684
15351,81.874769,J094940.00+321155.4,X,147.4166667,32.1987223,
5278,121.244154,SDSS J145605.68+494405.3,Q,224.0236803,49.7348075,1.7860000133514404
5278,151.276239,SDSS J145544.63+494130.2,Q,223.9359825,49.6917373,0.6899999976158142
15352,0.356617,UGC 5476,NR,152.3102006,40.3520044,0.023000000044703484
15353,111.563065,2SLAQ J101118.18+002440.8,Q,152.8257453,0.4113361,1.7610000371932983
15353,164.414219,J101107.62+002730.6,X,152.7817778,0.4585,
5280,60.510302,WISEA J204035.68-202547.8,q,310.1486873,-20.4298557,1.0
5281,0.250849,IC 1417,N,330.0899972,-13.1474034,0.017999999225139618
5281,78.144225,NGC 7171 BSO1,QRX,330.0681786,-13.1515131,0.7300000190734863
15358,23.356791,J125929.25+275314.0,X,194.8718777,27.8872273,0.20000000298023224
15360,87.614007,B2 1348+38,QRX,207.5626506,38.2018868,1.3930000066757202
5285,36.484001,CSO 325,Q,168.0289393,35.4614566,0.9079999923706055
15363,71.393236,WISEA J205828.80-320342.8,qX,314.6200622,-32.0619328,0.6000000238418579
5288,76.860438,SDSS J133552.23+332517.5,Q,203.9676294,33.4215359,1.7890000343322754
5289,57.008874,J134132.87+554012.9,X,205.3869723,55.67025,
5289,87.269756,SDSS J134149.72+554031.6,Q,205.457202,55.6754496,1.1670000553131104
5289,164.212874,SDSS J134122.27+553900.7,Q,205.3428193,55.6502017,1.3990000486373901
15368,121.092593,WISEA J021332.88+311014.8,q,33.3870347,31.1707938,2.4000000953674316
15370,56.16418,WISEA J045459.36-252135.9,q,73.747335,-25.3599957,2.200000047683716
5291,86.621462,WISEA J015040.88+355541.6,q,27.6704016,35.9282381,0.699999988079071
15371,113.815655,WISEA J051550.53-160618.7,q,78.9605223,-16.1052372,1.2999999523162842
15374,116.234549,SDSS J082714.24+224916.1,Q,126.8093705,22.8211546,1.9559999704360962
5293,175.532321,SDSS J023152.22-091910.1,Q,37.9676188,-9.3194886,2.7249999046325684
15377,115.064424,SDSS J114835.19+124404.0,qX,177.1466391,12.7344532,1.7999999523162842
15377,162.136733,SDSS J114834.87+124136.8,QX,177.1452839,12.6935709,2.377000093460083
15383,119.52737,WISEA J234912.92-170713.6,q,357.3038712,-17.1204428,0.30000001192092896
15383,174.258465,QBQS J234906.84-170843.2,Q,357.2785534,-17.1453473,1.2899999618530273
5301,123.844133,SDSS J110642.29+230040.4,Q,166.6762373,23.0112309,0.6819999814033508
5301,157.942779,SDSS J110644.10+225854.3,Q,166.6837668,22.9817696,2.499000072479248
15385,168.265142,SDSS J010159.24+322325.5,Q,15.4968825,32.3904268,0.5580000281333923
15391,75.073955,PGC 165213,N,188.0761812,11.2611148,0.04100000113248825
15391,120.526126,SDSS J123216.41+111651.4,qX,188.0683834,11.2809121,1.100000023841858
15392,83.591829,SDSS J123310.95+480134.8,Q,188.2956257,48.0263338,1.4210000038146973
15393,164.147864,WISEA J132107.35-345059.8,q,200.2806167,-34.8499571,0.800000011920929
15397,89.781838,WISEA J211746.68-481740.3,q,319.4442438,-48.2945608,1.7000000476837158
5312,0.267583,ESO 269-12,AX,194.1688018,-46.9261896,0.01600000075995922
5313,0.147458,MCG 0-34-005,ARX,197.2088012,-0.8172694,0.017999999225139618
5313,116.360485,2QZ J130846.7-005047,QX,197.1948368,-0.8463862,2.0920000076293945
15404,159.099484,SDSS J110708.65+120118.4,N,166.78606,12.021786,0.5540000200271606
15405,145.743642,SDSS J115055.68+552142.0,QX,177.7320349,55.3616964,1.8370000123977661
15407,142.809025,J131228.82-192618.7,X,198.1200922,-19.4385442,
15407,170.180134,J131222.91-192926.1,X,198.0954756,-19.4906045,
15407,177.590188,J131228.06-192847.1,X,198.1169418,-19.4797771,1.0
5319,116.206504,WISEA J213049.68+135923.2,q,322.7070334,13.9897915,0.10000000149011612
15408,0.129142,CGCG 193-8,A,223.6344404,37.0756151,0.03099999949336052
15408,49.240115,SDSS J145428.34+370447.2,Q,223.6180891,37.0797873,1.465000033378601
15409,2.106562,CGCG 21-49,N,228.18166,1.4645067,0.028999999165534973
15409,110.800649,SDSS J151237.05+012844.8,Q,228.1548194,1.4794651,0.26600000262260437
15410,85.042802,WISEA J153404.07+225437.5,q,233.517064,22.910627,1.2000000476837158
15410,104.261221,WISEA J153356.98+225529.0,q,233.4873909,22.9246783,1.399999976158142
5321,103.43633,SDSS J220514.24-004037.0,Q,331.3093283,-0.6769623,0.6949999928474426
15411,0.170845,MCG 14-08-004,NRX,244.8305824,81.0464961,0.023000000044703484
5322,136.251978,SDSS J235558.94-005359.0,Q,358.9956197,-0.8997332,1.781000018119812
5322,139.429814,SDSS J235615.98-005418.5,Q,359.0666152,-0.905154,1.3070000410079956
15412,124.144197,WISEA J173838.31+094028.6,q,264.6596159,9.6746236,1.2999999523162842
5324,61.320352,WISEA J135037.12-382530.2,q,207.6546847,-38.4250867,1.5
5324,106.506752,WISEA J135028.11-382621.7,q,207.6171604,-38.439377,0.30000001192092896
15417,114.261117,J012604.28-011141.2,RX,21.5178612,-1.1947778,
15417,129.792255,J012555.90-011456.2,X,21.4829369,-1.2489473,0.10000000149011612
15417,163.92728,J012611.30-011154.9,X,21.547085,-1.1985855,1.399999976158142
15417,171.413689,SDSS J012555.40-011117.8,QX,21.480876,-1.1883178,1.0219999551773071
5327,115.692618,SDSS J023246.49+001642.6,QX,38.1937031,0.278536,2.069999933242798
5327,154.117351,SDSS J023230.93+001428.8,Q,38.1288943,0.2413488,1.7970000505447388
15421,178.412956,SDSS J090755.82+514021.5,Q,136.982621,51.6726661,2.5490000247955322
15422,61.598557,WISEA J093407.86-205135.1,q,143.5327652,-20.8597765,1.899999976158142
15425,74.273504,SDSS J141719.08+250406.2,qX,214.3295352,25.0683913,1.100000023841858
15425,75.211145,SDSS J141723.31+250425.0,qX,214.3471527,25.0736275,0.20000000298023224
15425,130.282915,J141721.37+250519.3,X,214.3390554,25.0887171,
5332,81.382725,SDSS J161426.06+350754.1,Q,243.6086147,35.131744,3.0239999294281006
5332,133.210979,WISEA J161429.15+350840.9,q,243.6214785,35.1447101,0.800000011920929
15429,51.807843,WISEA J225107.56+312233.3,q,342.7814979,31.3759286,0.8999999761581421
15429,143.503606,SDSS J225055.41+312406.6,Q,342.7308994,31.4018473,1.3910000324249268
5336,11.940236,J141911.92+244757.0,X,214.7996945,24.7991667,
5336,86.836017,J141912.85+244921.9,X,214.8035556,24.82275,
5336,115.576876,J141906.32+244640.3,X,214.7763334,24.7778612,
15432,57.016286,WISEA J122007.15+145751.5,qX,185.0297851,14.9643253,2.0
15435,114.63262,SDSS J130630.66+584734.7,Q,196.6277572,58.7929818,2.3010001182556152
15437,165.571549,SDSS J144013.08+163849.3,Q,220.0545078,16.6470331,3.38100004196167
5343,172.774173,SDSS J132713.14+524451.1,Q,201.8047685,52.7475355,2.88700008392334
5344,0.171094,NGC 5231,NRX,203.9510141,2.9989012,0.02199999988079071
5344,55.758164,J133544.98+030022.7,RX,203.9374445,3.0063056,
5344,81.092513,J133551.09+030104.9,X,203.962896,3.0180394,
5344,98.566479,J133549.05+030133.7,X,203.9543815,3.0260467,1.399999976158142
15444,0.263694,NGC 7095,AX,324.533124,-42.6049357,0.01899999938905239
15444,39.420619,J213806.10-423543.7,X,324.5254445,-42.5954723,
15445,46.778768,SDSS J002212.41+301447.6,Q,5.5517524,30.2465633,0.5920000076293945
15445,97.744882,SDSS J002215.42+301313.3,Q,5.564273,30.2203738,0.5370000004768372
15445,126.725248,WISEA J002225.46+301417.8,q,5.6061078,30.2382938,2.700000047683716
15445,140.620083,SDSS J002206.56+301559.7,Q,5.5273511,30.2665979,1.746000051498413
15446,127.775987,SDSS J080626.19+550752.7,Q,121.609148,55.1313102,0.9829999804496765
15449,167.378934,J103810.46+584629.4,X,159.5436169,58.7748542,0.20000000298023224
15450,127.895483,WISEA J104451.25+370646.3,q,161.2135546,37.1128856,0.6000000238418579
15450,133.065101,SDSS J104453.01+370623.2,Q,161.2208802,37.1064533,1.9270000457763672
15452,150.356389,J122032.33+291925.7,X,185.1347223,29.3238056,
15452,171.493893,J122029.25+292121.0,X,185.1218889,29.3558334,
15454,0.447214,UGC 8702,N,206.3634462,47.9227342,0.02800000086426735
15457,158.194331,WISEA J225030.52-201926.3,q,342.6271707,-20.3239883,0.699999988079071
5357,0.289989,IC 1258,N,261.8224246,58.4854726,0.027000000700354576
15461,0.156408,NGC 449,NRX,19.0300403,33.0893476,0.01600000075995922
15461,161.719163,J011555.04+330614.1,X,18.9793612,33.1039167,
5361,0.146711,ESO 104-11,NRX,281.9335346,-63.1569593,0.014999999664723873
15463,36.944338,WISEA J041035.52-624304.1,q,62.6481565,-62.7178242,1.0
5363,125.327598,SDSS J232904.24+294430.3,Q,352.2676745,29.7417776,1.9199999570846558
5363,150.04652,SDSS J232917.46+294734.3,Q,352.3227914,29.7928656,0.8880000114440918
5365,2.354625,IC 2434,NR,136.8168803,37.2153691,0.024000000208616257
5365,148.854816,SDSS J090711.05+371510.8,Q,136.796087,37.2530079,0.953000009059906
15467,134.027757,SDSS J091545.93+100755.4,Q,138.9414034,10.1320783,2.122999906539917
15468,96.736881,SDSS J104510.50+390025.6,Q,161.2937524,39.007134,1.5470000505447388
15468,154.605453,SDSS J104458.52+390107.4,Q,161.2438518,39.0187514,1.3339999914169312
15470,0.021387,IC 2986,A,179.9566932,30.8444189,0.009999999776482582
5369,65.134086,J181845.21+501709.1,X,274.6884011,50.2858722,1.7999999523162842
5369,92.095397,87GB 18172+5016,QR2,274.6271601,50.2888162,1.3949999809265137
5369,107.556946,WISEA J181829.38+501732.2,q,274.6224122,50.2922808,0.5
15474,104.858058,SDSS J223639.06+193718.6,Q,339.1627733,19.6218426,0.6909999847412109
15474,145.85996,SDSS J223633.05+194005.7,QR,339.1377028,19.6682559,1.222000002861023
15482,42.179489,WISEA J093426.60-092646.0,q,143.6108396,-9.4461588,1.2999999523162842
15483,71.284624,SDSS J102627.23+172930.3,Q,156.6134746,17.4917828,2.315000057220459
15484,174.575478,SDSS J131734.07+310822.5,Q,199.3919831,31.1395925,2.8329999446868896
15486,124.811802,WISEA J145830.67-070247.6,qR,224.6278567,-7.0464804,2.5
5382,32.991935,J103423.12+734520.9,X,158.5963612,73.7558056,
5383,110.615677,SDSS J115319.11+204655.1,Q,178.3296342,20.7819851,0.6129999756813049
15493,173.656416,WISEA J034952.19-073929.0,q,57.4674625,-7.6580628,0.20000000298023224
5384,109.660572,SDSS J135207.64+140847.6,Q,208.0318327,14.1465841,1.7879999876022339
7129,145.198652,LAMOSTJ101237.58+122118.2,Q,153.1565637,12.3550695,2.121999979019165
17677,0.425929,CGCG 479-49,NX,9.6338056,23.6134167,0.02500000037252903
17677,52.619219,SDSS J003832.64+233555.8,Q,9.6360177,23.5988354,1.0609999895095825
17679,56.657471,SDSS J024242.17-033825.7,Q,40.6757022,-3.640474,1.2339999675750732
17679,111.395196,SDSS J024231.08-033802.4,Q,40.6295226,-3.6340084,0.902999997138977
7132,148.022472,SDSS J025742.69+413243.6,qX,44.4279154,41.545439,1.2000000476837158
7133,159.475674,SDSS J115047.70+550600.2,QX,177.6987912,55.1000693,1.4709999561309814
17684,39.401932,SDSS J094313.75+385301.4,N,145.807308,38.8837491,0.5429999828338623
17684,49.531467,J094312.56+385231.1,X,145.8023334,38.8753056,
17686,25.086698,SDSS J114230.89+182011.7,qR,175.6287383,18.3365878,2.5999999046325684
7139,122.80398,WISEA J202128.71-271903.8,qR,305.3696061,-27.3177155,0.6000000238418579
17687,164.09979,WISEA J133552.80+344650.2,q,203.9701089,34.7806009,0.20000000298023224
7144,149.675942,WISEA J134032.32-074526.8,q,205.1346553,-7.757488,1.2999999523162842
7145,141.517968,WISEA J182553.25+321206.9,q,276.47188,32.2019205,2.5
7147,0.800771,ESO 353-38,NR,25.9067851,-33.7055089,0.029999999329447746
7149,108.893569,SDSS J082245.93+241937.2,Q,125.6913926,24.3270217,1.7100000381469727
7149,147.409688,SDSS J082252.96+241610.7,Q,125.7206694,24.2696476,1.940999984741211
7152,0.196654,MCG 1-37-043,NR,219.9076904,3.146669,0.028999999165534973
17705,146.358844,SDSS J164243.54+513156.3,Q,250.6814462,51.5323077,1.284000039100647
17706,172.443367,WISEA J180059.07-634526.3,q,270.2461558,-63.757331,3.0
17709,173.8788,WISEA J005424.11+421829.3,q,13.6005116,42.3082161,0.30000001192092896
17711,179.432781,WISEA J012238.19-261303.9,q,20.6592079,-26.2177521,1.5
17712,93.36284,WISEA J021354.30+315316.5,q,33.4762599,31.8879341,1.100000023841858
17713,128.613224,WISEA J025506.32+034944.3,q,43.7763462,3.8290061,0.699999988079071
7166,0.212073,IRAS 13218-1929,ARX,201.1469938,-19.7530565,0.017000000923871994
7168,124.193776,SDSS J215820.98-030739.9,Q,329.587438,-3.1277714,2.433000087738037
7170,118.103787,SDSS J223854.74+352806.8,qX,339.7280941,35.4685767,1.7000000476837158
17720,37.26645,SDSS J115200.08+464838.1,Q,178.0003272,46.8106213,1.4700000286102295
17720,130.297666,SDSS J115145.03+464825.2,Q,177.9376484,46.8070061,2.0439999103546143
17722,141.597483,LBQS 1217+1005,Q,185.1322296,9.814584,0.9909999966621399
7173,100.711598,SDSS J093819.91+433206.7,Q,144.582984,43.5352069,2.753000020980835
7173,141.295176,SDSS J093825.26+433252.9,Q,144.6052922,43.5480353,1.0709999799728394
17723,126.219119,SDSS J131215.95+353818.5,Q,198.0664831,35.638492,1.0010000467300415
7174,23.166614,GQ124941+265314,QR,192.4210437,26.8874357,0.75
7178,122.662584,J010858.85-455136.0,X,17.2452223,-45.86,
17728,137.357336,SDSS J161604.13+365948.1,Q,244.0172142,36.9967106,1.5460000038146973
17728,155.514653,SDSS J161551.45+365715.9,Q,243.9643865,36.9544413,2.134000062942505
7179,70.111324,WISEA J044332.45+135059.2,q,70.8853441,13.8497065,1.2999999523162842
7182,0.326684,NGC 5596,AX,215.6197255,37.1221899,0.010999999940395355
7182,120.529535,SDSS J142226.07+370915.8,qX,215.6086668,37.1544023,1.2000000476837158
17734,173.719396,WISEA J014319.69+303814.6,q,25.8320588,30.6373973,0.4000000059604645
17736,157.177418,WISEA J031138.96-043355.3,q,47.9123491,-4.5653737,0.20000000298023224
7185,0.145288,UGC 12149,NR,340.2815866,32.1697312,0.02500000037252903
7185,175.042278,SDSS J224100.72+320739.3,Q,340.2530155,32.1275979,1.4769999980926514
7185,178.369064,SDSS J224107.84+320712.7,Q,340.2826756,32.1202211,2.5299999713897705
17738,166.566872,WISEA J041035.52-624304.1,q,62.6481565,-62.7178242,1.0
7188,112.766741,PGC 1161327,AR,53.0550096,0.2629948,0.0860000029206276
7189,145.761323,WISEA J055339.45-324507.0,q,88.4143981,-32.751946,0.6000000238418579
17741,126.791836,SDSS J102415.19+280219.5,Q,156.063295,28.0387832,1.9869999885559082
17742,169.857907,SDSS J114531.86+332014.9,Q,176.3827605,33.3374898,4.493000030517578
7194,103.958118,J031552.82-120203.4,R,48.9700867,-12.0342989,0.5
17746,120.251823,WISEA J180046.50+230442.8,q,270.1938394,23.0785415,2.0
7195,75.041737,J033515.01-323534.9,R,53.8125556,-32.5930278,
7196,11.030157,J062440.67-372011.4,X,96.1694723,-37.3365,
17748,125.114145,WISEA J010548.28+322603.0,qX,16.4513262,32.4340253,1.0
7197,95.651355,SDSS J111624.39+554137.4,Q,169.1016302,55.6937462,1.4730000495910645
17749,160.964339,Q 0134-4252,Q,24.0651805,-42.6266009,2.259999990463257
7198,139.585662,LAMOSTJ123858.03+320021.3,Q,189.741782,32.0059112,1.1640000343322754
7198,162.009609,SDSS J123851.82+315628.0,Q,189.7158544,31.9411756,2.634000062942505
7198,169.030349,SDSS J123835.59+315924.4,Q,189.6483308,31.9900988,2.424999952316284
7201,132.627085,SDSS J155303.17+210728.8,Q,238.2632323,21.1246832,2.6089999675750732
17755,33.522402,SDSS J085637.62+515440.5,Q,134.156763,51.9112696,1.3919999599456787
17755,119.759146,SDSS J085626.41+515623.2,Q,134.1100358,51.9397942,2.196000099182129
17757,161.689585,WISEA J135729.91+254756.2,qX,209.3746962,25.7989109,1.399999976158142
7204,0.282323,ESO 12-21,ARX,10.1919856,-79.2400379,0.032999999821186066
17761,133.323711,WISEA J024146.37-205837.4,q,40.4432326,-20.9770348,1.600000023841858
17762,159.528806,J032203.12-134050.5,X,50.513,-13.6806945,
7208,0.315849,MCG 6-20-032,NR,137.1602274,32.5929377,0.014000000432133675
7208,142.629457,WISEA J090834.48+323320.8,q,137.1436712,32.5557809,2.5999999046325684
7208,173.4542,SDSS J090848.32+323334.1,Q,137.2013481,32.5594887,2.0789999961853027
7211,58.488937,SDSS J170821.17+404654.5,Q,257.0882505,40.7817957,2.1389999389648438
7211,161.434785,SDSS J170812.52+404820.1,Q,257.0521757,40.8055875,3.813999891281128
7211,163.416464,SDSS J170839.88+404752.4,Q,257.1661883,40.7978899,2.5329999923706055
17767,178.493673,SDSS J104033.71+064941.2,qX,160.1405031,6.8281262,1.0
7212,91.440356,J223227.24+391353.2,X,338.1135377,39.2314565,2.200000047683716
17768,122.173412,SDSS J105020.40+262002.3,Q,162.5850297,26.3339661,4.863999843597412
7215,146.354953,SDSS J010930.31-014022.5,Q,17.3763104,-1.6729187,0.8700000047683716
7218,84.894514,WISEA J131132.05-391257.2,q,197.8835566,-39.2159265,2.0999999046325684
17775,125.240172,J161612.35-063246.2,X,244.0514858,-6.5461825,1.0
17777,176.398284,SDSS J163116.78+395311.3,QX,247.819957,39.8864792,1.6740000247955322
7223,107.896404,SDSS J012408.30+093118.3,QX,21.0346043,9.5217545,1.7000000476837158
7223,114.758537,J012402.19+093421.1,X,21.0091389,9.5725278,
7223,140.395406,J012359.62+093202.0,X,20.9984445,9.5338889,
17780,163.002165,J043034.07-123800.8,R,67.6419723,-12.6335556,
7224,169.03823,WISEA J092345.03+244730.2,q,140.9376366,24.7917243,0.10000000149011612
7225,23.801366,SDSS J092451.09+410333.9,Q,141.212917,41.0594588,1.2419999837875366
17785,56.618137,SDSS J075612.97+265335.3,Q,119.0540502,26.8931655,1.2480000257492065
17785,123.263265,SDSS J075612.33+265121.9,Q,119.0513796,26.8560754,2.1659998893737793
17785,149.071751,SDSS J075618.95+265536.1,Q,119.0789893,26.9267017,0.8529999852180481
17786,113.782295,WISEA J083750.17-022638.2,q,129.459079,-2.4439574,1.0
17790,95.584577,SDSS J154207.36+395924.8,Q,235.5307062,39.9902348,1.6549999713897705
17790,141.914405,SDSS J154221.12+395655.7,Q,235.5880062,39.9488141,1.6260000467300415
7232,26.329951,WISEA J224447.55-491702.6,q,341.1980886,-49.2841727,1.399999976158142
7233,136.79359,SDSS J003939.62+253853.1,Q,9.915113,25.6481082,1.2109999656677246
17792,91.058343,NPM 1G+51.0301,A,245.3379304,51.5332901,0.029999999329447746
17792,171.753011,LAMOSTJ162132.31+513140.5,Q,245.3846252,51.5279088,0.7720000147819519
17793,171.348982,WISEA J165922.08-020153.1,q,254.8420877,-2.031359,1.600000023841858
17796,97.308001,J231835.35+425920.2,X,349.6473056,42.9889445,
17797,88.264676,SDSS J233806.39+262800.2,Q,354.5266475,26.4667254,1.1619999408721924
7242,0.090305,IC 1856,NR,42.2116904,-0.7674354,0.02199999988079071
7242,85.468086,Q 0246-0057,QR,42.1946723,-0.7508738,1.7089999914169312
7242,125.490846,SDSS J024859.06-004622.6,Q,42.246095,-0.7729503,1.4950000047683716
7242,160.525732,SDSS J024842.82-004749.7,Q,42.1784204,-0.797165,1.7200000286102295
17802,125.965263,SDSS J090050.75+511217.1,Q,135.2114713,51.204763,3.2780001163482666
17802,163.117435,SDSS J090021.88+511113.6,Q,135.0911863,51.1871197,1.2239999771118164
7243,33.02838,J050144.90-180946.3,X,75.4371112,-18.1628612,
7243,114.718109,J050143.98-181113.4,R,75.433258,-18.1870587,0.10000000149011612
17805,170.373695,WISEA J125656.46-412118.2,q,194.2352826,-41.3550852,1.2000000476837158
7246,108.585235,SDSS J072455.51+272041.0,qR,111.2313093,27.3447274,1.600000023841858
17808,124.197744,SDSS J162401.67+400716.2,Q,246.0070163,40.1211791,2.2049999237060547
17809,166.629032,WISEA J175738.54-601859.0,qX,269.4103884,-60.3165204,
7248,0.3313,IC 2637,ARX,168.4573206,9.5862779,0.028999999165534973
7248,112.803918,WISEA J111349.37+093703.2,q,168.4557604,9.6176009,1.399999976158142
7248,120.906695,SDSS J111353.52+093323.5,qX,168.4730092,9.5565365,0.8999999761581421
7248,133.154434,J111355.49+093653.0,X,168.4812287,9.6147279,0.30000001192092896
17811,178.493222,WISEA J214741.74-062447.5,q,326.9239934,-6.413202,0.8999999761581421
7250,109.318518,SDSS J130436.74+553736.9,Q,196.1531219,55.6269285,1.5640000104904175
17813,86.721421,SDSS J222327.52+184301.8,Q,335.8646667,18.7171537,1.5859999656677246
7251,146.38887,WISEA J174240.74+161221.5,q,265.6697655,16.2060922,2.4000000953674316
17816,116.709096,SDSS J004708.33-024547.0,Q,11.7847075,-2.7630685,1.031000018119812
17816,127.698663,SDSS J004713.57-024234.0,Q,11.8065572,-2.7094442,1.0099999904632568
7254,74.626956,J025438.82+413423.7,X,43.66175,41.57325,
7254,85.352864,J025436.88+413213.6,X,43.6536667,41.5371112,
7254,135.578503,WISEA J025435.59+413546.8,qX,43.6483406,41.5963506,1.0
7254,142.247118,J025446.61+413321.5,X,43.6942368,41.5559786,1.5
7254,161.791702,J025419.71+413309.5,X,43.5821393,41.5526538,1.7000000476837158
7254,166.139487,J025437.56+413051.3,X,43.6565135,41.5142525,1.5
17821,0.139128,UGC 6125,N,165.910113,45.1799499,0.019999999552965164
17822,111.354312,SDSS J123632.90+320302.4,Q,189.1371048,32.0506909,2.117000102996826
17823,0.059899,CGCG 19-52,N,217.7674167,-0.919,0.02500000037252903
17823,132.821021,J143110.03-005648.0,X,217.7918229,-0.9466733,1.899999976158142
17825,71.598495,J183341.28+595216.4,X,278.4220332,59.871243,
7261,123.974827,WISEA J054228.48-253336.7,qX,85.6185974,-25.5602735,1.2000000476837158
7261,127.960955,J054212.62-253330.4,X,85.5526112,-25.5584445,
17826,146.701611,SDSS J234024.21+061232.6,Q,355.100913,6.2090574,2.2160000801086426
17826,157.859745,SDSS J234025.87+061731.2,Q,355.1078286,6.2920165,2.0369999408721924
17829,83.123602,SDSS J025747.99-022052.8,Q,44.4499394,-2.3480083,2.1019999980926514
7264,153.965286,J071932.05+854108.9,X,109.8835712,85.6858086,0.30000001192092896
17833,167.080814,WISEA J070008.31+335901.5,q,105.0346288,33.9837703,1.2000000476837158
7267,0.190145,UGC 8975,NR,210.8198122,38.5305127,0.01899999938905239
7269,98.672839,WISEA J205156.82-261705.8,q,312.9867641,-26.2849571,0.30000001192092896
17838,68.438591,J114016.50+025910.0,X,175.0687807,2.986126,0.5
17838,130.232926,J114012.04+030111.6,X,175.0501667,3.0198889,
17839,178.493574,WISEA J114545.31-435148.5,q,176.4388029,-43.8634989,2.4000000953674316
17840,118.337316,J143528.36+034040.2,X,218.8681945,3.6778334,
17841,177.176956,SDSS J144953.99+354238.1,Q,222.4749856,35.7105985,2.609999895095825
17844,79.744899,J195932.32-384954.8,X,299.8846733,-38.8319091,
7278,153.507832,WISEA J110327.94+750447.9,q,165.8664323,75.0799525,1.899999976158142
7279,24.380199,SDSS J122547.90+514015.4,Q,186.4495996,51.6709448,0.7170000076293945
7279,79.202462,SDSS J122541.86+514117.9,Q,186.4244659,51.688298,2.257999897003174
7279,111.977574,SDSS J122546.44+514157.7,Q,186.4435253,51.6993746,2.260999917984009
7279,176.013338,WISEA J122534.63+514230.6,q,186.3943155,51.7084429,1.2999999523162842
7280,162.749732,WISEA J130116.65-353532.1,qX,195.3193802,-35.5922535,1.100000023841858
17850,105.306906,2SLAQ J004043.92-001856.9,Q,10.1830273,-0.315799,1.6579999923706055
7284,120.646909,SDSS J150627.23+015948.5,qX,226.6134644,1.9968264,1.2000000476837158
7284,163.194116,SDSS J150645.16+015916.9,Q,226.6881824,1.988078,0.5419999957084656
17855,165.365253,SDSS J090750.37+332519.9,Q,136.9599324,33.4222256,1.4539999961853027
17856,43.176534,WISEA J100758.60+770058.1,q,151.9942738,77.0161133,2.0999999046325684
7286,48.72692,WISEA J210400.00-490735.1,q,316.0000733,-49.1264311,1.100000023841858
17859,0.254571,IC 722,N,175.6823866,8.9742633,0.02199999988079071
17859,127.416946,SDSS J114244.39+085620.1,QR,175.685008,8.9389254,2.26200008392334
17860,150.943811,SDSS J120918.21+485531.8,Q,182.325927,48.925505,1.534999966621399
7290,2.913466,NGC 3588,NRX,168.5110278,20.3876945,0.026000000536441803
7291,106.592985,NGC 3722,N,173.5971253,-9.6799445,0.020999999716877937
17862,152.14824,SDSS J130747.31+535457.2,QX,196.9471533,53.9158999,1.9290000200271606
17863,82.226121,SDSS J134528.74+034719.6,QR,206.3697663,3.7888017,0.828000009059906
7292,160.512618,WISEA J140155.37+365811.3,q,210.4807575,36.969838,1.2000000476837158
7293,57.413997,SDSS J230035.92+304513.9,Q,345.149689,30.7538713,1.9220000505447388
7293,132.090373,SDSS J230040.33+304219.9,Q,345.16809,30.705515,1.8489999771118164
7294,109.578758,SDSS J234514.73+281143.4,Q,356.3113923,28.1954521,2.424999952316284
7294,129.395505,SDSS J234506.05+281011.0,Q,356.2752323,28.1697454,1.715999960899353
17869,63.111672,WISEA J161819.34+350952.5,q,244.5806017,35.1645962,2.200000047683716
7296,70.580967,SDSS J104320.56+404710.8,N,160.8356906,40.7863331,0.028999999165534973
7296,142.268753,SDSS J104325.55+404849.4,Q,160.8564991,40.8137477,4.906000137329102
17870,91.910235,J173510.14+680705.5,X,263.7922645,68.1182081,0.10000000149011612
17870,156.336649,J173548.64+680539.3,X,263.9526945,68.09425,
17870,157.300365,J173524.60+680831.8,X,263.8525278,68.1421667,
17870,158.157383,J173457.96+680728.6,X,263.7415096,68.1246361,0.20000000298023224
7298,173.098428,SDSS J164015.63+391735.3,Q,250.0651626,39.2931679,0.5440000295639038
7302,159.588077,WISEA J055033.64-225935.4,q,87.6402562,-22.993239,1.5
17878,51.425439,SDSS J162908.33+403617.5,Q,247.2847401,40.6048839,1.4110000133514404
17878,116.493202,SDSS J162917.46+403520.3,QX,247.3227892,40.5889887,1.9780000448226929
17880,155.891417,WISEA J184855.27+843440.4,q,282.2303214,84.5779003,0.20000000298023224
7306,8.660457,SDSS J160222.96+360631.5,N,240.5956714,36.1087465,0.06800000369548798
7306,83.647275,SDSS J160221.35+360754.4,Q,240.5889761,36.1318025,0.9610000252723694
17883,159.543881,WISEA J004916.53-492601.8,q,12.3189391,-49.4338755,0.30000001192092896
7309,166.604367,WISEA J021006.26-101921.1,q,32.5261139,-10.3225125,1.0
7310,1.806335,IRAS 03106-0254,NRX,48.2864445,-2.7215278,0.027000000700354576
7312,72.630154,WISEA J124610.91-411701.8,q,191.545471,-41.283845,2.0
7312,160.101518,J124629.12-411750.1,X,191.6213578,-41.2972713,
17890,107.363751,SDSS J135224.79+375009.1,Q,208.1033057,37.83585,3.138000011444092
17891,98.456845,SDSS J143151.10+061431.5,Q,217.9629491,6.2421065,1.0850000381469727
7316,132.047762,SDSS J082101.11+391429.8,Q,125.2546912,39.2416267,2.5139999389648438
17895,133.449855,WISEA J214736.23+131248.3,q,326.9009901,13.2133572,1.2000000476837158
7318,155.651059,SDSS J142308.44+181423.5,Q,215.7851624,18.2398787,0.6589999794960022
17896,110.083003,2QZ J215623.3-291505,Q,329.0969543,-29.2511488,1.2289999723434448
7321,132.644552,SDSS J235911.90+044646.0,Q,359.7996171,4.7794633,1.1260000467300415
7322,125.490179,WISEA J030329.71-021248.8,q,45.8738275,-2.2135788,0.5
7326,66.48507,WISEA J062709.58-243952.5,q,96.7899376,-24.664592,0.6000000238418579
17907,164.63271,LAMOSTJ113808.74+204530.4,Q,174.5363735,20.7584367,1.4520000219345093
17908,123.707115,SDSS J115617.44+394439.1,Q,179.0726917,39.7441779,0.8690000176429749
17908,144.886064,SDSS J115636.58+394243.4,Q,179.1524551,39.7120627,2.0460000038146973
17909,100.721287,SDSS J134238.36+313315.3,Q,205.6598646,31.5542417,2.4200000762939453
7330,111.839613,SDSS J115835.16+252021.9,Q,179.6465131,25.3394328,0.7319999933242798
17911,173.092156,SDSS J153546.89+433006.5,N,233.94539,43.501823,0.23199999332427979
17915,119.535792,SDSS J002349.79-030553.7,Q,5.9574836,-3.0982551,0.8059999942779541
17915,164.819895,SDSS J002355.14-030128.6,Q,5.9797592,-3.0246171,1.5720000267028809
7337,67.639674,SDSS J124521.89+270755.3,QX,191.3412145,27.132018,0.5889999866485596
7337,107.887767,J124519.04+270547.0,X,191.3293612,27.0963889,
7337,141.273923,SDSS J124506.67+270752.4,QX,191.2777866,27.1312258,0.9750000238418579
7337,159.565695,WISEA J124523.27+270514.9,qX,191.3469772,27.0874754,2.5999999046325684
7337,177.967605,SDSS J124529.46+270839.5,qX,191.3727782,27.1443265,1.600000023841858
17917,116.594916,FBQS J0122-0032,QRX,20.6671964,-0.5443717,0.8849999904632568
17917,126.455447,SDSS J012240.91-003236.6,Q,20.6704924,-0.5435244,1.5269999504089355
17917,176.122742,SDSS J012224.25-003507.4,Q,20.6010474,-0.5854166,2.066999912261963
17917,179.847371,SDSS J012229.98-003652.7,Q,20.6249434,-0.6146609,1.100000023841858
7340,128.176659,SDSS J145723.16+521938.3,Q,224.3465132,52.3273266,1.815000057220459
17922,41.771242,WISEA J060436.81+795113.7,q,91.1533291,79.8538207,1.7000000476837158
17924,179.470806,SDSS J084450.44+482625.3,Q,131.2101664,48.4403607,1.5570000410079956
7344,91.441117,SDSS J225022.28+113352.5,QX,342.5928634,11.5646019,3.2290000915527344
17925,116.729619,J085408.39-071225.8,R,133.5349723,-7.2071667,
17927,84.278879,SDSS J101010.55+162029.2,Q,152.5439765,16.3414714,0.8880000114440918
17930,147.464147,WISEA J124333.40-204211.2,q,190.8892101,-20.7031539,1.2999999523162842
17936,160.527433,SDSS J002703.83-074712.1,Q,6.7659747,-7.7867,2.3580000400543213
17937,104.222678,SDSS J011211.89-002304.9,Q,18.0495487,-0.3846957,2.2780001163482666
17937,127.250588,SDSS J011214.01-002615.3,NX,18.0584117,-0.4375882,0.4399999976158142
17937,134.936731,SDSS J011200.57-002336.9,QX,18.0024089,-0.3935976,0.746999979019165
17938,67.810069,WISEA J013534.09+115806.5,q,23.8920453,11.9684895,0.699999988079071
17938,130.190675,SDSS J013535.60+115906.3,Q,23.8983373,11.985095,2.888000011444092
17941,157.105293,SDSS J025621.43+005444.4,Q,44.0892918,0.9123388,1.687000036239624
17941,162.48213,SDSS J025619.87+005032.3,Q,44.0827817,0.8422942,2.265000104904175
7358,158.664713,SDSS J000432.42+282043.8,Q,1.1350834,28.3454981,1.4600000381469727
17942,174.033798,WISEA J030504.92-053653.2,q,46.2705137,-5.6147986,0.30000001192092896
7359,130.347405,SDSS J012610.68+344638.0,QRX,21.5445095,34.7772497,1.0570000410079956
7359,152.35047,SDSS J012619.86+344746.7,QX,21.582762,34.7963211,0.6290000081062317
7359,178.165438,SDSS J012611.35+344747.5,Q,21.5473272,34.7965266,1.6490000486373901
17946,0.327161,CGCG 134-51,N,223.6317708,24.0272547,0.020999999716877937
7362,152.319685,SDSS J104954.73+362043.1,Q,162.4780572,36.3453201,1.871000051498413
7362,167.143053,SDSS J105018.47+362208.5,Q,162.5770117,36.3690811,0.7689999938011169
17947,0.162367,NPM 1G+04.0506,NRX,252.6781343,4.6050823,0.03099999949336052
17955,119.787452,VIPERS 127036490,Q,38.5897896,-4.5219768,1.9900000095367432
17955,126.723415,VIPERS 127044978,Q,38.635809,-4.483824,1.4759999513626099
17959,107.924017,WISEA J125605.38-081027.0,q,194.0225009,-8.1741445,2.5999999046325684
7374,116.479967,SDSS J022725.16-001438.7,Q,36.8548673,-0.2441092,2.0899999141693115
7374,119.8626,2SLAQ J022739.80-001541.2,QX,36.9158802,-0.2615063,1.6440000534057617
7374,176.069283,SDSS J022729.10-001726.8,QX,36.871266,-0.2907929,1.8309999704360962
17960,81.173213,SDSS J131525.73+130502.8,Q,198.8571971,13.0841344,3.2260000705718994
17960,98.466834,SDSS J131524.71+130411.8,Q,198.8529744,13.069963,2.312999963760376
17960,148.661038,SDSS J131513.14+130344.5,Q,198.8047552,13.0623829,2.63700008392334
17961,162.584481,WISEA J131701.40-161216.0,q,199.2557861,-16.2044732,3.0
7375,67.131356,CXO J02547+4140,QX,43.6931429,41.6723973,1.5160000324249268
7375,92.289828,J025447.30+414043.4,X,43.6971238,41.6787244,
7375,125.202097,CXO J02549+4140,KX,43.7263889,41.6683334,2.5869998931884766
7375,128.621727,CXO J02546+4141,AX,43.6540494,41.6835827,0.8420000076293945
7375,158.782016,J025431.05+414024.1,X,43.6293889,41.6733612,
7375,169.494938,J025435.89+413655.7,X,43.649549,41.6154973,1.399999976158142
17962,78.092536,J204515.50-053839.5,X,311.3145927,-5.6443164,1.399999976158142
17962,152.347405,J204525.26-053728.6,X,311.35525,-5.6246112,
7377,0.102055,ESO 438-9,ARX,167.7000122,-28.5010483,0.024000000208616257
7377,15.12232,J111046.86-283001.6,X,167.69525,-28.5004445,
7377,74.598229,J111048.78-282849.9,X,167.7032796,-28.4805322,1.399999976158142
7378,73.517329,J125207.74-152625.1,X,193.03225,-15.4403056,
7378,79.003837,J125207.68-152618.6,X,193.0320325,-15.4385171,0.4000000059604645
17967,69.650468,SDSS J234218.28+271927.9,Q,355.5762142,27.3244681,2.621999979019165
17968,53.129612,SDSS J001725.53+180416.6,Q,4.3563902,18.0712853,2.8239998817443848
17968,153.56426,WISEA J001733.86+180554.2,q,4.3911235,18.0984031,0.20000000298023224
7380,114.63229,WISEA J195810.98-552834.9,q,299.5456648,-55.4764009,0.30000001192092896
7380,171.481234,WISEA J195831.90-552807.5,q,299.6329251,-55.4687644,1.100000023841858
17969,149.480652,J001836.19+295943.0,X,4.6508045,29.9952828,0.5
17969,171.31066,NGC 71,NX,4.598,30.0634445,0.02199999988079071
7381,109.585664,SDSS J230047.18+264240.5,Q,345.1966155,26.7112717,0.8600000143051147
17975,56.267646,WISEA J090528.63+181601.8,q,136.3693067,18.2671807,1.2000000476837158
7385,0.157604,UGC 615,NRX,14.9171438,15.3309785,0.017999999225139618
17976,91.176249,SDSS J091454.66+223413.0,Q,138.727785,22.5702761,1.2699999809265137
17976,118.820104,SDSS J091451.78+223433.6,Q,138.7157767,22.5759983,1.5670000314712524
17978,69.982925,SDSS J123525.10+124358.7,qX,188.8545881,12.7329871,1.600000023841858
7388,19.343508,SDSS J031945.78+003511.6,qX,49.9408374,0.5865759,1.5
7388,83.03243,WISEA J031948.95+003622.5,q,49.9539995,0.606217,1.7999999523162842
7388,84.357491,SDSS J031947.40+003340.5,qX,49.947525,0.5612673,0.800000011920929
7388,144.188255,SDSS J031954.06+003327.0,QX,49.9752975,0.5574901,1.2610000371932983
7388,179.941267,SDSS J031957.92+003350.3,qX,49.9913736,0.5639959,1.899999976158142
7389,171.523092,J034018.94-182601.6,X,55.0789389,-18.4338025,0.5
7392,58.47362,WISEA J043832.94+090457.3,q,69.637274,9.082586,0.30000001192092896
7393,157.88117,SDSS J075705.68+330223.2,Q,119.2737009,33.0397878,1.5570000410079956
7393,167.049722,SDSS J075716.56+330408.0,Q,119.3190387,33.0689027,1.6679999828338623
17985,160.140363,J205804.68+082218.3,R,314.5195371,8.3717512,1.100000023841858
17986,151.3256,SDSS J233729.67+265401.1,Q,354.3736142,26.9003172,2.494999885559082
7395,143.761525,SDSS J091847.32+343251.9,Q,139.6971918,34.5477607,2.941999912261963
7397,159.911602,WISEA J192159.65-600514.8,q,290.4985667,-60.0874167,1.7000000476837158
17991,51.749922,J072000.10+853605.4,X,110.0004368,85.6015183,0.20000000298023224
7400,94.935704,WISEA J043952.44+070452.5,qX,69.9685044,7.0812738,0.4000000059604645
17992,126.927881,SDSS J110434.17+404905.4,QX,166.1423898,40.8181885,0.9649999737739563
17992,149.466465,J110414.24+405141.7,X,166.0593612,40.8615834,
7402,0.447148,UGC 9492,N,221.0507705,7.9496343,0.02800000086426735
7402,82.596254,SDSS J144417.71+075659.0,Q,221.0738353,7.9497421,1.7450000047683716
17996,134.414369,WISEA J210111.99-291903.2,q,315.2999249,-29.3177058,1.2999999523162842
17997,139.936725,ESO 530-47,NRX,321.7617135,-22.9922049,0.03200000151991844
7405,0.361574,MCG -2-09-040,NRX,51.2706372,-12.3080804,0.014999999664723873
17998,72.181585,SDSS J213627.69+121358.0,Q,324.1153981,12.2327839,1.5750000476837158
17998,170.333394,SDSS J213616.73+121141.4,Q,324.0697616,12.1948318,1.9620000123977661
17999,0.26611,PGC 989436,NR,346.1784291,-9.562596,0.03200000151991844
18000,58.287965,SDSS J235741.54+181145.1,Q,359.423117,18.1958703,1.2089999914169312
18000,76.136456,SDSS J235741.48+181220.2,A,359.4228826,18.2056327,0.49900001287460327
18000,97.862464,SDSS J235737.59+180949.4,Q,359.4066549,18.1637369,1.065999984741211
18002,58.828625,WISEA J020500.24-572832.2,q,31.2510104,-57.47563,1.0
18003,98.893879,NGC 1241,NRX,47.810875,-8.9218612,0.013000000268220901
7410,156.427655,SDSS J115258.84+291902.0,Q,178.2451832,29.3172379,2.240000009536743
18006,139.907865,WISEA J045616.42-042817.3,q,74.0684598,-4.4714625,1.5
18007,49.969756,SDSS J080831.73+111110.6,Q,122.1322409,11.1862916,3.4649999141693115
7414,145.172793,WISEA J235623.29-604137.2,q,359.0969617,-60.6937107,1.399999976158142
18010,81.757713,J124024.81+155532.9,X,190.1033889,15.9258056,
18010,142.54951,SDSS J124021.78+155826.1,qX,190.090788,15.9739382,2.0
18010,174.674969,J124009.59+155429.9,R,190.0399723,15.9083056,
18012,130.438256,WISEA J141554.79+102616.3,q,213.9783302,10.4378709,0.20000000298023224
7420,147.380025,SDSS J132802.74+544757.2,Q,202.0114495,54.799235,0.8489999771118164
7420,160.925698,SDSS J132758.12+544557.1,Q,201.9922186,54.7658692,1.24399995803833
18014,129.762575,WISEA J152737.38+824040.8,q,231.9057856,82.6780077,1.399999976158142
7422,4.686298,ESO 399-20,A,301.7425834,-34.5476389,0.02500000037252903
18019,127.515403,SDSS J230650.10+055908.0,Q,346.7087667,5.9855728,2.0309998989105225
18020,58.216476,SDSS J231410.23+312941.7,Q,348.5426566,31.4949439,2.2170000076293945
7427,57.260876,SDSS J001649.44-051512.7,QX,4.2060257,-5.2535567,1.1679999828338623
7427,165.652935,SDSS J001643.90-051814.6,Q,4.1829441,-5.3040648,2.505000114440918
18023,0.450016,UGC 4805,N,137.3774541,45.9523644,0.027000000700354576
18023,121.904163,SDSS J090936.64+455524.2,Q,137.4026821,45.9234024,1.3899999856948853
18024,82.16468,SDSS J093651.36+310358.3,Q,144.2140171,31.0661959,4.651000022888184
7429,57.838458,J095305.77-160300.3,X,148.2740772,-16.0501074,1.899999976158142
7429,86.153916,WISEA J095301.49-160054.2,qX,148.2562289,-16.0150621,1.7999999523162842
7429,160.874291,J095310.30-160420.1,X,148.2929535,-16.0722571,1.399999976158142
18026,25.598696,Q 1141+2013,AX,175.9870386,19.9470559,0.335999995470047
18026,112.90795,J114349.97+195752.0,X,175.9582223,19.9644445,
18026,117.467786,SDSS J114351.15+195557.3,qX,175.9631627,19.9325943,1.7000000476837158
18026,117.53261,Q 1141+2014,QX,176.0237166,19.9598274,0.9539999961853027
18026,131.990035,Q 1141+2012,QRX,176.0223802,19.933897,2.200000047683716
18028,15.26104,SDSS J123812.14+285614.0,qR,189.550619,28.9372396,0.699999988079071
7433,116.898332,WISEA J220103.33-550502.8,q,330.2638657,-55.0840783,1.2999999523162842
18033,0.042981,MCG 9-28-045,NR,261.1284081,56.9097033,0.03099999949336052
7436,164.164664,RXS J04285-1734,AX,67.1294788,-17.5756824,0.20499999821186066
18037,106.516755,WISEA J212927.13-112732.0,q,322.363021,-11.4588961,1.899999976158142
7441,96.574464,WISEA J140803.66-014105.0,q,212.0152573,-1.684724,0.5
7443,111.440655,J210030.08-142814.5,X,315.1253351,-14.4707214,1.7999999523162842
7444,119.630599,WISEA J015914.77+361521.3,qX,29.8116966,36.2557432,0.800000011920929
18044,82.892363,SDSS J081839.80+390713.7,Q,124.6658466,39.1204899,1.9639999866485596
18044,84.498967,SDSS J081835.59+390911.1,A,124.6483111,39.1530994,0.18700000643730164
18044,132.222243,SDSS J081853.33+390847.9,Q,124.7222391,39.1466578,1.062999963760376
18044,175.012289,SDSS J081833.56+390607.8,Q,124.6398763,39.1021908,1.5789999961853027
18045,131.701337,SDSS J091444.27+532218.4,Q,138.6844962,53.3717924,1.937000036239624
18045,179.009268,WISEA J091512.17+532515.5,q,138.8007183,53.4209767,0.30000001192092896
7449,76.963198,WISEA J101450.12-340421.1,q,153.7088667,-34.0725743,0.8999999761581421
7451,167.333792,WISEA J125108.87-074824.2,q,192.7869916,-7.8067853,1.2999999523162842
18050,30.493284,WISEA J203132.87-070531.8,q,307.8869775,-7.0921929,2.299999952316284
7452,135.30184,SDSS J125403.10+321413.1,Q,193.5129171,32.23698,1.1410000324249268
7455,143.6099,WISEA J230204.06+270532.7,q,345.5169355,27.0924177,0.10000000149011612
18058,108.81693,WISEA J063851.06-364231.4,q,99.7127459,-36.708714,0.4000000059604645
7459,148.730109,WISEA J132128.02-455412.2,q,200.3667527,-45.9033535,2.299999952316284
18060,0.075304,NPM 1G+17.0174,AR,117.2395117,17.5771231,0.028999999165534973
18060,155.202086,SDSS J074901.42+173213.0,Q,117.2559488,17.5369656,2.5429999828338623
18060,176.671687,SDSS J074845.14+173426.5,Q,117.1881126,17.5740456,2.3550000190734863
7460,98.234926,ELAIS J05022-3028,QX,75.5517769,-30.4741804,0.8619999885559082
18061,143.55652,WISEA J095324.69+111522.6,q,148.352905,11.25627,1.100000023841858
18062,80.00469,J111042.98+284324.3,X,167.6791112,28.7234167,
18062,102.982095,SDSS J111029.62+284357.5,qX,167.6234571,28.7326529,1.399999976158142
18062,105.254239,SDSS J111029.57+284339.9,QX,167.6232146,28.7277646,1.2039999961853027
18062,175.056302,SDSS J111024.47+284319.5,QX,167.6019601,28.7220957,1.13100004196167
18065,61.506231,SDSS J125703.71+290440.0,Q,194.2654926,29.0777726,2.869999885559082
7466,139.372864,WISEA J125713.32-153839.6,q,194.3055156,-15.6443584,0.8999999761581421
7470,23.107863,SDSS J015615.56+034604.4,Q,29.064856,3.7679083,0.796999990940094
18073,46.182671,SDSS J223205.60+122055.8,Q,338.0233283,12.3488458,2.2799999713897705
18074,87.501741,SDSS J025829.94+061942.2,qX,44.6247714,6.3283991,1.399999976158142
18074,157.665255,SDSS J025835.39+061802.0,qR,44.6474876,6.3005648,1.899999976158142
7480,0.32435,ESO 244-17,ARX,20.0820183,-44.1285779,0.023000000044703484
7480,154.218098,WISEA J012007.07-440856.1,qX,20.0294741,-44.148918,0.30000001192092896
18082,0.068529,MCG 5-33-041,AR,210.2665705,29.5255767,0.027000000700354576
7483,123.486877,J114528.67+201748.5,X,176.3694723,20.2968056,
7484,24.84133,IC 4687,N,273.4063265,-57.7511544,0.017000000923871994
7484,83.210799,IC 4687 #2,NRX,273.4158755,-57.7252778,0.017000000923871994
7486,73.419934,SDSS J233354.91+300344.1,Q,353.4788139,30.0622581,1.5299999713897705
7486,93.472845,SDSS J233355.63+300421.5,QR,353.4817926,30.0726462,1.187000036239624
7486,103.998444,SDSS J233345.48+300508.9,Q,353.4395037,30.0858062,2.1589999198913574
7486,154.574292,SDSS J233337.46+300318.8,Q,353.4060987,30.0552356,1.3559999465942383
7487,73.864791,WISEA J025324.87-305223.2,q,43.3536586,-30.8731274,0.30000001192092896
7491,84.861127,SDSS J225820.14+254733.1,N,344.58393,25.792552,0.33500000834465027
18095,115.46876,WISEA J234103.03-282004.1,q,355.2626417,-28.3344591,1.2999999523162842
7492,40.43834,J015649.58+054644.0,X,29.2066249,5.7789108,0.20000000298023224
18096,179.456399,SDSS J234806.08+281118.8,Q,357.0253801,28.1885893,2.9630000591278076
7496,75.810194,LAMOSTJ130208.85+291557.9,Q,195.5368946,29.2660866,1.7680000066757202
18101,150.000018,WISEA J071153.84-670700.3,q,107.9743432,-67.116716,1.899999976158142
18101,170.931305,WISEA J071151.46-670644.9,q,107.9642222,-67.1123979,1.2000000476837158
7497,38.215252,PKS 1327-206,QR2X,202.5320862,-20.9379367,1.1649999618530273
18102,48.054674,WISEA J100134.39-193239.2,q,150.3932981,-19.5442482,0.800000011920929
18102,104.437175,J100137.27-193122.7,X,150.4053078,-19.522982,0.5
7498,133.190537,LAMOSTJ143053.77+055958.6,Q,217.7240124,5.9996013,1.277999997138977
7501,150.496729,J013149.88+333431.6,X,22.9578612,33.5754445,
18107,179.430643,SDSS J132647.25+444647.9,Q,201.6969098,44.7799971,1.6990000009536743
18109,106.590763,J140311.46-412232.2,X,210.797751,-41.3756134,
18110,0.477766,UGC 9375,NR,218.4704604,28.4020691,0.03099999949336052
18110,119.035148,SDSS J143344.07+282345.5,Q,218.4336541,28.3959671,1.4299999475479126
7505,130.059893,SDSS J132859.86+383306.5,ARX,202.2494175,38.5518316,0.44999998807907104
7505,145.477097,SDSS J132904.48+383449.4,Q,202.2687256,38.5804027,2.240999937057495
7506,117.932044,WISEA J132938.89-280043.5,q,202.4120547,-28.0121277,1.100000023841858
7507,118.883579,WISEA J143842.62+410158.3,q,219.677749,41.0329239,0.20000000298023224
7507,144.550199,WISEA J143855.17+410233.5,q,219.7298569,41.0426167,0.800000011920929
7507,155.066912,SDSS J143902.14+410116.6,Q,219.7589272,41.021295,0.8349999785423279
7508,21.613541,J173304.00+434536.7,X,263.2666945,43.7601945,
7508,30.728697,J173302.04+434605.3,X,263.2585269,43.7681554,0.30000001192092896
7508,39.024715,J173259.49+434602.4,X,263.2478914,43.7673461,1.2999999523162842
7508,50.650308,SDSS J173258.86+434612.2,qX,263.2452798,43.7700074,2.0
7508,71.626846,J173307.93+434606.6,X,263.2830617,43.7685174,
7508,83.337268,J173258.23+434422.1,X,263.2426275,43.7394769,0.6000000238418579
7508,106.746129,SDSS J173257.15+434401.8,qX,263.2381087,43.7338532,3.4000000953674316
7508,110.237444,J173255.94+434406.2,X,263.2331112,43.7350556,
7510,174.113025,WISEA J235056.15-404049.6,q,357.7340009,-40.6803588,0.699999988079071
18126,125.003399,SDSS J094036.74+112826.8,Q,145.153126,11.4741278,1.468000054359436
18126,135.039018,MRC 0937+117,NR2,145.1431703,11.5277311,0.07500000298023224
18126,161.977388,SDSS J094032.20+112703.1,Q,145.1341962,11.4508472,1.6180000305175781
7517,161.50873,SDSS J074648.89+413104.2,Q,116.703758,41.5178828,1.8079999685287476
18130,169.258632,WISEA J132335.16-783815.7,qX,200.8962657,-78.6377041,1.5
18131,34.006229,WISEA J132940.84-281631.2,q,202.4201458,-28.2754002,0.800000011920929
18133,0.217679,MCG 7-30-034,AR,219.1776644,39.9435925,0.019999999552965164
18133,134.055694,SDSS J143654.22+395650.4,Q,219.2259694,39.9473642,1.9520000219345093
7525,127.491036,WISEA J102938.57-351703.0,qX,157.4106952,-35.2841855,1.2999999523162842
7525,154.608199,J102924.21-351745.9,X,157.3509105,-35.2960843,
7526,112.564051,WISEA J130459.90-321155.4,q,196.2496493,-32.1987691,1.2999999523162842
7527,82.58076,SDSS J171311.20+434732.6,Q,258.2966687,43.7924033,2.3980000019073486
7527,143.427007,VPM J17131+4348,QX,258.294375,43.8153852,2.49399995803833
18141,30.400681,SDSS J231723.74-013519.3,Q,349.3489303,-1.5887004,1.2289999723434448
18141,177.811179,SDSS J231737.53-013512.1,Q,349.406398,-1.5867082,2.0329999923706055
7530,96.960032,J101348.99+384928.2,X,153.4541389,38.8245,
7530,166.732784,J101341.43+384944.4,X,153.4226389,38.829,
7531,168.519825,WEE 41,Q,168.9703845,13.8110261,2.5799999237060547
7532,77.205641,SDSS J132930.95+114601.9,N,202.37899,11.767214,0.4650000035762787
7532,162.88616,SDSS J132929.64+114202.8,NX,202.3735776,11.7008016,0.023000000044703484
18148,84.023696,SDSS J075143.22+425259.3,Q,117.9301177,42.8831436,1.2100000381469727
18148,136.497797,SDSS J075132.98+425502.1,Q,117.8874376,42.9172367,1.3830000162124634
7533,0.371043,IC 900,NR,203.6792314,9.3368883,0.024000000208616257
18151,70.380236,SDSS J122855.58+075133.5,qX,187.2316187,7.8592787,1.7999999523162842
18152,154.556253,SDSS J123028.35+571920.0,Q,187.6181404,57.3221913,1.0
7537,160.712519,WISEA J055339.45-324507.0,q,88.4143981,-32.751946,0.6000000238418579
7539,160.921889,SDSS J130009.83+281428.1,qX,195.041002,28.2411634,1.5
18155,131.632305,WISEA J205124.31-364539.2,q,312.8512659,-36.7608946,1.5
18158,58.532819,J081303.55+543741.8,R,123.2648056,54.6282778,
18158,165.500665,SDSS J081312.18+544057.9,Q,123.3007785,54.6827709,0.9869999885559082
18159,142.258811,SDSS J092111.00+242036.9,A,140.2958489,24.343585,0.26600000262260437
18159,154.60397,SDSS J092114.59+241639.3,Q,140.3108248,24.2776081,2.7769999504089355
7545,0.20736,MCG -1-09-045,NX,52.8460201,-5.1416924,0.013000000268220901
7547,149.144452,J103638.67-271843.2,X,159.1611497,-27.3120241,
7548,86.568952,SDSS J111001.66+104333.2,Q,167.5069588,10.7258942,1.1549999713897705
18166,169.685563,2QZ J235659.7-312207,Q,359.2489849,-31.3685749,1.5920000076293945
7551,95.081159,J234813.47-281339.9,X,357.0561342,-28.2277725,1.2000000476837158
7551,139.538205,J234810.19-281419.8,X,357.0424723,-28.2388334,
18169,63.57582,SDSS J024201.32+011408.3,QX,40.505523,1.2356467,0.40400001406669617
18174,95.482077,SDSS J075427.67+440946.3,Q,118.61532,44.1628768,2.259000062942505
18174,152.765423,SDSS J075449.91+440858.8,Q,118.7079966,44.14969,1.0089999437332153
7555,83.683004,WISEA J104417.19+524450.3,qX,161.0716651,52.7473272,0.4000000059604645
7555,85.560732,SDSS J104425.65+524713.1,qX,161.1068426,52.7869337,1.7999999523162842
18177,91.052926,PGC 1670435,N,175.2014403,22.4672685,0.10199999809265137
7557,80.174082,SDSS J132941.47+322451.4,QX,202.4227882,32.4142909,2.065000057220459
7557,160.302677,SDSS J132940.26+322635.4,QX,202.4177934,32.4431494,2.053999900817871
18178,86.309062,WISEA J114745.45+195615.7,q,176.9393944,19.937697,0.30000001192092896
18182,103.730275,WISEA J153811.03+723438.9,q,234.54599,72.5775041,0.30000001192092896
18183,117.479289,SDSS J162825.61+411204.0,QX,247.1067081,41.2011098,0.5989999771118164
7563,101.561324,J002117.94-483835.9,X,5.3247785,-48.6433088,
18184,157.755385,WISEA J181413.75-612214.0,q,273.5573379,-61.3705641,1.0
7565,85.81627,SDSS J082237.94+561821.4,Q,125.6581182,56.3059553,2.0880000591278076
7565,121.356789,SDSS J082226.37+562029.6,Q,125.6098918,56.3415758,2.075000047683716
7565,170.595066,SDSS J082234.81+561700.4,Q,125.6450544,56.2834674,2.309000015258789
7566,60.587184,SDSS J090441.15+133306.0,Q,136.1714817,13.5516863,0.7509999871253967
7566,113.635879,WISEA J090443.77+133411.8,q,136.1823807,13.5699566,0.30000001192092896
7567,163.397027,WISEA J102937.59-352644.0,qX,157.406642,-35.4455543,0.30000001192092896
7568,0.717743,CGCG 333-38,NX,158.5990278,73.0138889,0.02199999988079071
18192,165.54301,SDSS J115049.57+600612.7,Q,177.7065449,60.1035391,0.5400000214576721
7569,20.649007,J104412.33+064552.2,X,161.0513889,6.7645,
7569,29.249117,SDSS J104410.27+064534.2,qX,161.0428119,6.7595147,2.0999999046325684
7569,33.937668,J104414.46+064538.1,X,161.0602778,6.7605834,
7569,38.927968,J104409.70+064521.5,X,161.0404445,6.7559723,
7569,91.90156,J104411.94+064703.4,X,161.0497821,6.7842814,0.5
18194,87.479916,WISEA J123619.81-113421.5,q,189.0825439,-11.5727082,2.0
7571,144.932841,SDSS J111656.24+174958.4,qX,169.2343977,17.8329091,1.2000000476837158
18197,131.531888,SDSS J150603.81+124429.0,Q,226.515872,12.7414013,1.2029999494552612
18198,174.207304,WISEA J203123.47-380616.7,q,307.8477869,-38.1045949,1.5
18199,85.811126,SDSS J025154.80+004119.1,Q,42.9783488,0.6886629,2.640000104904175
18200,153.984958,WISEA J030641.02-734555.8,q,46.6708617,-73.7655268,2.0
7575,60.361905,J141929.04-042909.8,X,214.8710158,-4.4860673,1.0
7575,133.921533,WISEA J141933.76-042848.7,q,214.8907067,-4.4802125,0.4000000059604645
18201,152.110876,J074838.02+652238.3,R,117.1584262,65.3773318,
18203,109.431856,IC 3639,ARX,190.220149,-36.7558462,0.010999999940395355
18206,133.199792,J140751.84-264804.5,X,211.9660381,-26.8012672,
7582,69.263135,PKS 0038-019,QR2X,10.358369,-1.7210231,1.6740000247955322
18210,47.503621,WISEA J231407.95+283706.4,q,348.5331013,28.6184646,1.2000000476837158
18211,0.182893,MCG -1-02-012,N,6.4785894,-3.4207992,0.014999999664723873
18212,74.83374,J021849.20+334438.0,X,34.7050137,33.7439074,1.2000000476837158
18213,171.670525,WISEA J024609.61+280351.3,q,41.5400514,28.0642549,1.2999999523162842
7586,142.602859,SDSS J074610.62+262803.1,Q,116.544258,26.4675301,1.7660000324249268
7589,76.143559,SDSS J211810.96-073458.8,qX,319.5457004,-7.5830227,1.2000000476837158
7589,176.648186,J211811.53-073751.2,X,319.5480556,-7.6308889,
7590,167.224489,WISEA J212830.77-850305.4,q,322.1287979,-85.0515354,1.5
18218,97.03749,WISEA J042437.50+093431.1,q,66.1562377,9.5753164,2.5
18220,0.28374,MCG 0-25-023,NR,147.6086512,1.5825215,0.02500000037252903
18220,104.039065,SDSS J095032.93+013514.3,Q,147.6372355,1.5873227,2.046999931335449
18222,0.095952,MCG 10-15-059,AR,154.6723246,57.2820231,0.026000000536441803
18222,86.840309,SDSS J101834.54+571548.1,Q,154.6439014,57.2633947,1.7979999780654907
7595,0.109801,MCG -2-08-014,NRX,43.0974807,-8.5104129,0.017000000923871994
18223,108.153083,WISEA J120456.76-031011.2,q,181.236519,-3.1697937,2.200000047683716
7596,33.267329,J025610.06+413800.7,X,44.0419445,41.6335278,
7597,166.998963,WISEA J051728.27+060709.2,qR,79.3677111,6.1193154,1.0
18226,116.405666,J171712.40+405334.0,X,259.3016945,40.8927778,
18226,168.948249,SDSS J171707.91+405039.8,qR,259.2829963,40.8444136,1.0
18228,59.08242,SDSS J231629.20+242949.5,Q,349.1216751,24.497102,1.1690000295639038
18228,173.452202,SDSS J231632.34+243209.5,Q,349.1347899,24.5359939,1.3919999599456787
7600,121.610212,SDSS J091650.50+494848.1,Q,139.2104527,49.8133619,1.5980000495910645
7600,159.337971,SDSS J091657.65+494441.8,Q,139.2402295,49.7449608,1.8739999532699585
7600,161.297507,SDSS J091704.42+494640.4,Q,139.2684182,49.7778863,0.75
18229,128.009515,J235359.50+282842.2,X,358.4979167,28.4783889,
18233,158.347164,WISEA J075502.47+553357.0,q,118.7603918,55.5658687,0.699999988079071
18235,137.848968,J125735.50+281310.9,X,194.3979445,28.2196945,
18235,143.068335,SDSS J125728.58+280852.0,QX,194.369093,28.1477573,2.5160000324249268
18235,155.314733,SDSS J125724.19+281328.6,qX,194.3508078,28.2246322,2.0
7608,80.067674,WISEA J071348.11+230453.2,q,108.450435,23.0814388,0.30000001192092896
7609,12.619672,J105041.04+654347.7,R,162.6710278,65.7299167,
7609,70.538631,J105050.74+654317.5,X,162.7114184,65.721542,1.0
7612,57.953073,SDSS J121424.20+511846.9,QX,183.6008749,51.3130264,1.444000005722046
7612,129.818608,SDSS J121430.44+511650.5,QX,183.6268729,51.2806889,1.3229999542236328
18242,50.561454,WISEA J223134.51-360346.4,q,337.893846,-36.062912,1.100000023841858
18243,142.728752,WISEA J230908.48-720141.6,q,347.2853864,-72.0282205,0.699999988079071
18246,95.767729,NGC 1346,AR,52.5552709,-5.5433683,0.013000000268220901
18248,109.567705,SDSS J083503.49+371444.8,Q,128.7645404,37.2458045,2.1760001182556152
18248,130.264396,J083520.49+371509.2,R,128.8353889,37.2525556,
7618,110.864068,SDSS J075950.07+331906.4,Q,119.9586608,33.3184648,1.746999979019165
7618,130.749118,SDSS J075943.36+331723.6,Q,119.9307274,33.289899,0.9340000152587891
7619,70.50129,SDSS J102057.26+253217.8,qX,155.2386063,25.5382935,1.399999976158142
7619,111.655778,J102101.63+252925.8,X,155.2567969,25.4905256,
7619,160.505704,SDSS J102054.16+252840.6,QX,155.2257219,25.4779694,2.2730000019073486
7620,0.347323,UGC 5713,AR,157.9120556,25.9839218,0.020999999716877937
7620,143.229314,SDSS J103149.45+255850.1,qR,157.9560662,25.9805684,2.0999999046325684
7621,176.200096,WISEA J114940.05+742043.9,q,177.4168286,74.3455356,1.899999976158142
18254,160.914469,WISEA J225807.32-401637.4,qX,344.5305396,-40.2770739,0.4000000059604645
7622,167.501753,WISEA J133055.00+111406.9,qX,202.7291579,11.2352382,0.5
7623,2.17409,NGC 6073,A,242.5445278,16.6994723,0.014999999664723873
7623,175.882688,J160959.00+164113.2,R,242.4958612,16.687,
7625,87.292971,SDSS J230730.34+230113.8,Q,346.8764292,23.0204853,0.6150000095367432
7625,128.984303,SDSS J230741.89+230016.0,Q,346.9245739,23.0044687,1.0260000228881836
18259,152.068797,WISEA J054508.21+624555.8,q,86.2843309,62.7656403,0.20000000298023224
18260,148.972825,SDSS J080631.88+265128.9,Q,121.6328686,26.8580287,2.996000051498413
7626,108.181951,SDSS J010412.05-010308.1,N,16.0502027,-1.0522545,0.24699999392032623
7626,134.181537,SDSS J010419.90-010635.4,Q,16.0829222,-1.109847,1.5839999914169312
7626,147.564731,SDSS J010407.68-010525.6,Q,16.0320287,-1.090454,2.177000045776367
18261,12.025365,SDSS J083423.61+322617.1,QR,128.5983821,32.4381423,1.9049999713897705
18262,70.575505,J100027.58+042358.5,X,150.1149445,4.3995834,
18263,108.97884,2QZ J112237.9-004923,Q,170.6580972,-0.8230436,0.6729999780654907
18265,32.061395,SDSS J162534.87+355839.6,A,246.395325,35.9776779,0.49799999594688416
18265,107.111423,SDSS J162545.46+355752.8,Q,246.4394266,35.9646667,1.187999963760376
7630,0.294136,NGC 4074,ARX,181.1236151,20.3162843,0.023000000044703484
7630,106.433694,SDSS J120434.27+201734.1,AX,181.1428081,20.2928234,0.2160000056028366
18268,110.844352,WISEA J224149.52-324452.4,q,340.4563763,-32.7479025,0.8999999761581421
18270,60.426157,SDSS J000825.93+101310.6,Q,2.108079,10.219634,0.9129999876022339
18270,85.230222,WISEA J000831.07+101333.3,q,2.1294736,10.2259457,1.0
18270,142.151502,SDSS J000819.73+101328.8,Q,2.0822306,10.2246857,1.4670000076293945
7634,119.458873,SDSS J223554.05+202115.1,Q,338.9752157,20.3542187,1.5130000114440918
7634,160.090784,SDSS J223605.98+201755.3,Q,339.0249525,20.2986945,1.5720000267028809
18271,139.723235,2QZ J011153.1-300143,Q,17.9715683,-30.0284877,1.2890000343322754
18271,141.738888,2QZ J011135.0-300327,Q,17.8961261,-30.0573778,1.555999994277954
18274,140.388429,SDSS J031022.23+041618.7,qR,47.5926951,4.2719221,1.7000000476837158
7637,67.360137,WISEA J055757.57-455122.0,q,89.4898339,-45.8561052,1.2000000476837158
18279,155.601097,SDSS J073829.18+373551.4,Q,114.6216051,37.5976142,2.565999984741211
18279,170.038228,SDSS J073824.16+373634.4,Q,114.6006906,37.6095627,2.571000099182129
18280,0.393308,MCG 4-27-034,N,171.3890596,22.8190216,0.02199999988079071
18280,172.698076,SDSS J112537.67+225150.3,Q,171.4069817,22.8639815,2.3239998817443848
18282,172.276276,J120759.30+693326.8,X,181.9971112,69.5574445,
18283,51.835899,SDSS J130238.73+282132.5,Q,195.6613837,28.3590544,3.0999999046325684
18283,128.583636,LAMOSTJ130231.42+282142.0,Q,195.6309165,28.3616758,1.75600004196167
18285,130.901334,SDSS J141506.63+154243.5,Q,213.7776555,15.7121036,2.365999937057495
18287,44.683369,SDSS J155603.36+212344.5,Q,239.014022,21.3956961,2.0899999141693115
18289,102.555446,WISEA J172457.89+565129.6,q,261.2413219,56.8582646,1.100000023841858
18294,71.226826,Q 2117-4620,Q,320.3166283,-46.1330244,2.884000062942505
7658,155.309362,WISEA J120143.57+223323.8,qR,180.4315917,22.5566096,0.3009999990463257
18297,46.669581,WISEA J224836.06-365524.3,q,342.1503146,-36.9233085,1.399999976158142
7659,0.816014,UGC 8621,ARX,204.4161414,39.154594,0.019999999552965164
7659,105.847103,SDSS J133746.76+390806.6,QX,204.444848,39.135169,1.8559999465942383
7659,109.760745,J133739.21+391106.1,X,204.4133889,39.1850278,
18299,144.714696,WISEA J042835.90-465817.8,q,67.1496966,-46.9713925,2.5
7662,107.913634,SDSS J111131.03+470026.9,Q,167.8793018,47.0074727,1.468999981880188
7662,170.726215,SDSS J111143.99+470153.3,Q,167.9333019,47.0314857,2.565999984741211
18301,150.35745,SDSS J075144.45+271810.1,A,117.9352079,27.302822,0.5249999761581421
18302,0.303593,MCG 3-24-024,ARX,139.1430098,17.9190078,0.027000000700354576
18303,173.8151,WISEA J101437.81+641945.4,q,153.6575461,64.3293005,0.699999988079071
18305,152.626285,SDSS J104437.17+582936.9,Q,161.1549414,58.4936095,3.6659998893737793
18308,81.211137,LAMOSTJ135759.85+214745.7,Q,209.4993703,21.7960238,1.343999981880188
18309,18.987217,SDSS J003331.08+225351.6,Q,8.3795153,22.8977005,2.058000087738037
7672,131.86113,SDSS J004429.81-034428.9,Q,11.1242367,-3.7413728,1.7979999780654907
7672,163.759,SDSS J004443.92-034745.9,Q,11.1830286,-3.7960752,1.3609999418258667
7675,146.030014,SDSS J105437.59+172206.1,QX,163.656671,17.3683541,0.2150000035762787
18314,135.565708,WISEA J081252.80+092502.7,q,123.2200054,9.4174286,2.200000047683716
18316,131.797927,SDSS J101857.93+344033.2,Q,154.7414127,34.6758892,1.2769999504089355
18317,146.014541,WISEA J103036.41-350523.4,q,157.6517252,-35.089891,0.20000000298023224
7684,63.731879,SDSS J105342.46+504613.9,QR,163.4269514,50.7705315,1.8079999685287476
7684,114.424607,SDSS J105331.71+504436.1,Q,163.3821689,50.7433676,0.4339999854564667
18327,54.305628,SDSS J011609.95+251049.1,Q,19.0414645,25.180308,1.4520000219345093
7687,1.010288,NGC 6027A,NRX,239.7966004,20.7543811,0.014000000432133675
7687,162.646298,WISEA J155920.20+204657.8,qX,239.8341946,20.782739,0.800000011920929
18328,178.445895,LAMOSTJ022916.49+064904.3,Q,37.3186799,6.8178334,0.6349999904632568
18329,96.862531,SDSS J031756.91-003138.9,Q,49.4871344,-0.5275106,1.7259999513626099
7689,101.940238,J025336.93+414157.3,X,43.4038889,41.69925,
18330,147.46751,WISEA J075541.79-723806.9,q,118.9247825,-72.63544,0.20000000298023224
7690,136.366575,SDSS J121246.05+464833.4,Q,183.1918799,46.809284,1.3660000562667847
18332,62.890931,SDSS J112209.94+241737.6,QX,170.5414182,24.2937739,3.3350000381469727
18332,97.801778,SDSS J112211.58+241629.9,QX,170.5482705,24.2749825,1.3350000381469727
18332,113.662687,J112217.63+241944.5,X,170.5734723,24.3290278,
18332,121.527404,J112218.41+241613.8,X,170.5767223,24.2705,
7691,162.263869,WISEA J132632.77-193737.6,q,201.6365831,-19.6271078,0.8999999761581421
18334,101.016235,J125427.94+273910.5,X,193.6164512,27.6529171,0.5
7693,84.042898,SDSS J001200.81-002425.2,Q,3.0033923,-0.4070051,2.2660000324249268
7693,166.401981,SDSS J001209.19-002215.1,Q,3.0383545,-0.3708507,1.875
18335,162.652966,WISEA J143932.01+091648.5,q,219.8833805,9.2800876,0.4000000059604645
18335,166.201909,SDSS J143920.53+091354.9,Q,219.8355727,9.2319644,1.055999994277954
18336,146.2551,PGC 1437727,A,231.4460216,13.6885094,0.09200000017881393
7695,18.916838,SDSS J025039.37+204116.2,qR,42.6640661,20.687837,0.800000011920929
18337,142.069508,WISEA J154936.39+283404.4,q,237.4019374,28.5680089,0.8999999761581421
18340,76.89174,J224610.36+101042.8,R,341.5431945,10.1785556,
18340,109.705955,SDSS J224619.61+101035.2,Q,341.5817491,10.1764635,2.611999988555908
7698,140.034025,J071046.74+484141.3,R,107.6947551,48.6948302,0.30000001192092896
18341,108.083597,SDSS J231501.32+012754.1,Q,348.7555362,1.4650345,0.6940000057220459
7701,23.058768,WISEA J130028.98-441446.6,q,195.1204731,-44.2464364,0.5
7703,108.287219,1WGA J1338.4+2646,QX,204.6231514,26.7673907,0.597000002861023
7703,156.582731,SDSS J133822.42+264200.2,Q,204.5934671,26.7000488,2.430999994277954
18348,168.123645,WISEA J080235.59+564451.8,q,120.6482165,56.7477143,1.899999976158142
7708,100.64186,SDSS J102535.67-021435.3,Q,156.3986609,-2.2431452,3.5969998836517334
7711,109.78939,SDSS J140235.92+143447.3,Q,210.6496995,14.5798305,2.556999921798706
18359,178.225508,WISEA J021203.64+294536.0,q,33.0152197,29.7599205,0.30000001192092896
18365,124.547875,SDSS J091907.44+340037.2,Q,139.7810026,34.0103381,1.5540000200271606
7718,81.276518,SDSS J092056.01+131102.7,Q,140.233379,13.1840811,2.4200000762939453
7718,86.155848,SDSS J092056.24+131057.4,Q,140.2343273,13.1826333,2.430000066757202
7720,71.951626,SDSS J130600.57+035617.6,AX,196.5024071,3.9382475,0.2709999978542328
7720,154.506253,SDSSp J130608.26+035626.3,QX,196.5343889,3.9406389,5.989999771118164
7721,163.015515,2QZ J133137.4-023534,Q,202.9059209,-2.5933562,0.4950000047683716
18370,98.004749,SDSS J105940.31+332434.3,Q,164.9179941,33.4095304,2.128000020980835
18370,122.06223,SDSS J105945.28+332532.0,Q,164.9386836,33.4255733,2.492000102996826
7723,0.161798,NGC 5528,N,214.0830241,8.2934921,0.024000000208616257
7723,130.799635,SDSS J141624.43+081544.0,Q,214.1018329,8.262237,1.3109999895095825
7724,21.047986,SDSS J162525.05+395156.9,QX,246.35443,39.8658023,1.0740000009536743
7724,35.434239,J162528.93+395227.4,X,246.3705661,39.8742806,0.5
18375,145.465411,J161430.30-222424.2,X,243.6262814,-22.4067315,0.30000001192092896
7726,69.467456,SDSS J230041.83+124711.6,N,345.17433,12.786565,0.15700000524520874
18376,42.415206,KUV 16180+3821,Q,244.9452739,38.2246742,1.1269999742507935
18376,144.650496,SDSS J161953.64+381222.9,Q,244.9735113,38.2063813,1.4819999933242798
7728,108.244801,WISEA J012126.07+403044.0,q,20.3586454,40.5122315,1.899999976158142
7728,110.967854,WISEA J012118.44+403106.2,q,20.3268563,40.5184146,2.0
18378,167.278201,WISEA J185659.04+602442.5,q,284.2462353,60.4118054,1.7999999523162842
18381,163.690465,SDSS J230920.83+150134.8,A,347.3368006,15.0263551,0.10000000149011612
18382,102.947525,J231407.90+314028.7,R,348.5329207,31.6746482,0.5
7733,59.585572,WISEA J080237.11+272515.9,q,120.6546559,27.4210838,3.0999999046325684
7734,169.131108,SDSS J083251.26+001616.7,Q,128.2136012,0.2713286,2.6419999599456787
18386,124.091737,SDSS J084717.30+193816.7,Q,131.8221247,19.6379814,1.6799999475479126
18386,172.078521,SDSS J084656.82+193829.6,Q,131.7367557,19.641558,0.953000009059906
7735,86.962526,NGC 2783,ARX,138.4144603,29.9929601,0.023000000044703484
7735,157.491434,J091321.21+300033.0,X,138.3383889,30.0091667,
7735,157.597617,SDSS J091334.21+300237.1,QX,138.3926108,30.0436385,1.6410000324249268
7735,177.755237,SDSS J091325.26+295734.2,QX,138.3552625,29.9595175,2.63100004196167
18389,125.135314,LAMOSTJ122209.85+282635.6,Q,185.5410669,28.4432313,1.7309999465942383
7738,116.995512,SDSS J110020.83+455500.7,Q,165.0867935,45.9168826,1.6890000104904175
7738,168.66569,SDSS J110009.81+455749.7,Q,165.0409012,45.9638281,1.440000057220459
7738,178.369471,SDSS J110026.59+455522.4,Q,165.1107875,45.9229296,1.2970000505447388
18390,161.391562,SDSS J124637.31+504938.8,Q,191.6555071,50.8274331,1.1829999685287476
18392,95.893165,2QZ J130734.3-005743,Q,196.893067,-0.9618323,1.628999948501587
18393,22.428736,SDSS J132412.23+153418.2,Q,201.0509634,15.5717331,0.7850000262260437
18393,134.475098,SDSS J132411.31+153157.0,Q,201.0470946,15.532523,3.1689999103546143
7743,170.084721,WISEA J231255.81+054546.8,q,348.2325951,5.7630599,0.699999988079071
7743,176.37554,SDSS J231255.46+054538.1,Q,348.2311362,5.760581,2.572999954223633
18401,166.048787,SDSS J231419.96-015918.5,Q,348.5831925,-1.9884733,2.3970000743865967
7750,148.527785,WISEA J170352.31+615953.4,q,255.9679847,61.998186,0.800000011920929
18405,174.193842,2QZ J022114.8-315601,K,35.31175,-31.9335834,0.5099999904632568
18406,18.435928,J025751.74+060259.8,X,44.4655834,6.0499445,
18406,144.383945,J025746.07+060100.5,R2,44.441979,6.0168129,1.399999976158142
18409,116.351286,2SLAQ J091723.06-003559.5,N,139.3460693,-0.5998521,0.3070000112056732
18409,169.182376,2SLAQ J091738.08-003533.7,Q,139.4086763,-0.5926861,1.9459999799728394
18411,144.390907,SDSS J095601.26+335951.0,Q,149.0052762,33.9975153,2.365000009536743
18412,139.185963,WISEA J103250.90-125744.9,q,158.2120853,-12.9625111,0.4000000059604645
7759,136.293376,WISEA J115814.21-214621.6,qR,179.5592108,-21.7726808,0.699999988079071
18414,93.03799,J125911.54+275850.5,X,194.7981183,27.9807089,1.399999976158142
18414,168.822865,J125918.30+275902.6,X,194.82625,27.9840556,
18415,108.712152,SDSS J131635.06+512407.7,Q,199.1461007,51.4021432,1.9700000286102295
7760,0.290233,ESO 510-46,NR,210.4934718,-25.538791,0.020999999716877937
18417,0.846662,IRAS 14146+40260,NR,214.1575404,40.2163091,0.019999999552965164
18417,167.733103,SDSS J141652.35+401237.4,Q,214.2181686,40.210403,1.7619999647140503
18419,56.942042,UGC 9222,N,215.943,34.0170021,0.012000000104308128
18419,127.341384,SDSS J142332.30+340054.6,A,215.88459,34.015188,0.12300000339746475
7764,53.792549,J084622.86+470836.7,X,131.5952778,47.1435278,
18422,157.819758,WISEA J165501.03+480343.6,q,253.7542941,48.0621143,0.4000000059604645
18422,179.040784,SDSS J165445.89+480109.8,Q,253.6912178,48.0194091,1.3630000352859497
7767,142.011141,SDSS J143850.22+302855.6,Q,219.7092878,30.4821168,2.492000102996826
7767,164.730262,SDSS J143902.37+302711.6,A,219.7598724,30.4532156,0.21400000154972076
7768,103.807059,SDSS J161420.38+174356.9,Q,243.5849515,17.7324997,1.3200000524520874
7768,171.937863,SDSS J161426.28+174710.6,Q,243.6095317,17.7863053,2.11299991607666
18427,144.818329,SDSS J010753.57+321635.5,QX,16.9732394,32.2765492,1.9529999494552612
18428,149.664042,SDSS J011653.88+162325.0,Q,19.2245027,16.3902434,2.309999942779541
18432,120.516695,J084924.01+360828.5,X,132.3500679,36.1412652,0.20000000298023224
7774,56.040517,SDSS J001355.59+305205.2,QX,3.4816355,30.8681384,2.4820001125335693
18434,139.45103,WISEA J183621.88+380949.6,q,279.0911627,38.1638012,0.20000000298023224
18435,34.854355,WISEA J192502.88+742304.1,q,291.2620549,74.384476,0.20000000298023224
7776,95.164752,SDSS J091443.15+080740.9,Q,138.6798119,8.128047,2.690000057220459
18437,174.852319,WISEA J222638.02+364835.2,q,336.6584431,36.8097824,1.600000023841858
7777,0.250391,IC 2515,NRX,148.6642403,37.4085921,0.01899999938905239
7777,132.132669,SDSS J095443.61+372228.3,Q,148.681715,37.3745511,1.1299999952316284
7777,171.14716,SDSS J095449.38+372634.2,QX,148.7057528,37.442857,1.7120000123977661
18440,164.237924,WISEA J045204.22-035735.8,q,73.017531,-3.959957,0.5
18442,131.342183,PGC 1809566,N,119.2749002,27.4856247,0.07599999755620956
7784,164.50964,SDSS J101822.86+070534.9,Q,154.5952677,7.0930148,3.7679998874664307
7785,120.581657,WISEA J113758.61-322127.1,q,174.494234,-32.3575392,1.2000000476837158
7786,81.285805,SDSS J121230.82+290754.1,qX,183.1284441,29.1317075,0.30000001192092896
7786,105.592568,J121234.97+290856.0,X,183.1457223,29.1488889,
7786,140.847276,SDSS J121226.79+291118.0,qRX,183.111671,29.1883521,1.399999976158142
7786,152.244306,NGC 4169,NRX,183.0782223,29.1794167,0.013000000268220901
7787,157.756542,PGC 1737498,A,218.6015215,25.4650047,0.09399999678134918
7787,174.017124,SDSS J143420.91+252550.6,Q,218.5871635,25.4307405,2.441999912261963
18452,29.902096,SDSS J230528.70-083501.7,qX,346.369596,-8.5838276,2.299999952316284
7790,163.303624,WISEA J133442.56+261133.4,q,203.6773471,26.1926231,0.800000011920929
18457,61.244448,WISEA J031033.37-113402.4,q,47.6390839,-11.5673492,1.2999999523162842
18458,149.794215,SDSS J082303.45+042510.5,qX,125.7643783,4.4196034,2.200000047683716
7796,151.617697,SDSS J023753.91+021709.5,Q,39.4746257,2.2859866,2.132999897003174
18461,166.99027,SDSS J113456.13+190239.7,N,173.73388,19.044377,0.5170000195503235
18462,177.375988,SDSS J130220.95+502501.5,Q,195.5873172,50.4170911,1.0140000581741333
18465,87.267711,WISEA J185754.50-644620.5,q,284.4771653,-64.7723616,1.899999976158142
7802,93.99197,2QZ J120350.7+014123,Q,180.961536,1.6898852,0.9269999861717224
7802,137.203445,SDSS J120353.48+014216.4,qX,180.9728717,1.7045652,1.2999999523162842
18470,177.632242,SDSS J235716.67+294823.9,Q,359.3194888,29.8066339,1.0440000295639038
18473,64.676387,SDSS J092006.11+330642.6,Q,140.0254591,33.1118636,1.406999945640564
18473,82.841072,SDSS J092007.03+330657.7,Q,140.0292886,33.1160282,1.7389999628067017
7807,78.838052,J032000.09-664052.7,X,50.0003857,-66.6813276,
7807,122.04899,J032006.88-664002.4,X,50.0286667,-66.6673334,
7807,132.412392,J031959.72-663956.6,X,49.9988528,-66.6657435,
7807,148.008227,WISEA J032014.91-664421.6,qX,50.0621791,-66.7393852,1.899999976158142
18476,73.771369,WISEA J113653.58-125826.8,q,174.2232784,-12.9741237,0.800000011920929
18477,83.894802,J113743.18+220115.4,X,174.4299167,22.0209445,
18477,106.945582,J113743.08+220241.5,X,174.4295278,22.0448612,
18477,111.418551,SDSS J113748.54+220325.3,qX,174.4522705,22.0570354,1.0
18477,120.416089,SDSS J113749.41+220334.3,AX,174.455956,22.0595686,0.5490000247955322
18477,157.378613,SDSS J113738.47+220229.5,AX,174.4102893,22.0415672,0.4519999921321869
7812,0.141344,NGC 4985,AR,197.0504026,41.6763392,0.02800000086426735
18480,124.644119,WISEA J135105.06+235905.3,q,207.7712192,23.9847592,1.600000023841858
7813,134.342996,WISEA J143913.25-252714.3,q,219.8052452,-25.4539796,0.30000001192092896
7815,0.254151,MCG -1-53-008,AX,311.5868401,-2.8126002,0.027000000700354576
7815,150.647525,J204630.78-024824.2,X,311.6282656,-2.8067305,1.7000000476837158
18488,0.099705,CGCG 501-58,AX,14.9720223,31.8270146,0.014999999664723873
7822,123.108149,WISEA J064658.56+743344.6,q,101.7440282,74.5623927,1.899999976158142
18492,34.063977,WISEA J051321.29+093659.9,q,78.3386513,9.6167035,1.2999999523162842
7823,78.235199,SDSS J080824.82+395905.9,qX,122.1034536,39.985,1.0
7823,83.611337,SDSS J080833.04+395836.6,QX,122.1376868,39.9768501,1.7890000343322754
7823,108.908234,SDSS J080817.56+395808.4,qX,122.0731743,39.9690069,2.0
7823,169.562161,J080833.30+395518.6,X,122.138758,39.921859,
18494,106.245168,SDSS J084317.60+080459.7,Q,130.8233687,8.0832574,1.906999945640564
18495,153.564022,PGC 2150751,A,131.9458034,39.4940289,0.12300000339746475
18495,177.882273,SDSS J084731.64+393051.0,Q,131.8818587,39.5141723,1.74399995803833
7824,144.893539,LAMOSTJ102228.91+363330.2,Q,155.6204658,36.5584024,1.940999984741211
7825,0.302611,UGC 7074,N,181.3475084,17.9199932,0.014000000432133675
18498,83.756065,J114420.86+194809.4,X,176.0869167,19.8026112,
18498,162.278242,SDSS J114409.51+195010.2,QX,176.0396655,19.8361572,1.0959999561309814
18499,151.195943,SDSS J131650.76+054033.0,Q,199.2115368,5.6758611,3.3540000915527344
7829,168.38156,WISEA J210704.30-450941.0,q,316.7679217,-45.1614001,0.699999988079071
7830,82.399278,SDSS J231833.69+251451.0,Q,349.6403782,25.247543,1.7619999647140503
18502,109.794845,SDSS J170343.23+452743.4,qX,255.9301665,45.4620718,2.4000000953674316
7833,127.640054,SDSS J001735.15-093443.8,qX,4.3964965,-9.5788443,1.100000023841858
18506,139.574169,SDSS J234726.33+324705.4,Q,356.8597401,32.7848213,1.9700000286102295
18506,148.57488,SDSS J234719.17+324437.7,Q,356.829917,32.7438003,2.4049999713897705
7835,89.323435,WISEA J021436.43-131552.2,q,33.6518123,-13.2644894,0.699999988079071
18507,103.394164,SDSS J002345.43+301611.1,Q,5.9393268,30.2697305,1.434999942779541
7836,73.05416,WISEA J022349.51-072147.9,qR,35.9563311,-7.3633202,0.800000011920929
7836,101.785539,SVA1_COADD-2939160735,Q,35.9937931,-7.3324724,1.4049999713897705
7836,175.067495,SVA1_COADD-2939159264,Q,35.924626,-7.355002,2.9240000247955322
18511,73.240311,SDSS J120804.28+250410.9,qX,182.0178379,25.0697075,2.0
18511,118.717275,SDSS J120800.41+250458.5,qX,182.0017309,25.0829262,1.600000023841858
18511,173.365375,SDSS J120802.55+250713.0,qX,182.0106659,25.1202888,0.5
18512,69.421633,SDSS J122818.69+114804.1,QX,187.0778922,11.8011506,0.6729999780654907
18512,131.047473,SDSS J122822.09+114606.8,NX,187.092026,11.7685509,0.36500000953674316
7840,75.792246,SDSS J012826.62+023025.2,Q,22.1109453,2.5070252,2.2960000038146973
7840,112.236591,SDSS J012822.21+023238.9,Q,22.092547,2.5441651,0.9359999895095825
7841,125.514935,SDSS J012940.20-011621.4,Q,22.4175309,-1.2726328,1.5720000267028809
7846,132.190261,SDSS J124555.64-072912.0,qX,191.4818546,-7.4866865,1.2000000476837158
7852,167.334485,J005801.18-463416.0,X,14.5049234,-46.57112,
7852,168.536443,WISEA J005749.71-463838.0,qX,14.4571509,-46.6438719,2.0999999046325684
18531,0.424139,MCG 4-20-063A,N,127.1078002,25.0146351,0.028999999165534973
18531,137.006676,SDSS J082829.33+245844.3,Q,127.1222317,24.9789809,0.26600000262260437
18532,157.581852,WISEA J093527.43-165344.7,q,143.8643163,-16.8957526,2.0999999046325684
18533,115.816896,SDSS J094404.96+343946.3,Q,146.0207281,34.6628963,1.8899999856948853
7857,107.828491,WISEA J122838.92-443740.7,q,187.1621453,-44.6280283,0.6000000238418579
18537,115.910949,SDSS J163055.37+405401.0,Q,247.7306725,40.9002566,1.2929999828338623
7861,0.201782,NGC 5240,N,203.9800016,35.5882531,0.007000000216066837
7861,24.272836,J133557.02+353528.0,X,203.9875834,35.5911112,
7861,107.53556,J133549.85+353352.4,X,203.9577223,35.5645556,
7861,133.130012,SDSS J13358+3533,QX,203.9616667,35.5544445,5.929999828338623
7861,144.157458,J133607.03+353519.9,X,204.0293056,35.5888612,
7862,119.917913,WISEA J190318.23-602654.1,q,285.8259647,-60.4483732,0.30000001192092896
7862,178.061782,WISEA J190247.98-602708.2,q,285.6999307,-60.4522766,0.4000000059604645
7863,122.481484,SDSS J213557.35-032130.0,Q,323.9889598,-3.3583455,2.1429998874664307
18544,75.13203,SDSS J021534.94+013842.6,Q,33.8956223,1.6451803,2.5999999046325684
18544,174.591417,SDSS J021535.77+013651.5,QR,33.8990829,1.6143104,2.0290000438690186
7867,129.863821,WISEA J023756.41-014833.6,q,39.4850706,-1.8093678,0.20000000298023224
7867,176.488991,SDSS J023747.41-015128.3,Q,39.4475507,-1.8578735,2.5510001182556152
18547,0.065349,ESO 119-8,AX,72.2364167,-57.6591667,0.023000000044703484
7870,85.513665,LAMOSTJ134750.22+374838.8,Q,206.9593221,37.8107987,1.277999997138977
7870,120.64437,SDSS J134752.35+374740.6,Q,206.9681516,37.7946251,0.9950000047683716
7872,37.586102,NGC 6027A,NRX,239.7966004,20.7543811,0.014000000432133675
7872,128.069898,WISEA J155920.20+204657.8,qX,239.8341946,20.782739,0.800000011920929
18553,60.603349,SDSS J114940.21+482634.0,Q,177.4175652,48.4427959,1.8619999885559082
18553,90.582496,SDSS J114948.93+482459.5,Q,177.453896,48.4165418,1.0379999876022339
7876,101.818599,SDSS J220053.31-015157.5,Q,330.2221349,-1.8659787,2.509000062942505
18555,155.98279,SDSS J133440.74+040513.4,ARX,203.6698069,4.0870618,0.1720000058412552
7877,147.952695,SDSS J223653.72+191105.9,Q,339.2238372,19.1849758,2.1089999675750732
18557,56.195221,J150658.73+655613.4,X,226.7447235,65.9370727,0.30000001192092896
18558,137.193639,SDSS J161755.61+351358.3,Q,244.4817393,35.2328797,1.7130000591278076
7880,132.040814,2QZ J024851.6-283041,Q,42.2153574,-28.5112399,1.5609999895095825
18559,156.346825,WISEA J210609.55-140520.5,q,316.5398169,-14.0890445,0.10000000149011612
7882,111.805351,SDSS J092759.85+171051.0,Q,141.9993967,17.1808557,2.2149999141693115
7884,137.960975,SDSS J120837.37+161051.9,Q,182.1557278,16.181101,2.3910000324249268
7885,163.144591,2QZ J221352.1-292413,Q,333.4671356,-29.4034091,0.9319999814033508
7886,140.880889,WISEA J023007.44+231017.5,q,37.531045,23.1715654,0.6010000109672546
18567,123.230967,SDSS J124906.79+403423.1,Q,192.2782953,40.5730952,1.4930000305175781
18567,139.120326,SDSS J124910.95+403545.9,Q,192.2956335,40.5960921,0.8889999985694885
18567,177.593463,SDSS J124907.89+403321.6,Q,192.2828589,40.5560085,1.1729999780654907
7887,0.088801,MCG 4-22-042,ARX,140.9291693,22.9090471,0.032999999821186066
18568,138.378017,SDSS J131709.15+204255.9,N,199.28816,20.715545,0.5270000100135803
7890,165.415822,SDSS J230304.94+264833.2,Q,345.7705847,26.8092319,2.4089999198913574
18572,175.618159,WISEA J184522.31+403834.8,q,281.3430066,40.6430753,1.2999999523162842
18573,66.407566,SDSS J213233.56+024246.3,Q,323.1398652,2.7128727,1.1100000143051147
7892,101.794657,J020213.15-305952.7,X,30.5548056,-30.9979723,
18574,131.244916,SDSS J220224.10+181657.2,Q,330.6004549,18.2826087,1.524999976158142
18579,116.667602,SDSS J014939.93+114306.1,Q,27.416403,11.7183705,1.3700000047683716
7896,132.48424,PGC 141453,N,156.8094303,11.0611171,0.032999999821186066
18580,0.149012,ESO 31-8,AX,46.897268,-72.8340544,0.02800000086426735
18581,165.017625,J042918.06-044300.0,R,67.3252623,-4.7166759,
7898,169.707876,LAMOSTJ110430.17-013257.6,Q,166.1257122,-1.5493404,1.3539999723434448
7898,179.034732,WISEA J110445.19-013519.8,q,166.1883191,-1.5888497,0.5
7902,148.448953,WISEA J164502.82+615249.9,qR,251.262156,61.8804561,0.8999999761581421
18588,98.113036,SDSS J091624.22+420650.3,QR,139.1009519,42.1139805,1.7760000228881836
18589,73.114054,SDSS J091647.92+195114.8,Q,139.1996834,19.8541352,1.565999984741211
7904,118.343721,WISEA J183343.21+481232.7,qX,278.4300674,48.209086,0.800000011920929
18591,104.877477,SDSS J103715.36+170033.8,Q,159.3140193,17.0094153,3.3580000400543213
7906,72.422619,J223729.16+342332.7,X,339.3715278,34.3924167,
7906,179.12988,J223732.36+342511.9,X,339.3848612,34.4199723,
7906,179.731424,SDSS J223729.15+342524.5,qX,339.3714651,34.4234628,1.600000023841858
18593,24.236099,WISEA J113831.44-085850.8,q,174.6310351,-8.9807934,0.30000001192092896
18594,125.545295,SDSS J130606.16+355647.7,Q,196.5257009,35.9466143,2.805000066757202
7907,107.211469,SDSS J010420.90-004423.9,Q,16.0870975,-0.7399955,1.0369999408721924
7907,156.640544,SDSS J010424.91-004411.8,Q,16.1038143,-0.736633,1.0449999570846558
18595,76.147585,SBS 1305+538,QRX,196.8713121,53.5980015,0.8059999942779541
7908,0.267338,MCG -3-05-007,ARX,23.604975,-15.8190679,0.019999999552965164
18599,0.24249,AKN 479,AX,233.9687778,14.5176975,0.019999999552965164
18599,172.313895,SDSS J153543.94+143303.1,QX,233.9331019,14.550861,0.7829999923706055
7912,119.251863,WISEA J100815.13-200819.2,qX,152.0631837,-20.1387444,0.6000000238418579
18602,148.631245,WISEA J165416.81-054007.6,q,253.570039,-5.6688167,1.2999999523162842
7914,0.238116,NGC 4737,AR,192.7205708,34.1568293,0.023000000044703484
7914,163.738456,SDSS J125058.26+340655.0,Q,192.7427497,34.1152723,3.243000030517578
7915,75.041741,SDSS J131459.99+243609.9,qX,198.7499605,24.6027425,1.5
7915,127.323741,SDSS J131512.36+243627.4,qX,198.8015356,24.6076119,1.2999999523162842
7915,140.493218,WISEA J131504.24+243927.6,qX,198.7677251,24.6576937,0.800000011920929
18606,41.842478,LAMOSTJ215344.54+100333.7,Q,328.4356376,10.0593622,0.8220000267028809
7916,55.069409,WISEA J154541.52+280431.8,q,236.4230319,28.0755148,0.20000000298023224
18614,143.554781,SDSS J130418.94+492759.8,Q,196.0789419,49.4666156,1.7829999923706055
18615,136.325006,WISEA J201513.62-381136.8,q,303.8067514,-38.1935676,1.7999999523162842
7924,0.272975,NGC 4935,A,195.8384357,14.3775207,0.020999999716877937
7925,83.403534,WISEA J132439.53+525611.5,q,201.1647104,52.9365308,0.5
7925,166.382465,WISEA J132456.17+525735.3,q,201.2340695,52.9598096,0.800000011920929
7925,166.789221,SDSS J132433.38+525451.3,Q,201.1391445,52.9142577,3.799999952316284
7927,85.147761,SDSS J001547.03+272525.6,Q,3.9459975,27.4237916,1.6799999475479126
7927,152.420578,SDSS J001533.18+272733.5,Q,3.8882659,27.4593123,1.5850000381469727
7928,59.253341,J024337.91-154226.1,R,40.9079895,-15.7072522,1.7000000476837158
7928,175.445309,WISEA J024349.22-153958.7,q,40.9550946,-15.6663204,0.20000000298023224
18622,156.356865,WISEA J023102.01+222129.1,q,37.7584308,22.3580844,0.6000000238418579
7930,131.651572,WISEA J044229.34-454803.2,q,70.622086,-45.8009148,0.800000011920929
18623,136.063485,WISEA J030004.28+185552.8,q,45.0178599,18.9313549,0.800000011920929
18625,39.598001,J032350.68-373042.7,X,50.9611945,-37.5118612,
18625,153.065807,J032350.25-372818.5,X,50.9593889,-37.4718056,
18625,173.678272,J032408.60-373047.3,X,51.0358543,-37.513166,
7932,159.519498,WISEA J045353.68-322849.6,q,73.4736585,-32.4804682,1.7000000476837158
7933,179.041226,WISEA J065812.27+354521.7,q,104.5511662,35.7560292,0.20000000298023224
18627,79.17383,SDSS J075843.47+325300.8,QX,119.6811547,32.8835697,1.3489999771118164
18627,84.970152,SDSS J075842.11+325018.2,QX,119.6754695,32.838393,3.0179998874664307
18627,151.425065,SDSS J075854.12+325249.4,QX,119.7255026,32.8804093,2.6040000915527344
18627,166.640816,SDSS J075854.36+325009.0,QX,119.726526,32.835854,1.5920000076293945
18627,175.130747,J075830.30+325042.0,X,119.6262778,32.845,
7935,0.137653,MCG 8-17-109,NR,142.5555055,49.4883005,0.02500000037252903
7935,125.865341,WISEA J093001.84+492819.7,q,142.5077094,49.4721614,0.30000001192092896
18630,146.121148,SDSS J113150.82+364237.1,Q,172.9617775,36.7103186,3.380000114440918
7937,86.955356,SDSS J150444.52+123655.5,QX,226.1855374,12.6154318,0.8949999809265137
18632,87.168112,SDSS J114932.49+210115.1,Q,177.385388,21.0208675,2.265000104904175
18634,0.547762,MCG 11-19-030,ARX,239.2641185,63.8409342,0.029999999329447746
18634,71.341348,WISEA J155653.16+635006.5,qX,239.2213569,63.8350815,1.100000023841858
7940,169.949353,WISEA J231636.65+293252.1,q,349.1527329,29.5478321,0.5
7940,172.696095,SDSS J231639.81+293230.1,Q,349.1658659,29.5416961,1.7699999809265137
18637,124.280575,J225603.83-432432.2,X,344.0159759,-43.4089699,
18637,148.08922,WISEA J225554.73-432338.0,qX,343.9781156,-43.393899,0.10000000149011612
7941,64.95853,SDSS J003400.60-031102.7,Q,8.5025238,-3.1841166,2.315999984741211
7942,159.769739,SDSS J010152.69-064516.5,QR,15.4695674,-6.7545633,2.509000062942505
7943,115.479452,PGC 1033193,N,55.6501941,-6.4091654,0.0729999989271164
18641,117.659402,SDSS J015656.61+040233.8,Q,29.2358874,4.0427337,2.7269999980926514
18641,118.866394,SDSS J015644.85+040000.5,Q,29.1869016,4.0001523,1.7000000476837158
18641,125.054829,WISEA J015650.06+040337.2,q,29.2085913,4.0603421,0.8999999761581421
7945,99.231062,J113941.70+174144.2,X,174.92375,17.6956112,
7945,104.968113,SDSS J113952.14+174125.6,QX,174.9672421,17.6904664,3.1510000228881836
7945,105.06972,J113954.54+174256.9,X,174.9772545,17.7158118,
7945,125.460158,SDSS J113948.91+174040.7,qX,174.9538167,17.6779978,1.5
7945,147.710823,SDSS J113953.81+174438.1,qX,174.9741898,17.7439175,0.699999988079071
18644,103.31089,SDSS J074643.88+444916.6,Q,116.6828434,44.8212845,1.3609999418258667
7946,0.063552,MCG 0-32-029,A,189.6198734,1.7543485,0.017000000923871994
7946,143.297459,2QZ J123838.2+014454,Q,189.6592782,1.7486958,1.1660000085830688
18645,52.764236,SDSS J091245.86+355615.5,Q,138.1911045,35.9376545,1.4429999589920044
18652,131.823772,SDSS J151008.58+015644.0,Q,227.5357406,1.9455603,3.1029999256134033
7953,135.334732,SDSS J133323.78+513136.2,AX,203.3491004,51.5267363,0.2029999941587448
7956,0.106683,MCG 4-32-032,AR,205.727887,22.1451806,0.02800000086426735
18661,141.992531,WISEA J013908.00-361856.8,q,24.7833664,-36.3157596,1.2999999523162842
18665,116.116345,J043547.31+021724.6,X,68.9471585,2.2901732,
7963,158.662475,WISEA J214425.53-722711.0,q,326.1061622,-72.4530226,0.20000000298023224
7966,45.013621,J140744.08-270413.4,X,211.9336667,-27.0703889,
7966,115.317546,J140750.74-270620.4,X,211.9614445,-27.1056667,
7966,159.653852,WISEA J140736.84-270657.6,qX,211.9037063,-27.1160964,0.4000000059604645
7968,78.156542,WISEA J022508.41+414948.1,q,36.2850647,41.8300503,0.699999988079071
18675,166.827344,WISEA J155116.59+183110.7,q,237.8191321,18.5196546,0.5
7970,0.048528,NGC 1685,AR,73.1429167,-2.9492223,0.014000000432133675
7970,116.048007,WISEA J045237.74-025513.1,q,73.1572915,-2.920351,0.699999988079071
7971,141.044966,WISEA J063631.33+742247.5,q,99.1304405,74.3798615,0.20000000298023224
18677,80.59205,WISEA J164144.63+682929.3,q,250.435767,68.4914279,0.20000000298023224
7973,148.989248,SDSS J101925.09+442645.2,Q,154.8545786,44.4459044,3.434999942779541
18680,61.755314,LAMOSTJ220311.94+041852.1,Q,330.7997099,4.3144442,1.4199999570846558
18680,138.61349,SDSS J220312.67+042009.9,Q,330.8027995,4.3360837,2.061000108718872
7974,0.194329,IC 4218,AX,199.2642451,-2.2613122,0.01899999938905239
7974,105.826541,2QZ J131657.2-021631,Q,199.238292,-2.27525,1.8619999885559082
18684,159.998448,WISEA J104404.22-344151.0,q,161.017597,-34.6975007,0.20000000298023224
18685,118.679061,SDSS J112708.19+503632.0,Q,171.7841328,50.6088942,1.5049999952316284
18686,80.025435,SDSS J114901.31+484611.5,Q,177.2554493,48.7698805,1.8450000286102295
18687,0.652555,PGC 214106,NR,200.9998104,30.9324231,0.02199999988079071
18687,145.672581,NPM 1G+31.0279,N,201.041339,30.9513029,0.04800000041723251
18687,160.075521,SDSS J132355.71+305827.5,Q,200.9821417,30.974309,0.7990000247955322
18687,172.788774,SDSS J132408.49+305343.9,AX,201.0354037,30.8955599,0.39500001072883606
18691,167.523235,SDSS J011948.36+324852.0,Q,19.9515309,32.8144639,1.5750000476837158
7984,57.410412,SDSS J135035.45+350253.5,QX,207.6477041,35.048176,2.1459999084472656
7984,93.206452,WISEA J135032.32+350135.8,qRX,207.6346644,35.026626,0.20000000298023224
7984,164.164396,SDSS J135036.30+345937.1,QX,207.6512539,34.9936427,1.4889999628067017
7984,165.32624,SDSS J135050.98+350335.3,QX,207.712442,35.059818,2.2360000610351562
7984,168.446011,SDSS J135025.70+350141.8,QX,207.6070945,35.0282744,0.4569999873638153
18697,98.180649,WISEA J125525.59-440205.5,q,193.856683,-44.0348736,0.8999999761581421
18697,163.021788,WISEA J125517.88-435911.7,q,193.8243928,-43.9866197,1.5
7988,159.91758,SDSS J233257.08+094625.6,Q,353.2378708,9.7737765,1.6619999408721924
18698,106.473531,WISEA J130257.41+275326.1,qX,195.7392119,27.8905954,0.4000000059604645
18698,110.667879,SDSS J130250.65+275012.3,QX,195.7110755,27.8367765,0.6259999871253967
18698,132.6748,EXO 1300.3+2809,QX,195.6935644,27.8952433,0.5099999904632568
7989,140.447993,SDSS J000913.72+105456.5,Q,2.3072003,10.915721,2.4260001182556152
7989,141.673465,WISEA J000857.95+105320.5,qR,2.2414911,10.8890431,1.0
18700,153.873618,SDSS J134854.68+414044.3,Q,207.2278515,41.6789771,1.7890000343322754
7992,53.258755,WISEA J104430.39-085349.2,q,161.1266654,-8.8970402,2.0
7993,139.847927,J130342.30-325102.9,R,195.9262911,-32.8508071,
18704,108.707198,WISEA J213809.51-791434.6,q,324.5396643,-79.2429683,0.4000000059604645
18705,140.914586,2QZ J220219.6-302826,Q,330.5817322,-30.4737215,2.2750000953674316
7996,113.646839,2QZ J220357.2-315737,Q,330.9883195,-31.9602316,1.1369999647140503
18706,85.675987,SDSS J232803.49+245043.2,Q,352.0145788,24.8453678,2.4590001106262207
18709,136.002732,SDSS J003938.27+294431.2,Q,9.9095009,29.7419963,0.7549999952316284
8001,0.166447,MCG -01.34.008,NRX,197.5713458,-7.4543435,0.02199999988079071
18713,52.633358,SDSS J102424.23+133943.2,Q,156.1009722,13.6620273,2.424999952316284
18713,76.989313,SDSS J102426.85+133947.0,Q,156.1118546,13.6630922,2.0759999752044678
8004,93.825725,WISEA J051507.06-223303.4,q,78.7794286,-22.5509382,1.2999999523162842
18715,102.401037,SDSS J132415.56+355332.6,Q,201.0648701,35.8924111,1.4210000038146973
18715,173.54502,SDSS J132412.82+355228.3,Q,201.0534508,35.8745521,1.4140000343322754
18716,0.216729,CGCG 74-129,NRX,212.672262,13.5580311,0.01600000075995922
18716,120.683623,SDSS J141043.68+133133.0,qX,212.6820059,13.5258365,2.0999999046325684
8007,48.670393,WISEA J133402.48+524123.0,q,203.5102281,52.689656,0.20000000298023224
18720,162.955445,MMTB J215817.10+005920.6,Q,329.571266,0.9890994,2.696000099182129
8011,116.617027,WISEA J045842.68-631637.3,q,74.6776497,-63.2770368,1.600000023841858
18722,95.006019,WISEA J012349.97+445147.2,q,20.9582688,44.8631734,0.10000000149011612
18723,132.842012,WISEA J021050.02+411855.5,q,32.7084162,41.3154081,0.800000011920929
8012,60.658412,SDSS J081430.95+544701.1,Q,123.6289685,54.7836274,2.499000072479248
18724,97.792701,WISEA J021605.42-453518.7,q,34.0226421,-45.5885168,1.7999999523162842
18725,96.98762,WISEA J024353.74-042145.8,q,40.9739209,-4.3627348,0.6000000238418579
18725,154.030209,SDSS J024343.61-042400.3,Q,40.9317367,-4.4000782,1.7389999628067017
18725,160.037628,SDSS J024346.76-042525.9,Q,40.9448715,-4.423867,0.5389999747276306
8014,116.938184,PGC 38110,ARX,180.8910712,2.0184207,0.08299999684095383
18727,157.633308,WISEA J032749.53-563527.0,q,51.9563121,-56.5908145,2.799999952316284
18727,179.841359,WISEA J032748.32-563312.7,q,51.9510883,-56.553472,1.5
8016,135.386214,SDSS J134941.85+333557.9,Q,207.4244274,33.5994329,1.6059999465942383
8016,146.337514,SDSS J135001.71+333632.4,Q,207.5071734,33.6090323,0.9810000061988831
18730,135.328725,SDSS J090835.78+353848.4,Q,137.1491168,35.6468105,2.5850000381469727
18730,153.05363,SDSS J090830.19+353926.6,Q,137.1258179,35.6574143,1.0609999895095825
18731,149.438545,SDSS J094355.01+180752.4,Q,145.9792815,18.1312494,3.9179999828338623
8019,0.012186,UGC 10733,NR,257.5227061,32.4999292,0.028999999165534973
8019,131.790772,SDSS J171003.11+322751.3,Q,257.5130065,32.4642483,0.6980000138282776
18733,143.371451,BR J1330-2522,Q,202.7166418,-25.3719544,3.9489998817443848
18736,139.481735,WISEA J153533.65+712631.0,qR,233.8903183,71.4419565,0.800000011920929
8023,39.90114,J044737.04-622239.4,X,71.9043334,-62.3776112,
8023,129.564778,WISEA J044720.54-622100.7,qX,71.8353889,-62.350164,0.20000000298023224
8023,145.138306,WISEA J044710.91-622316.0,qX,71.7956671,-62.3877723,1.2999999523162842
8025,156.66361,WISEA J074420.90+671359.0,q,116.0870955,67.2332269,2.5
18740,93.048879,J020735.55+021218.9,X,31.8981389,2.20525,
18740,102.309648,J020738.88+020910.4,X,31.9120278,2.1528889,
18741,121.498184,2QZ J022114.8-315601,K,35.31175,-31.9335834,0.5099999904632568
18744,82.748915,SDSS J083534.48+462827.5,Q,128.8936871,46.4743314,3.5190000534057617
18744,140.478128,SDSS J083549.03+463112.8,Q,128.9542694,46.5202161,1.652999997138977
18744,156.297046,SDSS J083554.97+462910.2,Q,128.9790462,46.4861522,0.6890000104904175
8029,59.122343,WISEA J150729.93+760204.3,q,226.8747032,76.0345261,1.2999999523162842
8029,85.754452,WISEA J150745.61+760240.5,q,226.9400918,76.044573,0.30000001192092896
8030,128.287357,WISEA J155652.80-090253.5,q,239.2200313,-9.0481785,1.2999999523162842
18745,154.560742,WISEA J090330.15-195521.5,q,135.8756588,-19.9226387,0.10000000149011612
8031,78.66252,SDSS J162234.45+432650.2,Q,245.6435788,43.4472828,2.1389999389648438
8031,111.449891,SDSS J162233.86+432615.3,Q,245.641112,43.4375891,2.2809998989105225
18746,65.065045,SDSS J102138.18+060231.9,N,155.4091178,6.0422213,0.032999999821186066
18749,130.679148,SDSS J124624.23+483929.7,Q,191.6009498,48.6582877,1.7089999914169312
2868,71.013472,J231835.22+425626.0,X,349.6467817,42.9405644,0.20000000298023224
2868,115.802145,J231835.35+425920.2,X,349.6473056,42.9889445,
23099,97.455563,SDSS J085045.71+552353.5,Q,132.6904837,55.3982119,1.3760000467300415
2869,176.98014,J010916.42-454830.8,X,17.3184575,-45.808556,
12420,67.84242,WISEA J102104.14+161810.1,q,155.2672757,16.3027924,0.30000001192092896
23100,39.400809,SDSS J090120.05-015129.9,qX,135.3335804,-1.8583171,0.800000011920929
2871,34.362378,WISEA J091959.99+010225.7,qX,139.9997986,1.0404945,1.600000023841858
2871,117.454042,J092006.01+010400.1,X,140.0250642,1.0667039,1.7000000476837158
2871,131.601671,SDSS J092004.91+010012.5,QX,140.0204776,1.0035256,2.8359999656677246
2871,140.942228,SDSS J091953.38+010128.1,QX,139.9724234,1.0244941,3.568000078201294
12422,176.609152,SDSS J113644.93+175509.1,A,174.1872366,17.9191797,0.35600000619888306
2872,114.952235,SDSS J015838.84+082233.4,qX,29.6618652,8.3759604,
2872,135.213544,SDSS J015833.93+082151.6,QX,29.6414066,8.3643296,1.0839999914169312
2872,149.263875,J015851.19+082148.5,X,29.713326,8.3634831,
2872,149.77442,J015850.14+082216.8,X,29.7089167,8.3713334,
2872,170.444027,J015852.55+082155.4,X,29.7189723,8.3653889,
12423,101.912976,SDSS J141226.09+182621.6,Q,213.108739,18.4393021,0.8489999771118164
23104,132.565739,J184815.58-631255.4,X,282.0649167,-63.2153889,
23104,167.063081,ESO 104-11,NRX,281.9335346,-63.1569593,0.014999999664723873
12424,160.823393,SDSS J162159.69+385811.9,Q,245.4987207,38.9699894,3.5789999961853027
2873,0.328331,NGC 1194,NRX,45.9546391,-1.1037324,0.014000000432133675
2873,85.567291,J030343.67-010546.9,X,45.9319723,-1.0963612,
2873,154.343854,SDSS J030342.43-010810.7,qX,45.9268257,-1.136315,2.0999999046325684
2873,177.325618,SDSS J030400.61-010653.9,qX,46.002547,-1.114973,0.35600000619888306
2874,166.783502,WISEA J085346.68+762719.2,q,133.4446279,76.455358,1.2999999523162842
23106,86.228562,WISEA J232146.12-164154.7,q,350.4422375,-16.6985558,1.2000000476837158
2875,114.505098,SDSS J124304.84+545048.7,Q,190.7702431,54.8468485,0.6010000109672546
23109,95.006905,WISEA J045445.92-624933.6,q,73.6913624,-62.8260103,2.0
23110,93.475214,WISEA J045905.53-615907.7,q,74.7730041,-61.9855085,2.200000047683716
23110,171.528669,WISEA J045856.15-615721.5,q,74.7337102,-61.9559734,2.5999999046325684
2878,67.461008,WISEA J040739.47+035912.1,q,61.9144362,3.9866982,1.399999976158142
2881,122.298418,SDSS J094835.68+332719.5,Q,147.1486742,33.4554376,1.7130000591278076
12433,0.080248,PGC 170103,NR,165.1891305,-6.5784703,0.029999999329447746
12433,122.065506,WISEA J110051.36-063318.9,q,165.2140445,-6.5553257,1.0
2882,0.234292,NGC 4412,NR,186.6503496,3.9647011,0.00800000037997961
23115,69.736729,SDSS J115840.96+185129.2,Q,179.6706727,18.8581255,1.6740000247955322
12435,168.199885,WISEA J122156.41+103449.0,q,185.4850353,10.5803115,0.699999988079071
12436,170.762379,SDSS J124434.33+560610.6,Q,191.143053,56.1029412,1.2760000228881836
23118,64.423962,2QZ J143953.9-004318,N,219.9747087,-0.7215834,0.006000000052154064
2886,0.235038,ESO 511-30,ARX,214.8433511,-26.6447585,0.02199999988079071
2886,35.462423,J141923.02-263915.4,X,214.8459325,-26.6542971,0.4000000059604645
2886,58.660372,J141918.26-263859.3,X,214.8260834,-26.6498056,
23121,0.03968,CGCG 229-15,AX,286.3580769,42.4610447,0.027000000700354576
12439,62.362966,WISEA J205002.00-515447.2,q,312.5083449,-51.9131714,1.399999976158142
23122,27.289145,WISEA J212730.04-490011.6,q,321.8751477,-49.003202,1.600000023841858
12441,162.009458,WISEA J221628.58-212855.5,q,334.119109,-21.4818327,2.5
2892,167.146988,SDSS J014309.77+085555.6,Q,25.7907503,8.9321128,1.593000054359436
12443,157.270165,WISEA J232732.00+371322.9,q,351.8833026,37.2229985,1.7000000476837158
12444,137.472087,SDSS J235349.39-005610.9,Q,358.4557986,-0.936368,2.2929999828338623
23129,126.435962,SDSS J091146.88+511455.5,Q,137.9453445,51.2487476,1.8339999914169312
23129,165.03416,SDSS J091120.89+511709.9,Q,137.8371153,51.2860792,1.7740000486373901
2896,107.955396,SDSS J020830.81+061739.9,Q,32.1283856,6.2944323,1.3040000200271606
12446,172.919624,SDSS J080740.35+250801.4,Q,121.9181627,25.1337197,2.0840001106262207
23131,160.91338,SDSS J105327.39+432509.9,Q,163.3641332,43.4194172,2.368000030517578
2897,0.156993,AKN 120,ARX,79.0475391,-0.1497664,0.032999999821186066
2897,175.210726,J051609.40-000606.7,X,79.0391945,-0.1018612,
12447,139.842998,SDSS J090219.61+142919.5,Q,135.5817215,14.4887533,1.909000039100647
2901,0.080361,NGC 1346,AR,52.5552709,-5.5433683,0.013000000268220901
23138,104.601901,WISEA J231538.60+250657.8,q,348.9108664,25.1160568,2.0
23138,149.952317,SDSS J231538.71+250753.5,Q,348.9113102,25.1315441,1.2419999837875366
23138,171.664953,SDSS J231535.00+250336.8,Q,348.8958445,25.0602503,2.3459999561309814
2904,0.319355,IC 642,NR,162.0338603,18.1886951,0.019999999552965164
23139,134.826689,SDSS J004729.14+230247.4,Q,11.8714359,23.0465419,1.4600000381469727
2907,0.173741,UGC 3973,ARX,115.6367554,49.8096634,0.02199999988079071
2907,169.463519,J074215.71+494759.7,X,115.5654723,49.7999167,
2908,157.271444,SDSS J205758.80-175904.3,qX,314.4950345,-17.9845231,2.0999999046325684
12456,164.332213,WISEA J105852.75+751016.5,q,164.7198944,75.1712696,1.0
2909,65.755383,WISEA J001539.89-870028.6,q,3.9158599,-87.0078693,0.5
23145,147.23188,J115714.75+491434.7,X,179.3114885,49.2429827,0.5
12457,149.228797,SDSS J113923.47+261630.5,Q,174.8478077,26.2751307,1.0529999732971191
23146,162.049002,SDSS J123229.04+441339.2,Q,188.1210614,44.2275668,1.5140000581741333
12458,14.588015,UM 642,Q,212.6100747,-0.8360172,2.364000082015991
12458,132.872228,2SLAQ J141021.19-004814.1,Q,212.5882874,-0.8039241,1.215000033378601
12459,27.33336,SDSS J143555.51+364337.6,Q,218.9813013,36.7271333,0.5059999823570251
12459,102.867622,SDSS J143547.13+364323.1,AX,218.9463959,36.7230899,0.3959999978542328
12459,161.119389,WISEA J143542.91+364219.8,q,218.9287572,36.7055139,1.2999999523162842
23149,0.046352,IRAS 16288+3929,NRX,247.6360662,39.384193,0.029999999329447746
23149,74.817568,J163027.10+392224.7,X,247.6129508,39.3735542,
23149,163.251407,SDSS J163045.98+392355.3,QX,247.6916399,39.3987062,2.4660000801086426
2912,0.155188,NGC 4070,AX,181.0470783,20.4098224,0.024000000208616257
2912,151.191854,SDSS J120416.98+202643.4,N,181.07079,20.445413,0.11100000143051147
12460,90.966422,J164712.64+401610.0,2,251.8026945,40.2694445,
12460,179.662759,SDSS J164659.71+401353.2,Q,251.7487775,40.2314663,1.3669999837875366
2913,102.056522,WISEA J193421.72-610921.5,q,293.590103,-61.1561093,1.5
2914,0.102959,NGC 2638,AR,130.6073631,37.2210689,0.013000000268220901
12461,103.59851,SDSS J170646.77+301557.6,Q,256.6949017,30.2660089,1.3300000429153442
23153,32.881929,WISEA J224601.44+210702.2,q,341.5060565,21.1172086,0.6000000238418579
23154,124.203933,SDSS J231450.92-021032.4,QR,348.7121976,-2.1757005,3.1050000190734863
2917,68.781012,SDSS J114806.42+302229.6,Q,177.0267865,30.3749149,1.2979999780654907
23157,135.815211,WISEA J021443.37-544406.9,q,33.6807524,-54.7352695,1.2000000476837158
12470,133.644525,SDSS J130834.44+351128.6,Q,197.1434976,35.1913033,1.9780000448226929
23163,164.005605,WISEA J092426.51-063204.4,q,141.1104981,-6.5345502,1.399999976158142
12472,155.437369,WISEA J175533.02+315028.3,q,268.8878824,31.8413635,1.399999976158142
2926,40.832557,WISEA J112023.70+033523.1,q,170.0987367,3.5897973,1.0
2926,66.137932,LAMOSTJ112030.62+033502.3,Q,170.1275952,3.5839778,1.3079999685287476
2926,146.383019,SDSS J112034.93+033614.2,Q,170.1455351,3.6039822,1.6690000295639038
23164,92.592526,WISEA J093942.61-043220.0,q,144.9275703,-4.5388984,0.30000001192092896
2928,0.362218,NGC 5252,ARX,204.5661299,4.5426461,0.023000000044703484
2928,23.161214,J133815.69+043256.2,X,204.5653889,4.5489445,
2928,35.583247,J133815.40+043308.1,X,204.5641945,4.55225,
2928,36.05359,J133815.40+043157.8,X,204.5641667,4.5327223,
2928,55.205616,J133814.40+043142.5,X,204.56,4.5284723,
2928,140.291884,SDSS J133821.01+043430.4,qX,204.5875558,4.5751263,1.399999976158142
23170,33.166266,SDSS J162337.83+454500.2,qRX,245.9076675,45.7500578,1.2999999523162842
23170,66.172184,SDSS J162340.40+454519.4,BR,245.9183641,45.7554185,0.6899999976158142
23171,139.412279,WISEA J181732.38+643303.5,q,274.3849373,64.5509974,2.5
23174,98.12184,WISEA J012625.70+012833.5,qX,21.6071234,1.4759905,0.8999999761581421
12480,109.725363,SDSS J114232.25+200716.6,qX,175.6344084,20.1212906,1.0
12480,173.328686,Q J11424+2009,QX,175.6171768,20.1654031,1.4149999618530273
2939,142.419928,SDSS J081952.95+210127.6,AX,124.970663,21.0243491,0.5559999942779541
23180,155.251658,WISEA J125128.55+270519.8,q,192.8689745,27.0889217,1.0
23181,166.173167,SDSS J131307.89+530945.6,Q,198.2828871,53.1626957,1.5399999618530273
12484,31.161877,SDSS J012149.10+331714.9,Q,20.4545762,33.2874739,2.2890000343322754
23184,0.052764,IRAS 21363-2700,ARX,324.8071636,-26.7754643,0.029999999329447746
23184,33.247259,J213915.14-264604.4,X,324.8131081,-26.7678942,1.7999999523162842
23184,126.817867,J213912.42-264426.0,X,324.80175,-26.7405556,
2944,80.374374,LAMOSTJ171835.32+414159.0,QX,259.6471955,41.6997551,0.8050000071525574
2944,155.189775,SDSS J171849.23+413925.0,Q,259.7051069,41.6569672,1.1080000400543213
23187,116.73374,WISEA J223331.72-261607.3,qR,338.3820973,-26.2687272,1.0
12488,0.23255,ESO 374-44,NRX,153.3328938,-35.9826539,0.02800000086426735
23188,130.02797,J011052.91-455928.3,X,17.7204862,-45.9912141,
12489,108.998312,WISEA J160824.60+073225.5,q,242.1025348,7.5403916,1.0
2947,85.583562,SDSS J103309.20+644351.1,QR,158.2883914,64.7309001,3.9549999237060547
23190,101.209755,SDSS J015505.55+201318.7,Q,28.7731362,20.2218785,1.1660000085830688
23190,118.560291,WISEA J015513.57+201248.5,q,28.8061619,20.2137165,0.30000001192092896
2949,152.486897,J110304.26-161504.6,R,165.7677778,-16.2512778,
12492,152.975651,J213435.54+185934.6,R,323.6481112,18.9929445,
2951,159.249555,WISEA J000900.45+332602.3,q,2.2518319,33.4339581,0.6000000238418579
23194,33.80017,SDSS J091932.69+335256.5,QX,139.8861907,33.8823507,1.659999966621399
2954,124.749999,J052206.22+032951.7,R,80.5259321,3.4976968,0.20000000298023224
23196,0.20088,PGC 83365,A,162.7583841,11.6261345,0.02199999988079071
2956,137.588518,WISEA J082017.14+670111.7,q,125.0714377,67.0199326,0.10000000149011612
23197,14.868103,J124247.00+331728.6,X,190.6958393,33.2912781,0.10000000149011612
23197,64.185717,J124246.04+331816.8,X,190.6918334,33.3046667,
23197,168.882607,J124234.15+331730.7,X,190.6423056,33.2918612,
23198,99.143352,SDSS J131233.30+283200.8,QX,198.1387356,28.533561,0.8980000019073486
23199,141.887089,SDSS J132900.89+461707.1,Q,202.2536992,46.2853349,2.1619999408721924
2961,119.780464,J114919.72+592558.5,X,177.332195,59.4329281,1.100000023841858
2961,120.718901,SDSS J114918.42+592508.0,QX,177.3268511,59.418927,2.1050000190734863
2961,120.970554,NGC 3894,ARX,177.2098612,59.4156667,0.010999999940395355
23202,177.98356,WISEA J210033.95+092535.6,q,315.1414532,9.4266219,1.100000023841858
12502,121.033996,WISEA J143122.48+032838.8,q,217.8437004,3.4774199,0.6000000238418579
12502,122.553169,LAMOSTJ143112.49+033144.5,Q,217.8020125,3.5290384,0.8320000171661377
12503,164.673809,SDSS J145210.97+511737.2,Q,223.0457065,51.2936775,1.621999979019165
12504,5.673815,J161725.51+350803.1,X,244.3563056,35.1341945,
12504,49.654288,SDSS J161725.32+350719.0,QX,244.3554897,35.1219751,0.890999972820282
12504,116.68885,SDSS J161725.00+351005.1,qX,244.3541515,35.1680744,0.8999999761581421
12504,136.010241,J161731.28+350611.7,X,244.3803334,35.10325,
12504,158.032973,J161726.64+350531.1,X,244.3610278,35.0919723,
12504,162.41452,SDSS J161736.05+350628.6,QX,244.4002134,35.1079633,1.7100000381469727
12505,126.910443,SDSS J161856.88+351117.7,Q,244.7370207,35.1882557,1.8899999856948853
2970,63.767809,J000115.85+130619.1,X,0.3160538,13.1053258,1.399999976158142
12508,99.672901,PGC 1253758,AX,9.9372071,3.5183719,0.07900000363588333
12508,112.136295,SDSS J003944.33+033040.8,QX,9.9347367,3.5113349,2.4240000247955322
2971,116.871843,WISEA J004338.02-040838.1,qR,10.9083057,-4.1439947,0.20000000298023224
2971,119.99558,SDSS J004340.86-040621.8,Q,10.9202696,-4.1060648,1.2990000247955322
2973,0.208571,NGC 4187,AR,183.3720005,50.7415022,0.03099999949336052
2973,92.998048,WISEA J121322.41+504535.5,q,183.3434556,50.759905,0.10000000149011612
2973,102.402728,SDSS J121328.26+504611.2,Q,183.3677879,50.7698047,2.0889999866485596
2973,122.65287,SDSS J121320.54+504259.0,Q,183.3356418,50.7164202,0.9919999837875366
2975,89.561661,J012417.50+092120.9,X,21.0729245,9.3558222,0.20000000298023224
12512,0.204198,IC 789,NR,186.5855013,7.4601351,0.02500000037252903
12512,137.519021,SDSS J122629.27+072652.5,Q,186.6219663,7.4479354,3.2290000915527344
12515,127.49014,WISEA J152133.36-295237.1,qX,230.3891035,-29.8769573,0.5
12518,118.5329,SDSS J082104.49+551006.6,Q,125.2687372,55.1685031,1.0779999494552612
12520,119.815839,SDSS J084828.67+185911.9,Q,132.1194943,18.9866605,2.2950000762939453
12520,147.498921,SDSS J084837.59+190057.8,Q,132.156648,19.0160511,2.367000102996826
12521,0.327423,MCG 7-19-027,BR,136.719991,41.4082393,0.02800000086426735
12522,71.780619,WISEA J131612.32-064111.5,q,199.0513681,-6.6866088,1.100000023841858
2993,118.231335,SDSS J231258.29+201610.2,Q,348.2428844,20.2695227,1.4149999618530273
2993,137.294487,LAMOSTJ231242.64+201539.2,Q,348.1776459,20.2608968,1.8220000267028809
2993,157.332984,SDSS J231301.73+201340.6,Q,348.2572144,20.2279507,1.5180000066757202
2994,60.764053,SDSS J233229.58+235451.4,N,353.1232907,23.9143114,0.0689999982714653
12525,177.950842,J140308.92-340257.4,X,210.7871705,-34.0492853,
2996,144.564618,WISEA J122321.24-123106.5,q,185.8384999,-12.5185022,2.5
12526,120.653816,PGC 1592846,AR,221.2574204,19.4541241,0.11599999666213989
12526,126.177025,SDSS J144515.48+192443.1,Q,221.3145397,19.4119979,1.9240000247955322
12527,66.076493,Zw152242-01390,N,231.3183024,-1.8187758,0.027000000700354576
3002,63.281211,SDSS J120405.83+201345.0,QX,181.0243699,20.2292211,0.5979999899864197
3002,95.439912,J120354.93+201328.4,X,180.9788889,20.2245556,
3004,106.352507,WISEA J012110.74-224845.8,q,20.2947578,-22.8127477,0.699999988079071
3005,140.803248,WISEA J062940.85+742738.2,q,97.4200731,74.460717,0.30000001192092896
12533,114.61472,SDSS J080134.84+420159.5,Q,120.3951817,42.0332091,1.9199999570846558
12533,115.09061,PGC 2190688,NR,120.4274639,42.0054143,0.03200000151991844
3010,140.766112,J235138.11-281934.6,X,357.9088056,-28.3262778,
3011,90.908542,SDSS J012225.57-005357.5,Q,20.606581,-0.8993304,1.8619999885559082
3011,131.653584,SDSS J012230.55-005354.3,Q,20.6273162,-0.8984258,1.2259999513626099
3011,140.902285,SDSS J012232.82-005308.2,Q,20.6367795,-0.8856208,1.555999994277954
3011,178.523626,SDSS J012212.26-005316.8,A,20.5511201,-0.8880122,0.09300000220537186
12540,155.960127,SDSS J174736.89+611737.0,qRX,266.9037591,61.2935487,1.399999976158142
3015,165.782369,SDSS J080315.67+232536.7,Q,120.8153297,23.4268539,1.8660000562667847
3016,109.089892,J092130.78+641437.5,R,140.3782778,64.24375,
12542,65.807706,WISEA J191301.91-602313.9,q,288.2579612,-60.3872008,0.6000000238418579
12543,159.466216,WISEA J191819.77+522323.0,q,289.5824148,52.3897295,0.20000000298023224
12543,172.730101,WISEA J191836.87+522505.0,qR,289.6536414,52.4180778,0.8999999761581421
3020,88.413193,J210445.44-122032.9,X,316.1893334,-12.3424723,
3021,77.158658,SDSS J020100.69+315313.8,Q,30.2529384,31.8871913,2.447999954223633
12547,106.756819,WISEA J212850.95-524535.9,qX,322.212301,-52.7599778,0.699999988079071
12548,65.944219,J215521.03-694807.6,X,328.8376389,-69.8021112,
3024,66.139346,SDSS J123020.82+133343.5,QX,187.5867609,13.5620966,1.593000054359436
3024,141.911577,J123009.31+133531.7,X,187.5388056,13.5921389,
3024,149.077085,SDSS J123025.79+133256.8,qX,187.6074965,13.5491358,1.5
3024,165.082411,J123029.00+133343.2,X,187.6208597,13.5620086,2.5999999046325684
3028,0.307348,SDSS J112800.60+293039.8,AR,172.0025254,29.5110499,0.00800000037997961
12556,167.350989,SDSS J122548.08+452010.9,Q,186.4503727,45.336376,1.6039999723434448
12558,171.949338,J163500.65+461517.4,X,248.7527223,46.2548334,
3037,133.792251,SDSS J231707.97+302202.3,Q,349.2832436,30.3673399,2.0840001106262207
3038,69.66011,SDSS J020144.89+315006.2,Q,30.4370792,31.8350708,0.7620000243186951
3039,160.776499,SDSS J090823.76+373723.8,Q,137.099007,37.6232825,1.5119999647140503
12563,116.953445,J214445.18-033748.7,R,326.1882802,-3.6302162,0.5
12565,103.988213,WISEA J003830.41+292905.6,q,9.626716,29.4848925,0.6000000238418579
3047,147.74695,J040417.39-021058.9,X,61.0724699,-2.1830407,0.30000001192092896
3047,152.089046,J040417.24-021154.4,X,61.0718334,-2.1984445,
3047,157.138343,J040427.65-020844.0,R,61.1152408,-2.1455739,0.5
3047,166.329238,J040427.65-020834.8,X,61.1152254,-2.1430172,1.899999976158142
12574,127.749439,SDSS J220732.80+070221.7,Q,331.8867004,7.0393808,2.2769999504089355
3055,12.236401,ESO 377-24,ARX,168.1390252,-36.4252678,0.008999999612569809
3057,0.378669,UGC 8749,N,207.5849204,41.3662091,0.008999999612569809
3057,118.442993,SDSS J135023.51+412005.6,Q,207.5979866,41.334896,1.1109999418258667
3058,78.451171,WISEA J164116.03+612035.3,q,250.3167909,61.3430599,0.20000000298023224
3059,134.095158,SDSS J024850.83+030907.0,Q,42.2118025,3.1519831,0.8450000286102295
3060,170.488933,SDSS J081950.30-070239.1,qX,124.9595949,-7.0442099,0.4000000059604645
12578,124.569409,SDSS J083343.50+564705.8,Q,128.4312675,56.7849668,1.5729999542236328
12578,166.545299,SDSS J083400.05+565105.6,Q,128.500242,56.8515608,2.325000047683716
12579,155.696702,SDSS J100648.82+310323.8,Q,151.7034546,31.0566269,2.2100000381469727
3062,0.648519,UGC 12064,AX,337.8356667,39.3583612,0.017000000923871994
3062,55.240644,J223116.03+392113.9,X,337.8168242,39.3538865,1.399999976158142
12581,59.98358,WISEA J103946.44+264315.2,q,159.9434812,26.7208825,0.30000001192092896
3065,57.822304,J020945.94-101134.9,X,32.4414425,-10.1930501,0.20000000298023224
3065,92.829636,J020941.13-101231.5,X,32.4213754,-10.2087574,1.2999999523162842
12584,69.052038,WISEA J224829.20-393940.1,q,342.1217549,-39.6611804,0.30000001192092896
3067,140.862785,CGCG 38-35,NR,162.9546579,3.7794698,0.06800000369548798
3068,0.206658,NGC 5684,ARX,218.959,36.5432321,0.014000000432133675
3068,86.396869,J143553.49+363351.9,X,218.9728809,36.5644188,2.0999999046325684
3068,92.604333,SDSS J143557.09+363315.2,Q,218.9878828,36.5542342,1.5379999876022339
12586,64.10993,SDSS J233230.29+065110.3,Q,353.1262309,6.8528834,1.722000002861023
12586,117.2405,SDSS J233238.28+065245.1,Q,353.1595345,6.8792185,0.5389999747276306
3071,67.410462,SDSS J131242.46+470433.1,Q,198.1769656,47.0758282,1.7300000190734863
3071,116.163542,SDSS J131240.67+470156.3,Q,198.1695035,47.0322788,0.9539999961853027
3071,134.25546,SDSS J131230.06+470157.8,Q,198.1252649,47.0326958,1.156000018119812
3071,143.463861,SDSS J131232.14+470135.6,Q,198.1339587,47.0265438,0.7699999809265137
3071,169.802507,SDSS J131253.99+470322.5,Q,198.2249787,47.056253,2.0350000858306885
3077,177.306913,2QZ J135242.6-010711,Q,208.1779523,-1.119721,1.7730000019073486
3079,144.86405,2QZ J215836.2-282952,Q,329.6509929,-28.4975743,1.1390000581741333
12598,107.68263,WISEA J201059.15-710151.0,q,302.7466454,-71.0309035,1.0
3084,107.510472,WISEA J045819.11-074604.7,q,74.5796709,-7.7679486,0.20000000298023224
12600,141.91862,WISEA J215547.22+245537.7,q,328.94678,24.9271688,1.0
12601,89.071556,WISEA J001311.65-491905.3,qX,3.2986326,-49.3182978,1.7000000476837158
12602,110.928345,SDSS J003022.86+055031.0,Q,7.5952614,5.8419578,2.0510001182556152
3086,123.614716,WISEA J171426.40+434105.7,qX,258.610042,43.684935,1.5
3086,125.392606,J171418.00+434306.0,X,258.5750196,43.7183464,
3086,159.603633,J171404.64+434258.2,X,258.5193612,43.7161667,
3086,162.331382,WISEA J171401.65+434218.3,qX,258.506951,43.7051132,0.30000001192092896
12603,56.441133,SDSS J004626.84+314738.6,Q,11.6118542,31.7940718,1.6670000553131104
12603,171.959804,J004638.74+315019.4,X,11.6614167,31.8387223,
12604,110.98176,SDSS J015625.16+040525.3,Q,29.1048302,4.0903691,1.7599999904632568
3090,73.531176,SDSS J094721.15+220500.8,N,146.83815,22.08357,0.1889999955892563
3090,146.342951,WISEA J094705.66+220542.2,q,146.7735939,22.0950636,0.5
3091,0.197395,Mark 766,NRX,184.6104814,29.8129219,0.013000000268220901
3091,33.668013,J121824.43+294906.6,X,184.6018056,29.8185,
3091,101.459985,J121828.49+294708.3,X,184.6187468,29.7856464,0.10000000149011612
3091,137.024512,J121820.68+294652.2,X,184.5861679,29.7811811,0.10000000149011612
3091,169.755272,J121815.32+295013.8,X,184.5638334,29.8371667,
3092,0.255525,NGC 4748,ARX,193.0519386,-13.4147953,0.014000000432133675
3092,179.101991,J125200.76-132547.6,X,193.0031945,-13.4298889,
3096,59.455623,NGC 71,NX,4.598,30.0634445,0.02199999988079071
3096,81.132915,SDSS J001819.02+300339.4,qX,4.5792598,30.0609593,1.600000023841858
3096,93.863703,J001818.22+300601.8,X,4.5759445,30.1005,
3096,157.974886,J001818.14+300713.8,X,4.5756112,30.1205,
12614,152.176347,SDSS J010030.59+300553.2,Q,15.1274856,30.0981245,2.2939999103546143
12615,176.986493,SDSS J020211.65-024900.9,Q,30.5485425,-2.8169337,0.4740000069141388
3102,127.081758,J011916.50-340504.9,X,19.81875,-34.0846945,
3102,177.285195,J011906.24-340909.7,X,19.776,-34.1526945,
12620,78.580858,PS1 J121402.71-123548.6,Q,183.5112721,-12.5968758,4.739999771118164
3103,78.624561,J094032.27+033526.1,X,145.1344723,3.5905834,
3104,0.200733,NGC 4799,AR,193.8147055,2.8966721,0.008999999612569809
12624,9.324119,SDSS J174821.16+540905.1,qR,267.0881714,54.1514286,0.8999999761581421
12624,175.648144,WISEA J174818.70+540602.6,q,267.0779706,54.1007372,1.899999976158142
3107,136.221132,J123331.60+091134.8,X,188.3816905,9.1930129,1.2999999523162842
3107,175.337958,SDSS J123350.03+091154.2,qX,188.4584656,9.1984081,1.0
3107,178.603494,J123350.07+090858.9,X,188.4586359,9.1497008,1.899999976158142
3108,99.071321,SDSS J135342.39+360929.9,N,208.4266163,36.1582987,0.1080000028014183
3109,112.259377,J135817.87+063228.8,X,209.5744723,6.5413334,
3109,113.929771,WISEA J135811.93+063258.3,q,209.5497054,6.5494946,1.2999999523162842
3109,143.195499,SDSS J135805.01+062942.5,Q,209.5208508,6.4951449,2.430000066757202
12627,153.165337,WISEA J194522.38-344708.1,q,296.3433119,-34.7855799,0.20000000298023224
3110,0.121943,NGC 513,ARX,21.1116897,33.7995071,0.01899999938905239
3110,96.505605,SDSS J012434.22+334730.9,qX,21.1426098,33.7919273,1.7999999523162842
3110,143.652465,SDSS J012431.91+334549.5,qX,21.1329564,33.7637691,1.0
3110,179.435063,SDSS J012437.12+335003.4,QX,21.1546702,33.8343052,2.2139999866485596
3110,179.644366,SDSS J012417.92+335019.7,QX,21.0746279,33.8388153,2.996999979019165
3110,179.700841,J012425.66+334459.2,X,21.1069406,33.7497788,0.20000000298023224
3111,150.781497,SDSS J100826.40+530427.7,Q,152.1100213,53.0743897,1.8220000267028809
3114,58.944326,J212729.33-600054.9,X,321.8722138,-60.0152749,
12633,162.446804,J030941.77-094716.4,X,47.4240789,-9.7879158,1.100000023841858
12634,152.113586,WISEA J033427.72+033500.0,q,53.6155037,3.5833433,1.600000023841858
3120,129.628083,WISEA J072258.59+223401.5,q,110.7441465,22.5670986,0.5
3121,111.142718,J140329.17+345943.3,X,210.8715556,34.9953612,
3121,133.115818,SDSS J140341.98+350204.2,QX,210.9249347,35.034501,0.7620000243186951
3121,149.528373,J140325.28+350339.3,X,210.8553334,35.0609167,
12639,27.274033,SDSS J115018.23+434412.8,Q,177.575986,43.7368976,1.5750000476837158
12639,83.827167,SDSS J115008.08+434359.2,Q,177.5336779,43.7331172,0.8029999732971191
12639,173.292204,SDSS J115030.25+434252.6,Q,177.6260467,43.7146587,1.8650000095367432
12640,97.514646,SDSS J130545.34+330922.9,Q,196.4389353,33.1563773,1.0820000171661377
12641,124.776628,WISEA J170718.96+341708.4,q,256.8290889,34.285716,0.20000000298023224
12642,178.613397,WISEA J172707.73+710524.4,q,261.7822574,71.090146,0.20000000298023224
3127,172.974185,J235130.71+203226.7,X,357.8779723,20.54075,
3129,159.720582,J120906.91+295655.7,X,182.2788056,29.9488056,
3129,176.10327,SDSS J120930.55+295635.2,qX,182.3773297,29.9431202,1.899999976158142
3131,79.383763,WISEA J092253.07+031039.4,q,140.7211227,3.1774672,0.4000000059604645
12649,173.051991,SDSS J090446.81+513450.4,Q,136.1950621,51.5806736,3.053999900817871
3140,121.057927,SDSS J233237.51+292911.2,Q,353.1562907,29.4864333,1.9869999885559082
3142,122.623758,SDSS J090018.12+031228.5,Q,135.0755447,3.2079328,1.3380000591278076
12659,96.91016,SDSS J000103.79+043401.8,Q,0.2658251,4.5672158,1.3539999723434448
12659,146.156921,SDSS J000112.61+043059.0,Q,0.3025713,4.5164012,1.8200000524520874
3145,19.590654,J031251.62+044244.2,X,48.2151112,4.7122778,
12660,178.946999,LAMOSTJ022739.37+241421.4,Q,36.9140355,24.2392644,0.7129999995231628
3147,51.951907,WISEA J224500.22+340008.8,q,341.2508062,34.0025393,2.0
3149,147.613676,XMS J010506.6-061510,QX,16.2775,-6.2527778,1.4900000095367432
3152,118.128565,WISEA J133500.11-351751.1,q,203.7504487,-35.2974931,0.30000001192092896
12668,141.169747,WISEA J042114.03-185032.1,qX,65.3084434,-18.8422551,0.30000001192092896
3154,0.033215,NGC 3035,ARX,147.9792948,-6.8229221,0.014999999664723873
12670,0.192092,6dF J121004.0-463627,NRX,182.5168585,-46.6075249,0.03200000151991844
3156,30.206143,J153459.29+232958.7,X,233.7470556,23.4996389,
3156,101.847552,J153455.08+232833.1,X,233.7295147,23.4758824,1.5
3156,120.372967,J153453.63+232821.0,X,233.7234723,23.4725,
3156,177.725814,J153509.29+232905.4,X,233.7887223,23.4848334,
12672,116.961739,SDSS J121923.33+492032.1,Q,184.8471884,49.3422118,0.18400000035762787
3157,146.792916,WISEA J075811.16+561926.7,q,119.5465486,56.3241258,1.0
12675,73.541953,WISEA J003051.50-124425.3,q,7.7145977,-12.7403132,1.399999976158142
3162,112.221581,WISEA J021701.50+011258.2,q,34.2562714,1.2161872,0.10000000149011612
3162,177.067061,SDSS J021700.79+011152.4,Q,34.2533106,1.1979134,1.9980000257492065
12677,139.329322,SDSS J020359.45+193755.8,Q,30.9977402,19.6321849,2.4130001068115234
3163,118.938021,J091455.87+294200.7,X,138.7328056,29.7001945,
3163,172.037061,LAMOSTJ091449.78+294543.6,QX,138.7074296,29.7621045,0.3319999873638153
12678,28.779174,SDSS J024525.95+025310.7,Q,41.3581341,2.8863057,3.178999900817871
12678,162.45343,SDSS J024530.40+025507.2,Q,41.3767191,2.918689,2.3010001182556152
3164,127.446592,J131346.66-163035.6,X,198.444451,-16.5099126,2.299999952316284
12682,137.547306,SDSS J131711.06+340620.8,qR,199.2960968,34.1057816,1.0
3168,113.810419,WISEA J142018.05-294634.6,q,215.0752038,-29.7762902,1.7000000476837158
12685,163.950306,SDSS J213933.55+025146.0,Q,324.8898,2.8628032,0.7429999709129333
3171,46.922847,SDSS J152939.84+424641.6,QRX,232.416029,42.7782636,1.6970000267028809
3171,175.611106,SDSS J152935.02+424904.7,QX,232.3959224,42.8179992,0.8709999918937683
12689,75.023547,2QZ J014550.5-275603,Q,26.4608266,-27.9342948,0.4339999854564667
12690,164.96408,SDSS J020809.38+281727.1,Q,32.0391319,28.2908922,1.315000057220459
3176,101.763743,SDSS J000715.78+323503.2,Q,1.8157764,32.5842294,2.1760001182556152
3178,99.101686,SDSS J124906.69+032426.5,qX,192.2779447,3.4073907,2.200000047683716
12692,115.185892,WISEA J022941.05-425849.4,q,37.4210637,-42.9803716,1.7000000476837158
12693,152.330794,WISEA J034318.31-044130.4,q,55.8263793,-4.6916907,0.699999988079071
12695,54.127327,SDSS J110716.70+462344.5,Q,166.8195837,46.3957022,1.2239999771118164
3183,85.790898,J015237.12+360856.7,X,28.1546918,36.1490927,1.5
3183,137.332345,J015239.39+361234.4,X,28.1641528,36.2095616,0.6000000238418579
3183,164.046396,J015247.18+360801.1,X,28.1965902,36.1336541,0.20000000298023224
3183,170.969234,J015253.66+361001.4,X,28.2235919,36.1670702,0.20000000298023224
3183,171.125648,J015252.53+361126.2,X,28.2188889,36.1906112,
3183,173.913586,J015251.79+360845.2,X,28.2158071,36.1458909,0.20000000298023224
12696,15.813854,NGC 4748,ARX,193.0519386,-13.4147953,0.014000000432133675
12697,142.8732,2SLAQ J140501.04-003902.0,Q,211.2543184,-0.6505611,1.718999981880188
12698,172.121012,SDSS J140825.17+115106.9,Q,212.1048896,11.8519318,2.3459999561309814
3187,172.432857,SDSS J001137.38-053646.3,qR,2.9057431,-5.6128706,1.5
12701,122.294445,WISEA J204426.94-765808.9,q,311.112017,-76.9692127,0.4000000059604645
12702,130.493114,WISEA J211736.70-373355.0,q,319.4029419,-37.5652426,2.0999999046325684
3189,88.791273,SDSS J024812.58+043318.8,Q,42.0524342,4.5552226,1.0329999923706055
3189,145.517025,SDSS J024816.56+043217.9,Q,42.0690085,4.5383151,1.562999963760376
3190,177.338695,J032024.33-020556.4,2X,50.101406,-2.0990143,0.800000011920929
3194,0.194686,NGC 7674,ARX,351.9862395,8.7789551,0.028999999165534973
3194,156.520959,SDSS J232804.02+084451.6,QX,352.0167555,8.7476544,1.2920000553131104
12708,99.848987,2SLAQ J100105.94+001424.8,Q,150.27475,0.2402201,0.8849999904632568
12708,114.832828,2QZ J100104.3+001254,Q,150.2682861,0.215211,1.1749999523162842
12709,164.239097,WISEA J122005.73+172236.7,q,185.0238777,17.376889,0.6000000238418579
12711,111.337235,SDSS J144757.75+480627.4,Q,221.9906509,48.1076136,1.562000036239624
12711,173.502014,SDSS J144822.01+480400.0,Q,222.0917164,48.0666727,1.2450000047683716
3199,58.950789,SDSS J011230.86-040943.6,Q,18.1285873,-4.1621327,1.3029999732971191
3199,142.479842,SDSS J011236.39-041052.5,Q,18.1516657,-4.181286,1.6929999589920044
3199,160.083405,SDSS J011223.17-040714.5,Q,18.0965733,-4.120721,1.805999994277954
12712,0.199752,IRAS 15100+3306,NR,228.0086049,32.9153596,0.023000000044703484
12712,106.777275,SDSS J151205.06+325635.2,Q,228.0210993,32.9431151,2.825000047683716
3200,172.902352,WISEA J125419.12-414621.3,q,193.5798128,-41.772651,0.10000000149011612
3203,7.546097,J203623.53-043715.0,R,309.0980793,-4.6208548,
3203,59.783377,SDSS J203624.65-043610.5,A,309.1027512,-4.60293,0.4580000042915344
12716,88.997859,SDSS J222631.77-062506.2,qX,336.6323987,-6.4184125,2.299999952316284
12716,91.79506,WISEA J222627.96-062503.9,qX,336.6164655,-6.417764,0.8999999761581421
12716,137.946042,WISEA J222627.64-062128.0,q,336.615135,-6.3577904,0.30000001192092896
3204,144.064299,SDSS J004801.61+193724.9,QR,12.0066922,19.6236151,1.281999945640564
3205,55.756934,NGC 2500 X2,QX,120.4910819,50.7276211,0.5130000114440918
12718,103.991385,SDSS J014436.57+122615.2,Q,26.1523769,12.4375387,1.2009999752044678
12718,164.201588,SDSS J014418.64+122524.1,Q,26.0776917,12.4233656,1.3200000524520874
3207,36.601217,SDSS J142226.23-002313.6,qX,215.6093302,-0.3871118,2.4000000953674316
3207,43.155779,J142226.08-002341.2,X,215.608677,-0.3947925,2.299999952316284
3207,64.5114,J142219.88-002341.7,X,215.5828612,-0.3949167,
3209,163.887502,VIPERS 110054689,A,30.294464,-5.37532,0.18799999356269836
12723,139.953446,WISEA J050433.22-290631.9,q,76.1384718,-29.1089072,1.2000000476837158
3211,36.813304,J214008.51-635417.2,X,325.0354791,-63.9047804,
3211,97.804933,J214010.43-635558.4,X,325.0434723,-63.9328889,
3211,162.017984,WISEA J213943.01-635302.2,q,324.9291647,-63.8839717,2.0
3212,110.478267,WISEA J022240.76-412338.1,q,35.6698507,-41.3939255,0.800000011920929
12728,135.493846,2QZ J113824.3-011040,Q,174.6016192,-1.1776096,1.7369999885559082
12729,0.191368,MCG 7-34-119,NR,249.3184281,44.4182219,0.03099999949336052
12729,108.089829,SDSS J163709.90+442628.1,Q,249.2912511,44.4411382,2.4040000438690186
12731,1.514566,NGC 7672,NR,351.88125,12.3855278,0.013000000268220901
3219,82.342364,J234747.90-280713.2,X,356.9496172,-28.1203363,1.2000000476837158
3219,131.815317,J234753.98-280924.9,X,356.9749518,-28.1569227,0.4000000059604645
3219,141.973766,J234746.90-281046.2,X,356.945436,-28.1795191,1.5
3219,171.815329,J234732.27-280756.0,X,356.8844723,-28.1322223,
3219,178.333059,J234753.67-281043.6,X,356.9736389,-28.1787778,
12732,65.602941,WISEA J235839.90-173226.7,q,359.6662934,-17.5407931,0.699999988079071
3220,156.118942,WISEA J062226.60+663718.0,qR,95.6109959,66.6218291,1.2999999523162842
3223,7.776226,J124957.72+051833.8,X,192.4905,5.3093889,
3223,14.242071,J124957.29+051830.0,X,192.4887106,5.3083547,
3223,48.132802,J124955.25+051908.9,X,192.4802459,5.319149,2.9000000953674316
3223,62.767737,J124953.68+051839.7,X,192.4737034,5.3110544,1.0
3223,138.362271,SDSS J124955.41+051627.8,QX,192.4808934,5.2743943,0.21199999749660492
3224,151.352884,SDSS J133217.58+135554.3,Q,203.073259,13.9317596,2.194999933242798
12738,87.212628,SDSS J085358.56+522522.8,Q,133.4940045,52.4230151,0.722000002861023
12738,121.305465,WISEA J085357.54+522600.7,q,133.4897606,52.4335503,0.5
12738,130.115625,SDSS J085357.12+522610.2,Q,133.4880145,52.436204,1.0950000286102295
3225,97.022317,J135403.86-075711.4,R,208.5160834,-7.9531667,
12741,156.387019,SDSS J105047.87+251444.7,Q,162.6994595,25.2457843,2.6029999256134033
3230,80.14103,J004250.12-233247.0,X,10.7088469,-23.5464042,
3230,80.947696,J004251.75-233341.9,X,10.7156305,-23.5616532,
3230,120.856593,NGC 235,ARX,10.7200432,-23.5410314,0.02199999988079071
12746,136.971674,SDSS J233430.66+343910.3,Q,353.6277239,34.6528673,1.9110000133514404
12746,177.775287,SDSS J233418.35+344017.3,Q,353.5764646,34.6714879,1.8359999656677246
12747,111.795199,SDSS J235322.33+111943.8,Q,358.3430622,11.3288588,1.2699999809265137
12748,166.284839,SDSS J004659.70+230545.0,Q,11.7487877,23.0958466,1.8700000047683716
3240,138.234272,SDSS J171508.02+433730.2,qX,258.7834205,43.625054,1.100000023841858
3240,164.122688,J171500.68+433654.4,X,258.7528612,43.6151112,
3242,101.381561,J234401.35+260354.2,X,356.0056378,26.0650812,2.0
3243,177.819447,WISEA J004457.43-562545.0,q,11.2392907,-56.4291974,1.2999999523162842
12757,96.195185,WISEA J170201.60+064110.8,q,255.5066985,6.6863611,0.20000000298023224
12758,73.299158,J184725.12-631725.3,X,281.8547039,-63.2903621,
12758,178.556739,J184726.50-632134.3,X,281.8604445,-63.3595278,
3247,0.237854,NGC 4922,AX,195.3521242,29.3083751,0.024000000208616257
3247,21.881369,UGC 8135,NRX,195.3552752,29.3138554,0.023000000044703484
3247,68.554736,J130129.60+291814.6,X,195.3733612,29.3040556,
12763,102.107194,SDSS J012838.24-014533.7,Q,22.159351,-1.7593751,1.4919999837875366
3253,86.754585,SDSS J232028.17+271941.7,Q,350.117371,27.3282426,1.1269999742507935
3253,124.60359,WISEA J232015.10+271742.2,q,350.0629036,27.295105,0.20000000298023224
3253,172.189508,SDSS J232033.72+272024.5,Q,350.1404762,27.3401607,1.3639999628067017
12769,129.730241,WISEA J091222.27+123202.3,q,138.0927491,12.5339367,1.100000023841858
12769,158.437132,WISEA J091233.63+122928.4,q,138.1400446,12.4913133,0.6000000238418579
3257,102.116289,SDSS J025603.26+004221.4,Q,44.0136097,0.7059645,1.6339999437332153
12773,173.652786,SDSS J105941.91+500311.4,Q,164.9246669,50.053161,1.7020000219345093
12775,147.486021,SDSS J112150.14+503405.6,Q,170.4589359,50.5681918,2.236999988555908
12775,169.445117,SDSS J112206.93+503253.7,Q,170.5288904,50.5482485,1.8960000276565552
12775,170.336185,SDSS J112219.73+503500.8,Q,170.5822533,50.5835255,2.369999885559082
3266,113.480545,WISEA J030846.84-032216.3,q,47.1952568,-3.3713313,2.200000047683716
3267,107.525431,WISEA J071551.90+564755.9,q,108.966297,56.7988948,1.2999999523162842
12778,153.072864,MCG 0-36-003,NR,209.1150515,-0.2885036,0.029999999329447746
12779,20.397088,SDSS J141904.94+070141.6,Q,214.7705985,7.0282401,2.815000057220459
3269,102.162828,J085408.39-071225.8,R,133.5349723,-7.2071667,
12781,168.609676,SDSS J161121.78+381521.2,Q,242.840761,38.2559061,0.6769999861717224
3270,152.549326,SDSS J143558.77+214652.5,Q,218.994896,21.7812742,4.670000076293945
3270,172.637049,SDSS J143606.35+214448.7,Q,219.0264963,21.746879,2.2699999809265137
12783,0.285289,MCG 2-58-058,NR,345.667966,13.3290751,0.02800000086426735
3271,90.694165,SDSS J102627.02+201510.2,Q,156.6125919,20.2528352,0.75
3272,74.952251,WISEA J103929.35-235559.5,q,159.8723336,-23.9332872,0.30000001192092896
12784,0.378512,CGCG 431-53,NR,350.862676,14.3258312,0.026000000536441803
12784,59.285183,SDSS J232331.02+141946.2,qR,350.8792767,14.3295046,2.0
12786,92.788067,SDSS J003353.97-025253.9,Q,8.4749167,-2.8816654,0.8180000185966492
3275,58.88384,J075111.69+501100.4,X,117.7987223,50.1834445,
3275,69.608124,SDSS J075110.66+501026.5,qX,117.7944336,50.1740494,0.4000000059604645
3275,153.235592,SDSS J075131.33+501204.2,qX,117.8805456,50.201188,2.299999952316284
3277,0.108058,UGC 11630,NX,311.8920834,0.4116112,0.012000000104308128
3278,173.060629,J043636.79-025421.6,X,69.1533314,-2.9060226,1.399999976158142
3279,172.298398,WISEA J085451.22-025714.2,q,133.7133713,-2.9539891,1.399999976158142
12792,104.058014,WISEA J071710.10+670702.9,q,109.292365,67.1175224,0.8999999761581421
3280,52.4242,2SLAQ J122540.40+003343.5,N,186.4183353,0.5620961,0.07900000363588333
12795,161.674,WISEA J132833.55-280849.8,q,202.13997,-28.1471639,1.399999976158142
3281,156.586718,J124904.10-112210.7,X,192.2670834,-11.3696389,
3283,0.20974,UGC 3223,ARX,74.7891635,4.9750821,0.017999999225139618
3289,153.981726,SDSS J113520.98+545536.8,Q,173.837425,54.926901,2.005000114440918
3289,167.623165,SDSS J113555.05+545742.3,Q,173.979401,54.9617501,1.8200000524520874
3290,147.376868,WISEA J132105.99-155430.8,q,200.2749803,-15.9086595,1.899999976158142
3291,86.09852,SDSS J141444.76+150917.2,QR,213.6865409,15.1547801,1.4129999876022339
3294,129.71555,J000151.30+232959.3,X,0.463765,23.499817,2.4000000953674316
3294,141.160053,SDSS J000151.58+232857.6,QX,0.4649723,23.4826896,0.8840000033378601
12811,0.206419,PGC 3096554,ARX,265.3671651,3.8143454,0.029999999329447746
3295,88.238258,SDSS J001425.32-070923.0,Q,3.6055225,-7.1563637,2.2839999198913574
12812,73.145451,WISEA J182506.65+312417.8,q,276.2777395,31.4049335,1.5
12814,160.225277,SDSS J224111.24+094505.5,Q,340.2968336,9.7515171,2.375
3301,137.490638,SDSS J132432.75+140738.7,qX,201.1364904,14.127447,1.2999999523162842
12819,69.443685,SDSS J112939.78+353200.6,Q,172.4157704,35.5335562,2.240999937057495
12819,161.772609,SDSS J112946.98+352847.6,Q,172.4457664,35.4799006,1.1720000505447388
12820,165.016005,SDSS J123929.12+474002.3,qX,189.8713531,47.6673279,0.20000000298023224
3305,75.986344,WISEA J031738.12-015019.4,q,49.4088554,-1.8387379,2.0
3305,170.469097,WISEA J031728.33-015106.2,q,49.3680444,-1.851741,0.4000000059604645
12826,59.906634,SDSS J154549.71+022417.6,Q,236.4571442,2.4049033,2.2799999713897705
12826,153.602378,SDSS J154539.58+022636.6,qX,236.4148965,2.4434987,2.0999999046325684
3311,141.581298,SDSS J135234.46+140402.7,Q,208.1435976,14.067454,0.5910000205039978
3312,151.597111,LAMOSTJ020334.25+160207.4,Q,30.8926964,16.0353908,0.7770000100135803
12831,144.741105,WISEA J120813.46+255103.6,q,182.0560978,25.8510194,2.0
12832,126.856397,WISEA J124249.53-244318.9,q,190.7064628,-24.7219559,1.899999976158142
3314,132.294706,J121926.91+055044.2,X,184.8621377,5.8456115,
3314,161.478108,J121924.97+055058.3,X,184.8540556,5.8495278,
3317,44.573085,WISEA J135136.12-302917.8,q,207.9004334,-30.4883629,0.30000001192092896
12837,28.944834,WISEA J225807.81+291334.4,q,344.5325639,29.2262351,0.5
12837,175.940151,SDSS J225800.56+291136.1,Q,344.5023695,29.193382,3.318000078201294
3319,128.864376,SDSS J115121.76+550427.6,QX,177.8406713,55.0743585,1.4010000228881836
3319,145.891582,J115114.53+550653.6,X,177.8105556,55.1148889,
3320,104.930775,WISEA J153452.12+114548.8,q,233.7173451,11.7635943,1.2999999523162842
3320,112.500358,WISEA J153501.48+114644.8,q,233.7561762,11.7791221,1.399999976158142
12845,89.180475,WISEA J021837.45-222821.0,q,34.6560965,-22.4724085,1.600000023841858
3326,0.640605,NGC 5975,NR,234.9914504,21.4706481,0.014999999664723873
12847,99.711683,SDSS J103210.21+273933.2,QX,158.0425856,27.6592771,1.2960000038146973
12849,63.849673,SDSS J113540.41+250427.8,Q,173.9184031,25.0744065,2.1559998989105225
12850,148.020512,SDSS J114416.85+554053.3,QX,176.0702382,55.6815005,2.752000093460083
12852,110.37255,SDSS J132022.20+305821.3,Q,200.0925215,30.972588,2.3459999561309814
3331,139.646426,SDSS J234410.92+003018.5,qX,356.0455107,0.5051635,2.0
12853,145.086853,J132400.96-190431.3,R,201.004033,-19.0753696,1.5
3335,153.069198,WISEA J151801.17-173616.1,q,229.5048869,-17.6045197,1.0
12859,29.856236,SDSS J010518.23+314027.4,Q,16.326022,31.6742983,3.2669999599456787
12859,88.107781,SDSS J010517.31+314221.2,Q,16.322192,31.7059302,1.9190000295639038
12860,98.009849,SDSS J010758.78+332607.9,Q,16.9949226,33.435546,0.6119999885559082
12860,144.094794,SDSS J010814.35+332552.4,Q,17.0598039,33.4312092,0.6990000009536743
12863,82.569541,J095814.23+155536.0,R,149.5593056,15.9266667,
12863,105.357008,SDSS J095809.07+155510.0,Q,149.5377932,15.9194547,0.8109999895095825
12864,163.553134,SDSS J122843.65+225201.1,Q,187.1818747,22.8669727,2.2200000286102295
3341,132.383468,SDSS J172338.53+565713.4,Q,260.9105518,56.9537445,2.2060000896453857
12869,87.946272,SDSS J003851.44+253849.2,Q,9.7142953,25.6470236,2.7200000286102295
12869,172.34372,SDSS J003844.96+253847.4,Q,9.6873643,25.6465179,1.2879999876022339
3344,0.010589,ESO 500-34,NRX,156.131042,-23.5529723,0.013000000268220901
12871,105.252759,SDSS J074016.64+231733.1,Q,115.0693512,23.2925631,1.559000015258789
12872,150.072099,SDSS J082024.42+401648.5,Q,125.101762,40.280158,2.1489999294281006
3346,147.867279,WISEA J120455.28+103719.7,q,181.2303658,10.6221306,0.30000001192092896
12873,158.503268,SDSS J085141.17+405043.0,QR,132.9215795,40.8452905,0.5830000042915344
12874,115.970686,SDSS J095133.57+575707.0,Q,147.8898809,57.9519615,1.2949999570846558
12874,127.086963,SDSS J095135.25+575553.3,N,147.8968522,57.9314827,0.1420000046491623
12875,155.679441,SDSS J111045.50+115822.5,K,167.68962,11.972923,0.503000020980835
12876,172.293473,SDSS J114440.47+324113.9,Q,176.1686249,32.6872101,0.5320000052452087
12878,26.054977,WISEA J124719.48-450246.3,q,191.8311981,-45.0462407,1.2000000476837158
12880,0.178863,NGC 5178,NRX,202.3721666,11.6247956,0.020999999716877937
3355,0.269952,NGC 4172,A,183.0621041,56.1775105,0.03099999949336052
3356,72.376628,SDSS J123328.31+084022.3,qR,188.3679741,8.672864,2.299999952316284
3358,0.607934,NGC 4813,N,194.150342,-6.8179287,0.004999999888241291
3359,84.592081,WISEA J225107.56+312233.3,q,342.7814979,31.3759286,0.8999999761581421
3359,120.095488,SDSS J225055.41+312406.6,Q,342.7308994,31.4018473,1.3910000324249268
12888,167.799294,2QZ J011301.9-312425,Q,18.2583356,-31.4068355,1.805999994277954
3363,162.424837,WISEA J213515.63-762004.6,q,323.814939,-76.3346694,0.6000000238418579
12892,0.083678,CGCG 33-50,NRX,135.6224336,3.3849935,0.027000000700354576
3364,0.18217,NGC 2487,NR,119.5852657,25.1492257,0.01600000075995922
12894,119.892996,SDSS J112835.54+210237.3,QR,172.1480863,21.0437081,1.5130000114440918
12894,146.03006,SDSS J112823.99+210021.2,Q,172.099966,21.0059069,2.325000047683716
12894,157.061884,WISEA J112825.88+210221.7,q,172.1078494,21.0393684,0.800000011920929
12896,88.069787,J141341.82+371614.7,R,213.42425,37.27075,
12896,88.783201,SDSS J141350.35+371735.9,Q,213.4597838,37.2933252,1.7970000505447388
12896,109.720132,SDSS J141339.99+371613.6,Q,213.4166575,37.2704656,4.045000076293945
12897,136.975624,SDSS J161716.41+345058.6,QX,244.3183883,34.8496134,1.8839999437332153
12897,153.891276,SDSS J161716.77+345040.6,QX,244.3199095,34.844619,0.9269999861717224
3370,131.823915,SDSS J092137.36+400953.9,Q,140.4056716,40.1649945,0.8840000033378601
12898,148.474921,SDSS J165731.54+404134.7,Q,254.3814494,40.6929755,2.931999921798706
3374,0.161289,NGC 3770,A,174.4948103,59.6169621,0.010999999940395355
3375,142.312127,WISEA J120408.17+105329.4,q,181.034008,10.8914186,1.600000023841858
3375,159.587694,SDSS J120421.99+105158.3,Q,181.0916403,10.8661984,2.2309999465942383
3376,145.072708,SDSS J125618.30+274643.4,Q,194.076293,27.7787699,2.568000078201294
12906,91.870204,SDSS J031208.45-010239.2,Q,48.0351942,-1.0442495,2.2760000228881836
12906,113.861772,SDSS J031211.69-010150.5,QR,48.048709,-1.0306905,2.243000030517578
12907,135.553361,WISEA J051326.92-173751.9,q,78.3622011,-17.6311172,1.100000023841858
3380,45.117257,J123306.07+161513.6,X,188.2753056,16.2537778,
3380,81.522907,J123307.09+161440.2,RX,188.2795771,16.2445252,3.5
12910,88.662997,2QZ J142329.6+014213,Q,215.8732171,1.7037219,1.7079999446868896
12910,164.055812,2QZ J142337.2+014231,Q,215.9052869,1.7087606,2.140000104904175
12911,125.453482,WISEA J145922.18-350016.5,q,224.8424163,-35.0045923,1.100000023841858
3382,0.050761,NGC 426,ARX,18.2025101,-0.2902041,0.017999999225139618
3382,134.786586,SDSS J011247.66-001938.7,Q,18.1986019,-0.3274262,3.4179999828338623
3382,155.478412,SDSS J011240.48-001547.8,Q,18.1687035,-0.2633127,2.430999994277954
3382,177.209398,SDSS J011254.26-002000.1,QX,18.2261154,-0.3333859,1.5080000162124634
3384,74.611051,WISEA J153948.00-345339.9,q,234.9499873,-34.8944672,0.8999999761581421
12920,143.237787,SDSS J031632.74-002542.3,Q,49.1363855,-0.4284584,1.8860000371932983
12925,158.061178,WISEA J103041.79+720658.2,q,157.6741806,72.11617,2.700000047683716
12930,73.416678,WISEA J160701.33+695543.8,q,241.755573,69.9288547,1.100000023841858
12930,148.218266,WISEA J160737.91+695725.2,q,241.9081935,69.957218,1.100000023841858
3398,165.252799,WISEA J042400.70-513738.6,q,66.0029373,-51.6274588,0.6000000238418579
3398,169.849502,J042404.30-513640.3,X,66.0179445,-51.6111945,
12934,94.382681,SDSS J001418.96+283327.3,Q,3.5789972,28.5576147,1.5190000534057617
3401,0.181558,UGC 5130,NR,144.4339158,2.7608821,0.024000000208616257
3403,138.677659,MCG 10-12-112,NR,124.0058889,58.3340834,0.02500000037252903
12940,161.192299,WISEA J102457.01+783622.7,qX,156.2376399,78.6063004,0.5
12940,167.427907,SDSS J102319.14+783631.1,qX,155.8301205,78.6085338,1.7999999523162842
12941,166.604685,SDSS J125959.16+274149.5,qX,194.9965553,27.6971062,1.7000000476837158
3410,8.906889,NGC 3978,NR,179.0430106,60.5225291,0.032999999821186066
12946,136.348844,SDSS J114409.51+195010.2,QX,176.0396655,19.8361572,1.0959999561309814
12946,145.345826,J114408.70+195058.0,X,176.0362778,19.8494445,
12946,153.82657,J114420.86+194809.4,X,176.0869167,19.8026112,
12946,153.972602,SDSS J114412.07+195240.5,qX,176.0503179,19.8779363,0.4000000059604645
12948,105.445839,2QZ J141033.1-024025,Q,212.6381018,-2.6735737,1.7719999551773071
3413,82.551595,J150043.07-035222.8,X,225.1794723,-3.873,
3414,0.055407,MCG -2-02-030,N,7.5304456,-11.1136416,0.012000000104308128
12953,71.090889,WISEA J193748.92-524949.7,q,294.4538638,-52.8305031,1.2000000476837158
12954,165.779932,SDSS J220627.37-080748.2,Q,331.6140776,-8.1300829,1.4199999570846558
12956,168.381933,SDSS J011959.73+333045.3,Q,19.9988667,33.5125973,3.4189999103546143
3418,123.859416,J080710.68+510918.9,X,121.7945,51.15525,
3418,176.848107,J080734.87+510602.9,X,121.8953056,51.1008056,
3419,133.059465,SDSS J100614.85+471735.1,Q,151.5618996,47.2931014,1.690000057220459
3419,141.321376,SDSS J100554.03+471508.9,Q,151.4751207,47.2524859,1.4299999475479126
3420,0.306597,NGC 5934,NRX,232.0530804,42.9299121,0.01899999938905239
3420,79.409255,SDSS J152819.77+425528.0,QX,232.0823756,42.9244711,1.340999960899353
12959,93.288352,SDSS J083313.19+523120.6,Q,128.3050364,52.5224361,1.6959999799728394
12959,98.601365,SDSS J083333.05+523129.7,Q,128.3877239,52.5249221,0.8999999761581421
12959,152.451413,SDSS J083331.59+523405.2,QX,128.3816633,52.568122,0.6430000066757202
12960,99.833802,SDSS J093644.40+374112.2,Q,144.1850361,37.6867334,2.1619999408721924
3422,66.768831,SDSS J162737.58+405443.3,QX,246.9065895,40.9120281,1.4839999675750732
3422,97.209073,SDSS J162747.81+405436.5,QX,246.9492229,40.9101455,1.0820000171661377
12962,31.808578,J123354.61+152125.8,X,188.4775456,15.3571686,1.2999999523162842
12962,67.716673,J123352.30+152139.1,X,188.4679291,15.360885,1.2999999523162842
12962,79.064007,J123351.91+152154.1,X,188.4662931,15.3650551,1.0
12962,147.973696,J123347.88+152001.5,X,188.4495345,15.3337641,0.4000000059604645
12962,173.399953,SDSS J123344.76+152130.2,qX,188.4365082,15.3583908,0.4000000059604645
3423,178.664053,LAMOSTJ043158.82-052509.6,QX,67.9951189,-5.4193301,1.2359999418258667
12964,173.205285,WISEA J130206.20-065636.8,qX,195.5259072,-6.9435595,1.2999999523162842
3426,144.895615,J033524.08-202129.8,X,53.8503745,-20.3583001,0.8999999761581421
12968,147.90361,SDSS J143644.75+414030.3,Q,219.1864691,41.6750891,1.2710000276565552
12969,127.181898,WISEA J191236.31-571241.6,qX,288.1512222,-57.2117104,2.299999952316284
3429,61.687689,SDSS J105829.50+241316.6,Q,164.6229254,24.2213005,0.8100000023841858
3429,173.821409,SDSS J105820.73+241617.7,Q,164.5864267,24.2716034,2.447000026702881
3430,135.133046,SDSS J132305.55+265917.0,Q,200.773083,26.9880599,2.4179999828338623
12972,109.115587,SDSS J002506.08+063854.8,Q,6.2753967,6.6485772,1.3550000190734863
3431,116.97915,SDSS J172725.41+583256.2,Q,261.8559078,58.5489495,1.5809999704360962
3431,134.05397,IC 1258,N,261.8224246,58.4854726,0.027000000700354576
12973,30.302731,J035408.30+155953.1,X,58.5346112,15.9980834,
12974,78.335017,J043057.64-631956.6,X,67.7401667,-63.3323889,
3433,158.655204,SDSS J090612.09+352202.7,ARX,136.55041,35.367437,0.32199999690055847
3434,0.304777,NGC 4619,ARX,190.4356305,35.0627621,0.023000000044703484
3434,178.754071,J124158.90+350316.7,X,190.4954167,35.0546389,
12977,161.674448,SDSS J082646.15+225543.2,Q,126.6923285,22.9286916,0.8119999766349792
12977,170.369168,WISEA J082626.51+225513.4,q,126.6104464,22.9205909,0.20000000298023224
3435,15.865767,J130401.10-302153.9,X,196.0045834,-30.3649723,
3435,112.869609,J130352.36-302244.9,X,195.9681928,-30.3791458,
12978,139.988562,SDSS J105030.52+201740.6,Q,162.6271829,20.2946251,2.3340001106262207
3437,59.166559,LAMOSTJ024855.04+205107.4,Q,42.2293409,20.8520881,1.031999945640564
12981,54.826276,J145340.04+033419.0,X,223.4168334,3.5719445,
12981,90.81772,IXO 84,QX,223.4361684,3.5583795,1.3650000095367432
12981,93.119744,J145347.90+033404.4,X,223.4495926,3.5678894,
12981,102.464194,J145348.65+033404.9,X,223.4527428,3.5680314,
12981,123.569712,J145344.84+033256.7,X,223.4368334,3.5490834,
12981,140.897297,J145351.92+033526.7,X,223.4663334,3.59075,
12981,176.728968,J145335.70+033718.2,X,223.3987778,3.6217223,
12981,178.987944,SDSS J145333.54+033650.7,qX,223.3897649,3.6140818,0.4000000059604645
12984,124.001464,Q J22149+3551,Q,333.7376112,35.8578889,0.8759999871253967
12984,126.750639,B2 2212+35,QR,333.7373851,35.8571274,0.8790000081062317
3442,64.256952,SDSS J215207.40+031812.0,Q,328.0308601,3.3033398,1.5499999523162842
3443,0.250871,NGC 7509,NRX,348.0892375,14.6093777,0.01600000075995922
3443,83.813677,SDSS J231216.77+143723.1,Q,348.0698891,14.6230997,0.6710000038146973
12985,68.591229,SDSS J231442.31+283428.7,Q,348.6763208,28.5746678,1.281999945640564
12985,111.398303,SDSS J231433.02+283426.3,A,348.6376,28.573987,0.17100000381469727
12985,162.563633,SDSS J231436.96+283049.3,Q,348.6540208,28.5137164,0.45399999618530273
12986,155.566087,WISEA J234446.24+044640.3,q,356.1927067,4.7778726,2.299999952316284
3444,171.867432,SDSS J015959.33+123743.9,Q,29.9972305,12.6288618,1.7309999465942383
12987,159.952017,WISEA J010043.91-515131.5,q,15.1829955,-51.8587684,1.399999976158142
3451,119.208156,J110936.94+214629.7,X,167.4039167,21.7749167,
3451,124.860683,J110940.02+214343.1,X,167.4167778,21.7286389,
3451,164.265396,SDSS J110939.09+214758.4,Q,167.4128855,21.7995599,1.1399999856948853
12995,109.699266,J010115.86+310311.7,R,15.3161112,31.05325,
12996,165.966866,2QZ J011212.3-321151,Q,18.0516199,-32.1974596,0.4650000035762787
3453,0.316745,NGC 5515,NRX,213.1590033,39.3102503,0.026000000536441803
13000,133.742526,WISEA J071917.77-590206.2,q,109.8240549,-59.0352388,1.2000000476837158
3456,120.867707,WISEA J014930.66+352855.0,q,27.3776141,35.4820918,0.30000001192092896
3458,101.335711,SDSS J085900.49+534748.1,N,134.75207,53.796707,0.45500001311302185
3459,135.867625,SDSS J122413.65+111216.9,QX,186.0569072,11.2047085,2.130000114440918
3460,0.23523,UGC 1282,A,27.3745065,12.5090426,0.017000000923871994
3460,162.016255,WISEA J014923.83+122816.7,q,27.3491639,12.4714148,0.20000000298023224
13008,19.106916,SDSS J130548.87+274411.0,qR,196.4536252,27.7364008,1.100000023841858
13008,86.298288,WISEA J130541.08+274403.2,q,196.4211176,27.7343216,0.4000000059604645
13009,81.468427,WISEA J132336.72-300314.7,q,200.9030196,-30.0541499,1.0
3467,179.091594,J200914.20-562450.8,X,302.3091945,-56.4141112,
13019,93.645218,SDSS J012755.43+021003.2,Q,21.9809621,2.1675668,2.7709999084472656
13020,80.167091,SDSS J021636.97+295902.9,Q,34.1540831,29.9841769,1.694000005722046
13020,160.974063,SDSS J021632.46+295604.1,Q,34.1353163,29.9344968,0.9959999918937683
3473,167.884864,SDSS J104800.40+045544.3,N,162.0016691,4.9289707,0.0729999989271164
3474,0.192425,ESO 506-27,NRX,189.7274713,-27.3077775,0.024000000208616257
3475,18.899379,J124151.02+411626.2,X,190.4626112,41.2739445,
3475,83.713502,SDSS J124159.33+411547.7,QX,190.4972172,41.263254,1.6269999742507935
3475,117.351476,SDSS J124142.47+411603.7,QX,190.4269648,41.2677012,1.965999960899353
3475,156.82709,SDSS J124203.94+411453.0,QX,190.5164189,41.2480575,0.9399999976158142
3477,115.582116,WISEA J152133.36-295237.1,qX,230.3891035,-29.8769573,0.5
13028,95.251985,WISEA J164233.25-153120.0,q,250.6386119,-15.522213,1.7999999523162842
3478,0.06098,ESO 339-11,NR,299.4064167,-37.9356667,0.01899999938905239
3480,0.185292,IC 1524,ARX,359.7946981,-4.1269618,0.01899999938905239
3480,169.408574,SDSS J235910.15-040448.0,Q,359.7922956,-4.0800122,2.371000051498413
13032,137.467877,WISEA J214133.08+170340.3,q,325.3878638,17.0612022,0.6000000238418579
13033,100.917748,SDSS J233308.71+043449.5,Q,353.2863041,4.5804336,1.6399999856948853
13037,117.92139,SDSS J103513.81+033417.3,Q,158.8075556,3.5714924,0.24300000071525574
3486,124.076497,WISEA J075054.93+542005.8,qR,117.7290427,54.3349957,0.20000000298023224
3489,0.072738,NGC 3468,BR,164.3798709,40.946151,0.02500000037252903
3489,110.6159,NPM 1G+41.0253,N,164.3441103,40.9315411,0.027000000700354576
13044,28.460998,WISEA J185635.80+510112.8,q,284.1491993,51.0202449,0.800000011920929
13044,85.247281,WISEA J185631.93+505933.7,q,284.1332452,50.9924703,0.30000001192092896
3492,50.002849,SDSS J125456.42+272532.8,qX,193.735066,27.4257884,0.8999999761581421
3492,77.801937,SDSS J125500.46+272412.7,Q,193.7519295,27.4035681,2.0179998874664307
3492,104.532872,J125455.40+272301.2,X,193.7308612,27.3836667,
3492,130.740269,J125446.82+272554.7,X,193.6951112,27.4318612,
13048,89.953087,J004745.23+382456.9,X,11.9384943,38.4158321,1.2999999523162842
13048,158.429401,WISEA J004739.39+382533.4,q,11.9140352,38.4259997,0.8999999761581421
13049,155.330148,WISEA J021312.60+135831.2,q,33.3025525,13.9754051,0.20000000298023224
3497,26.491516,J231505.30+185820.0,X,348.7721112,18.9722223,
3498,0.034416,ESO 353-9,ARX,22.9600834,-33.1192778,0.017000000923871994
3498,146.858691,J013152.73-330445.4,X,22.9697179,-33.0792812,
13056,162.791409,WISEA J175516.81+623728.7,q,268.8200439,62.6246502,0.10000000149011612
13057,146.337641,WISEA J202200.53-473114.6,q,305.5022609,-47.5207881,1.399999976158142
13059,0.149665,ESO 538-25,N,2.7259964,-21.0674227,0.026000000536441803
3503,92.822732,SDSS J010441.92-004638.2,Q,16.1746829,-0.7773015,1.2990000247955322
3503,127.144209,SDSS J010434.04-004925.3,QX,16.1418478,-0.8237094,1.3960000276565552
3503,137.155006,SDSS J010435.45-004619.0,Q,16.14772,-0.7719681,1.3450000286102295
3503,158.813266,2SLAQ J010431.32-004918.8,Q,16.1305118,-0.821886,2.3919999599456787
13062,126.862264,Q 0244+0116,QX,41.6497352,1.4780823,2.046999931335449
3504,92.9326,J025436.88+413213.6,X,43.6536667,41.5371112,
3504,95.140645,J025437.56+413051.3,X,43.6565135,41.5142525,1.5
3504,101.089619,J025446.61+413321.5,X,43.6942368,41.5559786,1.5
3504,101.705849,SDSS J025447.03+413004.5,qX,43.6960183,41.5012717,3.200000047683716
3504,173.880034,J025438.82+413423.7,X,43.66175,41.57325,
13065,140.599163,J142848.18+385909.4,X,217.2007735,38.985949,
13065,148.541673,SDSS J142830.66+385747.1,Q,217.12778,38.963096,1.7380000352859497
13066,165.116804,SDSS J162820.19+522105.5,Q,247.0841389,52.3515445,1.3350000381469727
13069,66.260952,WISEA J003453.08-123054.9,q,8.7210742,-12.5152884,0.4000000059604645
13069,171.212547,WISEA J003448.63-123219.4,q,8.7026239,-12.5387096,0.8999999761581421
3512,0.426557,NGC 3824,AR,175.6869403,52.7795581,0.01899999938905239
3512,178.896913,WISEA J114239.51+524938.4,q,175.6646537,52.8273494,0.8999999761581421
13071,95.981315,J015243.06+361353.5,X,28.1794253,36.231535,
13071,120.464617,J015252.53+361126.2,X,28.2188889,36.1906112,
13071,144.742377,J015239.39+361234.4,X,28.1641528,36.2095616,0.6000000238418579
3513,124.606628,J175716.07+504510.7,X,269.3169947,50.7529924,1.5
3515,121.582721,SDSS J012850.56-005708.9,N,22.2106907,-0.9524814,0.1599999964237213
3515,154.518295,SDSS J012849.97-005820.0,Q,22.2082476,-0.9722504,2.7939999103546143
3515,160.875082,FBQS J0129-0054,QR,22.2722155,-0.9140375,0.7070000171661377
13075,56.137125,SDSS J085411.66+172511.5,Q,133.5486161,17.419912,1.3220000267028809
13075,141.090519,SDSS J085359.21+172627.4,qX,133.4967399,17.4409904,0.6000000238418579
13077,124.041397,SDSS J173255.73+434918.3,qX,263.2322468,43.8216897,0.8999999761581421
3518,74.633464,SDSS J153321.69+563429.6,Q,233.3403902,56.5748803,1.6699999570846558
3518,121.278662,WISEA J153318.27+563202.3,q,233.3262027,56.533988,1.899999976158142
3519,35.069766,WISEA J233213.24+445829.1,q,353.0552054,44.9747541,0.30000001192092896
3520,151.858148,LAMOSTJ020142.96+082729.1,Q,30.429016,8.4580736,1.3259999752044678
3523,145.710882,WISEA J073308.53+853103.3,qX,113.2855815,85.5175929,1.100000023841858
3524,144.958782,WISEA J075427.61+552926.9,q,118.6150585,55.4907869,0.6000000238418579
13085,160.237393,SDSS J101722.21+170820.2,Q,154.342552,17.1389618,0.6919999718666077
3527,77.658487,WISEA J133926.78-321231.3,q,204.8616251,-32.2086061,1.899999976158142
13090,0.436146,MCG 2-37-008,N,216.8106793,11.3390979,0.02800000086426735
13091,75.975446,WISEA J143148.33+071840.7,q,217.9513967,7.3113179,2.0
3531,60.658454,WISEA J200052.51-470418.7,q,300.2187857,-47.0718613,1.100000023841858
13094,0.203506,NGC 6961,ARX,311.7937863,0.3633049,0.012000000104308128
13095,172.292867,J212325.29-074720.8,R,320.8554047,-7.7891145,0.6000000238418579
13095,172.562147,SDSS J212333.18-074158.2,N,320.88827,-7.6995243,0.13500000536441803
13096,130.174756,LAMOSTJ214708.11+101504.4,Q,326.783794,10.2512264,0.5120000243186951
13098,23.1827,3C 455.0,KRX,343.7662131,13.2260961,0.5429999828338623
13098,55.869861,J225459.90+131243.3,X,343.7495834,13.2120278,
3537,99.239155,J194748.87+595449.4,RX,296.9536253,59.9137319,2.0999999046325684
13099,67.527932,J002124.29+223005.4,X,5.3512223,22.5015,
13099,74.573663,J002123.77+223037.0,RX,5.349066,22.5102909,1.399999976158142
13099,117.053969,SDSS J002120.81+223048.0,Q,5.3367176,22.5133401,1.8639999628067017
13099,174.679077,J002126.87+222729.0,X,5.3619723,22.4580556,
3539,132.05667,SDSS J013523.71+334123.5,Q,23.8487976,33.6898761,1.1540000438690186
3539,142.460895,SDSS J013538.96+333835.6,Q,23.9123651,33.6432274,1.0169999599456787
13103,30.81603,SDSS J092227.95+502521.0,Q,140.6164768,50.4225069,1.2259999513626099
13103,157.336413,SDSS J092219.46+502343.2,Q,140.5811263,50.3953264,1.4249999523162842
3541,136.390369,SDSS J011401.30+334425.4,Q,18.505485,33.7403908,1.434000015258789
3541,153.291598,SDSS J011352.39+334238.2,Q,18.4683229,33.7106323,2.6670000553131104
13107,108.543628,2QZ J120542.9+014826,QX,181.4291439,1.8075448,1.590000033378601
13107,127.590274,2QZ J120546.1+014928,Q,181.442422,1.8246257,1.937999963760376
13109,143.014875,SDSS J134840.27+333254.8,Q,207.1678121,33.5485396,1.253000020980835
3547,124.544624,J142211.53-264940.8,R,215.5480678,-26.8280261,0.5
13111,146.804882,SDSS J144744.42+133915.1,Q,221.9351289,13.654186,2.6470000743865967
13113,0.124706,ESO 338-17,AR,294.5695473,-38.8947365,0.01899999938905239
3553,110.857349,J103923.80-001022.1,X,159.8491667,-0.1728056,
13117,0.283385,ESO 242-16,NX,8.7968131,-43.9850612,0.02500000037252903
3554,164.001286,2SLAQ J105206.48-003622.9,N,163.0270083,-0.6063711,0.5590000152587891
3555,154.338719,WISEA J140451.24+142507.0,q,211.2135233,14.4186898,1.399999976158142
3556,174.288119,SDSS J155718.82+155649.1,Q,239.3284428,15.9469724,2.2130000591278076
3559,81.874686,SDSS J012857.66-003226.0,Q,22.2402764,-0.5405733,1.0679999589920044
3559,165.331598,SDSS J012901.86-003101.2,QX,22.2577531,-0.5169997,1.315000057220459
13126,151.437987,SDSS J140840.71+353446.0,Q,212.16963,35.5794645,1.7419999837875366
13127,0.428307,SDSS J150543.59+442417.7,NR,226.43165,44.404937,0.02800000086426735
13127,132.422026,SDSS J150544.45+442629.9,Q,226.435224,44.4416571,2.062000036239624
13127,144.037592,SDSS J150532.89+442250.3,Q,226.3870458,44.3806336,0.8220000267028809
13128,141.374749,SDSS J163347.82+391807.5,QRX,248.4492904,39.3020982,1.7480000257492065
3564,176.375724,WISEA J201917.08-404412.6,q,304.8211675,-40.7368865,1.100000023841858
3566,113.849163,WISEA J084754.87+725151.2,q,131.9786923,72.8642832,1.0
3567,72.674199,SDSS J103422.22+525139.6,QX,158.5925379,52.8609872,2.122999906539917
3567,98.719844,SDSS J103418.95+525042.0,qX,158.5789795,52.845005,
3567,147.515584,J103401.04+525101.4,X,158.5043334,52.8503889,
3568,36.660432,SDSS J105558.18+365150.7,Q,163.992443,36.8640996,2.568000078201294
3568,89.523931,SDSS J105559.45+365027.7,Q,163.9977464,36.8410336,0.9539999961853027
3568,97.435204,SDSS J105550.83+365019.6,Q,163.9617629,36.838793,2.8359999656677246
3568,101.960268,WISEA J105601.66+365247.9,q,164.0069456,36.880012,0.699999988079071
3568,176.266036,SDSS J105609.90+365133.7,Q,164.0412664,36.8593612,0.5239999890327454
13139,121.109678,SDSS J114633.99+614300.7,qR,176.6415542,61.7168537,0.30000001192092896
3570,166.445474,J130206.18+273747.0,X,195.5257778,27.6297223,
3573,91.168668,SDSS J091811.89+161029.7,qX,139.5495617,16.1749361,1.2999999523162842
3573,100.344108,SDSS J091813.58+161312.0,qX,139.5565924,16.2200084,2.0
3573,161.145319,SDSS J091817.27+160959.9,AX,139.5719888,16.1666601,0.47699999809265137
3573,167.909987,SDSS J091757.68+161137.8,qX,139.4903655,16.1938578,2.299999952316284
13145,141.420774,SDSS J164322.80+421207.9,Q,250.8450239,42.2022153,1.9220000505447388
13146,177.94405,SDSS J171445.22+412204.9,Q,258.6884375,41.368052,2.171999931335449
3576,0.018072,MCG -2-08-033,NR,44.4571251,-10.16725,0.014999999664723873
13148,124.858827,WISEA J175721.10+141323.4,q,269.3379537,14.2231722,2.0999999046325684
13150,139.945919,WISEA J220812.88-720426.6,q,332.0536662,-72.074059,0.6000000238418579
13156,177.492213,SDSS J102143.95+374407.1,Q,155.4331781,37.735339,2.635999917984009
3585,64.673472,J131916.45+082634.7,R,199.8185763,8.4429733,0.30000001192092896
3585,128.141199,SDSS J131919.81+082752.5,Q,199.8325809,8.4645894,2.3320000171661377
3586,49.34801,WISEA J133838.90-455041.8,q,204.6619986,-45.8449747,2.4000000953674316
3586,173.577417,WISEA J133839.71-454829.1,q,204.665487,-45.8080907,0.30000001192092896
3588,1.04738,NGC 71,NX,4.598,30.0634445,0.02199999988079071
3588,59.740407,SDSS J001819.02+300339.4,qX,4.5792598,30.0609593,1.600000023841858
3588,151.032668,J001818.22+300601.8,X,4.5759445,30.1005,
3589,140.995256,SDSS J032059.76-002423.6,Q,50.2490219,-0.4066003,1.8760000467300415
13163,137.530252,SDSS J011010.22+002419.5,Q,17.5426045,0.4054424,4.679999828338623
13163,177.695336,SDSS J010950.04+002341.7,Q,17.458505,0.3949228,0.7509999871253967
3590,131.612899,SDSS J120305.77+194200.4,Q,180.7740762,19.7001447,1.6109999418258667
3591,154.04414,SDSS J142106.16+032802.5,qX,215.2756967,3.4673635,1.2999999523162842
3591,154.89185,SDSS J142109.16+032832.0,qX,215.2881928,3.4755643,1.2999999523162842
13167,153.087966,SDSS J124723.59+101041.2,qX,191.8483365,10.1781523,0.8999999761581421
13168,171.469369,WISEA J125605.38-081027.0,q,194.0225009,-8.1741445,2.5999999046325684
3593,151.901245,2QZ J120235.8-001443,Q,180.6494443,-0.2452822,0.7870000004768372
13171,178.148592,WISEA J201806.28-415402.5,q,304.5260056,-41.9007358,1.600000023841858
3596,105.369011,SDSS J135910.03+153405.5,Q,209.7918093,15.5681977,0.8379999995231628
13172,0.342175,MCG 0-08-082,NX,46.1523532,-0.037414,0.023000000044703484
13172,40.767299,Q 03020-0014,QX,46.1472212,-0.0475252,3.055999994277954
3599,85.998302,SDSS J233442.92+160537.0,Q,353.6787909,16.0936328,2.687000036239624
3600,0.13279,UGC 987,ARX,21.3810701,32.1362452,0.017000000923871994
13177,68.153344,SDSS J081241.13+442129.0,Q,123.1713927,44.3580786,4.343999862670898
13177,113.196297,SDSS J081257.71+442058.5,Q,123.2404753,44.3496015,2.0269999504089355
3605,73.167759,J133953.52+005029.6,X,204.9730353,0.8415601,1.100000023841858
3605,105.039747,J133952.27+004844.7,X,204.9678056,0.8124167,
3605,111.497094,J133950.49+005019.5,X,204.9603889,0.83875,
3605,171.065475,J133948.63+005135.4,X,204.9526389,0.8598334,
13187,61.823448,SDSS J231030.24+080906.5,Q,347.6260012,8.1518216,2.2960000038146973
13187,173.027043,LAMOSTJ231025.11+080625.0,Q,347.6046544,8.1069489,2.0339999198913574
3608,147.533174,J014418.97+173104.9,X,26.0790698,17.5180404,
13188,36.960664,WISEA J022925.16+312744.2,q,37.3548581,31.4622999,0.20000000298023224
3609,0.240981,NGC 3380,N,162.0507661,28.6017959,0.004999999888241291
3609,8.028252,J104811.56+283607.4,RX,162.0481667,28.6020556,
3611,126.208991,SDSS J002733.16-013245.9,QX,6.8881987,-1.5460926,1.9450000524520874
3611,163.511694,J002724.60-013309.9,X,6.8525,-1.55275,
13191,174.433918,SDSS J140749.81+544511.8,Q,211.9575774,54.7533007,2.9119999408721924
13198,132.352993,SDSS J095238.63+155118.9,Q,148.1609554,15.8552642,1.940000057220459
13199,137.624999,SDSS J105333.79+265233.2,Q,163.3907702,26.8759115,2.1730000972747803
3619,148.847009,SDSS J135639.55+374850.9,Q,209.1648373,37.8141329,1.4550000429153442
3619,169.34757,SDSS J135640.10+374600.3,QR,209.167123,37.7667556,0.8820000290870667
13200,148.204004,WISEA J110001.86-252957.7,q,165.0077315,-25.4993891,1.2000000476837158
3620,38.448927,J132354.40+305856.9,X,200.9766945,30.9824723,
3620,51.901667,SDSS J132355.71+305827.5,Q,200.9821417,30.974309,0.7990000247955322
3620,106.12452,SDSS J132348.96+305943.4,Q,200.9540442,30.9953913,2.8399999141693115
3622,90.163973,SDSS J231427.85+281917.2,Q,348.6160614,28.321467,1.055999994277954
13207,48.806157,SDSS J000715.93+273955.9,Q,1.8163891,27.6655333,0.9810000061988831
13207,66.345612,SDSS J000712.82+274116.2,Q,1.8034324,27.6878592,1.437999963760376
13207,90.29681,SDSS J000710.78+274008.8,Q,1.7949579,27.6691212,2.309000015258789
13207,104.50814,SDSS J000711.80+273925.0,Q,1.7991582,27.6569584,3.002000093460083
13210,92.150963,WISEA J022812.02-424531.9,q,37.0500471,-42.7589744,1.600000023841858
13213,149.677504,SDSS J104838.69+382230.9,Q,162.1612725,38.3752779,1.0889999866485596
13213,162.545569,SDSS J104823.58+382624.4,Q,162.0982903,38.4401232,2.765000104904175
13214,71.131426,SDSS J105231.82+080608.8,QR,163.1325762,8.1024773,1.6460000276565552
3631,73.27947,SDSS J012156.66+333228.6,QX,20.4860696,33.5412875,1.652999997138977
13216,139.489289,WISEA J144333.05-232834.3,qR,220.8877517,-23.4762202,0.800000011920929
3636,136.145733,J130053.22+274937.5,X,195.22175,27.8270834,
13220,94.133951,SDSS J000437.51+094508.8,Q,1.1563021,9.7524501,1.9210000038146973
3638,155.704248,WISEA J181310.61+681936.8,q,273.2940923,68.32691,1.2000000476837158
3639,21.905109,SDSS J234118.96+040123.3,qX,355.3290269,4.0231517,1.600000023841858
13223,61.034001,SDSS J014128.10+083158.4,Q,25.3670857,8.5328977,0.9879999756813049
3640,146.377079,WISEA J140605.20-335749.0,q,211.5216701,-33.963638,0.30000001192092896
3643,0.626258,KUG 0003+199,ARX,1.5814049,20.2029493,0.026000000536441803
3643,132.074137,J000619.18+200958.6,X,1.5799537,20.1662849,1.5
3644,0.376137,IC 1816,NRX,37.9624349,-36.6721505,0.017000000923871994
3645,0.026552,NGC 1204,NRX,46.1664167,-12.3413334,0.014000000432133675
3645,168.768634,J030430.36-121855.0,X,46.126508,-12.3152884,
13231,86.143199,SDSS J094405.28+110032.3,Q,146.0220212,11.0089699,1.4670000076293945
3646,95.885996,WISEA J042531.47-674900.0,q,66.3813714,-67.8166867,0.4000000059604645
13233,139.341306,J142910.97+443942.4,X,217.2957223,44.6617778,
13233,175.850046,SDSS J142858.07+444215.3,Q,217.2419669,44.7042694,1.7949999570846558
13235,65.774437,SDSS J013820.46+073308.3,Q,24.5852812,7.5523318,3.0209999084472656
13235,170.564761,SDSS J013830.08+073344.1,Q,24.6253291,7.5622717,0.9210000038146973
3653,83.865647,WISEA J023034.86-430101.0,qX,37.645104,-43.0169753,0.800000011920929
13238,0.176375,NGC 2624,A,129.5401393,19.7256755,0.014000000432133675
13238,111.823493,J083810.20+194523.8,X,129.5425,19.7566112,
13238,121.546079,SDSS J083813.40+194521.5,qX,129.5558474,19.7559746,2.0999999046325684
13238,136.972912,SDSS J083818.45+194235.8,Q,129.5769465,19.7099508,1.4869999885559082
3654,135.292519,WISEA J032318.24+085436.3,q,50.8259935,8.9100383,1.899999976158142
13242,124.534211,J114355.58+200242.3,X,175.9816078,20.0450939,0.20000000298023224
3658,0.16101,UGC 8225,NR,197.0798565,45.3616794,0.028999999165534973
3658,60.433277,SDSS J130824.07+452111.1,Q,197.1002894,45.3530678,1.8890000581741333
3658,121.804201,SDSS J130825.76+452322.1,Q,197.1073186,45.3894687,1.1180000305175781
13243,111.645033,SDSS J114610.40+331318.3,Q,176.5433319,33.2217831,1.1360000371932983
3659,90.086838,SDSS J100958.35+301923.4,Q,152.493146,30.3231822,1.590999960899353
3659,160.185283,SDSS J101002.08+302036.2,Q,152.508695,30.3433845,0.8569999933242798
13246,0.260821,UGC 10362,N,245.7312416,39.7915881,0.03200000151991844
13247,39.573479,SDSS J162436.79+555424.6,Q,246.1533327,55.9068531,1.930999994277954
13247,129.618662,SDSS J162448.81+555501.9,Q,246.2034022,55.9172117,1.0839999914169312
13247,129.913369,SDSS J162429.37+555657.6,Q,246.1223616,55.9493627,1.4839999675750732
3663,74.386338,SDSS J003537.78-025008.7,Q,8.9074728,-2.8357349,1.5700000524520874
3663,151.841052,SDSS J003524.69-024952.9,Q,8.8528845,-2.8313786,1.1440000534057617
3665,44.856306,J010729.02+321950.0,X,16.8709445,32.3305556,
3665,79.95656,SDSS J010722.95+321812.4,QX,16.8456421,32.3034945,1.5269999504089355
13253,0.234808,UGC 4000,AR,116.2802202,46.0724201,0.03099999949336052
13254,158.929882,SDSS J090916.57+154532.5,Q,137.3190794,15.7590234,2.2269999980926514
13255,141.018666,SDSS J095908.78+575451.2,Q,149.7866094,57.9142316,1.9210000038146973
13255,151.057702,SDSS J095921.33+575924.0,Q,149.8388745,57.9899939,0.7789999842643738
3671,134.068306,WISEA J123656.12-421013.0,q,189.2338355,-42.1702989,0.8999999761581421
3671,153.203729,WISEA J123659.15-420647.8,q,189.2465914,-42.113153,0.20000000298023224
3672,74.070674,WISEA J132137.53-161532.0,q,200.4063958,-16.2588879,1.0
3674,47.584187,SDSS J115005.85+262928.0,Q,177.5243458,26.4911335,1.062999963760376
13269,156.33222,WISEA J031418.89+053340.9,q,48.5787344,5.5614295,1.7000000476837158
3680,125.050792,J125539.49-265022.6,X,193.914556,-26.8396296,1.5
3680,171.426817,WISEA J125555.85-264726.7,q,193.9827822,-26.7906453,1.600000023841858
13270,0.151186,CGCG 312-12,NRX,142.4078015,62.5440313,0.026000000536441803
13271,81.180811,LAMOSTJ104031.48+133613.2,Q,160.1311457,13.6036885,0.7139999866485596
13275,135.498233,WISEA J200642.72-201931.0,q,301.6780355,-20.3252936,1.100000023841858
3684,10.118685,SDSS J141057.90+062159.4,qR,212.7412536,6.3665217,2.200000047683716
3684,102.167663,SDSS J141104.07+062213.4,Q,212.7669839,6.370404,2.4760000705718994
13278,161.952051,SDSS J012811.11-015216.2,Q,22.0463065,-1.8711836,1.968999981880188
13279,174.259972,SDSS J014825.74+132804.1,Q,27.107268,13.4677942,1.5540000200271606
3688,113.910247,J033328.60-050119.8,X,53.3691945,-5.0221667,
13281,0.064849,NPM 1G-16.0168,ARX,60.2776534,-16.1108374,0.03099999949336052
13281,173.840693,J040106.66-160932.9,R,60.2777778,-16.1591389,
13285,152.312168,WISEA J132008.45-130456.1,q,200.035234,-13.0822875,0.5
13286,87.253982,WISEA J141745.48-241128.3,q,214.4394462,-24.1912202,0.8999999761581421
3694,155.728548,SDSS J114351.15+195557.3,qX,175.9631627,19.9325943,1.7000000476837158
3696,152.313407,WISEA J160413.62+694205.6,q,241.0567695,69.7015628,1.100000023841858
13291,71.968537,J040651.33-211129.8,X,61.7138762,-21.1916312,0.4000000059604645
3697,0.040943,IC 4687 #2,NRX,273.4158755,-57.7252778,0.017000000923871994
3697,94.967617,IC 4687,N,273.4063265,-57.7511544,0.017000000923871994
13294,133.889208,SDSS J125117.55+310124.5,Q,192.8231552,31.0234877,2.3259999752044678
13295,131.951755,SDSS J131257.75+472512.3,Q,198.2406325,47.420109,2.5239999294281006
13295,168.381814,SDSS J131248.45+472457.7,Q,198.2019146,47.4160253,2.8929998874664307
13298,163.476844,WISEA J142448.62-254827.2,q,216.2027055,-25.8075562,1.7000000476837158
3703,0.435923,NGC 5216,NRX,203.0287902,62.7006715,0.009999999776482582
13299,0.350607,IRASF 15461+0844,NR,237.1358503,8.5879247,0.014000000432133675
3705,63.650122,J234725.80-021850.0,X,356.8575116,-2.313915,1.399999976158142
3705,102.086447,J234725.94-021630.4,X,356.8580834,-2.2751112,
3705,114.075234,J234715.38-021759.4,X,356.8140873,-2.2998578,2.5
3705,115.808304,J234724.82-021609.9,X,356.8534167,-2.2694167,
3705,156.799528,J234722.64-021525.7,X,356.8443334,-2.2571389,
13304,171.556719,J025439.66+412211.3,X,43.6652754,41.3698114,0.6000000238418579
3709,170.755199,WISEA J120658.74-254331.3,q,181.7444955,-25.725245,0.4000000059604645
3710,164.761648,WISEA J131944.85+230216.5,qX,199.9369088,23.0379371,0.20000000298023224
13311,179.969463,SDSS J091121.94+300411.5,Q,137.8414316,30.0698696,1.125
3714,0.13838,NGC 5541,NR,214.1325116,39.5890684,0.026000000536441803
13313,114.283556,SDSS J104603.48+255235.7,Q,161.5145485,25.8765761,1.3930000066757202
3716,64.787211,2SLAQ J100546.66+003716.2,Q,151.4443973,0.6211621,1.5160000324249268
3716,145.488391,2SLAQ J100542.08+003632.6,Q,151.4253393,0.6090561,2.1470000743865967
13318,70.342613,WISEA J130222.37-121923.6,q,195.5933062,-12.3232233,1.2999999523162842
13319,89.622658,WISEA J132924.08-204513.5,q,202.3503807,-20.7537521,0.5
3722,21.843364,J104949.61+325837.4,X,162.4567223,32.9770556,
3722,39.907345,SDSS J104953.13+325910.4,NX,162.47138,32.98624,0.004999999888241291
3722,55.253839,J104946.70+325823.4,X,162.4446083,32.9731727,0.8999999761581421
3722,94.353291,SDSS J104947.40+330026.2,QX,162.4475055,33.0073107,1.0839999914169312
3722,118.562356,J104944.07+325727.3,X,162.4336389,32.9575834,
3722,168.090704,SDSS J104942.69+325638.4,QX,162.4278999,32.9440316,1.9279999732971191
13323,55.273369,PHL 1226,AX,28.616635,4.8050443,0.40400001406669617
3724,102.937146,SDSS J135231.21+394155.0,Q,208.1300651,39.6986387,1.9390000104904175
13325,111.301474,WISEA J070510.55-585930.8,q,106.2938492,-58.9919483,1.2000000476837158
13326,34.865477,SDSS J081320.58+345536.2,Q,123.3357579,34.9267449,1.1759999990463257
13326,99.438854,J081325.52+345641.4,R,123.3563612,34.9448334,
3727,0.113428,NGC 5183,ARX,202.5255907,-1.7206085,0.014000000432133675
13328,107.606078,SDSS J122520.36+471722.1,Q,186.334883,47.2894832,2.2170000076293945
13328,136.93479,SDSS J122515.93+471643.1,Q,186.3163755,47.2786465,1.437000036239624
13329,77.784517,SDSS J130516.18+561950.3,Q,196.3174464,56.3306568,1.7510000467300415
13329,90.767571,SDSS J130535.33+561947.5,Q,196.3972676,56.3298566,1.975000023841858
13329,147.110173,SDSS J130514.54+562121.1,Q,196.3106219,56.3558644,1.7730000019073486
3729,75.992291,J031254.54-025250.5,X,48.2272533,-2.880722,0.5
13331,57.54456,WISEA J150458.02+054712.8,q,226.2417034,5.7868553,1.0
13337,177.014183,SDSS J235903.44+014608.6,AX,359.764345,1.7690606,0.3919999897480011
3735,150.191068,SDSS J060737.23+834853.8,Q,91.9055608,83.8149008,2.308000087738037
13339,161.352277,J031313.04-025136.2,X,48.3043341,-2.8600746,1.7999999523162842
13341,49.705574,SDSS J100325.51+463705.4,Q,150.8563098,46.618189,1.7669999599456787
13341,175.001697,SDSS J100315.98+463936.7,Q,150.8165894,46.6602149,1.3949999809265137
3738,68.247696,SDSS J020129.57+262957.8,Q,30.373211,26.4994065,1.7170000076293945
13342,119.348409,SDSS J114958.94+245624.3,Q,177.4955772,24.9400968,1.7130000591278076
3741,120.431823,WISEA J135922.42+344537.4,q,209.8434506,34.7604048,1.399999976158142
3742,52.79733,SDSS J142424.96+243606.3,Q,216.1040518,24.6017483,2.2909998893737793
3742,58.203313,SDSS J142419.11+243625.4,qX,216.0796727,24.6070492,0.4000000059604645
3742,79.792471,SDSS J142421.42+243808.4,qX,216.0892672,24.6356439,0.30000001192092896
3744,119.693359,J234142.34-034136.0,X,355.426435,-3.6933392,2.4000000953674316
3744,178.919191,SDSS J234150.27-034255.1,qX,355.4594798,-3.715347,2.0999999046325684
13350,170.805061,WISEA J025548.98+155607.5,qX,43.9540918,15.9354453,1.2999999523162842
13352,73.083016,WISEA J064619.18-733020.9,q,101.5801175,-73.5058129,1.2999999523162842
3746,148.686792,LAMOSTJ112227.75+242024.4,QX,170.6156205,24.3400999,1.8350000381469727
3746,149.706166,J112218.41+241613.8,X,170.5767223,24.2705,
3746,160.563845,J112217.63+241944.5,X,170.5734723,24.3290278,
13354,0.369242,CGCG 102-56,AR,206.7059988,14.4005202,0.02199999988079071
13357,51.004513,SDSS J160246.57+160751.1,qRX,240.6940798,16.1308689,0.800000011920929
13357,119.051803,SDSS J160247.41+160907.4,QX,240.6975778,16.1520804,0.800000011920929
3750,0.238151,NGC 5249,AR,204.4062304,15.9722341,0.026000000536441803
3750,119.703751,LAMOSTJ133736.74+155620.6,Q,204.4030982,15.9390691,0.9200000166893005
3751,128.129727,J134727.01+301808.9,X,206.8625564,30.3024877,0.5
3752,169.759263,J161244.22+293111.7,X,243.18425,29.5199167,
3752,170.528738,SDSS J161241.60+293136.3,Q,243.1733565,29.5267558,2.687999963760376
13363,110.952047,SDSS J012749.61-010912.6,Q,21.9567388,-1.1535181,1.5920000076293945
13363,123.56852,SDSS J012735.78-010723.3,Q,21.8990999,-1.1231551,0.7480000257492065
13363,173.812694,SDSS J012743.23-011116.3,Q,21.9301674,-1.1878624,1.2589999437332153
13366,139.552162,J025513.66+090629.6,X,43.8069489,9.1082485,0.10000000149011612
3757,153.798145,SDSS J121737.58+453921.9,Q,184.4066275,45.6560671,1.3040000200271606
3757,171.157007,SDSS J121746.39+453656.7,AX,184.4433469,45.6157609,0.2290000021457672
3758,141.658876,SDSS J122846.82+091719.1,A,187.1951236,9.2886396,0.6359999775886536
13369,0.17041,MCG 5-20-001,A,122.8229581,29.5089321,0.019999999552965164
3759,15.913435,J143754.39-002356.2,X,219.4766597,-0.3989544,2.299999952316284
3759,70.383293,J143751.80-002249.4,X,219.4658612,-0.3803889,
3759,76.083499,SDSS J143758.20-002417.0,Q,219.492541,-0.4047478,2.5250000953674316
13371,152.963903,2QZ J103704.5+001534,Q,159.2693676,0.2596012,1.1369999647140503
3762,148.097476,WISEA J043839.58-641033.7,q,69.6649049,-64.1760318,0.800000011920929
13376,150.211761,SDSS J131711.22+303003.5,Q,199.296786,30.5010306,1.2970000505447388
3766,141.268433,SDSS J145519.35+422809.6,Q,223.8306261,42.4693342,1.7059999704360962
3766,161.427478,SDSS J145502.06+423124.9,Q,223.7585846,42.5235917,2.4790000915527344
13379,133.590405,SDSS J164823.01+355204.7,Q,252.0958976,35.8679737,1.378999948501587
18749,168.231866,SDSS J124611.40+483714.9,Q,191.5474915,48.6208194,0.421999990940094
8037,113.250371,SDSS J115833.29+573728.8,Q,179.6386984,57.6246714,1.7569999694824219
8037,148.756855,SDSS J115832.57+573324.4,N,179.63572,57.556794,0.0820000022649765
8038,101.452098,J122521.42+160600.6,R,186.3392778,16.1001667,
8039,148.845205,SDSS J153904.91+435420.7,Q,234.770485,43.9057621,2.052999973297119
8042,140.934925,WISEA J202214.72-382041.9,q,305.5612838,-38.3450658,1.399999976158142
8044,166.569989,SDSS J211109.57-015935.6,Q,317.789904,-1.9932418,0.9789999723434448
18766,0.227222,UGC 6525,NR,173.1730901,20.4386615,0.019999999552965164
18766,77.272312,SDSS J113241.66+202736.4,Q,173.1736079,20.4601477,3.757999897003174
8047,169.706251,SDSS J010235.64-015804.1,Q,15.6485255,-1.9678353,1.7380000352859497
18767,159.870965,SDSS J122339.06+272155.3,QR,185.9127844,27.365365,1.5770000219345093
8050,36.436563,J125733.88+273603.3,X,194.3911667,27.6009167,
18770,62.770334,J173320.00+433837.7,X,263.3333612,43.6438056,
18770,80.461948,J173309.51+433757.7,X,263.2896603,43.6327146,1.899999976158142
18770,130.915334,J173309.71+433559.6,X,263.2904626,43.5998916,0.4000000059604645
8056,81.13677,WISEA J050937.33-001619.8,q,77.405604,-0.2721187,1.7999999523162842
18781,134.950166,SDSS J100718.66+121654.2,Q,151.8277797,12.2817351,3.058000087738037
8061,0.167248,MARK 1210,NRX,121.0244246,5.1138364,0.013000000268220901
8061,68.30994,SDSS J080403.50+050748.4,qX,121.0146078,5.1301385,2.200000047683716
8062,167.597217,WISEA J112314.35-431950.9,q,170.8097383,-43.3308059,0.8999999761581421
18785,59.652869,SDSS J140517.38+210338.1,AX,211.3224049,21.0606037,0.20200000703334808
18785,115.808223,WISEA J140520.73+210420.6,qR,211.3364072,21.0724098,0.6000000238418579
18787,89.382687,WISEA J141838.68+020116.6,qX,214.6611884,2.0212884,0.30000001192092896
8066,88.659189,WISEA J163623.06+440917.3,q,249.0961155,44.1548257,1.7999999523162842
18788,42.607638,SDSS J143710.25+434207.7,Q,219.2927238,43.7021536,2.4719998836517334
18792,152.541561,WISEA J221059.80-665422.8,q,332.7491885,-66.9063402,1.899999976158142
8071,20.24739,J041826.57+731632.2,R,64.6107212,73.2756331,
18795,79.344958,WISEA J015154.39-082959.1,qX,27.976675,-8.4998189,0.30000001192092896
8073,160.820411,J172542.63+584841.6,X,261.4276308,58.8115697,0.20000000298023224
8073,170.782396,GB6 J17255+5851,BRX,261.3959253,58.8611102,0.296999990940094
8076,159.206789,SDSS J015700.00+143410.8,QR,29.2500358,14.5697208,2.072000026702881
8083,158.792457,J082114.98+190730.6,R,125.3124167,19.1251667,
18811,30.277474,J082333.01+212026.6,R,125.8875556,21.3407223,
18811,47.121309,SDSS J082336.88+212120.8,qX,125.9036846,21.3557778,1.2000000476837158
18811,158.312808,J082325.12+211917.6,X,125.8546667,21.3215556,
8086,62.374082,SDSS J160349.79+250015.1,Q,240.9574962,25.0042095,3.2320001125335693
8088,23.040977,UGC 11221B,NRX,275.5191667,66.6222778,0.014000000432133675
18815,137.785458,SDSS J143019.65+214704.5,Q,217.5818929,21.7846187,1.8839999437332153
18816,146.638417,SDSS J161453.57+363322.3,Q,243.7232164,36.5562116,2.0429999828338623
18816,148.91908,SDSS J161432.20+363059.3,Q,243.6341681,36.5164656,2.8519999980926514
18817,94.316496,SDSS J161736.05+350628.6,QX,244.4002134,35.1079633,1.7100000381469727
18817,122.911166,J161731.28+350611.7,X,244.3803334,35.10325,
18817,123.312428,J161725.51+350803.1,X,244.3563056,35.1341945,
18817,133.097159,SDSS J161725.32+350719.0,QX,244.3554897,35.1219751,0.890999972820282
18817,178.195265,SDSS J161725.00+351005.1,qX,244.3541515,35.1680744,0.8999999761581421
8095,33.547951,J114204.64+102036.1,X,175.5193354,10.3433748,0.10000000149011612
8095,171.718666,J114200.32+102335.6,X,175.5013612,10.3932223,
8096,37.56792,SDSS J164103.09+334623.0,Q,250.262894,33.773058,1.8830000162124634
18823,162.190624,PGC 1917991,N,33.794,30.7876221,0.05400000140070915
18824,0.241203,MCG -2-08-031,N,44.0412151,-13.6878421,0.023000000044703484
18824,46.186447,J025606.71-134113.8,R,44.0279625,-13.6871679,1.100000023841858
18825,84.08662,WISEA J051539.03-283227.7,q,78.9126667,-28.5410161,1.2999999523162842
8099,113.579791,J223559.74+335739.1,X,338.998935,33.9608887,1.100000023841858
8099,150.014269,J223600.84+335821.8,X,339.0035387,33.972723,1.5
8099,179.57393,Q 2233+337,QX,339.0155556,33.9733334,2.114000082015991
18830,171.928829,SDSS J112858.38+505648.3,Q,172.2432697,50.9467248,1.2630000114440918
8104,90.653091,WISEA J042237.15-123734.1,q,65.6548132,-12.6261718,1.0
18832,138.39021,J125107.03-412220.2,X,192.7792992,-41.372303,
8106,119.705339,WISEA J112137.98+182534.8,q,170.4082209,18.42625,1.2000000476837158
18834,164.720645,WISEA J164048.65+622545.8,qR,250.2031871,62.429495,1.100000023841858
8113,65.103688,SDSS J094453.95+164313.4,Q,146.2247929,16.7203898,1.4490000009536743
18840,84.113229,SDSS J140107.63+375258.3,Q,210.2818269,37.8828855,2.063999891281128
8114,151.664052,BZBJ1207+1715,BR,181.7915315,17.2636927,
8117,0.361597,NGC 7596,AR,349.2999252,-6.9119749,0.024000000208616257
18847,92.079995,NGC 7720,AR2X,354.6224106,27.0313701,0.03099999949336052
18847,94.264194,SDSS J233831.66+270035.0,QX,354.6319579,27.0097491,1.6490000486373901
18847,96.928009,J233835.29+270010.6,RX,354.6470795,27.0029601,
18847,102.747462,SDSS J233828.56+270150.4,qX,354.6190402,27.0306849,
18847,122.579236,J233835.33+270348.7,X,354.6472223,27.0635278,
18849,134.501369,2QZ J235237.9-281909,Q,358.1583971,-28.3193206,0.37299999594688416
18852,133.633405,SDSS J124358.35+285559.5,Q,190.9931604,28.9331842,2.9570000171661377
8125,95.811062,WISEA J135229.40-340724.7,q,208.1225175,-34.123544,0.30000001192092896
18854,173.181099,J133220.67+110334.9,X,203.0861389,11.0596945,
8127,32.834007,SDSS J154045.89+281727.0,Q,235.1912231,28.2908542,1.6859999895095825
8127,55.770147,LAMOSTJ154044.89+281803.3,Q,235.1870781,28.3009461,1.7200000286102295
8128,81.716391,J183341.28+595216.4,X,278.4220332,59.871243,
8129,117.484049,SDSS J093810.31+093530.4,QX,144.5429759,9.5917776,2.4260001182556152
8129,125.536908,LAMOSTJ093800.06+093519.7,QX,144.5002552,9.5888257,1.4259999990463257
8129,167.198826,SDSS J093813.46+093853.7,Q,144.5560789,9.6482648,3.809999942779541
8131,135.213955,J130005.63+265141.0,RX,195.0234816,26.8613902,0.20000000298023224
18862,113.127254,2QZ J234407.8-281943,Q,356.0329603,-28.3286686,2.1449999809265137
18862,178.722071,2QZ J234417.8-281525,Q,356.0746801,-28.2570832,1.7589999437332153
18866,118.869317,J062440.67-372011.4,X,96.1694723,-37.3365,
8136,78.52807,SDSS J001253.21+220152.9,Q,3.2217535,22.031385,1.9160000085830688
18868,107.023576,WISEA J095805.65-293320.7,qR,149.5235427,-29.5557728,0.6000000238418579
8137,38.700323,SDSS J080728.17+391135.3,NX,121.8674,39.193166,0.1289999932050705
8137,169.124189,J080738.32+391244.6,X,121.9096667,39.2123889,
18869,147.805843,SDSS J102022.00+571341.4,Q,155.0916734,57.2281907,1.284999966621399
18869,175.731491,SDSS J102054.63+571416.7,Q,155.2276275,57.2379779,0.9869999885559082
8138,179.985079,SDSS J102459.86+170703.9,qX,156.2494251,17.1177635,1.5
8140,18.591216,J182801.52+784448.9,R,277.0063612,78.7469167,
18872,178.34452,WISEA J015234.45-791218.9,q,28.1437768,-79.2052776,1.7999999523162842
18873,179.765446,SDSS J022509.82+042855.4,QR,36.2909295,4.4820672,1.4290000200271606
18874,127.157668,PSO J040.0159+17.5458,Q,40.0159167,17.5458084,5.679999828338623
8142,72.358098,J234715.38-021759.4,X,356.8140873,-2.2998578,2.5
8142,103.0725,J234725.80-021850.0,X,356.8575116,-2.313915,1.399999976158142
8142,107.363734,J234714.44-022012.3,X,356.8101667,-2.33675,
8142,133.010898,J234720.08-022100.4,X,356.8336819,-2.350132,0.30000001192092896
8142,135.841458,SDSS J234711.85-022013.6,qX,356.7994011,-2.3371101,1.600000023841858
8142,173.63567,J234725.94-021630.4,X,356.8580834,-2.2751112,
18875,0.444945,UGC 2705,NR,50.6967771,0.1493569,0.023000000044703484
18875,106.191608,SDSS J032241.92+000747.9,Q,50.6746643,0.1299873,0.6959999799728394
8144,168.723093,WISEA J033128.39-191406.6,qX,52.8682925,-19.2351868,0.800000011920929
18877,165.055629,WISEA J055712.24-183035.7,q,89.3009638,-18.5099693,1.2999999523162842
18880,117.46871,SDSS J090918.30-010803.0,Q,137.3262612,-1.1341814,0.9679999947547913
8148,0.122274,UGC 8778,N,208.0278004,38.0670241,0.010999999940395355
8148,128.033905,SDSS J135213.14+380543.8,Q,208.0547543,38.0955257,2.184999942779541
18881,163.112254,WISEA J095620.86+373801.4,q,149.0869464,37.6337289,0.4000000059604645
18881,179.152206,SDSS J095617.14+373224.7,QR,149.0714032,37.5402279,3.239000082015991
8149,113.851852,SDSS J152551.82+522825.9,Q,231.4659288,52.473867,1.1299999952316284
18882,114.426324,2QZ J112443.7-005836,N,171.1823753,-0.9766112,0.26100000739097595
18885,171.455187,WISEA J132950.19-223901.3,q,202.4591414,-22.6502967,1.2999999523162842
18886,44.999171,SDSS J160444.12+344011.1,Q,241.1838743,34.6697637,2.377000093460083
18886,113.839674,FIRST J16047+3438,N2,241.19125,34.6379167,0.28200000524520874
18889,154.164477,SDSS J003023.65+132205.4,Q,7.5985373,13.3681876,2.134999990463257
8155,130.0371,WISEA J075109.09+104935.7,q,117.7878856,10.8266248,1.2000000476837158
8156,79.627766,SDSS J093717.43+380436.3,QR,144.3226596,38.0767698,1.593999981880188
18894,66.294744,SDSS J075524.36+234539.4,Q,118.8515351,23.7609516,1.6859999895095825
18896,108.303823,WISEA J093433.76+004007.3,q,143.6407646,0.6687157,2.0
18897,96.4262,SDSS J100826.10-003921.4,Q,152.1087636,-0.6559654,2.299999952316284
18898,0.357144,MCG 6-25-018,NR,167.8251514,35.3856792,0.02500000037252903
18898,154.226402,SDSS J111119.57+352541.1,Q,167.831533,35.4281036,3.8540000915527344
8162,155.364159,WISEA J104132.01-314953.3,q,160.3834085,-31.83151,1.2999999523162842
18899,83.654983,LAMOSTJ145951.23+263808.6,Q,224.9634727,26.635714,2.3469998836517334
18899,94.393793,LAMOSTJ145947.92+263845.3,Q,224.9496544,26.6459247,1.6360000371932983
18902,66.872762,J231925.10+425425.4,X,349.8545855,42.9070793,0.10000000149011612
18903,166.341741,SDSS J233014.83+261138.1,Q,352.561794,26.1939202,1.5160000324249268
18903,168.449466,SDSS J232955.31+261416.2,Q,352.4804709,26.2378751,1.2640000581741333
18905,178.048171,LAMOSTJ022421.96+413548.1,Q,36.0915412,41.5966959,0.8899999856948853
8168,0.119125,IC 1141,NRX,237.4455904,12.3993361,0.014999999664723873
18907,41.63283,WISEA J045054.85-045336.1,q,72.7285577,-4.8933862,0.4000000059604645
18908,171.672835,SDSS J083808.28+572424.2,Q,129.5345324,57.4067384,1.402999997138977
18910,80.369128,SDSS J114604.40+193137.4,qX,176.5183618,19.5270773,1.5
18910,122.240841,SDSS J114554.72+192956.3,qX,176.478029,19.4990133,1.0
8173,149.372884,WISEA J075702.63+563830.2,q,119.2609582,56.6416913,1.7999999523162842
8174,24.317134,J103234.66+542357.8,X,158.144437,54.3994126,1.5
8174,43.983705,J103228.09+542335.3,X,158.1170556,54.3931389,
8174,135.429964,SDSS J103233.75+542618.1,qX,158.140516,54.4383545,0.30000001192092896
8174,161.00021,J103229.38+542124.1,X,158.1224445,54.3566945,
18916,79.322909,WISEA J162439.24+580450.9,q,246.1634699,58.0807752,1.0
8178,139.775833,SDSS J160849.62+363506.6,Q,242.206754,36.5851829,1.3830000162124634
18921,131.771641,J023712.74+072513.4,R,39.3031112,7.4203889,
8181,73.813203,LAMOSTJ012857.15+322002.0,Q,22.2381532,32.3338956,0.8209999799728394
18923,132.758357,SDSS J093226.79+104759.5,Q,143.1116714,10.7998618,1.2899999618530273
18924,136.853506,WISEA J093604.73-250025.6,q,144.0196793,-25.0071293,0.699999988079071
8182,5.868448,J025424.78+413623.9,X,43.60325,41.6066389,
8182,130.236566,WISEA J025435.59+413546.8,qX,43.6483406,41.5963506,1.0
8182,133.966924,J025435.89+413655.7,X,43.649549,41.6154973,1.399999976158142
8182,165.295527,J025412.38+413444.1,X,43.5516053,41.5789193,
18927,120.148639,NPM 1G+34.0223,N,173.344512,34.2943886,0.026000000536441803
18927,138.198389,SDSS J113328.80+341641.1,Q,173.3700472,34.2780929,3.513000011444092
8186,150.561763,WISEA J073718.92+195603.8,q,114.3288743,19.93436,0.10000000149011612
8186,168.862192,WISEA J073730.43+195943.3,q,114.3768043,19.9954135,2.5999999046325684
18932,52.340764,SDSS J233809.53+322033.9,Q,354.5397464,32.3427606,0.5669999718666077
8189,118.314809,SDSS J135052.98+365555.0,Q,207.7207588,36.9319679,2.4719998836517334
18938,134.515991,SDSS J100942.29+110200.8,N,152.42624,11.033559,0.5210000276565552
8193,89.714363,SDSS J235944.40+281854.6,Q,359.9350122,28.3151791,0.6380000114440918
18939,84.210635,J114229.73+085055.4,X,175.6238812,8.8487396,1.2000000476837158
18939,169.594815,J114236.01+085040.0,X,175.6500672,8.8444699,2.0
8194,168.015492,WISEA J041525.10-010048.9,q,63.8546386,-1.0135794,1.0
18940,134.01392,WISEA J141134.99-261356.7,q,212.8957899,-26.2323882,0.4000000059604645
8195,127.831927,SDSS J074853.72+214243.4,Q,117.2238503,21.7120558,2.059000015258789
18942,123.054301,SDSS J144719.39+113536.1,Q,221.8308317,11.5933871,1.2699999809265137
18942,165.284829,UGC 9521,AR,221.7504067,11.5920189,0.03099999949336052
8196,131.165676,J081442.30+490550.5,X,123.6762778,49.0973612,
8196,149.679778,J081433.00+490128.5,X,123.6375409,49.0246082,0.30000001192092896
18943,21.678825,WISEA J003159.74-812112.6,q,7.9989176,-81.3535146,2.200000047683716
18943,131.046802,WISEA J003123.63-812250.7,q,7.8486432,-81.3808334,1.100000023841858
18944,168.073095,WISEA J005457.62-120316.1,q,13.7400937,-12.0544872,0.699999988079071
18945,122.540419,J012555.16-011950.6,X,21.4798612,-1.3307223,
18945,126.276236,SDSS J012540.16-011943.7,QX,21.4173715,-1.328816,1.5800000429153442
18945,139.268293,J012554.58-011906.8,X,21.4774167,-1.3185556,
18945,141.557303,J012547.12-012301.6,X,21.4463334,-1.3837778,
8199,0.295987,UGC 6855,AR,178.1929564,23.4760819,0.02199999988079071
18946,100.952421,WISEA J013119.68+141636.6,qX,22.832044,14.2767908,0.4000000059604645
8200,103.14169,PGC 1295177,N,188.8539353,6.1363002,0.09399999678134918
8200,164.388346,SDSS J123528.48+060843.9,NR,188.8687203,6.1455842,0.10100000351667404
8200,172.473496,SDSS J123519.50+060946.9,N,188.8312998,6.1630394,0.09200000017881393
8201,0.146641,NPM 1G-16.0415,AR,200.8102684,-16.9240427,0.02199999988079071
18949,116.667123,J051632.44+063059.7,X,79.1351865,6.5166027,1.5
18949,144.873765,J051627.62+062816.0,X,79.1150834,6.4711112,
18953,0.215621,MCG 9-19-213,NX,177.6355281,55.0579602,0.017999999225139618
18953,64.883502,SDSS J115025.07+550317.5,QX,177.6044866,55.0548631,1.777999997138977
18953,132.792956,SDSS J115047.85+550312.8,QX,177.6993997,55.0535603,1.2910000085830688
8206,68.439738,WISEA J013001.22-424020.3,q,22.5051042,-42.6723071,1.2999999523162842
18955,175.564813,SDSS J131950.44+055044.8,Q,199.9601596,5.8457918,1.0549999475479126
8207,152.946134,SDSS J014836.51+201654.3,Q,27.1521113,20.2817276,2.2960000038146973
8207,173.077871,SDSS J014846.01+201847.6,Q,27.1917191,20.3132264,1.5850000381469727
8207,173.429547,SDSS J014837.92+201759.0,Q,27.1580053,20.29971,1.5579999685287476
18956,65.497868,SDSS J132425.84+135514.4,QX,201.1077071,13.9206712,1.371999979019165
8209,168.981155,SDSS J151208.79+212015.5,Q,228.0366423,21.33766,1.1440000534057617
18960,170.952429,SDSS J231539.96+005912.4,Q,348.9165288,0.9867846,2.072999954223633
8210,106.052989,SDSS J162309.56+395621.0,Q,245.7898737,39.9391767,1.406999945640564
8212,138.057733,SDSS J012217.81+331742.6,QX,20.5742083,33.2951668,1.2280000448226929
8213,94.064012,SDSS J075417.90+392129.5,Q,118.5745983,39.3581962,1.3849999904632568
8213,101.554847,SDSS J075425.75+392036.5,qX,118.6073227,39.3434944,1.2999999523162842
18968,172.731707,WISEA J062902.55+523311.7,q,97.2606321,52.5532212,2.4000000953674316
8215,63.382122,WISEA J092343.19+243008.1,q,140.929996,24.5022164,1.2999999523162842
18971,143.346266,WISEA J103101.54-281604.0,q,157.7564287,-28.2677864,1.0
18973,75.459614,SDSS J123542.49+474422.1,Q,188.927066,47.7394882,0.8560000061988831
18973,91.417829,SDSS J123537.33+474656.9,Q,188.9055633,47.7824799,1.3980000019073486
8219,79.778255,SDSS J122510.18+543140.3,Q,186.2924275,54.5278715,3.490999937057495
8219,127.352383,WISEA J122523.22+542859.4,q,186.346655,54.4834141,0.699999988079071
18974,130.987514,EQS B1303+0205,QR,196.4756862,1.8249663,0.734000027179718
18975,20.684043,SDSS J144024.92+033609.2,QX,220.1038303,3.6025697,1.0290000438690186
18979,123.955246,WISEA J164851.96+361104.8,q,252.2165094,36.1846701,0.4000000059604645
18979,146.415622,UGC 10567,AR,252.2899662,36.2238522,0.03099999949336052
18980,114.536303,WISEA J203555.79-512205.7,q,308.9825845,-51.3682845,1.7000000476837158
8227,41.044119,J032755.54+023417.7,X,51.9814549,2.5716071,1.7000000476837158
8227,134.940267,J032747.61+023210.1,X,51.9483889,2.5361389,
8231,17.673902,MS 13173-1213,QX,199.9968101,-12.4880653,0.32899999618530273
8232,114.277294,SDSS J163744.35+492451.0,Q,249.4348337,49.4141687,2.187000036239624
8234,110.629809,J200835.26-252555.2,R,302.1469341,-25.4320038,2.4000000953674316
8235,166.447098,SDSS J011604.37+051906.6,QR,19.0182493,5.3185054,0.6729999780654907
8235,167.390848,SDSS J011602.93+052059.2,Q,19.012266,5.3498081,3.319999933242798
18994,114.89722,WISEA J111757.33+172823.0,q,169.4888759,17.4730646,0.8999999761581421
18995,28.274876,J114455.34+194337.6,X,176.2305926,19.7271205,2.299999952316284
18996,172.724165,J122337.43+071200.6,X,185.9059802,7.2001723,
18997,39.792283,SDSS J133722.49+090059.6,QX,204.3437362,9.0165605,1.7999999523162842
18997,91.729575,SDSS J133718.40+090122.7,qX,204.3266846,9.0229941,2.200000047683716
18997,163.552545,SDSS J133722.88+085842.9,qX,204.3453497,8.9785779,1.2999999523162842
18999,170.455142,SDSS J161348.24+522541.4,Q,243.4510199,52.428201,0.621999979019165
8244,178.424704,WISEA J164922.75+684752.1,q,252.3448582,68.7978423,2.799999952316284
8248,121.405613,J050813.12+114325.7,R,77.0546862,11.7238124,0.30000001192092896
19011,119.508386,SDSS J133851.29+261832.3,qX,204.7137299,26.3089848,0.6000000238418579
8250,0.215412,MCG 9-16-013,AX,141.1620417,56.1296859,0.02500000037252903
8250,100.791025,SDSS J092445.96+560625.0,Q,141.1915383,56.1069548,1.850000023841858
19012,135.612219,SDSS J133912.19+433531.7,Q,204.8008224,43.5921587,1.5420000553131104
19012,173.283606,SDSS J133849.29+433523.9,Q,204.7053851,43.5899982,1.1169999837875366
8252,68.760079,SDSS J212531.16+041854.9,Q,321.379871,4.3152559,1.8029999732971191
19014,101.632492,SDSS J161943.09+051050.0,qX,244.9295679,5.1805464,1.5
19014,167.270812,WISEA J161949.49+051227.9,qX,244.9562232,5.2077566,0.699999988079071
19015,177.253421,WISEA J174240.74+161221.5,q,265.6697655,16.2060922,2.4000000953674316
19017,83.629746,SDSS J015453.25+004717.9,Q,28.7218662,0.7883202,2.818000078201294
19017,115.140205,SDSS J015500.27+004951.4,QR2X,28.7511349,0.8309614,0.8259999752044678
19019,0.045252,PGC 2743419,ARX,68.6214903,71.4672117,0.02500000037252903
19020,167.089191,SDSS J082911.67+431933.2,Q,127.2986301,43.3259008,2.1530001163482666
19022,28.82518,SDSS J115552.63+244618.2,Q,178.9693041,24.7717421,0.9120000004768372
19023,77.89392,B3 1221+464,QR2X,185.9139003,46.1885013,1.0119999647140503
19023,117.449992,SDSS J122337.99+460804.4,Q,185.9083369,46.1345376,1.593999981880188
19023,152.072719,SDSS J122330.81+461203.1,Q,185.8784026,46.20086,1.059999942779541
19024,0.239264,IC 3662,NR,190.4010962,23.4251455,0.028999999165534973
8262,0.064941,UGC 12741,NRX,355.4810834,30.5817778,0.017000000923871994
19025,50.730496,WISEA J125406.22+280522.5,q,193.525897,28.089626,0.30000001192092896
19025,90.775048,WISEA J125416.20+280610.6,q,193.5675592,28.1029401,0.10000000149011612
19026,157.673158,SDSS J131125.95+100754.2,Q,197.8581249,10.1317295,2.187999963760376
8265,138.92854,WISEA J025215.40-154021.3,q,43.0641108,-15.6724555,0.5
19029,135.60434,WISEA J151553.39+691410.1,q,228.9724737,69.2361186,1.2999999523162842
8268,65.029481,J074703.05+275550.5,X,116.7627223,27.9306945,
8268,177.154395,SDSS J074706.54+275946.5,QX,116.7772652,27.9962735,0.6759999990463257
8269,26.075351,J120756.84+650716.3,X,181.9868612,65.1211945,
8269,114.392944,J120802.61+650502.2,X,182.0108969,65.0839602,1.0
8269,150.674223,J120810.94+650850.9,X,182.0456042,65.1474838,0.20000000298023224
19035,154.097704,WISEA J083016.12+690359.5,q,127.5672804,69.0665366,1.2999999523162842
8273,149.114254,WISEA J234347.26-144515.8,q,355.9468356,-14.7543603,1.7999999523162842
19038,144.66739,LAMOSTJ113343.47-041456.9,Q,173.4311561,-4.2491345,2.052000045776367
19041,128.632149,SDSS J134503.62+231410.5,Q,206.2651036,23.2362533,2.51200008392334
19043,82.024786,SDSS J161740.72+350401.9,QX,244.4196472,35.0672022,2.5769999027252197
19043,86.84312,SDSS J161738.63+350416.7,QX,244.4109714,35.0713201,1.8459999561309814
19043,101.95938,SDSS J161735.96+350447.6,QX,244.3998303,35.0799018,0.8379999995231628
19043,113.470631,J161753.24+350515.4,X,244.4718334,35.0876112,
19043,123.195281,SDSS J161736.05+350628.6,QX,244.4002134,35.1079633,1.7100000381469727
19043,166.613129,J161731.28+350611.7,X,244.3803334,35.10325,
8278,129.248169,WISEA J043639.19-021517.4,q,69.1633035,-2.2548466,1.100000023841858
8279,144.903628,WISEA J055614.91-380715.9,q,89.0620408,-38.1211426,0.6000000238418579
19048,33.808163,NGC 7674,ARX,351.9862395,8.7789551,0.028999999165534973
19048,148.57101,SDSS J232804.02+084451.6,QX,352.0167555,8.7476544,1.2920000553131104
8282,35.755065,SDSS J122633.55+090146.2,QX,186.6397981,9.0295063,1.7599999904632568
8282,120.379831,NGC 4410,ARX,186.6178964,9.0198619,0.02500000037252903
8286,65.543978,J213611.52-383138.1,X,324.0480098,-38.5272701,
19053,102.939931,SBS 1202+518,QX,181.3574528,51.5279938,0.5040000081062317
19055,78.435708,WISEA J131909.58+393547.1,q,199.7899338,39.5964253,0.6000000238418579
8289,37.340341,J095318.57-161113.7,X,148.3273857,-16.1871577,2.5
19059,105.937868,WISEA J215244.54-373851.2,q,328.1855911,-37.6475781,0.800000011920929
19060,147.281434,2QZ J230147.7-303734,Q,345.4491323,-30.6259315,1.5470000505447388
8292,72.361452,SDSS J141320.12+084949.7,Q,213.3338359,8.8304637,0.9179999828338623
19063,170.759126,J063219.27-353651.7,X,98.0802981,-35.6143647,
8296,10.941537,J041736.28+270410.8,R,64.4011667,27.0696667,
8297,160.683777,SDSS J095306.49+424923.6,Q,148.2770488,42.82325,1.6519999504089355
19068,113.763616,J161101.96+263642.7,2,242.7581874,26.6118743,1.7999999523162842
19071,155.465737,SDSS J015002.87+165541.2,Q,27.5119749,16.9281119,2.4579999446868896
8300,118.520723,SDSS J134416.31+202408.1,Q,206.067973,20.4022579,0.8619999885559082
19072,84.329882,WISEA J023937.10+403311.7,q,39.9045896,40.5532457,0.699999988079071
19072,123.762286,WISEA J023933.88+403344.2,q,39.8911872,40.5622991,0.30000001192092896
8301,128.557916,SDSS J141006.20+174027.0,qX,212.5258484,17.6741943,0.699999988079071
8301,133.776272,J140957.52+173933.8,X,212.4896945,17.6593889,
19073,174.765316,WISEA J055656.98-182350.7,q,89.2373539,-18.3974723,2.5999999046325684
19076,86.888713,SDSS J075313.75+394518.9,Q,118.3073543,39.7552619,1.9609999656677246
8304,145.413788,SDSS J234049.13+202601.2,Q,355.204728,20.433668,0.8320000171661377
8305,145.897048,SVA1_COADD-2970471108,Q,9.8457859,-43.0418018,1.3680000305175781
19078,0.310039,CGCG 64-55,NRX,151.463262,12.9613061,0.008999999612569809
8307,158.239523,WISEA J100448.78+600802.6,q,151.2032758,60.1340636,1.100000023841858
19082,161.157204,SDSS J141654.11+090403.1,Q,214.2254869,9.0675483,0.8019999861717224
8308,0.207649,MCG -01.30.041,ARX,178.1590344,-5.2070198,0.017999999225139618
19083,153.986463,SDSS J142648.08+313218.3,Q,216.7003525,31.5384331,2.947000026702881
19084,164.274623,SDSS J144554.21+085443.1,K,221.4759159,8.9120297,0.3889999985694885
8311,132.055403,SDSS J133517.26+012551.8,Q,203.8219486,1.4310749,2.380000114440918
19085,109.318437,J165836.16+275203.9,X,254.6506945,27.86775,
19085,167.937186,SDSS J165836.19+274921.6,qX,254.650793,27.822693,1.2999999523162842
8312,160.344901,SDSS J140541.77+345512.3,QX,211.4240976,34.9200635,0.16599999368190765
8312,177.188908,SDSS J140542.94+345550.4,Q,211.428977,34.9306853,3.0510001182556152
19088,0.185365,CGCG 388-52,ARX,38.4651515,1.1371398,0.02199999988079071
8317,90.053157,WISEA J224116.17+343641.7,q,340.3174074,34.6115901,0.10000000149011612
19095,39.330759,WISEA J091110.85+193927.0,q,137.7952153,19.6574729,0.10000000149011612
8320,162.310776,WISEA J021751.03-473408.0,qX,34.4626332,-47.5689425,1.5
19097,143.203857,J113655.34-221413.3,R,174.2305956,-22.2370488,0.4000000059604645
8321,45.905868,WISEA J040839.61-493545.0,q,62.165187,-49.595766,1.2999999523162842
19098,0.087065,CGCG 187-22,NRX,183.2888403,32.5963671,0.02500000037252903
19101,73.737257,PKS 1451-375,AX,223.6142091,-37.7925409,0.3140000104904175
19102,25.032924,J162826.38+405109.0,X,247.1099226,40.8525226,0.6000000238418579
19102,163.26437,SDSS J162838.48+405230.5,QX,247.160339,40.8751426,1.3020000457763672
19104,124.835342,SDSS J164826.62+493705.3,Q,252.1109262,49.6181641,1.5130000114440918
19104,154.25696,SDSS J164803.83+493517.9,Q,252.0159756,49.5883088,1.434000015258789
19105,106.578984,WISEA J184517.30+530158.1,q,281.3221526,53.0328062,0.20000000298023224
8328,83.57489,SDSS J234529.00+014024.0,Q,356.3708398,1.6733495,2.3239998817443848
8328,117.941047,SDSS J234537.93+014253.3,Q,356.4080646,1.7148263,2.197000026702881
19107,176.312577,J225217.95-262312.5,R,343.074831,-26.3868148,0.5
8330,138.058622,SDSS J015413.43-003813.8,Q,28.555979,-0.6371921,2.5439999103546143
8330,139.906666,SDSS J015421.69-003522.5,Q,28.5904104,-0.5896046,0.9160000085830688
8330,147.988279,SDSS J015416.51-003940.9,Q,28.5688156,-0.6613819,2.7909998893737793
8330,171.391847,SDSS J015433.68-003808.1,Q,28.64036,-0.6355869,0.8730000257492065
19108,107.084666,SDSS J015222.76+313351.6,Q,28.0948288,31.5643477,1.1089999675750732
8332,73.762677,WISEA J044623.00+002301.7,q,71.5958649,0.3837743,0.6000000238418579
8334,171.916355,SDSS J084442.64+585121.1,Q,131.1777079,58.8558824,2.1670000553131104
8334,179.65899,SDSS J084438.04+584825.5,Q,131.1585354,58.8070726,4.659999847412109
19114,173.786497,WISEA J112049.65+192519.9,q,170.2068794,19.4221464,0.5
19115,118.606758,SDSS J122332.20+554121.5,Q,185.884195,55.6893184,2.3949999809265137
19115,140.730866,SDSS J122315.65+553830.4,Q,185.8152517,55.6418121,1.934999942779541
19115,152.965826,SDSS J122313.01+553930.3,Q,185.8042314,55.6584451,2.436000108718872
19116,0.401262,MCG 6-27-052,N,185.9440422,36.1527834,0.032999999821186066
8339,92.222685,J172043.09-010542.1,X,260.1795556,-1.0950278,
19120,35.367898,J193354.88-334010.3,R,293.4786769,-33.6695299,
8342,89.982009,SDSS J223359.89+232148.2,Q,338.4995501,23.3633904,2.7709999084472656
8342,159.708842,SDSS J223352.33+231829.0,Q,338.4680618,23.3080764,1.1770000457763672
8342,178.059897,SDSS J223359.72+231721.4,Q,338.4988731,23.2893022,2.2009999752044678
19123,59.101046,SDSS J234702.04+145123.7,Q,356.7585201,14.856604,2.2829999923706055
19123,146.39071,J234700.66+145249.6,R,356.7527778,14.8804445,
19125,170.029415,LAMOSTJ012607.71+332657.3,Q,21.5321128,33.4492618,0.5649999976158142
8345,118.389798,SDSS J075016.95+304252.6,Q,117.5706466,30.7146291,0.996999979019165
19127,117.211556,WISEA J025506.32+034944.3,q,43.7763462,3.8290061,0.699999988079071
19128,64.67621,WISEA J043556.76-021314.8,q,68.9865709,-2.2207636,1.7000000476837158
8346,130.969611,SDSS J111050.83+044911.5,Q,167.7117968,4.819873,2.3480000495910645
19130,77.068537,J053349.36-132116.9,X,83.4556945,-13.3546945,
19131,30.315904,WISEA J060516.26-182342.6,q,91.3177904,-18.3950782,0.699999988079071
8347,0.167652,NGC 3561,ARX,167.8049703,28.6964151,0.028999999165534973
8347,64.000922,QS 1108+285,QX,167.7849982,28.6931626,2.197999954223633
8347,97.332676,MCG 5-27-012,N,167.8300562,28.680785,0.028999999165534973
8347,138.936067,SDSS J111105.10+284017.6,qX,167.7712708,28.6715698,2.0
8348,0.251415,IC 751,ARX,179.7191503,42.5703361,0.03200000151991844
19133,89.926855,J100026.29-191040.4,X,150.1095752,-19.1779135,0.30000001192092896
19135,57.110657,SDSS J113105.86+211743.2,Q,172.7744498,21.2953297,0.5019999742507935
19135,108.656254,SDSS J113109.98+211507.9,Q,172.7916241,21.252186,2.4070000648498535
19136,149.641466,WISEA J135604.92+081304.6,q,209.0205287,8.217962,0.5
19137,121.46796,SDSS J162613.22+395600.8,qX,246.5550949,39.9335717,2.200000047683716
8352,0.204197,IC 1149,A,239.5332262,12.0703012,0.01600000075995922
8352,45.704344,SDSS J155805.55+120441.5,Q,239.5231317,12.0781982,1.3220000267028809
19138,145.942297,SDSS J162825.61+411204.0,QX,247.1067081,41.2011098,0.5989999771118164
19139,170.53173,WISEA J174054.37+602521.1,q,265.226575,60.4225301,0.4000000059604645
8354,33.858151,WISEA J200008.65-462052.0,q,300.0360892,-46.3477971,0.800000011920929
8355,0.095976,UGC 11700,NRX,318.1028542,11.4086683,0.017000000923871994
19142,158.842591,SDSS J231553.63-022614.5,qX,348.9734634,-2.4373778,1.2999999523162842
19143,118.799663,SDSS J013009.04-024115.3,Q,22.5376673,-2.6875901,2.365000009536743
19145,171.934341,WISEA J035252.56+154046.8,q,58.2189892,15.6796758,2.0
8361,147.997722,WISEA J092530.93-060704.8,q,141.378924,-6.1180399,1.0
19149,83.617871,WISEA J105347.76+461145.4,qR,163.4489383,46.1959377,0.5
19149,90.807021,WISEA J105339.53+461402.8,q,163.4147354,46.2341294,0.30000001192092896
19150,121.493892,SDSS J114307.65+200527.1,qX,175.7818869,20.0908451,2.0
19152,0.226176,PGC 159111,N,202.674053,-21.663439,0.024000000208616257
8365,115.094007,WISEA J101613.44-154905.8,q,154.0559943,-15.8182755,2.4000000953674316
19155,104.258323,WISEA J160937.52+085543.4,q,242.4062017,8.9287009,1.100000023841858
19156,133.107346,J162226.35+103226.0,R,245.6098056,10.5405556,
19158,109.283497,SDSS J164021.66+391306.7,A,250.0902359,39.218549,0.3449999988079071
8371,0.292449,IC 184,NR,29.9635185,-6.8403671,0.017999999225139618
8371,37.488937,J015953.65-065015.5,X,29.9735556,-6.8376389,
8372,0.350519,MARK 612,NRX,52.6704208,-3.1377655,0.019999999552965164
8372,133.034233,J033039.35-031026.8,X,52.6639894,-3.1741376,1.7999999523162842
8373,51.403156,FCOS 6-057,Q,53.7503056,-35.1571389,2.1700000762939453
19164,138.70897,SDSS J235454.71-022511.8,Q,358.72798,-2.4199713,0.5059999823570251
19167,110.117144,WISEA J042735.45-123413.5,q,66.8977194,-12.5704412,0.10000000149011612
8379,47.844597,SDSS J232001.04+155628.9,Q,350.0043595,15.9413839,3.2290000915527344
19168,82.610772,J045104.62-395257.0,R,72.7692688,-39.8825134,
8380,164.694069,WISEA J002426.01-135623.0,q,6.1083446,-13.9395616,1.7999999523162842
19170,161.153311,SDSS J091231.99+354949.9,Q,138.1332766,35.8305636,1.38100004196167
19170,168.155545,SDSS J091242.43+354949.0,Q,138.1768254,35.8302882,2.2330000400543213
19171,157.116007,SDSS J091424.73+362132.2,Q,138.6030754,36.3589487,1.4620000123977661
8382,171.366112,SDSS J110014.19+505531.8,Q,165.0591423,50.9255201,0.8550000190734863
19173,107.263152,SDSS J103511.73+424800.5,Q,158.7989233,42.8001221,2.2139999866485596
19173,168.966284,SDSS J103520.34+424358.5,Q,158.8347847,42.732927,1.4140000343322754
19174,82.074934,SDSS J104940.48+475537.7,Q,162.4187131,47.9271304,0.7620000243186951
8385,89.375436,WISEA J131142.55+004042.4,qX,197.9272922,0.6785161,0.4000000059604645
8386,96.304885,NPM 1G-16.0443,A,211.5861761,-16.6165002,0.028999999165534973
8386,129.05339,WISEA J140609.48-163902.8,q,211.5395149,-16.6507963,0.30000001192092896
19179,121.050325,SDSS J161226.73+253111.6,Q,243.1113869,25.5198923,2.200000047683716
19179,153.512006,WISEA J161242.99+253137.7,q,243.179112,25.5271444,1.2000000476837158
8388,49.909988,SDSS J163034.57+403311.3,Q,247.6440499,40.5531261,1.7289999723434448
8388,133.96553,WISEA J163027.62+403415.2,q,247.6150919,40.5709053,0.10000000149011612
19184,0.074523,UGC 12865,NRX,359.4322021,0.6551496,0.023000000044703484
19185,137.889142,SDSS J002122.35+293536.6,Q,5.343186,29.5935119,2.390000104904175
19188,160.595764,WISEA J060911.30-352939.3,q,92.2971086,-35.494281,0.4000000059604645
19197,80.550677,WISEA J163309.30-153501.1,q,248.2887842,-15.5836318,1.2999999523162842
19200,84.766583,WISEA J200032.25-611614.2,q,300.1344375,-61.2706081,0.5
8407,51.832606,WISEA J104432.71-141935.2,q,161.136299,-14.3264573,0.5
19201,105.95188,WISEA J210151.22-131410.1,q,315.4633944,-13.2361726,1.899999976158142
8408,136.456476,WISEA J105226.66+714456.3,qX,163.1111392,71.7489646,0.30000001192092896
8414,108.669254,PSO J172.1770+26.8866,Q,172.1770104,26.8866635,5.769999980926514
8414,120.452443,SDSS J112842.92+265541.2,QR,172.1788945,26.9281105,2.6670000553131104
19211,0.125416,MCG 1-29-009,N,167.6870412,4.510843,0.028999999165534973
19211,154.405471,SDSS J111053.24+043209.3,Q,167.7219004,4.5359338,2.3480000495910645
19212,141.364853,SDSS J114053.26+334341.3,Q,175.2219273,33.7281738,1.1959999799728394
19213,164.649439,SDSS J130352.32+275634.6,Q,195.9680072,27.9429466,1.7070000171661377
8416,69.507046,J130452.12-075611.7,R,196.2172039,-7.9365834,0.5
8416,132.806115,WISEA J130503.06-075531.1,q,196.2627624,-7.9253128,1.5
19216,0.299361,CGCG 224-6,A,245.6942591,39.5845669,0.03200000151991844
19217,69.701369,SDSS J162454.68+410412.4,Q,246.2278395,41.0701129,1.6449999809265137
19218,102.96258,WISEA J174840.59+550713.2,q,267.1691246,55.1203398,0.5
19218,134.014767,J174843.11+550354.0,X,267.1796306,55.0650265,
19220,175.543344,WISEA J020223.82+450024.5,q,30.5992746,45.0067962,0.699999988079071
8423,53.696112,UGC 6142A,N,166.1894611,4.2986958,0.02500000037252903
19224,125.553763,SDSS J094830.52+471958.1,N,147.1272,47.332806,0.546999990940094
8425,53.19055,WISEA J112903.27-222845.7,q,172.2636708,-22.4793743,1.7000000476837158
8426,164.037012,SDSS J114714.80+602034.2,Q,176.8116305,60.3428345,0.7070000171661377
8427,131.31661,WISEA J155823.15+172633.5,q,239.5964836,17.4426634,2.200000047683716
19227,134.837411,SDSS J114350.74+101507.5,Q,175.9614367,10.2521292,0.4690000116825104
19228,167.227722,2QZ J130759.7-005334,Q,196.9991092,-0.8927537,1.5509999990463257
19229,178.410558,SDSS J132445.81+592251.9,Q,201.1908899,59.3810981,1.4620000123977661
19232,0.498251,UGC 9685,N,226.1967904,8.1711875,0.03099999949336052
19232,175.074788,WISEA J150443.22+080732.1,q,226.1801203,8.125559,1.399999976158142
8434,0.332722,UGC 6013,NRX,163.4993215,49.659724,0.02199999988079071
8434,123.827357,SDSS J105356.29+494134.1,Q,163.484552,49.6928265,1.218000054359436
19235,179.924219,SDSS J213157.96+090019.8,A,322.9915199,9.0055019,0.5040000081062317
8442,157.334304,SDSS J155615.14+163304.2,Q,239.0631275,16.5511559,3.132999897003174
8443,148.465002,J155637.80+200051.9,R,239.1575278,20.0144167,
8443,167.31945,WISEA J155622.54+200209.5,q,239.0939413,20.0359118,1.2000000476837158
8446,114.276729,WISEA J223309.31-170210.1,q,338.2888208,-17.0361195,0.800000011920929
19250,101.849688,WISEA J142527.79+322941.2,qX,216.3658251,32.4947859,0.20000000298023224
8448,0.099972,NGC 824,AR,31.7218777,-36.4531912,0.01899999938905239
8448,138.287275,WISEA J020642.34-362753.7,q,31.6764291,-36.4649216,0.4000000059604645
19253,179.505913,WISEA J183347.48+400132.6,q,278.4479456,40.0256539,2.9000000953674316
8449,116.784845,SDSS J025813.86+060455.2,qX,44.5577576,6.0820171,1.7999999523162842
8457,151.895971,SDSS J122158.76+300657.2,Q,185.4948388,30.1158862,2.3580000400543213
19266,163.484234,WISEA J104404.22-344151.0,q,161.017597,-34.6975007,0.20000000298023224
8460,60.758987,SDSS J170834.93+422116.5,Q,257.1455488,42.3546067,1.284000039100647
8460,134.533704,SDSS J170821.72+421924.6,Q,257.0905111,42.3235188,1.5140000581741333
8460,158.158187,WISEA J170846.13+421926.2,q,257.192214,42.3239624,0.20000000298023224
8460,160.758965,SDSS J170842.58+422219.0,Q,257.1774204,42.3719476,0.9769999980926514
8462,139.115166,SDSS J000759.88+352219.2,Q,1.9995339,35.372022,1.7280000448226929
8462,171.039001,SDSS J000748.36+351853.1,Q,1.9515018,35.3148221,2.8480000495910645
19270,0.046104,CGCG 246-25,N,208.7450406,46.9445772,0.02800000086426735
19270,78.647253,SDSS J135505.14+465556.0,Q,208.7714208,46.9322279,1.1670000553131104
19270,118.30909,SDSS J135506.31+465810.4,Q,208.7763258,46.9695705,2.4860000610351562
8463,116.368721,SDSS J002234.25+292918.3,A,5.6427517,29.488417,0.5299999713897705
19271,164.992757,WISEA J142719.69+252831.0,q,216.8319727,25.4752962,1.899999976158142
19272,121.706162,SDSS J152504.17+045148.9,Q,231.267404,4.8635644,2.259000062942505
8464,0.194195,ESO 113-10,ARX,16.3203025,-58.4375738,0.026000000536441803
8465,145.419418,WISEA J024154.74-515334.6,q,40.4783268,-51.8929542,1.7999999523162842
8465,176.718541,WISEA J024205.41-515122.7,q,40.522512,-51.8563098,0.30000001192092896
8467,146.370919,WISEA J044236.51-014331.1,q,70.6521108,-1.7254467,0.8999999761581421
19280,150.323135,WISEA J021711.89+095134.8,q,34.2995459,9.8596836,0.10000000149011612
19281,104.6363,SDSS J021934.86-001435.3,Q,34.895276,-0.243165,2.0910000801086426
8472,69.715284,RXS J14495+2746,BRX,222.3862491,27.7726825,0.22699999809265137
8473,153.602508,WISEA J191033.97-441305.5,q,287.6416458,-44.2182439,1.600000023841858
8476,175.790081,SDSS J095346.58+232106.8,Q,148.4441032,23.3519103,0.8299999833106995
19288,135.051823,WISEA J095221.61-092938.4,q,148.0900578,-9.4940412,0.4000000059604645
8478,0.224011,NGC 4333,N,185.842788,6.0407416,0.023000000044703484
19293,97.25736,SDSS J115213.46+210643.7,N,178.05611,21.112154,0.19099999964237213
19294,76.298007,SDSS J144045.70+032118.7,qX,220.1904412,3.3551994,2.0999999046325684
19294,79.241176,J144046.94+032128.1,X,220.1956056,3.3578266,0.30000001192092896
19294,111.385627,J144035.92+032225.6,X,220.1496667,3.3737778,
19294,157.175578,SDSS J144034.09+032340.4,qX,220.142073,3.3945628,1.5
19295,137.686233,WISEA J150742.75-384114.1,q,226.9279865,-38.6874573,1.7000000476837158
8485,52.22808,WISEA J122140.76-122757.1,qR,185.4197885,-12.4658745,0.30000001192092896
19299,134.591991,SDSS J235128.14+271656.9,Q,357.8672621,27.2824819,1.715000033378601
19299,179.986925,J235131.45+271827.8,X,357.8810556,27.3077223,
19300,107.972973,J001025.18+291612.9,X,2.6049298,29.2702625,
19300,135.905588,SDSS J001024.28+291817.0,QX,2.6011841,29.3047424,0.6949999928474426
19304,89.76648,J074930.82+425804.6,R,117.3784545,42.9679448,1.2000000476837158
19304,105.570803,PGC 2210011,N,117.4525851,42.9669149,0.03099999949336052
19304,134.46386,SDSS J074927.35+425719.8,Q,117.3639808,42.9555014,1.5
8491,96.801756,WISEA J200538.79-103544.4,q,301.4116525,-10.5956847,1.100000023841858
19307,31.407141,SDSS J124137.61+442931.0,QX,190.4067085,44.4919656,2.134999990463257
19307,131.909918,J124146.60+443002.9,X,190.4441667,44.5008056,
19309,26.246292,SDSS J140224.89+384255.8,QR,210.6037401,38.7155183,2.74399995803833
19310,121.926577,SDSS J150603.81+124429.0,Q,226.515872,12.7414013,1.2029999494552612
8500,68.31522,J021612.68-115436.4,R,34.0528612,-11.9101112,
19315,146.063496,WISEA J210815.86+042828.7,q,317.0661403,4.4746648,1.7000000476837158
19317,113.792338,WISEA J233248.17+270204.0,q,353.2007384,27.0344654,0.5
8503,82.60945,SDSS J104748.78+592328.9,QX,161.9532677,59.3913574,1.559999942779541
8503,129.522007,CLANS J10476+5922,QX,161.9052778,59.3775,1.5199999809265137
8503,151.337664,J104803.10+592434.6,X,162.0129445,59.4096112,
8503,151.695566,CLANS J10473+5924,KX,161.8480556,59.4066667,3.2200000286102295
19319,66.698425,LAMOSTJ025045.76+065221.2,Q,42.6907069,6.8725491,0.6380000114440918
19320,141.324585,WISEA J044901.70-510925.7,q,72.2571612,-51.1571056,1.2999999523162842
19322,122.860431,SDSS J111715.19+273859.2,Q,169.3133105,27.6497825,2.2799999713897705
19323,98.582735,SDSS J125240.36+400432.9,Q,193.1682056,40.0758116,2.614000082015991
19323,160.791033,SDSS J125253.51+400623.8,Q,193.2229882,40.1066369,2.0220000743865967
19324,167.505137,SDSS J125826.54+270430.3,Q,194.6106031,27.0750854,2.240999937057495
8509,0.160928,MCG 10-25-061,NRX,263.0507558,59.9415198,0.02800000086426735
8509,126.24403,WISEA J173219.36+595435.5,q,263.0807061,59.909872,1.0
8509,145.649241,VIIZw 720,AR,262.9966848,59.9716466,0.028999999165534973
8509,160.879997,PGC 2596531,N,263.0123804,59.9819151,0.028999999165534973
19326,153.646037,2SLAQ J140500.51-003502.1,Q,211.2521214,-0.5839301,0.6449999809265137
19326,177.758082,2SLAQ J140448.93-003351.7,Q,211.2038884,-0.5643491,1.9869999885559082
19327,68.935878,WISEA J151722.38+812152.5,q,229.3434224,81.3645823,0.30000001192092896
19327,162.235158,WISEA J151815.92+812118.8,q,229.5675725,81.3553985,2.4000000953674316
8511,6.984051,NGC 7592W,NR,349.5922778,-4.4163889,0.024000000208616257
19329,97.572304,J002156.82-185627.3,X,5.4867573,-18.9409187,1.7999999523162842
8512,155.964895,SDSS J020925.24+253330.1,Q,32.3551943,25.5583845,1.8079999685287476
19331,87.288021,SDSS J014517.41+113423.5,Q,26.3225623,11.5731832,1.2940000295639038
19331,162.316236,SDSS J014525.85+113745.5,QR,26.3577361,11.6292811,1.1759999990463257
19331,165.699264,SDSS J014515.25+113309.8,Q,26.3135832,11.5527092,1.3980000019073486
19331,179.234876,SDSS J014507.13+113431.0,Q,26.2797094,11.5752969,1.6859999895095825
19332,94.822965,WISEA J025012.64+184348.4,q,42.5526886,18.7301403,0.699999988079071
8518,125.283932,WISEA J115855.99+251136.7,q,179.7332385,25.1935983,1.0
19337,131.578376,SDSS J080451.64+562637.6,Q,121.2151723,56.4437798,2.2049999237060547
8519,144.831264,J121926.56+052444.0,R,184.8606945,5.4122223,
19338,25.977835,SDSS J105153.47+100531.7,Q,162.9728187,10.092144,2.2990000247955322
19338,36.011848,SDSS J105154.22+100522.5,Q,162.9759231,10.089584,3.049999952316284
8520,134.108122,SDSS J133423.73+345732.2,Q,203.5989073,34.9589631,2.7950000762939453
19341,44.661517,FIRST J12029+2615,AR,180.7305803,26.2552061,0.5659999847412109
19341,120.594064,SDSS J120301.02+261518.2,Q,180.7542747,26.2550816,2.1679999828338623
8524,179.400282,SDSS J224832.06+273341.8,Q,342.1335871,27.5616371,2.48799991607666
19344,85.5093,SDSS J150802.07+522041.4,QX,227.0087258,52.344872,2.388000011444092
8525,90.946007,SDSS J012442.48+020229.9,Q,21.1770077,2.04166,1.0820000171661377
8527,77.12704,SDSS J122145.91+405044.9,Q,185.441306,40.845814,2.0209999084472656
8527,169.107337,PGC 2171706,A,185.3524515,40.8393747,0.1289999932050705
8532,137.320381,SDSS J235531.38+213518.4,Q,358.88077,21.588453,0.47999998927116394
8534,43.588368,J010815.61-470801.6,X,17.0650556,-47.1337778,
8534,108.822959,WISEA J010821.60-470736.9,qX,17.0899995,-47.1269324,1.0
19359,91.785025,SDSS J145941.64+493136.2,QX,224.9235538,49.5267477,1.1619999408721924
19359,101.233872,SDSS J145955.90+493043.3,ARX,224.9829373,49.5120169,0.12300000339746475
19360,2.357334,J205656.68+064901.4,X,314.2361726,6.8170566,1.0
19360,42.728587,WISEA J205658.26+064828.3,qX,314.2427673,6.8078823,0.6000000238418579
19360,133.227598,J205701.07+065059.4,X,314.2544928,6.8498597,
8541,25.175496,SDSS J124253.39+205858.9,N,190.72246,20.983048,0.3540000021457672
19361,36.76865,UGC 12064,AX,337.8356667,39.3583612,0.017000000923871994
19361,80.020486,J223116.03+392113.9,X,337.8168242,39.3538865,1.399999976158142
8543,127.855794,SDSS J145439.44+031624.6,qX,223.6643361,3.2735144,2.0
8543,166.729696,SDSS J145434.57+031934.2,qX,223.6440716,3.3261842,1.399999976158142
19364,143.459769,WISEA J032254.65-291734.9,q,50.7277301,-29.2930328,0.20000000298023224
8547,145.585222,WISEA J223122.55-171840.5,q,337.8439828,-17.311273,0.800000011920929
8551,101.256778,WISEA J024305.22-081825.4,q,40.7716076,-8.307024,2.200000047683716
19375,171.601829,J043208.58-051101.2,X,68.03575,-5.1836667,
8554,148.770164,SDSS J125617.90+261903.5,Q,194.0746029,26.3176738,1.50600004196167
19381,64.839704,WISEA J103811.56+641552.6,q,159.5481794,64.2646347,0.8999999761581421
8559,128.005813,2QZ J220922.1-274208,QX,332.3422138,-27.7020987,1.496999979019165
19383,167.911297,SDSS J114740.91+573555.7,Q,176.9205055,57.5988027,2.6760001182556152
8560,91.378881,WISEA J223914.84-262909.6,q,339.8118724,-26.4860451,0.8999999761581421
19384,98.135926,J120005.47+314947.5,X,180.0228056,31.8298612,
8561,0.125675,ESO 195-35,NR,18.980242,-50.1894005,0.017000000923871994
19386,96.355098,SDSS J131117.12+464028.0,Q,197.8213507,46.6744552,1.8049999475479126
8563,113.645958,WISEA J044453.81-705959.9,q,71.2242101,-70.9999916,1.600000023841858
19387,96.440088,J131522.50+620648.9,R,198.84375,62.1135834,
19387,129.32885,SDSS J131520.22+620846.1,NX,198.83428,62.146144,0.4189999997615814
19388,31.670086,J134016.77+262030.9,X,205.0698889,26.3419167,
8565,0.192141,UGC 5025,ARX,141.5136251,12.7343687,0.028999999165534973
8565,99.202762,SDSS J092603.44+124543.0,qX,141.5143409,12.7619671,2.0
19391,166.930499,J155026.60+285051.8,R,237.6108334,28.8477223,
19392,64.92151,FIRST J16047+3438,N2,241.19125,34.6379167,0.28200000524520874
19392,87.471056,SDSS J160442.14+343555.3,Q,241.1756215,34.5987122,1.409999966621399
8568,0.103389,SDSS J133204.81+170256.2,AR,203.020061,17.0489874,0.02199999988079071
19400,36.223419,SDSS J120029.52+315719.4,qX,180.1230272,31.955406,2.200000047683716
19400,101.639359,J120038.21+315742.7,X,180.1592142,31.9618817,0.5
8573,38.488549,2QZ J020213.7-283855,K,30.5571667,-28.6487223,0.2669999897480011
8573,171.908797,2QZ J020221.7-284122,Q,30.5903932,-28.6895809,1.4819999933242798
8574,137.71769,PGC 1917991,N,33.794,30.7876221,0.05400000140070915
8574,167.048952,SDSS J021504.61+304920.4,Q,33.7692309,30.8223508,0.9290000200271606
19405,179.499177,SDSS J220417.00+130102.0,Q,331.0708489,13.0172337,3.9049999713897705
8578,124.216965,SDSS J114840.88+293643.3,Q,177.170299,29.6120363,2.562000036239624
8578,163.394464,SDSS J114849.64+294104.5,Q,177.2068078,29.6846184,2.4790000915527344
19411,167.835924,WISEA J030829.37-135257.1,q,47.1224163,-13.8825442,1.7999999523162842
19414,177.434094,WISEA J055747.89-520523.8,q,89.4495555,-52.0899543,1.2999999523162842
8583,64.32509,SDSS J233221.39+155004.7,Q,353.0891539,15.8346422,2.061000108718872
8583,73.786774,SDSS J233225.76+155203.1,Q,353.1073851,15.8675586,2.3299999237060547
8583,173.603583,WISEA J233233.00+155253.7,q,353.1375434,15.8815352,0.4000000059604645
19415,148.788201,SDSS J105644.90+604030.1,Q,164.1870279,60.6750237,1.8630000352859497
8586,144.652947,WISEA J031904.65-594316.5,qR,49.7689607,-59.7212222,1.899999976158142
19418,109.117026,SDSS J132422.96+311942.8,Q,201.0957117,31.3285699,1.0089999437332153
19420,166.385419,SDSS J145540.39+084852.7,Q,223.9183216,8.8146558,2.5969998836517334
8588,56.611108,SDSS J102947.78+390136.5,QR,157.4490913,39.026818,3.1540000438690186
8592,131.051324,WISEA J211155.16-365503.1,q,317.9798677,-36.917549,1.2999999523162842
19429,60.88754,J133106.58+112217.3,X,202.7774322,11.3714861,2.299999952316284
19429,144.403347,SDSS J133109.25+112346.9,qX,202.7885286,11.3963616,1.7000000476837158
8596,105.479968,SDSS J121048.86+363907.9,Q,182.7036091,36.6522206,0.7760000228881836
8596,110.403562,SDSS J121100.00+363645.3,Q,182.7500365,36.6126047,2.244999885559082
19432,137.983029,WISEA J135317.64+172121.6,qR,208.3234926,17.3559995,0.800000011920929
19432,178.181587,SDSS J135257.58+172006.4,Q,208.23995,17.3351143,1.2480000257492065
19434,52.840466,SDSS J155757.14+350727.0,Q,239.4881106,35.1241811,0.9419999718666077
19434,148.273214,SDSS J155802.26+350543.1,Q,239.509421,35.095327,0.8899999856948853
19435,170.561552,SDSS J160901.84+220138.3,QX,242.2576895,22.02731,1.7330000400543213
8601,0.448513,AKN 557,ARX,338.1284513,8.2072184,0.02500000037252903
8602,169.687758,WISEA J230115.07-613422.0,q,345.3128469,-61.5727323,2.0999999046325684
8602,176.295882,WISEA J230053.48-613017.9,q,345.2228383,-61.5049762,0.20000000298023224
8606,0.561673,IRAS 03450+0055,ARX,56.917453,1.0872353,0.03099999949336052
19445,80.830885,J124058.73+111224.6,R,190.244736,11.2068438,0.30000001192092896
19445,140.922801,SDSS J124107.29+111202.6,qX,190.2803606,11.2006991,0.8999999761581421
8609,177.207272,SDSS J205213.03+000620.3,qR,313.0543213,0.1056655,0.699999988079071
19450,83.184698,WISEA J224109.76-610517.7,q,340.2906508,-61.0882051,0.6000000238418579
8612,141.297674,J030459.73-272141.3,X,46.2488889,-27.3614723,
19452,106.565665,J235134.01+271238.6,X,357.8917223,27.2107223,
19452,168.232553,SDSS J235128.14+271656.9,Q,357.8672621,27.2824819,1.715000033378601
8615,140.285725,SDSS J112102.01+052258.2,Q,170.2583757,5.3828587,0.9169999957084656
19453,111.760264,LAMOSTJ010700.85+322224.6,QX,16.7535458,32.3735223,1.4520000219345093
19453,121.032544,J010657.05+322138.1,X,16.7377223,32.3605834,
19454,151.990879,SDSS J021104.07+254722.2,Q,32.7669916,25.7895392,2.115999937057495
19456,150.468147,WISEA J053854.02-633352.5,q,84.725079,-63.5645975,1.600000023841858
8619,147.908214,J082712.80+214035.9,X,126.8033612,21.6766389,
8619,179.38784,J082708.44+214138.9,X,126.7851667,21.6941389,
8620,0.135334,MCG 11-14-033,NR,174.0276503,62.2491761,0.032999999821186066
19460,77.223258,SDSS J101518.51+564109.9,A,153.8271017,56.6861078,0.2930000126361847
19460,154.954384,SDSS J101453.20+563941.5,Q,153.7216886,56.661549,1.3930000066757202
19460,157.866139,SDSS J101502.76+564240.0,Q,153.7615309,56.711114,1.6299999952316284
19462,140.8914,SDSS J133323.80+330722.9,Q,203.3491779,33.1230512,2.5299999713897705
19462,176.167397,SDSS J133317.19+330345.8,Q,203.321644,33.0627419,1.1009999513626099
8627,0.38008,MCG -2-08-039,ARX,45.1276073,-11.4158379,0.029999999329447746
8628,135.116249,WISEA J041322.14-743508.5,q,63.3422674,-74.585706,0.800000011920929
19467,78.625833,SDSS J233521.43+071842.7,Q,353.8393569,7.3118879,0.8069999814033508
19467,85.685557,SDSS J233530.23+071820.0,Q,353.8760251,7.3055684,0.8640000224113464
19468,99.95014,SDSS J235357.31+230542.5,Q,358.4887931,23.0951526,1.1349999904632568
8631,0.286974,UGC 8829,ARX,208.5831467,32.9299249,0.026000000536441803
8631,40.957433,J135422.52+325522.1,X,208.5938457,32.9228255,0.800000011920929
8631,172.9366,SDSS J135426.96+325318.8,Q,208.6123745,32.8885653,2.755000114440918
8633,85.308866,SDSS J215601.75+055252.6,Q,329.0073281,5.8812772,0.703000009059906
8635,0.177455,UGC 6522,NR,173.0898262,28.0482423,0.023000000044703484
19474,168.471291,WISEA J090025.13+464316.4,q,135.1047095,46.7212307,0.20000000298023224
19479,136.405843,SDSS J115809.79+211641.4,Q,179.5408274,21.2781787,2.0769999027252197
19480,115.408057,WISEA J122255.10-131421.0,q,185.7295821,-13.2389467,1.399999976158142
19482,142.507117,Q 1642.4+398,Q,251.0279056,39.7514551,2.187000036239624
19484,111.845312,NGC 449,NRX,19.0300403,33.0893476,0.01600000075995922
8645,127.98625,SDSS J231044.98+214302.0,Q,347.6874391,21.7172502,1.8990000486373901
8645,154.136428,J231042.25+214034.7,X,347.6760556,21.6763056,
19485,69.327041,WISEA J092237.59+084413.8,q,140.6566628,8.7371778,0.4000000059604645
19486,153.938417,J102351.85-375504.5,X,155.9660556,-37.9179167,
8647,151.115943,WISEA J015904.47-674851.7,q,29.7685899,-67.8143675,1.399999976158142
19489,86.026573,SDSS J123136.21+333542.5,Q,187.9008728,33.5951433,1.5119999647140503
19489,161.797085,SDSS J123137.27+333247.9,Q,187.905322,33.5466495,1.3830000162124634
19490,0.13857,CGCG 17-73,ARX,207.4701726,2.0792095,0.032999999821186066
19490,162.559679,WISEA J135003.06+020350.7,qX,207.512724,2.0641307,1.7000000476837158
8651,126.131626,NGC 3205,NR,155.2080174,42.9720927,0.023000000044703484
19491,169.314342,2QZ J142508.7+020350,Q,216.2862809,2.0641033,1.8609999418258667
8653,87.419861,SDSS J115850.28+302432.5,qX,179.7094621,30.4090565,0.8999999761581421
8653,126.44639,SDSS J115853.90+302248.6,Q,179.7246072,30.3801853,3.2049999237060547
19494,86.831174,J182331.18+621808.2,R,275.8799445,62.3022778,
8657,64.687647,J161612.35-063246.2,X,244.0514858,-6.5461825,1.0
19500,0.234648,MCG 2-57-002,ARX,335.9375633,11.8358551,0.028999999165534973
19500,73.659032,J222341.32+114918.9,X,335.9221945,11.8219167,
19500,156.987515,SDSS J222340.17+115228.8,N,335.9174,11.874679,0.5009999871253967
19500,165.134394,SDSS J222333.97+115040.3,qX,335.891555,11.8445513,1.7000000476837158
8658,156.604555,WISEA J184102.31+350323.1,q,280.259528,35.0563474,0.6000000238418579
19502,178.3613,J010709.90-465330.0,X,16.79125,-46.8916667,
8661,142.915313,SDSS J002359.64+163126.3,Q,5.9985161,16.5239836,1.6979999542236328
19504,80.703858,WISEA J030945.58-043604.5,q,47.4399514,-4.6012418,1.399999976158142
19508,145.287589,SDSS J092309.32+401008.4,Q,140.7888431,40.1690082,1.937000036239624
8665,62.423483,SDSS J130045.39+281013.5,qX,195.1891919,28.1704242,0.8999999761581421
8665,92.281465,SDSS J130042.83+280841.2,Q,195.1784951,28.1447849,2.453000068664551
8665,142.138345,J130047.66+281151.1,X,195.1986243,28.1975445,0.4000000059604645
19513,90.608316,SDSS J125802.96+320103.1,Q,194.5123572,32.0175263,1.3739999532699585
19515,66.46013,WISEA J160923.06-043149.0,q,242.34613,-4.5303169,1.2000000476837158
8673,178.574028,WISEA J045459.56-011131.0,q,73.7481954,-1.1919859,1.399999976158142
8675,0.036693,UGC 6728,AX,176.3164336,79.6814941,0.006000000052154064
8675,176.839315,J114412.84+794144.0,X,176.0535278,79.6955556,
8677,9.545041,J160324.17+205318.8,R,240.8507411,20.8885786,
8679,99.380404,SDSS J225809.65+251443.8,Q,344.540223,25.2455008,1.1460000276565552
8679,126.733776,SDSS J225813.82+251108.8,Q,344.5575968,25.1858003,2.503000020980835
8679,176.308937,SDSS J225802.68+251127.1,Q,344.5111562,25.1908725,0.9909999966621399
19526,146.925277,SDSS J075035.28+232733.1,Q,117.6470308,23.4591902,1.7170000076293945
19527,69.521865,WISEA J095620.86+373801.4,q,149.0869464,37.6337289,0.4000000059604645
19527,133.668534,J095627.67+373916.2,R,149.1153056,37.6545,
19527,169.288582,J095630.13+373944.3,X,149.1255556,37.6623056,
8684,70.787912,SDSS J084543.38+540004.6,Q,131.4307874,54.0012632,0.597000002861023
8684,96.072478,SDSS J084548.92+540107.8,Q,131.4538333,54.0188308,0.8339999914169312
8684,118.917304,SDSS J084538.58+535838.2,Q,131.4108141,53.9772487,1.899999976158142
8684,129.5138,SDSS J084547.50+535726.2,Q,131.4479475,53.9572632,1.065999984741211
19533,101.504773,WISEA J144738.34-192100.1,q,221.9097606,-19.3500421,0.800000011920929
19533,112.349743,WISEA J144725.39-191944.2,q,221.8557932,-19.3289378,0.6000000238418579
8686,145.804033,SDSS J160621.17+552533.2,Q,241.5882433,55.4259126,3.2939999103546143
8687,179.412502,J170622.61+102522.3,R,256.5942409,10.4228823,1.5
19540,107.850196,J042701.82-120146.3,X,66.7576193,-12.0295505,1.2999999523162842
19540,157.337671,J042711.13-120227.8,X,66.7964101,-12.0410684,1.100000023841858
8692,42.054585,WISEA J061342.11-384357.1,qR,93.4255327,-38.7325265,0.6000000238418579
19542,120.782534,NGC 2332,BRX,107.3925278,50.1822223,0.019999999552965164
8693,9.092762,SDSS J102545.65+134302.1,qX,156.4402511,13.7172969,1.2000000476837158
8694,174.705598,PGC 759477,ARX,158.2376409,-27.1250982,0.0689999982714653
19545,112.469386,SDSS J135754.01+070814.9,Q,209.4750448,7.1374867,2.5850000381469727
8695,18.716694,J114349.97+195752.0,X,175.9582223,19.9644445,
8695,76.505986,J114344.86+195853.8,X,175.9369167,19.9816112,
8695,123.065902,J114349.68+200009.0,X,175.9570278,20.0025,
8695,127.383712,J114340.07+195806.2,X,175.9169723,19.9683889,
8695,132.067195,SDSS J114351.15+195557.3,qX,175.9631627,19.9325943,1.7000000476837158
8695,133.911669,Q 1141+2013,AX,175.9870386,19.9470559,0.335999995470047
8696,89.574218,SDSS J120411.90+015100.2,qX,181.0496063,1.8500752,0.20000000298023224
19547,121.008604,SDSS J144225.40+372815.6,Q,220.6058374,37.4710139,2.2679998874664307
19547,131.935535,SDSS J144223.30+372627.8,Q,220.5971094,37.4410738,1.6490000486373901
8697,116.049245,SDSS J121754.06+071446.5,QX,184.4752736,7.2462684,2.319999933242798
8697,147.42756,SDSS J121748.35+071556.9,qX,184.4514923,7.2658267,0.8999999761581421
19548,146.077282,SDSS J163437.41+462551.3,QX,248.6558787,46.4309199,0.7229999899864197
19548,159.657097,J163454.51+462459.3,X,248.7271389,46.4164723,
19550,74.101983,2QZ J214413.5-295909,Q,326.0562686,-29.9856807,1.4539999961853027
19551,90.371763,SDSS J230240.15+323554.8,Q,345.6673048,32.5985785,1.218000054359436
19551,152.881936,SDSS J230237.58+323317.5,Q,345.6566235,32.5548792,0.9480000138282776
8701,164.503765,PGC 2149410,N,246.8813904,39.4174001,0.12200000137090683
8702,169.701144,WISEA J174443.32+554803.5,q,266.1805151,55.800993,0.6000000238418579
8703,114.709383,SDSS J215607.30+275310.3,Q,329.0304076,27.8861624,1.065000057220459
19555,89.264696,SDSS J083642.72+250803.9,Q,129.1780068,25.134433,0.781000018119812
19555,144.608934,J083627.44+250650.5,X,129.1143334,25.1140278,
8706,98.946415,CXOCY J03374-0458,NRX,54.37,-4.9747223,1.194000005722046
19558,98.244959,SDSS J134432.53+351008.1,Q,206.1355489,35.1689386,2.1110000610351562
19560,0.117558,Zw152242-01390,N,231.3183024,-1.8187758,0.027000000700354576
8710,137.696668,J112806.92+165726.6,RX,172.0288743,16.9574165,2.4000000953674316
19565,171.472047,WISEA J184009.39-433755.2,q,280.039167,-43.6319873,1.2000000476837158
8715,173.132774,SDSS J232757.99+322924.5,Q,351.9916541,32.4901452,2.38700008392334
19568,136.471509,WISEA J200943.76-351650.0,q,302.4323564,-35.2805328,1.399999976158142
8719,153.503955,WISEA J221512.96-113046.2,q,333.8040326,-11.5127806,0.8999999761581421
19575,54.656164,SDSS J091545.93+100755.4,Q,138.9414034,10.1320783,2.122999906539917
19575,151.762831,SDSS J091536.06+100933.3,N,138.9002062,10.1592317,0.029999999329447746
8721,91.412581,SDSS J100129.10+124620.1,Q,150.3712936,12.7722847,0.7990000247955322
19576,59.164924,WISEA J132906.61-215045.1,q,202.2775572,-21.845911,1.399999976158142
19576,172.802131,WISEA J132916.42-215340.7,q,202.3183823,-21.8946739,0.6000000238418579
19577,0.566681,IC 4425,N,216.6840539,27.1895388,0.029999999329447746
19577,29.540184,SDSS J142644.22+271151.3,QR,216.6843145,27.1976246,0.35600000619888306
8723,0.159897,IC 2979,AR,179.2259896,32.1588188,0.009999999776482582
8724,80.259978,WISEA J132032.12-165437.9,q,200.1338357,-16.9105568,1.0
19579,83.571428,SDSS J223346.57-031508.4,Q,338.4440729,-3.2523339,2.306999921798706
8725,14.864035,J140944.84+080413.2,R,212.4368334,8.0703334,
8725,124.838635,WISEA J140935.68+080341.2,q,212.3986913,8.061464,0.699999988079071
8726,0.330091,UGC 9944,NRX,233.948719,73.4507006,0.02500000037252903
8726,166.692447,J153614.42+732501.3,X,234.0601141,73.4170434,1.600000023841858
19585,132.277292,SDSS J080700.19+463135.1,Q,121.7508239,46.5264317,1.3769999742507935
8730,149.658231,J015423.14+075244.6,R,28.5964338,7.87908,0.5
19587,95.172249,2QZ J100023.3-025532,Q,150.0973764,-2.9254149,0.527999997138977
8731,94.460823,J042108.65-215150.2,X,65.2860521,-21.8639533,1.2999999523162842
19590,156.94389,SDSS J115536.56+330645.8,Q,178.9023669,33.1127398,1.059999942779541
19590,175.96742,SDSS J115536.76+330902.7,Q,178.9031709,33.150753,0.972000002861023
19594,179.462197,WISEA J175454.12+663418.3,qX,268.7255546,66.5717458,1.5
8738,41.559426,SDSS J093618.49+372230.4,Q,144.0770629,37.3751142,2.124000072479248
8738,166.206622,SDSS J093629.20+372321.8,Q,144.1216737,37.3894164,1.5329999923706055
8738,175.917049,SDSS J093610.34+371916.9,Q,144.0430881,37.321381,1.4210000038146973
8738,178.531382,SDSS J093603.00+372108.5,Q,144.0125241,37.3523755,1.3559999465942383
8740,141.609234,WISEA J111745.30-035222.2,q,169.4388355,-3.8729537,1.2000000476837158
19600,130.343565,WISEA J091743.10+440812.6,q,139.4296001,44.1368507,0.30000001192092896
19600,177.96196,SDSS J091745.73+440856.9,Q,139.4406081,44.14913,2.302000045776367
19602,164.463126,SDSS J123111.50+141424.3,qX,187.7979324,14.2400939,2.0
8745,173.774982,WISEA J015152.45+302952.1,q,27.9685556,30.4978191,0.30000001192092896
19604,76.849024,WISEA J131837.77+724505.9,q,199.6573911,72.7516456,1.899999976158142
19604,102.838043,WISEA J131912.49+724633.3,q,199.8019226,72.7758931,1.5
19604,158.717862,WISEA J131828.29+724759.3,q,199.6182596,72.7998197,1.399999976158142
19605,139.28489,SDSS J144425.05+404943.4,Q,221.1043866,40.8287374,2.635999917984009
8747,117.222126,SDSS J025849.16+032622.1,N,44.704871,3.4394956,0.09799999743700027
19606,150.392305,J144531.11+384438.5,X,221.3796389,38.7440278,
19606,173.93145,J144534.62+384855.3,X,221.39425,38.8153612,
8748,145.973215,WISEA J031216.83-251600.5,q,48.0700933,-25.2668654,0.4000000059604645
8751,144.933566,WISEA J142224.97+693741.4,q,215.6040778,69.6281784,1.2999999523162842
19610,53.160039,WISEA J161139.90+601026.3,q,242.9159955,60.1740837,0.6000000238418579
8752,90.521742,WISEA J163115.21+201040.7,q,247.813451,20.1779623,0.30000001192092896
8752,94.024552,SDSS J163125.95+200957.1,NR,247.8581306,20.1658844,0.10400000214576721
19615,174.480737,WISEA J205820.57-152502.7,q,314.5856868,-15.4174183,0.10000000149011612
19615,177.116055,WISEA J205826.61-153039.4,q,314.6109193,-15.5109489,1.2000000476837158
8757,91.541852,WISEA J214338.93+135935.2,q,325.9122887,13.9930439,3.4000000953674316
8757,146.405443,WISEA J214325.55+140054.7,q,325.8565548,14.0148806,1.100000023841858
19617,174.368137,WISEA J221410.73-265944.7,q,333.5447416,-26.9957562,0.4000000059604645
8758,157.374793,WISEA J000505.28-353905.1,qR,1.2720432,-35.6514639,0.6000000238418579
8759,105.017207,WISEA J025339.05+415441.5,q,43.4127151,41.9115409,0.20000000298023224
19621,112.800808,SDSS J001153.51+282935.5,Q,2.9729724,28.4932162,1.0959999561309814
19622,43.963495,SDSS J002711.85+200352.2,Q,6.7993805,20.0645063,1.3700000047683716
19622,83.583957,WISEA J002716.75+200535.9,q,6.8197762,20.0933195,1.7999999523162842
19623,59.297207,J034110.47+152801.9,X,55.2936259,15.467219,0.6000000238418579
19624,25.688365,WISEA J051738.20+094255.7,q,79.4092069,9.7154834,1.100000023841858
19626,122.2426,SDSS J074803.80+281506.4,Q,117.0158672,28.2517797,2.1519999504089355
19627,0.229197,NPM 1G+07.0151,AR,126.7275545,7.4981459,0.03099999949336052
19627,118.84315,SDSS J082702.56+073002.4,Q,126.7607062,7.5006642,1.434000015258789
19630,0.336525,MCG 4-28-122,NR,180.4371341,20.3283234,0.024000000208616257
8773,25.944963,SDSS J094627.03+454529.5,Q,146.6126581,45.7581992,1.4889999628067017
19634,44.069386,WISEA J162727.89+544208.0,q,246.8662299,54.7022256,0.6000000238418579
8775,103.458781,WISEA J162644.06+113312.6,q,246.6836273,11.553568,0.20000000298023224
8779,123.523786,SDSS J222338.54+304923.3,Q,335.9106047,30.823144,1.184000015258789
8779,151.469834,SDSS J222327.01+305245.5,Q,335.8625532,30.8793144,0.9850000143051147
8779,168.568373,SDSS J222325.24+305010.6,Q,335.8551929,30.8362936,0.5720000267028809
19642,123.680815,WISEA J124332.23-425755.9,q,190.8843378,-42.9655905,1.899999976158142
8783,176.168155,J130740.82+600632.1,R,196.9200925,60.1089381,0.5
8786,115.495514,WISEA J020348.94-314601.8,q,30.9539199,-31.7673913,0.8999999761581421
19649,50.371837,SDSS J010531.07+315754.1,Q,16.3794717,31.965074,1.6640000343322754
19650,120.400006,Q 0113-3246,Q,18.9623989,-32.5092681,2.259999990463257
19650,168.319631,WISEA J011542.94-322703.7,q,18.9289299,-32.4510399,2.5
8789,108.616294,WISEA J140418.84-070105.4,q,211.0785155,-7.0182098,1.0
8791,127.553864,SDSS J144857.12+221118.1,Q,222.2380204,22.1883711,2.194000005722046
19654,77.48729,WISEA J044639.53+003605.0,q,71.6646579,0.6013928,0.6000000238418579
19655,17.900426,J045038.66+060033.7,X,72.6611112,6.0093612,
19655,141.849339,WISEA J045030.80+060213.1,qX,72.6284279,6.0369913,0.30000001192092896
8795,67.989727,J225021.12+113857.4,X,342.5880278,11.6492778,
8795,114.76695,J225011.61+113659.7,X,342.5483889,11.6165834,
8796,78.849068,SDSS J225838.17+185027.2,Q,344.6590652,18.8409155,1.8209999799728394
8796,84.304249,SDSS J225834.10+184937.7,Q,344.6420887,18.8271432,2.4240000247955322
8796,168.905167,J225833.67+185136.9,X,344.6403056,18.86025,
19659,139.379217,SDSS J084526.86+342250.2,Q,131.3619199,34.3806205,1.7209999561309814
19660,42.218127,SDSS J110154.29+470501.1,Q,165.4762417,47.0836546,1.3450000286102295
8798,73.211552,SDSS J073015.30+242047.3,Q,112.5637766,24.346499,3.1110000610351562
19662,125.626755,SDSS J122600.03+202054.2,QR2,186.5001318,20.3483947,1.4529999494552612
8799,17.711441,J083001.00+524135.0,X,127.5041945,52.6930556,
8799,132.574382,SDSS J083005.53+524352.4,QX,127.5230459,52.7312324,0.972000002861023
8800,178.714578,WISEA J140533.64-393356.3,q,211.3900893,-39.5656731,1.600000023841858
19664,132.4651,SDSS J134116.30+231406.4,Q,205.3179172,23.2351065,2.2330000400543213
19667,58.1313,J200712.18-111911.9,X,301.8007778,-11.3199723,
19667,171.516086,J200725.76-111730.9,X,301.8573334,-11.2919167,
19669,141.341081,WISEA J233834.16+044936.9,q,354.6424002,4.8268967,1.399999976158142
19669,170.108276,SDSS J233820.69+045026.8,Q,354.5862451,4.8408051,1.902999997138977
8805,135.043549,J045708.48-044551.6,X,74.2853533,-4.7643433,2.200000047683716
8806,121.420113,LAMOSTJ061532.83+664907.2,Q,93.8868258,66.8186725,1.6449999809265137
19672,0.048792,IRAS 04502-03174,NRX,73.1855418,-3.2159167,0.01600000075995922
19672,41.460008,J045242.47-031229.3,X,73.1769939,-3.2081642,0.10000000149011612
19672,62.491539,J045248.50-031238.4,X,73.2021066,-3.2106749,3.700000047683716
8808,134.615564,SDSS J160706.57+075709.0,AX,241.7773877,7.9525235,0.23199999332427979
19674,118.87786,J094333.64+092659.2,X,145.8901667,9.4497778,
19674,131.517347,LAMOSTJ094326.97+092310.0,QX,145.8623896,9.386132,0.8220000267028809
19674,177.755729,J094324.11+092238.1,X,145.8504862,9.3772725,0.20000000298023224
19677,65.356638,WISEA J120321.03+200024.5,q,180.8376488,20.0068205,3.4000000953674316
8815,0.14785,ESO 509-38,ARX,202.8076629,-25.4027536,0.027000000700354576
19679,94.299873,SDSS J124603.05+404503.0,Q,191.5127422,40.7508554,2.3450000286102295
19679,174.098341,SDSS J124553.96+404910.7,Q,191.4748411,40.8196542,3.115999937057495
8820,132.935355,J223031.96+391850.9,X,337.6331945,39.3141389,
8820,144.837552,J223048.90+391537.8,X,337.7037778,39.2605,
19692,150.175385,J234746.10-022025.3,X,356.9421023,-2.3403774,0.30000001192092896
19692,163.38112,SDSS J234748.53-021932.9,qX,356.9522405,-2.3258088,0.30000001192092896
19692,165.441661,SDSS J234741.04-021621.6,QX,356.9209839,-2.2726575,2.0969998836517334
8828,102.147056,WISEA J012647.80-395738.0,q,21.6992521,-39.9604906,1.100000023841858
8830,79.416859,SDSS J025829.94+061942.2,qX,44.6247714,6.3283991,1.399999976158142
8830,87.289627,SDSS J025835.39+061802.0,qR,44.6474876,6.3005648,1.899999976158142
19698,161.296966,WISEA J020502.83-632127.3,q,31.2617266,-63.3576404,2.299999952316284
19701,142.55626,WISEA J052859.27-142113.6,q,82.2470843,-14.3538892,1.0
19702,89.764729,SDSS J102332.42+124845.8,Q,155.8851015,12.8127365,2.3310000896453857
19704,56.375111,SDSS J113934.16+603203.6,Q,174.8923741,60.5343663,0.9120000004768372
19705,91.713577,SDSS J115042.43+324321.6,Q,177.6768097,32.7226711,0.8100000023841858
19705,106.747223,SDSS J115046.10+324322.8,NR,177.69212,32.723012,0.2070000022649765
19705,169.448762,WISEA J115054.75+324100.5,q,177.7281336,32.6834966,2.5
8838,6.355642,J130017.94+275713.6,X,195.07475,27.9537778,
8838,117.832062,J130010.44+275827.3,X,195.0435082,27.9742596,
8838,122.495703,J130021.11+275912.8,X,195.0879601,27.98689,1.2000000476837158
8838,174.013013,J130005.35+275818.8,X,195.0223056,27.9718889,
19707,10.261639,ESO 575-16,N,193.1516667,-21.9127778,0.023000000044703484
8840,65.950659,SDSS J143345.14+400348.1,Q,218.4381249,40.0633822,1.1690000295639038
8840,119.974545,SDSS J143337.46+400544.5,Q,218.4061,40.0956993,2.234999895095825
8840,169.333581,PGC 2160796,N,218.4898904,40.1131511,0.0989999994635582
8841,101.740778,WISEA J153513.92+305327.2,q,233.8080346,30.8909031,0.699999988079071
19712,58.152426,PGC 2172102,N,249.3808873,40.8654574,0.1889999955892563
8843,177.216876,WISEA J205940.91-490130.6,q,314.9205116,-49.025157,1.600000023841858
19716,106.743866,WISEA J224921.92+401212.9,q,342.3413274,40.2035686,1.399999976158142
8845,86.248404,SDSS J010159.11+300908.7,Q,15.4963322,30.152425,1.2990000247955322
8845,177.865708,SDSS J010201.71+300630.5,Q,15.5071271,30.1084948,2.503000020980835
8847,49.612999,SDSS J025221.88-011751.9,QX,43.0911631,-1.297778,1.6480000019073486
8847,103.654597,SDSS J025215.43-011614.0,Q,43.0643193,-1.270574,2.625999927520752
19720,100.470356,SDSS J111732.78+325444.2,Q,169.3865849,32.9123027,0.9509999752044678
19720,132.376036,SDSS J111750.79+325509.4,Q,169.4616602,32.9192921,1.2990000247955322
8848,152.459569,WISEA J034159.29+155701.0,q,55.4970744,15.9502813,2.0999999046325684
8851,32.205041,SDSS J114007.90+583616.1,Q,175.0329417,58.6044799,1.034999966621399
8851,166.418402,SDSS J114004.02+583932.2,Q,175.0167598,58.6589424,3.009999990463257
8855,150.311931,WISEA J140819.80-195801.9,q,212.0825214,-19.9672029,0.20000000298023224
8856,64.990295,SDSS J150533.10+083220.6,Q,226.3879189,8.5390754,2.3399999141693115
8859,125.947885,SDSS J015713.06+324541.2,Q,29.3044388,32.7614468,2.0160000324249268
19737,1.126326,UGC 6891,NR,178.8197124,17.487636,0.023000000044703484
19740,46.92173,WISEA J162046.76-091708.8,q,245.1948449,-9.2857816,1.100000023841858
8862,59.371591,SDSS J105223.37+612203.1,Q,163.0974271,61.3675249,1.4880000352859497
8862,128.092049,J105200.06+612259.3,X,163.0002906,61.3831419,0.20000000298023224
8862,178.277731,SDSS J105222.21+611951.5,qX,163.0925437,61.3309728,1.399999976158142
19741,102.700345,J165259.71+525634.2,X,253.2488245,52.9428608,0.8999999761581421
8865,97.310159,SDSS J121910.22+054452.8,QX,184.7926486,5.7480117,1.781999945640564
8865,137.484503,SDSS J121904.47+054547.5,QX,184.7686449,5.7632088,2.8259999752044678
8865,162.392701,SDSS J121909.68+054058.1,QX,184.7903544,5.6828287,0.8610000014305115
19746,118.305923,SDSS J021032.34+055338.9,Q,32.6347915,5.8941421,1.6770000457763672
19747,45.074743,SDSS J022657.84+264227.9,qR,36.7410201,26.7077672,1.7000000476837158
8868,85.687906,2QZ J215700.0-283546,Q,329.2499607,-28.5959764,1.218999981880188
19748,0.022934,NPM 1G+14.0182,NR,135.8627139,14.6689324,0.029999999329447746
19748,56.726818,SDSS J090325.27+143917.6,Q,135.8553012,14.654902,2.197000026702881
19749,0.244314,UGC 7141,N,182.4147196,23.2894303,0.023000000044703484
8871,146.037275,J034225.92-044352.2,X,55.6080222,-4.7311898,0.4000000059604645
8874,132.094391,2QZ J133819.6-001510,Q,204.5819481,-0.2526207,1.2209999561309814
8878,82.636937,WISEA J233542.25-025350.1,q,353.9260802,-2.8972233,1.0
8878,171.896166,SDSS J233551.28-025017.7,Q,353.9636685,-2.838226,2.703000068664551
19761,80.439944,SDSS J160434.66+370825.5,Q,241.1444149,37.1403946,1.7450000047683716
8879,79.935688,WISEA J021203.51+153639.1,q,33.0146349,15.6108684,1.0
19764,152.115325,2QZ J000532.0-303240,Q,1.3833675,-30.5443973,0.9150000214576721
8883,176.529833,SDSS J082244.86-002116.7,Q,125.686947,-0.354664,2.5910000801086426
19766,102.503038,SDSS J084017.91+560435.3,Q,130.0746555,56.0764931,2.4140000343322754
19766,124.45038,SDSS J084030.30+560307.1,Q,130.1262791,56.05198,2.078000068664551
8888,162.463735,SDSS J215050.06+140401.5,qX,327.7085924,14.0670935,1.7999999523162842
19772,79.49373,SDSS J215144.07+025959.0,Q,327.9336487,2.9997399,1.3300000429153442
8892,141.422805,J071732.70+340229.3,R,109.38625,34.0414723,
8896,164.992992,WISEA J195258.49-130944.5,q,298.2436496,-13.1624949,1.0
19779,160.985631,J100604.16+144334.1,R,151.5173334,14.7261389,
8899,88.319221,WISEA J223526.93-701526.4,q,338.8622156,-70.2573571,0.20000000298023224
19780,121.384148,SDSS J101943.16+061935.0,Q,154.9298744,6.3264035,3.002000093460083
19781,0.591505,UGC 5656,N,156.7068328,34.9204237,0.02199999988079071
19781,167.714514,WISEA J102652.25+345229.3,qR,156.7176747,34.8748237,0.1850000023841858
19784,108.498899,WISEA J130022.32+263932.4,q,195.0930341,26.6590089,0.800000011920929
19784,115.371422,SDSS J130030.16+263836.4,Q,195.1257094,26.6434514,2.506999969482422
8904,96.380306,WISEA J044801.80-251214.4,q,72.0075653,-25.2040216,2.5999999046325684
19790,142.376112,WISEA J170906.15-071728.5,q,257.2756402,-7.2913253,1.2000000476837158
8908,95.637616,SDSS J134454.62+323258.7,Q,206.2275835,32.5496631,1.0269999504089355
8909,0.164341,CGCG 80-9,AR,245.3571973,14.5315149,0.029999999329447746
19792,165.086864,WISEA J205401.51+103241.1,q,313.5063058,10.5447607,0.6000000238418579
8910,62.065194,J164141.80+395917.8,X,250.4241945,39.9882778,
8910,121.547671,2E 1640+4007,QRX,250.4759737,40.0092005,1.003999948501587
8910,134.156059,SDSS J164144.77+400115.2,QX,250.4365451,40.0209082,1.3730000257492065
8910,167.388083,J164158.41+400048.7,X,250.4933889,40.0135278,
19794,139.695226,J003833.07-090904.8,X,9.6378056,-9.1513334,
19795,94.366729,SDSS J020621.53+034328.8,A,31.5897502,3.724688,0.16899999976158142
8913,137.203719,SDSS J010111.10+300533.4,Q,15.2962733,30.0926501,1.840999960899353
8913,165.163247,SDSS J010119.47+300543.2,Q,15.331158,30.0953721,0.5649999976158142
19798,67.399201,WISEA J051510.90+760519.8,q,78.7956384,76.0889193,0.800000011920929
8918,155.068874,WISEA J111324.64+033802.7,q,168.3526565,3.6340663,0.30000001192092896
19802,86.832068,SDSS J102853.75+122622.1,Q,157.22399,12.4395002,1.5099999904632568
19802,86.853165,LAMOSTJ102854.74+122804.3,Q,157.2281186,12.4678714,1.5299999713897705
8920,99.290923,SDSS J134634.45+205225.5,A,206.6435423,20.8737214,0.19099999964237213
19805,100.337169,WISEA J110550.13-253639.7,q,166.4589137,-25.6111286,1.100000023841858
8921,179.868576,WISEA J140708.90-263038.1,q,211.7870675,-26.5105765,0.5
19806,129.07137,SDSS J120716.32+165317.9,Q,181.8180096,16.8883143,1.6089999675750732
19808,0.307187,CGCG 216-16,NR,189.5907631,42.2054862,0.028999999165534973
19808,35.7623,SDSS J123818.56+421223.3,Q,189.5773083,42.2064784,3.940999984741211
19808,122.530059,SDSS J123816.98+421029.2,Q,189.5707743,42.1747846,1.2109999656677246
19814,0.056583,CGCG 19-64,N,218.690606,0.8886752,0.014000000432133675
19814,122.303544,SDSS J143439.34+005435.0,Q,218.6639535,0.9097262,2.4019999504089355
19814,163.895866,SDSS J143435.69+005215.0,Q,218.6487114,0.8708388,0.9660000205039978
19820,39.346577,2QZ J003650.8-282240,N,9.2116667,-28.3777778,0.11500000208616257
19820,40.500324,WISEA J003650.07-282238.0,q,9.2086767,-28.3773663,0.6000000238418579
19820,84.246562,2QZ J003647.0-282304,Q,9.1961231,-28.3846283,2.003999948501587
8933,13.333105,J092019.52+640622.0,X,140.0813612,64.1061112,
8933,44.350916,J092013.67+640605.2,X,140.0569772,64.1014448,0.5
8933,133.101076,J092032.29+640422.0,X,140.1345806,64.0728048,0.5
8933,133.283326,J092005.81+640742.8,X,140.024211,64.1285769,
8933,178.376101,SDSS J092027.31+640902.4,qX,140.1138789,64.1506918,1.600000023841858
19821,60.726209,SDSS J014029.49+024004.3,Q,25.122876,2.6678686,2.8550000190734863
19821,131.557282,SDSS J014022.17+024242.3,Q,25.0924137,2.711765,0.5649999976158142
19828,173.073081,WISEA J103804.41-304113.8,q,159.5183747,-30.6871655,0.20000000298023224
8942,175.135735,SDSS J015317.98+195959.2,qR,28.3249474,19.9997826,0.4000000059604645
8942,178.534282,SDSS J015333.81+195819.9,Q,28.3909116,19.9722097,1.9049999713897705
19835,174.814998,2SLAQ J231436.31+001121.0,Q,348.6513215,0.1891947,2.049999952316284
8948,60.546841,SDSS J133538.15+073142.3,Q,203.90901,7.5284441,0.6800000071525574
8952,104.756053,2QZ J231911.8-285646,Q,349.7991638,-28.9460663,1.2259999513626099
8952,138.563403,2QZ J231912.7-285818,Q,349.80298,-28.9715937,1.6490000486373901
19842,0.231626,CGCG 91-16,AR,137.6937932,19.6099844,0.029999999329447746
19844,0.580432,MCG 5-25-034,N,160.6859557,26.8435617,0.019999999552965164
19844,117.510797,SDSS J104244.36+264840.0,Q,160.684824,26.8110947,2.424999952316284
19844,150.836176,SDSS J104253.92+265203.1,Q,160.7246415,26.8675203,1.2740000486373901
19845,72.831885,J121502.81+133438.7,R,183.7617223,13.5774167,
8957,109.773647,SDSS J103925.03+050547.9,QX,159.8542891,5.0966538,1.8660000562667847
19847,102.115484,SDSS J131712.97+062540.9,Q,199.3040913,6.4280392,2.4609999656677246
8959,0.24121,IRAS 16382-0613,NR,250.2177036,-6.3145633,0.02800000086426735
19848,64.373024,SDSS J132618.54+174423.0,Q,201.5772647,17.739736,1.4329999685287476
19849,73.473008,SDSS J132919.55+114813.9,qRX,202.3314806,11.8038675,0.699999988079071
19849,100.945076,J132920.75+114916.1,X,202.3364875,11.8211647,0.8999999761581421
19849,111.961007,SDSS J132930.31+114857.7,QX,202.3763265,11.8160285,0.5090000033378601
19849,138.908343,SDSS J132931.14+114924.8,qX,202.3797986,11.8235642,1.0
19849,145.551542,SDSS J132930.95+114601.9,N,202.37899,11.767214,0.4650000035762787
8961,95.221787,SDSS J211215.33-012728.9,Q,318.0639138,-1.4580515,1.5369999408721924
19850,90.12581,WISEA J140154.66+093623.9,q,210.4777981,9.6066527,1.100000023841858
19850,160.920442,KX 42,Q,210.4893069,9.5900639,3.4010000228881836
8963,142.60658,WISEA J004132.67-210055.4,q,10.3862084,-21.0154012,1.899999976158142
19858,146.727431,SDSS J231933.84+012626.4,Q,349.891023,1.4406718,1.371999979019165
8967,162.865978,SDSS J092735.54+302714.6,Q,141.8980923,30.4540632,0.984000027179718
8967,172.602968,J092722.46+302334.4,X,141.8436057,30.392892,0.20000000298023224
8967,178.999086,SDSS J092716.07+302355.4,QX,141.8169935,30.3987473,1.7990000247955322
8968,130.101083,SDSS J114403.06+104721.8,Q,176.0127603,10.789408,2.2139999866485596
19860,10.615707,J050334.17+044059.5,R,75.8923889,4.6831945,
19863,81.019728,2QZ J113214.1-005600,Q,173.0590518,-0.9333031,1.9839999675750732
19864,0.112465,CGCG 157-28,N,176.265579,26.8276975,0.029999999329447746
19864,80.058477,SDSS J114458.25+265011.9,Q,176.2427408,26.8366404,2.9509999752044678
19865,10.842084,SDSS J131719.14+203823.2,qR,199.3297752,20.6397886,1.399999976158142
8973,86.378733,SDSS J231001.97+301208.7,Q,347.5082246,30.2024265,1.8049999475479126
8973,160.988733,SDSS J230952.35+301309.3,Q,347.4681414,30.219253,1.6770000457763672
19866,153.464476,SDSS J134015.82+425941.1,Q,205.0659041,42.9947328,1.3730000257492065
19869,158.099852,J223849.84+351837.9,X,339.7076667,35.3105278,
19870,108.871582,SDSS J232625.39+021912.1,Q,351.6058131,2.3200483,1.7940000295639038
8979,70.090094,SDSS J153631.94+222922.0,QX,234.1330955,22.4894483,2.4560000896453857
8979,101.408026,PGC 214394,ARX,234.0888004,22.4871161,0.08900000154972076
8979,175.690286,SDSS J153625.88+223255.2,qX,234.1078339,22.5486717,0.20000000298023224
8981,140.314581,SDSS J171154.10+424309.3,Q,257.9754943,42.7192076,1.9989999532699585
19879,48.003814,WISEA J122005.26+753038.5,qX,185.021837,75.5106996,1.600000023841858
8986,140.92884,WISEA J232425.93-190135.3,qR,351.1080187,-19.0264834,0.20000000298023224
8989,62.960002,WISEA J031834.38-024452.4,qX,49.6432942,-2.7479044,0.800000011920929
19883,52.842085,SDSS J162918.98+395002.5,QX,247.3291052,39.8340272,1.1619999408721924
19883,139.264083,J162914.62+395113.8,X,247.3109501,39.8538455,0.20000000298023224
8992,65.555867,SDSS J082738.08+545438.4,Q,126.9086765,54.910677,1.9279999732971191
8993,117.998209,SDSS J121133.06+290718.4,Q,182.8877606,29.1218141,2.492000102996826
8993,157.421427,SDSS J121136.03+290749.2,AX,182.9001464,29.1303508,0.13899999856948853
19886,154.495619,WISEA J023229.22+003734.7,qX,38.1217575,0.6263251,0.5
19886,174.749973,SDSS J023227.78+003635.3,Q,38.1157591,0.6098161,2.4049999713897705
8994,0.343138,UGC 8457,NR,201.8782404,20.8809431,0.019999999552965164
8994,75.485896,SDSS J132727.37+205350.2,Q,201.8640569,20.8972864,0.9359999895095825
19888,47.509776,WISEA J025323.69+063147.2,qR2,43.3487708,6.5298296,0.8999999761581421
8996,0.218084,NGC 6104,AR,244.1278125,35.7080442,0.02800000086426735
8996,11.037727,SDSS J161631.01+354218.7,qX,244.1292411,35.7052101,0.6000000238418579
19895,150.008088,SDSS J085516.22+420011.4,Q,133.8175681,42.0031706,2.3970000743865967
19895,152.398706,PGC 2191344,N,133.8143903,42.0420281,0.08799999952316284
9001,135.644448,WISEA J222827.14-222648.6,q,337.1131026,-22.4468455,0.20000000298023224
9001,176.255252,WISEA J222807.84-222423.1,q,337.032678,-22.4064294,1.0
19896,19.449156,J125909.29+275124.7,X,194.7887157,27.8568868,0.20000000298023224
19896,62.857829,J125912.52+275132.8,X,194.8021945,27.8591112,
19896,123.498853,J125916.60+275033.1,X,194.8191945,27.8425278,
19896,159.496405,SDSS J125859.27+275308.5,QX,194.746981,27.8857182,1.1349999904632568
19897,178.253951,WISEA J142807.60+114358.5,q,217.0316606,11.732901,1.7000000476837158
9002,170.300101,2QZ J005639.0-315758,Q,14.1627563,-31.9662984,1.3559999465942383
9004,104.093102,SDSS J120524.01+201336.4,qX,181.3500962,20.2267981,2.200000047683716
9005,131.35446,2QZ J131015.0-010028,QR2,197.5626471,-1.0077492,1.284999966621399
