idx,angdist_arcsec,qso_name,qso_type,qso_z,qso_xname,qso_rname
9006,133.972498,SDSS J142715.07+372934.7,Q,1.0479999780654907,,
19903,55.826249,WISEA J181218.40+705107.0,q,2.700000047683716,,
9008,115.206404,WISEA J225510.33+320921.7,q,0.30000001192092896,,
9008,172.192624,WISEA J225510.82+321347.0,q,1.899999976158142,,
9013,66.473443,SDSS J120004.34+080949.8,Q,4.414999961853027,,
9013,91.15096,LAMOSTJ120008.38+081142.6,Q,0.6830000281333923,,
9014,171.737865,J141620.16+392722.0,R,2.4000000953674316,,VL0J141620.20+392721.0
19908,0.099725,MCG 8-15-009,NRX,0.024000000208616257,2SXPS J075152.0+494849,VL0J075151.90+494851.4
19910,138.236063,J125741.80-312008.6,X,,4XMM J125741.7-312008,
9017,22.193271,J163029.22+393711.6,X,,4XMM J163029.3+393710,
19912,112.892612,SDSS J134741.01+374425.4,QR,1.7690000534057617,,VL0J134741.04+374425.6
19912,161.847531,SDSS J134752.35+374740.6,Q,0.9950000047683716,,
9022,146.939902,SDSS J133607.15+063706.8,Q,2.680000066757202,,
9022,161.33332,SDSS J133551.52+063401.4,Q,2.177999973297119,,
19921,59.30455,SDSS J230721.21+224815.4,Q,1.468999981880188,,
19922,0.271259,MCG 2-60-017,NRX,0.026000000536441803,4XMM J234709.1+153548,VL0J234709.19+153548.4
9030,158.820837,NPM1G+41.0135,AR,0.02199999988079071,,VL0J065509.97+410010.6
19926,85.764651,WISEA J030506.65-413259.9,q,1.899999976158142,,
9032,75.903181,SDSS J080003.15+354912.1,Q,0.8270000219345093,,
9032,136.390872,SDSS J075946.38+354930.2,Q,1.375,,
19928,89.746673,OzDES-DR2_03524,Q,1.3730000257492065,,
19929,97.931258,SDSS J075316.90+272915.6,Q,3.299999952316284,,
9034,104.831114,SDSS J110129.82+574211.0,Q,1.2050000429153442,,
19930,59.332254,SDSS J101031.40+061029.3,QX,2.2679998874664307,4XMM J101031.5+061029,
19930,148.045154,SDSS J101044.30+060912.9,QX,1.4570000171661377,4XMM J101044.3+060913,
19930,160.326008,J101025.10+061106.9,X,1.100000023841858,4XMM J101025.1+061106,
19930,167.720015,SDSS J101045.85+060921.4,qX,1.399999976158142,4XMM J101045.9+060921,
19930,173.015755,SDSS J101043.36+061201.4,ARX,0.09799999743700027,4XMM J101043.3+061201,VL0J101043.36+061201.5
9036,154.376019,LAMOSTJ131631.44+305926.4,Q,1.8660000562667847,,
19932,140.687311,SDSS J110723.04+182343.5,A,0.18799999356269836,,
9039,147.790347,WISEA J142951.25+791628.6,q,1.399999976158142,,
19934,115.747442,WISEA J115043.40-073527.1,q,0.30000001192092896,,
19936,106.500725,SDSS J120411.90+015100.2,qX,0.20000000298023224,4XMM J120411.9+015100,
19936,126.458505,J120427.43+015054.6,X,,CXOG J120427.4+015054,
19937,99.973056,WISEA J121950.15-213210.9,q,1.100000023841858,,
9043,97.478038,WISEA J020424.21-550638.9,q,1.2999999523162842,,
19939,133.346288,J125929.25+275314.0,X,0.20000000298023224,4XMM J125929.2+275314,
19939,139.29846,J125933.28+274851.3,X,0.5,CXOG J125933.3+274850,
19939,171.71741,J125916.60+275033.1,X,,CXOG J125916.7+275032,
9049,103.951058,PB 3185,QX,0.3840000033378601,1RXH J125916.7+275346,
9049,117.619898,J125929.25+275314.0,X,0.20000000298023224,4XMM J125929.2+275314,
9049,151.620197,J125920.92+275709.9,X,,1RXH J125920.8+275712,
9051,137.17272,WISEA J223035.51-173642.1,q,1.399999976158142,,
19948,127.613057,SDSS J081046.72+463052.5,Q,1.0160000324249268,,
19948,141.698291,SDSS J081056.42+463224.1,Q,2.4700000286102295,,
19950,126.17929,SDSS J085009.22+190133.4,AR,0.42899999022483826,,FIRST J085009.2+190133
19951,94.345101,SDSS J094751.67+090817.9,Q,3.2699999809265137,,
19953,77.108211,SDSS J115540.69+295620.5,Q,3.559999942779541,,
19954,161.179081,SDSS J121619.07+575011.0,Q,2.181999921798706,,
9059,152.744453,PGC 1645533,NR,0.16599999368190765,,FIRST J115926.8+211334
19958,124.936914,SDSS J160950.46+563927.1,Q,0.5559999942779541,,
19958,131.647817,SDSS J161011.51+563623.7,Q,2.7869999408721924,,
9063,88.703946,SDSS J173014.47+352247.3,Q,1.9700000286102295,,
19961,19.704588,J173416.32+680052.1,X,,2XMM J173416.6+680052,
19961,151.197169,WISEA J173421.17+680339.1,qX,0.20000000298023224,4XMM J173421.1+680338,
19961,169.760003,SDSS J173409.21+675826.9,qX,0.800000011920929,2XMM J173409.4+675830,
19961,173.573238,WISEA J173447.66+680159.3,q,1.7999999523162842,,
19963,134.960877,SDSS J212921.10-001851.8,Q,0.8050000071525574,,
19964,126.612382,SDSS J215328.60+253138.2,Q,1.5260000228881836,,
19964,166.661094,J215308.02+253058.4,2,1.399999976158142,,
9069,0.187344,IC 756,A,0.020999999716877937,,
9070,50.567735,SDSS J121501.80+140112.6,qX,0.6000000238418579,4XMM J121501.8+140112,
9070,64.692378,SDSS J121507.57+140057.5,qX,0.4000000059604645,2XMM J121507.5+140056,
9071,120.478857,AGES J143524.80+350536.2,Q,1.4290000200271606,,
9071,175.667192,AGES J143520.15+350413.3,QX,1.0509999990463257,CXOG J143520.1+350413,
9071,176.199928,AGES J143527.81+350454.5,QX,2.2300000190734863,CXOG J143527.7+350454,
19968,117.815768,SDSS J012619.86-014929.5,Q,2.2139999866485596,,
9072,145.177275,WISEA J031110.77-022650.8,q,0.8999999761581421,,
19969,99.157631,SDSS J024612.91-073843.2,qX,0.8999999761581421,2SXPS J024612.7-073845,
19970,160.091469,WISEA J031734.09-391713.8,q,1.5,,
9074,0.176856,MCG 3-30-014,AX,0.02199999988079071,4XMM J113628.2+194840,
9074,82.20379,SDSS J113624.15+194937.7,QX,2.8259999752044678,4XMM J113624.1+194939,
9074,86.49599,J113631.25+194957.7,X,0.10000000149011612,4XMM J113631.2+194957,
9074,112.386106,SDSS J113620.83+194916.5,Q,2.3589999675750732,,
9074,145.696193,J113626.92+195105.5,X,,4XMM J113626.9+195106,
19972,0.058031,PGC 75258,ARX,0.01600000075995922,2SXPS J050208.9+033149,VL0J050208.98+033149.7
19972,109.724178,J050201.72+033147.5,X,0.699999988079071,2RXP J050202.0+033147,
19975,164.162252,SDSS J091503.22+291856.1,Q,2.13100004196167,,
19975,170.260255,SDSS J091454.84+291405.3,Q,1.1979999542236328,,
9078,125.234482,SDSS J020836.12+291159.3,Q,1.4470000267028809,,
9078,159.503366,SDSS J020831.64+291637.9,Q,1.600000023841858,,
19976,55.32179,J121925.62+054821.8,X,,CXOG J121925.6+054821,
19976,58.462206,J121921.34+054833.6,X,,CXOX J121921.2+054834,
19976,68.307665,J121921.27+054844.0,X,,XMMX J121921.1+054843,
19976,146.253945,J121931.78+054633.6,X,1.5,4XMM J121931.6+054633,
19976,171.241283,SDSS J121911.65+054728.7,QX,2.365000009536743,CXOG J121911.6+054728,
9080,143.586408,3HSPJ023237.5+313128,BRX,0.5,2SXPS J023237.4+313129,VL0J023237.51+313128.1
9081,164.92215,WISEA J025450.47+411610.1,q,1.0,,
9082,119.6198,WISEA J103105.16+724638.2,q,0.20000000298023224,,
9083,82.634875,SDSS J121504.29+343648.1,Q,2.627000093460083,,
19983,2.088939,UGC 12318,N,0.03200000151991844,,
9087,77.815193,WISEA J002111.93+271148.4,q,2.0,,
9087,120.120575,SDSS J002102.36+271117.2,Q,1.8650000095367432,,
9087,129.713857,SDSS J002106.48+271456.0,Q,2.880000114440918,,
19987,59.558754,J024643.83+211238.7,R,,,VL0J024643.82+211238.9
9088,0.245391,ESO 411-29,NR,0.03200000151991844,,VL0J005454.51-320154.0
19988,116.254918,WISEA J053113.88-203817.6,q,1.7000000476837158,,
19988,131.99865,WISEA J053112.43-203749.0,q,0.800000011920929,,
9089,76.875622,WISEA J012235.68-022530.5,q,0.5,,
9089,86.847501,SDSS J012237.41-022510.1,Q,2.0820000171661377,,
9089,135.453836,SDSS J012229.03-022642.9,Q,1.434999942779541,,
9095,45.880461,2QZ J121106.0+005745,Q,1.1990000009536743,,
9095,101.013325,WISEA J121110.13+005737.0,q,1.0,,
19999,97.67455,WISEA J172714.01-010758.7,q,2.0999999046325684,,
9098,145.77928,SDSS J151034.25+552313.5,AX,0.28700000047683716,2RXS J151036.2+552319,
9099,123.976113,WISEA J163100.48+051122.8,q,0.20000000298023224,,
9102,104.692733,J234710.12-275853.9,X,2.4000000953674316,2XMM J234710.1-275853,
9106,105.712996,SDSS J081435.39+550654.1,QR,0.8270000219345093,,VL0J081435.34+550654.0
9107,117.35704,SDSS J115143.00+273736.2,QR,1.097000002861023,,VL0J115143.00+273736.3
9112,66.538936,SDSS J012546.19+181131.5,Q,3.7200000286102295,,
9112,164.833623,WISEA J012601.57+181148.3,q,0.4000000059604645,,
9115,174.529562,WISEA J064921.82+840228.0,q,1.2000000476837158,,
9117,145.250999,2QZ J120436.6+015025,QX,1.934999942779541,CXOG J120436.6+015025,
9122,129.684294,J075207.58+273111.9,X,,CXOG J075207.6+273113,
9123,0.706222,UGC 5856,ARX,0.026000000536441803,2SXPS J104448.9+381053,VL0J104448.99+381052.3
9123,148.624577,SDSS J104442.15+381257.2,QX,2.072999954223633,2SXPS J104442.0+381255,
9123,165.915686,SDSS J104439.25+380852.4,Q,2.9700000286102295,,
9123,169.731193,SDSS J104502.09+381202.5,Q,2.069000005722046,,
9125,121.284176,WISEA J131822.84+061824.0,q,0.10000000149011612,,
9127,44.32619,SDSS J164659.60+340946.3,N,0.0989999994635582,,
9129,68.745517,WISEA J222950.40+361526.6,q,1.600000023841858,,
9133,120.217568,WISEA J045205.97-325726.0,q,1.2999999523162842,,
9138,125.110326,UM 606,Q,0.6000000238418579,,
9138,158.556083,2QZ J134218.5+015355,Q,0.6710000038146973,,
9140,133.81677,SDSS J154439.33+410655.1,Q,2.3289999961853027,,
9140,177.856335,SDSS J154440.39+410858.2,Q,1.2200000286102295,,
9142,0.092787,UGC 11871,ARX,0.02800000086426735,2SXPS J220041.3+103307,VL0J220041.34+103307.9
9142,23.434825,SDSS J220041.41+103244.6,qX,1.7000000476837158,XMMSL J220041.7+103252,
9142,113.273228,SDSS J220045.61+103442.3,qX,1.399999976158142,2SXPS J220045.6+103441,
9145,80.327547,SDSS J120715.16+165943.7,QR,1.4950000047683716,,FIRST J120715.1+165943
9145,103.789252,MCG 3-31-042,NR,0.07199999690055847,,NVSS J120712.1+165808
9149,0.080273,3C 353.0,NR2X,0.029999999329447746,CXOG J172028.1-005846,VL0J172028.17-005846.4
9149,20.41914,J172026.99-005836.0,X,0.5,CXOG J172026.9-005836,
9149,53.264584,J172029.44-005936.5,X,,CXOG J172029.4-005936,
9149,57.422872,J172024.34-005841.3,2,0.10000000149011612,,
9149,108.533834,J172035.31-005902.1,2,0.10000000149011612,,
9149,112.510451,SDSS J172028.96-005655.1,qX,1.2000000476837158,CXOG J172028.9-005655,
9152,131.700104,2QZ J014557.6-290424,Q,0.8920000195503235,,
9152,143.441241,2QZ J014559.8-290011,N,0.07699999958276749,,
9154,147.228572,LAMOSTJ022936.45+201333.1,Q,0.9100000262260437,,
9156,167.065199,WISEA J090703.24+373142.1,q,0.800000011920929,,
9157,128.496238,SDSS J105435.12+463454.1,Q,1.4129999876022339,,
9161,158.153836,SDSS J133736.09+383450.9,NR,0.49000000953674316,,FIRST J133736.1+383450
9162,0.343711,MCG 5-32-049,A,0.01600000075995922,,
9163,0.223806,IC 4436,AX,0.03200000151991844,2XMM J142758.3+263015,
9164,71.350309,SDSS J145856.98+412714.0,Q,1.7660000324249268,,
9164,177.811377,SDSS J145848.74+412807.4,Q,2.819999933242798,,
9167,130.156996,SDSS J231417.91+303056.7,Q,1.8860000371932983,,
9167,170.245379,SDSS J231429.25+303232.4,Q,3.061000108718872,,
9168,164.001001,SDSS J233339.15-015954.2,Q,1.3450000286102295,,
9169,99.450405,SDSS J003737.25+253741.4,A,0.4729999899864197,,
9169,144.880373,SDSS J003740.88+254043.8,Q,1.7960000038146973,,
9170,73.820923,SDSS J004309.77+233011.0,Q,2.996999979019165,,
9171,42.018353,J020020.99+243516.6,X,0.30000001192092896,2SXPS J020020.8+243520,
9172,0.1794,ESO 549-36,NR,0.02800000086426735,,VL0J035509.25-172809.4
9175,27.287841,J112927.02+240545.6,X,,4XMM J112927.0+240546,
9175,82.5615,SDSS J112922.88+240538.8,QRX,2.513000011444092,4XMM J112922.8+240538,VL0J112922.88+240538.8
9175,148.580219,SDSS J112920.78+240715.1,qX,1.2000000476837158,4XMM J112920.7+240711,
9176,123.959753,SDSS J122403.48+313000.8,Q,2.4809999465942383,,
9177,50.388924,SDSS J131202.44+204713.0,N2,0.515999972820282,,
9178,149.079419,SDSS J135053.54+213024.9,Q,0.31200000643730164,,
9179,111.47308,SDSS J135304.05+375327.5,Q,2.3239998817443848,,
9179,156.902884,SDSS J135326.16+375228.8,Q,2.619999885559082,,
9180,0.836083,ESO 578-11,AR,0.03099999949336052,,NVSS J135902.7-190332
9182,135.717722,SDSS J160422.90+144954.1,qR,0.20000000298023224,,FIRST J160422.9+144954
9184,47.35101,SDSS J011855.23+161911.9,QR,1.1740000247955322,,VL0J011855.21+161911.8
9184,109.613457,SDSS J011857.27+161743.1,Q,1.7389999628067017,,
9185,164.287692,WISEA J023131.62-174138.0,q,1.2999999523162842,,
9192,93.61911,SDSS J103014.60+151113.0,Q,2.553999900817871,,
9192,97.821102,WISEA J103022.55+151306.8,q,1.600000023841858,,
9193,87.905091,SDSS J113250.02+054459.3,Q,2.572999954223633,,
9194,14.381865,GQ124728+272742,Q,1.840000033378601,,
9194,179.724664,SDSS J124730.01+272429.9,qR,1.899999976158142,,VL0J124730.00+272430.1
9195,68.591809,SDSS J130832.43+281905.7,Q,3.2070000171661377,,
9200,95.580339,J213737.49-470201.1,X,,2SXPS J213738.1-470203,
9201,163.381278,WISEA J213903.25-221333.0,q,1.399999976158142,,
9204,179.979084,2QZ J022817.1-314956,Q,2.128000020980835,,
9208,0.152749,NGC 4282,N,0.003000000026077032,,
9209,69.377299,SDSS J135048.30+394304.6,Q,2.328000068664551,,
9209,173.562745,SDSS J135039.12+393938.1,Q,2.739000082015991,,
9218,133.429906,WISEA J192336.65-285816.4,q,1.2999999523162842,,
9218,138.902469,J192334.11-285752.1,2,1.399999976158142,,
9218,152.45436,J192333.52-285804.2,2,1.399999976158142,,
9221,125.380374,SDSS J045841.02-003358.6,qX,0.30000001192092896,4XMM J045841.0-003358,
9223,82.645716,WISEA J105221.93+103153.2,qX,0.20000000298023224,4XMM J105221.8+103154,
9223,120.974956,SDSS J105232.67+103400.5,qX,2.0999999046325684,4XMM J105232.5+103402,
9224,98.073808,SDSS J115846.66+272845.5,qX,0.5,2SXPS J115846.7+272841,
9229,113.027219,2QZ J024932.9-303255,Q,1.4329999685287476,,
9237,32.908669,WISEA J110648.65+284325.8,q,0.6000000238418579,,
9237,160.070966,SDSS J110649.71+284036.0,Q,3.815000057220459,,
9239,99.225088,WISEA J140550.46-151829.5,q,0.10000000149011612,,
9248,0.212091,MCG 11-20-016,AX,0.02500000037252903,2SXPS J162948.1+672241,
9249,114.118553,J204520.03-053023.8,X,,2SXPS J204520.1-053024,
9252,0.198983,UGC 12138,ARX,0.02500000037252903,CXOG J224017.0+080313,VL0J224017.06+080313.5
9252,80.285569,J224013.36+080411.9,X,,CXOG J224013.3+080411,
9255,97.112071,SDSS J084855.47+410136.2,Q,2.86899995803833,,
9255,161.563174,SDSS J084854.52+405740.6,Q,0.4090000092983246,,
9260,32.890104,WISEA J232803.74+183222.8,q,0.30000001192092896,,
9261,32.566395,J234146.99-012034.8,X,2.4000000953674316,2SXPS J234146.9-012034,
9269,101.996426,SDSS J233836.93+271206.1,QX,1.7829999923706055,CXO J233836.9+271204,
9269,116.34296,J233837.28+271135.6,X,2.0999999046325684,2RXP J233838.0+271140,
9269,118.760402,SDSS J233834.76+271306.2,QX,0.9229999780654907,4XMM J233834.8+271306,
9269,143.337822,SDSS J233848.97+271051.2,QX,0.48399999737739563,CXOX J233848.9+271050,
9273,129.625213,WISEA J094148.96+112650.0,q,2.200000047683716,,
9277,53.6423,J220144.62-020532.3,R,2.299999952316284,,VL0J220144.62-020532.3
9278,120.817831,SDSS J232813.65+322151.7,Q,1.3070000410079956,,
9284,106.7896,J125800.81+281559.9,X,,CXO J125800.8+281559,
9284,130.570326,J125814.42+281530.7,X,,CXOG J125814.4+281530,
9284,143.626165,SDSS J125816.22+281406.7,QX,0.9919999837875366,CXOG J125816.2+281406,
9284,145.712118,J125808.43+281654.0,X,,CXOG J125808.4+281654,
9284,164.31448,SDSS J125809.57+281708.8,qX,2.0,CXOG J125809.5+281708,
9285,107.720492,SDSS J131103.33+434230.5,Q,1.9579999446868896,,
9285,157.094922,SDSS J131125.63+434314.2,Q,1.8389999866485596,,
9286,56.65405,WISEA J141020.49+483307.7,qR,1.0,,VL0J141020.51+483307.8
9289,144.947911,J203014.66-151146.1,R,,,VL0J203014.72-151146.7
9292,0.11011,MCG -2-03-061,N,0.017999999225139618,,
9293,53.062759,J011248.96-613902.4,X,,4XMM J011249.1-613901,
9295,116.815819,WISEA J120624.01-442458.1,q,0.10000000149011612,,
9297,141.866594,WISEA J162550.43+163212.6,q,1.2000000476837158,,
9297,170.175213,SDSS J162542.20+163225.5,Q,1.5829999446868896,,
9299,132.167313,SDSS J223953.23+105934.2,Q,2.369999885559082,,
9302,155.676956,J024521.03+421059.9,X,0.30000001192092896,2SXPS J024521.0+421058,
9303,120.448384,WISEA J031855.40-130511.7,q,1.100000023841858,,
9303,139.356824,WISEA J031859.26-130338.2,q,0.5,,
9304,108.983379,SDSS J120851.68+414609.4,Q,1.3359999656677246,,
9306,16.464029,J142849.70+260139.7,X,,4XMM J142849.6+260141,
9308,0.294218,MCG 4-37-003,N,0.023000000044703484,,
9311,129.53321,SDSS J104510.31+555616.8,QX,0.7289999723434448,CXOG J104510.3+555616,
9311,156.372253,SDSS J104538.68+555622.0,QX,0.8870000243186951,CXOG J104538.6+555622,
9313,160.962763,SDSS J142257.67+375807.4,Q,3.184000015258789,,
9327,108.06937,SDSS J004854.62+281221.4,Q,1.371000051498413,,
9327,169.697706,SDSS J004904.53+281018.3,Q,1.9850000143051147,,
9328,114.121339,SDSS J020031.40+210710.1,Q,1.3109999895095825,,
9336,121.34618,WISEA J145400.54+730553.1,q,2.4000000953674316,,
9342,120.219923,WISEA J014029.85-333852.0,q,1.100000023841858,,
9342,122.786195,WISEA J014027.73-333605.2,q,0.6000000238418579,,
9342,162.127132,WISEA J014034.91-333958.6,q,2.200000047683716,,
9344,141.071317,2QZ J025231.0-315027,QX,2.203000068664551,2SXPS J025230.8-315031,
9344,172.519807,2QZ J025216.6-314626,QX,1.1790000200271606,2SXPS J025216.5-314626,
9349,75.79695,WISEA J141852.85+052815.2,q,2.5999999046325684,,
9349,141.038432,SDSS J141847.55+052835.2,N,0.17900000512599945,,
9349,158.231006,WISEA J141844.31+052725.2,qX,1.7999999523162842,2SXPS J141844.6+052724,
9354,0.202834,MCG -01.05.031,NRX,0.017999999225139618,4XMM J014525.4-034938,FIRST J014525.5-034937
9354,24.082939,J014526.26-034958.5,X,,2RXS J014526.5-034943,
9354,158.494592,SDSS J014525.43-035216.2,QX,1.4559999704360962,4XMM J014525.3-035216,
9354,164.886464,SDSS J014531.16-034716.6,QX,1.9520000219345093,2XMMi J014531.1-034716,
9354,170.97637,SDSS J014533.26-034732.8,qX,1.100000023841858,4XMM J014533.2-034732,
9362,44.678052,SDSS J130530.94+534023.4,QX,2.7339999675750732,CXOG J130530.9+534023,
9362,105.022529,J130532.52+534251.8,R,,,VL0J130532.56+534251.5
9362,112.136347,J130532.58+534258.9,X,,4XMM J130532.7+534258,
9363,104.259326,WISEA J131919.69-151104.4,q,0.20000000298023224,,
9367,173.201665,SDSS J013355.51-010651.4,Q,1.1619999408721924,,
9369,118.531537,SDSS J084020.84+522624.4,A,0.4880000054836273,,
9370,157.728224,SDSS J091914.73+201206.9,Q,2.569999933242798,,
9371,145.363878,SDSS J091945.96+272906.5,qX,1.600000023841858,2SXPS J091946.1+272908,
9385,105.024224,J025515.16+092134.9,X,0.30000001192092896,2XMM J025514.9+092133,
9385,107.966876,J025503.63+092036.0,X,0.30000001192092896,4XMM J025503.7+092039,
9390,0.188025,IC 4381,ARX,0.03099999949336052,2SXPS J141057.5+252956,FIRST J141057.2+252949
9390,167.283985,SDSS J141106.37+253142.8,Q,0.6890000104904175,,
9392,104.876885,SDSS J143542.06+364829.3,Q,1.7599999904632568,,
9395,0.397163,NGC 2830,NRX,0.019999999552965164,CXOG J091941.3+334416,NVSS J091941.9+334412
9395,66.89793,SDSS J091940.96+334310.2,QX,1.7450000047683716,CXOG J091940.9+334310,
9397,78.779208,2SLAQ J100824.55+002254.3,Q,2.078000068664551,,
9401,177.796981,WISEA J142920.90+021842.5,q,0.30000001192092896,,
9404,126.646363,SDSS J225357.88+322402.5,Q,2.7019999027252197,,
9407,109.043394,SDSS J074131.52+184247.4,Q,1.225000023841858,,
9407,172.917676,SDSS J074130.36+184110.0,Q,1.0609999895095825,,
9411,143.530628,J055101.44-144506.3,X,0.5,2SXPS J055101.2-144503,
9415,158.343029,SDSS J144712.80+133939.3,N,0.03200000151991844,,
9429,138.408788,SDSS J112130.83+461314.6,N,0.125,,
9431,0.326984,NGC 5972,NRX,0.029999999329447746,2SXPS J153854.2+170133,FIRST J153854.1+170134
9442,136.537627,WISEA J064254.11-641340.2,q,0.20000000298023224,,
9454,0.203663,CGCG 178-28,NRX,0.03200000151991844,2SXPS J080707.2+361358,NVSS J080707.5+361358
9454,60.252227,SDSS J080702.30+361347.8,Q,2.6760001182556152,,
9454,86.939905,SDSS J080712.02+361256.2,QX,2.111999988555908,2SXPS J080712.2+361254,
9458,101.746919,WISEA J125941.35-210559.4,q,0.20000000298023224,,
9464,62.541528,WISEA J022513.15-544611.1,q,0.4000000059604645,,
9466,136.64145,SDSS J094356.54+424237.4,Q,1.6260000467300415,,
9466,173.831806,SDSS J094403.21+423741.5,Q,2.194999933242798,,
9471,141.271389,SDSS J225946.22+244934.9,Q,2.0950000286102295,,
9471,177.277276,SDSS J225934.68+245344.6,AX,0.49399998784065247,2SXPS J225934.5+245346,
9472,65.538334,WISEA J021821.69+380123.9,q,1.0,,
9473,164.968282,WISEA J022002.18-194227.5,q,2.4000000953674316,,
9478,171.759842,WISEA J103542.32-281852.0,q,0.8999999761581421,,
9480,43.534876,WISEA J120745.49+672219.9,q,0.8999999761581421,,
9483,29.936442,SDSS J135823.86+060350.1,qX,0.8999999761581421,1WGA J1358.3+0604,
9486,110.584781,WISEA J221609.03+372643.1,q,1.2000000476837158,,
9486,111.466203,WISEA J221602.57+372838.9,q,0.10000000149011612,,
9487,41.480594,J012550.79-011654.4,X,,CXOG J012550.8-011654,
9487,83.640647,J012549.02-011611.6,X,0.5,CXOX J012549.0-011610,
9487,93.689782,J012543.87-011714.8,X,,2RXP J012544.3-011723,
9487,115.501896,J012554.58-011906.8,X,,CXOG J012554.5-011907,
9487,155.819141,J012539.93-011654.7,X,,4XMM J012539.9-011655,
9487,157.069156,J012555.16-011950.6,X,,CXOG J012555.1-011950,
9500,109.028121,J103903.03+414233.9,X,,2RXP J103902.5+414231,
9500,123.130891,SDSS J103902.08+414243.3,qX,0.30000001192092896,4XMM J103902.0+414243,
9500,135.594949,J103857.86+414036.6,X,,4XMM J103858.1+414036,
9502,0.235105,NGC 6013,AX,0.014999999664723873,1WGA J1552.8+4038,
9503,105.699974,SDSS J160508.29+174532.8,qR,0.800000011920929,,FIRST J160508.2+174531
9503,126.671016,DRCG 34-61,AX,0.03099999949336052,2XMM J160515.8+174227,
9503,140.834178,Q 1602.8+1753,QX,3.005000114440918,2XMM J160501.3+174515,
9504,159.096556,J202729.26-522211.2,X,,2RXS J202730.1-522210,
9506,68.864557,WISEA J230251.71-691157.9,q,1.2999999523162842,,
9515,81.200102,WISEA J204736.93-380711.2,q,0.8999999761581421,,
9520,168.594983,J104104.60+060056.7,X,,4XMM J104104.6+060055,
9526,141.979539,J184001.88+401024.6,X,0.8999999761581421,2SXPS J184002.3+401019,
9527,55.938847,WISEA J212618.60-395229.6,q,1.2999999523162842,,
9534,133.180973,WISEA J173837.42+592026.7,q,1.899999976158142,,
9536,0.065206,NGC 768,NR,0.023000000044703484,,NVSS J015840.5+003146
9536,135.373155,SDSS J015849.94+003135.0,Q,1.5750000476837158,,
9540,96.26556,SDSS J094308.64+375021.6,Q,2.2760000228881836,,
9540,157.080043,SDSS J094249.88+375021.8,Q,2.7829999923706055,,
9541,177.530544,SDSS J113944.71+550719.9,Q,1.777999997138977,,
9542,130.330714,J123845.25+102736.4,R,,,VL0J123845.24+102736.6
9543,113.312081,WISEA J125956.83-453755.9,q,1.100000023841858,,
9544,160.895955,SDSS J141750.01+073057.6,QR2X,1.0829999446868896,CXOG J141750.0+073058,VL0J141749.99+073058.0
9547,105.493748,SDSS J012723.02-011556.2,QX,1.496999979019165,2SXPS J012723.1-011556,
9547,142.754646,DRCG 7-49,N,0.06700000166893005,,
9548,100.887752,SDSS J015437.10+180257.9,NR,0.49300000071525574,,NVSS J015437.1+180301
9552,40.841459,SDSS J104820.27+005102.8,qR,1.5,,VL0J104820.26+005103.2
9552,50.36754,2QZ J104815.7+005039,Q,1.4730000495910645,,
9552,110.524213,2SLAQ J104819.82+004837.0,Q,0.6959999799728394,,
9553,23.270942,SDSS J122111.14+281008.2,qX,1.7999999523162842,4XMM J122111.0+281007,
9553,93.803507,J122116.69+281013.4,X,1.100000023841858,2XMM J122116.7+281013,
9554,32.583916,WISEA J125655.73-224941.4,q,1.100000023841858,,
9557,114.704391,WISEA J175048.13+173230.7,qR,0.20000000298023224,,VL0J175048.15+173230.4
9562,96.308962,PGC 1200579,NR,0.13199999928474426,,FIRST J012442.1+013715
9562,171.573014,WISEA J012458.13+013515.6,qX,0.800000011920929,4XMM J012458.1+013517,
9563,25.917959,WISEA J093401.73-051233.1,q,0.20000000298023224,,
9565,105.141301,WISEA J124250.58-011313.9,q,0.20000000298023224,,
9568,95.953002,J020101.91-053200.7,X,,4XMM J020102.0-053200,
9568,140.870266,WISEA J020107.34-052918.6,q,1.7000000476837158,,
9570,0.173923,IC 355,ARX,0.028999999165534973,2SXPS J035346.2+195826,NVSS J035346.9+195821
9573,86.729583,SDSS J093356.64+340034.8,QX,2.1559998989105225,CXOG J093356.6+340035,
9575,88.023794,2QZ J103809.7-023700,Q,0.4189999997615814,,
9576,0.457623,UGC 5881,NRX,0.020999999716877937,2SXPS J104642.5+255554,FIRST J104642.5+255553
9577,115.707126,J121956.18+052057.2,X,,1WGA J1219.9+0520,
9581,0.289067,NGC 6346,NRX,0.029999999329447746,CXOG J171524.4+571921,FIRST J171524.4+571920
9581,83.039625,J171516.24+572011.1,X,,CXOG J171516.2+572011,
9581,100.716635,J171535.96+571843.3,X,,CXOG J171536.0+571842,
9581,176.604391,J171538.50+572136.3,X,1.7999999523162842,CXOX J171538.2+572134,
9582,0.430964,ESO 530-47,NRX,0.03200000151991844,XMMSL J212702.5-225930,VL0J212702.80-225931.3
9585,178.740697,WISEA J025519.39-140134.8,q,0.10000000149011612,,
9588,70.632861,WISEA J103534.12-060936.1,q,1.399999976158142,,
9589,134.483462,WISEA J104634.90-251415.3,q,2.0999999046325684,,
9595,170.364645,J120646.66-315422.2,X,,CXOG J120646.6-315422,
9600,113.16564,LAMOSTJ012726.04+313327.1,Q,0.6299999952316284,,
9600,124.236593,SDSS J012735.26+313521.2,QR,1.1160000562667847,,VL0J012735.24+313521.2
9603,42.052074,SDSS J110157.33+451302.5,Q,1.7860000133514404,,
9603,158.196682,SDSS J110144.16+451402.9,Q,0.925000011920929,,
9609,95.461319,WISEA J202824.88-330253.2,q,1.899999976158142,,
9617,62.157129,SDSS J104201.81+181527.7,QX,0.47999998927116394,2RXS J104202.6+181530,
9618,46.006063,WISEA J125523.87-131346.5,q,0.4000000059604645,,
9623,159.695828,SDSS J225239.96+113744.1,Q,2.171999931335449,,
9624,104.296615,WISEA J004750.42-092422.9,q,1.7000000476837158,,
9636,167.300582,WISEA J024715.18-025631.7,q,1.399999976158142,,
9638,26.648629,SDSS J094224.34+362122.9,Q,1.3609999418258667,,
9638,50.815868,SDSS J094224.71+362011.0,Q,2.746999979019165,,
9638,174.418712,SDSS J094235.80+362227.5,Q,1.2100000381469727,,
9639,110.828157,SDSS J110413.44+451642.6,Q,3.427000045776367,,
9639,148.425315,SDSS J110354.65+451358.5,QX,1.0299999713897705,2XMM J110354.8+451358,
9644,156.964015,J224514.18-224627.0,X,2.4000000953674316,2SXPS J224514.2-224627,
9646,146.266317,2SLAQ J091754.75-001428.3,Q,1.3890000581741333,,
9647,122.566502,SDSS J124816.40+265235.3,Q,2.513000011444092,,
9647,124.278766,SDSS J124829.43+264946.9,Q,3.319000005722046,,
9647,156.135419,KUV 12461+2710,QX,0.5860000252723694,2RXS J124834.1+265306,
9648,164.554411,SDSS J140344.84+092844.7,qX,1.0,2SXPS J140344.8+092845,
9651,152.077433,SDSS J223117.41-022328.2,Q,2.7769999504089355,,
9656,155.427393,J043150.10-050304.5,X,,CXOG J043150.1-050304,
9658,144.023315,WISEA J050846.95-003258.7,q,1.2000000476837158,,
9667,0.298672,MCG 6-34-024,NR,0.01899999938905239,,VL0J153838.50+365730.1
9668,37.195376,J160825.32+575618.1,R,,,VL0J160825.37+575618.2
9683,146.762047,J135204.42+020153.3,X,,CXOG J135204.3+020152,
9685,142.514604,WISEA J145242.99+043407.9,q,0.8999999761581421,,
9688,122.096217,SVA1_COADD-2925783603,Q,1.9880000352859497,,
9691,122.891821,WISEA J091644.63+454019.9,q,0.6000000238418579,,
9691,161.036617,SDSS J091703.55+454029.1,Q,2.255000114440918,,
9692,86.270422,SDSS J093521.20+344353.4,Q,2.1110000610351562,,
9692,134.807402,SDSS J093503.46+344419.4,Q,2.0789999961853027,,
9698,146.682264,SDSS J045841.02-003358.6,qX,0.30000001192092896,4XMM J045841.0-003358,
9699,155.078053,SDSS J125703.71+290440.0,Q,2.869999885559082,,
9699,170.447593,SDSS J125703.24+290029.3,Q,3.191999912261963,,
9701,128.962359,WISEA J174717.46+640020.0,qX,0.30000001192092896,2RXS J174717.1+640022,
9703,156.021045,SDSS J001713.89+295538.2,Q,0.49399998784065247,,
9703,160.07308,WISEA J001704.51+295910.8,q,1.2000000476837158,,
9704,84.843184,SDSS J010026.08+304730.8,Q,2.2669999599456787,,
9704,171.254547,SDSS J010019.83+304658.0,Q,1.6970000267028809,,
9707,70.519688,SDSS J091837.06+134858.6,Q,1.194000005722046,,
9708,0.287525,MCG 11-12-008A,AR,0.028999999165534973,,VL0J092459.46+652757.9
9711,130.26323,SDSS J172943.35+602154.3,Q,1.9270000457763672,,
9712,85.899522,CTS A12.03,Q,2.200000047683716,,
9713,95.659158,SDSS J232734.94+233605.7,QX,1.1540000438690186,CXOG J232734.9+233605,
9713,176.182571,SDSS J232729.00+233619.9,QX,0.9610000252723694,CXOG J232728.9+233619,
9714,162.7876,SDSS J020135.00+263341.0,Q,1.8339999914169312,,
9716,25.24028,J102709.90-031843.1,X,,2RXP J102709.8-031846,
9716,42.811078,J102713.05-031907.0,X,,XMMX J102713.0-031910,
9716,49.460268,WISEA J102706.89-031908.1,qX,0.6000000238418579,2XMM J102706.8-031908,
9717,117.098273,J125538.52+271311.6,X,,2XMM J125538.5+271312,
9717,168.664473,PGC 1802443,NX,0.17100000381469727,2XMM J125553.9+271515,
9718,70.005349,SDSS J130038.31+362130.5,Q,1.3209999799728394,,
9718,119.984771,SDSS J130035.87+362211.8,Q,1.7400000095367432,,
9726,145.044951,SDSS J110006.73+351701.7,Q,1.3769999742507935,,
9728,0.226612,NGC 6394,AR,0.02800000086426735,,VL0J173021.43+593823.5
9733,36.423034,J013335.46-363515.5,X,,2XMMi J013335.3-363515,
9733,84.252059,J013331.72-363705.5,X,,2XMMi J013331.6-363704,
9734,27.498727,2SLAQ J021109.46-003855.9,Q,1.437000036239624,,
9734,94.00531,SDSS J021108.56-003743.2,Q,2.109999895095825,,
9737,72.116533,SDSS J080428.86+293114.9,Q,1.0,,
9739,171.557345,WISEA J153153.67+821409.8,q,1.2999999523162842,,
9745,0.20064,Zw 493.002,ARX,0.02500000037252903,2SXPS J213833.3+320503,VL0J213833.43+320505.7
9746,173.04216,SDSS J223653.72+191105.9,Q,2.1089999675750732,,
9747,109.515929,WISEA J230900.36+120114.0,q,0.4000000059604645,,
9751,76.232664,J032627.42-212235.4,X,,4XMM J032627.3-212235,
9752,159.271121,WISEA J044731.21-101527.8,qX,0.5,4XMM J044731.2-101527,
9752,170.767985,J044733.63-101203.5,X,1.0,4XMM J044733.6-101203,
9754,105.37521,PGC 213623,A,0.11900000274181366,,
9761,107.321332,SDSS J210944.89-084935.2,qX,0.699999988079071,2SXPS J210944.8-084936,
9765,100.205515,SDSS J062332.09+643255.7,Q,2.6559998989105225,,
9767,0.136711,NGC 3392,AX,0.010999999940395355,2SXPS J105103.0+654654,
9767,173.245512,SDSS J105059.14+654945.1,Q,2.6029999256134033,,
9768,0.166642,IRASF 15480-0344,ARX,0.029999999329447746,4XMM J155041.5-035318,FIRST J155041.5-035318
9768,37.181367,J155039.30-035335.0,X,0.5,4XMM J155039.3-035334,
9768,148.717642,J155032.82-035430.3,X,1.399999976158142,2XMM J155032.9-035433,
9768,152.414023,J155047.82-035517.3,X,1.5,2XMM J155048.0-035516,
9771,172.588917,WISEA J205640.94-163434.1,q,0.699999988079071,,
9778,38.978243,J075111.69+501100.4,X,,CXOG J075111.6+501100,
9778,74.034331,SDSS J075110.66+501026.5,qX,0.4000000059604645,CXOG J075110.6+501026,
9778,170.587578,UGC 4052,ARX,0.024000000208616257,CXOG J075120.9+501410,FIRST J075121.0+501409
9778,174.822567,SDSS J075131.33+501204.2,qX,2.299999952316284,CXOG J075131.3+501204,
9782,126.148423,J165734.21+274853.0,X,,CXOG J165734.2+274853,
9782,132.57727,J165720.76+274927.0,X,,4XMM J165720.7+274924,
9782,140.485517,SDSS J165722.83+274846.8,qX,1.2000000476837158,4XMM J165722.8+274846,
9782,157.185952,SDSS J165731.82+275312.8,qX,1.100000023841858,CXOG J165731.8+275312,
9782,173.406927,NGC 6264,NX,0.03400000184774399,4XMM J165716.1+275058,
9786,102.848515,SDSS J023751.62+020614.2,Q,2.99399995803833,,
9786,106.071497,SDSS J023748.52+020518.8,Q,1.8009999990463257,,
9786,165.22567,J023751.90+020209.8,R,1.2999999523162842,,FIRST J023751.9+020207
9790,157.472494,WISEA J134035.74+044757.5,q,1.600000023841858,,
9795,77.018072,SDSS J110903.12+284004.5,Q,1.4390000104904175,,
9798,74.024896,WISEA J214603.47-744931.1,q,1.399999976158142,,
9802,16.151398,UVQSJ022054.52+003324.3,AR,0.057999998331069946,,VL0J022054.53+003324.4
9802,164.384251,SDSS J022043.03+003415.6,Q,2.7639999389648438,,
9806,50.704209,2E 1259+2807,AX,0.24199999868869781,CXOG J130128.1+275106,
9806,163.875986,SDSS J130141.28+275235.6,qX,0.30000001192092896,CXOG J130141.2+275235,
9807,107.314025,SDSS J165725.43+465156.5,Q,1.0920000076293945,,
9808,151.339082,SDSS J222428.77+322726.5,Q,2.4140000343322754,,
9809,44.968843,2QZ J023124.9-293435,K,0.3630000054836273,,
9811,96.745326,WISEA J104801.03+142252.8,q,0.8999999761581421,,
9817,136.01274,WISEA J193551.71-572916.6,q,0.10000000149011612,,
9820,167.979517,SDSS J000411.71+104438.9,Q,1.524999976158142,,
9834,106.01094,J140614.60+021840.3,R,,,VL0J140614.59+021839.4
9841,73.790044,J121114.90-464133.7,X,,2XMM J121114.7-464131,
9842,164.137101,SDSS J131740.22+203649.4,Q,1.5360000133514404,,
9842,164.918207,SDSS J131719.14+203823.2,qR,1.399999976158142,,NVSS J131720.2+203829
9845,76.23802,WISEA J211114.19-202753.8,q,0.10000000149011612,,
9846,69.969083,J231929.65+160320.1,X,,4XMM J231929.7+160320,
9850,153.036623,SDSS J080521.53+355437.3,Q,2.005000114440918,,
9850,164.831307,SDSS J080515.46+355748.4,Q,3.0329999923706055,,
9851,176.878184,SDSS J085526.72+073312.9,Q,2.687999963760376,,
9853,142.852741,2SLAQ J143541.66+000128.4,N,0.029999999329447746,,
9854,120.099564,SDSS J163703.42+362435.0,QX,2.502000093460083,4XMM J163703.5+362430,
9857,123.618725,WISEA J212854.81-414659.8,q,1.2999999523162842,,
9859,152.149063,SDSS J013650.74+055229.3,Q,2.4839999675750732,,
9859,173.796923,WISEA J013642.27+055245.6,q,0.800000011920929,,
9867,137.306884,WISEA J202121.31-443824.7,q,1.7000000476837158,,
9870,28.111047,SDSS J225446.78+321233.0,Q,0.8560000061988831,,
9877,154.812408,SDSS J133332.96+545902.4,Q,1.7829999923706055,,
9877,170.767716,SDSS J133309.67+545446.5,Q,1.2020000219345093,,
9878,139.774109,WISEA J142032.78+065333.9,q,0.6000000238418579,,
9879,156.250762,UGC 9258,N,0.02800000086426735,,
9880,173.110438,SDSS J152209.06+135833.8,QRX,1.7979999780654907,2SXPS J152209.0+135836,VL0J152209.08+135833.8
9882,166.629305,SDSS J222815.70+170746.5,A,0.5879999995231628,,
9883,72.225994,SDSS J003926.20+022716.9,Q,1.559000015258789,,
9886,118.481568,J031037.22+042127.8,X,2.4000000953674316,2SXPS J031037.2+042130,
9886,179.248451,LAMOSTJ031041.36+042226.4,Q,2.3440001010894775,,
9889,0.222005,UGC 4042,NR,0.02800000086426735,,FIRST J074959.9+300129
9889,63.499363,SDSS J075000.13+300026.4,Q,2.3299999237060547,,
9893,24.449698,J234254.60-033904.6,R,2.299999952316284,,VL0J234254.59-033904.4
9897,51.238018,SDSS J012110.98+012158.9,Q,1.8819999694824219,,
9897,176.081076,SDSS J012107.55+011928.1,Q,0.6259999871253967,,
9899,133.620425,WISEA J023328.51-201259.2,q,1.5,,
9900,132.138628,J030410.03+203357.5,X,0.5,2SXPS J030409.8+203358,
9900,172.155711,LAMOSTJ030403.83+203625.2,Q,2.2890000343322754,,
9907,160.757416,SDSS J012731.33-061036.1,qX,1.899999976158142,CXOG J012731.2-061036,
9910,67.809196,WISEA J075425.51+541546.4,q,2.0999999046325684,,
9911,155.240993,SDSS J105850.29+251049.3,QR,2.1470000743865967,,VL0J105850.28+251049.3
9912,114.790409,WISEA J111011.11+633652.4,q,2.700000047683716,,
9914,28.029024,SDSS J130853.88+281129.4,Q,1.7890000343322754,,
9914,110.921109,SDSS J130900.57+280949.8,Q,2.197999954223633,,
9917,159.605055,SDSS J163049.82+350449.5,Q,0.9599999785423279,,
9917,160.306044,SDSS J163044.56+350058.8,Q,0.9210000038146973,,
9925,67.850186,SDSS J095451.44+374015.9,Q,2.0209999084472656,,
9927,0.687728,UGC 10593,NRX,0.028999999165534973,2SXPS J165218.8+555417,FIRST J165218.8+555419
9927,161.652888,J165202.49+555544.8,X,1.100000023841858,2SXPS J165202.4+555544,
9933,0.205153,NPM 1G-18.0288,A,0.012000000104308128,,
9934,150.785467,SDSS J090807.72+414420.3,Q,1.437999963760376,,
9937,61.901321,SDSS J104946.10+515237.9,Q,3.4089999198913574,,
9944,106.964387,LAMOSTJ000852.97+154806.7,QX,0.8569999933242798,CXOG J000852.9+154806,
9949,0.192149,ESO 424-12,AX,0.008999999612569809,2SXPS J054333.0-273906,
9951,93.912469,SDSS J102627.09+453400.2,Q,0.859000027179718,,
9951,127.49288,SDSS J102620.44+453233.7,Q,2.872999906539917,,
9951,129.662031,SDSS J102614.59+453641.4,Q,1.2730000019073486,,
9952,133.733243,J120906.88+291653.3,X,,2SXPS J120906.9+291654,
9952,152.589179,SDSS J120902.22+291228.2,qX,1.2000000476837158,2SXPS J120902.2+291232,
9952,158.535774,SDSS J120906.92+291239.0,qX,1.399999976158142,2SXPS J120906.8+291240,
9957,15.740213,J162558.48+435735.3,X,,4XMM J162558.5+435737,
9963,76.539122,SDSS J075525.34+532046.5,Q,1.6100000143051147,,
9963,132.51511,SDSS J075531.47+531833.1,Q,1.3270000219345093,,
9965,131.562997,J125236.94+262943.7,X,0.5,2SXPS J125236.8+262946,
9968,0.056176,PGC 133238,NR,0.01899999938905239,,NVSS J210800.0-295010
9971,128.185471,WISEA J025044.77+155835.2,q,2.4000000953674316,,
9973,145.833179,J030533.04-164508.8,R,1.2999999523162842,,VL0J030533.05-164508.5
9976,117.416287,J130416.59-302405.7,X,,4XMM J130416.6-302405,
9978,69.898481,SDSS J144056.62+030910.7,N,0.08299999684095383,,
9979,134.91114,J184556.48-625923.6,X,,2XMMi J184556.6-625923,
9981,118.323024,J011137.68-455710.7,X,,4XMM J011137.7-455710,
9985,173.945095,WISEA J074612.33+570415.6,q,0.800000011920929,,
9988,36.499567,SDSS J113233.07+545611.1,QX,0.9459999799728394,4XMM J113233.1+545610,
9988,87.899743,SDSS J113224.36+545603.1,QX,2.125,4XMM J113224.1+545604,
9988,137.613513,SDSS J113237.09+545320.4,Q,2.1610000133514404,,
9988,160.882496,SDSS J113235.27+545816.2,QX,0.8690000176429749,2SXPS J113235.4+545816,
9992,144.212278,SDSS J203226.29-211221.3,qX,0.30000001192092896,4XMM J203226.2-211222,
9995,0.159489,UGC 3134,NRX,0.028999999165534973,CXOG J044148.2-011806,NVSS J044148.3-011804
9995,79.303135,J044148.49-011647.4,X,,CXOG J044148.5-011648,
9997,128.462463,Q J13070+2832,Q,1.562999963760376,,
10837,179.409525,J072946.54+542433.0,R,,,VL0J072946.60+542432.6
10838,122.962766,SDSS J091356.19+622135.6,Q,0.5879999995231628,,
955,2.83077,NGC 2782,NRX,0.00800000037997961,1RXH J091405.1+400651,VL0J091404.94+400649.4
955,49.146121,J091404.24+400737.6,X,,CXOG J091404.2+400738,
955,62.641148,J091409.89+400619.1,X,,CXOG J091410.1+400619,
955,71.579378,J091400.54+400600.8,X,,CXOG J091400.5+400600,
955,100.368492,SDSS J091359.19+400535.6,QX,2.13700008392334,CXOG J091359.1+400535,
955,105.018012,J091414.22+400700.9,X,,CXOG J091414.1+400701,
955,139.464087,J091401.36+400902.1,X,,CXOG J091401.3+400902,
955,163.841135,SDSS J091356.98+400904.1,QX,1.1440000534057617,CXOG J091356.9+400904,
21010,0.189657,UGC 5019,NRX,0.032999999821186066,4XMM J092555.5+240819,VL0J092555.55+240820.7
21010,125.271103,J092602.97+240934.1,X,,4XMM J092602.9+240933,
10839,143.808792,SDSS J132710.28+552650.5,Q,2.0209999084472656,,
10839,158.863711,SDSS J132715.90+553148.8,Q,2.240000009536743,,
21012,103.725537,HE 1001-1453,AX,0.34200000762939453,2SXPS J100341.9-150804,
10840,54.890984,PGC 1366409,N,0.07500000298023224,,
957,0.129971,NGC 7135,NR,0.007000000216066837,,VL0J214945.98-345233.9
957,64.487833,J214951.24-345238.5,X,,2SXPS J214951.4-345239,
960,124.351667,WISEA J130555.26-294516.1,q,0.5,,
10843,176.270929,SDSS J235750.32+092608.8,Q,1.5080000162124634,,
10844,104.853222,SDSS J001801.02-091801.4,Q,1.5609999895095825,,
962,165.453249,PKS 1203-26,QR2X,0.7860000133514404,CXOG J120533.2-263404,VL0J120533.18-263402.1
21018,156.674948,WISEA J212038.86-484246.3,q,0.30000001192092896,,
10845,132.893661,WISEA J010523.81-462117.5,q,1.0,,
21019,101.065158,LAMOSTJ003131.53+061324.8,Q,1.5199999809265137,,
21019,120.00703,SDSS J003132.15+061343.3,Q,2.634999990463257,,
21019,178.860718,SDSS J003136.42+061355.3,Q,1.4739999771118164,,
10846,0.137797,6dF J010526.8-421258,NX,0.029999999329447746,2SXPS J010526.9-421256,
21022,152.096743,J035819.90-715552.2,X,,4XMM J035819.8-715552,
10850,142.769147,SDSS J114307.68+272201.5,Q,2.5420000553131104,,
972,16.22548,J011945.32+032450.4,X,,CXOG J011945.2+032450,
972,33.93586,J011942.76+032422.5,X,,CXOG J011942.7+032422,
972,90.753037,NGC 470.68,QX,1.875,CXOG J011948.9+032329,
972,93.203561,NGC 470.68D,QX,1.5329999923706055,CXOG J011948.2+032318,
972,137.337975,SDSS J011949.18+032234.7,qX,1.399999976158142,CXOG J011949.1+032234,
972,176.124134,SDSS J011935.59+032247.0,QX,1.2740000486373901,4XMM J011935.5+032246,
10851,0.222049,IC 753,NR,0.020999999716877937,,NVSS J115912.7-003132
10851,171.601283,SDSS J115905.23-003333.7,Q,1.3680000305175781,,
21025,130.443298,WISEA J060953.40-452424.4,q,1.100000023841858,,
973,159.473199,SDSS J140257.04+344256.5,Q,2.4820001125335693,,
21026,116.047363,J090422.12+172433.6,R,0.699999988079071,,VL0J090422.13+172433.8
21026,169.146013,SDSS J090405.78+172714.6,Q,1.4850000143051147,,
974,105.545429,J105032.08-124943.3,X,0.6000000238418579,2CXO J105032.0-124943,
974,155.682961,J105036.23-124954.8,X,2.5999999046325684,CXOG J105036.2-124955,
10852,43.290208,SDSS J122739.22+121825.4,QR,1.7369999885559082,,VL0J122739.18+121825.9
21027,32.739473,SDSS J092710.91+230235.8,Q,2.5820000171661377,,
21027,110.808427,UGC 5037,ARX,0.026000000536441803,XMMSL J092718.5+230112,VL0J092718.49+230112.4
975,0.34974,NGC 1058,NRX,0.0020000000949949026,CXOG J024330.0+372028,NVSS J024329.5+372018
21028,139.040638,2QZ J131221.9-022524,QX,1.8389999866485596,4XMM J131221.9-022524,
10854,113.928432,SDSS J235510.92-034633.4,Q,1.4390000104904175,,
976,136.618232,SDSS J235054.63+200938.6,QX,3.1700000762939453,4XMM J235054.6+200938,
21029,151.28741,SDSS J163208.52+403310.5,Q,1.184000015258789,,
977,28.04592,J044212.90-202621.7,X,,CXOG J044212.8-202623,
977,123.955705,J044222.98-202530.1,X,2.5,CXOG J044222.9-202530,
10858,86.343063,SDSS J084526.75+550546.8,Q,1.6180000305175781,,
10858,172.327087,SDSS J084522.94+550415.2,Q,0.7409999966621399,,
21034,150.001216,SDSS J224837.92+273904.8,A,0.125,,
21035,152.234152,WISEA J030958.56-115648.0,q,0.4000000059604645,,
982,61.411588,J233535.17+151800.2,R,,,NVSS J233535.1+151759
21036,127.733506,WISEA J041904.49-023353.8,q,2.5,,
983,91.51542,J123401.03+111822.7,X,,CXOG J123401.0+111822,
983,115.771747,SDSS J123358.47+111947.0,QX,0.7480000257492065,CXOG J123358.4+111946,
983,124.439973,SDSS J123410.72+111732.6,QX,0.8159999847412109,CXOG J123410.7+111732,
983,128.66386,J123414.60+111944.1,X,,CXOG J123414.6+111943,
983,141.530679,SDSS J123400.88+111717.2,qX,2.299999952316284,CXOG J123400.8+111717,
10861,0.192106,NGC 5214,AR,0.027000000700354576,,FIRST J133248.6+415219
10861,93.012825,SDSS J133253.53+415334.4,QR,1.4910000562667847,,VL0J133253.55+415334.6
10861,119.281007,SDSS J133245.89+415023.4,Q,0.3970000147819519,,
984,150.381736,NGC 5296 BSO1,Q,0.9710000157356262,,
985,60.924818,J140953.05+173242.3,R2,,,NVSS J140952.9+173241
21039,57.085883,SDSS J092740.37+590759.9,Q,2.4010000228881836,,
10864,168.792235,WISEA J163757.62-012407.3,q,0.5,,
986,81.606111,J105209.43+325543.8,X,,4XMM J105209.6+325543,
986,86.12817,WISEA J105209.97+325825.6,qX,0.699999988079071,2SXPS J105210.3+325822,
21040,0.04662,UGC 5356,N,0.026000000536441803,,
21040,155.855217,SDSS J095908.24+510152.3,Q,1.6419999599456787,,
987,28.063125,NGC 5929,NRX,0.00800000037997961,2SXPS J152606.2+414016,VL0J152606.16+414014.2
10865,0.353526,UGC 40,NR,0.02500000037252903,,NVSS J000548.8+272656
989,148.903757,WISEA J034339.98-354845.9,q,1.2000000476837158,,
10866,103.967421,WISEA J002725.32-045221.7,q,2.4000000953674316,,
10866,133.938643,SDSS J002724.51-045133.1,Q,0.5379999876022339,,
21044,46.601653,WISEA J132538.53-130825.4,q,2.0,,
992,73.555465,SDSS J143231.32+495519.0,AX,0.24799999594688416,2RXS J143231.1+495520,
21047,142.92548,WISEA J172332.71+520238.1,q,1.7000000476837158,,
993,41.098289,J214115.17-635400.4,X,,CXOG J214115.5-635402,
993,71.925099,J214109.56-635503.9,X,,CXOG J214109.5-635503,
993,99.470114,WISEA J214106.63-635525.6,qX,0.800000011920929,CXOG J214106.6-635525,
993,103.773414,J214125.01-635254.7,X,,CXOG J214124.9-635255,
993,144.43625,J214115.98-635208.5,X,,CXOG J214115.9-635208,
993,160.900107,WISEA J214121.26-635150.9,qX,0.4000000059604645,CXOG J214121.2-635150,
10870,44.052053,J093322.18+340259.0,X,,1WGA J0933.3+3403,
10870,137.758641,J093317.09+340419.9,X,1.2999999523162842,CXOG J093317.0+340419,
994,133.493557,WISEA J135608.56-302133.9,qR,0.30000001192092896,,SUMSS J135608.6-302131
994,154.85629,J135610.58-302128.8,R,,,VL0J135610.57-302128.4
21053,60.246203,WISEA J010440.30-465656.5,q,0.6000000238418579,,
997,101.095763,J132032.83-434304.1,X,,4XMM J132032.7-434305,
999,130.633072,SDSS J113914.08+561423.6,Q,0.9179999828338623,,
10875,133.8948,WISEA J143722.27-360528.0,q,0.800000011920929,,
21056,105.515405,J111005.70+215721.7,X,,CXO J111005.8+215722,
21056,138.365637,SDSS J111011.96+215827.0,qX,1.100000023841858,CXO J111011.8+215826,
10876,113.704849,WISEA J220246.79-334950.8,q,1.600000023841858,,
10876,148.76451,WISEA J220251.44-334941.5,q,0.6000000238418579,,
1002,144.347097,SDSS J103303.47+282904.0,Q,2.5969998836517334,,
1002,161.484979,SDSS J103300.19+283311.1,Q,2.0940001010894775,,
1003,106.636235,J201019.66-481813.6,X,,CXOG J201019.6-481813,
1003,138.800995,J201024.39-481642.0,X,,CXOG J201024.3-481642,
21059,0.081577,MCG 9-19-205,NX,0.026000000536441803,2SXPS J114945.9+503133,
21059,156.390341,SDSS J114939.14+503400.6,Q,4.302000045776367,,
21060,68.438746,UGC 7064,ARX,0.02500000037252903,4XMM J120443.3+311037,VL0J120443.29+311038.2
21060,115.409481,J120436.18+310937.0,X,,4XMM J120436.2+310937,
21060,138.618223,SDSS J120454.83+310832.2,qX,2.0999999046325684,4XMM J120454.8+310831,
21061,173.26726,J123429.02+275119.5,X,,2SXPS J123429.0+275117,
21062,101.661,SDSS J125618.30+274643.4,Q,2.568000078201294,,
1007,0.03168,NGC 835,NRX,0.013000000268220901,CXOG J020924.6-100809,FIRST J020924.6-100809
1007,38.612691,J020922.20-100753.8,X,,1WGA J0209.3-1008,
1007,49.603339,J020927.57-100746.2,X,,CXOG J020927.5-100746,
1007,56.369807,NGC 833,NRX,0.013000000268220901,CXOG J020920.8-100759,VL0J020920.84-100759.0
1007,132.735125,J020933.55-100821.0,X,,CXOG J020933.5-100821,
1007,156.141602,J020914.36-100729.8,X,,CXOG J020914.3-100729,
1008,0.311309,NGC 3081,ARX,0.007000000216066837,2SXPS J095929.5-224937,VL0J095929.53-224934.2
10882,104.866877,SDSS J111116.30+435416.9,qX,0.6000000238418579,4XMM J111116.5+435416,
10882,112.593478,SDSS J111129.44+435611.4,Q,1.4049999713897705,,
10882,149.575485,SDSS J111121.35+435646.2,QX,2.0260000228881836,4XMM J111121.3+435645,
1010,135.452274,WISEA J143744.13+021934.9,qX,1.0,2SXPS J143743.9+021934,
21066,34.048608,SDSS J170406.61+312841.4,Q,1.2480000257492065,,
1011,92.247016,SDSS J015039.09+214411.1,Q,1.7319999933242798,,
1011,140.836008,SDSS J015036.43+214735.7,Q,1.9809999465942383,,
10885,165.473328,WISEA J151802.34+132853.2,q,0.5,,
21069,155.873999,SDSS J214840.91+292304.7,Q,1.8270000219345093,,
1014,159.155369,SDSS J122429.81+392037.8,Q,1.0160000324249268,,
10887,99.202043,WISEA J175500.26+283226.1,qX,0.4000000059604645,2RXS J175500.6+283215,
21071,169.106259,WISEA J033911.40-093828.8,q,1.600000023841858,,
1016,61.130283,J122343.05+070304.1,X,,2CXO J122343.0+070304,
1016,105.460668,SDSS J122336.47+070452.8,QX,2.361999988555908,CXOG J122336.4+070452,
1016,119.130977,J122338.75+070513.4,X,,CXOG J122338.7+070513,
1016,150.897276,J122332.20+070122.4,X,,CXOG J122332.2+070122,
1016,173.284596,J122328.16+070417.3,X,,CXOG J122328.1+070417,
10890,89.668246,SDSS J023811.80-035731.2,Q,2.614000082015991,,
10890,160.973575,SDSS J023824.12-035709.0,Q,1.3240000009536743,,
1019,156.217712,SDSS J151132.98+594607.7,Q,0.5759999752044678,,
1019,165.832606,SDSS J151200.43+594714.9,Q,0.9559999704360962,,
10891,0.050831,MCG +08.13.022,NR,0.020999999716877937,,VL0J065236.97+454650.1
21077,0.109144,NPM 1G-18.0386,ARX,0.032999999821186066,CXOG J114540.4-182715,VL0J114540.45-182715.9
21077,10.400619,J114539.85-182709.1,X,,CXOX J114539.7-182710,
21077,13.762948,J114541.38-182719.0,X,,CXOX J114541.3-182719,
21077,30.334512,J114539.98-182744.4,X,0.30000001192092896,CXOG J114539.9-182744,
10892,138.299704,SDSS J091635.38+434143.8,Q,1.24399995803833,,
21079,139.174315,WISEA J174547.31+605610.0,q,0.699999988079071,,
21082,78.905295,J024938.45-311005.6,X,,XMMX J024938.2-311006,
10895,0.056615,MCG 9-18-016,NR,0.024000000208616257,,VL0J104438.17+562210.8
1024,162.473008,J084820.21+740825.2,X,,4XMM J084820.1+740824,
1026,53.333901,J124725.68-411345.0,X,,4XMM J124725.7-411344,
1026,64.433213,WISEA J124724.70-411319.7,qX,0.5,4XMM J124724.7-411319,
1027,1.176505,UGC 12282,ARX,0.017000000923871994,2SXPS J225855.2+405556,VL0J225855.25+405556.4
21087,0.319835,NPM 1G+23.0150,ARX,0.028999999165534973,4XMM J080004.0+232616,FIRST J080004.0+232616
21087,65.952568,J080004.39+232510.5,RX,,4XMM J080004.4+232510,VL0J080004.33+232511.3
21087,127.69488,SDSS J080002.90+232823.0,Q,0.906000018119812,,
21087,156.680449,SDSS J075952.85+232646.3,QX,1.7000000476837158,4XMM J075953.0+232647,
21087,159.95988,J080004.02+232336.3,X,,4XMM J080004.0+232336,
10899,74.765264,WISEA J202350.78-260052.0,q,0.20000000298023224,,
21091,92.664367,SDSS J144633.22+314037.8,Q,2.4730000495910645,,
21091,149.517368,SDSS J144635.14+314424.7,N,0.5419999957084656,,
10902,79.152001,WISEA J073455.10+650035.8,q,1.2000000476837158,,
1032,90.226029,CXOCY J22020-3159,QX,2.5510001182556152,CXOG J220201.4-315954,
1032,124.318717,CXOCY J22019-3159,QX,1.7350000143051147,CXOG J220154.9-315934,
1032,137.511593,CXOCY J22020-3156,NX,0.32199999690055847,CXOG J220204.1-315608,
1032,140.174226,CXOCY J22019-3156,N,0.4950000047683716,,
1032,178.125535,J220207.44-315535.5,X,,XMMX J220207.4-315534,
21093,149.761609,WISEA J161340.07+620637.4,qX,1.0,2RXS J161339.5+620621,
21094,137.258961,SDSS J162119.16+584149.4,Q,2.194999933242798,,
21094,147.053183,SDSS J162129.00+583940.7,Q,2.1710000038146973,,
21097,77.127793,2QZ J215157.2-272423,K,0.23199999332427979,,
10907,125.145553,J140537.84+654159.6,2,,,
1041,129.085511,WISEA J033400.30-311001.7,qX,0.30000001192092896,2SXPS J033400.3-311001,
1043,143.75081,WISEA J184438.64-731812.0,qX,1.100000023841858,4XMM J184438.5-731812,
10910,121.076147,SDSS J003343.31+304202.8,Q,1.3869999647140503,,
10910,175.359295,SDSS J003356.56+304559.7,Q,1.2079999446868896,,
1044,1.817934,NGC 6812,AR,0.014999999664723873,,SUMSS J194524.2-552049
10913,98.504534,WISEA J015641.65-435954.9,q,1.2999999523162842,,
1048,124.822017,SDSS J142036.94+393954.4,QX,1.2400000095367432,CXOG J142036.9+393954,
1049,165.412736,J104639.42+631609.6,X,,2SXPS J104639.4+631609,
21100,159.166417,SDSS J012640.45+344218.0,qX,1.0,4XMM J012640.4+344218,
21100,175.032631,J012617.50+344131.0,X,,4XMM J012617.5+344130,
21101,99.303531,WISEA J014124.83-461408.6,q,1.7999999523162842,,
1051,107.488097,WISEA J153040.96-024831.7,qR,0.5,,VL0J153040.98-024831.4
21103,168.736717,WISEA J022830.78-104226.6,q,0.20000000298023224,,
1053,0.389672,NGC 7496,NR,0.004999999888241291,,SUMSS J230947.0-432538
21104,177.6037,J024217.46+423336.9,X,,2SXPS J024217.3+423337,
1054,115.212351,J125944.38+275740.3,X,,XMMX J125944.3+275735,
1054,126.778467,J125939.08+275932.4,X,,2XMM J125938.9+275932,
1054,175.110476,J125944.60+275943.3,X,,4XMM J125944.5+275944,
1054,177.313432,J125949.03+275718.3,X,0.5,XMMX J125948.9+275720,
10920,102.354843,WISEA J130723.23-450021.9,q,1.2000000476837158,,
21113,18.731868,WISEA J142601.50+080655.2,qX,1.2000000476837158,2RXS J142601.1+080712,
21113,122.224414,SDSS J142602.67+080842.8,Q,1.996000051498413,,
1061,162.696769,SDSS J140106.66+591911.0,Q,0.9369999766349792,,
1061,170.656025,SDSS J140059.10+592200.4,Q,2.734999895095825,,
21116,170.49301,2QZ J233053.7-274302,Q,0.9900000095367432,,
1063,1.537447,NGC 1358,NRX,0.014000000432133675,2XMM J033339.6-050522,VL0J033339.52-050520.7
1063,166.056858,J033330.69-050659.7,X,1.7999999523162842,2XMM J033330.6-050700,
1063,174.282938,J033331.47-050725.9,X,2.4000000953674316,4XMM J033331.5-050725,
21120,167.990705,SDSS J014935.97+132247.3,Q,1.968999981880188,,
1067,46.129517,SDSS J115045.18+515013.2,Q,2.253999948501587,,
1067,158.514472,SDSS J115100.45+515043.9,Q,1.4950000047683716,,
1068,105.047682,WISEA J190147.77-535036.0,q,1.5,,
1071,87.768515,WISEA J110639.05-373926.5,q,0.5,,
10935,0.371132,IC 907,NR,0.014999999664723873,,FIRST J133923.1+510304
21128,0.25627,PGC 3096295,AX,0.012000000104308128,2SXPS J135129.3-181347,
10936,176.29042,WISEA J140834.89-335317.0,q,0.10000000149011612,,
1073,46.457509,J082038.99+210400.4,X,,XMMX J082039.1+210400,
1074,97.286532,J134620.04+460751.3,X,,2SXPS J134619.8+460744,
10940,63.043014,LAMOSTJ075952.47+565556.5,Q,1.128000020980835,,
10940,142.827142,WISEA J075953.39+565232.5,q,2.299999952316284,,
21134,120.911295,WISEA J224818.75+315707.1,q,0.6000000238418579,,
1078,157.118602,WISEA J095714.24-321631.4,q,1.2999999523162842,,
21135,28.974357,SDSS J233208.78+031211.9,Q,1.253000020980835,,
10941,143.36395,J080810.70+144809.1,R,,,NVSS J080810.6+144808
1081,134.309118,2QZ J231304.2-282201,K,0.1809999942779541,,
21137,42.870354,SDSS J014134.65-022447.9,Q,1.2869999408721924,,
21137,112.443636,SDSS J014127.04-022328.1,Q,0.7940000295639038,,
21137,175.085249,SDSS J014140.23-022136.5,Q,2.563999891281128,,
10943,150.044406,WISEA J133127.82+461052.7,q,0.800000011920929,,
10943,155.58917,SDSS J133147.51+461100.9,Q,1.3990000486373901,,
1084,0.477094,NGC 6890,ARX,0.00800000037997961,2XMM J201818.0-444824,SUMSS J201818.0-444827
10946,101.618642,WISEA J171536.72+292356.9,q,0.800000011920929,,
1088,106.98339,SDSS J124817.68+110040.8,QRX,0.6449999809265137,2RXP J124817.7+110045,VL0J124817.67+110040.8
1088,144.326866,SDSS J124824.87+105905.5,Q,0.6449999809265137,,
21145,156.353211,SDSS J115135.86+351047.6,Q,1.4670000076293945,,
10948,41.02942,WISEA J214224.49+135421.1,qR,1.2999999523162842,,VL0J214224.48+135421.2
21148,89.349702,SDSS J135222.80+022214.3,Q,2.505000114440918,,
21148,105.561371,SDSS J135218.08+022202.8,Q,1.5800000429153442,,
10949,96.678497,SDSS J234047.60+043354.9,Q,2.003999948501587,,
10949,112.770123,SDSS J234055.92+043351.9,Q,2.427000045776367,,
1093,124.994719,WISEA J034709.13-334428.3,q,0.4000000059604645,,
21150,97.095933,J163444.26+401209.0,X,,4XMM J163444.2+401210,
1095,58.921271,J030601.44-390145.8,X,,2SXPS J030601.1-390146,
10952,84.866062,WISEA J035642.30+272309.6,q,0.800000011920929,,
1098,115.590318,SDSS J105107.93+054919.2,qX,1.5,4XMM J105107.9+054919,
1098,120.784165,PGC 1289478,AX,0.0689999982714653,4XMM J105115.4+054824,
1098,157.879274,J105114.72+055302.1,X,,4XMM J105114.7+055302,
21156,0.224821,MCG 3-57-031,AR,0.024000000208616257,,VL0J224155.94+201541.4
21156,90.110038,SDSS J224151.10+201640.4,Q,3.2209999561309814,,
21157,138.045414,J033756.17+100018.6,X,0.10000000149011612,4XMM J033756.1+100018,
10956,0.128772,IC 551,A,0.028999999165534973,,
21158,105.400973,SDSS J081635.90+234852.9,Q,1.4149999618530273,,
21158,143.660541,SDSS J081637.10+234721.6,Q,1.3650000095367432,,
21159,83.957472,SDSS J082611.30+455720.7,Q,2.8359999656677246,,
21159,157.300017,SDSS J082558.37+455538.7,Q,1.6410000324249268,,
21160,149.839534,SDSS J084301.88+453734.8,Q,1.2949999570846558,,
10960,85.209383,WISEA J123247.70-054253.2,q,0.20000000298023224,,
1106,1.323894,NGC 3254,NX,0.004999999888241291,2XMM J102919.7+292926,
1106,161.547023,J102917.23+292651.5,X,,2XMM J102917.3+292652,
1106,165.335739,SDSS J102916.46+293208.3,QX,1.2389999628067017,4XMM J102916.4+293208,
1107,68.032321,J024504.67-554327.2,X,,2SXPS J024504.6-554325,
21165,150.616464,SDSS J120913.75+324125.5,Q,1.6080000400543213,,
1108,0.072691,NGC 3041,A,0.004999999888241291,,
1110,141.24798,SDSS J023923.47-081005.0,Q,4.015999794006348,,
21167,178.372829,J125954.70+280510.4,X,,CXOG J125954.6+280510,
21168,0.249161,IC 4514,AX,0.029999999329447746,2RXS J145054.3+273441,
1111,0.375798,NGC 1218,ARX,0.028999999165534973,CXOG J030826.2+040639,VL0J030826.30+040640.1
21169,134.825269,SDSS J145201.06+051800.4,Q,2.2690000534057617,,
10965,111.516105,WISEA J173028.64+233619.3,q,1.2000000476837158,,
21170,129.018975,SDSS J162849.46+515359.3,Q,0.6729999780654907,,
21172,111.667243,WISEA J174942.94+072555.7,q,0.800000011920929,,
21174,79.517947,SDSS J234743.47+273151.7,Q,3.503999948501587,,
1119,155.319226,J134908.99-071558.6,X,0.8999999761581421,2RXP J134908.7-071555,
21175,121.80346,6dF J000153.4-302509,QR,1.3029999732971191,,NVSS J000153.3-302508
10973,135.977999,SDSS J114135.79+275204.8,Q,0.8410000205039978,,
21178,0.34364,MCG 4-22-048,AX,0.032999999821186066,2RXS J092527.5+233634,
10974,49.400607,J120609.48+281431.4,X,,2RXP J120609.9+281428,
10974,165.462422,J120610.27+281141.6,X,,CXOG J120610.3+281141,
21180,111.506948,WISEA J115212.58-460148.3,q,1.0,,
21180,117.576406,WISEA J115157.19-460422.9,q,2.0,,
21181,142.661772,SDSS J124815.72+263837.2,Q,2.319999933242798,,
21182,121.584465,SDSS J125737.91+311437.8,Q,1.0540000200271606,,
1128,0.131016,NGC 4686,NRX,0.017000000923871994,4XMM J124639.8+543203,VL0J124639.89+543203.1
1129,145.952001,WISEA J181620.20-713716.1,q,1.2999999523162842,,
10980,148.558986,2QZ J220647.1-310457,Q,0.5960000157356262,,
10981,132.860616,SDSS J231141.58+310227.9,Q,2.134999990463257,,
1134,28.959843,J124134.46+410840.4,X,,CXOG J124134.4+410841,
1134,137.556907,SDSS J124124.65+411044.6,Q,1.621000051498413,,
21191,141.545023,J113819.73-232630.6,X,1.7999999523162842,2SXPS J113819.7-232626,
10982,118.340979,SDSS J002609.53-042930.4,Q,2.7799999713897705,,
10982,124.245622,SDSS J002618.36-042729.0,Q,0.781000018119812,,
1135,0.224842,NGC 6251,NX,0.024000000208616257,CXOG J163231.8+823216,
1135,14.349022,J163225.22+823222.7,RX,,CXOX J163224.0+823222,VL0J163225.12+823222.2
1138,81.013163,J131924.77-144945.7,X,1.2999999523162842,4XMM J131924.7-144945,
1138,100.785707,J131919.96-145220.6,X,,4XMM J131919.9-145220,
1141,177.06088,SDSS J011908.40+031507.9,QX,2.052000045776367,4XMM J011908.3+031510,
21200,108.289015,J232250.24-005817.1,X,0.5,4XMM J232250.2-005817,
21200,162.173381,J232302.68-005914.9,X,,4XMM J232302.6-005915,
10989,88.277564,SDSS J120922.31+413558.7,Q,1.9730000495910645,,
10989,112.42774,SDSS J120906.05+413557.3,Q,1.5460000038146973,,
1142,103.587193,J045303.86-594525.9,X,,CXOG J045303.9-594526,
10990,60.166407,WISEA J124059.42-064041.7,q,2.200000047683716,,
1145,140.519982,J024247.75+283206.8,X,1.5,4XMM J024247.9+283208,
10992,134.144538,SDSS J135533.81+250627.4,A,0.6610000133514404,,
1148,119.757801,J004805.05+273535.9,X,,4XMM J004805.0+273536,
1148,145.99764,SDSS J004804.07+273947.8,QX,2.3350000381469727,4XMM J004804.0+273948,
21209,129.100992,SDSS J131227.00+264039.2,Q,3.066999912261963,,
21209,159.468729,SDSS J131227.03+263932.0,Q,1.6759999990463257,,
1150,0.388092,NGC 4180,NRX,0.007000000216066837,CXOG J121303.0+070220,FIRST J121303.0+070220
1150,168.391536,J121251.76+070230.9,X,1.5,CXOG J121251.7+070230,
1152,33.212,SDSS J100214.56+244223.4,QX,2.6559998989105225,2SXPS J100214.7+244221,
10998,141.530259,WISEA J004133.95-375523.7,q,0.800000011920929,,
1157,139.190549,SDSS J091710.87+415923.8,qX,2.0,CXOG J091710.8+415923,
1157,177.670218,J091723.22+420256.6,X,,CXO J091723.4+420257,
21218,98.42302,SDSS J234837.92+021302.7,QX,1.6399999856948853,4XMM J234837.9+021302,
21218,134.581055,SDSS J234844.90+021628.9,qX,1.0,4XMM J234844.9+021627,
21218,175.050909,J234833.76+021631.3,X,,4XMM J234833.6+021631,
11001,67.298962,WISEA J034126.39-214110.5,q,1.0,,
1158,0.842259,NGC 6240,NRX,0.024000000208616257,CXOG J165258.8+022402,NVSS J165258.7+022403
1158,29.232932,J165257.07+022352.8,X,,2SXPS J165256.9+022353,
1158,44.197127,J165257.96+022321.7,X,,XMMX J165257.9+022319,
1158,164.997462,WISEA J165309.72+022334.3,qX,1.5,CXOG J165309.7+022334,
21221,178.194506,SDSS J013037.23+173027.4,Q,2.4230000972747803,,
1160,126.524869,WISEA J035351.80-655958.0,q,1.899999976158142,,
21222,115.33859,SDSS J030410.68-010942.0,qX,2.5999999046325684,4XMM J030410.6-010941,
21222,155.357826,J030421.75-011024.3,X,2.4000000953674316,4XMM J030421.6-011024,
21222,178.438222,J030419.56-010910.5,X,0.20000000298023224,2XMM J030419.5-010911,
11005,50.952876,2QZ J124532.4-003253,N,0.004999999888241291,,
11005,128.942357,J124534.08-002957.6,X,0.800000011920929,4XMM J124534.0-002957,
11005,174.54315,2SLAQ J124523.50-003002.4,QX,1.3609999418258667,CXOG J124523.5-003002,
11006,136.909727,WISEA J143810.10+662233.9,q,2.200000047683716,,
1163,57.16543,J095344.15+013417.2,X,1.0,XMMX J095343.8+013420,
1163,145.587525,J095349.75+013347.5,X,,2XMM J095349.7+013347,
1163,166.423951,SDSS J095341.74+013732.6,qX,2.0,4XMM J095341.6+013731,
11010,152.15488,WISEA J195706.01-302250.8,q,0.800000011920929,,
21230,86.931344,SDSS J160952.06+580757.9,Q,0.746999979019165,,
11011,153.246574,SDSS J223627.84+254804.7,Q,1.6180000305175781,,
11011,166.427818,SDSS J223620.99+254631.1,Q,2.390000104904175,,
21234,171.104315,SDSS J235000.12+285249.2,Q,1.4199999570846558,,
1171,0.533301,NGC 4169,NRX,0.013000000268220901,2XMMi J121218.7+291046,FIRST J121218.8+291046
1171,109.700622,SDSS J121226.79+291118.0,qRX,1.399999976158142,4XMM J121226.7+291117,FIRST J121226.8+291117
11014,117.907954,SDSS J095940.86+125731.1,QX,2.816999912261963,XMMX J095940.9+125734,
21236,155.072255,SDSS J024604.61-082100.1,QX,1.2369999885559082,CXO J024604.6-082100,
1174,0.101024,NGC 5443,NR,0.006000000052154064,,VL0J140211.81+554850.3
1175,138.722039,WISEA J053953.05-820627.2,q,1.7999999523162842,,
11016,109.830642,SDSS J101104.48+455630.1,Q,2.3610000610351562,,
21240,125.788648,WISEA J140520.60-303619.6,q,0.800000011920929,,
21240,133.426493,WISEA J140510.73-303626.8,q,1.600000023841858,,
1176,0.064928,NGC 3393,NRX,0.012000000104308128,CXOG J104823.4-250943,VL0J104823.43-250943.1
11017,0.283054,UGC 7210,A,0.024000000208616257,,
11017,167.306988,J121242.72+151635.0,X,,2RXP J121242.5+151632,
21242,165.387545,WISEA J150029.46-214450.3,q,0.5,,
11018,131.7394,SDSS J123440.28+474726.4,qX,1.0,4XMM J123440.2+474725,
11018,144.078627,SDSS J123446.16+474756.0,qX,1.600000023841858,4XMM J123446.0+474756,
11018,155.099549,SDSS J123440.71+474754.6,QX,2.049999952316284,4XMM J123441.0+474755,
21243,84.688558,SDSS J160712.37+274020.5,Q,2.6449999809265137,,
21243,156.668207,J160718.01+274110.6,X,0.30000001192092896,4XMM J160717.9+274112,
1179,176.596961,J144514.74-205451.2,X,,4XMM J144514.8-205450,
11019,91.836606,WISEA J125714.68-150042.1,q,1.2000000476837158,,
1181,108.137946,WISEA J140539.24-391028.5,q,0.30000001192092896,,
1181,155.247697,WISEA J140528.23-391413.2,q,0.4000000059604645,,
1184,1.23041,UGC 3157,NRX,0.01600000075995922,2SXPS J044629.5+182737,VL0J044629.67+182739.2
21250,62.644741,SDSS J000528.63-063834.4,Q,2.2360000610351562,,
11024,57.150953,2QZ J222521.8-312024,QR2X,1.6169999837875366,4XMM J222521.8-312023,VL0J222521.82-312023.2
21251,101.455941,J015231.70+360513.7,X,2.0,CXOG J015231.6+360513,
21251,134.014024,J015237.12+360856.7,X,1.5,1RXH J015236.7+360857,
1189,1.156536,NGC 1144,NX,0.028999999165534973,4XMM J025512.2-001100,
1190,119.564202,SDSS J141312.69-030803.6,QX,0.7940000295639038,CXOG J141312.6-030803,
1190,125.863185,J141321.76-031058.5,X,2.4000000953674316,CXOG J141321.7-031058,
1190,152.428259,J141321.74-031125.8,X,,XMMX J141321.7-031126,
1190,174.50943,SDSS J141328.63-030700.9,QX,3.138000011444092,2XMM J141328.7-030701,
11029,86.617569,SDSS J081419.96+182737.0,QX,1.7699999809265137,2SXPS J081419.9+182736,
1193,102.939341,WISEA J222621.40+160945.3,q,0.20000000298023224,,
11030,107.26012,SDSS J081438.01+430734.1,QX,0.6389999985694885,CXOG J081438.0+430734,
11030,111.455217,SDSS J081426.79+430650.8,Q,2.3369998931884766,,
1194,0.201249,NGC 424,NRX,0.010999999940395355,CXOG J011127.6-380500,NVSS J011127.7-380459
1194,149.277362,J011123.17-380720.0,X,,CXOG J011123.1-380720,
21258,132.732229,SDSS J103502.03+443636.3,Q,0.7409999966621399,,
21258,148.136824,SDSS J103459.99+443623.7,Q,1.9270000457763672,,
21258,159.326896,SDSS J103522.46+443741.9,Q,2.1659998893737793,,
1196,66.557105,J023442.24+325116.0,X,0.5,4XMM J023442.3+325115,
11033,67.818606,WISEA J105418.00-042144.4,qR,1.2000000476837158,,FIRST J105418.0-042144
11033,159.478925,WISEA J105431.22-042058.2,q,0.20000000298023224,,
1197,91.480231,J125257.71-152542.0,X,,XMMX J125258.0-152540,
1197,106.429226,J125245.61-152520.4,X,1.7999999523162842,4XMM J125245.5-152520,
1197,154.887741,J125250.35-152216.4,X,1.5,4XMM J125250.3-152217,
21262,31.247578,J212021.03-043751.9,R,,,FIRST J212021.1-043751
1200,111.243015,J122022.73+291650.9,X,1.5,CXOX J122022.7+291650,
1200,133.919648,J122010.81+291910.6,X,0.5,4XMM J122010.7+291911,
1200,153.267053,J122009.94+291740.5,X,,CXOG J122009.9+291740,
1200,158.206647,J122032.33+291925.7,X,,CXOX J122032.2+291926,
1200,170.384235,J122009.77+292010.4,X,,CXOG J122009.7+292010,
1201,177.271716,WISEA J011935.37-582830.2,q,1.399999976158142,,
21267,110.87491,SDSS J235512.12-012351.3,Q,0.9860000014305115,,
11038,110.776736,LAMOSTJ232432.64+083508.8,Q,1.4509999752044678,,
1202,74.923035,WISEA J151053.46-112955.5,q,0.10000000149011612,,
1202,131.990706,J151047.67-112748.3,R,,,VL0J151047.64-112748.0
21268,107.103499,SDSS J235919.80+015413.7,QX,0.9269999861717224,2RXS J235919.3+015419,
21268,124.967954,SDSS J235918.90+015037.8,Q,2.3259999752044678,,
1204,13.950358,J093206.37+082644.5,X,,2SXPS J093206.3+082644,
1204,121.285862,SDSS J093210.59+082813.3,qX,0.5,CXOG J093210.5+082813,
21270,67.080717,SDSS J020336.56+154341.7,A,0.47600001096725464,,
11040,96.632882,WISEA J024506.36+325916.6,q,0.20000000298023224,,
1206,2.811041,NGC 788,NRX,0.014000000432133675,2SXPS J020106.3-064858,FIRST J020106.4-064857
1206,110.60139,SDSS J020101.81-065023.3,qX,1.399999976158142,4XMM J020101.8-065022,
1208,179.394792,WISEA J233611.42-375915.8,qX,0.6000000238418579,2SXPS J233611.2-375915,
21275,86.142347,PGC 2034067,N,0.11900000274181366,,
21275,91.065469,SDSS J091825.73+333250.8,Q,1.0119999647140503,,
21276,102.362687,SDSS J102817.82+594721.6,Q,1.5360000133514404,,
21277,118.327609,WISEA J121049.93+132003.2,q,0.8999999761581421,,
11046,113.984532,WISEA J072544.45+295819.5,qX,1.0,2SXPS J072544.4+295818,
1210,69.482302,WISEA J092925.87+074243.1,q,0.30000001192092896,,
1210,170.031097,SDSS J092921.62+074116.0,Q,0.6230000257492065,,
21278,95.701118,SDSS J125358.50+270347.8,qX,1.5,2SXPS J125358.6+270349,
21278,150.204461,SDSS J125404.46+270636.6,QX,0.6010000109672546,CXOG J125404.4+270636,
11047,0.234871,CGCG 91-10,NR,0.02800000086426735,,VL0J090937.45+192808.4
21279,80.790565,SDSS J134455.33+230019.9,Q,2.740999937057495,,
21279,152.775336,SDSS J134501.72+230026.9,Q,2.5769999027252197,,
1211,161.623991,SDSS J145821.76+535243.8,Q,1.5729999542236328,,
21281,85.985262,J140720.06-270206.0,X,,XMMX J140719.9-270203,
21281,101.738596,J140723.88-265907.2,X,0.5,XMMX J140723.8-265903,
21281,121.216282,IC 4374,BRX,0.02199999988079071,4XMM J140729.8-270103,VL0J140729.78-270103.8
21281,141.504753,J140724.32-270254.4,X,0.10000000149011612,XMMX J140723.9-270253,
1212,118.221976,SDSS J075718.61+234741.2,Q,2.068000078201294,,
1212,170.307479,SDSS J075712.26+234314.6,Q,0.9309999942779541,,
1213,15.353351,J120521.09+502111.0,X,,2SXPS J120521.1+502108,
1213,130.719132,SDSS J120526.57+501904.7,QR,1.0369999408721924,,VL0J120526.59+501904.6
1213,167.558785,SDSS J120525.27+502355.8,Q,3.427999973297119,,
21283,163.826069,SDSS J154836.39+174941.9,Q,1.1720000505447388,,
1216,108.845798,SDSS J004243.71-013109.2,Q,1.2289999723434448,,
1216,162.912813,SDSS J004247.60-013122.7,qX,0.800000011920929,2SXPS J004247.6-013120,
21287,64.494734,J034111.28+151434.8,X,,4XMM J034111.3+151434,
1218,171.623067,SDSS J130922.06+013939.5,Q,2.3259999752044678,,
1219,82.809994,SDSS J125101.24+105429.1,QX,0.8709999918937683,CXOG J125101.2+105429,
21291,174.692804,SDSS J110823.45+283158.3,Q,1.6820000410079956,,
1222,61.464261,Q 1141+2014,QX,0.9539999961853027,XMMX J114405.6+195735,
1222,73.049475,Q 1141+2012,QRX,2.200000047683716,4XMM J114405.3+195602,VL0J114405.38+195602.1
1222,74.980602,Q 1141+2013,AX,0.335999995470047,4XMM J114356.8+195649,
1222,167.056673,SDSS J114351.15+195557.3,qX,1.7000000476837158,CXOG J114351.1+195557,
1222,179.707338,J114349.97+195752.0,X,,CXOG J114349.8+195754,
21295,171.731108,WISEA J164603.57+052016.4,q,2.299999952316284,,
1224,121.164225,J150857.37-111230.3,X,0.8999999761581421,2SXPS J150857.3-111228,
11061,158.137829,SDSS J111417.90+171700.7,Q,2.9679999351501465,,
21298,90.61222,J234732.27-280756.0,X,,CXOG J234732.2-280756,
21298,124.547535,2QZ J234738.6-280501,QX,1.253000020980835,CXOG J234738.6-280501,
1227,153.231108,SDSS J012551.22+344133.9,QX,1.156000018119812,4XMM J012551.2+344134,
11062,81.462391,SDSS J114602.90+501254.4,Q,1.4520000219345093,,
11062,97.718725,SDSS J114558.33+501335.8,Q,2.799999952316284,,
11062,161.850018,SDSS J114551.71+500924.6,Q,1.784000039100647,,
1228,147.896413,WISEA J175606.75+331002.7,q,0.30000001192092896,,
21300,91.816333,SDSS J010703.72+321730.8,QX,1.3079999685287476,2SXPS J010703.6+321732,
11064,132.277777,WISEA J130421.46-074105.5,qR,0.5,,FIRST J130421.4-074106
21301,94.804337,SDSS J013702.79+045200.4,Q,1.315000057220459,,
21301,131.843482,SDSS J013713.54+045133.8,Q,1.309000015258789,,
21301,151.661874,SDSS J013657.35+045237.8,Q,2.115999937057495,,
21302,159.13029,SDSS J032158.91-010037.6,QR,1.7619999647140503,,VL0J032158.90-010037.5
1231,176.877793,WISEA J164257.83+613734.6,q,1.600000023841858,,
11066,124.61762,SDSS J143346.99+280135.2,Q,2.5390000343322754,,
11066,133.297,SDSS J143336.14+280120.7,Q,2.3429999351501465,,
11066,140.634076,SDSS J143351.85+280254.6,qR,0.30000001192092896,,FIRST J143351.8+280254
21304,0.175716,MCG 10-12-089,A,0.027000000700354576,,
21304,87.149371,SDSS J081155.92+570011.3,Q,1.8480000495910645,,
11068,71.551562,SDSS J164109.90+394636.2,QX,1.2730000019073486,2RXP J164109.5+394634,
11068,179.058515,SDSS J164124.88+394607.6,Q,1.0269999504089355,,
11070,100.014882,SDSS J235644.21+270654.5,Q,1.6990000009536743,,
21308,74.013917,SDSS J105301.95+101134.9,qR,2.0,,VL0J105301.95+101135.1
1239,48.850755,J041618.32-601208.9,X,,4XMM J041618.0-601210,
11072,78.557689,WISEA J032115.64+194832.3,q,0.6000000238418579,,
21309,155.174389,SDSS J111122.61+284624.0,QX,0.8109999895095825,4XMM J111122.7+284623,
1240,139.590372,J005511.41+313442.6,R,,,VL0J005511.44+313442.7
1241,21.323493,J121956.18+052057.2,X,,1WGA J1219.9+0520,
21311,179.156979,WISEA J131643.39-133917.2,q,1.2000000476837158,,
21313,0.233785,MCG 0-35-020,AR,0.024000000208616257,,FIRST J134622.2-032506
21313,47.638794,PGC 184124,N,0.023000000044703484,,
21314,114.187891,SDSS J144624.82+102951.4,Q,2.3259999752044678,,
1246,0.161181,NGC 5953,NRX,0.007000000216066837,CXOG J153432.3+151137,FIRST J153432.3+151137
1246,38.588436,J153434.95+151148.2,X,,CXOG J153434.9+151149,
1246,79.22021,SDSS J153427.20+151112.5,qX,1.0,CXOG J153427.2+151112,
1246,144.97259,SDSS J153441.27+151030.7,qX,0.6000000238418579,CXOG J153441.2+151030,
1246,149.881017,SDSS J153437.78+150929.9,qX,1.600000023841858,CXOG J153437.8+150929,
1248,150.955409,SDSS J032511.64-054511.7,qX,1.2999999523162842,1WGA J0325.1-0545,
1249,107.98075,J111057.57-372639.4,X,,CXOG J111057.6-372639,
1249,121.461756,J111055.12-372519.2,X,,2SXPS J111055.0-372518,
1250,152.260048,J033520.30-342803.9,R,,,NVSS J033520.3-342803
11085,0.048836,ESO 243-26,NX,0.01899999938905239,2SXPS J010537.9-470418,
1253,71.453221,J122536.82+124838.3,X,,4XMM J122536.6+124834,
1253,143.137137,SDSS J122540.77+124615.2,qX,2.200000047683716,4XMM J122540.7+124616,
1253,149.203189,J122537.38+125052.5,X,0.5,4XMM J122537.3+125051,
11086,146.132206,SDSS J011121.75+324310.2,Q,3.0320000648498535,,
21326,65.397848,WISEA J083048.31+395008.8,q,2.700000047683716,,
21326,76.295991,MCG 7-18-013,NR,0.028999999165534973,,FIRST J083059.1+395022
21326,178.165056,SDSS J083048.01+394758.4,Q,1.0019999742507935,,
1255,141.571874,SDSS J030337.41-153909.4,qX,1.100000023841858,4XMM J030337.4-153909,
21328,88.245029,SDSS J100211.92+335008.4,Q,1.7510000467300415,,
21328,93.109473,SDSS J100222.74+335138.1,Q,0.9190000295639038,,
21328,148.878646,SDSS J100203.43+335112.5,Q,2.140000104904175,,
21328,172.641671,SDSS J100222.27+335355.1,Q,0.859000027179718,,
1257,124.108935,WISEA J225749.24+260806.1,q,1.399999976158142,,
1258,150.447738,SDSS J095108.63+333228.3,Q,2.187999963760376,,
21329,103.455465,SDSS J102710.11+425353.0,Q,1.5880000591278076,,
21329,165.051103,B3 1024+431,QR,0.621999979019165,,FIRST J102725.1+425201
21332,122.525906,J121143.72-061209.1,X,0.800000011920929,4XMM J121143.5-061211,
11094,124.203452,WISEA J172531.90+101756.5,q,1.399999976158142,,
1262,143.6711,J045853.99-002656.7,X,,4XMM J045853.9-002657,
21334,153.498878,WISEA J133828.34-092054.4,q,1.5,,
21335,88.095291,J141336.95-302925.9,R,,,VL0J141337.02-302925.8
1263,18.995287,J122851.82-015631.0,X,,2SXPS J122851.7-015631,
1263,105.067856,J122851.55-015436.5,X,1.7999999523162842,2SXPS J122851.5-015438,
1263,167.229178,2QZ J122839.9-015539,N,0.4790000021457672,,
21336,154.521778,WISEA J144218.62+253307.7,q,2.0999999046325684,,
21336,157.419081,SDSS J144228.36+252922.5,Q,3.069999933242798,,
11095,175.107766,WISEA J173251.04-762725.2,q,0.4000000059604645,,
11096,100.551719,SDSS J211247.65+084836.9,Q,2.367000102996826,,
11096,129.306796,WISEA J211255.10+084547.9,q,0.10000000149011612,,
11096,130.662291,WISEA J211256.18+084620.1,q,0.699999988079071,,
21339,177.335973,SDSS J153225.13+490638.8,Q,0.796999990940094,,
21340,38.576987,PGC 3082686,AR,0.027000000700354576,,VL0J164449.48-130207.1
11097,106.126325,SDSS J232804.63+321121.7,Q,0.6940000057220459,,
11097,167.950904,SDSS J232748.81+320841.7,A,0.7549999952316284,,
11099,100.316085,WISEA J012318.07+092647.2,q,1.2000000476837158,,
11099,115.785329,SDSS J012316.75+092520.3,Q,1.5420000553131104,,
11099,145.338908,SDSS J012328.37+092349.8,Q,0.6200000047683716,,
21346,134.219144,SDSS J000818.51+270132.0,Q,1.7869999408721924,,
21349,148.88271,WISEA J092330.14+250002.3,q,0.6000000238418579,,
1276,43.263698,J072649.81+854550.0,X,,CXOG J072648.2+854548,
1276,76.27263,J072719.96+854632.4,X,,CXOG J072719.8+854632,
21350,166.829642,J104210.51+061025.2,X,,XMMX J104210.7+061025,
21351,69.695722,SDSS J110529.20+380041.7,QX,1.7710000276565552,2XMM J110529.2+380040,
21351,103.124087,J110530.03+375959.2,X,,2XMM J110530.2+380001,
21352,75.533727,SDSS J112310.68+243242.4,Q,1.0,,
1279,133.308752,J023058.34+370918.0,X,0.20000000298023224,2SXPS J023058.3+370915,
21354,127.163538,WISEA J125330.64-224015.3,q,0.699999988079071,,
11107,79.458251,J141205.20-402516.2,X,,2XMM J141205.3-402515,
11107,175.985167,WISEA J141204.26-402729.5,qX,0.20000000298023224,4XMM J141204.2-402729,
21355,150.290853,SDSS J142224.72+134425.8,Q,2.882999897003174,,
11108,171.252088,SDSS J142852.99+414947.5,Q,1.468999981880188,,
1282,64.28497,SDSS J112403.72+383349.6,QX,0.5400000214576721,2RXP J112403.7+383402,
21357,78.023487,WISEA J161312.08+615220.7,q,0.20000000298023224,,
1284,82.491751,SDSS J143009.63+311417.7,qX,3.0,CXOG J143009.6+311417,
1284,166.951784,SDSS J143022.63+311158.2,qX,0.20000000298023224,CXOG J143022.6+311158,
21361,46.397197,WISEA J192325.63-653048.0,q,0.8999999761581421,,
11112,175.091016,WISEA J192727.28-551149.5,q,1.7000000476837158,,
1287,118.155828,SDSS J135951.87+380859.3,Q,2.7249999046325684,,
1289,146.388655,SDSS J004805.36-024408.1,Q,1.0,,
21366,128.136726,SDSS J085527.47+311056.6,Q,2.119999885559082,,
21366,153.074176,SDSS J085545.07+311231.7,Q,2.4010000228881836,,
1290,51.076689,J025738.33+060153.7,X,,1RXH J025738.2+060156,
1290,76.462964,J025746.07+060100.5,R2,1.399999976158142,,FIRST J025746.1+060059
1290,172.880274,J025751.74+060259.8,X,,1RXH J025751.7+060257,
21368,70.710486,WISEA J102344.26-210909.3,q,0.4000000059604645,,
1292,35.923794,J005952.40-073451.2,X,,2SXPS J005952.4-073448,
1292,43.119828,J005949.48-073522.8,X,,CXOG J005949.4-073523,
1292,45.815947,J005947.49-073416.0,X,,CXOG J005947.4-073416,
21371,111.236967,WISEA J151437.77-131407.6,q,0.800000011920929,,
11118,177.820124,WISEA J125610.94-254800.4,q,1.899999976158142,,
1293,178.597535,SDSS J092446.32+264843.4,Q,3.875999927520752,,
11119,0.149492,MCG 2-36-002,NR,0.020999999716877937,,FIRST J135713.8+115949
21373,115.487126,J205932.51-424837.4,X,,4XMM J205932.5-424837,
21373,140.418045,J205934.88-424857.8,X,,4XMM J205934.9-424857,
11121,179.116353,SDSS J145520.60+434658.3,Q,2.4100000858306885,,
1296,83.858969,J023404.27+325539.7,X,,4XMM J023404.4+325540,
1298,147.700336,WISEA J093011.16-302058.7,q,3.4000000953674316,,
11124,103.322385,SDSS J224936.02+322025.3,Q,2.5360000133514404,,
1299,115.166376,SDSS J120245.18+483628.9,Q,1.2510000467300415,,
1301,85.065804,J012648.12+020104.5,X,0.5,4XMM J012648.1+020104,
1301,178.206096,SDSS J012631.24+020025.8,QX,2.1040000915527344,4XMM J012631.2+020024,
11126,171.619162,WISEA J081846.31+791503.5,q,0.699999988079071,,
1303,157.148508,WISEA J025430.52-183535.0,q,1.2000000476837158,,
11127,81.672671,SDSS J101546.36+435820.7,Q,2.4210000038146973,,
21379,0.102206,NPM 1G-03.0212,ARX,0.03099999949336052,XMMSL J044656.9-030514,VL0J044656.75-030511.8
21379,143.606958,WISEA J044648.19-030616.3,q,1.7999999523162842,,
11128,24.599937,SDSS J125248.28+474043.7,QRX,0.921999990940094,XMMSL J125249.4+474039,VL0J125248.27+474043.6
1307,0.065593,NGC 5232,AR2,0.023000000044703484,,VL0J133608.27-082951.7
1310,114.680264,J034549.93-040622.2,X,1.899999976158142,4XMM J034549.9-040621,
21384,29.34556,WISEA J120021.61+503854.6,q,1.5,,
21384,121.875644,SDSS J120021.10+504110.5,Q,1.1770000457763672,,
21384,133.899515,SDSS J120012.11+504107.0,Q,1.9479999542236328,,
21386,49.564265,SDSS J132031.02+143142.6,Q,2.9000000953674316,,
1312,121.078352,J043633.71-030927.1,X,,4XMM J043633.7-030928,
11135,36.164268,SDSS J002945.00+212907.9,Q,1.7719999551773071,,
11135,137.120515,SDSS J002935.34+212948.3,Q,1.902999997138977,,
21387,148.523773,WISEA J154209.60+234731.8,q,0.30000001192092896,,
21390,53.554868,SDSS J220716.05+142338.7,Q,2.872999906539917,,
1315,91.90904,SDSS J015057.72-094153.2,Q,2.9189999103546143,,
21391,161.201292,SDSS J232337.76+250856.5,Q,2.440000057220459,,
21391,163.063388,SDSS J232349.03+251113.4,Q,1.4279999732971191,,
11138,178.690771,WISEA J032331.23+365319.8,q,0.4000000059604645,,
1317,53.137035,SDSS J123537.27+263114.5,qX,0.5889999866485596,CXOG J123537.2+263114,
1317,135.918715,SDSS J123551.17+263101.1,qX,1.2999999523162842,CXOG J123551.1+263101,
1317,157.881912,J123541.44+262845.1,X,,4XMM J123541.6+262847,
21395,149.981054,SDSS J025402.23+021756.1,Q,3.1089999675750732,,
1319,41.379697,WISEA J222306.57-795908.4,q,0.6000000238418579,,
21396,101.073776,WISEA J060504.59-190429.3,q,1.5,,
1320,0.32826,NGC 2712,NRX,0.006000000052154064,2SXPS J085930.4+445449,VL0J085930.42+445450.5
1320,157.095432,SDSS J085944.71+445408.2,Q,1.7960000038146973,,
11144,88.245106,2QZ J221910.4-282303,Q,0.8069999814033508,,
11146,52.115913,SDSS J001110.34+285413.7,Q,1.0809999704360962,,
11146,160.884112,SDSS J001126.49+285423.4,Q,1.9869999885559082,,
11147,144.748474,SDSS J001951.33+090748.8,Q,1.062999963760376,,
11147,170.08596,SDSS J001948.66+090712.0,Q,1.6690000295639038,,
21404,40.618237,SDSS J100854.58+113817.8,Q,2.2820000648498535,,
1328,46.65508,J133207.42+624645.9,X,,CXOG J133207.5+624645,
1328,80.944486,J133222.21+624602.4,X,,CXOG J133222.2+624602,
1329,38.975781,J153756.70+592400.7,X,,4XMM J153756.3+592400,
1329,52.982262,J153754.28+592423.1,X,,4XMM J153754.3+592424,
1329,96.734702,SDSS J153741.01+592347.7,QX,1.2730000019073486,4XMM J153741.0+592347,
1329,110.285409,NGC 5982 UB1,QX,2.125,4XMM J153805.9+592235,
21407,0.420382,MCG 9-22-050,N,0.028999999165534973,,
11151,48.986836,WISEA J033707.88-053537.1,q,1.7999999523162842,,
11152,121.284206,WISEA J042217.50-435627.2,q,1.100000023841858,,
21409,132.691807,SDSS J154411.54+274233.8,Q,1.2000000476837158,,
11154,97.637532,SDSS J082820.43+403631.4,Q,1.3580000400543213,,
1335,87.091417,J130947.46-232429.0,X,,4XMM J130947.5-232429,
11155,178.354908,WISEA J083108.33-025951.9,q,0.8999999761581421,,
1336,92.577204,PGC 1261432,A,0.06800000369548798,,
21415,96.613346,SDSS J001130.84+275650.5,Q,1.0490000247955322,,
11157,35.65014,J132033.62+340753.5,X,,4XMM J132033.4+340752,
11157,133.036924,J132025.04+340858.3,X,,2XMM J132025.1+340859,
21417,165.486139,SDSS J023150.67-005426.4,Q,1.0299999713897705,,
1340,0.047941,NGC 6926,NR,0.01899999938905239,,VL0J203306.12-020138.2
1341,55.332264,SDSS J015452.50-090033.3,qX,1.5,4XMM J015452.5-090033,
11159,36.579498,NGC 78B,AR,0.017999999225139618,,FIRST J002027.5+005001
11159,118.577368,SDSS J002018.14+005004.5,Q,1.0980000495910645,,
11159,167.482798,J002016.15+004810.3,R,0.30000001192092896,,VL0J002016.16+004810.6
11160,0.213877,ESO 354-4,AX,0.032999999821186066,2SXPS J015141.8-361115,
21423,71.657291,SDSS J103558.93+603740.4,Q,3.2330000400543213,,
1345,65.80003,J004126.85+253101.6,X,,2XMM J004126.8+253102,
1346,161.913463,WISEA J180439.14-652400.9,q,2.700000047683716,,
1348,173.187722,SDSS J001737.09+112500.0,Q,1.315999984741211,,
21427,51.738102,WISEA J160443.44-231332.0,q,0.699999988079071,,
1349,1.126525,NGC 4104,NRX,0.02800000086426735,4XMM J120638.8+281026,VL0J120638.89+281027.5
1349,36.883431,J120637.11+280959.1,X,,CXOG J120637.1+280959,
1349,122.654561,WISEA J120647.75+281104.7,qX,1.2000000476837158,CXOG J120647.7+281104,
21428,117.490724,SDSS J163758.49+391319.1,Q,1.5889999866485596,,
21430,173.500324,SDSS J211106.62+033319.5,Q,0.9919999837875366,,
11168,177.178647,SDSS J101928.28+583258.3,Q,0.6859999895095825,,
1352,166.510497,J123054.96+080711.2,X,,CXOG J123054.9+080711,
11169,55.742119,SDSS J103006.95+432111.9,Q,1.965999960899353,,
11169,98.817476,PGC 2219563,A,0.11699999868869781,,
11170,67.150688,UGC 6527,ARX,0.026000000536441803,2XMM J113240.2+525701,FIRST J113240.2+525701
11170,104.720808,J113235.54+525657.4,X,,XMMX J113236.1+525652,
1354,174.686421,SDSS J122249.68+091742.8,Q,2.319000005722046,,
11172,79.146613,WISEA J132225.14-022623.9,q,0.20000000298023224,,
1358,174.47052,WISEA J215110.14-712732.7,q,1.600000023841858,,
1359,24.197634,IC 1559,ARX,0.017000000923871994,2RXP J003652.1+235907,VL0J003652.30+235905.3
1359,108.143361,WISEA J003644.61+240018.0,q,1.7999999523162842,,
21440,145.311652,LAMOSTJ113148.34+202635.6,Q,1.340999960899353,,
1360,155.932067,SDSS J014406.46+284414.5,Q,1.0490000247955322,,
21442,61.249611,SDSS J141106.37+253142.8,Q,0.6890000104904175,,
21442,107.709176,IC 4381,ARX,0.03099999949336052,2SXPS J141057.5+252956,FIRST J141057.2+252949
21443,0.272125,CGCG 47-94,N,0.028999999165534973,,
1362,34.650957,J122739.01+080916.8,X,0.10000000149011612,CXOG J122739.0+080916,
21444,150.470333,SDSS J143624.18+483621.6,Q,1.7990000247955322,,
1363,132.756802,SDSS J150528.17+014017.2,qX,1.899999976158142,2SXPS J150528.2+014020,
1363,148.689328,J150517.56+013801.1,X,,2SXPS J150517.8+013807,
11178,91.935285,SDSS J001437.04+282825.4,Q,2.492000102996826,,
1366,49.023502,SDSS J145113.31+585805.8,Q,1.0260000228881836,,
1366,146.31695,SDSS J145111.46+590057.5,Q,1.2940000295639038,,
11181,0.122067,IRAS 04385-0828,ARX,0.014999999664723873,2SXPS J044054.8-082220,VL0J044054.99-082221.7
21451,124.962794,WISEA J210151.22-131410.1,q,1.899999976158142,,
1369,74.205471,WISEA J103652.30-322207.9,q,2.4000000953674316,,
11182,51.124364,SDSS J115234.22+482720.0,QR,0.7749999761581421,,VL0J115234.24+482719.9
21453,147.318044,WISEA J212730.03-232054.7,q,2.5,,
11183,107.363026,WISEA J115909.71-285503.9,q,0.4000000059604645,,
21456,104.810355,SDSS J013335.76-010709.4,Q,1.7979999780654907,,
21456,153.899044,SDSS J013324.29-010532.1,Q,1.8539999723434448,,
21456,154.02523,SDSS J013343.04-010359.7,Q,2.555999994277954,,
1375,0.421874,IC 5135,ARX,0.01600000075995922,1RXH J214819.8-345702,NVSS J214819.5-345704
1375,87.334312,J214824.43-345807.5,X,,CXOG J214824.4-345807,
1375,114.290064,J214824.03-345524.8,X,,CXOG J214824.0-345524,
1375,179.981104,J214834.13-345657.4,X,,2SXPS J214833.9-345657,
11189,125.370543,SDSS J015821.51+190453.1,Q,2.2929999828338623,,
1377,169.782123,J090747.60+032250.5,X,1.399999976158142,2SXPS J090747.1+032253,
21463,163.632436,SDSS J035140.26-062445.1,Q,1.9529999494552612,,
1378,0.685011,NGC 6166,ARX,0.029999999329447746,CXOG J162838.2+393304,FIRST J162838.2+393304
1378,116.953516,J162844.13+393129.6,X,,XMMX J162844.2+393124,
1378,128.1968,J162828.20+393211.1,X,,XMMX J162828.3+393207,
1378,129.50811,J162839.38+393056.0,X,,XMMX J162839.9+393051,
1378,148.248099,J162825.46+393310.7,X,,XMMX J162825.1+393311,
1378,148.739653,WISEA J162826.10+393353.3,qX,0.30000001192092896,CXOG J162826.1+393353,
1378,162.894387,J162836.34+393023.5,X,,XMMX J162836.6+393023,
1378,168.106323,J162852.74+393320.1,X,,CXOG J162852.7+393320,
21464,118.002644,WISEA J042348.56-115023.3,q,0.30000001192092896,,
1379,136.30712,SDSS J003909.42+030154.6,Q,2.316999912261963,,
21465,136.01832,SDSS J100740.08+460334.1,Q,0.7269999980926514,,
1381,148.721985,WISEA J130909.88-052150.4,qX,1.100000023841858,2RXS J130909.2-052145,
11197,83.300818,WISEA J164217.35-055724.9,q,0.6000000238418579,,
21467,177.998765,SDSS J122204.02-023957.8,qR,,,VL0J122204.03-023957.3
1384,72.389675,J115525.92+115706.3,X,,4XMM J115525.8+115704,
21469,46.874963,J124744.60+041932.0,X,0.800000011920929,CXOG J124744.5+041931,
21469,85.655277,SDSS J124743.47+042123.0,qX,1.0,CXOX J124743.4+042122,
1385,0.103498,NGC 3185,NRX,0.004000000189989805,CXOG J101738.5+214117,FIRST J101738.5+214116
1385,20.161433,J101738.22+214137.3,X,,2RXP J101738.1+214133,
1385,80.534731,SDSS J101735.22+214223.5,QX,2.3450000286102295,4XMM J101735.2+214222,
1385,123.419605,J101738.40+213914.3,X,,XMMX J101738.5+213913,
1385,167.408642,SDSS J101728.00+214237.3,QX,2.2149999141693115,4XMM J101728.0+214238,
1388,155.857233,PGC 2269282,NR,0.19099999964237213,,FIRST J122547.5+454230
11204,152.499892,WISEA J060731.64-492703.9,q,1.0,,
11204,157.666363,WISEA J060724.47-492540.5,q,1.2999999523162842,,
1390,76.857703,J232828.14+222633.1,X,,4XMM J232828.1+222633,
1390,167.91831,SDSS J232820.03+222723.9,QX,1.3639999628067017,4XMM J232820.0+222723,
11205,45.8549,SDSS J110954.07+365730.1,Q,0.890999972820282,,
11206,100.214209,SDSS J114810.30+200045.3,Q,0.7139999866485596,,
1391,165.459016,SDSS J010152.69-064516.5,QR,2.509000062942505,,VL0J010152.71-064516.0
21476,103.059197,SDSS J011031.71-001609.5,QX,1.7510000467300415,4XMM J011031.6-001609,
21477,50.904857,J025556.96+414401.2,X,,4XMM J025556.8+414359,
21477,119.762771,J025555.20+414239.4,X,,4XMM J025555.1+414241,
21477,167.709699,J025606.63+414310.8,X,,4XMM J025606.6+414309,
11207,179.320528,SDSS J115929.52+343424.5,Q,1.9220000505447388,,
1393,179.735392,WISEA J105411.17-330415.1,q,1.2000000476837158,,
21478,56.008031,SDSS J030508.84+010440.5,Q,0.6110000014305115,,
1395,168.910042,SDSS J015034.35+061123.3,Q,1.9290000200271606,,
11208,150.559804,SDSS J122426.57+582006.9,Q,2.4159998893737793,,
11208,177.80574,SDSS J122428.25+582336.3,qX,0.5,4XMM J122428.3+582335,
21480,167.754307,WISEA J112745.25-291052.8,qX,0.699999988079071,4XMM J112745.3-291052,
1397,0.182567,NGC 2959,AR,0.014999999664723873,,NVSS J094509.3+683533
11211,132.912935,J135448.41+250848.5,R,0.8999999761581421,,FIRST J135448.3+250848
1398,112.124933,SDSS J114733.42+555610.3,Q,1.6230000257492065,,
1399,160.471959,J205210.47-691409.3,X,,4XMM J205210.4-691409,
11213,97.491827,SDSS J143126.77+391356.5,Q,2.8940000534057617,,
11213,123.914176,SDSS J143118.36+391434.4,Q,1.5540000200271606,,
1401,60.866483,SDSS J003914.76+005248.1,QX,1.9819999933242798,CXOG J003914.7+005247,
1401,133.572828,SDSS J003922.11+005216.8,QX,1.5670000314712524,CXOG J003922.1+005216,
1401,177.511739,J003906.42+004927.3,X,,4XMM J003906.4+004927,
11214,121.091109,WISEA J182637.45-624236.0,q,2.299999952316284,,
21488,27.977949,SDSS J005005.34-025216.6,Q,1.152999997138977,,
1405,161.523932,J060800.12-214726.9,X,1.5,CXOG J060800.1-214726,
1406,147.132248,WISEA J093429.06-205736.1,q,1.0,,
11218,158.209555,J051632.44+063059.7,X,1.5,CXOG J051632.4+063059,
11219,97.05088,SDSS J080720.19+042902.6,Q,2.378000020980835,,
21496,91.223695,WISEA J103030.58+434243.0,q,1.0,,
21496,105.318844,SDSS J103033.11+434336.5,Q,1.2120000123977661,,
21496,114.766733,SDSS J103017.38+434504.4,Q,0.5210000276565552,,
21497,167.862819,SDSS J103346.89+621125.5,Q,2.2209999561309814,,
21498,118.818494,WISEA J114353.40+194805.6,q,0.20000000298023224,,
11221,0.220886,MCG -01.29.018,N,0.02800000086426735,,
21500,171.111538,SDSS J130430.76+473357.0,Q,1.809999942779541,,
1413,101.598127,J003924.96+032026.9,X,,CXOX J003924.9+032027,
1413,133.422224,SDSS J003923.89+032139.8,qX,2.0,CXOG J003923.9+032139,
1413,152.084145,SDSS J003926.42+032129.1,QX,2.190000057220459,CXOG J003926.4+032129,
1413,165.447802,J003916.40+032234.9,X,,CXOG J003916.4+032234,
1413,179.932838,J003930.00+031856.8,X,,CXOG J003930.0+031856,
11223,0.238022,CGCG 42-55,NRX,0.023000000044703484,2SXPS J122242.4+030826,VL0J122242.34+030830.6
21503,148.537712,WISEA J155754.35-222721.0,q,1.7000000476837158,,
1415,24.777525,3C 66.0B,AX,0.020999999716877937,2SXPS J022311.5+425931,
1415,68.462501,J022313.99+425808.6,X,,2SXPS J022313.9+425808,
1415,102.379329,J022315.23+430055.5,X,,CXOG J022315.0+430053,
1415,118.625418,J022323.65+425857.2,2,0.8999999761581421,,
11225,89.435505,SDSS J135842.29+024925.1,AX,0.14800000190734863,2RXS J135842.4+024928,
1418,156.353376,J022514.67+414809.1,X,2.0,2SXPS J022514.8+414807,
1420,66.171698,J012617.50+344131.0,X,,4XMM J012617.5+344130,
1420,170.747944,WISEA J012610.73+344027.9,q,1.5,,
1421,95.704844,LAMOSTJ142812.62+254934.3,QX,3.4560000896453857,4XMM J142812.5+254934,
1421,109.023418,J142815.10+255243.3,X,,4XMM J142815.0+255243,
1421,151.016427,SDSS J142808.72+254905.1,qX,1.899999976158142,4XMM J142808.7+254904,
11231,83.866753,SDSS J081558.94+230739.5,Q,1.6890000104904175,,
1424,0.129341,NGC 1211,AX,0.010999999940395355,2SXPS J030652.5-004739,
1424,175.136886,SDSS J030643.37-004549.1,QX,0.5550000071525574,2SXPS J030643.2-004550,
11232,79.926004,SDSS J092046.42+352143.7,Q,2.183000087738037,,
1427,67.290842,WISEA J014852.73-234705.2,q,1.0,,
21518,133.78051,CGCG 9-70,NRX,0.028999999165534973,2RXP J103051.4-024317,FIRST J103050.8-024315
11234,0.154727,UGC 5715,AR,0.028999999165534973,,NVSS J103135.3+002827
1428,52.083716,J223723.46+342639.9,X,,4XMM J223723.5+342641,
1428,71.128043,J223714.05+342719.1,X,,4XMM J223714.0+342719,
1428,149.510981,SDSS J223729.15+342524.5,qX,1.600000023841858,4XMM J223729.1+342524,
21521,113.881854,SDSS J132626.21+042654.3,Q,2.7909998893737793,,
21522,0.269816,CGCG 102-18,N,0.02199999988079071,,
21524,76.782443,2QZ J225924.2-283152,Q,1.9880000352859497,,
1432,71.340231,SDSS J112826.08+092323.1,QR,1.753999948501587,,VL0J112826.07+092323.2
21525,87.728991,SDSS J024937.69-003237.6,A,0.12700000405311584,,
21525,172.092521,SVA1_COADD-2925805068,Q,1.5449999570846558,,
1433,165.098381,J123059.21-080539.7,X,0.30000001192092896,2SXPS J123059.0-080537,
11238,179.779809,WISEA J140151.67+093204.4,q,1.2000000476837158,,
21526,109.275136,SDSS J032405.19-010140.5,Q,1.5570000410079956,,
21527,168.801924,WISEA J051340.77+072403.8,q,0.4000000059604645,,
1435,164.930843,WISEA J125326.47-093007.4,q,0.6000000238418579,,
21528,97.490802,UGC 5037,ARX,0.026000000536441803,XMMSL J092718.5+230112,VL0J092718.49+230112.4
11239,124.828182,WISEA J162140.28+550306.3,q,0.800000011920929,,
1436,0.032395,NGC 931,ARX,0.01600000075995922,CXOG J022814.4+311841,VL0J022814.45+311841.5
21529,79.874278,SDSS J094920.02+440653.2,Q,0.9330000281333923,,
21529,158.734772,SDSS J094920.06+440523.0,Q,1.434999942779541,,
21529,177.407025,SDSS J094921.06+441037.1,Q,1.00600004196167,,
11240,89.757277,SDSS J170040.51+471711.6,Q,1.6009999513626099,,
21530,0.257325,MCG 1-28-003,N,0.027000000700354576,,
21530,104.659091,Q 1041+049B,Q,2.4159998893737793,,
11242,0.169258,IC 4777,NR,0.017999999225139618,,SUMSS J184811.4-530851
1438,127.549251,SDSS J113749.49+475530.5,Q,1.3969999551773071,,
11243,38.091672,WISEA J225201.76-741538.9,q,0.5,,
1443,71.400597,J184308.46+603806.9,X,,4XMM J184308.3+603806,
1446,157.418839,J232725.55+123011.0,R,2.299999952316284,,VL0J232725.54+123010.7
21542,176.782308,WISEA J023029.87-580748.4,q,1.5,,
1449,59.758743,J002125.00+222513.4,X,,2SXPS J002125.5+222503,
1449,84.633908,SDSS J002128.21+222535.0,AX,0.5189999938011169,2SXPS J002128.1+222532,
1449,105.837115,J002128.57+222458.7,X,0.20000000298023224,2SXPS J002128.6+222457,
1449,107.599294,J002126.87+222729.0,X,,2RXP J002127.4+222719,
1449,108.8844,SDSS J002115.13+222642.1,Q,1.4270000457763672,,
1450,165.245722,2QZ J015537.6-295242,Q,2.509000062942505,,
21546,93.6924,SDSS J100357.18+022638.8,Q,1.4869999885559082,,
11254,98.888264,J142859.72+111318.8,R,2.299999952316284,,VL0J142859.70+111318.9
1451,0.02016,ESO 436-34,NRX,0.012000000104308128,2SXPS J103244.6-283637,VL0J103244.52-283635.8
11255,0.290933,MCG 7-34-036,NRX,0.032999999821186066,4XMM J162722.1+390634,FIRST J162722.0+390634
11255,120.193462,SDSS J162716.49+390815.8,QX,2.878000020980835,4XMM J162716.6+390815,
11255,172.982208,SDSS J162710.17+390451.0,QX,0.7200000286102295,4XMM J162710.1+390450,
1455,59.375513,J010720.71+322814.0,X,1.7000000476837158,CXOG J010720.7+322814,
1455,129.556844,J010726.83+322954.2,X,1.100000023841858,4XMM J010726.8+322954,
11257,169.467756,WISEA J213215.37-342022.8,q,2.0,,
21550,0.237498,CGCG 45-99,NR,0.023000000044703484,,FIRST J134709.2+033838
1457,19.902795,J132920.50+170311.2,R,,,NVSS J132920.5+170313
21553,36.158067,LAMOSTJ150056.70+165719.8,QX,1.2239999771118164,4XMM J150056.6+165721,
21553,103.630678,SDSS J150054.57+165506.3,qX,,4XMM J150054.5+165507,
1463,0.22555,ESO 434-40,ARX,0.00800000037997961,4XMM J094740.1-305655,VL0J094740.14-305655.4
21556,166.787919,WISEA J002450.60-402358.8,q,1.399999976158142,,
11265,149.826942,WISEA J062023.99+610150.9,q,2.4000000953674316,,
21561,132.693679,WISEA J050255.77-225808.9,qX,0.4000000059604645,2SXPS J050255.6-225807,
1467,84.011804,J231936.84+080511.6,X,,CXO J231936.8+080514,
1467,173.296494,SDSS J231926.89+080523.9,QX,2.38100004196167,CXO J231926.9+080523,
21562,119.985602,WISEA J074719.46+622421.4,q,0.20000000298023224,,
11268,127.996108,WISEA J112417.95-082232.3,q,1.899999976158142,,
21563,128.234743,SDSS J083546.08+394940.8,Q,2.197000026702881,,
11269,167.737404,SDSS J114517.99+264315.0,Q,3.38100004196167,,
21564,108.902191,SDSS J094256.96+361433.9,Q,1.8910000324249268,,
1470,42.298062,J132409.29+135916.3,X,,XMMX J132409.5+135917,
1470,56.343917,J132409.60+135931.3,RX,,CXOG J132409.6+135931,FIRST J132409.6+135930
1470,118.36934,SDSS J132402.49+135750.1,QX,2.3919999599456787,CXOG J132402.4+135750,
1470,178.917304,SDSS J132357.84+135809.8,QX,0.6859999895095825,CXOG J132357.8+135809,
11270,79.636626,SDSS J122302.57+103330.3,qX,0.10000000149011612,2XMM J122302.5+103331,
11270,97.564687,J122254.59+103128.6,X,0.8999999761581421,4XMM J122254.6+103129,
11270,150.336862,J122256.18+103025.9,X,,CXO J122256.2+103026,
21567,22.462603,WISEA J162655.36+513327.0,q,1.899999976158142,,
21567,146.484133,SDSS J162654.01+513544.6,Q,1.9889999628067017,,
1473,153.683244,LAMOSTJ002556.37+291510.7,QR2,1.1959999799728394,,VL0J002556.28+291511.1
11271,88.693261,SDSS J132841.26+113501.8,Q,3.2790000438690186,,
21568,87.437966,WISEA J172601.87+601100.2,qR,1.0,,FIRST J172601.8+601100
1474,80.472022,NGC 3799,N,0.010999999940395355,,
1474,160.422824,SDSS J114020.14+151823.9,Q,2.9000000953674316,,
11272,126.740478,WISEA J134004.82+231038.8,q,1.100000023841858,,
11273,138.892876,WISEA J140139.68-341327.3,q,3.200000047683716,,
1477,142.055365,SDSS J024633.00-001228.0,Q,2.700000047683716,,
1477,167.944946,SDSS J024645.11-001452.4,Q,2.489000082015991,,
21572,113.970801,SDSS J233405.11+094443.9,QR,0.9100000262260437,,VL0J233405.17+094442.7
21572,150.651787,SDSS J233400.47+094507.3,Q,1.5520000457763672,,
21572,167.306871,SDSS J233407.43+094007.8,Q,1.9579999446868896,,
11275,119.348588,J225402.03+083117.8,R,,,VL0J225402.13+083121.3
1479,159.018099,WISEA J144535.00-115111.5,q,1.0,,
21574,143.567478,WISEA J005110.71-384432.3,q,0.800000011920929,,
11276,140.104828,2QZ J225729.6-312812,Q,1.6059999465942383,,
21575,62.171572,SDSS J015002.24-062533.6,Q,2.484999895095825,,
21575,173.321683,J014948.97-062703.6,R,,,VL0J014948.98-062704.1
1482,178.448898,SDSS J125741.86+282635.2,qX,1.5,2XMM J125741.8+282637,
21576,138.999168,WISEA J022538.04+433722.4,q,0.6000000238418579,,
1483,142.51488,WISEA J135419.65-073357.4,q,1.5,,
1487,150.919484,WISEA J080932.46-613845.7,q,1.899999976158142,,
11282,149.096821,SDSS J102323.01+570047.2,Q,1.3819999694824219,,
21583,125.234145,WISEA J113905.94-422939.9,q,2.0,,
21584,0.116896,CGCG 127-85,NR,0.02199999988079071,,FIRST J115230.5+203731
21585,136.952655,WISEA J121424.98+181649.0,q,1.7000000476837158,,
11286,107.867674,SDSS J141044.80+151421.3,A,0.41600000858306885,,
1491,67.29975,J080615.18+174120.8,R,0.699999988079071,,VL0J080615.18+174120.9
21590,96.805688,WISEA J212928.95-790556.0,q,1.600000023841858,,
1494,27.397195,J112341.68+535031.2,X,,CXOG J112341.7+535031,
1494,84.475633,SDSS J112329.18+535046.3,QX,1.468999981880188,CXOG J112329.2+535046,
1494,84.715044,J112331.19+535125.5,X,,CXOG J112331.1+535125,
1495,141.913143,J175247.92+295216.9,X,0.5,CXOG J175247.9+295216,
11290,97.634887,SDSS J231014.72+263541.0,Q,1.5709999799728394,,
11290,135.438643,SDSS J231007.67+263820.8,Q,2.0480000972747803,,
1496,114.236377,SDSS J095801.25+102017.4,qX,0.30000001192092896,2SXPS J095801.2+102017,
1496,127.43771,SDSS J095808.87+101931.0,Q,2.619999885559082,,
1496,133.736394,WISEA J095807.05+101921.5,q,0.8999999761581421,,
1496,152.757931,J095816.45+102235.2,R,,,VL0J095816.45+102235.5
21596,111.942965,WISEA J065240.20+553730.0,q,1.2000000476837158,,
11292,175.628806,WISEA J004823.63-591020.3,q,0.20000000298023224,,
11293,95.331289,SDSS J025648.00+050014.1,qR,2.5999999046325684,,FIRST J025647.9+050014
21597,52.647363,J095347.22+170610.8,R,,,FIRST J095347.2+170610
21599,131.231557,SDSS J132024.15+305300.4,Q,0.8069999814033508,,
21599,167.828781,SDSS J132002.03+305348.4,Q,1.940000057220459,,
21599,169.977333,SDSS J13203+3056B,Q,1.5959999561309814,,
21599,173.084539,US 583,QX,1.5950000286102295,1RXH J132022.6+305622,
1497,169.50505,WISEA J113528.30+890510.6,q,1.100000023841858,,
11295,98.212781,WISEA J170310.78+512023.3,q,1.0,,
21600,164.46043,SDSS J141229.24+471741.5,Q,1.718000054359436,,
1500,178.831563,WISEA J125806.24-224944.1,q,1.5,,
21604,144.993063,WISEA J211104.15-035203.6,q,0.20000000298023224,,
11299,82.959505,J020031.23-250352.7,X,,4XMM J020031.2-250352,
11299,154.762969,J020029.57-250058.1,X,3.700000047683716,4XMM J020029.6-250057,
11300,175.829386,SDSS J024517.27-044021.3,Q,2.734999895095825,,
21608,167.937029,PDS J01116-4547,Q,2.239000082015991,,
21608,174.046092,J011136.53-454814.3,X,,2RXP J011137.1-454807,
11301,119.977654,SDSS J080046.13+272811.1,Q,2.0399999618530273,,
11301,133.746002,SDSS J080052.57+272752.8,Q,3.140000104904175,,
21609,57.616009,WISEA J020353.75+430032.0,q,0.20000000298023224,,
1506,0.079865,NGC 5311,BRX,0.00800000037997961,2SXPS J134855.9+395906,VL0J134856.09+395906.6
21610,99.36674,SDSS J023811.74+012201.2,Q,2.4000000953674316,,
21610,117.432817,SDSS J023800.03+012245.3,Q,3.0899999141693115,,
21610,171.977794,J023818.64+012234.1,R,1.100000023841858,,FIRST J023818.7+012234
11302,59.250824,WISEA J094249.96-064330.7,q,2.4000000953674316,,
21611,179.000842,WISEA J031547.40-150335.6,q,2.0,,
1508,170.179425,WISEA J052750.65-051819.4,q,0.10000000149011612,,
21612,121.850847,SDSS J073316.49+323445.5,Q,1.4220000505447388,,
21612,166.06394,SDSS J073323.35+323518.4,Q,2.1579999923706055,,
1509,113.553996,J233433.55-360730.4,X,,CXOG J233433.7-360730,
1509,133.035431,J233423.24-360806.6,X,,CXO J233423.2-360806,
1509,179.995131,J233434.96-360328.4,X,,CXOX J233434.6-360330,
21613,155.99953,SDSS J085944.76+455730.8,Q,0.8790000081062317,,
11305,130.26376,SDSS J123237.12+393355.9,Q,1.315999984741211,,
1514,139.637294,J124941.79-411649.7,X,,4XMM J124942.1-411651,
1514,156.9964,J124953.13-411922.2,X,,CXOG J124953.2-411921,
11307,89.873265,SDSS J154115.79-014208.6,QR,0.5699999928474426,,FIRST J154115.7-014208
11308,155.731316,WISEA J165031.00+552208.0,q,2.4000000953674316,,
1517,127.21381,SDSS J084354.48+494841.1,Q,1.7259999513626099,,
11310,96.085132,SDSS J232921.18+262152.5,Q,1.0099999904632568,,
11312,167.849129,WISEA J024054.91-150640.1,q,2.0,,
21630,117.548705,SDSS J074702.80+420307.3,Q,1.6610000133514404,,
21632,115.896097,WISEA J102729.66-033931.2,qX,1.0,2RXS J102729.1-033915,
1529,141.171835,SDSS J030555.08+364717.8,qX,1.600000023841858,2SXPS J030555.1+364716,
11318,103.710537,WISEA J130416.80-322237.3,q,1.2999999523162842,,
21635,118.143594,SDSS J125450.08+282313.0,Q,2.565000057220459,,
11319,148.217721,J131312.71+060217.9,R,0.4000000059604645,,VL0J131312.72+060218.2
21636,157.064325,SDSS J133903.03+043648.6,QX,1.1299999952316284,4XMM J133903.0+043649,
11322,112.30125,SDSS J152105.24+414244.0,Q,2.747999906539917,,
11322,163.903426,SDSS J152104.84+414127.8,Q,1.8270000219345093,,
1535,65.520941,PGC 1422182,N,0.0729999989271164,,
11323,0.34,CGCG 137-64,N,0.03200000151991844,,
11323,175.343712,SDSS J161354.04+225252.3,Q,2.9070000648498535,,
1537,175.141856,WISEA J015802.22-574710.3,q,1.399999976158142,,
11325,0.389853,UGC 10504,A,0.03099999949336052,,
11325,52.308575,SDSS J164022.46+333954.7,Q,2.5369999408721924,,
11325,67.697418,SDSS J164022.19+333939.6,Q,1.4019999504089355,,
11325,165.158651,SDSS J164010.36+333948.0,Q,1.9850000143051147,,
21646,61.309386,WISEA J010822.66-470454.3,qX,0.30000001192092896,2XMM J010822.7-470453,
21646,102.315516,WISEA J010821.60-470736.9,qX,1.0,2XMM J010821.5-470736,
21646,146.594004,J010815.61-470801.6,X,,2XMM J010815.7-470800,
1539,138.954046,WISEA J005105.27-070115.6,q,0.8999999761581421,,
1540,126.757501,J055140.37+794337.7,R,1.7999999523162842,,VL0J055140.46+794337.9
21648,72.306357,WISEA J035945.76+063251.6,q,1.2000000476837158,,
11328,118.334758,SDSS J232033.93+292019.4,Q,1.0069999694824219,,
11328,154.679267,J232020.68+291930.5,R,,,VL0J232020.67+291930.8
11329,112.523957,SDSS J002713.13+012149.5,Q,1.371999979019165,,
1545,0.185103,NGC 5995,ARX,0.02500000037252903,2SXPS J154825.0-134526,VL0J154824.95-134526.9
21652,67.660935,SDSS J090850.95+195939.4,Q,1.3760000467300415,,
11330,164.81513,WISEA J011401.68+375628.2,q,1.7999999523162842,,
21653,0.044551,IRAS 09144-1258,AR,0.029999999329447746,,VL0J091649.01-131030.6
1546,0.153051,NGC 7603,ARX,0.028999999165534973,2XMM J231856.6+001437,FIRST J231856.6+001438
1546,139.908969,SDSS J231854.55+001221.4,Q,2.4089999198913574,,
1546,145.437809,2SLAQ J231900.82+001226.5,QX,1.3890000581741333,2SXPS J231900.8+001225,
1546,160.480277,2SLAQ J231856.30+001157.4,K,0.11800000071525574,,
21655,115.734206,SDSS J100058.55+221953.9,Q,0.8859999775886536,,
1548,125.962143,SDSS J074033.02+391542.8,Q,0.746999979019165,,
1548,135.867968,SDSS J074038.21+391144.9,Q,2.193000078201294,,
21657,53.679276,SDSS J101346.16+382214.5,Q,3.993000030517578,,
21657,78.32586,SDSS J101353.27+382120.3,Q,1.0010000467300415,,
1550,126.420382,J022937.38+313820.7,X,2.4000000953674316,4XMM J022937.3+313820,
21658,67.821426,J113300.80+501523.3,X,,4XMM J113300.7+501522,
21658,77.204904,SDSS J113303.94+501405.9,N,0.3569999933242798,,
21658,122.00564,J113244.08+501504.1,X,1.100000023841858,4XMM J113243.8+501503,
21659,144.490955,SDSS J120458.34+322900.4,Q,1.8300000429153442,,
1552,145.396641,WISEA J183023.37+675721.0,q,1.2999999523162842,,
11336,31.950945,2MASS J11031293+4141549,AX,0.4020000100135803,2RXS J110312.1+414158,
21661,73.502544,SDSS J140207.43+260449.3,Q,2.930000066757202,,
21661,103.059228,J140159.74+260237.5,R,,,FIRST J140159.7+260237
21662,0.333661,UGC 9035,N,0.027000000700354576,,
11339,84.46364,WISEA J124904.91-092617.6,q,1.600000023841858,,
1556,0.830299,UGC 3351,NR,0.014999999664723873,,VL0J054547.94+584204.0
11340,105.528891,SDSS J125358.13+262453.6,Q,3.0840001106262207,,
1558,107.10556,SDSS J103448.69+111047.3,Q,1.5740000009536743,,
1559,43.332687,J113944.44+315635.9,X,,4XMM J113944.2+315632,
1559,64.414112,SDSS J113949.59+315543.2,NX,0.527999997138977,4XMM J113949.5+315541,
1559,84.536981,NGC 3786,ARX,0.009999999776482582,XMMX J113942.6+315432,FIRST J113942.5+315433
21669,52.286473,SDSS J125646.29+270511.4,Q,2.4019999504089355,,
21669,55.55986,J125649.78+270442.5,RX,,2XMMi J125649.7+270440,NVSS J125649.7+270440
21669,104.570575,SDSS J125642.17+270507.5,Q,2.2799999713897705,,
21669,177.136387,SDSS J125701.76+270650.7,qX,0.30000001192092896,4XMM J125701.7+270650,
21670,137.75601,SDSS J133530.21+334118.6,Q,0.8679999709129333,,
1562,142.092825,WISEA J052607.19-464515.8,qX,0.699999988079071,2SXPS J052606.9-464516,
1562,152.229596,WISEA J052543.41-464447.3,qX,1.2000000476837158,2SXPS J052543.3-464447,
1563,95.972237,J112220.91+590600.6,X,,2SXPS J112222.1+590559,
1563,96.611924,J112222.49+590557.5,X,,2RXP J112222.8+590555,
1564,168.163805,WISEA J012140.00+173326.7,q,2.0999999046325684,,
21676,167.220269,SDSS J211410.07+025650.4,Q,1.2929999828338623,,
1569,177.58016,J222056.44-244200.8,X,,4XMM J222056.4-244200,
21678,102.951,J214031.76-635853.7,X,,2SXPS J214031.9-635852,
21678,135.873801,J214010.43-635558.4,X,,2SXPS J214010.5-635559,
21679,99.52877,WISEA J223450.99-125312.6,q,0.30000001192092896,,
1570,0.011,NGC 5793,NRX,0.010999999940395355,CXOG J145924.8-164135,VL0J145924.76-164135.7
1570,26.160237,J145925.92-164157.0,X,,CXOG J145926.0-164154,
1570,88.79112,J145919.65-164047.0,X,0.4000000059604645,CXOG J145919.6-164047,
1570,119.075076,J145916.58-164120.2,X,,CXOG J145916.5-164120,
1570,179.829719,WISEA J145936.94-164219.0,qX,1.2999999523162842,CXOG J145936.9-164219,
21680,73.061208,J231614.42-021427.8,X,0.5,4XMM J231614.4-021427,
21680,129.409291,J231618.28-021329.2,X,,XMMX J231618.1-021331,
21681,67.451552,SDSS J005130.20-011403.7,Q,2.046999931335449,,
21681,161.91727,SDSS J005140.86-011508.3,Q,1.569000005722046,,
1572,96.264318,J024938.45-311005.6,X,,XMMX J024938.2-311006,
1572,137.981203,J024925.40-310956.8,X,,CXOG J024925.2-310956,
1572,160.91623,WISEA J024942.63-311316.8,qX,1.5,CXOG J024942.6-311316,
21682,170.702325,J012235.03+335826.0,R,0.30000001192092896,,VL0J012234.94+335825.4
21682,175.681986,SDSS J012259.15+335609.4,Q,2.3989999294281006,,
11353,170.987258,J030355.12-152923.2,X,1.899999976158142,4XMM J030355.1-152923,
21683,107.670866,SDSS J020019.08+001022.5,Q,1.6929999589920044,,
21684,113.85435,SDSS J020152.55+182932.9,Q,0.8360000252723694,,
1576,109.819769,SDSS J122057.03+580412.8,Q,1.0640000104904175,,
11356,157.238757,SDSS J082328.63-045727.9,qX,2.0999999046325684,4XMM J082328.6-045727,
21688,0.132575,UGC 3901,ARX,0.02199999988079071,2RXP J073354.0+491726,FIRST J073353.0+491730
21688,120.524998,J073404.46+491817.9,X,1.399999976158142,1RXH J073404.4+491813,
11358,147.286823,WISEA J113803.26-444555.1,q,1.399999976158142,,
21689,124.186659,WISEA J093753.04-200032.8,q,1.2000000476837158,,
21690,135.63139,SDSS J104440.05+141436.9,Q,2.486999988555908,,
11360,160.241305,WISEA J140346.41-100616.5,q,1.0,,
0,0.386231,NGC 5128,BX,0.0010000000474974513,CXOX J132527.8-430108,
1,139.148922,J133654.92-295001.4,X,,4XMM J133655.0-294959,
1,167.331679,J133713.60-295224.9,X,,1RXH J133713.6-295220,
1,171.941244,J133655.87-294917.7,X,0.8999999761581421,4XMM J133655.9-294916,
2,107.73696,J123954.60-113602.8,X,0.10000000149011612,CXOG J123954.6-113602,
2,120.498071,J123958.91-113522.8,X,0.10000000149011612,1WGA J1239.9-1135,
2,124.386591,J124000.66-113519.8,X,,CXOG J124000.6-113519,
2,148.229195,J123959.78-113454.8,X,2.4000000953674316,CXOG J123959.7-113454,
2,154.670248,J124009.69-113644.8,X,0.10000000149011612,CXOG J124009.7-113644,
2,163.660454,J123955.80-113448.6,X,0.10000000149011612,CXOG J123955.8-113448,
2,166.257858,J124010.40-113638.7,X,1.100000023841858,CXOG J124010.4-113638,
2,166.882694,J124005.31-113459.7,X,3.5,CXOG J124005.3-113459,
2,172.859559,J123950.50-113914.6,X,0.20000000298023224,CXOG J123950.5-113914,
3,0.571922,NGC 4472,NRX,0.003000000026077032,CXOG J122946.7+080000,VL0J122946.73+080001.7
3,44.530932,J122943.82+075956.3,X,,CXOG J122943.8+075956,
3,56.02884,J122944.18+080041.9,X,0.699999988079071,CXOG J122944.1+080042,
3,59.711857,J122943.78+080040.9,X,,CXOG J122943.7+080040,
3,66.229564,J122942.61+075938.6,X,,1RXH J122942.3+075934,
3,66.656862,J122942.33+080007.9,X,0.30000001192092896,CXOG J122942.3+080007,
3,74.848907,J122947.02+075846.7,X,,CXOG J122947.0+075846,
3,92.847376,J122947.06+080134.2,X,1.2999999523162842,1RXH J122947.0+080134,
3,105.223559,J122940.09+075927.4,X,3.5999999046325684,CXOG J122940.0+075927,
3,135.121731,J122955.89+080003.4,X,,CXOG J122955.8+080003,
3,141.579024,J122937.74+080045.7,X,0.30000001192092896,CXOG J122937.7+080045,
3,143.33584,J122950.87+080211.4,X,,CXOG J122950.8+080211,
3,144.9071,J122956.35+080030.5,X,1.7999999523162842,CXOG J122956.3+080030,
3,147.284193,J122937.92+075855.7,X,2.5,CXOG J122937.9+075856,
3,149.026399,J122938.51+075837.4,X,1.100000023841858,CXOG J122938.4+075837,
3,150.983244,J122936.63+080000.5,X,,CXOG J122936.6+080001,
3,161.906415,J122941.00+075744.3,X,0.20000000298023224,CXOG J122941.0+075744,
3,163.177981,J122957.61+075933.0,X,1.899999976158142,CXOG J122957.6+075932,
3,172.028196,J122942.63+080242.0,X,,CXOG J122942.6+080241,
3,172.259753,J122935.77+080055.1,X,1.2999999523162842,CXOG J122935.9+080054,
20000,0.049807,NGC 6423,A,0.024000000208616257,,
20000,88.262969,J173638.14+680952.8,X,,4XMM J173638.1+680952,
20000,120.449834,SDSS J173704.04+681202.2,qX,2.0,4XMM J173704.0+681201,
20000,121.355739,J173641.83+680834.4,X,,4XMM J173641.8+680832,
20000,158.60692,J173629.57+680850.4,X,,2XMM J173629.9+680849,
4,121.174531,J032245.83-371038.4,X,,XMMX J032245.6-371036,
5,0.919357,NGC 1068,ARX,0.003000000026077032,CXOG J024240.7-000047,VL0J024240.74-000046.9
5,11.810665,J024240.00-000044.9,X,,CXOG J024239.9-000044,
5,20.890781,J024239.92-000104.4,X,,CXOG J024240.0-000102,
5,95.107799,J024241.76+000046.1,X,,1RXH J024241.4+000048,
5,123.955347,SDSS J024233.71+000016.5,N,0.004000000189989805,,
5,152.878604,SDSS J024230.65-000029.6,QX,2.5,CXOG J024230.6-000029,
5,154.046888,SDSS J024250.98-000031.6,QX,2.177000045776367,CXOG J024250.9-000031,
5,168.185193,SDSS J024251.85-000021.9,N,0.004000000189989805,,
20003,35.204021,WISEA J221126.33+015543.8,q,0.4000000059604645,,
20003,152.682128,VIPERS 410049294,Q,1.725000023841858,,
6,80.290816,J124335.28+113349.8,X,,CXOG J124335.2+113350,
6,87.840586,J124335.96+113204.6,X,0.10000000149011612,CXOG J124335.9+113204,
7,93.181291,J031712.18-410530.6,X,,CXOG J031712.0-410531,
7,124.88085,J031724.39-410815.4,X,,2SXPS J031724.3-410811,
7,159.548042,J031705.88-410519.9,X,,CXOG J031705.9-410519,
7,165.289844,J031718.28-410343.8,X,,CXOG J031718.2-410344,
20006,121.855926,SDSS J235904.52-021552.2,QX,1.5190000534057617,2SXPS J235904.6-021550,
8,131.612227,J110549.70-000419.8,X,,2SXPS J110549.9-000422,
9,130.381713,J123056.44+122448.1,X,0.699999988079071,CXOG J123056.4+122448,
9,168.735972,J123037.90+122327.6,X,0.30000001192092896,XMMX J123037.8+122329,
9,178.00357,J123056.68+122105.2,X,,4XMM J123056.6+122105,
10,48.693682,J100517.14-074319.1,X,,CXOG J100517.1-074319,
10,51.04882,J100513.18-074217.2,X,,CXOG J100513.1-074217,
10,92.981082,J100509.59-074200.6,X,,CXOG J100509.6-074200,
10,107.580331,J100519.30-074419.6,X,0.800000011920929,CXOG J100519.2-074417,
10,118.801247,J100511.41-074459.4,X,1.2000000476837158,CXOG J100511.4-074459,
10,142.841591,J100506.07-074428.1,X,0.20000000298023224,CXOG J100506.0-074428,
10,149.781281,J100505.69-074141.5,X,0.20000000298023224,CXOG J100505.7-074141,
10,150.360989,J100510.30-074527.0,X,,CXOG J100510.3-074527,
10,179.204794,J100522.87-074105.9,X,0.5,CXOG J100522.8-074106,
11,67.904052,SDSS J112017.26+125829.1,qX,0.699999988079071,XMMX J112017.2+125823,
11,118.921023,J112016.03+125730.6,X,1.2000000476837158,2XMM J112016.1+125729,
12,103.855281,CXO J02224+4221,QX,1.180999994277954,4XMM J022224.4+422138,
10013,134.520565,SDSS J171046.15+395451.1,Q,3.055999994277954,,
14,137.810143,J093205.78+212759.1,X,,2RXP J093205.6+212759,
14,165.788011,J093205.35+213234.9,X,0.8999999761581421,4XMM J093205.3+213234,
15,127.018299,J111851.30+130344.6,X,1.2000000476837158,4XMM J111851.2+130344,
20012,85.650479,J035748.13-165156.7,R2,2.200000047683716,,VL0J035748.12-165156.6
16,25.856513,J123618.90+255917.5,X,,2RXP J123619.4+255917,
16,26.437948,NGC 4565,N,0.004000000189989805,,
16,29.528948,J123618.75+255904.3,X,,2RXS J123618.0+255902,
16,35.900936,J123618.78+255937.9,X,,CXO J123618.6+255934,
16,142.814201,SDSS J123631.26+255936.9,QX,0.5839999914169312,CXOG J123631.2+255936,
16,162.631339,SDSS J123610.89+260047.3,qX,1.7999999523162842,CXOG J123610.8+260047,
16,178.042698,J123608.00+255831.2,X,,CXOG J123607.9+255831,
10016,163.518907,WISEA J051133.52-030153.2,q,1.0,,
17,44.294555,J092203.33+505751.5,X,,XMMX J092203.7+505750,
17,106.009585,J092206.54+505655.9,X,,CXOG J092206.6+505656,
19,51.574816,J112013.57+133533.9,X,,CXOG J112013.5+133533,
19,165.949802,J112022.38+133748.5,X,,4XMM J112022.4+133748,
19,177.441465,1WGA J1120.2+1332,QX,0.9929999709129333,1RXH J112014.3+133240,
20,52.115919,SDSS J122522.14+181043.3,QX,1.9570000171661377,4XMM J122522.2+181043,
20,53.174415,J122527.18+181156.9,X,,CXOX J122527.4+181157,
20,169.824114,1WGA J1225.2+1813,QX,1.1859999895095825,2XMM J122517.1+181346,
10018,168.658697,SDSS J111459.29+033318.9,Q,2.562999963760376,,
10018,176.438301,SDSS J111510.49+033715.6,Q,3.509999990463257,,
20018,77.001973,SDSS J121756.09+502803.5,Q,1.3370000123977661,,
21,0.012499,NGC 2974,NRX,0.006000000052154064,2SXPS J094233.2-034156,FIRST J094233.2-034156
21,171.880626,J094243.79-034305.9,RX,0.800000011920929,2SXPS J094243.7-034305,FIRST J094243.7-034305
23,0.001106,NGC 4501,NX,0.00800000037997961,CXOG J123159.1+142513,
20021,39.289966,WISEA J132312.26-312720.2,qX,0.20000000298023224,2RXP J132312.3-312715,
25,0.17374,NGC 4374,NRX,0.003000000026077032,CXOG J122503.7+125313,FIRST J122503.7+125316
25,142.998511,Q 1222+131,QX,1.25600004196167,CXOG J122511.9+125153,
26,102.359376,J041621.38-554733.1,X,,CXOG J041621.3-554733,
26,135.202374,J041612.02-554903.0,X,,1RXH J041612.2-554902,
10023,164.959168,SDSS J225957.81+255937.6,Q,1.6469999551773071,,
27,51.482635,J104752.28+123527.1,X,,CXOG J104752.2+123524,
20024,96.907331,SDSS J163802.45+325059.8,Q,0.9819999933242798,,
29,130.290664,J104653.17+115022.9,X,1.2999999523162842,CXOG J104653.2+115022,
10025,150.366255,WISEA J071031.80+394532.1,q,1.2000000476837158,,
20026,100.81148,SDSS J222808.99+185920.8,Q,0.6290000081062317,,
10026,72.74154,WISEA J080926.69+575055.8,q,0.20000000298023224,,
10026,91.936703,WISEA J080924.36+575129.5,qR,1.2000000476837158,,VL0J080924.33+575129.3
31,104.067984,J033820.78-352726.2,X,,CXOG J033820.7-352726,
31,112.591237,J033820.00-352643.6,X,,CXOG J033819.9-352643,
31,136.602019,J033838.78-352554.9,X,,CXOG J033838.7-352554,
31,143.12991,J033838.81-352543.0,X,,CXOG J033838.7-352543,
31,150.033369,J033817.08-352630.8,X,,XMMX J033816.9-352626,
31,156.973777,J033816.87-352613.9,X,,CXOG J033816.8-352614,
31,174.320798,J033820.12-352447.0,X,,CXOG J033820.0-352446,
32,95.879495,J124841.26-054710.2,X,,2XMMi J124841.0-054717,
32,132.855636,J124834.42-055014.0,X,1.100000023841858,CXOG J124834.4-055014,
32,170.375961,SDSS J124834.32-055051.8,qX,0.8999999761581421,4XMM J124834.2-055052,
32,170.808944,WISEA J124846.84-054853.0,qX,1.0,CXOG J124846.8-054853,
10027,173.027362,SDSS J102728.00+011225.6,A,0.5329999923706055,,
33,153.497162,J131044.41+370234.9,X,1.899999976158142,CXOG J131044.4+370234,
34,149.31276,WISEA J124855.81-083756.0,q,0.699999988079071,,
20030,112.909916,WISEA J100404.26+765149.0,q,1.7000000476837158,,
10029,125.315501,SDSS J113421.64+490051.3,AX,0.2290000021457672,1RXH J113421.8+490048,
10029,169.556081,J113421.79+490001.5,X,,4XMM J113421.7+490001,
20031,91.200995,SDSS J114809.59+460924.6,Q,1.6150000095367432,,
35,1.393471,NGC 1365,AX,0.006000000052154064,XMMSL J033336.2-360818,
35,158.663198,J033334.16-361102.5,X,,4XMM J033334.1-361102,
35,159.343606,J033329.34-360612.3,X,,4XMM J033329.3-360611,
37,23.347073,J123744.78+114849.5,X,,CXOX J123744.7+114850,
37,46.579195,J123741.02+114932.4,X,,XMMX J123741.0+114933,
37,48.933163,J123745.73+114942.7,X,,XMMX J123745.8+114945,
10031,119.947777,2QZ J123528.3-022134,N,0.12800000607967377,,
20033,52.135419,GQ125211+272803,QX,2.0439999103546143,2XMM J125211.8+272803,
20033,85.266616,SDSS J125206.95+272717.4,QX,1.6799999475479126,4XMM J125206.9+272716,
20033,157.126957,SDSS J125218.82+273005.4,qX,1.399999976158142,2XMM J125218.7+273005,
20033,163.626805,J125203.89+272609.4,X,2.0,2XMM J125203.8+272609,
20033,172.038232,SDSS J125201.68+273100.1,qX,2.0999999046325684,4XMM J125201.7+273100,
38,109.375681,NGC 3923 #40,QX,1.2699999809265137,CXOG J115106.2-284649,
38,168.766543,J115110.88-285021.4,X,0.5,XMMX J115110.9-285023,
39,104.253259,J124213.54+323346.6,X,,XMMX J124213.6+323351,
39,110.934652,SDSS J124204.03+323408.3,AX,0.39500001072883606,CXOG J124204.0+323408,
39,131.639179,J124158.41+323320.7,X,,CXOX J124158.4+323319,
39,155.652769,J124155.75+323214.6,X,0.10000000149011612,2SXPS J124155.7+323214,
20034,84.835777,J125918.62+272502.8,X,,4XMM J125918.5+272502,
20034,161.798434,SDSS J125902.74+272519.4,qX,2.0,4XMM J125902.7+272519,
10033,80.148101,SDSS J134422.34+202111.5,Q,1.0759999752044678,,
10033,160.97757,SDSS J134416.31+202408.1,Q,0.8619999885559082,,
40,0.001137,NGC 4636,ARX,0.003000000026077032,4XMM J124249.8+024114,FIRST J124249.9+024116
40,41.94529,J124251.09+024038.3,X,,CXOG J124251.2+024038,
40,52.093984,J124248.58+024204.4,X,,1RXH J124248.7+024206,
20035,70.463724,WISEA J135942.58+245936.7,q,0.20000000298023224,,
41,148.66826,J033844.33-261830.7,X,0.10000000149011612,CXOG J033844.3-261831,
41,153.581617,J033903.45-261956.1,X,1.600000023841858,CXOG J033903.4-261956,
41,178.025701,J033847.09-262300.8,X,0.5,CXOG J033847.1-262301,
42,158.570911,J050732.32-372902.3,X,,2RXP J050732.4-372912,
43,5.859169,NGC 3621,N,0.0020000000949949026,,
20038,37.740322,SDSS J171925.70+405507.7,Q,1.3849999904632568,,
20038,147.625164,SDSS J171917.11+405416.4,Q,1.437000036239624,,
10037,55.233276,J030337.27+015606.3,R,0.6000000238418579,,VL0J030337.27+015606.4
44,100.875338,J111317.45-264658.7,X,0.20000000298023224,CXOG J111317.4-264658,
44,129.239314,J111326.32-264556.3,X,1.0,CXOG J111326.3-264556,
45,129.735437,J122427.28+072112.0,X,1.399999976158142,2RXP J122427.2+072101,
45,132.870208,J122426.37+071653.0,X,0.5,CXOG J122426.3+071653,
45,134.900049,J122426.66+071650.2,X,,CXOG J122426.6+071650,
20041,72.584263,J184556.48-625923.6,X,,2XMMi J184556.6-625923,
10040,135.069315,WISEA J122929.30-182137.5,q,1.5,,
46,105.090738,J122258.74+154751.3,RX,,1RXH J122258.6+154754,FIRST J122258.6+154751
20043,115.063428,SDSS J231517.78+305640.8,Q,1.8639999628067017,,
47,132.983761,J151601.18+561746.4,X,,2SXPS J151601.6+561747,
47,156.831544,SDSS J151612.51+561952.3,QX,0.6779999732971191,2SXPS J151612.6+561952,
10041,110.182115,J123017.74+104630.9,X,,CXOG J123017.7+104631,
10041,161.440912,J123019.86+104805.8,X,0.5,4XMM J123019.9+104805,
10041,164.6537,SDSS J123007.34+104924.8,QX,0.8330000042915344,CXOG J123007.3+104924,
10041,167.219974,J123020.39+104528.7,X,0.800000011920929,CXOX J123020.4+104528,
10041,178.753371,SDSS J123015.73+104926.1,qX,0.30000001192092896,CXOX J123015.7+104926,
20044,130.127166,SDSS J233028.30+270716.9,Q,1.9589999914169312,,
20044,143.116346,PGC 214965,N,0.12200000137090683,,
10042,137.510242,WISEA J123339.06-350537.1,q,1.100000023841858,,
20045,176.050407,SDSS J004441.48+164845.6,Q,2.2790000438690186,,
50,76.909797,J034006.51-183443.0,X,,CXOX J034006.3-183443,
50,106.463103,J034004.48-183503.5,X,,CXOG J034004.4-183503,
50,120.436195,J034014.03-183252.8,X,,CXOG J034014.0-183252,
50,137.177297,J034011.24-183232.5,X,0.10000000149011612,CXOG J034011.2-183232,
51,156.714378,J104827.23+123826.4,X,0.5,CXOG J104827.2+123826,
51,166.066216,NGC 3384 U13,QX,0.4970000088214874,CXOG J104827.1+123858,
20047,86.84615,J024041.87+012126.6,X,2.299999952316284,4XMM J024041.8+012125,
20047,141.445225,J024044.22+012252.4,X,,4XMM J024044.2+012253,
20047,153.243828,SDSS J024039.10+011850.3,QX,1.6399999856948853,4XMM J024039.1+011850,
55,92.99352,J033859.27-353515.4,X,,CXOG J033859.1-353514,
55,137.864952,J033859.36-353723.4,X,,4XMM J033859.3-353723,
55,140.201844,J033844.94-353731.3,X,,CXOG J033844.8-353730,
55,150.461336,Q 0336-3603,QX,0.7409999966621399,CXOX J033843.5-353349,
10048,162.345721,SDSS J020221.70+160142.0,Q,2.6419999599456787,,
20052,34.404504,SDSS J094644.44+064120.1,Q,2.697999954223633,,
57,159.380074,J003016.21-331220.7,X,,2SXPS J003016.1-331219,
10049,0.640032,UGC 2638,NRX,0.024000000208616257,2SXPS J031702.0+011517,FIRST J031702.1+011518
10049,99.103303,SDSS J031702.74+011339.4,Q,2.249000072479248,,
20053,176.798337,SDSS J095735.22+451244.6,Q,1.1929999589920044,,
20054,51.40502,SDSS J113323.51+323519.6,Q,2.321000099182129,,
20054,81.59316,FBQS J113324.7+323449,QR,2.5369999408721924,,FIRST J113324.7+323449
58,100.057355,SDSS J144450.36+015810.4,qX,1.2999999523162842,CXOG J144450.3+015810,
58,128.808278,J144501.66+015540.1,X,,4XMM J144501.6+015539,
20055,48.148795,WISEA J120218.38-293137.8,q,1.100000023841858,,
59,151.718017,J225721.97-362851.9,X,,4XMM J225721.9-362851,
59,159.504519,J225723.53-362707.2,X,,CXOG J225723.5-362707,
20056,116.469048,WISEA J124239.70+270833.4,q,1.2000000476837158,,
10052,43.199397,WISEA J100743.52-351140.9,q,1.0,,
61,1.580993,NGC 5866,ARX,0.0020000000949949026,2SXPS J150629.5+554549,FIRST J150629.4+554547
61,79.915893,J150635.54+554446.0,X,,CXOG J150635.5+554445,
61,158.822482,J150629.73+554309.1,X,,CXOG J150629.7+554309,
61,166.441598,J150640.45+554806.7,X,,CXOG J150640.4+554806,
62,147.285405,J033639.53-345846.8,X,,CXOG J033639.4-345846,
10054,66.330103,WISEA J131415.88-263559.2,q,1.600000023841858,,
63,84.387153,J120805.46+651151.1,X,1.5,CXOG J120805.5+651151,
63,100.827347,J120810.94+650850.9,X,0.20000000298023224,CXOG J120810.9+650851,
65,69.145121,J122150.33+042821.2,X,,CXOG J122150.4+042820,
65,79.753967,J122150.68+042912.7,X,,2SXPS J122150.9+042916,
65,80.263043,J122158.15+042929.2,X,1.2000000476837158,1RXH J122158.2+042934,
65,106.328896,J122149.30+042929.6,R,,,NVSS J122149.3+042928
65,111.616185,J122202.35+042810.7,X,,2SXPS J122202.2+042805,
10058,142.748152,WISEA J222253.86+355052.8,q,1.899999976158142,,
68,157.458927,J073651.54-693050.4,X,,4XMM J073651.4-693051,
10059,0.16059,ESO 602-31,ARX,0.032999999821186066,CXOG J223655.9-221315,VL0J223655.92-221314.8
20067,148.682602,WISEA J061133.91-162648.0,q,1.2000000476837158,,
20067,158.603179,WISEA J061132.66-163144.0,q,1.0,,
70,52.367221,J033828.58-230229.3,X,0.30000001192092896,CXOG J033828.6-230229,
70,55.583362,J033831.85-230227.3,X,,CXOG J033831.8-230228,
70,93.191042,J033834.09-230027.9,X,,2XMM J033834.0-230028,
70,164.319503,WISEA J033839.94-230305.3,qX,0.6000000238418579,CXOG J033839.9-230305,
70,176.084915,WISEA J033817.57-230231.4,qX,1.7000000476837158,4XMM J033817.5-230231,
20070,128.541418,WISEA J095137.67+693959.6,qX,0.699999988079071,2RXP J095138.9+693947,
72,0.487503,NGC 1566,ARX,0.004000000189989805,4XMM J042000.4-545616,SUMSS J042001.2-545613
72,137.661058,J041949.20-545754.2,X,,2RXP J041949.4-545744,
73,152.721165,J050508.30-375636.4,X,,4XMM J050508.1-375635,
10064,107.763041,WISEA J082034.29+043231.1,q,0.20000000298023224,,
74,2.486798,NGC 5846,ARX,0.006000000052154064,CXOG J150629.3+013620,FIRST J150629.2+013620
74,52.57412,J150626.04+013638.9,X,,1RXH J150626.3+013648,
74,60.187502,J150628.72+013718.9,X,,1RXH J150628.5+013717,
74,104.426226,J150635.08+013521.4,X,0.30000001192092896,XMMX J150635.3+013520,
74,126.981169,J150621.92+013516.7,X,1.2999999523162842,1WGA J1506.3+0135,
75,20.981623,J124508.13-002802.2,X,,2SXPS J124508.2-002808,
75,161.041121,2SLAQ J124459.73-002911.9,QX,1.5210000276565552,4XMM J124459.6-002911,
76,130.042796,J121853.77+142654.6,X,,4XMM J121853.8+142654,
20075,32.513266,SDSS J222638.51+200539.9,Q,1.0529999732971191,,
20075,120.178185,SDSS J222638.46+200335.7,Q,2.1059999465942383,,
77,0.430734,NGC 3607,NRX,0.003000000026077032,CXOG J111654.6+180305,FIRST J111654.6+180306
77,35.939959,SDSS J111657.15+180311.5,qX,1.2000000476837158,CXOX J111657.1+180311,
20076,35.562785,SDSS J231344.20-014342.8,qR,1.399999976158142,,VL0J231344.19-014342.8
20076,86.555916,SDSS J231341.33-014310.9,Q,1.371999979019165,,
20076,119.563885,SDSS J231346.10-014547.6,Q,1.3609999418258667,,
79,86.027243,J032614.87-212126.2,RX,0.10000000149011612,4XMM J032614.7-212125,NVSS J032614.9-212127
20078,103.491066,SDSS J010935.88+322603.7,Q,1.6019999980926514,,
80,156.579563,J121957.86+293858.3,X,,CXOG J121957.9+293857,
81,0.371613,NGC 7213,BRX,0.006000000052154064,2RXS J220916.3-471000,SUMSS J220916.1-471000
10071,56.926486,SDSS J025245.98-084824.3,Q,1.5880000591278076,,
83,109.114599,J061913.20+782144.5,X,,2SXPS J061913.1+782143,
10075,176.259922,J141805.29-195648.3,R,0.5,,VL0J141805.25-195648.3
86,0.000753,NGC 2655,NRX,0.004999999888241291,2SXPS J085537.7+781324,VL0J085537.83+781323.6
86,144.058875,J085618.80+781212.9,X,0.5,2SXPS J085617.5+781211,
20085,165.86918,2SLAQ J135803.98-002612.6,Q,1.4739999771118164,,
20086,99.030082,SDSS J145343.93+422623.1,Q,0.9599999785423279,,
20086,104.010079,SDSS J145332.39+422511.1,Q,1.2239999771118164,,
87,96.771485,SDSS J091014.05+070249.5,qX,1.100000023841858,2SXPS J091014.1+070248,
10076,64.515257,J223559.74+335739.1,X,1.100000023841858,1RXH J223559.4+335736,
10076,90.948481,Q 2233+337,QX,2.114000082015991,CXOG J223603.6+335825,
10076,94.055178,J223600.84+335821.8,X,1.5,4XMM J223600.8+335821,
10076,99.950682,NGC 7319,NRX,0.02199999988079071,4XMM J223603.5+335833,VL0J223603.54+335832.7
88,110.551334,J123128.54+254457.7,X,1.7999999523162842,CXOG J123128.5+254457,
88,140.834865,J123120.67+254843.2,X,0.5,CXO J123120.7+254843,
88,154.209179,SDSS J123131.55+254433.8,qX,0.10000000149011612,CXOG J123131.5+254433,
89,80.087155,SDSS J111126.87+553914.6,QX,1.1169999837875366,CXOG J111126.8+553914,
89,108.026162,J111118.24+554017.9,X,,CXO J111117.8+554016,
89,144.691716,J111116.34+554142.0,X,,CXOG J111116.3+554142,
89,145.63977,SDSS J111134.48+554249.4,qX,1.2999999523162842,CXOG J111134.5+554249,
89,175.770772,J111110.65+553949.9,X,,CXOG J111110.6+553950,
89,179.209368,J111110.00+554001.2,X,,CXOG J111109.7+554000,
20090,60.302782,WISEA J171004.82+321652.3,q,0.20000000298023224,,
20090,114.94748,SDSS J171009.13+321545.0,Q,1.2120000123977661,,
20090,170.028896,SDSS J170954.53+321759.6,Q,2.625,,
90,1.10094,NGC 5033,ARX,0.003000000026077032,CXOG J131327.4+363538,FIRST J131327.5+363538
90,32.174429,J131329.32+363513.2,X,,2SXPS J131329.2+363513,
90,133.559944,SDSS J131335.54+363404.6,QX,2.003000020980835,CXOG J131335.5+363404,
90,136.754729,J131335.26+363356.9,X,0.4000000059604645,XMMX J131335.0+363353,
90,169.515496,J131323.86+363820.8,X,,4XMM J131323.8+363817,
91,71.076319,J013637.70+154740.6,X,0.30000001192092896,CXOG J013637.7+154740,
91,102.031085,J013636.21+154557.4,X,1.0,2SXPS J013635.6+154556,
91,153.720812,J013651.10+154546.3,X,,CXOG J013651.1+154547,
91,162.469893,J013642.66+154418.5,X,,2CXO J013642.6+154419,
93,1.580888,NGC 2768,ARX,0.004999999888241291,CXOG J091137.4+600215,VL0J091137.37+600214.7
93,138.310451,J091149.34+600400.1,X,,CXOG J091149.5+600401,
20095,124.921197,2QZ J011251.3-310959,Q,0.7919999957084656,,
94,85.102656,J013414.48-292616.1,X,0.4000000059604645,2SXPS J013414.4-292624,
10083,23.630351,SDSS J082045.03+540730.8,Q,1.437000036239624,,
10083,112.320741,SDSS J082043.39+540927.9,Q,1.2259999513626099,,
10083,154.550222,J082025.54+540651.9,R,,,FIRST J082025.5+540651
95,135.453947,SDSS J000309.95+160648.0,qX,1.600000023841858,CXOG J000309.9+160648,
95,161.712937,SDSS J000306.04+160704.4,qX,1.5,CXOG J000306.0+160704,
10084,123.411662,SDSS J092004.09+335402.7,Q,3.3320000171661377,,
10084,133.264815,J091948.05+335444.8,X,,CXOX J091948.0+335443,
96,48.245037,J115351.91+522015.8,X,,2SXPS J115352.1+522016,
96,111.887547,J115355.70+522109.2,X,,2SXPS J115355.8+522113,
96,173.952145,SDSS J115331.13+521837.8,qX,1.2000000476837158,2XMM J115331.0+521837,
98,173.51038,SDSS J122840.23+170629.5,QX,0.703000009059906,2RXP J122840.4+170630,
10086,0.435153,UGC 8598,N,0.01600000075995922,,
100,151.33025,J012447.81+092948.5,X,,2RXP J012447.1+092943,
101,0.535453,NGC 1672,ARX,0.004000000189989805,2SXPS J044542.4-591451,SUMSS J044542.2-591448
101,175.840816,J044540.97-591746.1,X,,4XMM J044540.8-591746,
10088,71.251249,SDSS J170817.10+425622.4,Q,1.4010000228881836,,
10088,160.727788,SDSS J170816.85+425450.3,Q,2.6610000133514404,,
103,44.637094,CXO 37,AX,0.25999999046325684,CXOG J120154.9-185314,
20106,153.515897,WISEA J145725.34+272729.5,q,1.0,,
20107,146.195575,SDSS J150958.41+094138.8,N,0.07999999821186066,,
104,25.523656,J122008.72+291644.5,X,,CXOG J122008.7+291644,
104,25.866625,J122006.48+291624.3,X,,CXOG J122006.4+291624,
104,32.308709,J122007.92+291718.7,X,,XMMX J122007.6+291719,
104,34.101046,J122004.21+291650.9,X,,CXOG J122004.2+291651,
104,38.421409,J122009.75+291648.5,X,,CXOG J122009.7+291648,
104,45.748423,J122003.41+291639.4,X,,CXOG J122003.4+291639,
104,48.598158,J122007.15+291738.2,X,,CXOG J122007.1+291738,
104,56.934991,J122003.76+291609.3,X,,CXOG J122003.7+291609,
104,57.473356,J122010.87+291627.7,X,,CXOG J122010.8+291628,
104,65.16428,J122009.94+291740.5,X,,CXOG J122009.9+291740,
104,115.036121,J122011.76+291514.7,X,1.2000000476837158,2CXO J122011.7+291514,
104,118.832142,J122000.27+291812.2,X,1.399999976158142,CXOG J122000.2+291812,
104,119.482785,J122008.70+291452.9,X,,CXOX J122008.7+291453,
104,121.554639,J122012.40+291512.7,X,,1RXH J122012.8+291501,
104,150.249172,J122010.81+291910.6,X,0.5,4XMM J122010.7+291911,
104,152.214236,J122004.33+291421.1,X,,CXOG J122004.3+291421,
105,1.035419,NGC 5643,NRX,0.003000000026077032,4XMM J143240.8-441027,SUMSS J143240.5-441027
20110,21.346158,2SLAQ J231542.20+002446.0,N,0.028999999165534973,,
10094,41.38447,SDSS J235515.32+214618.0,Q,2.1610000133514404,,
10094,62.956105,SDSS J235516.01+214637.5,Q,2.1540000438690186,,
20111,34.241471,SDSS J020016.94+241449.2,Q,3.1630001068115234,,
20111,71.54289,SDSS J020010.02+241533.8,Q,1.7009999752044678,,
20111,150.968862,SDSS J020019.36+241251.5,Q,1.6629999876022339,,
20111,163.441328,SDSS J020009.90+241241.9,Q,2.1649999618530273,,
106,51.949036,J122951.92+132612.4,X,,CXOG J122951.8+132611,
106,116.409248,J122955.24+132655.7,X,1.7999999523162842,CXO J122955.3+132655,
106,138.577563,SDSS J122958.28+132526.0,QX,0.6539999842643738,2XMM J122958.2+132526,
106,145.173865,J122941.34+132410.7,X,0.8999999761581421,CXOX J122941.3+132411,
106,165.914247,J122956.34+132750.7,RX,0.4000000059604645,CXOG J122956.3+132750,FIRST J122956.3+132750
107,133.579064,J124838.68-411739.9,X,,1RXH J124838.5-411737,
107,167.929376,J124842.86-411608.3,X,,CXOG J124842.8-411609,
20112,145.059861,2SLAQ J021606.12-004119.8,A,0.5580000281333923,,
20112,158.219316,SDSS J021602.57-004022.8,Q,1.7259999513626099,,
110,134.305305,J091922.97+691424.2,X,2.0,CXOX J091923.0+691424,
110,147.045489,J091943.79+691311.7,X,0.5,CXOG J091943.7+691311,
20116,171.581998,WISEA J031110.77-022650.8,q,0.8999999761581421,,
20117,133.464179,WISEA J041550.47-365528.7,q,2.5,,
112,88.601005,J024147.94+002516.7,X,,CXOG J024147.8+002516,
112,164.586591,WISEA J024148.79+002359.7,q,2.0999999046325684,,
20118,135.198625,SDSS J075822.02+421754.3,Q,0.43700000643730164,,
10101,101.908481,SDSS J003357.20+071747.6,Q,0.8669999837875366,,
10102,134.178521,WISEA J054907.05-723531.7,q,1.7000000476837158,,
20119,162.569387,J091903.52+512444.8,X,0.20000000298023224,CXOG J091903.4+512444,
114,0.714356,NGC 5322,ARX,0.006000000052154064,CXOG J134915.2+601126,FIRST J134915.1+601132
20120,160.572731,WISEA J095327.17-250628.0,q,0.6000000238418579,,
10103,106.857761,SDSS J084149.23+404022.2,Q,1.809999942779541,,
10103,175.255867,SDSS J084147.04+403644.9,Q,0.7639999985694885,,
20121,150.936721,SDSS J120414.40+200850.2,Q,3.26200008392334,,
20121,155.757107,SDSS J120402.33+200906.9,qX,1.100000023841858,4XMM J120402.3+200907,
20121,168.582226,SDSS J120405.83+201345.0,QX,0.5979999899864197,CXOG J120405.8+201345,
116,163.730084,J231155.40-283150.4,X,1.100000023841858,CXOG J231155.3-283150,
116,168.804999,J231210.20-283507.8,X,1.600000023841858,CXOG J231210.1-283507,
10104,147.183545,SDSS J092108.58+445450.9,AX,0.15600000321865082,2SXPS J092108.7+445447,
117,5.527804,NGC 3079,NRX,0.004000000189989805,CXOG J100157.8+554047,VL0J100157.72+554046.7
117,58.227031,J100157.71+553949.8,X,,CXOG J100157.7+553952,
117,80.632252,J100154.85+554204.3,X,,1RXH J100155.0+554204,
117,80.99786,SDSS J100203.07+553940.1,qX,2.299999952316284,CXOG J100203.1+553939,
117,107.334764,J100153.66+554229.1,X,,4XMM J100153.5+554229,
117,138.021998,J100142.07+554015.2,X,,CXOG J100142.0+554015,
117,144.312027,NGC 3073 UB4,QX,1.1540000438690186,CXOG J100205.3+554257,
20124,170.98277,SDSS J131207.02+111123.9,Q,0.796999990940094,,
118,95.145951,WISEA J131810.48-264912.1,qX,0.699999988079071,4XMM J131810.3-264912,
118,109.886694,J131758.26-264912.4,X,1.899999976158142,4XMM J131758.3-264911,
10107,31.230263,WISEA J111333.84-144746.6,q,0.699999988079071,,
119,1.244771,NGC 4477,NX,0.004999999888241291,CXOG J123002.1+133811,
119,54.622157,J122959.19+133740.0,X,,XMMX J122959.2+133739,
121,2.818493,NGC 3169,ARX,0.003000000026077032,2SXPS J101414.8+032758,FIRST J101415.0+032757
20129,97.326107,SDSS J021628.04+320115.1,Q,3.2100000381469727,,
10110,126.471719,SDSS J135746.19+095420.9,A,0.17399999499320984,,
10110,154.972165,SDSS J135740.22+095110.0,A,0.11500000208616257,,
20130,128.682558,WISEA J024420.29+173630.4,q,1.100000023841858,,
123,101.887075,J122800.32+094645.9,X,,CXOG J122800.3+094643,
123,115.832801,J122758.97+094943.2,X,,CXOG J122759.0+094943,
10111,73.275532,WISEA J165427.18+502829.9,q,1.5,,
124,18.896096,J133730.80+085308.9,X,,CXOG J133730.7+085310,
124,133.672026,SDSS J133741.08+085303.6,qX,2.0,CXOG J133741.0+085303,
10113,159.139903,J012551.71-012917.2,X,0.8999999761581421,4XMM J012551.7-012917,
125,0.076664,NGC 3941,NX,0.003000000026077032,XMMX J115255.0+365912,
125,37.19231,SDSS J115258.25+365857.9,QX,0.5770000219345093,2XMM J115258.1+365859,
125,176.536005,J115309.17+370012.2,X,,2XMM J115309.1+370012,
10114,0.381194,CGCG 524-26,NRX,0.017999999225139618,2SXPS J024952.0+345920,VL0J024951.78+345916.6
126,73.302833,J014304.49+133738.1,X,,CXOG J014304.5+133738,
126,77.085306,J014303.72+133958.9,X,,CXOX J014303.8+133955,
126,80.39076,J014301.17+134002.9,X,0.30000001192092896,2XMM J014301.1+134001,
10115,113.776339,WISEA J035107.28-082354.2,q,0.20000000298023224,,
10117,62.54908,SDSS J114405.18+200138.2,qX,1.0,4XMM J114405.1+200138,
10117,92.626858,J114355.58+200242.3,X,0.20000000298023224,CXOG J114355.6+200242,
10117,131.114119,SDSS J114351.90+200105.7,qX,1.2999999523162842,CXOG J114351.9+200105,
129,60.528057,J015302.44-134325.6,X,,XMMX J015302.3-134330,
129,66.387222,J015256.56-134346.5,X,,CXOG J015256.5-134347,
129,70.877031,J015256.96-134331.0,X,,CXOG J015256.9-134331,
129,71.236822,J015256.48-134339.2,X,,CXOG J015256.4-134340,
129,112.094516,J015307.15-134322.4,X,,CXOG J015307.1-134324,
129,123.652173,J015308.39-134333.0,X,,2RXP J015308.5-134333,
129,159.371365,IXO 2,QX,0.9639999866485596,XMMX J015302.9-134655,
20138,129.469022,WISEA J094654.10-145517.0,q,1.0,,
130,138.725656,J120027.23-010352.2,X,,CXOG J120027.2-010352,
20139,131.217298,WISEA J103240.89+734557.0,q,1.100000023841858,,
20141,113.521441,SDSS J112437.27+233607.9,Q,2.2090001106262207,,
20141,156.331197,SDSS J112451.12+233443.4,Q,0.8009999990463257,,
132,53.857551,J121921.27+054844.0,X,,XMMX J121921.1+054843,
132,62.336646,J121921.34+054833.6,X,,CXOX J121921.2+054834,
132,75.870818,J121925.62+054821.8,X,,CXOG J121925.6+054821,
132,92.909121,J121926.91+055044.2,X,,CXOG J121926.9+055044,
132,92.926966,J121924.97+055058.3,X,,CXOG J121924.9+055058,
20142,160.258253,WISEA J113001.30-132255.8,q,0.6000000238418579,,
133,1.906544,NGC 7582,ARX,0.004999999888241291,CXOG J231823.6-422213,SUMSS J231823.4-422212
133,116.283771,J231830.01-422041.8,X,,2XMM J231830.0-422041,
10120,109.029089,J140341.10-340308.5,X,,CXOG J140341.1-340308,
10120,161.146149,J140331.80-340149.0,X,,2XMM J140331.9-340146,
135,94.637375,SDSS J110017.55+135537.8,qR,0.38499999046325684,,FIRST J110017.5+135537
10122,172.331077,WISEA J220107.31-282329.3,q,2.0,,
136,95.955175,SDSS J115750.27+552834.7,qX,1.2999999523162842,2CXO J115750.3+552834,
136,167.578035,WISEA J115813.09+552838.2,q,0.30000001192092896,,
139,10.903694,J121104.83+502854.9,X,,XMMX J121104.7+502852,
139,58.018161,J121109.82+502930.3,X,0.30000001192092896,CXOX J121109.7+502930,
139,69.674906,J121058.02+502830.3,X,,CXOG J121057.9+502829,
139,164.47991,SDSS J121113.65+502646.3,QX,2.3329999446868896,CXOG J121113.6+502646,
10125,135.562927,WISEA J034953.62-714021.5,q,1.2999999523162842,,
10127,91.688076,SDSS J125751.21+362335.1,Q,0.4970000088214874,,
142,95.987917,J123239.24+000641.0,X,,XMMX J123239.2+000641,
10128,34.250749,J144223.01+221925.0,X,0.6000000238418579,4XMM J144223.0+221924,
10128,106.829456,WISEA J144215.10+222034.2,q,4.099999904632568,,
10128,114.177897,PGC 140349,NRX,0.09700000286102295,4XMM J144219.2+221810,VL0J144219.38+221811.9
10128,126.295375,SDSS J144231.30+222023.1,qX,1.5,4XMM J144231.2+222022,
10128,128.771764,SDSS J144230.40+221853.4,qX,0.30000001192092896,4XMM J144230.4+221853,
143,0.948265,NGC 3147,NRX,0.009999999776482582,CXOG J101653.6+732402,NVSS J101653.8+732403
10129,149.038659,WISEA J171620.87+435135.5,q,0.8999999761581421,,
20155,105.772929,J003411.90-073748.8,X,,4XMM J003412.0-073748,
144,1.003487,NGC 4151,ARX,0.003000000026077032,CXOG J121032.4+392420,FIRST J121032.5+392420
144,16.489944,SDSS J121032.92+392436.9,N,0.004000000189989805,,
144,44.88258,J121031.80+392504.5,X,,1RXH J121031.6+392503,
144,56.555665,SDSS J121028.47+392449.9,qX,3.0999999046325684,XMMX J121028.5+392446,
144,134.97278,SDSS J121022.39+392316.8,QX,0.8920000195503235,4XMM J121022.3+392317,
145,67.360763,J024100.64-081454.0,X,,XMMX J024100.5-081454,
145,67.987167,J024101.55-081433.0,X,,XMMX J024101.7-081430,
145,115.939718,SDSS J024057.05-081535.8,qX,0.30000001192092896,CXOG J024057.0-081536,
145,146.796534,J024114.60-081502.2,X,0.5,CXOX J024114.6-081502,
145,164.896361,J024106.14-081237.3,X,,CXOG J024106.0-081236,
146,166.679838,WISEA J142010.15+035441.8,q,0.800000011920929,,
10132,82.73901,J223718.80+343007.9,X,,2XMM J223718.7+343008,
10132,134.053667,J223732.40+342927.2,X,,2SXPS J223732.5+342927,
10132,135.906332,J223714.05+342719.1,X,,4XMM J223714.0+342719,
10132,135.992981,J223723.46+342639.9,X,,4XMM J223723.5+342641,
10132,161.605085,WISEA J223710.91+343022.2,q,0.4000000059604645,,
147,125.420153,J121514.37+331105.6,R2X,,CXOG J121514.3+331105,VL0J121514.35+331105.2
147,126.460939,Ton 1480,QX,0.6159999966621399,CXOG J121509.2+330955,
147,164.395327,IXO 45,QX,0.9670000076293945,CXOG J121515.6+331013,
20160,21.676154,WISEA J111322.85+765538.5,q,1.399999976158142,,
148,56.161452,J123038.80+413748.0,X,,2SXPS J123038.5+413740,
148,63.744023,J123038.77+413739.3,X,,1RXH J123038.5+413744,
148,143.492546,SDSS J123033.53+414057.0,N,0.06400000303983688,,
148,145.221908,J123047.74+413727.5,X,,CXOG J123047.7+413727,
149,144.758711,J124456.80+030406.1,X,,CXOG J124456.7+030406,
20163,151.80728,SDSS J115916.73+345415.6,Q,1.1339999437332153,,
150,107.754648,J033648.38-353044.1,X,,CXOG J033648.3-353043,
10136,59.048946,SDSS J105454.77+611647.0,Q,2.9159998893737793,,
151,70.587226,J123951.23+101021.8,X,,CXOG J123951.2+101021,
151,142.511268,J123954.58+101255.0,X,0.5,CXOG J123954.6+101254,
151,161.013399,SDSS J123958.50+101310.4,QX,1.3450000286102295,CXOG J123958.5+101310,
20164,148.6143,SDSS J123304.64+074802.1,qX,0.8999999761581421,2RXP J123305.0+074758,
20165,152.210497,SDSS J125504.99+391047.4,Q,1.621999979019165,,
153,165.88216,SDSS J112115.02+031557.4,QX,1.8730000257492065,CXOG J112115.0+031557,
20167,154.741571,WISEA J140022.21-232524.4,q,0.20000000298023224,,
20169,0.344358,IC 1226,N,0.017999999225139618,,
20169,164.553077,SDSS J164116.96+460218.3,Q,1.5490000247955322,,
156,131.614243,SDSS J101756.45+214923.9,qX,2.200000047683716,2XMM J101756.4+214924,
156,161.148419,SDSS J101809.07+215228.8,QX,3.38700008392334,CXOG J101809.0+215229,
10141,80.16551,SDSS J113424.39+255344.1,Q,1.565999984741211,,
10141,153.90607,SDSS J113425.20+255506.1,Q,2.4679999351501465,,
20170,166.53351,SDSS J171119.19+565715.1,qR,1.2000000476837158,,VL0J171119.23+565714.9
157,97.567248,J120536.18+503356.2,X,1.7999999523162842,2SXPS J120536.3+503356,
157,106.288469,J120537.28+503402.6,X,1.899999976158142,CXOG J120537.2+503402,
157,139.665585,J120531.17+503003.8,X,1.399999976158142,2SXPS J120531.2+503002,
158,1.074547,NGC 2985,ARX,0.004000000189989805,CXOG J095022.1+721644,VL0J095022.17+721644.2
158,58.147658,J095026.93+721549.1,X,,CXOG J095026.8+721547,
158,178.614294,WISEA J095028.19+721346.3,qX,0.8999999761581421,CXOG J095028.1+721346,
10144,115.512253,WISEA J133154.14-200835.5,q,0.699999988079071,,
20173,124.674722,WISEA J210105.69-180252.5,q,0.4000000059604645,,
160,68.267117,J041244.18-574308.8,X,,2SXPS J041244.5-574307,
161,156.578842,SDSS J125228.07+111913.7,qX,1.2000000476837158,CXOX J125228.0+111913,
162,41.395624,J150109.57+014239.8,X,,CXOG J150109.5+014240,
162,74.899282,J150108.67+014311.1,X,0.699999988079071,CXOG J150108.6+014311,
162,85.78964,J150116.54+014134.1,X,0.30000001192092896,CXOG J150116.5+014134,
162,128.105017,J150103.18+014125.4,X,,CXOG J150103.2+014125,
162,132.847121,J150119.96+014141.5,X,,XMMX J150119.8+014141,
162,141.476206,J150101.97+014142.5,X,,XMMX J150102.2+014140,
162,158.748858,SDSS J150119.72+014342.5,qX,2.0,CXOG J150119.7+014342,
162,159.174745,J150108.26+013934.4,X,,XMMX J150108.0+013934,
162,166.185871,J150122.24+014230.4,X,,CXOG J150122.2+014230,
163,129.300723,J120650.07-294621.9,X,1.100000023841858,1RXH J120650.5-294616,
20179,110.237181,WISEA J035123.11-081516.6,q,0.800000011920929,,
20179,116.143948,WISEA J035129.43-081409.3,q,1.2000000476837158,,
164,117.23795,J133647.16-335657.5,X,,CXOG J133647.1-335657,
164,151.862727,WISEA J133629.83-335936.6,qX,1.100000023841858,CXOG J133629.8-335936,
10150,11.359483,SDSS J232954.32+320501.2,Q,1.652999997138977,,
10150,114.516833,SDSS J233002.25+320535.3,A,0.5019999742507935,,
165,88.517931,J085336.40+511727.3,X,,CXOG J085336.4+511726,
165,104.257915,SDSS J085333.31+511704.7,QX,2.49399995803833,CXOG J085333.3+511704,
165,125.174124,J085335.87+511647.2,X,,CXOG J085335.8+511647,
165,178.114192,J085337.43+512141.5,X,,CXOG J085337.4+512140,
10153,136.103952,WISEA J050123.77-163659.8,q,0.8999999761581421,,
20183,63.507668,WISEA J073255.60+422541.1,q,1.7000000476837158,,
20183,94.904181,SDSS J073256.66+422410.1,Q,2.6449999809265137,,
168,161.668452,WISEA J123429.89+081035.5,q,0.6000000238418579,,
20184,147.862273,J085408.39-071225.8,R,,,NVSS J085408.4-071227
20186,97.598359,SDSS J092557.14+492723.6,Q,2.3289999961853027,,
20186,173.184884,SDSS J092544.69+492757.6,Q,3.0250000953674316,,
10156,166.540737,WISEA J094745.04+155333.3,q,1.100000023841858,,
20187,90.038054,SDSS J095052.01+224525.4,Q,0.8629999756813049,,
20187,124.653415,SDSS J095054.36+224451.0,Q,2.2829999923706055,,
172,129.335695,SDSS J120652.20+430306.3,QX,1.1369999647140503,CXOG J120652.2+430306,
10157,137.908808,SDSS J101634.47+601700.6,QX,0.8230000138282776,1WGA J1016.5+6016,
174,168.547944,WISEA J032410.19-362819.0,q,0.30000001192092896,,
20190,72.142073,SDSS J121447.68+235333.1,Q,2.7950000762939453,,
10159,45.280817,WISEA J114014.79+171836.3,qX,1.399999976158142,2SXPS J114014.7+171836,
10159,85.130272,SDSS J114008.96+171728.6,qX,1.7000000476837158,2SXPS J114009.1+171731,
176,69.783638,J101810.90+412541.4,X,0.8999999761581421,CXOX J101810.7+412539,
176,139.224458,J101813.43+412314.4,X,,CXOG J101813.5+412311,
176,150.775027,J101822.86+412743.3,X,,2SXPS J101823.1+412739,
176,174.710539,J101831.00+412643.0,X,2.0999999046325684,CXOG J101831.0+412642,
10160,0.352318,UGC 9117,A,0.017000000923871994,,
177,10.22181,SDSS J120128.31+615346.2,N,0.004000000189989805,,
177,113.06299,SDSS J120120.22+615527.2,QX,3.009000062942505,CXOG J120120.2+615527,
10162,100.933516,WISEA J171831.86+580844.3,q,2.4000000953674316,,
10162,109.389504,SDSS J171857.51+580808.7,Q,2.009000062942505,,
180,77.506065,J122228.92+295449.2,X,,CXOG J122228.9+295449,
180,151.622889,J122242.35+295453.7,X,0.20000000298023224,CXOX J122242.3+295454,
20198,161.742238,SDSS J000248.52+272316.7,Q,0.8159999847412109,,
20198,163.451612,SDSS J000245.59+272826.8,Q,2.1760001182556152,,
182,133.504882,SDSS J115932.19+505938.0,QX,2.015000104904175,CXOG J115932.1+505938,
10166,131.963605,J205706.13-515251.6,X,,2SXPS J205706.0-515251,
10166,172.720423,WISEA J205703.25-515003.0,q,0.6000000238418579,,
183,0.120475,NGC 5353,ARX,0.00800000037997961,CXO J135326.6+401658,VL0J135326.71+401658.8
183,30.075952,J135324.29+401710.6,X,,XMMX J135324.7+401707,
183,108.076752,SDSS J135335.92+401723.1,QX,1.8309999704360962,4XMM J135335.9+401723,
20201,121.765488,SDSS J024656.77-062525.2,Q,0.800000011920929,,
10167,126.75486,2QZ J235328.4-293017,Q,1.9429999589920044,,
10167,176.48979,2QZ J235319.8-293459,Q,1.190999984741211,,
184,36.564331,J124937.67+150924.2,X,0.30000001192092896,CXOX J124937.8+150924,
184,154.672073,SDSS J124932.61+150751.3,QX,2.253999948501587,CXOG J124932.6+150751,
184,165.414425,J124949.14+151110.6,X,,CXOG J124949.1+151110,
10168,155.759297,WISEA J002254.69-143437.2,qX,0.699999988079071,2SXPS J002254.8-143436,
10169,142.516446,J011400.25-314856.6,X,,1RXH J011400.3-314855,
187,0.391217,NGC 4698,NX,0.003000000026077032,CXOG J124822.9+082914,
187,13.314057,SDSS J124823.46+082903.6,N,0.003000000026077032,,
187,79.598369,XMM J12484+0830,BRX,0.4300000071525574,CXOG J124825.8+083020,FIRST J124825.8+083020
187,144.179336,RXS J12484+0831,AX,0.11900000274181366,CXOG J124828.4+083112,
188,0.730081,NGC 676,NX,0.004999999888241291,2XMM J014857.4+055422,
188,137.921323,SDSS J014851.78+055230.9,qX,1.5,2XMM J014851.8+055230,
188,140.211492,J014857.19+055201.3,X,0.5,4XMM J014857.1+055201,
189,145.212162,J194318.98-584041.5,X,,4XMM J194318.9-584041,
10174,29.366395,J161800.46+350706.2,X,,2XMM J161800.2+350705,
10174,121.297794,SDSS J161806.49+350814.0,Q,2.0290000438690186,,
10174,121.350165,J161753.24+350515.4,X,,4XMM J161753.2+350516,
193,174.967672,SDSS J115337.39+604051.5,Q,1.2339999675750732,,
20212,152.152251,SDSS J145700.46+094705.7,Q,2.568000078201294,,
194,85.193596,J123432.63+021055.1,X,,2XMMi J123432.5+021055,
194,151.25695,WISEA J123433.63+021312.0,qX,0.30000001192092896,2XMMi J123433.6+021312,
194,179.325465,J123415.60+021028.5,X,,4XMM J123415.5+021027,
20214,165.313198,WISEA J182407.08-711309.5,q,0.800000011920929,,
195,129.089803,SDSS J115838.55+435505.8,QRX,1.2079999446868896,CXOG J115838.5+435505,FIRST J115838.5+435505
20216,160.203852,WISEA J001517.00+161251.2,qR,0.20000000298023224,,VL0J001517.00+161251.1
197,146.755928,WISEA J140333.60-340054.0,qX,1.899999976158142,4XMM J140333.5-340052,
10179,104.796813,SDSS J102331.95+521846.4,QX,0.9729999899864197,2SXPS J102332.1+521846,
10179,173.759443,SDSS J102349.38+522151.2,QX,0.9559999704360962,2SXPS J102349.3+522151,
198,116.914435,J040358.33-432244.1,X,,4XMM J040358.2-432244,
198,142.906563,WISEA J040342.24-431957.2,qX,0.6000000238418579,4XMM J040342.2-431957,
198,159.267071,WISEA J040400.91-432317.7,qX,1.7999999523162842,4XMM J040400.9-432317,
20219,116.29739,WISEA J054034.00-113558.1,q,2.700000047683716,,
200,128.064229,IXO 52,QX,0.5379999876022339,1RXH J122516.9-394326,
201,0.219329,NGC 6814,AX,0.006000000052154064,2SXPS J194240.5-101926,
10183,101.420716,WISEA J211224.20-011952.4,q,0.10000000149011612,,
20221,137.579545,J083841.74+363621.3,X,,CXOX J083841.8+363620,
202,149.379003,J200732.90-482319.3,X,,CXOG J200732.9-482319,
10184,91.71347,SDSS J234125.45+034310.1,Q,2.0850000381469727,,
10184,97.275382,SDSS J234135.20+034350.5,Q,1.4129999876022339,,
10184,120.897655,SDSS J234121.43+034345.5,Q,1.8489999771118164,,
10184,121.112129,SDSS J234136.84+034348.9,Q,2.243000030517578,,
10184,146.08483,SDSS J234131.72+034203.1,QR,2.377000093460083,,VL0J234131.71+034203.3
20224,170.341845,SDSS J114152.05+375857.7,Q,1.6779999732971191,,
10185,69.19496,WISEA J010147.20+240331.4,q,2.200000047683716,,
20225,38.464859,SDSS J114536.58+311836.7,QR,1.8550000190734863,,VL0J114536.61+311836.6
206,162.189112,J115435.55-135602.0,X,,4XMM J115435.5-135601,
206,169.575341,J115428.71-135905.6,X,,4XMM J115428.6-135905,
20228,153.801669,SDSS J134515.05+351530.0,Q,1.2519999742507935,,
207,128.100426,WISEA J030410.54-260614.0,q,1.399999976158142,,
207,134.33206,J030411.14-260618.0,X,1.2000000476837158,2SXPS J030411.0-260617,
207,143.135501,J030358.23-260507.7,X,1.7999999523162842,2SXPS J030358.2-260509,
208,143.192281,SDSS J105043.58+132503.8,qRX,1.100000023841858,CXOG J105043.5+132503,VL0J105043.57+132504.1
10187,50.02875,SDSS J011339.62-000532.3,QX,0.9739999771118164,4XMM J011339.4-000531,
10187,139.775866,SDSS J011333.00-000525.0,Q,2.2799999713897705,,
20229,31.980782,SDSS J135427.22+361337.0,QX,1.5210000276565552,1RXH J135427.5+361333,
20229,135.44886,SDSS J135417.53+361341.4,Q,0.6230000257492065,,
209,164.669505,J114901.41-291539.1,X,1.899999976158142,2XMMi J114901.6-291539,
20230,99.200088,SDSS J170651.84+353814.0,Q,1.9190000295639038,,
10189,86.255867,J120856.54+251005.5,X,0.10000000149011612,2XMM J120856.5+251004,
210,103.647327,J131307.34-193158.1,X,1.899999976158142,CXOG J131307.3-193158,
20231,0.253295,UGC 10774,NX,0.029999999329447746,4XMM J171408.5+584907,
20231,121.252622,SDSS J171354.67+584819.4,qX,2.299999952316284,4XMM J171354.6+584818,
20231,179.298939,SDSS J171353.17+585116.6,qX,0.699999988079071,4XMM J171353.0+585116,
20233,177.860317,WISEA J224839.66-370248.2,q,1.7000000476837158,,
10190,24.858712,J125911.54+275850.5,X,1.399999976158142,4XMM J125911.5+275852,
10190,73.233097,J125918.30+275902.6,X,,CXOG J125918.2+275902,
10190,77.123295,J125917.80+275751.1,X,,4XMM J125917.6+275753,
10190,135.118495,J125920.92+275709.9,X,,1RXH J125920.8+275712,
212,152.302062,1WGA J1124.9+3846,AX,0.44600000977516174,1RXH J112456.2+384631,
212,152.762091,J112442.22+384817.8,X,0.5,4XMM J112442.1+384819,
212,167.345203,SDSS J112449.16+384311.7,QX,1.3339999914169312,CXOG J112449.1+384311,
213,116.17362,SDSS J145355.86+033433.3,NX,0.0949999988079071,CXOG J145355.8+033429,
213,158.886738,J145348.65+033404.9,X,,2SXPS J145348.3+033359,
213,168.316017,J145347.90+033404.4,X,,CXOG J145347.8+033404,
10191,139.037878,WISEA J130406.25-123242.9,q,1.5,,
10191,155.779502,WISEA J130417.30-123045.4,q,2.0,,
20235,83.45805,J000131.52-072449.4,R,,,FIRST J000131.5-072448
10192,121.04285,SDSS J155617.50+480425.3,QX,0.6990000009536743,2SXPS J155617.3+480425,
215,122.232859,SDSS J123646.28+071346.7,QX,0.4169999957084656,CXOG J123646.2+071346,
216,45.421126,J120627.34+524303.6,X,1.100000023841858,CXOG J120627.3+524303,
216,144.03275,J120608.81+524137.4,X,0.5,XMMX J120609.1+524134,
216,164.435595,SDSS J120633.21+524022.9,AX,0.2879999876022339,CXOG J120633.2+524022,
20238,27.542199,WISEA J050435.17-195205.6,q,1.100000023841858,,
20238,89.281939,WISEA J050439.25-195343.6,q,0.800000011920929,,
10195,0.339993,NGC 291,NRX,0.01899999938905239,4XMM J005329.8-084604,VL0J005329.92-084603.3
217,157.300427,WISEA J034427.66-443610.7,q,0.699999988079071,,
218,156.27431,J201850.15-705057.8,X,,CXOG J201850.1-705056,
219,33.774339,SDSS J231906.78-082923.1,qR,2.200000047683716,,NVSS J231906.7-082921
10198,129.771741,WISEA J040321.81-432454.3,qX,1.2999999523162842,2SXPS J040321.8-432456,
221,0.904744,SDSS J135539.94+402742.3,ARX,0.00800000037997961,CXOG J135539.9+402743,NVSS J135541.0+402748
221,135.441816,SDSS J135544.48+402536.8,QX,1.6039999723434448,CXOG J135544.4+402536,
20242,36.826833,J114057.57+561232.2,X,0.8999999761581421,CXOX J114057.4+561232,
20242,89.839694,J114104.42+561237.5,X,,CXOG J114104.4+561237,
20242,92.595762,SDSS J114050.50+561335.1,NR,0.10700000077486038,,FIRST J114050.5+561335
222,176.568591,J130430.61-303108.6,X,,4XMM J130430.5-303109,
222,176.608008,WISEA J130426.66-302928.5,qX,0.30000001192092896,CXOG J130426.6-302928,
223,89.410146,J131652.32-163817.6,X,1.0,CXOG J131652.3-163817,
224,114.857642,SDSS J121807.50+281225.5,qX,1.2999999523162842,CXOG J121807.5+281225,
20247,149.929151,SDSS J012357.87+344341.6,Q,1.7569999694824219,,
10203,73.573943,LAMOSTJ160439.04+165315.7,Q,1.3609999418258667,,
225,0.632775,NGC 3227,ARX,0.003000000026077032,2XMM J102330.5+195153,VL0J102330.56+195154.3
225,47.095995,J102328.50+195230.3,X,,XMMX J102328.5+195234,
225,110.021144,J102326.02+195322.8,X,,4XMM J102326.1+195325,
226,86.677333,J132948.53-175925.9,X,0.800000011920929,CXOG J132948.5-175925,
226,135.681,J132949.48-175544.0,X,,CXOG J132949.4-175543,
226,156.990954,J132952.49-175531.3,X,1.100000023841858,CXOG J132952.4-175531,
226,157.654194,J132947.88-180036.4,X,,2XMM J132947.8-180036,
227,93.536724,SDSS J122449.27+114151.5,qX,1.2130000591278076,CXOG J122449.2+114151,
20251,168.01033,WISEA J134445.41-242554.2,q,1.2999999523162842,,
229,141.392482,J233955.84-121953.2,X,,CXOG J233955.8-121953,
10206,147.348363,WISEA J222302.59-153433.9,qX,1.0,2RXS J222303.1-153449,
20253,115.350561,AGES J142830.52+352425.7,Q,2.0999999046325684,,
20253,171.171295,AGES J142825.40+352137.5,AX,0.41999998688697815,CXOG J142825.4+352136,
20253,172.836299,AGES J142832.65+352600.0,QX,1.8200000524520874,CXOG J142832.6+352600,
230,13.127146,J114606.86+472930.9,X,,CXOX J114607.1+472932,
230,45.231009,J114606.36+472857.3,X,,2XMM J114606.1+472856,
230,85.181633,J114603.60+473054.1,X,,CXOG J114603.5+473054,
230,86.506844,J114603.42+472825.8,X,,CXO J114603.3+472827,
230,90.969101,J114602.37+472827.6,X,,CXO J114602.0+472826,
230,97.983097,J114617.27+472958.8,X,,CXOG J114617.2+472958,
230,108.422089,SDSS J114557.09+472935.5,QX,1.1089999675750732,CXOG J114557.0+472935,
230,138.021688,SDSS J114606.28+472723.0,QX,1.753999948501587,CXOG J114606.2+472722,
20255,140.337384,WISEA J162949.77+434923.4,qX,2.299999952316284,2RXS J162949.6+434909,
231,45.492196,J114910.08+560453.2,X,,CXOG J114910.1+560453,
231,54.593635,J114909.08+560449.2,X,,CXOG J114909.0+560449,
231,149.531884,SDSS J114923.18+560249.2,QX,1.9290000200271606,CXOG J114923.1+560249,
231,162.772618,SDSS J114916.56+560746.1,AX,0.4909999966621399,CXOG J114916.5+560746,
20256,107.682968,WISEA J165332.09+023518.5,qRX,0.8999999761581421,XMMX J165331.9+023519,VL0J165332.10+023518.6
232,65.836537,J132024.28-203534.4,X,1.0,CXOG J132024.2-203534,
232,68.900918,J132027.63-203737.4,X,0.4000000059604645,CXOG J132027.6-203737,
232,104.480929,J132017.62-203622.2,X,,CXOG J132017.6-203622,
232,110.012931,J132032.30-203600.8,X,,CXOG J132032.2-203601,
232,118.615138,J132029.59-203500.3,X,0.5,CXOG J132029.6-203500,
232,118.753379,J132016.98-203600.4,X,,CXOG J132016.9-203600,
232,139.052985,J132017.16-203805.3,X,,CXOG J132017.1-203805,
232,151.246323,J132015.07-203739.5,X,,CXOG J132015.0-203739,
233,131.593489,J131514.90-162250.6,X,0.699999988079071,CXOG J131514.8-162251,
233,138.652564,J131531.84-162148.0,X,,XMMX J131531.8-162147,
233,151.50365,J131513.45-162315.6,X,1.399999976158142,XMMX J131513.3-162317,
233,162.068779,J131534.96-162232.6,X,,CXOG J131534.8-162233,
20259,53.457214,WISEA J194225.63-114729.4,q,0.5,,
10212,60.444872,SDSS J125320.13+270607.2,QX,1.152999997138977,CXOG J125320.1+270607,
10212,121.782325,SDSS J125315.64+270741.6,qX,1.399999976158142,CXO J125315.6+270739,
234,125.245018,J005155.40+473428.6,X,0.5,CXOG J005155.4+473428,
20261,88.301662,2SLAQ J231104.78-000948.2,N,0.11900000274181366,,
20261,153.156524,SDSS J231103.83-001109.7,A,0.48100000619888306,,
238,168.071913,SDSS J122849.45+033245.9,QX,1.5299999713897705,CXOG J122849.4+033246,
20263,112.290168,SDSS J012819.28-023613.3,Q,0.6579999923706055,,
20263,169.854982,SDSS J012818.11-023310.0,Q,2.0429999828338623,,
239,30.038666,J122359.84+164144.1,X,,CXOG J122359.8+164143,
239,60.599217,J122358.17+164035.6,X,1.0,CXOG J122358.1+164035,
239,133.680441,SDSS J122348.65+164158.8,QX,1.5700000524520874,CXOG J122348.6+164158,
239,134.026841,J122400.34+164345.1,X,,CXOG J122400.3+164345,
10220,76.284427,SDSS J092529.01+502510.5,Q,1.6069999933242798,,
10220,100.145755,SDSS J092534.12+502308.5,Q,2.7720000743865967,,
10220,165.867094,SDSS J092534.62+502142.8,Q,1.7879999876022339,,
20267,53.231771,J051905.92-370220.7,X,,2SXPS J051905.9-370217,
243,1.19037,NGC 4845,NRX,0.004000000189989805,4XMM J125801.1+013432,VL0J125801.19+013432.7
20268,104.505681,SDSS J082916.18+550128.2,Q,1.1430000066757202,,
20268,124.227731,SDSS J082917.78+545923.6,N,0.49399998784065247,,
20268,127.311653,SDSS J082919.73+550241.6,Q,1.3329999446868896,,
20268,166.380384,SDSS J082942.14+550244.7,Q,1.9630000591278076,,
244,97.265156,SDSS J122811.69+283836.9,AX,0.47200000286102295,CXOG J122811.6+283837,
20269,149.231733,SDSS J094218.03+631218.9,Q,2.2639999389648438,,
20269,152.586975,SDSS J094228.11+630725.2,Q,2.628000020980835,,
246,0.833268,NGC 4051,ARX,0.0020000000949949026,CXOG J120309.6+443152,VL0J120309.58+443152.1
246,87.012024,J120312.63+443313.6,X,0.800000011920929,2RXP J120313.1+443306,
246,107.348662,J120310.14+443005.3,X,,4XMM J120310.0+443008,
246,177.769278,J120258.78+442938.4,X,,XMMX J120259.1+442939,
247,136.585255,J032254.76-370707.8,X,,4XMM J032254.7-370707,
248,90.914142,J031938.45-192317.8,X,0.10000000149011612,CXOG J031938.4-192317,
10226,155.402038,J221259.84-222551.3,R,0.5,,VL0J221259.84-222551.1
20275,150.690162,WISEA J213757.95-382919.0,qRX,1.2999999523162842,2SXPS J213757.8-382920,VL0J213757.95-382917.9
252,106.207986,J133803.04-175116.3,X,,2SXPS J133803.0-175112,
252,169.807425,J133757.19-175530.4,X,1.5,CXOG J133757.2-175530,
20279,84.535717,WISEA J064652.10-430728.5,q,1.2999999523162842,,
255,162.471464,IXO 29,QX,0.8410000205039978,CXOG J054143.2+692046,
10230,39.760874,S5 0743+74,QR,1.628999948501587,,VL0J074922.36+742041.6
20281,154.296855,SDSS J094906.29+465938.4,Q,1.7289999723434448,,
10231,113.531082,SDSS J075715.80+662425.4,Q,2.434999942779541,,
257,69.977375,J142104.24+031506.1,X,,CXOG J142104.2+031506,
259,171.01423,J121934.53+124646.6,X,,CXOG J121934.5+124646,
259,173.260344,J121937.38+125003.2,X,,CXOG J121937.3+125003,
20284,92.058949,SDSS J112752.16+251621.1,Q,1.11899995803833,,
20285,30.923667,SDSS J130623.89-014033.7,N,0.019999999552965164,,
261,86.338646,J095821.86-265417.4,X,0.5,CXOG J095821.8-265417,
10236,55.509684,WISEA J141902.70-272229.1,q,0.6000000238418579,,
263,83.227044,WISEA J031946.39-260429.8,qX,0.4000000059604645,CXOG J031946.3-260429,
264,59.349996,J102719.61+282929.5,X,2.4000000953674316,CXOG J102719.6+282929,
264,94.75999,SDSS J102712.62+283123.3,QX,1.0800000429153442,CXOG J102712.6+283123,
264,102.085528,J102719.57+283207.5,X,,4XMM J102719.5+283208,
264,170.940535,J102709.84+282817.9,X,,4XMM J102709.7+282819,
265,86.757704,J113238.14+530525.9,X,0.30000001192092896,4XMM J113238.1+530527,
265,170.292125,SDSS J113253.60+530338.5,QX,0.5090000033378601,4XMM J113253.6+530338,
20291,146.46379,WISEA J154816.14+205902.3,qX,1.0,2RXP J154816.1+205902,
267,162.726858,WISEA J112955.70-362458.0,q,0.30000001192092896,,
10242,138.79993,WISEA J044817.08+725244.5,q,1.2000000476837158,,
268,126.656642,J020812.56+105931.3,X,,CXOG J020812.5+105931,
269,70.93268,J123601.48+275825.1,X,0.800000011920929,4XMM J123601.3+275826,
269,76.922877,SDSS J123603.24+275757.4,qX,1.899999976158142,2XMM J123603.2+275757,
269,117.893187,J123551.72+275607.6,X,0.800000011920929,CXOG J123551.7+275604,
269,138.015583,SDSS J123547.68+275656.4,qX,1.0,1RXH J123547.7+275658,
269,162.404568,J123600.35+275456.6,X,1.0,CXOG J123600.3+275456,
10244,117.345552,WISEA J055714.09-522407.9,q,1.100000023841858,,
270,98.639204,J123211.84+110941.7,X,,2CXO J123211.8+110941,
270,159.530951,J123209.14+111308.7,X,,CXOX J123209.1+111308,
20295,37.947621,SDSS J215049.29-005121.5,Q,3.5309998989105225,,
20295,107.421944,SDSS J215051.58-005239.5,Q,1.2760000228881836,,
20295,123.028144,SDSS J215044.09-005200.8,Q,1.4270000457763672,,
20295,164.627521,SDSS J215100.44-005214.4,Q,1.034000039100647,,
20296,65.716391,2QZ J220219.8-311333,Q,1.3589999675750732,,
20296,131.850529,2QZ J220216.4-311524,K,0.20399999618530273,,
10246,178.346272,WISEA J103128.56-183052.0,q,1.2000000476837158,,
271,59.521383,J111817.62+584710.0,X,,CXOG J111817.6+584710,
271,105.649459,SDSS J111813.41+584802.1,Q,2.132999897003174,,
271,151.256595,SDSS J111814.53+584504.2,QX,1.9839999675750732,CXOG J111814.5+584504,
271,155.233454,J111834.21+584451.5,X,0.20000000298023224,2CXO J111834.1+584451,
271,158.35672,SDSS J111845.57+584657.3,qX,2.4000000953674316,CXOG J111845.6+584657,
20298,91.854141,LAMOSTJ020142.96+082729.1,Q,1.3259999752044678,,
273,57.282749,J131858.80-210232.6,X,2.5,2SXPS J131858.7-210233,
273,172.027482,J131903.07-210013.5,X,,CXOG J131903.0-210013,
10249,75.013119,J130054.42+282306.4,X,,XMMX J130054.4+282305,
10249,77.46269,J130051.00+282041.9,X,,4XMM J130050.9+282042,
10249,97.847998,CSO 784,QX,1.9290000200271606,2XMM J130048.1+282321,
10249,148.776206,J130053.74+282425.2,X,,4XMM J130053.7+282425,
10249,176.770749,CSO 786,QX,1.3609999418258667,4XMM J130100.8+281944,
274,96.369204,J123625.47+112447.7,X,,CXOG J123625.4+112447,
274,165.668562,WISEA J123616.03+112543.1,q,1.2000000476837158,,
274,168.503082,J123624.68+112336.3,X,1.899999976158142,CXOG J123624.6+112336,
274,170.820904,J123621.08+112354.4,X,,CXOG J123621.0+112354,
20302,177.879109,TEX 0411-132,AR,0.46299999952316284,,NVSS J041403.1-130638
10251,177.390073,J204545.95-712547.6,X,,2SXPS J204546.9-712551,
278,129.760013,J024554.48-073624.6,RX,0.30000001192092896,2SXPS J024554.3-073623,VL0J024554.50-073624.2
20305,150.12241,SDSS J095256.84+192435.6,Q,0.8399999737739563,,
279,157.116342,SDSS J114823.91+484347.6,Q,0.515999972820282,,
279,168.460969,SDSS J114821.24+484255.1,Q,1.7920000553131104,,
10254,68.744939,SDSS J110128.91+274202.9,Q,1.6749999523162842,,
10254,134.694142,SDSS J110122.97+274508.6,Q,1.3109999895095825,,
280,155.407015,J200331.28-555418.5,X,,4XMM J200331.3-555418,
280,156.73206,WISEA J200341.82-555514.2,qX,0.30000001192092896,4XMM J200341.8-555514,
10255,124.688374,MCG 5-27-052,N,0.03200000151991844,,
282,124.76157,SDSS J094251.10+585124.4,Q,1.9040000438690186,,
10259,106.931304,SDSS J153513.36+271744.2,Q,2.502000093460083,,
285,118.926814,WISEA J150049.29-072615.3,q,2.799999952316284,,
20314,168.676256,WISEA J025755.77+053954.5,qX,0.699999988079071,1WGA J0257.9+0539,
20315,90.884848,J045506.56-180446.2,X,,2XMM J045506.4-180446,
289,163.550426,1WGA J0057.6+3022,AX,0.18000000715255737,2XMM J005738.6+302245,
10264,40.943584,J101335.20+201043.9,R,,,NVSS J101335.4+201042
290,153.765125,J203408.54-315906.5,X,,CXOG J203408.4-315906,
292,30.060131,J101952.70+453317.0,X,,CXOG J101952.6+453317,
292,79.669356,J101959.88+453359.8,X,,2RXP J101959.4+453402,
10267,173.621331,J124402.70+320731.4,X,,2RXP J124402.4+320736,
20322,171.771424,WISEA J122553.69-040122.1,q,0.8999999761581421,,
10268,143.974406,SDSS J144338.04+532546.4,Q,0.9179999828338623,,
20323,0.333262,MCG 7-28-078,N,0.00800000037997961,,
20323,144.337235,SDSS J135040.56+401909.6,Q,0.9940000176429749,,
295,142.466971,SDSS J113327.31+465936.8,Q,2.236999988555908,,
20328,125.683067,SDSS J160456.52+163625.9,Q,2.4100000858306885,,
300,165.453838,SDSS J013244.03-065956.8,qX,1.2999999523162842,4XMM J013244.0-065956,
10273,171.860919,SDSS J015624.01-024029.3,Q,1.6660000085830688,,
20330,168.214309,WISEA J210147.23-135434.6,q,1.0,,
10274,179.537921,J024346.22-260417.5,X,,2SXPS J024346.0-260418,
301,23.834768,J101826.41+215327.2,X,,CXOG J101826.2+215326,
301,51.785047,J101825.81+215248.1,X,,2CXO J101825.8+215248,
20331,162.90749,SDSS J222315.17+052927.8,Q,2.3380000591278076,,
303,0.362652,NGC 2110,ARX,0.007000000216066837,2SXPS J055211.3-072723,VL0J055211.38-072721.9
304,92.885194,CXOCY J22020-3159,QX,2.5510001182556152,CXOG J220201.4-315954,
304,171.417442,CXOCY J22019-3159,QX,1.7350000143051147,CXOG J220154.9-315934,
20335,86.725222,SDSS J075924.77+265433.9,Q,1.3220000267028809,,
20335,99.909538,SDSS J075933.20+265205.3,Q,1.8300000429153442,,
306,153.810687,SDSS J081839.27+574750.6,Q,1.6319999694824219,,
10278,124.431377,SDSS J075308.12+323337.1,qR,2.0999999046325684,,VL0J075308.11+323337.1
308,1.091394,NGC 289,AR,0.006000000052154064,,NVSS J005242.0-311220
10279,161.432355,SDSS J075704.54+155126.6,Q,1.312000036239624,,
10280,167.066875,SDSS J082122.51+205448.7,qX,,4XMM J082122.6+205448,
310,25.15316,J115250.66+440653.1,X,,2CXO J115250.7+440653,
310,40.238826,J115246.58+440648.8,X,,CXOG J115246.6+440648,
310,100.889505,J115257.33+440809.2,X,,CXOG J115257.1+440808,
10281,173.032746,SDSS J093306.05+460752.0,AX,0.12800000607967377,2SXPS J093306.2+460744,
20340,80.382076,SDSS J134117.61+050255.4,Q,2.5280001163482666,,
311,161.767294,J122900.50+130824.3,X,,CXOG J122900.4+130824,
311,164.219203,WISEA J122912.74+131223.9,q,1.100000023841858,,
10282,146.230045,SDSS J114025.42+172627.9,QX,2.135999917984009,2SXPS J114025.3+172627,
20341,78.185514,IC 4349,NR,0.03099999949336052,,FIRST J135546.3+250907
20341,138.828829,SDSS J135550.78+250900.1,Q,2.628999948501587,,
20341,140.167208,SDSS J135530.35+250853.3,Q,2.569999933242798,,
312,152.696408,J232013.78+080950.2,X,,CXOG J232013.7+080949,
312,154.621266,J232023.12+081349.7,X,,CXOG J232023.1+081350,
20342,141.614332,J141742.15+073057.4,X,,4XMM J141742.1+073057,
20342,173.406995,WISEA J141743.37+072543.0,q,0.20000000298023224,,
10286,166.661013,J133516.37-340945.8,X,,4XMM J133516.3-340945,
10286,171.237292,J133514.30-340953.3,X,,4XMM J133514.3-340952,
316,155.822414,WISEA J042721.07-550044.2,q,1.0,,
20347,133.922203,WISEA J210129.48+015456.6,q,0.5,,
20348,90.746388,J210530.95-383927.3,X,,4XMM J210530.9-383927,
20348,134.783347,WISEA J210533.19-383828.4,qX,2.299999952316284,4XMM J210533.2-383828,
20351,29.425532,SDSS J230346.55-082711.2,qX,1.100000023841858,2RXP J230346.8-082712,
326,0.053096,NGC 1386,ARX,0.0020000000949949026,CXOG J033646.1-355957,VL0J033646.19-355956.4
326,128.492592,J033642.16-355758.5,X,,CXOG J033642.1-355758,
327,134.641575,J194527.35-542200.9,X,,4XMM J194527.3-542201,
20356,160.636871,WISEA J030715.64+042550.6,q,0.699999988079071,,
10296,136.98991,SDSS J101133.37+304940.3,AR,0.24699999392032623,,FIRST J101133.3+304940
328,139.435618,J122918.86+084427.9,X,1.2000000476837158,2SXPS J122918.8+084423,
10297,140.234259,WISEA J124938.30-235311.1,q,0.4000000059604645,,
329,0.86376,ESO 5-4,NRX,0.006000000052154064,2SXPS J060542.7-863752,SUMSS J060543.0-863753
20359,82.530005,SDSS J102154.26+132738.8,Q,1.5789999961853027,,
20359,173.172024,PGC 1430078,N,0.12600000202655792,,
330,0.31891,IC 750,NRX,0.0020000000949949026,4XMM J115851.9+424320,FIRST J115852.2+424320
10299,55.952074,J130027.98+282129.1,X,,4XMM J130028.0+282129,
10299,144.025761,SDSS J130026.71+281832.9,qX,1.7999999523162842,4XMM J130026.7+281833,
10300,136.265963,WISEA J161439.63+623012.8,q,1.5,,
10300,168.373454,WISEA J161445.21+623424.3,q,0.20000000298023224,,
20361,115.917446,WISEA J125629.77-050947.2,q,0.20000000298023224,,
10301,109.180621,WISEA J220832.45-290235.6,q,1.2000000476837158,,
333,1.561025,NGC 4388,NRX,0.00800000037997961,2SXPS J122546.7+123942,FIRST J122546.7+123942
333,103.972781,J122553.92+123940.2,X,,4XMM J122554.0+123940,
333,107.821847,J122554.05+124004.0,X,1.5,CXOG J122554.0+124004,
333,125.200175,SDSS J122542.74+124133.4,NX,0.3269999921321869,CXOG J122542.7+124133,
20363,0.112672,NGC 6418,AX,0.028999999165534973,CXOG J173809.3+584253,
334,164.881074,J124957.70+725507.4,X,,CXOG J124957.8+725506,
20364,81.514573,WISEA J201633.48-391229.9,q,1.100000023841858,,
337,0.733366,NGC 4593,ARX,0.008999999612569809,1RXH J123939.6-052039,VL0J123939.45-052038.9
338,166.413048,J111708.78+180725.1,X,,CXOG J111708.7+180724,
20367,143.745297,SDSS J234356.71+273050.6,Q,1.7400000095367432,,
20367,153.054446,SDSS J234348.08+273312.1,Q,2.0799999237060547,,
10305,130.85646,J021320.02-073752.3,X,,2SXPS J021319.7-073751,
340,104.944961,LAMOSTJ141820.30+362814.9,Q,0.7099999785423279,,
20369,152.035479,Q 0057-3337,Q,2.2300000190734863,,
10307,0.478653,MCG 9-14-054,NR,0.017000000923871994,,VL0J083242.81+522631.8
10307,72.830784,SDSS J083246.15+522526.2,QX,0.6029999852180481,2SXPS J083245.7+522528,
10307,155.64336,SDSS J083239.52+522359.3,QX,1.1820000410079956,2SXPS J083239.0+522401,
342,68.920135,J100015.55-193705.2,X,1.399999976158142,XMMX J100015.5-193705,
342,134.442206,J100019.27-194004.3,X,0.20000000298023224,2CXO J100019.2-194004,
20370,145.787953,SDSS J020200.83+271939.4,Q,1.1460000276565552,,
20370,155.968357,SDSS J020146.54+271653.3,Q,1.5720000267028809,,
10308,148.220771,SDSS J090303.62+303448.4,Q,1.4600000381469727,,
10308,157.72675,SDSS J090319.62+303752.9,Q,1.6629999876022339,,
344,41.673162,J044128.33-025047.3,X,,CXOX J044128.2-025048,
344,50.576079,J044125.60-025200.8,X,,CXOG J044125.6-025201,
344,171.600884,J044122.68-025359.1,X,0.800000011920929,CXOX J044122.6-025359,
10310,108.290757,WISEA J133853.22+312313.2,q,1.2999999523162842,,
345,87.085191,J134905.21-301912.1,X,,XMMX J134905.1-301910,
345,174.35138,J134917.58-301856.7,X,,4XMM J134917.6-301900,
20375,0.297265,IC 2405,NR,0.02500000037252903,,NVSS J084842.7+371302
20376,112.9073,WISEA J092030.93-035923.6,q,0.8999999761581421,,
20376,141.325588,WISEA J092031.29-040049.3,q,1.2000000476837158,,
347,78.284958,J124335.28+113349.8,X,,CXOG J124335.2+113350,
347,179.408167,J124335.96+113204.6,X,0.10000000149011612,CXOG J124335.9+113204,
349,168.108508,J103032.48-352405.5,X,,4XMM J103032.5-352405,
350,137.764152,WISEA J120412.38+315509.1,q,1.0,,
20382,134.053348,SDSS J132140.80+312317.3,Q,0.7239999771118164,,
353,146.323701,SDSS J220042.66+174152.1,Q,1.7330000400543213,,
353,150.433331,WISEA J220039.37+174645.5,q,1.100000023841858,,
10319,100.758805,WISEA J131012.82+312636.8,q,1.100000023841858,,
10319,111.350837,SDSS J131014.80+312516.2,Q,0.7799999713897705,,
355,110.956579,J114706.05-164927.6,X,0.699999988079071,CXOG J114706.0-164927,
20386,46.733749,SDSS J145424.70+531346.1,Q,0.7699999809265137,,
20386,140.697931,SDSS J145414.09+531137.9,Q,1.8580000400543213,,
20386,163.865307,SDSS J145444.83+531256.4,Q,1.559000015258789,,
356,0.428628,NGC 4220,A,0.003000000026077032,,
10320,92.964787,SDSS J162450.65+093302.9,Q,1.1059999465942383,,
10321,84.278746,SDSS J231155.00+093129.4,Q,2.2160000801086426,,
357,0.561567,NGC 5506,ARX,0.006000000052154064,4XMM J141314.8-031227,VL0J141314.86-031227.3
357,46.973047,J141311.80-031234.2,X,,XMMX J141311.7-031236,
357,61.309878,J141318.98-031231.2,X,,4XMM J141318.9-031230,
357,81.867127,J141314.88-031349.0,X,1.100000023841858,4XMM J141314.9-031351,
357,119.41961,J141321.74-031125.8,X,,XMMX J141321.7-031126,
357,135.748063,J141321.76-031058.5,X,2.4000000953674316,CXOG J141321.7-031058,
358,130.980525,J194328.96+560507.3,X,1.0,2SXPS J194328.9+560507,
20392,57.837318,WISEA J005735.79-050536.2,q,1.899999976158142,,
20392,123.022208,SDSS J005731.09-050451.5,QR,1.0269999504089355,,FIRST J005731.1-050450
10324,127.307709,SDSS J082249.58+042027.6,qX,0.8999999761581421,4XMM J082249.6+042027,
361,129.069139,J153856.58+592107.8,X,,4XMM J153856.5+592108,
361,136.493749,J153837.28+592336.3,X,,4XMM J153837.3+592336,
20393,115.013373,WISEA J051730.98-715138.0,q,1.7999999523162842,,
20394,64.602951,WISEA J070527.11-660251.0,q,0.699999988079071,,
10326,0.355897,NGC 3341B,NRX,0.027000000700354576,CXOG J104231.4+050237,VL0J104231.48+050238.2
10326,9.489721,SDSS J104232.05+050241.9,NX,0.027000000700354576,CXOG J104232.0+050241,
10326,33.394481,SDSS J104232.99+050213.7,qX,,CXOG J104233.0+050213,
10326,106.233753,SDSS J104238.08+050317.5,QX,3.3380000591278076,CXOG J104238.0+050317,
10326,170.337223,SDSS J104238.64+050025.7,qX,1.899999976158142,CXOG J104238.6+050025,
10326,172.937338,SDSS J104239.22+050029.6,qX,0.800000011920929,CXOG J104239.2+050029,
20395,170.611702,SDSS J083558.44+284651.8,Q,0.7200000286102295,,
364,92.373728,3HSPJ154943.1-292349,BRX,0.4000000059604645,2SXPS J154943.2-292348,VL0J154943.07-292349.4
365,105.19317,J122655.90+093613.5,X,,CXOG J122655.9+093613,
365,155.816504,J122650.08+093227.4,X,0.30000001192092896,CXOX J122650.0+093227,
365,161.942856,J122653.18+093225.6,X,,CXOG J122653.1+093225,
20397,169.945674,SDSS J091012.86+435013.0,Q,1.215000033378601,,
10328,0.114248,Arp 102B,BRX,0.024000000208616257,2RXP J171914.8+485849,VL0J171914.57+485849.3
10328,80.16379,J171911.82+485733.6,X,0.20000000298023224,1RXH J171911.7+485733,
366,119.612393,J125443.68-123432.2,X,,CXOG J125443.6-123432,
366,127.252969,J125436.87-123200.9,X,1.5,CXOG J125436.8-123200,
20400,0.342104,CGCG 46-56,N,0.017000000923871994,,
368,33.297305,J124433.75+111146.6,X,,1WGA J1244.5+1111,
368,117.12879,J124425.95+111009.4,X,,CXOG J124425.9+111009,
368,159.240927,SDSS J124431.17+111404.7,QX,1.065999984741211,CXOG J124431.1+111404,
370,116.610048,J184726.50-632134.3,X,,4XMM J184726.3-632131,
370,154.232358,J184725.12-631725.3,X,,4XMM J184725.1-631724,
10332,52.313276,J235122.48+200640.8,X,,4XMM J235122.5+200638,
10332,59.200775,J235124.36+200642.3,X,,CXOG J235124.3+200642,
10332,103.306852,J235120.37+200726.9,X,,CXOG J235120.3+200727,
20403,114.562233,WISEA J154838.56+743003.1,q,0.20000000298023224,,
372,0.920512,NGC 5728,ARX,0.008999999612569809,CXOG J144223.8-171511,VL0J144223.88-171510.7
372,147.35157,WISEA J144231.66-171334.9,qX,0.6000000238418579,CXOG J144231.6-171334,
20405,175.150183,SDSS J230628.04+000734.7,Q,1.7990000247955322,,
374,67.239851,SDSS J122328.54+465830.7,QX,1.680999994277954,2RXS J122329.1+465822,
20407,52.380659,ESO 411-29,NR,0.03200000151991844,,VL0J005454.51-320154.0
375,122.828197,J124249.06+112833.3,X,1.100000023841858,4XMM J124249.0+112832,
375,135.371485,SDSS J124240.78+112806.5,QX,0.6669999957084656,CXOG J124240.7+112806,
375,154.371165,J124237.24+112555.2,X,,CXOG J124237.2+112555,
20408,121.940686,J012833.30-512329.9,R,,,SUMSS J012833.8-512333
376,135.17988,SDSS J111955.31+182225.1,qX,1.899999976158142,1WGA J1119.9+1822,
377,158.391187,WISEA J143918.79+051959.7,q,1.0,,
382,101.351487,J112503.20-094602.6,X,,2SXPS J112503.7-094608,
10342,150.581683,WISEA J154156.97+004021.8,q,0.4000000059604645,,
20415,15.464939,SDSS J142703.15+395738.3,qR,1.100000023841858,,NVSS J142702.4+395735
20416,165.164055,SDSS J144329.73+230106.0,QR,2.372999906539917,,VL0J144329.73+230106.3
10344,63.458121,WISEA J162208.54+571718.2,q,0.20000000298023224,,
386,85.006992,J034226.38-352331.2,X,,CXOX J034226.3-352331,
386,105.826032,J034210.88-352316.8,X,,CXOG J034210.8-352317,
386,114.65426,J034212.56-352215.4,X,,CXOG J034212.4-352214,
386,117.394214,J034226.29-352455.6,X,,CXOG J034226.2-352455,
386,122.794367,J034212.05-352210.2,X,,CXOG J034211.9-352209,
20420,63.056629,SDSS J230525.74+210844.1,Q,1.2519999742507935,,
388,0.541771,NGC 4138,ARX,0.003000000026077032,CXOG J120929.8+434107,NVSS J120930.2+434104
391,78.061235,J181928.46+743437.2,X,,CXOG J181928.6+743437,
391,179.428656,J182011.75+743138.0,X,0.5,CXOG J182011.7+743138,
10349,88.947989,J020445.00-291928.4,X,0.10000000149011612,CXOG J020444.9-291926,
20425,147.835398,WISEA J094849.02-080055.4,q,1.0,,
10351,166.254493,J045027.61-030806.9,X,1.899999976158142,4XMM J045027.6-030808,
10351,166.642402,J045037.13-030546.6,X,2.0999999046325684,4XMM J045037.1-030546,
10351,172.510571,J045027.69-030927.8,X,,4XMM J045027.6-030930,
394,143.318326,J131941.44-123922.9,X,,CXOG J131941.4-123923,
10352,117.505853,WISEA J050903.92-175030.6,q,1.100000023841858,,
20426,176.024116,SDSS J112005.22-014352.7,Q,2.6519999504089355,,
10354,112.791419,WISEA J093137.82-302019.0,q,2.200000047683716,,
398,102.025254,J122601.84+181159.6,X,,CXOG J122601.8+181159,
398,170.644258,J122606.30+181407.4,X,,CXOG J122606.3+181407,
10355,65.976256,Q 1141+2014,QX,0.9539999961853027,XMMX J114405.6+195735,
10355,116.143998,Q 1141+2013,AX,0.335999995470047,4XMM J114356.8+195649,
10355,143.937527,Q 1141+2012,QRX,2.200000047683716,4XMM J114405.3+195602,VL0J114405.38+195602.1
10355,173.866376,J114349.97+195752.0,X,,CXOG J114349.8+195754,
10356,0.360203,NGC 5187,N,0.024000000208616257,,
10356,148.024179,SDSS J132949.59+311015.6,Q,1.0190000534057617,,
20430,115.586802,SDSS J151936.57+441757.9,Q,1.6059999465942383,,
5385,56.564456,SDSS J163637.39+390142.2,Q,2.2200000286102295,,
5385,166.802556,SDSS J163639.05+385912.0,Q,1.5470000505447388,,
5385,168.338189,SDSS J163639.70+390406.9,Q,1.3769999742507935,,
15495,98.131939,WISEA J054644.46-323607.2,q,1.399999976158142,,
15497,73.367366,SDSS J131749.34+140558.9,Q,2.6630001068115234,,
15500,170.446444,SDSS J205403.26+004928.2,Q,0.9089999794960022,,
5392,94.474724,WISEA J170507.58+430407.5,q,0.6000000238418579,,
15506,115.584743,WISEA J045909.98+122449.2,q,0.699999988079071,,
5393,48.202737,SDSS J230109.27+054001.4,Q,2.259999990463257,,
5393,118.95355,SDSS J230102.21+053758.4,A,0.13899999856948853,,
5394,25.777051,SDSS J233400.86+245616.4,A,0.33000001311302185,,
5394,70.280558,SDSS J233357.58+245725.3,Q,2.671999931335449,,
15508,85.139931,SDSS J081639.29+244637.8,Q,0.847000002861023,,
5395,0.061629,NGC 2989,NRX,0.014000000432133675,CXOG J094525.2-182226,NVSS J094525.3-182228
5395,144.317729,J094530.49-182429.3,X,2.4000000953674316,CXOG J094530.5-182429,
5395,163.119539,J094535.32-182343.0,X,0.4000000059604645,CXOG J094535.3-182342,
15512,124.93266,SDSS J133111.38-013642.7,qX,2.299999952316284,CXOG J133111.3-013642,
15512,177.151617,SDSS J133130.44-013807.0,qX,1.399999976158142,CXOG J133130.3-013807,
15516,107.711822,WISEA J225450.75+321931.5,q,0.5,,
15519,143.202597,WISEA J025346.16+412934.9,qX,1.0,4XMM J025346.1+412935,
15520,77.373813,WISEA J030111.53-071215.8,q,0.4000000059604645,,
5406,161.749143,SDSS J114905.54+345834.2,Q,1.9010000228881836,,
15525,160.718894,WISEA J111401.30-405404.7,q,1.899999976158142,,
15526,174.5411,EQS B1406-0143,QR,0.6380000114440918,,VL0J140929.13-015717.5
15527,48.962282,SDSS J160046.38+185604.3,Q,1.7120000123977661,,
15531,0.190836,CGCG 374-29,ARX,0.013000000268220901,2RXS J205522.8+022119,FIRST J205522.2+022116
5414,111.814269,J015343.61-234716.0,R,1.899999976158142,,VL0J015343.62-234714.8
15538,70.962406,PGC 2317696,N,0.050999999046325684,,
15538,116.720345,SDSS J084644.98+482554.3,Q,1.7020000219345093,,
15539,170.895303,SDSS J101603.97+065644.0,Q,2.378999948501587,,
15539,173.910844,SDSS J101546.26+070007.6,Q,2.7060000896453857,,
15540,124.148781,WISEA J102252.54-223504.6,q,0.8999999761581421,,
5418,84.713033,SDSS J144741.80+182842.9,QR,1.5449999570846558,,VL0J144741.80+182843.1
15541,153.934591,WISEA J133859.79-220936.5,q,0.20000000298023224,,
15542,89.465549,J160459.96+175043.7,X,,2XMM J160459.8+175045,
15546,153.661717,WISEA J001031.31-565648.9,q,1.2999999523162842,,
15547,141.708633,WISEA J001726.80-322917.7,q,1.2999999523162842,,
15548,105.575475,WISEA J030715.64+042550.6,q,0.699999988079071,,
15550,159.488583,WISEA J041353.66-172830.2,q,0.20000000298023224,,
15555,177.177274,SDSS J110810.99+352927.4,Q,1.062000036239624,,
15556,174.087897,LAMOSTJ111012.83+051723.2,Q,1.0889999866485596,,
15557,144.773058,J114511.15-014422.8,X,,CXOG J114511.1-014423,
15557,165.414692,J114508.33-014421.7,X,0.20000000298023224,CXOG J114508.3-014422,
15558,116.522413,Q 1341.5+2539,Q,1.8960000276565552,,
15560,135.835145,NGC 6211,NR,0.019999999552965164,,FIRST J164127.6+574701
15560,155.156157,WISEA J164142.87+574625.1,q,0.4000000059604645,,
5432,27.49823,J152319.47-040931.5,X,,2SXPS J152319.6-040927,
5433,61.262571,SDSS J162724.21+193448.8,Q,3.311000108718872,,
5436,176.972188,QORG J005719.7-485407,QX,0.718999981880188,XMMSL J005719.8-485405,
15568,118.755606,WISEA J111330.86-435924.3,q,2.200000047683716,,
15570,146.743642,SDSS J122643.72+481745.5,Q,0.9229999780654907,,
5438,0.285473,NGC 4726,A,0.014999999664723873,,
5439,40.379151,WISEA J131948.72-215434.5,qX,0.4000000059604645,CXOG J131948.7-215434,
15573,93.759236,WISEA J204529.40-582606.1,q,0.20000000298023224,,
5440,106.805459,WISEA J153111.58-050404.2,q,0.4000000059604645,,
15575,107.175862,2QZ J223658.3-321135,Q,2.809999942779541,,
5441,128.905814,SDSS J164802.89+625743.6,qR,0.4000000059604645,,VL0J164802.90+625743.6
5441,177.968742,WISEA J164840.27+625640.4,q,0.20000000298023224,,
15579,139.416836,WISEA J095519.32-134913.1,q,0.8999999761581421,,
15580,157.351458,J154930.91+210435.7,X,1.399999976158142,2RXP J154931.0+210438,
15583,153.811061,SDSS J000603.21+223136.6,QR,1.8339999914169312,,VL0J000603.18+223137.1
5446,59.10473,SDSS J002107.07+223350.8,Q,2.4630000591278076,,
15586,179.965214,WISEA J060543.30-355817.3,q,1.100000023841858,,
15587,137.689492,SDSS J080227.92+344616.9,Q,2.186000108718872,,
15589,0.166426,MCG 5-22-037,A,0.026000000536441803,,
15590,0.054624,NGC 3722,N,0.020999999716877937,,
15591,73.769102,LAMOSTJ120248.16+222113.1,QR,1.3329999446868896,,VL0J120248.16+222113.4
15591,130.009547,SDSS J120247.10+221755.0,Q,2.7119998931884766,,
5450,0.253197,NGC 4966,AR,0.023000000044703484,,FIRST J130617.2+290346
5450,122.511011,WISEA J130623.75+290515.6,q,1.0,,
15595,149.133001,WISEA J011025.32-055930.9,q,1.2000000476837158,,
15597,107.552648,NGC 799,A,0.01899999938905239,,
15597,141.130047,SDSS J02023-0006,Q,2.0179998874664307,,
15599,79.514321,SDSS J025651.47+061158.1,Q,2.13100004196167,,
15599,177.518704,J025702.41+060945.2,X,,2XMMi J025702.4+060944,
5456,63.352229,SDSS J142339.45+400115.2,Q,1.284000039100647,,
5456,145.233611,SDSS J142334.90+400254.7,Q,1.2869999408721924,,
15602,145.820655,J111019.13-145919.3,X,,4XMM J111019.1-145917,
15603,99.865201,J111932.54+245621.3,X,,2SXPS J111932.5+245619,
15604,170.892774,WISEA J120116.96+091242.9,q,1.399999976158142,,
15605,62.957651,LAMOSTJ124301.69+121647.0,QX,0.4790000021457672,CXOG J124301.6+121647,
15605,90.698325,SDSS J124303.21+121755.1,QX,0.8410000205039978,CXOG J124303.2+121755,
15607,134.370597,SDSS J161851.89+392158.5,Q,1.75,,
5463,128.433196,WISEA J093707.46+233637.4,q,0.30000001192092896,,
5464,27.76959,J094605.42+013957.6,X,,2SXPS J094605.5+013954,
5464,42.489435,SDSS J094603.94+013923.6,QRX,0.2199999988079071,2SXPS J094604.0+013924,FIRST J094603.9+013924
5464,105.705113,SDSS J094610.14+013924.5,Q,0.8619999885559082,,
5464,169.091408,SDSS J094552.38+014012.1,qX,1.600000023841858,2SXPS J094552.5+014014,
15617,105.688473,SDSS J083500.40+412534.0,Q,2.555000066757202,,
5465,0.063982,NGC 3431,NRX,0.017000000923871994,2SXPS J105115.0-170028,VL0J105115.03-170028.7
5465,88.611817,J105112.19-165910.2,X,,2SXPS J105112.3-165909,
15621,41.229336,J125917.80+275751.1,X,,4XMM J125917.6+275753,
15621,60.723405,J125911.54+275850.5,X,1.399999976158142,4XMM J125911.5+275852,
15621,62.592497,J125918.30+275902.6,X,,CXOG J125918.2+275902,
15621,99.221793,J125920.92+275709.9,X,,1RXH J125920.8+275712,
5468,49.149942,2SLAQ J124349.48-003256.4,N,0.00800000037997961,,
15629,89.300498,SDSS J082538.08+275201.2,Q,2.257999897003174,,
15629,144.973486,SDSS J082537.13+275415.2,QX,1.0190000534057617,2SXPS J082537.2+275413,
15629,163.985934,SDSS J082553.96+275413.9,Q,2.390000104904175,,
15630,154.879714,SDSS J091126.08+191934.6,Q,3.4570000171661377,,
15631,128.569561,SDSS J114425.14+201219.6,qX,0.5,4XMM J114425.0+201219,
15632,39.817897,SDSS J114829.14+210851.0,Q,1.0210000276565552,,
15644,0.297721,CGCG 166-49,A,0.03200000151991844,,
15649,66.338751,SDSS J002220.33+223341.9,Q,1.8830000162124634,,
15649,79.052782,SDSS J002212.70+223208.8,Q,1.4529999494552612,,
15649,116.933043,SDSS J002214.98+223437.1,QR,1.878999948501587,,VL0J002214.96+223437.7
15649,139.856253,WISEA J002221.30+223457.3,q,0.20000000298023224,,
5485,158.478773,SDSS J023936.01+013354.4,Q,3.5869998931884766,,
15654,150.019096,SDSS J100841.29+123124.2,qRX,1.0,4XMM J100841.3+123123,FIRST J100841.2+123124
15655,140.88711,J122821.71+135441.9,X,,4XMM J122821.7+135443,
5487,115.303396,WISEA J095932.62-204803.1,q,1.0,,
15656,0.179295,CGCG 76-14,N,0.02800000086426735,,
15656,70.605957,J144430.07+085645.3,R,,,FIRST J144430.1+085645
15658,152.548272,SDSS J161111.65+355349.4,Q,1.656000018119812,,
15658,167.549527,SDSS J161124.57+355743.0,Q,1.8949999809265137,,
5494,132.297504,SDSS J093001.10+200419.6,Q,1.440000057220459,,
5495,89.595945,SDSS J123802.31+340045.7,QR,1.3919999599456787,,FIRST J123802.3+340045
5495,139.598776,J123802.57+340309.3,R,,,VL0J123802.59+340309.0
15668,154.963664,SDSS J144618.77+323923.6,Q,1.590999960899353,,
15670,166.908778,SDSS J164233.16+202024.8,Q,1.7769999504089355,,
5498,109.869242,SDSS J170320.83+245420.5,Q,1.5679999589920044,,
5499,110.311815,SDSS J002436.39-050845.5,Q,2.200000047683716,,
5500,151.497043,WISEA J045735.47+103114.7,q,0.8999999761581421,,
15681,157.50465,SDSS J093628.59+371635.1,Q,1.5839999914169312,,
15682,153.19631,SDSS J094817.30+580003.2,Q,0.9829999804496765,,
15682,161.909127,SDSS J094840.08+580039.1,Q,0.492000013589859,,
15683,113.390393,SDSS J104905.76+581948.5,Q,0.8100000023841858,,
15683,148.670668,SDSS J104859.57+582034.9,Q,0.8040000200271606,,
5506,0.03566,NGC 7620,ARX,0.032999999821186066,XMMX J232005.2+241312,NVSS J232005.6+241316
5506,74.540868,SDSS J232002.34+241414.9,Q,2.4140000343322754,,
5506,93.669995,SDSS J232012.52+241315.7,Q,1.1269999742507935,,
15691,151.338178,SDSS J090059.23+531029.4,Q,2.7309999465942383,,
15692,128.763372,SDSS J103543.80+204034.5,Q,1.5850000381469727,,
15695,68.215006,SDSS J130142.42+280612.9,qX,0.6000000238418579,2XMM J130142.4+280612,
15695,100.739411,J130143.73+280410.9,X,0.699999988079071,XMMX J130143.8+280410,
15695,115.522465,J130151.00+280359.1,X,,4XMM J130150.9+280358,
15695,179.250968,SDSS J130134.24+280641.9,qX,,4XMM J130134.3+280642,
15699,126.387103,SDSS J211508.80+074717.3,Q,0.9679999947547913,,
15700,58.962233,Q 2125-4536,Q,2.7660000324249268,,
15700,139.522257,WISEA J212847.33-452523.8,q,0.20000000298023224,,
5514,0.265975,CGCG 31-72,AX,0.03400000184774399,2SXPS J081425.3+042032,
15702,130.395139,SDSS J235853.21+184858.6,Q,1.2339999675750732,,
5516,117.352893,SDSS J085850.41+393219.0,Q,0.6110000014305115,,
5516,169.644019,SDSS J085836.92+392818.9,Q,1.2239999771118164,,
5516,177.256039,SDSS J085833.19+392851.2,Q,2.263000011444092,,
15706,0.144607,UGC 5383,AR,0.013000000268220901,,VL0J100045.21+044403.6
15707,176.12486,SDSS J100103.08+594629.9,Q,1.180999994277954,,
5518,178.986367,SDSS J123605.90+541606.8,Q,1.1859999895095825,,
15710,66.497886,SDSS J111535.63+283358.3,Q,0.8190000057220459,,
15710,153.844938,SDSS J111522.09+283351.8,Q,2.615000009536743,,
15710,169.948312,SDSS J111521.63+283418.2,Q,2.203000068664551,,
15711,89.964287,SDSS J113531.58+581837.9,Q,1.6729999780654907,,
15711,104.907661,SDSS J113545.41+581745.9,Q,0.9039999842643738,,
15712,154.513689,SDSS J123703.70+275256.3,qX,0.5,4XMM J123703.6+275254,
15712,156.589084,SDSS J123701.56+274950.4,QRX,0.527999997138977,1RXH J123701.6+274953,VL0J123701.55+274950.5
15713,0.26619,CGCG 102-48,NRX,0.027000000700354576,2SXPS J134415.6+193358,FIRST J134415.6+193359
15713,70.726088,WISEA J134410.72+193350.1,q,0.5,,
15720,138.79568,SDSS J231517.71-011640.3,Q,1.0750000476837158,,
5526,152.768626,WISEA J160923.06-043149.0,q,1.2000000476837158,,
5528,102.687503,SDSS J235917.64-041136.3,Q,0.8700000047683716,,
15728,0.19498,MCG 7-19-017,NR,0.024000000208616257,,VL0J090421.44+412854.3
15728,71.074422,SDSS J090421.11+413004.8,QR,2.6730000972747803,,VL0J090421.08+413004.9
15728,120.422198,SDSS J090422.21+413054.1,Q,1.9850000143051147,,
15729,49.486161,WISEA J134605.32+220625.0,q,0.6000000238418579,,
15729,178.600374,SDSS J134557.48+220945.3,Q,2.3559999465942383,,
15730,118.984355,SDSS J150018.88+431842.1,Q,3.315000057220459,,
15730,169.501369,SDSS J150017.10+431422.4,Q,2.1500000953674316,,
5532,70.490354,J031753.06-001046.3,X,2.5,2SXPS J031753.2-001046,
15734,154.155083,2QZ J223405.0-285440,Q,2.1389999389648438,,
5534,146.110391,SDSS J082102.71+562847.5,Q,1.9019999504089355,,
15738,141.38917,SDSS J034541.50-072315.3,Q,4.033999919891357,,
5537,0.359857,UGC 12646,NR,0.026000000536441803,,NVSS J233139.2+255644
15745,144.505033,SDSS J095842.06+313635.3,Q,2.2690000534057617,,
15746,0.438017,MCG 1-33-033,A,0.02800000086426735,,
15747,152.342476,WISEA J132149.69-165408.8,qX,1.0,4XMM J132149.6-165409,
15747,166.679587,J132159.73-165328.0,X,,4XMM J132159.7-165327,
5539,141.764539,3C 66A,BRX,0.4440000057220459,1RXH J022239.6+430209,VL0J022239.60+430207.3
15750,112.249505,WISEA J185308.29-421719.7,q,1.600000023841858,,
5540,142.981117,WISEA J035435.27-655739.5,qX,1.2999999523162842,2SXPS J035435.1-655741,
5541,107.264611,SDSS J111922.35+283916.9,Q,1.49399995803833,,
15753,133.20416,SDSS J014657.80+280801.3,Q,2.4210000038146973,,
5543,172.422839,LAMOSTJ131945.28+155206.6,Q,2.4739999771118164,,
15758,148.95526,SDSS J105409.60+490428.0,Q,1.406999945640564,,
15761,165.752209,WISEA J175041.39+715024.2,q,1.5,,
15762,130.65903,SDSS J013253.33-004141.0,Q,1.0989999771118164,,
15762,169.578439,SDSS J013300.18-003836.0,Q,1.0880000591278076,,
15764,172.655195,WISEA J025403.90+412502.3,qX,1.2000000476837158,4XMM J025403.8+412502,
5548,142.488779,SDSS J095446.81+091401.7,Q,2.2639999389648438,,
5549,0.26759,NGC 4513,AX,0.00800000037997961,2SXPS J123201.3+661958,
5549,86.741567,SDSS J123214.97+662028.0,qX,0.4000000059604645,2SXPS J123215.0+662027,
15769,152.062477,SDSS J095740.06+080732.2,Q,0.8730000257492065,,
15770,81.336906,WISEA J120341.56+160335.2,q,2.4000000953674316,,
15771,103.647412,WISEA J125537.41-122734.3,q,0.30000001192092896,,
15774,105.621282,SDSS J002319.35+294909.8,Q,2.0859999656677246,,
15774,125.260187,SDSS J002322.12+295041.9,Q,2.3450000286102295,,
15776,154.485135,WISEA J021456.28+304952.2,q,1.399999976158142,,
15776,160.785111,SDSS J021436.06+305032.8,Q,1.6790000200271606,,
5555,76.802697,SDSS J085159.06+165532.5,Q,3.6389999389648438,,
5555,81.026532,QPQ6 J085159.89+165534.6,Q,3.2279999256134033,,
5555,173.583857,SDSS J085203.67+165902.8,Q,1.0520000457763672,,
5556,40.91628,SDSS J121636.51+333309.6,Q,1.7899999618530273,,
15779,103.886984,SDSS J090109.37+203819.7,Q,3.0829999446868896,,
15781,118.252132,TEX 1035-268,KRX,0.5669999718666077,2XMM J103739.8-270527,VL0J103739.81-270525.5
5558,37.420486,SDSS J153341.88+150059.5,Q,1.4299999475479126,,
15787,83.897721,WISEA J213202.92-350627.5,q,1.7999999523162842,,
15789,0.368317,UGC 1416,NR,0.01899999938905239,,VL0J015646.03+365310.7
15794,166.690753,WISEA J060728.03-220208.8,q,0.8999999761581421,,
5567,71.512728,SDSS J005444.92+291435.6,Q,2.3929998874664307,,
5567,151.894522,SDSS J005452.43+291716.6,Q,2.9100000858306885,,
15798,166.455541,WISEA J095547.05+720928.8,q,1.2999999523162842,,
15803,167.573536,WISEA J193154.31-475735.0,q,1.399999976158142,,
15804,106.872157,NGC 6812,AR,0.014999999664723873,,SUMSS J194524.2-552049
15806,102.564256,WISEA J232752.69-174341.8,q,2.299999952316284,,
15807,136.936885,WISEA J233555.64-194153.6,qR,0.30000001192092896,,VL0J233555.63-194153.4
5575,59.324562,J022506.14-244622.9,X,1.600000023841858,CXOG J022506.1-244622,
5575,133.683219,J022455.03-244756.4,X,0.4000000059604645,CXOG J022455.0-244756,
15808,94.777993,SDSS J002443.85+210429.1,Q,2.621000051498413,,
5576,140.169328,WISEA J044831.36+732550.0,q,1.2999999523162842,,
15810,168.201644,WISEA J010340.57-203525.2,q,2.200000047683716,,
5577,118.143964,WISEA J070723.77+444928.0,q,0.20000000298023224,,
15811,129.459993,Q 0112-325,Q,0.3799999952316284,,
15816,164.073076,US 1786,A,0.4830000102519989,,
5581,86.067788,SDSS J020904.48-070335.7,Q,3.242000102996826,,
5582,95.966379,SDSS J113701.12+545037.8,Q,1.9179999828338623,,
15828,103.267195,SDSS J000137.35+112143.0,Q,1.24399995803833,,
15828,147.737793,SDSS J000130.10+111820.3,Q,3.572000026702881,,
15829,67.653322,J010849.36-462922.1,X,,2XMMi J010849.4-462922,
5591,0.443486,NGC 7319,NRX,0.02199999988079071,4XMM J223603.5+335833,VL0J223603.54+335832.7
5591,8.965398,Q 2233+337,QX,2.114000082015991,CXOG J223603.6+335825,
5591,35.4271,J223600.84+335821.8,X,1.5,4XMM J223600.8+335821,
5591,71.515576,J223559.74+335739.1,X,1.100000023841858,1RXH J223559.4+335736,
5591,159.898232,J223616.38+335843.1,X,,4XMM J223616.3+335843,
15831,36.238894,WISEA J033749.27+031548.0,q,0.30000001192092896,,
15832,80.465889,SDSS J131431.23+505741.0,Q,2.058000087738037,,
15836,126.475989,WISEA J200624.34-374032.1,q,1.100000023841858,,
5595,160.567299,SDSS J015737.03+332310.0,Q,1.524999976158142,,
5596,162.063286,WISEA J031500.52-304510.9,qR,1.5,,NVSS J031500.7-304516
5597,75.536632,J100015.55-193705.2,X,1.399999976158142,XMMX J100015.5-193705,
5597,129.363403,J100008.11-193512.8,X,2.0,2SXPS J100008.0-193514,
5597,160.152781,J100005.16-193455.6,X,1.2000000476837158,2CXO J100005.1-193455,
5597,164.933536,J100008.77-193434.9,X,0.6000000238418579,XMMX J100008.7-193433,
5598,168.264378,WISEA J104836.11+722244.1,q,0.30000001192092896,,
15843,49.500754,SDSS J104728.43+515141.8,Q,2.364000082015991,,
15843,94.464626,SDSS J104734.49+515004.3,Q,1.8250000476837158,,
15844,0.085789,UGC 6769,N,0.028999999165534973,,
5601,150.04668,SDSS J160327.76+492242.4,Q,2.9079999923706055,,
5601,174.872541,SDSS J160339.41+492254.8,Q,1.2619999647140503,,
15845,157.881351,WISEA J123355.74+264105.0,q,0.30000001192092896,,
5602,85.440395,WISEA J163942.86+660315.9,qX,0.30000001192092896,2RXP J163943.5+660319,
5602,137.955023,WISEA J163912.08+660115.9,q,0.10000000149011612,,
5602,149.468025,WISEA J163955.71+660258.9,q,0.30000001192092896,,
15846,144.167283,SDSS J125639.85+304055.6,QR,2.2739999294281006,,FIRST J125639.8+304055
15847,110.977802,SDSS J132748.12+560252.0,Q,1.100000023841858,,
5606,158.710555,WISEA J013853.57-432240.1,q,2.0999999046325684,,
15857,91.954343,WISEA J043424.71-140656.3,q,1.899999976158142,,
15862,125.766036,PGC 141453,N,0.032999999821186066,,
15863,125.543437,WISEA J104124.89-240158.8,q,1.2000000476837158,,
5615,118.229912,SDSS J082640.96+231054.4,Q,2.494999885559082,,
5615,131.335183,J082629.45+230931.3,R,,,VL0J082629.43+230931.3
15864,151.25995,SDSS J141703.48+573723.4,QR2,1.7799999713897705,,VL0J141703.45+573724.1
15864,165.345768,SDSS J141702.15+573706.5,Q,1.4040000438690186,,
15865,159.261383,J152821.28+553139.1,R,0.20000000298023224,,VL0J152821.52+553138.7
5617,87.380938,J110600.96-122437.7,R,2.4000000953674316,,VL0J110600.95-122437.6
15868,152.483325,WISEA J181557.79-730209.7,q2,0.800000011920929,,
5619,154.014725,SDSS J162949.09+553229.3,Q,1.4010000228881836,,
5619,166.954057,SDSS J162914.36+553054.5,Q,1.6469999551773071,,
5619,169.641342,SDSS J162934.27+553353.5,Q,2.377000093460083,,
15871,155.724688,WISEA J002143.01-194256.7,q,0.20000000298023224,,
5620,93.851038,J171925.12+490351.9,X,,2SXPS J171925.0+490351,
15873,102.555498,SDSS J030337.41-153909.4,qX,1.100000023841858,4XMM J030337.4-153909,
15873,155.785144,SDSS J030339.47-154302.9,qX,2.200000047683716,CXO J030339.4-154302,
5621,117.294057,SDSS J230407.85+015621.0,Q,0.6890000104904175,,
5622,43.004766,WISEA J032827.54+380137.4,q,0.8999999761581421,,
15877,0.046755,MCG -1-22-006,NRX,0.023000000044703484,2SXPS J082301.1-045604,VL0J082301.10-045605.4
15877,129.11021,SDSS J082252.47-045558.3,qX,1.2999999523162842,2XMMi J082252.4-045558,
15878,173.777231,SDSS J092627.69+194705.1,qX,0.5,4XMM J092627.6+194705,
5624,61.42791,J081739.12+205432.9,X,,CXOG J081739.1+205432,
5624,129.871982,SDSS J081729.83+205223.7,NX,0.3540000021457672,CXOG J081729.9+205223,
5624,135.221669,J081744.66+205407.5,X,,CXOG J081744.6+205407,
15881,0.137995,MCG 10-21-010,A,0.028999999165534973,,
15881,163.385748,SDSS J143431.99+593732.3,Q,1.13100004196167,,
15886,177.300516,SDSS J012448.89+005138.8,Q,1.8880000114440918,,
5629,132.70765,WISEA J124501.54+184616.4,q,0.699999988079071,,
15888,60.857505,WISEA J033118.73-263241.6,q,2.299999952316284,,
15888,111.695208,WISEA J033111.06-263412.0,q,2.0,,
15888,167.836025,WISEA J033131.56-263355.4,q,1.2000000476837158,,
15890,94.373941,WISEA J044629.22-543820.6,q,1.5,,
15893,143.330727,SDSS J115053.67+362736.4,Q,1.0829999446868896,,
15894,76.722614,SDSS J134149.94+265932.6,Q,3.125999927520752,,
15894,138.678053,Q 1339.3+2716,QR,1.753999948501587,,VL0J134137.78+270153.2
15895,84.46991,J145531.36+682554.6,X,,2SXPS J145531.2+682554,
15895,106.185239,J145519.60+682544.8,X,0.30000001192092896,2SXPS J145519.2+682541,
5636,112.777195,SDSS J135948.53+361551.9,Q,0.9160000085830688,,
5636,160.268582,SDSS J135931.62+361305.1,Q,0.7549999952316284,,
15901,102.81674,WISEA J024438.59+192556.5,q,1.2000000476837158,,
15904,70.069379,J053643.43-673606.7,X,,XMMX J053643.0-673611,
5640,0.127153,MCG 3-24-043,ARX,0.028999999165534973,2SXPS J091825.9+161820,FIRST J091826.0+161819
5640,44.424408,SDSS J091824.24+161856.3,QX,2.609999895095825,4XMM J091824.1+161852,
5640,99.083111,J091831.34+161921.9,X,,4XMM J091831.3+161920,
5640,159.246846,SDSS J091827.42+162057.6,qX,1.7000000476837158,4XMM J091827.4+162057,
15911,173.681744,WISEA J132300.62-112354.3,q,0.8999999761581421,,
15912,116.817296,J132353.11+134204.1,R,,,FIRST J132353.1+134203
15913,154.810798,SDSS J135301.18+381357.0,Q,1.75,,
5646,139.663956,WISEA J164153.63+653702.7,qX,1.2999999523162842,4XMM J164153.8+653705,
15915,166.736554,SDSS J162808.63+560143.9,Q,2.25,,
15916,0.366812,MCG 7-34-125,NR,0.029999999329447746,,FIRST J163813.8+400847
15916,158.803636,SDSS J163805.65+400640.1,Q,1.1269999742507935,,
5648,66.565992,SDSS J010720.39+005435.2,QX,1.4739999771118164,4XMM J010720.4+005435,
5648,153.789443,SDSS J010721.86+005806.7,QX,1.4980000257492065,4XMM J010721.8+005806,
5649,58.009963,SDSS J010902.42+323722.2,Q,2.0769999027252197,,
5649,73.512562,SDSS J010853.50+323818.3,QR,1.9910000562667847,,VL0J010853.48+323818.3
5650,42.236384,J020754.02+020923.6,X,,4XMM J020754.0+020923,
5650,156.2183,SDSS J020757.08+020739.1,qX,1.899999976158142,4XMM J020757.1+020740,
5650,161.956454,SDSS J020744.94+020816.6,QX,1.5820000171661377,2SXPS J020745.0+020816,
15925,56.473192,SDSS J123951.65+125845.9,Q,2.7829999923706055,,
5651,123.407384,SDSS J024203.29-053255.8,Q,2.052999973297119,,
5651,138.651909,SDSS J024203.90-053550.5,Q,1.4809999465942383,,
5651,171.550785,SDSS J024218.26-053206.6,Q,1.809999942779541,,
15927,75.945205,J131611.15+200338.4,X,,CXOG J131611.1+200337,
15927,83.586066,J131621.13+200230.6,X,,CXOG J131621.1+200230,
15930,67.82226,J010729.94+322248.6,X,1.5,CXOG J010729.9+322248,
15930,116.79358,J010729.02+321950.0,X,,CXOG J010728.9+321950,
15930,155.513878,J010726.30+322405.0,R,1.5,,VL0J010726.21+322406.3
5654,0.112445,MARK 817,ARX,0.032999999821186066,4XMM J143622.0+584739,VL0J143622.06+584739.3
5654,104.948029,SDSS J143635.54+584748.3,Q,1.5420000553131104,,
5654,133.533768,SDSS J143638.87+584710.8,QX,1.5240000486373901,2SXPS J143638.9+584710,
15933,0.111134,MCG 10-12-091,NR,0.027000000700354576,,VL0J081250.56+575517.2
5655,63.184968,WISEA J200052.51-470418.7,q,1.100000023841858,,
15935,88.320744,SDSS J090232.17+142717.7,QR,2.3949999809265137,,VL0J090232.16+142717.8
15935,152.56626,SDSS J090219.61+142919.5,Q,1.909000039100647,,
15935,154.960339,PGC 1458069,A,0.028999999165534973,,
15936,56.672898,PGC 1591014,N,0.07699999958276749,,
15937,170.531952,SDSS J103125.68+254851.2,Q,1.0789999961853027,,
15940,97.311512,SDSS J123840.94+423812.2,Q,2.4210000038146973,,
15947,96.219102,SDSS J235840.79+265634.8,Q,1.409999966621399,,
15947,110.672207,SDSS J235837.46+265535.2,Q,1.6579999923706055,,
5664,102.220983,WISEA J175519.32+262036.2,q,1.899999976158142,,
15949,106.709093,J011356.15-452607.6,X,,4XMM J011356.1-452608,
15949,146.579526,J011349.81-452701.6,X,,4XMM J011349.8-452701,
15949,154.60903,WISEA J011338.38-452316.8,qX,1.2999999523162842,2XMM J011338.3-452317,
15953,54.918,J091908.35+213144.9,X,,2SXPS J091908.5+213143,
15953,120.031516,SDSS J091900.59+212934.6,QX,2.359999895095825,4XMM J091900.5+212936,
15953,138.736037,SDSS J091858.04+213148.6,Q,0.8029999732971191,,
5669,117.334158,SDSS J014652.10+112209.8,Q,0.843999981880188,,
5670,152.817191,MQS J050718.71-682453.7,AX,0.37700000405311584,2SXPS J050718.8-682452,
15962,130.668134,WISEA J041305.80+132031.2,q,0.4000000059604645,,
15963,136.982868,SDSS J081910.16+033648.0,Q,2.236999988555908,,
5673,179.89419,SDSS J114647.40+204331.2,Q,2.499000072479248,,
15965,90.824801,J094325.42+315932.0,X,,CXOG J094325.4+315931,
15965,156.653475,WISEA J094321.39+315658.9,qX,0.8999999761581421,CXOG J094321.4+315659,
5674,101.971734,SDSS J134427.40+054853.7,N,0.4009999930858612,,
15968,45.377949,SDSS J133121.74+095723.6,Q,2.4149999618530273,,
15968,158.519683,SDSS J133133.37+095555.7,Q,2.3910000324249268,,
15971,169.146156,WISEA J224605.51+104942.1,qX,0.5,2RXS J224605.1+104939,
5678,105.33807,HS 1116+2106,Q,2.4609999656677246,,
15972,9.406631,J022351.78+424743.0,X,,1WGA J0223.8+4247,
15972,138.512149,J022350.60+424951.6,X,,2XMM J022350.4+424951,
5679,0.05184,ESO 103-35,NRX,0.013000000268220901,4XMM J183820.2-652539,SUMSS J183819.8-652537
15976,75.578815,SDSS J111736.55+071750.7,QR,2.697999954223633,,FIRST J111736.5+071750
15976,113.464703,SDSS J111748.70+071714.8,Q,0.7620000243186951,,
15979,168.042125,SDSS J122959.89+271400.6,Q,0.7229999899864197,,
5684,93.146916,WISEA J030649.69-254146.4,q,1.100000023841858,,
5685,93.407279,SDSS J113457.86+511133.6,Q,1.1449999809265137,,
5685,137.170526,SDSS J113500.95+511521.6,Q,1.8609999418258667,,
15987,138.856372,WISEA J014652.69+431932.3,q,0.699999988079071,,
15988,173.044831,J031613.92-104305.7,RX,0.699999988079071,2SXPS J031613.8-104305,VL0J031613.92-104306.1
15990,88.241106,WISEA J032929.82-144652.1,q,0.20000000298023224,,
5690,90.662069,SDSS J160233.23+372109.3,Q,1.1759999990463257,,
15995,130.415935,SDSS J093810.59+092623.6,Q,1.2389999628067017,,
15995,140.433976,WISEA J093828.34+092727.0,q,0.5,,
16001,116.239816,SDSS J211709.30-064411.9,Q,1.840000033378601,,
16001,120.109976,MCG -1-54-008,NR,0.028999999165534973,,VL0J211706.99-064327.9
5694,134.430954,J104934.31+161455.6,R,,,NVSS J104934.3+161456
16003,149.702531,SDSS J231735.70+290207.4,QR,1.524999976158142,,VL0J231735.56+290208.1
16003,164.944736,SDSS J231734.20+290544.3,Q,2.2920000553131104,,
5695,171.545291,SDSS J140201.51+092452.5,Q,2.3399999141693115,,
16005,4.429128,SDSS J091621.51+174334.4,qR,2.9000000953674316,,FIRST J091621.5+174335
16006,57.589408,SDSS J092458.57+402027.8,Q,1.6670000553131104,,
16006,165.630272,SDSS J092441.72+401958.5,Q,1.9839999675750732,,
16007,27.390042,WISEA J094746.03+213955.2,q,1.100000023841858,,
5700,84.763818,SDSS J100240.86+191116.1,Q,2.177999973297119,,
16011,177.197924,LAMOSTJ231855.08+091149.0,Q,0.4519999921321869,,
16012,117.60489,SDSS J235310.32+293621.3,Q,1.2740000486373901,,
5702,164.144584,WISEA J105115.46+135926.3,q,0.4000000059604645,,
5703,179.169075,WISEA J212708.21-604853.5,q,3.0999999046325684,,
16017,154.096271,WISEA J062145.40-444036.6,q,0.5,,
16017,166.621058,WISEA J062150.65-444300.3,q,1.899999976158142,,
16019,117.98944,WISEA J121330.69-305554.7,q,0.800000011920929,,
5705,0.077715,MCG -2-57-023,ARX,0.02500000037252903,4XMM J223646.4-123242,VL0J223646.48-123242.4
5705,123.651364,J223651.38-123101.9,X,1.600000023841858,4XMM J223651.3-123102,
5705,151.235655,J223654.24-123422.9,X,,4XMM J223654.2-123424,
5708,0.303302,UGC 9521,AR,0.03099999949336052,,FIRST J144700.1+113530
16027,18.464145,J233812.44-204640.8,R,,,NVSS J233812.5-204642
16031,177.198149,SDSS J083347.70+130151.0,Q,2.252000093460083,,
16032,0.168312,UGC 9418,NR,0.032999999821186066,,FIRST J143727.8+254556
5715,162.88741,SDSS J091022.26+502613.9,Q,1.690999984741211,,
16036,69.712153,SDSS J173609.94+680408.3,qX,2.200000047683716,2RXP J173610.5+680403,
16036,93.052817,J173632.40+680330.6,X,,XMMX J173632.2+680329,
5716,148.59536,SDSS J105414.51+271624.9,Q,0.8109999895095825,,
5719,120.027263,Q 0048-3242,Q,1.899999976158142,,
16040,74.355143,J024347.48+322939.1,X,1.100000023841858,4XMM J024347.5+322939,
16040,117.057619,J024345.90+322901.4,X,,4XMM J024345.9+322901,
16040,131.588342,J024400.20+323131.1,X,,4XMM J024400.1+323129,
16040,179.803997,J024404.60+323017.9,X,2.0,4XMM J024404.5+323017,
5720,144.715502,SDSS J101615.28+601152.8,Q,2.302000045776367,,
5720,174.963939,SDSS J101618.21+601657.0,Q,0.9779999852180481,,
5721,165.099739,SDSS J122254.28+081218.9,qX,1.399999976158142,CXOG J122254.2+081218,
5722,166.021742,J130231.00-154455.9,X,,CXOG J130231.0-154455,
16047,0.058806,NPM1G-21.0183,AX,0.02800000086426735,2SXPS J052627.4-211713,
16050,114.074301,J125839.55+273943.2,R,,,FIRST J125839.5+273943
16050,174.449856,LAMOSTJ125834.64+274109.8,QX,1.3350000381469727,2XMM J125834.6+274108,
5728,0.412243,NGC 5759,NR,0.02800000086426735,,FIRST J144714.7+132722
16051,125.858442,J131343.01-152545.9,R,1.2999999523162842,,VL0J131343.00-152545.5
16053,28.746231,WISEA J134703.04+720355.6,q,0.20000000298023224,,
5733,121.676135,WISEA J024512.82+321501.8,qR,1.0,,VL0J024512.90+321504.7
16055,85.426987,HS 1626+0839,QX,0.4350000023841858,2RXS J162826.3+083255,
16059,179.225857,SDSS J223447.92+204601.7,Q,1.2610000371932983,,
5736,122.372668,SDSS J124608.31+304155.2,NX,0.5740000009536743,CXOG J124608.3+304155,
5739,61.339504,LAMOSTJ131310.50+094025.3,Q,1.9320000410079956,,
5739,156.742428,WISEA J131309.08+093850.2,q,0.20000000298023224,,
16065,0.225794,UGC 4229,ARX,0.023000000044703484,4XMM J080741.0+390015,FIRST J080740.9+390015
16065,37.11366,J080738.41+385953.2,X,,4XMM J080738.4+385951,
16065,179.975876,J080730.53+385802.6,X,0.30000001192092896,XMMX J080730.2+385803,
5745,81.277013,WISEA J202919.27-001030.9,q,0.10000000149011612,,
5746,146.661358,WISEA J231642.13+132636.8,qR,0.4000000059604645,,VL0J231642.09+132636.7
16069,43.399819,SDSS J162247.25+374345.1,AX,0.3930000066757202,1RXH J162247.3+374347,
16069,70.538693,SDSS J162253.59+374415.3,Q,2.00600004196167,,
16069,131.929288,SDSS J162243.13+374500.7,QX,1.9550000429153442,1RXH J162243.4+374505,
5749,0.112032,NGC 2965,NRX,0.02199999988079071,2SXPS J094319.1+361451,FIRST J094319.1+361452
5749,178.651777,J094308.23+361652.5,R,,,FIRST J094308.1+361653
16073,77.461155,WISEA J213548.11-344409.6,q,0.8999999761581421,,
5752,124.476227,WISEA J162100.89+735246.5,q,0.30000001192092896,,
16076,64.145094,J025435.89+413655.7,X,1.399999976158142,1RXH J025435.8+413656,
16076,64.548518,J025424.78+413623.9,X,,1RXH J025424.9+413627,
16076,77.627671,WISEA J025435.59+413546.8,qX,1.0,2XMM J025435.5+413546,
16076,164.230693,J025438.82+413423.7,X,,XMMX J025438.5+413421,
5757,127.007147,SDSS J025818.44-044700.0,Q,1.2929999828338623,,
16080,164.951204,WISEA J045856.33+153720.4,q,1.2999999523162842,,
5760,158.919284,SDSS J131336.16+511805.6,Q,1.3860000371932983,,
5762,0.391154,NGC 799,A,0.01899999938905239,,
5762,92.242289,SDSS J02023-0006,Q,2.0179998874664307,,
16083,155.218846,SDSS J113457.12+001325.4,qX,1.2999999523162842,2SXPS J113457.0+001322,
5763,0.183218,ESO 426-2,NX,0.02199999988079071,2SXPS J062346.3-321258,
5764,136.458853,SDSS J135545.02+371319.6,Q,2.8310000896453857,,
5769,99.622392,SDSS J231341.33-014310.9,Q,1.371999979019165,,
5769,133.677659,SDSS J231344.20-014342.8,qR,1.399999976158142,,VL0J231344.19-014342.8
5769,160.723388,SDSS J231326.13-014229.7,QR2,0.8510000109672546,,FIRST J231326.1-014229
5770,115.994679,NGC 157#1,QX,0.7630000114440918,4XMM J003433.9-075502,
16095,143.06027,WISEA J055652.81+684654.1,q,1.2999999523162842,,
5775,61.83045,SDSS J125901.51+280632.0,qX,2.200000047683716,2XMM J125901.5+280632,
5775,68.991473,SDSS J125905.08+280832.3,qX,1.2000000476837158,4XMM J125905.1+280832,
5775,134.126115,J125853.77+280724.4,X,,4XMM J125853.6+280726,
5775,159.892759,SDSS J125915.61+280804.8,QX,2.1050000190734863,2XMM J125915.6+280804,
5776,108.725539,SDSS J135039.76+423048.9,Q,1.8940000534057617,,
5776,110.6269,SDSS J135045.14+423146.3,Q,2.4579999446868896,,
16099,140.827756,SDSS J121127.86+190325.3,QR2,0.9710000157356262,,FIRST J121127.8+190325
16101,32.285938,SDSS J133228.66+180817.8,Q,2.4619998931884766,,
16103,136.971815,WISEA J135135.42+510001.0,qR,0.800000011920929,,FIRST J135135.4+510001
16105,81.816219,SDSS J143122.45+495737.3,Q,2.111999988555908,,
16105,115.602248,SDSS J143142.59+495706.1,Q,0.44200000166893005,,
16106,20.657907,SDSS J143506.62+033257.3,QX,2.3989999294281006,4XMM J143506.6+033257,
16106,130.55858,SDSS J143513.90+033238.3,qX,1.7000000476837158,4XMM J143513.8+033237,
16107,0.11463,UGC 10436,N,0.029999999329447746,,
16107,103.646316,SDSS J163111.34+410821.5,Q,1.4229999780654907,,
16107,168.379835,SDSS J163117.72+411024.1,A,0.25600001215934753,,
5786,82.62277,WISEA J050430.73-122053.6,q,2.0,,
16113,107.9637,SDSS J225825.02+021621.5,Q,2.4230000972747803,,
5789,0.178672,UGC 6527,ARX,0.026000000536441803,2XMM J113240.2+525701,FIRST J113240.2+525701
5789,42.484804,J113235.54+525657.4,X,,XMMX J113236.1+525652,
5789,165.434015,J113227.07+525506.2,X,,2XMM J113227.1+525506,
16114,148.79127,SDSS J232929.21+100452.4,QR,2.8239998817443848,,VL0J232929.22+100452.5
16115,28.876743,SDSS J234135.20+034350.5,Q,1.4129999876022339,,
16115,48.587178,SDSS J234136.84+034348.9,Q,2.243000030517578,,
16115,92.309306,SDSS J234131.72+034203.1,QR,2.377000093460083,,VL0J234131.71+034203.3
16115,127.357645,SDSS J234125.45+034310.1,Q,2.0850000381469727,,
5793,106.915328,J102357.73-031240.6,X,0.30000001192092896,2SXPS J102357.7-031241,
5794,85.300224,SDSS J120559.95+365308.6,Q,2.2980000972747803,,
5794,116.071569,SDSS J120553.99+365053.5,Q,1.180999994277954,,
5794,146.057416,SDSS J120551.41+365249.5,qR,,,FIRST J120551.4+365249
5794,177.053105,SDSS J120613.03+364945.1,Q,1.6660000085830688,,
5795,0.270613,NGC 6154,A,0.019999999552965164,,
5796,90.993517,SDSS J210545.14+074352.6,Q,1.1089999675750732,,
16121,70.906574,WISEA J063358.97+523134.8,q,0.30000001192092896,,
5797,162.266801,SDSS J022920.82-031248.6,Q,2.7290000915527344,,
5797,173.286419,SDSS J022924.43-031031.3,Q,1.6319999694824219,,
5798,0.02376,ESO 417-6,NRX,0.01600000075995922,XMMX J025621.3-321107,VL0J025621.53-321107.5
5798,144.549557,2QZ J025629.7-321248,QX,2.2219998836517334,2SXPS J025629.7-321249,
16125,0.217416,CGCG 403-4,ARX,0.02800000086426735,2SXPS J215622.1+072158,FIRST J215622.2+072200
16125,84.969288,SDSS J215616.83+072133.7,Q,2.3350000381469727,,
5803,171.943069,WISEA J134552.13+701800.6,q,2.0,,
5804,92.709885,WISEA J141824.78+261821.4,q,0.5,,
16133,124.200309,SDSS J091916.47+265519.3,Q,0.6320000290870667,,
16133,171.74308,SDSS J091915.52+265627.2,Q,1.406999945640564,,
5810,0.332146,UGC 6250,AR,0.03099999949336052,,FIRST J111310.4+274905
5810,166.017971,WISEA J111300.80+275052.3,q,0.699999988079071,,
16136,91.375812,SDSS J125211.88+273513.4,qX,1.399999976158142,4XMM J125211.7+273513,
5813,121.944378,SDSS J012257.86-044022.0,Q,1.8559999465942383,,
5814,72.185602,J025738.37+055820.6,X,0.5,4XMM J025738.3+055819,
5814,147.694992,J025743.38+055808.5,X,,2XMM J025743.2+055807,
5814,153.352622,SDSS J025725.50+060010.2,qRX,0.10000000149011612,4XMM J025725.4+060011,VL0J025725.49+060010.2
16139,80.654772,WISEA J141352.21+014239.2,qR2,0.4000000059604645,,FIRST J141352.1+014239
5817,174.021309,SDSS J095951.90+352138.3,Q,1.1820000410079956,,
16142,0.239369,CGCG 197-31,NR,0.03200000151991844,,FIRST J170457.2+380110
16142,139.466056,FBQS J17047+3802,QR,0.06300000101327896,,VL0J170446.51+380206.0
5819,152.111622,WISEA J133803.86-312309.9,q,0.800000011920929,,
16144,129.130674,WISEA J005508.70+421110.8,q,0.30000001192092896,,
16145,128.106943,SDSS J011947.13+173331.6,Q,1.0210000276565552,,
16146,166.832245,J045904.18-003342.8,X,,4XMM J045904.2-003342,
5824,127.844652,SDSS J003241.58-025251.6,Q,1.5670000314712524,,
16149,31.771485,WISEA J082536.62+050727.9,q,0.5,,
5827,28.505205,J050159.66-210837.6,X,2.4000000953674316,2SXPS J050159.5-210833,
16151,117.417395,SDSS J141935.44+491242.6,Q,1.968999981880188,,
5830,12.66085,NGC 5747,NR,0.029999999329447746,,NVSS J144420.4+120756
16158,139.98685,WISEA J225304.12+324759.1,q,2.700000047683716,,
16158,161.290649,WISEA J225319.68+324701.4,q,0.6000000238418579,,
16159,46.975016,WISEA J011344.15-310304.4,q,1.0,,
16160,170.774356,LAMOSTJ033444.32+071058.5,Q,0.675000011920929,,
5836,176.265417,SDSS J150811.57+544551.9,Q,1.0379999876022339,,
5837,160.157528,WISEA J012031.70-171757.6,q,1.2999999523162842,,
5837,166.980605,WISEA J012025.35-172133.3,q,1.2000000476837158,,
5839,104.005328,SDSS J013845.26+010557.3,QX,0.8069999814033508,1WGA J0138.7+0105,
5839,150.266883,SDSS J013845.57+010150.9,Q,0.8889999985694885,,
5840,0.046272,MARK 573,ARX,0.017000000923871994,CXOG J014357.7+022059,VL0J014357.77+022059.9
5840,65.484489,SDSS J014402.03+022114.4,QX,0.47200000286102295,CXOG J014402.0+022114,
5840,124.235189,SDSS J014349.50+022107.4,qX,0.800000011920929,CXOG J014349.5+022107,
5843,168.800112,WISEA J202657.93-183435.3,q,1.399999976158142,,
5848,91.134293,J085131.57+473449.2,R,,,VL0J085131.55+473449.1
5848,169.014648,SDSS J085149.44+473502.8,Q,1.0579999685287476,,
16178,150.170074,SDSS J165409.11+412034.5,Q,1.6690000295639038,,
16178,154.851314,SDSS J165408.90+412045.4,Q,1.0579999685287476,,
16178,176.614103,SDSS J165424.23+411712.0,Q,1.4670000076293945,,
16179,159.270229,WISEA J182355.32+502334.2,q,1.399999976158142,,
5851,24.794926,J071052.13-514759.6,R,,,SUMSS J071052.3-514758
5851,126.839973,WISEA J071103.64-514935.5,q,1.7000000476837158,,
5852,141.377953,J104439.64+214332.2,X,,2XMM J104439.6+214332,
5852,147.352283,J104437.19+214109.2,X,,4XMM J104437.2+214110,
5852,161.905829,SDSS J104440.78+214200.4,qX,2.299999952316284,4XMM J104440.8+214200,
16183,160.477239,WISEA J211558.24+092954.9,q,1.0,,
16183,177.347127,J211545.82+093210.2,R,0.5,,FIRST J211545.7+093210
5853,0.269464,UGC 6148,NR,0.02500000037252903,,VL0J110558.12+362425.3
16187,17.874265,J000407.66+072248.6,R,,,NVSS J000407.4+072243
16189,164.085771,SDSS J010458.77-051751.5,Q,0.7110000252723694,,
5858,102.788298,SDSS J081411.88+235314.1,AR,0.3880000114440918,,VL0J081411.85+235314.4
5859,107.408817,SDSS J124941.89+252838.9,QX,1.909000039100647,4XMM J124941.9+252836,
5859,141.413817,SDSS J124924.43+252901.1,qX,1.5,2XMM J124924.4+252902,
5861,127.181075,SDSS J013415.38-010257.5,Q,3.4170000553131104,,
16195,158.051105,WISEA J135729.91+254756.2,qX,1.399999976158142,2SXPS J135729.7+254800,
5862,161.612766,WISEA J015050.03-360325.7,q,0.4000000059604645,,
16196,94.194333,SDSS J150322.67+170706.4,Q,0.9599999785423279,,
16197,13.614054,J151646.44+070006.8,X,,XMMX J151646.2+070007,
16197,59.180286,J151649.27+065948.1,X,,XMMX J151649.2+065954,
16197,64.85044,UGC 9799,NRX,0.03500000014901161,CXOG J151644.4+070117,VL0J151644.53+070118.9
16197,68.959298,J151644.80+070123.2,X,,XMMX J151644.8+070129,
16197,74.51927,SDSS J151645.60+070130.2,qX,3.700000047683716,CXOX J151645.6+070128,
16197,81.205401,J151651.21+070018.2,X,,CXOG J151651.2+070018,
16197,82.742323,J151641.17+065929.0,X,0.10000000149011612,XMMX J151641.0+065924,
16197,85.069509,SDSS J151650.49+070103.4,qX,1.2999999523162842,XMMX J151650.4+070103,
16197,89.376117,J151641.15+070113.1,X,,XMMX J151641.0+070113,
16197,94.201877,J151651.37+070059.3,X,,CXOG J151651.3+070059,
16197,97.921536,J151641.77+065857.8,X,1.2999999523162842,XMMX J151641.9+065859,
16197,107.87315,J151639.52+065921.0,X,,XMMX J151639.4+065923,
16197,119.590825,J151640.13+070141.2,X,0.6000000238418579,1RXH J151640.4+070143,
16197,121.559767,J151637.59+070012.0,X,1.399999976158142,XMMX J151637.7+070015,
16197,127.617323,J151637.50+065941.2,X,1.5,XMMX J151637.7+065943,
16197,143.083388,J151641.66+070225.2,X,0.20000000298023224,1RXH J151641.6+070214,
16197,149.869209,J151636.99+070129.3,X,0.6000000238418579,XMMX J151637.1+070129,
5866,131.527976,WISEA J132040.33-140359.5,q,1.399999976158142,,
16198,24.33544,MCG 4-37-016,AR,0.023000000044703484,,FIRST J153926.0+245637
16203,73.102926,SDSS J234850.12+041040.6,Q,1.9040000438690186,,
16203,156.460268,SDSS J234850.90+041230.2,Q,2.8420000076293945,,
5873,118.486078,SDSS J105156.85+510151.1,Q,1.8220000267028809,,
5873,157.326083,SDSS J105201.08+510146.3,Q,1.284999966621399,,
5884,50.491631,UGC 5130,NR,0.024000000208616257,,NVSS J093744.0+024533
5884,179.678768,SDSS J093757.03+024447.2,Q,0.5619999766349792,,
16222,37.825659,J023126.95-574503.4,X,,4XMM J023126.9-574503,
16224,127.302269,WISEA J043528.50-122738.9,qX,0.8999999761581421,2SXPS J043528.4-122736,
16225,147.213549,WISEA J052931.63-762825.5,q,1.600000023841858,,
16226,120.484823,J080737.38+042921.1,X,,2SXPS J080737.5+042918,
16228,170.697781,SDSS J102542.72+142027.1,Q,2.4049999713897705,,
5895,26.542214,J072904.01+335204.8,X,,4XMM J072903.8+335204,
5895,97.989687,J072903.50+335316.4,X,,4XMM J072903.4+335316,
16230,82.025561,MCG 6-28-041,N,0.03999999910593033,,
16230,178.744395,SDSS J125442.28+352130.4,Q,1.3830000162124634,,
16233,176.447198,SDSS J160247.43+265954.7,Q,1.0119999647140503,,
16233,178.277079,SDSS J160308.10+265812.9,Q,2.6459999084472656,,
5898,59.14281,SDSS J122303.50+103640.5,qX,0.20000000298023224,CXOG J122303.5+103640,
5898,106.488969,J122311.91+103603.7,X,,CXOG J122311.9+103603,
5898,149.259618,SDSS J122307.51+103448.1,QX,2.759000062942505,CXOG J122307.5+103448,
5898,164.607302,J122317.14+103814.1,X,,4XMM J122317.1+103813,
5898,178.922506,SDSS J122310.29+103426.1,qX,1.100000023841858,CXOG J122310.3+103426,
16236,96.118591,SDSS J210358.40-122807.7,qRX,2.0999999046325684,2XMM J210358.4-122806,VL0J210358.41-122807.2
16238,26.349616,SDSS J012621.80+095412.0,Q,2.5820000171661377,,
16238,55.373559,SDSS J012624.55+095522.8,Q,1.6440000534057617,,
5903,164.969835,SDSS J014015.38+054547.4,Q,0.8930000066757202,,
5907,0.158649,UGC 5026,NR,0.014000000432133675,,FIRST J092639.7+455049
16246,63.469617,WISEA J142603.31+302752.7,q,1.0,,
16247,163.489552,WISEA J145326.23+080947.6,q,0.6000000238418579,,
5915,160.779411,WISEA J103522.39-263648.9,q,0.30000001192092896,,
16255,132.909862,WISEA J044151.11-084219.5,q,0.8999999761581421,,
5916,119.75197,WISEA J130039.34+481710.2,qR,0.20000000298023224,,FIRST J130039.3+481710
5916,143.295253,SDSS J130021.92+482025.9,Q,1.9049999713897705,,
16256,0.328364,UGC 4452,NR,0.03099999949336052,,VL0J083110.21+093618.9
5917,102.164202,SDSS J132716.65+150613.5,A,0.2529999911785126,,
16259,43.87454,WISEA J120102.77-351215.9,q,0.30000001192092896,,
16260,162.862263,J121358.49-323114.9,R,,,NVSS J121358.4-323116
16261,92.353827,WISEA J122611.05+275133.5,q,2.4000000953674316,,
5922,72.9552,J044010.44+071947.7,X,1.899999976158142,CXOG J044010.3+071949,
5922,79.658133,J044003.75+072055.5,X,0.5,CXOG J044003.7+072056,
5922,89.109791,WISEA J044012.59+071945.4,qX,0.20000000298023224,CXOG J044012.7+071943,
16265,138.312761,WISEA J051340.77+072403.8,q,0.4000000059604645,,
16269,179.659043,SDSS J121952.62+275951.5,NR,0.1120000034570694,,VL0J121952.62+275951.6
5929,161.676064,SDSS J165138.82+192633.7,Q,1.440000057220459,,
5931,71.476644,SDSS J232004.68+081029.7,QX,1.590000033378601,2XMM J232004.6+081030,
5931,72.02409,J232013.78+080950.2,X,,CXOG J232013.7+080949,
5931,79.402426,SDSS J232011.62+080847.8,qX,1.2999999523162842,CXOG J232011.6+080847,
5931,110.820683,J232001.96+081035.5,X,,CXOG J232001.9+081035,
5931,126.910719,J232004.04+080812.7,X,0.10000000149011612,CXOG J232004.0+080812,
5931,138.602514,J232011.39+080742.8,X,2.4000000953674316,4XMM J232011.3+080742,
5931,176.346446,J232019.47+080834.9,X,0.10000000149011612,4XMM J232019.4+080835,
16277,0.281129,KUG 0312+013,NR,0.023000000044703484,,VL0J031505.33+013030.2
5934,26.22765,J115833.92+424336.4,X,,4XMM J115834.0+424336,
5934,154.256258,SDSS J115824.94+424600.5,qX,1.0,4XMM J115824.8+424559,
5935,128.424351,SDSS J142740.65+111816.3,Q,1.0889999866485596,,
5935,160.151863,SDSS J142731.97+111714.9,Q,0.9340000152587891,,
16282,31.327431,SDSS J082720.70+374706.7,QR2,0.8270000219345093,,FIRST J082720.7+374707
5937,154.605439,J221150.36-335501.3,X,,2RXS J221151.2-335509,
16284,140.194054,SDSS J102501.60+581103.8,Q,1.5049999952316284,,
16284,148.897745,SDSS J102500.82+580649.6,Q,1.2410000562667847,,
16284,151.7345,SDSS J102521.74+581059.3,Q,2.7300000190734863,,
16285,170.998476,SDSS J102723.40-031345.1,qX,0.5,2XMM J102723.5-031343,
5939,152.838685,WISEA J233839.63+271647.6,q,0.20000000298023224,,
5941,163.780514,WISEA J031611.47-053010.4,q,0.800000011920929,,
16290,49.65581,SDSS J141130.14+355438.8,Q,2.802000045776367,,
16290,100.474143,WISEA J141137.08+355400.4,q,2.799999952316284,,
5943,177.768212,WISEA J063151.91-675451.2,q,0.8999999761581421,,
16291,165.689175,WISEA J161042.88+272907.9,q,1.0,,
5947,53.512394,SDSS J161836.09+153313.5,AR,1.3600000143051147,,VL0J161836.12+153313.6
5948,70.157178,SDSS J231310.74+062448.9,Q,2.619999885559082,,
16298,169.118259,SDSS J010854.76+322803.4,Q,2.6689999103546143,,
5953,75.953777,WISEA J135234.33+244352.6,q,0.6000000238418579,,
5956,0.046495,MCG -3-58-007,ARX,0.03099999949336052,2XMM J224937.0-191627,VL0J224937.14-191625.9
5957,166.842101,WISEA J031556.62+370413.7,q,1.7000000476837158,,
5959,179.744115,WISEA J125410.65-090506.9,q,0.20000000298023224,,
16313,113.556105,SDSS J012943.26-020031.7,Q,1.409999966621399,,
16314,145.43466,J013442.98-363249.5,X,,2XMMi J013443.0-363248,
16314,176.743171,J013428.51-362825.5,X,,4XMM J013428.4-362824,
5962,3.575679,NGC 6552,ARX,0.027000000700354576,XMMX J180007.8+663653,NVSS J180007.3+663654
5962,115.913038,J175952.07+663806.7,X,,4XMM J175952.0+663807,
5963,82.156135,WISEA J214943.95-592037.1,q,0.8999999761581421,,
16318,115.778618,SDSS J090531.13+281417.6,Q,0.36500000953674316,,
16318,139.114387,SDSS J090518.59+281708.8,Q,2.2290000915527344,,
5964,107.392813,SDSS J011122.36+330521.9,QX,2.0190000534057617,2XMM J011122.3+330522,
5964,169.808994,SDSS J011117.65+330939.8,QX,1.746999979019165,4XMM J011117.7+330940,
16320,99.74654,SDSS J110613.26+432022.8,QX,0.6710000038146973,4XMM J110613.3+432023,
16320,151.193837,SDSS J110550.83+432014.0,Q,2.0239999294281006,,
5965,82.015,J024331.63+321630.4,X,0.5,4XMM J024331.6+321630,
5968,53.461159,WISEA J073724.56+193812.3,qX,2.4000000953674316,2RXS J073723.4+193810,
5968,134.955749,LAMOSTJ073719.95+194028.3,Q,0.3799999952316284,,
16326,139.173456,WISEA J224530.12-350724.2,q,1.399999976158142,,
5969,0.116747,UGC 4730,ARX,0.010999999940395355,4XMM J090158.4+600906,VL0J090158.39+600906.2
5969,74.40443,J090202.49+601014.0,X,,4XMM J090202.4+601014,
5974,84.15772,J095626.21+271402.5,X,0.6000000238418579,4XMM J095626.1+271402,
5974,102.24149,J095624.01+271211.0,X,,4XMM J095623.9+271210,
5975,145.695216,J104934.31+161455.6,R,,,NVSS J104934.3+161456
5975,156.079407,SDSS J104926.02+161540.9,Q,2.5880000591278076,,
16334,59.247474,WISEA J084332.35+651039.2,q,1.2999999523162842,,
16335,88.265775,SDSS J091937.63+332707.9,Q,1.7519999742507935,,
5980,83.056982,WISEA J154837.13+692244.2,q,2.0999999046325684,,
5980,106.823429,WISEA J154831.16+692132.5,q,2.0999999046325684,,
5980,172.551278,WISEA J154818.59+692559.4,q,0.20000000298023224,,
16340,136.270276,SDSS J161606.83+602356.6,Q,2.132999897003174,,
16341,73.257089,SDSS J161655.46+354234.9,Q,1.406999945640564,,
5983,150.530159,WISEA J200113.29-523713.7,q,1.2999999523162842,,
5984,105.939261,WISEA J011025.74-523209.6,q,1.7000000476837158,,
5986,105.98111,J020049.96-250322.0,X,,4XMM J020049.9-250321,
5986,142.255486,J020049.64-245913.9,X,,4XMM J020049.6-245915,
16346,148.943894,SDSS J235000.42+284216.7,Q,1.5720000267028809,,
16347,40.292387,SDSS J000507.46-034741.4,Q,2.117000102996826,,
16347,57.724997,SDSS J000511.41-034818.3,Q,1.7089999914169312,,
16349,13.275572,SDSS J012854.08+134724.6,qR,1.600000023841858,,NVSS J012853.0+134714
16349,82.103319,SDSS J012856.22+134622.5,Q,0.6430000066757202,,
16350,124.737892,WISEA J064842.29-471807.0,q,1.5,,
16352,147.514883,J073137.21+631215.9,R,1.0,,VL0J073137.19+631215.8
16352,162.385177,WISEA J073206.61+631336.8,q,1.399999976158142,,
5994,0.195952,ESO 254-17,NRX,0.03799999877810478,XMMSL J060635.9-472956,SUMSS J060635.8-472953
5995,81.96953,WISEA J103215.93-091318.7,q,1.2999999523162842,,
16355,133.909804,MCG 2-31-017,AR,0.04100000113248825,,NVSS J120328.2+082207
5999,126.618166,SDSS J133322.81+330412.6,Q,1.2990000247955322,,
5999,165.603355,SDSS J133317.19+330345.8,Q,1.1009999513626099,,
6001,177.093023,WISEA J192343.83+555628.9,q,2.200000047683716,,
16367,162.357444,WISEA J040728.67+132637.9,q,1.100000023841858,,
16368,94.501769,WISEA J073738.19+213911.8,qX,0.4000000059604645,4XMM J073738.1+213912,
16368,153.07113,SDSS J073743.31+214037.9,QX,2.444999933242798,4XMM J073743.2+214037,
16368,153.365436,SDSS J073748.20+213549.8,Q,2.677999973297119,,
6007,151.535708,SDSS J140207.65+074137.1,Q,1.725000023841858,,
6008,0.057978,UGC 9400,AR,0.028999999165534973,,VL0J143620.38+051951.6
16371,34.360378,J135209.21-103704.2,R,,,NVSS J135209.2-103704
6010,0.20368,IC 168,A,0.017999999225139618,,
6010,154.735321,SDSS J015037.09-083018.1,Q,2.303999900817871,,
16374,31.586146,WISEA J205833.48-321109.7,q,1.100000023841858,,
6012,0.128097,NGC 3996,NR,0.023000000044703484,,NVSS J115746.3+141751
16380,85.541831,SDSS J081906.65+205546.2,ARX,0.3190000057220459,CXOG J081906.6+205546,FIRST J081906.6+205545
6019,125.280408,SDSS J102910.52+601655.1,Q,1.9420000314712524,,
6019,147.576635,J102943.31+601856.9,R,,,VL0J102943.34+601857.1
16383,110.010438,SDSS J230247.64+215417.4,Q,1.284999966621399,,
16384,137.342995,SDSS J235256.90+284406.6,Q,1.5460000038146973,,
16385,93.754546,SDSS J015414.80+333159.7,Q,1.1410000324249268,,
6026,1.851233,IC 1833,N,0.017000000923871994,,
6026,150.810387,WISEA J024137.12-281246.0,q,0.4000000059604645,,
16389,36.943684,WISEA J101013.91-065419.8,q,0.8999999761581421,,
16390,96.207736,J103610.28-272850.7,X,,2XMM J103610.3-272849,
6030,48.493073,J082337.97+212600.6,X,,CXOG J082337.9+212600,
6030,57.927692,SDSS J082338.07+212531.0,qX,1.2999999523162842,CXOG J082338.0+212530,
6030,94.751978,SDSS J082347.92+212632.9,QX,1.781000018119812,CXOG J082347.8+212632,
6030,100.782188,SDSS J082334.22+212601.1,QX,0.6349999904632568,CXOG J082334.2+212600,
6030,170.163361,J082347.22+212335.4,X,,CXOG J082347.2+212335,
16393,156.850107,WISEA J110939.06-150145.0,q,0.6000000238418579,,
6032,148.97586,2SLAQ J104210.03-002107.3,N,0.1289999932050705,,
6032,164.421644,J104208.45-002115.4,R,0.5,,VL0J104208.45-002115.3
6033,0.248443,NGC 4614,ARX,0.01600000075995922,2SXPS J124131.5+260232,FIRST J124131.4+260233
16402,122.435837,SDSS J000355.00+105034.0,Q,2.1080000400543213,,
16402,128.486892,SDSS J000404.49+105321.5,Q,0.7699999809265137,,
16405,43.803567,SDSS J022855.36+002130.6,QX,0.675000011920929,CXOG J022855.3+002131,
16405,79.702756,DEEP J022850.94+002116.9,QX,0.550000011920929,CXOG J022850.9+002117,
16405,90.689384,SDSS J022900.69+002225.6,QX,2.4130001068115234,CXOG J022900.7+002226,
16405,132.466173,DEEP J022855.83+002424.7,A,0.7549999952316284,,
16405,174.666824,J022905.63+002113.0,X,0.699999988079071,CXOG J022905.6+002112,
6045,104.745902,SDSS J080535.77+464311.8,Q,1.2740000486373901,,
6045,124.316127,SDSS J080516.06+464330.5,Q,1.2860000133514404,,
6045,179.370941,SDSS J080510.20+464331.3,Q,0.7630000114440918,,
16409,59.973703,SDSS J103536.76+283446.2,Q,1.4390000104904175,,
6047,168.695556,SDSS J113938.37+203005.4,Q,2.628000020980835,,
16411,105.801896,SDSS J154027.92+170850.6,qX,1.0,4XMM J154027.9+170850,
16411,140.633529,SDSS J154030.27+170953.8,QX,2.4830000400543213,4XMM J154030.3+170954,
16412,91.794774,SDSS J163951.20+370926.9,Q,1.034000039100647,,
6051,109.006059,WISEA J050631.95-315829.9,qX,2.299999952316284,CXOG J050631.9-315830,
6051,144.942016,J050614.71-315752.4,X,,CXOG J050614.6-315752,
6051,156.332253,J050626.00-315438.9,X,,CXOG J050625.9-315439,
16416,96.750849,SDSS J231437.70+250802.0,Q,1.9040000438690186,,
6052,87.702938,J095428.72-011615.2,X,,2RXP J095428.5-011617,
16417,134.819542,WISEA J234211.29+041942.9,q,0.4000000059604645,,
16419,28.045252,J001726.28-005815.6,X,,4XMM J001726.2-005815,
16419,85.616135,SDSS J001723.91-010003.4,QX,1.8539999723434448,4XMM J001723.8-010003,
16419,91.059332,SDSS J001728.91-010001.4,QX,0.9110000133514404,2XMMi J001728.9-005959,
16419,158.095863,J001732.76-005643.7,X,,4XMM J001732.7-005643,
16419,167.344504,J001735.42-005717.1,R,,,VL0J001735.43-005717.1
6057,170.885393,WISEA J074656.12-694217.2,q,0.30000001192092896,,
16423,51.726914,WISEA J051628.26+062459.0,qX,2.4000000953674316,CXOG J051628.2+062459,
16423,67.309043,WISEA J051631.23+062309.7,qX,1.2999999523162842,CXOG J051631.2+062310,
6060,93.734013,SDSS J115025.06+503159.6,QX,0.652999997138977,2SXPS J115024.8+503157,
6060,116.245118,SDSS J115023.30+503104.1,Q,1.8380000591278076,,
16425,66.15042,SDSS J132027.63+320109.9,Q,3.2269999980926514,,
16425,92.033532,SDSS J132028.62+315844.7,Q,2.315000057220459,,
16425,131.124764,WISEA J132022.84+320145.9,q,0.8999999761581421,,
16427,176.164932,WISEA J145131.16-133234.1,q,1.600000023841858,,
6063,145.18461,J125509.03-122747.0,X,1.0,4XMM J125509.0-122746,
16429,120.096955,WISEA J222012.09-155454.6,q,1.600000023841858,,
16430,137.23518,J224052.51-080722.4,R,0.10000000149011612,,FIRST J224052.4-080723
6065,0.242739,NPM1G+41.0135,AR,0.02199999988079071,,VL0J065509.97+410010.6
6066,0.184944,NGC 3205,NR,0.023000000044703484,,FIRST J102049.9+425818
6066,167.481941,SDSS J102036.37+425702.5,Q,1.9390000104904175,,
6067,132.613657,SDSS J120425.75+201045.4,A,0.5559999942779541,,
16435,154.800488,J113008.72-314512.3,X,,2SXPS J113008.3-314513,
6072,141.45253,SDSS J000036.13+282044.9,Q,1.7269999980926514,,
16439,0.317946,MCG 6-36-044,NRX,0.03200000151991844,2SXPS J162751.4+360921,FIRST J162751.3+360920
16439,24.03605,SDSS J162752.76+360937.3,A,0.15000000596046448,,
16439,120.149032,SDSS J162756.83+361100.3,Q,1.7899999618530273,,
6075,112.075323,SDSS J111556.64+413708.2,QX,1.1549999713897705,CXOX J111556.6+413708,
16441,178.098192,WISEA J182309.50-784050.5,q,0.699999988079071,,
6078,153.742447,SDSS J223443.04+055034.4,QX,1.0570000410079956,2RXS J223443.1+055033,
16445,178.520515,XXLS J233331.27-530006.8,QX,1.6440000534057617,4XMM J233331.2-530008,
6079,0.423332,ESO 540-1,ARX,0.027000000700354576,2XMM J003413.6-212618,VL0J003413.63-212618.4
6079,56.075503,J003417.51-212633.2,X,2.299999952316284,CXOG J003417.5-212633,
6079,115.116358,SDSS J003410.92-212430.1,qX,1.2999999523162842,2XMM J003410.9-212431,
16446,156.861635,LAMOSTJ013639.40+395305.7,Q,1.2970000505447388,,
6081,0.054158,ESO 116-18,NRX,0.017999999225139618,4XMM J032453.0-604418,SUMSS J032453.3-604419
16451,165.260511,SDSS J153554.09+384316.3,Q,1.309999942779541,,
16451,174.780403,SDSS J153608.76+384035.4,Q,1.4769999980926514,,
6085,111.687059,J125313.46-272606.9,R,1.5,,VL0J125313.45-272606.4
16452,109.727759,SDSS J155945.66+370403.4,N,0.24199999868869781,,
16452,158.220599,SDSS J155940.21+365955.7,Q,0.9359999895095825,,
16453,61.60063,WISEA J170302.73+403058.5,q,2.299999952316284,,
16453,77.847017,SDSS J170304.72+403142.8,Q,2.3589999675750732,,
16453,104.781717,J170253.08+403257.1,R,0.10000000149011612,,VL0J170253.09+403257.3
16453,150.050242,WISEA J170305.05+403335.0,q,0.30000001192092896,,
16454,154.998116,SDSS J170312.12+462456.2,Q,1.7519999742507935,,
16455,59.968023,WISEA J180919.24+543041.1,q,1.5,,
6090,175.260229,WISEA J120527.30+211203.4,q,0.6000000238418579,,
6091,167.673097,J122348.89+173202.9,R,,,VL0J122348.89+173203.0
6094,57.448747,WISEA J164705.17+582554.4,qX,0.699999988079071,2RXP J164704.1+582559,
16461,43.974204,SDSS J022306.29-014435.5,Q,1.0329999923706055,,
6096,126.312424,WISEA J223840.53+341407.3,q,0.699999988079071,,
16464,141.148699,WISEA J042352.16-092335.8,q,0.8999999761581421,,
6097,65.055228,SDSS J231804.12-002316.4,N,0.11599999666213989,,
6098,56.26457,SDSS J003641.04+213349.4,Q,1.503000020980835,,
6098,87.423612,SDSS J003641.22+213249.8,Q,2.3959999084472656,,
16466,66.899137,SDSS J101253.30+303411.1,Q,2.0339999198913574,,
16466,172.344906,SDSS J101303.11+303501.3,Q,2.609999895095825,,
6101,132.166256,SDSS J125718.82-032821.0,QR,1.75,,FIRST J125718.8-032821
6102,0.421741,UGC 8872,A,0.017999999225139618,,
6104,0.151683,NGC 671,NR,0.017999999225139618,,NVSS J014659.2+130729
6104,85.721216,SDSS J014654.15+130815.3,Q,1.274999976158142,,
6104,138.349518,SDSS J014654.20+130928.3,Q,2.36299991607666,,
6104,172.565286,SDSS J014705.75+130953.5,Q,1.218000054359436,,
6104,178.21676,SDSS J014647.56+130634.5,Q,1.2070000171661377,,
16474,163.426277,WISEA J210640.04-161119.0,q,1.600000023841858,,
16475,61.122619,SDSS J220529.34-003110.7,QX,2.4600000381469727,4XMM J220529.2-003110,
6107,147.158015,SDSS J091443.47+465530.4,Q,1.975000023841858,,
6107,170.49226,SDSS J091511.78+465453.1,Q,2.299999952316284,,
16480,0.240603,MCG 2-04-025,ARX,0.03099999949336052,CXOG J012002.6+142142,NVSS J012002.6+142142
16480,5.36792,J012002.36+142145.3,X,,CXOG J012002.3+142144,
6112,0.598209,UGC 4765,NRX,0.027000000700354576,2SXPS J090554.6+471040,FIRST J090554.4+471044
6112,143.227106,SDSS J090550.74+470828.0,QX,0.7080000042915344,2SXPS J090550.9+470827,
6112,173.590994,SDSS J090602.99+470815.4,Q2,1.6749999523162842,,
6114,141.958405,WISEA J155358.50+785846.9,q,1.2999999523162842,,
6115,128.89227,SDSS J001056.79+332034.7,Q,2.4590001106262207,,
16485,77.438783,SDSS J145259.56+365511.5,Q,1.9900000095367432,,
16485,126.475323,SDSS J145256.27+365435.7,Q,0.5910000205039978,,
6116,176.463006,WISEA J065009.85+430249.0,q,1.2000000476837158,,
16486,147.94561,SDSS J150950.05-113540.8,qR,0.4000000059604645,,NVSS J150949.9-113541
6118,69.315562,SDSS J110716.29+061659.5,Q,2.697000026702881,,
16487,166.376137,SDSS J154804.95+174542.2,A,0.5080000162124634,,
16493,72.251164,J233827.07+265015.9,X,0.10000000149011612,4XMM J233826.9+265015,
16496,96.589273,SDSS J025010.44+034811.5,Q,2.4860000610351562,,
6130,153.389199,WISEA J195750.83-325715.7,q,1.399999976158142,,
16505,170.506437,SDSS J144305.19+064137.7,Q,2.6440000534057617,,
6134,0.328086,PGC 3082686,AR,0.027000000700354576,,VL0J164449.48-130207.1
6143,173.015962,WISEA J215847.45+072511.3,q,0.20000000298023224,,
6145,1.173469,IC 1859,NRX,0.019999999552965164,2XMM J024904.0-311021,SUMSS J024903.9-311021
6145,34.879387,J024901.73-311000.3,X,,2XMM J024901.6-311000,
6145,139.302245,J024854.92-311139.1,X,,4XMM J024854.8-311139,
6145,166.750821,J024851.15-310949.8,X,,2XMM J024851.1-310949,
16517,0.313672,MCG 5-27-052,N,0.03200000151991844,,
16517,125.733685,SDSS J111821.94+281140.5,Q,2.515000104904175,,
16517,148.615172,SDSS J111823.56+281126.1,Q,1.6430000066757202,,
6149,0.386367,IC 4709,NX,0.017000000923871994,2SXPS J182419.3-562208,
16521,21.891255,SDSS J143926.32+115528.4,QX,3.0429999828338623,4XMM J143926.3+115528,
16521,87.804022,SDSS J143933.14+115608.7,qX,2.200000047683716,4XMM J143933.2+115608,
16521,175.446327,SDSS J143939.33+115530.0,QX,0.9179999828338623,4XMM J143939.4+115529,
6150,173.642434,SDSS J031257.10-001927.8,Q,1.4190000295639038,,
16522,16.258798,SDSS J171707.91+405039.8,qR,1.0,,NVSS J171707.3+405038
16522,152.288178,SDSS J171705.97+404809.6,Q,0.5070000290870667,,
16522,156.278569,SDSS J171658.30+405247.5,Q,2.2639999389648438,,
16522,178.685243,J171717.89+404838.5,X,0.8999999761581421,2SXPS J171717.8+404839,
6151,150.906573,SDSS J074932.11+434745.2,Q,2.1600000858306885,,
6152,84.34523,SDSS J092015.68+391014.0,BRX,0.6069999933242798,2SXPS J092015.7+391018,VL0J092015.70+391014.0
6152,170.062255,SDSS J091959.79+391200.4,Q,1.5529999732971191,,
6153,0.150542,NGC 3362,ARX,0.02800000086426735,4XMM J104451.7+063548,VL0J104451.72+063548.6
6153,103.043093,J104458.33+063619.0,X,0.6000000238418579,4XMM J104458.2+063618,
16526,173.207304,WISEA J014749.10-133242.9,q,1.0,,
16527,162.645964,WISEA J021144.10-631718.3,qRX,1.399999976158142,2XMM J021144.0-631716,SUMSS J021144.5-631717
16528,134.405178,WISEA J022601.68-201753.2,q,1.600000023841858,,
6158,46.906604,SDSS J232852.14+294341.7,A,0.16599999368190765,,
6161,161.466095,WISEA J103413.80-342144.2,q,1.399999976158142,,
16534,79.725082,SDSS J122011.07+333844.3,QX,1.069000005722046,4XMM J122011.0+333844,
16534,97.799365,WISEA J122021.18+333828.7,q,0.5,,
16534,124.817654,J122014.40+334143.0,X,,CXOG J122014.5+334142,
16534,146.212403,NGC 4395 UB1,QX,1.2690000534057617,4XMM J122004.3+334013,
6162,129.25456,WISEA J235418.86-133306.3,q,1.5,,
16536,0.102942,MCG 9-21-084,N,0.029999999329447746,,
16536,119.10327,SDSS J130115.41+535337.1,Q,1.5750000476837158,,
16540,171.975532,WISEA J210823.09+180844.4,q,2.0999999046325684,,
6167,142.999568,WISEA J163905.82+574540.0,qX,0.6000000238418579,2RXS J163908.1+574525,
16541,145.34853,SDSS J232625.39+021912.1,Q,1.7940000295639038,,
16542,85.04916,J233823.54+265404.6,X,,2RXP J233823.6+265411,
16542,105.024627,SDSS J233810.70+265324.5,QX,1.8040000200271606,2XMM J233810.7+265324,
6170,50.987869,SDSS J020404.46+305039.2,Q,1.3079999685287476,,
6172,91.910003,SDSS J023115.96+011451.4,Q,2.2790000438690186,,
6172,175.72337,SDSS J023119.11+011341.2,Q,1.7410000562667847,,
16548,133.687765,SDSS J114950.44-033754.0,Q,1.0670000314712524,,
6175,173.481143,WISEA J121216.48-420431.5,q,0.699999988079071,,
16551,115.844663,SDSS J162852.23+403119.9,Q,1.75600004196167,,
6177,171.901812,SDSS J002505.25+125336.0,Q,2.315000057220459,,
6179,40.410886,J061507.58+710731.8,X,,2XMM J061507.6+710730,
16558,175.659917,SDSS J003836.43+172122.0,A,0.2540000081062317,,
16559,134.521624,J004236.72-233813.0,X,,CXOG J004236.7-233812,
16560,151.909202,WISEA J012639.10+395508.3,q,0.10000000149011612,,
6184,149.630457,WISEA J212612.47+140830.4,q,2.200000047683716,,
6186,79.192078,MCG 3-23-033,N,0.027000000700354576,,
16564,175.008793,SDSS J073602.56+242711.3,Q,2.236999988555908,,
6187,73.848355,SDSS J100216.78+134246.4,Q,1.8420000076293945,,
16565,0.182821,IRASF 08417-1351,ARX,0.02800000086426735,XMMSL J084406.5-140215,VL0J084406.47-140212.8
6188,160.201744,SDSS J113923.47+261630.5,Q,1.0529999732971191,,
16566,0.173231,CGCG 122-55,ARX,0.020999999716877937,2SXPS J094204.7+234107,FIRST J094204.7+234107
6190,139.677595,WISEA J132518.18-334616.4,qR,2.200000047683716,,VL0J132518.16-334615.7
16569,150.771463,SDSS J110001.90+460645.3,Q,1.0839999914169312,,
16569,178.731375,SDSS J110008.13+460158.7,Q,2.131999969482422,,
6192,160.911471,WISEA J194830.53+581626.3,q,2.4000000953674316,,
6193,133.385297,J203946.60+015942.2,R,1.899999976158142,,VL0J203946.58+015942.3
16572,85.887389,SDSS J120710.21+330108.4,Q,1.5049999952316284,,
16572,125.972411,SDSS J120700.80+330106.0,Q,1.7170000076293945,,
16572,170.210005,SDSS J120711.16+330232.1,Q,0.6119999885559082,,
16573,161.889839,J125824.94+280747.9,X,,XMMX J125825.0+280749,
6195,105.526497,SDSS J020317.78+320622.0,Q,1.6419999599456787,,
16574,152.141421,SDSS J130655.54+580857.6,Q,2.450000047683716,,
6196,167.850277,WISEA J022731.86+254254.7,q,1.7999999523162842,,
16575,83.367632,SDSS J132412.23+153418.2,Q,0.7850000262260437,,
16578,161.090347,SDSS J151043.38+410535.5,Q,2.555000066757202,,
16578,171.542352,SDSS J151051.13+410253.6,Q,1.6820000410079956,,
6201,0.116879,ESO 25-2,ARX,0.028999999165534973,2SXPS J185440.6-785353,SUMSS J185441.7-785357
6202,95.14897,WISEA J200951.07-371819.5,q,0.4000000059604645,,
6202,144.554494,J200959.58-371910.8,R,,,VL0J200959.44-371910.2
16583,137.376292,J003030.98-372145.0,R,,,VL0J003030.97-372145.2
16584,42.857341,J024347.48+322939.1,X,1.100000023841858,4XMM J024347.5+322939,
16584,48.509819,J024345.90+322901.4,X,,4XMM J024345.9+322901,
6205,137.111328,J163225.22+823222.7,RX,,CXOX J163224.0+823222,VL0J163225.12+823222.2
6205,141.131366,NGC 6251,NX,0.024000000208616257,CXOG J163231.8+823216,
16586,38.415854,WISEA J033251.77-422307.4,q,2.0999999046325684,,
16586,111.958714,WISEA J033302.75-422259.9,q,0.30000001192092896,,
16586,132.492767,WISEA J033248.44-422542.3,q,1.600000023841858,,
6206,119.711211,SDSS J235215.81+311808.3,Q,3.3480000495910645,,
6206,143.476287,SDSS J235201.21+311505.0,Q,2.2790000438690186,,
6206,175.475656,SDSS J235221.19+311456.8,QR,1.8969999551773071,,VL0J235221.14+311456.9
6206,176.972913,SDSS J235202.19+311408.8,Q,1.6080000400543213,,
16589,118.683957,LAMOSTJ100610.20+135911.2,Q,1.315999984741211,,
16589,178.76651,SDSS J100615.42+135528.5,Q,1.440000057220459,,
6207,0.653207,MCG 9-18-084,NR,0.020999999716877937,,NVSS J110638.5+532205
6207,87.082254,SDSS J110648.26+532158.3,Q,1.406999945640564,,
6207,145.059797,SDSS J110653.72+532252.0,Q,1.7589999437332153,,
6207,167.749511,SDSS J110629.34+531935.1,Q,1.4079999923706055,,
16590,58.222075,J104111.85+062115.8,X,,2XMM J104111.7+062116,
16590,171.076742,J104113.19+061920.5,X,0.30000001192092896,2SXPS J104113.2+061919,
6208,104.955906,SDSS J111019.66+365648.0,Q,1.4839999675750732,,
16591,83.244799,SDSS J125018.46+480540.9,Q,2.063999891281128,,
6209,96.622269,WISEA J111103.12+283232.8,qX,1.0,4XMM J111103.1+283232,
6209,102.56781,SDSS J111053.11+283101.6,Q,3.2109999656677246,,
6209,131.806304,PGC 1837891,N,0.03500000014901161,,
6209,156.980851,J111103.55+283437.4,X,,4XMM J111103.4+283435,
16592,76.201539,SDSS J131054.28+500501.4,Q,1.6790000200271606,,
16592,125.957907,SDSS J131100.05+500537.6,Q,1.3960000276565552,,
6210,18.446103,J140308.68-340142.6,R,,,VL0J140308.61-340145.8
6210,60.522995,J140308.92-340257.4,X,,4XMM J140308.9-340257,
6212,47.41075,SDSS J012622.38-013756.2,QRX,0.8709999918937683,2RXP J012622.1-013748,FIRST J012622.3-013755
16596,128.892455,SDSS J232814.41+345235.9,Q,2.3350000381469727,,
16596,169.973349,SDSS J232810.23+345415.7,Q,1.218000054359436,,
6213,119.762423,WISEA J094657.67+160209.5,q,1.5,,
16597,177.953368,WISEA J234046.39+253629.9,q,0.10000000149011612,,
6215,92.755482,WISEA J205941.00+020857.7,q,2.0,,
6218,129.095748,WISEA J100608.59-160835.6,q,2.0999999046325684,,
6219,69.426583,J111804.63+075019.8,X,,4XMM J111804.6+075020,
6219,91.62591,SDSS J111803.69+074926.1,qX,2.5999999046325684,2XMM J111803.7+074925,
6220,40.62684,J115645.71+481943.0,R,0.20000000298023224,,VL0J115645.71+481943.3
6220,87.65315,SDSS J115642.63+481834.6,qX,1.0,CXOG J115642.6+481834,
6220,122.007696,SDSS J115654.24+482017.9,QX,0.8420000076293945,CXOG J115654.1+482017,
16605,0.104201,MCG 3-28-045,AR,0.029999999329447746,,VL0J110003.88+172528.0
6221,133.472138,J120504.47-035515.2,X,2.0999999046325684,CXOG J120504.5-035513,
6222,24.23731,J121756.53+071103.6,X,,4XMM J121756.6+071104,
6222,112.25721,SDSS J121801.80+070931.1,qX,2.0999999046325684,4XMM J121801.7+070930,
16608,54.308273,J124248.22+102219.2,R,,,FIRST J124248.1+102219
16608,107.588728,SDSS J124251.69+101945.7,AR,0.4569999873638153,,VL0J124251.71+101945.8
16610,110.148598,SDSS J135435.47+382848.2,Q,2.305000066757202,,
16610,117.298149,SDSS J135433.64+382502.2,Q,1.253000020980835,,
16610,170.250243,SDSS J135442.09+382428.4,Q,1.1119999885559082,,
6230,138.869739,PGC 1438113,N,0.07800000160932541,,
6230,170.596557,SDSS J075414.67+134641.6,Q,2.3399999141693115,,
6231,0.594853,UGC 5012,NR,0.014000000432133675,,VL0J092514.05+173556.2
16618,169.697966,WISEA J001948.67-062004.2,q,0.800000011920929,,
6233,64.271058,MALS1716-0613,QR,1.840000033378601,,VL0J171627.08-061355.9
16619,47.576455,SDSS J012414.10+010209.9,Q,1.1200000047683716,,
16619,120.407234,SDSS J012406.94+010310.6,Q,0.7889999747276306,,
16620,75.682736,WISEA J065430.31+853927.5,q,0.4000000059604645,,
6236,152.520234,SDSS J024923.20-005437.7,QR,0.9549999833106995,,FIRST J024923.2-005436
6237,144.869857,WISEA J055052.64-180817.3,q,0.30000001192092896,,
16623,76.312793,J093405.32+100152.3,X,,4XMM J093405.2+100152,
16623,95.844348,J093356.45+100305.0,X,,4XMM J093356.3+100303,
16623,112.959531,SDSS J093405.98+100300.1,qX,1.0,4XMM J093405.9+100259,
16623,164.084969,J093352.63+100346.9,R2,0.5,,VL0J093352.61+100347.2
6239,163.283627,WISEA J103630.84+134115.0,q,0.6000000238418579,,
16627,90.483699,WISEA J133952.51+164826.4,q,0.10000000149011612,,
6242,159.680253,SDSS J171539.97+420237.8,Q,1.430999994277954,,
16630,142.201382,WISEA J225636.12+361511.1,q,1.0,,
16631,142.47141,WISEA J014256.31-542916.2,q,1.600000023841858,,
6246,0.133746,NGC 78B,AR,0.017999999225139618,,FIRST J002027.5+005001
6246,140.400677,SDSS J002018.14+005004.5,Q,1.0980000495910645,,
16634,53.864971,WISEA J071118.18+310928.7,q,0.699999988079071,,
6250,179.958644,SDSS J004211.15+004757.8,Q,1.8580000400543213,,
16639,108.020022,SDSS J084233.29+424944.7,Q,0.6079999804496765,,
16639,140.468148,SDSS J084244.77+425102.9,N,0.5099999904632568,,
16640,0.311537,MCG 1-27-020,N,0.012000000104308128,,
6252,0.112317,NGC 526A,ARX,0.01899999938905239,CXOG J012354.3-350355,VL0J012354.37-350355.0
6252,94.016476,J012359.23-350242.9,X,,4XMM J012359.2-350244,
6252,97.069588,Q 0121-3518,QX,2.1600000858306885,4XMM J012401.2-350307,
6252,149.797919,J012403.52-350534.7,X,,4XMM J012403.4-350534,
16641,132.639991,SDSS J120326.28+471938.0,Q,3.0399999618530273,,
16642,67.255218,SDSS J122038.72+521628.0,Q,1.8569999933242798,,
16642,173.276413,SDSS J122021.32+521720.4,Q,3.315000057220459,,
6255,163.495001,WISEA J055536.68-190349.0,q,1.7999999523162842,,
16646,115.96462,SDSS J150238.77+375512.7,Q,2.4189999103546143,,
6261,113.623528,J013452.50-363115.1,X,,2XMMi J013452.3-363115,
16654,70.36869,J021319.31-074334.5,X,1.2999999523162842,2SXPS J021319.4-074336,
16654,78.22271,SDSS J021325.24-074510.8,Q,1.8079999685287476,,
16654,152.00149,J021334.04-074403.7,X,1.399999976158142,2SXPS J021333.6-074406,
6266,0.213649,UGC 5037,ARX,0.026000000536441803,XMMSL J092718.5+230112,VL0J092718.49+230112.4
6266,133.825716,SDSS J092710.91+230235.8,Q,2.5820000171661377,,
6268,36.146887,SDSS J110949.64+621657.3,qR,1.100000023841858,,FIRST J110949.6+621657
6268,92.549679,SDSS J110938.51+621722.7,Q,2.5339999198913574,,
6268,137.851767,SDSS J111011.37+621714.2,Q,2.5160000324249268,,
16659,105.722016,SDSS J091425.80+354351.0,Q,2.072999954223633,,
6271,13.41952,J173632.40+680330.6,X,,XMMX J173632.2+680329,
6271,118.432867,SDSS J173609.94+680408.3,qX,2.200000047683716,2RXP J173610.5+680403,
6273,50.630624,SDSS J232012.29+075645.6,Q,2.000999927520752,,
6273,145.676877,SDSS J232021.34+075706.7,NX,0.2290000021457672,XMMX J232021.4+075706,
6275,109.084435,J093350.06+810902.3,2,,,
6275,131.408625,J093347.79+810950.9,X,,2RXP J093348.3+810942,
16670,176.997788,HAZ 25GB,Q,2.9200000762939453,,
6278,126.368958,WISEA J122008.55-402458.4,q,0.30000001192092896,,
16671,120.445853,2QZ J235912.7-314221,Q,1.6369999647140503,,
6280,0.279,MCG 1-35-014,AR,0.023000000044703484,,FIRST J133621.1+031951
6280,57.985266,2E 1333+0334,QX,0.8519999980926514,2RXS J133617.7+031927,
16673,59.119221,SDSS J020243.22+273503.4,Q,2.9519999027252197,,
16673,121.588677,SDSS J020237.02+273626.1,Q,1.7580000162124634,,
16675,50.298003,J024035.53-080821.3,X,0.20000000298023224,4XMM J024035.5-080821,
6286,0.497932,UGC 5185,NR,0.02800000086426735,,NVSS J094254.9+285852
6287,108.532483,J122937.84+140217.7,X,,CXOG J122937.7+140218,
6287,171.433087,SDSS J122920.69+140422.8,AX,0.2549999952316284,CXO J122920.6+140421,
16679,136.679561,WISEA J051610.26-002257.5,qX,2.0999999046325684,4XMM J051610.3-002258,
16681,0.257041,MCG 10-13-024,NR,0.026000000536441803,,FIRST J085036.9+572134
6293,87.612998,SDSS J020543.26-051702.4,QX,0.6520000100135803,4XMM J020543.2-051701,
6295,47.375842,J072830.27+334937.5,X,1.600000023841858,4XMM J072830.3+334937,
16690,117.420244,SDSS J232114.63+002437.0,Q,1.8270000219345093,,
16690,125.756503,SDSS J232114.13+002510.5,Q,0.503000020980835,,
16692,10.57574,MARK 937,A,0.029999999329447746,,
16692,118.076978,WISEA J001005.99-044419.4,qX,0.699999988079071,2RXP J001006.6-044422,
16692,177.740994,SDSS J001021.07-044341.0,Q,3.3340001106262207,,
6300,135.20818,WISEA J200231.16-345157.3,q,1.7999999523162842,,
6301,126.410383,SDSS J233022.41+154542.0,Q,0.699999988079071,,
6302,103.689814,WISEA J020624.48+300045.6,q,0.5,,
6302,126.114465,SDSS J020629.40+295729.6,Q,1.4049999713897705,,
6302,153.033206,SDSS J020618.77+295906.2,QR,1.065000057220459,,VL0J020618.75+295906.3
6306,47.085294,J110637.14+200502.6,X,,CXOX J110637.1+200502,
6306,138.534907,SDSS J110648.82+200620.9,qX,0.20000000298023224,CXOG J110648.8+200620,
16703,92.025091,WISEA J200355.63-644726.9,q,0.4000000059604645,,
16707,158.298425,J025623.30+061649.2,X,,1WGA J0256.3+0616,
16708,179.060875,J052705.26-653410.5,X,,XMMX J052705.5-653410,
6312,85.318688,SDSS J103610.64+265713.3,N,0.02199999988079071,,
6312,142.202391,SDSS J103623.30+265934.9,Q,3.4700000286102295,,
16710,35.124934,J072140.30+554042.9,X,,4XMM J072140.3+554042,
6314,2.465507,NGC 6232,NRX,0.014999999664723873,2SXPS J164320.2+703757,NVSS J164320.1+703758
6314,77.568467,J164306.33+703832.2,X,0.800000011920929,2SXPS J164306.5+703832,
6314,140.306822,WISEA J164344.41+703909.3,q,1.5,,
6314,169.125673,WISEA J164347.33+703615.0,qX,0.800000011920929,2SXPS J164347.1+703614,
16711,161.729969,SDSS J084421.24+553510.3,Q,0.6570000052452087,,
16711,170.067608,SDSS J084437.91+553516.5,Q,2.430999994277954,,
6315,0.163014,MARK 334,ARX,0.02199999988079071,XMMSL J000309.3+215745,VL0J000309.59+215737.0
6315,88.127613,SDSS J000313.81+215842.6,Q,1.7380000352859497,,
16713,170.704296,SDSS J121950.33+284122.8,Q,2.2869999408721924,,
6317,120.771937,SDSS J025732.75-074331.5,Q,0.4729999899864197,,
6318,153.908718,SDSS J080944.88+575707.3,qR,0.4000000059604645,,VL0J080944.76+575708.0
6319,0.240994,MCG 10-12-137,AR,0.027000000700354576,,VL0J082624.84+595343.5
6319,157.652832,WISEA J082611.09+595144.7,q,0.30000001192092896,,
16718,84.705017,WISEA J181604.07+360422.0,q,1.2000000476837158,,
16719,125.148587,SDSS J220526.31+051250.3,Q,1.5199999809265137,,
16719,139.259997,SDSS J220522.27+050842.7,Q,1.74399995803833,,
6321,0.052931,NGC 3509,ARX,0.026000000536441803,2SXPS J110423.5+044943,VL0J110423.55+044943.2
6321,149.26041,J110433.39+044917.5,X,,2SXPS J110433.4+044916,
6321,176.816378,SDSS J110435.37+044950.3,qX,1.7999999523162842,2SXPS J110435.3+044946,
16720,42.389379,WISEA J220540.80-713949.7,q,1.899999976158142,,
16721,64.04178,SDSS J222333.97+115040.3,qX,1.7000000476837158,2SXPS J222333.8+115041,
16721,83.768703,SDSS J222340.17+115228.8,N,0.5009999871253967,,
16721,164.96067,J222341.32+114918.9,X,,2RXP J222341.5+114914,
16721,166.422838,MCG 2-57-002,ARX,0.028999999165534973,2SXPS J222345.0+115008,FIRST J222345.0+115009
16722,176.73976,SDSS J235854.25+280627.5,Q,2.6510000228881836,,
6325,0.32075,NGC 7808,AR,0.029999999329447746,,NVSS J000332.6-104442
16724,138.568911,SDSS J023838.87+021322.2,Q,1.4989999532699585,,
6327,2.169129,UGC 4013,ARX,0.029999999329447746,2RXP J074729.2+605603,NVSS J074728.8+605600
6328,0.191469,NGC 2622,ARX,0.02800000086426735,4XMM J083810.9+245343,FIRST J083810.9+245342
6328,16.465115,J083811.01+245359.3,X,,2RXP J083810.6+245400,
6328,177.375548,SDSS J083814.83+245053.5,qX,2.299999952316284,4XMM J083814.8+245053,
6329,111.971247,WISEA J094732.68+725912.2,qR,0.8999999761581421,,VL0J094732.60+725911.9
6330,71.25624,SDSS J123347.89+301542.0,Q,1.6480000019073486,,
6330,105.77751,SDSS J123349.49+301822.5,Q,1.8179999589920044,,
6330,169.305715,SDSS J123403.28+301534.8,Q,2.8989999294281006,,
6331,161.616706,WISEA J154843.85+214932.8,q,0.4000000059604645,,
16732,147.102605,WISEA J150102.99+112908.5,q,1.2999999523162842,,
16735,175.661087,WISEA J213948.57-223207.6,q,1.2000000476837158,,
16737,0.500662,CGCG 414-1,AR,0.028999999165534973,,VL0J022013.71+081219.5
16738,108.6635,WISEA J040530.36-702355.5,q,1.100000023841858,,
6338,17.290329,SDSS J024918.84-081044.8,Q,2.0950000286102295,,
6338,57.810694,SDSS J024921.53-080957.0,QX,1.2829999923706055,4XMM J024921.4-080956,
6338,163.305269,SDSS J024922.76-081259.0,qX,1.600000023841858,2XMM J024922.7-081258,
6344,133.354345,WISEA J135058.80-301917.2,q,0.10000000149011612,,
16751,23.026421,WISEA J215916.12-692856.8,q,1.0,,
6349,0.116636,NGC 6092,N,0.032999999821186066,,
6349,91.536756,SDSS J161253.41+275842.5,QR,3.5439999103546143,,VL0J161253.39+275842.6
6350,61.499436,SDSS J162148.46+375940.4,QX,0.9340000152587891,CXOG J162148.4+375940,
6350,68.197292,SDSS J162146.73+380040.1,Q,2.444999933242798,,
6354,125.30956,Q 0123-3511,QR,0.3400000035762787,,VL0J012547.08-345205.9
16760,88.11623,J060016.67-662212.5,X,,2XMM J060016.6-662212,
6356,0.111875,MCG -1-25-049,AR,0.02199999988079071,,VL0J095056.50-045951.1
16762,0.172837,UGC 5273,ARX,0.014999999664723873,2SXPS J095032.8+441851,VL0J095033.13+441851.6
6357,55.272509,WISEA J144753.38-301831.2,qRX,0.6000000238418579,2RXP J144753.5-301825,VL0J144753.32-301829.9
16766,58.036329,J124909.06-213458.0,R,0.30000001192092896,,VL0J124909.06-213457.7
6363,106.959159,WISEA J084257.54-680654.9,q,0.20000000298023224,,
16772,101.609628,SDSS J211140.90-012106.6,Q,1.399999976158142,,
16772,152.436453,SDSS J211145.55-012451.3,Q,2.0490000247955322,,
16773,113.963164,WISEA J234505.08-444858.2,q,1.2999999523162842,,
16775,64.436177,SDSS J001849.80-102134.0,qX,1.0,CXOG J001849.8-102134,
16775,80.169033,SDSS J001845.76-102209.9,qX,1.7000000476837158,CXOG J001845.7-102209,
16775,117.620582,J001856.32-102402.5,X,,CXOG J001856.3-102402,
6370,160.293618,WISEA J043949.51-764732.3,q,1.399999976158142,,
16777,167.497675,WISEA J031157.62-025515.4,q,1.2000000476837158,,
6371,123.950527,J074516.21+075423.6,R,1.100000023841858,,NVSS J074516.2+075423
6372,158.093734,WISEA J124647.14-400355.8,q,1.899999976158142,,
6373,157.380745,SDSS J144945.51+472044.6,Q,0.6949999928474426,,
16783,130.32155,J103351.18-351753.9,X,,CXOG J103351.3-351754,
6374,9.417837,J145241.68-244821.3,X,,2RXP J145241.8-244823,
6374,46.198914,WISEA J145240.49-244742.5,q,0.4000000059604645,,
16785,60.155089,SDSS J123414.94+474513.4,Q,1.4529999494552612,,
16785,124.353445,SDSS J123402.15+474555.4,QX,1.3079999685287476,4XMM J123402.3+474554,
16787,104.72454,SDSS J151634.30+410017.0,Q,1.5199999809265137,,
16787,144.655697,SDSS J151634.00+410403.5,Q,1.1169999837875366,,
16787,158.149343,SDSS J151624.88+410127.7,Q,0.9169999957084656,,
6379,0.056124,ESO 533-50,N,0.026000000536441803,,
16790,159.225863,SDSS J232231.08+033115.8,Q,1.4249999523162842,,
6381,113.992251,SDSS J090552.37+184610.1,Q,2.4709999561309814,,
6383,140.822466,SDSS J161533.24+192455.3,qX,0.5,CXOG J161533.2+192455,
16794,165.951156,WISEA J022112.63-204924.1,q,1.899999976158142,,
16798,53.291573,J140652.83-265629.3,X,2.4000000953674316,XMMX J140652.9-265631,
16798,165.474115,J140644.03-265709.0,X,,4XMM J140644.0-265709,
16799,93.908441,SDSS J170508.81+415019.1,Q,2.5299999713897705,,
16799,175.946617,SDSS J170524.96+415205.9,Q,1.8980000019073486,,
16800,79.250671,WISEA J192720.16+544946.6,q,2.0999999046325684,,
16800,125.447946,WISEA J192708.74+544904.0,q,1.2000000476837158,,
16801,54.055202,SDSS J232027.87+013428.2,Q,1.8700000047683716,,
16801,162.941759,SDSS J232022.38+013107.6,Q,1.430999994277954,,
6391,142.87704,WISEA J151713.87-221541.5,q,2.799999952316284,,
6395,160.005922,SDSS J001732.23-065206.1,Q,0.6200000047683716,,
16806,18.852517,SDSS J030011.25+042626.4,A,0.5130000114440918,,
16806,179.589636,WISEA J030000.36+042613.2,q,1.899999976158142,,
6396,80.55102,J015237.12+360856.7,X,1.5,1RXH J015236.7+360857,
6396,117.530029,J015247.18+360801.1,X,0.20000000298023224,XMMX J015247.1+360803,
6396,160.187846,J015231.70+360513.7,X,2.0,CXOG J015231.6+360513,
16807,77.170418,LAMOSTJ034103.12+080357.5,Q,1.6749999523162842,,
16807,164.234071,WISEA J034054.23+080245.4,q,1.5,,
6398,172.591673,WISEA J055022.14-063947.9,q,1.2999999523162842,,
16810,0.124725,CGCG 31-80,NR,0.029999999329447746,,VL0J081917.15+034735.0
6400,127.811191,SDSS J171523.68+305536.0,Q,0.7990000247955322,,
6400,133.110804,SDSS J171535.67+305520.9,Q,0.47200000286102295,,
6400,165.062604,SDSS J171525.32+305624.3,Q,0.718999981880188,,
16813,172.748692,WISEA J124721.80-183546.9,q,1.2999999523162842,,
16813,174.381977,HE 1244-1819,QR,1.0410000085830688,,VL0J124711.95-183559.4
16814,13.390682,SDSS J131940.27+301518.6,qX,1.100000023841858,2RXP J131940.2+301522,
16814,63.003214,SDSS J131940.48+301421.8,Q,1.1399999856948853,,
16814,101.413853,SDSS J131947.11+301529.7,Q,2.4100000858306885,,
16814,167.713119,SDSS J131940.53+301810.0,Q,2.9619998931884766,,
6405,94.451681,SDSS J024538.13-081212.5,Q,3.059000015258789,,
6405,118.597405,SDSS J024533.53-081122.5,Q,2.703000068664551,,
6406,122.211044,2QZ J024841.2-313412,Q,2.2170000076293945,,
16824,170.73668,WISEA J102827.31-042203.1,q,2.0999999046325684,,
6414,116.299316,WISEA J112844.90+352518.3,q,0.30000001192092896,,
16828,132.343969,SDSS J120405.83+201345.0,QX,0.5979999899864197,CXOG J120405.8+201345,
6416,8.322157,J133039.12+180803.5,R,,,NVSS J133038.9+180803
6417,99.446277,SDSS J003223.48-050633.4,Q,0.8759999871253967,,
6418,48.50335,SDSS J003937.59+005110.0,NX,0.1940000057220459,CXOG J003937.6+005110,
6418,116.999635,SDSS J003927.13+005152.8,QX,2.380000114440918,4XMM J003927.1+005152,
6418,132.860422,SDSS J003941.44+005304.0,Q,3.515000104904175,,
16834,0.439655,CGCG 399-5,AX,0.024000000208616257,2SXPS J202304.3+093236,
16837,170.614255,WISEA J044728.95-124351.9,q,1.899999976158142,,
6423,69.155367,SDSS J105122.15+280748.0,Q,1.753999948501587,,
6423,132.404906,SDSS J105115.75+280527.1,AX,0.4230000078678131,2RXS J105115.8+280536,
6424,157.611321,SDSS J122607.82+053019.8,Q,1.1890000104904175,,
16840,102.071591,WISEA J074950.50+612748.2,q,0.20000000298023224,,
6425,0.364264,NGC 5100,NR,0.03200000151991844,,FIRST J132059.5+085841
6425,84.956614,SDSS J132105.08+085817.5,Q,2.437000036239624,,
6425,171.784696,SDSS J132056.19+090126.3,Q,2.306999921798706,,
16841,128.568978,WISEA J100001.76-343450.6,q,0.4000000059604645,,
6426,164.751044,SDSS J163743.11+552424.4,Q,2.1570000648498535,,
16843,166.73663,SDSS J114950.07-032816.7,QR,3.2200000286102295,,VL0J114950.09-032816.4
6427,71.839963,J184725.12-631725.3,X,,4XMM J184725.1-631724,
16844,153.220351,SDSS J120615.56+333405.4,Q,1.8650000095367432,,
16846,0.088392,MCG 7-34-105,NX,0.03099999949336052,4XMM J163103.4+395015,
16846,66.977984,SDSS J163100.26+395114.8,QX,1.097000002861023,4XMM J163100.2+395115,
16846,121.389571,SDSS J163106.29+395215.2,QX,1.225000023841858,4XMM J163106.3+395215,
16846,150.368732,J163057.79+394802.7,X,2.299999952316284,4XMM J163057.7+394802,
6430,0.21066,NGC 856,NR,0.019999999552965164,,FIRST J021338.3-004301
6430,12.166197,J021338.94-004310.4,X,,2SXPS J021339.0-004308,
6430,81.025142,2SLAQ J021336.69-004145.0,K,0.6940000057220459,,
6430,130.559748,SDSS J021347.00-004248.4,QX,1.7330000400543213,2SXPS J021347.0-004247,
6431,0.168858,MCG -2-07-024,ARX,0.017000000923871994,4XMM J023005.5-085953,FIRST J023005.5-085953
6431,126.098578,WISEA J023005.10-085747.2,q,3.4000000953674316,,
16852,105.391177,J221156.26+000804.3,X,0.4000000059604645,4XMM J221156.2+000803,
16852,128.905817,SDSS J221149.60+000830.5,QX,1.9819999933242798,4XMM J221149.5+000832,
6434,54.680105,SDSS J110609.04+042056.9,Q,2.367000102996826,,
16853,175.935479,SDSS J232309.70+291537.8,Q,1.0529999732971191,,
16854,134.725467,SDSS J233932.17+250356.7,Q,0.9100000262260437,,
16854,169.551719,SDSS J233926.04+250513.8,Q,2.309000015258789,,
6437,99.507769,SDSS J130221.47+325155.4,Q,2.506999969482422,,
6437,163.045362,SDSS J130209.29+325523.8,Q,2.2860000133514404,,
16855,0.070073,IC 237,N,0.020999999716877937,,
16855,29.234836,SDSS J023331.85+010754.6,QR,1.2029999494552612,,VL0J023331.84+010754.9
16855,93.314402,SDSS J023326.43+010916.5,Q,0.9490000009536743,,
16855,121.733115,SDSS J023339.24+010744.3,Q,1.5180000066757202,,
16855,147.528112,SDSS J023338.17+011012.9,Q,2.2750000953674316,,
6438,137.623237,SDSS J141646.71+105514.8,qX,,CXO J141646.6+105515,
6438,145.012515,SDSS J141651.58+105423.8,qX,0.4000000059604645,2XMM J141651.6+105424,
6439,0.043306,PGC 89171,ARX,0.027000000700354576,2SXPS J210909.9-094015,VL0J210909.97-094014.4
16858,172.749859,J060358.94-202840.2,X,0.30000001192092896,2SXPS J060358.6-202839,
6446,53.763358,SDSS J073404.96+230624.6,Q,1.8370000123977661,,
16866,93.143884,J130046.71+275513.2,X,,CXOG J130046.6+275512,
16866,108.203802,J130043.14+275704.3,X,,4XMM J130043.1+275705,
16866,108.865151,J130046.80+275621.8,X,,CXOG J130046.8+275621,
16866,137.037951,J130035.08+275323.6,X,,CXO J130035.0+275324,
6449,122.629831,WISEA J125039.22-415508.8,q,0.699999988079071,,
16868,58.147798,WISEA J132239.78-130313.8,qR,0.30000001192092896,,VL0J132239.76-130313.7
16869,96.193029,SDSS J141410.09+103534.1,Q,3.1549999713897705,,
6453,0.327735,MCG -2-58-011,NR,0.01600000075995922,,NVSS J225650.2-085800
16871,125.006422,SDSS J150427.95+171701.3,Q,2.6070001125335693,,
16871,157.185169,WISEA J150442.61+171904.1,q,1.399999976158142,,
16871,167.931118,SDSS J150424.59+172108.5,Q,2.5320000648498535,,
16872,116.688027,SDSS J163711.63+210322.0,Q,2.0889999866485596,,
16873,35.234239,SDSS J222414.73+052206.2,Q,1.5770000219345093,,
6456,98.864159,Q 0038-3838,AX,0.13500000536441803,2RXS J004039.8-382144,
16874,155.231664,WISEA J225633.82-245736.5,q,0.30000001192092896,,
6457,74.515112,SDSS J014914.62+125212.2,QX,3.0409998893737793,4XMM J014914.7+125212,
6457,81.580965,SDSS J014916.55+125033.3,QX,2.055999994277954,4XMM J014916.6+125033,
6457,116.170777,J014906.40+125239.2,X,0.10000000149011612,4XMM J014906.4+125239,
6457,125.397137,SDSS J014903.11+125057.9,Q,1.7899999618530273,,
16879,126.34092,SDSS J073930.59+455530.9,Q,1.7339999675750732,,
6461,173.016737,SDSS J161252.80+330057.8,Q,1.6690000295639038,,
6462,0.196776,UGC 12348,NRX,0.029999999329447746,2SXPS J230518.6+001120,VL0J230518.83+001122.3
6462,161.421268,SDSS J230508.87+001020.6,QX,2.315999984741211,4XMM J230508.9+001020,
16884,140.473783,CGCG 190-46,A,0.027000000700354576,,
16884,147.601709,SDSS J134448.37+370719.4,Q,2.8519999980926514,,
6466,79.86205,SDSS J074824.84+341922.4,Q,1.246999979019165,,
16887,131.959675,SDSS J162534.56+552038.9,Q,0.8169999718666077,,
16888,74.651263,WISEA J183952.02-625835.0,q,0.699999988079071,,
6470,169.857256,Q 0046-3828,Q,0.44200000166893005,,
16891,60.264248,J030601.44-390145.8,X,,2SXPS J030601.1-390146,
6473,48.024938,SDSS J073458.10+311557.3,Q,1.1749999523162842,,
6473,143.357192,WISEA J073505.39+311746.9,q,0.8999999761581421,,
16893,35.588519,J042715.88-120634.3,X,,4XMM J042715.9-120633,
16893,78.614739,J042723.11-120659.8,RX,0.20000000298023224,4XMM J042723.1-120659,VL0J042723.11-120659.7
16893,83.770102,J042722.98-120622.9,X,0.20000000298023224,4XMM J042723.1-120620,
16893,107.697285,J042723.06-120811.5,X,,4XMM J042723.0-120811,
6475,12.842438,J144630.94+011640.9,X,,CXOG J144630.8+011642,
6475,178.217759,J144643.11+011617.2,X,0.10000000149011612,CXOG J144643.1+011617,
16896,117.486705,SDSS J092848.46+123735.5,Q,2.996999979019165,,
6479,0.064918,MCG -1-54-008,NR,0.028999999165534973,,VL0J211706.99-064327.9
6479,56.020503,SDSS J211709.30-064411.9,Q,1.840000033378601,,
6479,162.739202,FBQS J21170-0640,KR,0.1850000023841858,,FIRST J211706.0-064046
6479,165.790677,SDSS J211657.33-064205.7,Q,1.305999994277954,,
6483,0.065862,MCG -04.24.017,ARX,0.012000000104308128,2SXPS J100555.3-230323,VL0J100555.37-230324.5
6484,98.340896,SDSS J112235.97+241549.7,QX,2.7920000553131104,CXOG J112235.9+241549,
6484,162.651613,J112218.41+241613.8,X,,CXOG J112218.4+241613,
6484,169.755792,SDSS J112228.14+241358.2,QX,2.7929999828338623,CXOG J112228.1+241358,
16908,162.044911,SDSS J115143.00+273736.2,QR,1.097000002861023,,VL0J115143.00+273736.3
6488,132.793126,WISEA J070723.77+444928.0,q,0.20000000298023224,,
16913,107.853561,WISEA J215605.78-334022.5,q,1.100000023841858,,
16914,149.154199,J225814.73-034531.1,R,,,FIRST J225814.8-034530
6493,0.147125,MCG 11-14-003B,NRX,0.032999999821186066,CXOG J110713.2+650606,VL0J110713.29+650606.4
6493,135.125425,3HSPJ110651.9+650604,BRX,0.699999988079071,CXOG J110651.8+650605,VL0J110651.90+650605.3
6494,0.399996,NGC 4734,NR,0.02500000037252903,,NVSS J125112.9+045134
16916,106.358599,J233828.70+270818.7,X,,2RXP J233829.1+270822,
16916,108.955777,J233824.24+271116.7,X,,2RXP J233824.7+271124,
16917,171.181902,SDSS J012158.79+181407.9,Q,1.6510000228881836,,
6496,43.737675,SDSS J234347.39+281949.0,Q,1.4709999561309814,,
6496,148.173616,SDSS J234345.34+282238.1,Q,1.284999966621399,,
16919,157.914023,WISEA J024349.22+052501.7,q,1.7000000476837158,,
6498,102.243704,WISEA J032251.21-015357.3,q,2.5,,
16921,134.188424,WISEA J051932.85+034236.7,q,1.2999999523162842,,
6499,157.33035,WISEA J103438.37-271428.1,q,1.0,,
16924,178.545557,SDSS J104834.31+183925.6,Q,1.7699999809265137,,
16925,171.419476,J125344.49-091244.6,X,1.2000000476837158,2XMM J125344.4-091245,
6501,0.257634,NGC 3860,NRX,0.01899999938905239,4XMM J114449.1+194742,NVSS J114448.8+194747
6501,25.959574,J114447.37+194737.6,X,,4XMM J114447.1+194738,
6501,72.579942,J114445.24+194828.7,X,,CXOG J114445.2+194828,
6501,133.753867,J114457.80+194837.8,X,,4XMM J114457.9+194837,
6501,160.752953,J114437.81+194751.0,X,,4XMM J114437.8+194751,
16926,152.762256,SDSS J133842.10+260716.8,QX,0.6439999938011169,2RXP J133842.9+260723,
16927,151.603682,SDSS J141904.94+070141.6,Q,2.815000057220459,,
16928,112.648985,WISEA J153427.13+142650.1,q,1.2999999523162842,,
16929,52.586455,SDSS J170029.13+411148.9,Q,1.4470000267028809,,
16929,178.301677,SDSS J170017.79+410904.4,Q,2.5840001106262207,,
6507,155.92386,WISEA J052554.70-781958.8,q,1.2999999523162842,,
6508,114.364447,WISEA J072058.23+231724.8,q,0.8999999761581421,,
6509,0.446148,NGC 3649,AR,0.014000000432133675,,VL0J112214.71+201230.1
16937,86.65316,SDSS J100650.47+312720.5,Q,3.747999906539917,,
16937,163.802285,SDSS J100638.03+313032.9,Q,1.0800000429153442,,
6511,157.216917,SDSS J220305.83+003453.8,Q,1.8940000534057617,,
16938,90.251286,LCRS B101636.4-052209,AX,0.07599999755620956,2RXS J101906.7-053703,
16938,150.777807,J101905.26-053607.2,R,,,VL0J101905.24-053607.0
6512,39.504432,J223216.00+114219.1,X,,2SXPS J223215.9+114220,
16939,144.233009,SDSS J102905.11+221021.8,Q,1.725000023841858,,
6513,120.48154,SDSS J230402.36+300757.3,Q,1.024999976158142,,
16941,36.050889,J125029.04-105151.6,X,,2SXPS J125029.4-105154,
16941,174.967551,WISEA J125018.41-105009.5,qX,1.100000023841858,2SXPS J125018.3-105006,
6515,115.727133,SDSS J235042.50+285925.5,Q,1.3580000400543213,,
6515,133.72405,SDSS J235038.22+285752.3,Q,2.2850000858306885,,
6516,0.137734,UGC 1032,ARX,0.017000000923871994,4XMM J012732.5+191043,VL0J012732.51+191043.7
6516,104.013834,SDSS J012738.85+190950.9,Q,2.450000047683716,,
6517,140.510669,SDSS J020311.15+023502.3,Q,1.4889999628067017,,
6517,177.313063,SDSS J020306.45+023947.4,Q,2.3239998817443848,,
16946,38.382358,SDSS J233312.56-011708.6,Q,1.628999948501587,,
16946,95.042124,SDSS J233305.01-011818.8,Q,1.475000023841858,,
16946,144.242448,SDSS J233301.70-011632.5,Q,1.3170000314712524,,
16946,165.484011,SDSS J233312.54-011448.7,Q,0.38999998569488525,,
16946,172.295495,WISEA J233307.39-012017.0,q,0.10000000149011612,,
6519,116.42957,WISEA J024748.46-260408.4,q,1.0,,
16947,123.807755,SDSS J233848.97+271051.2,QX,0.48399999737739563,CXOX J233848.9+271050,
16949,49.223697,J013320.48-362646.6,X,,4XMM J013320.3-362647,
16949,162.284766,J013316.87-362342.6,X,,2SXPS J013317.1-362347,
16950,170.896961,SDSS J021153.92+291605.2,Q,0.9660000205039978,,
6522,65.50312,J103109.10+284649.2,X,,CXOG J103109.1+284649,
6522,130.256064,SDSS J103058.64+284632.3,QX,1.5140000581741333,CXOG J103058.6+284632,
16961,0.274262,UGC 6220,NR,0.028999999165534973,,VL0J111059.85+292011.2
6531,153.632798,WISEA J015354.81-781234.0,q,0.6000000238418579,,
6531,164.106759,WISEA J015351.46-781211.3,q,0.4000000059604645,,
16962,0.177942,MCG 8-23-083,NR,0.01600000075995922,,FIRST J124408.7+483839
16962,137.932072,SDSS J124405.06+484053.5,Q,1.378999948501587,,
16962,148.214625,SDSS J124420.15+484013.9,Q,2.1700000762939453,,
16963,167.362161,SDSS J132305.56+524126.2,QR,0.5299999713897705,,FIRST J132305.5+524125
6534,148.513579,WISEA J124336.67-204811.4,q,1.100000023841858,,
6535,153.550809,SDSS J130936.52+533209.8,QX,2.8919999599456787,2XMM J130936.5+533209,
6535,167.353903,SDSS J130938.58+532658.7,Q,1.7389999628067017,,
16966,179.976769,SDSS J231446.36+063319.6,Q,2.4179999828338623,,
6539,75.240398,SDSS J001037.14+290035.0,Q,2.0329999923706055,,
6539,101.53481,J001031.68+290127.0,X,,4XMM J001031.6+290126,
6539,157.462411,SDSS J001024.18+285756.4,QX,1.6139999628067017,4XMM J001024.2+285755,
16972,43.258828,SDSS J091458.56+400144.9,Q,1.8300000429153442,,
6540,110.386902,SDSS J020211.65-024900.9,Q,0.4740000069141388,,
16974,155.268569,SDSS J121915.43+210954.4,A,0.23600000143051147,,
16975,89.260872,J125939.08+275932.4,X,,2XMM J125938.9+275932,
16975,162.279188,J125944.60+275943.3,X,,4XMM J125944.5+275944,
16975,173.743397,J125944.38+275740.3,X,,XMMX J125944.3+275735,
16979,153.102686,WISEA J202006.61-145712.1,q,1.899999976158142,,
16982,0.175773,NGC 7589,AX,0.029999999329447746,2SXPS J231815.6+001541,
16982,80.480916,J231818.05+001652.6,R,,,FIRST J231818.0+001653
6548,154.930916,WISEA J133303.81+163617.3,q,1.0,,
16986,0.111242,IC 632,N,0.01899999938905239,,
16986,148.239023,2QZ J103921.2-002514,QX,2.066999912261963,4XMM J103921.3-002512,
6552,100.880316,SDSS J032040.77-010127.8,Q2X,1.1859999895095825,4XMM J032040.7-010127,
6552,110.325969,SDSS J032047.16-010428.0,qX,1.899999976158142,4XMM J032047.1-010427,
6552,147.612,SDSS J032055.25-010244.0,qX,2.200000047683716,4XMM J032055.2-010243,
6552,151.693073,J032047.17-010011.5,X,,4XMM J032047.1-010011,
16989,169.5363,SDSS J111342.08+275413.4,Q,0.7689999938011169,,
16992,171.10846,SDSS J153128.11+402836.7,Q,3.005000114440918,,
6558,31.648868,SDSS J161743.01+350005.4,QX,1.3320000171661377,CXOG J161743.0+350005,
6558,87.416301,J161746.88+345935.2,X,1.7999999523162842,CXOG J161746.8+345934,
6558,151.29592,J161731.12+350152.5,X,,CXOG J161731.1+350153,
6558,152.062203,J161752.81+350037.6,X,,CXOG J161752.8+350037,
6558,164.188839,J161742.44+345732.8,X,,CXOG J161742.4+345732,
16997,127.072812,WISEA J205816.17+174801.1,q,2.5,,
6560,63.958595,J004723.25+274924.8,R,,,VL0J004723.24+274925.0
6560,151.536912,SDSS J004728.16+274817.4,Q,2.624000072479248,,
16998,115.494376,SDSS J213614.29+075600.1,Q,2.2160000801086426,,
16999,51.67009,2SLAQ J021109.46-003855.9,Q,1.437000036239624,,
16999,101.3782,SDSS J021108.56-003743.2,Q,2.109999895095825,,
6563,0.103852,IC 521,A,0.02800000086426735,,
17006,145.792265,WISEA J141143.93+084703.6,q,3.0,,
17007,135.285176,WISEA J145356.65+791723.6,qR,0.5,,VL0J145356.89+791723.4
17009,116.834151,SDSS J161606.83+602356.6,Q,2.132999897003174,,
17011,73.957961,WISEA J174337.83+564839.4,q,1.100000023841858,,
17014,132.30337,WISEA J225346.46+322032.8,q,1.2999999523162842,,
17014,166.711038,SDSS J225357.88+322402.5,Q,2.7019999027252197,,
17015,78.971494,WISEA J001930.96-040433.5,q,0.6000000238418579,,
17015,126.770862,SDSS J001932.64-040342.1,Q,1.406000018119812,,
17016,117.399569,WISEA J011358.49+380615.7,q,0.30000001192092896,,
17016,126.794074,WISEA J011408.99+380517.2,q,1.2999999523162842,,
17019,166.297363,WISEA J032535.54+015411.5,q,0.5,,
6579,121.767203,SDSS J000110.29+343059.2,Q,0.6359999775886536,,
17020,138.603835,SDSS J033152.13+004334.8,Q,1.1729999780654907,,
6580,69.995295,NGC 622 UB1,Q,0.906000018119812,,
6580,74.207852,NGC 622 BSO1,Q,1.468000054359436,,
6580,113.025869,SDSS J013605.83+003834.1,Q,2.88700008392334,,
6580,161.160241,SDSS J013550.46+004058.1,Q,0.8870000243186951,,
6580,166.129358,SDSS J013610.54+004046.0,Q,2.4019999504089355,,
6581,111.863939,WISEA J044022.01-443939.9,q,0.4000000059604645,,
17023,99.649603,WISEA J091803.62+132649.0,q,0.20000000298023224,,
6583,0.205177,MCG -2-14-009,AX,0.02800000086426735,2SXPS J051621.2-103343,
6583,80.003321,WISEA J051622.21-103500.1,qR,0.699999988079071,,NVSS J051622.0-103456
6583,115.3498,J051615.32-103457.6,X,,4XMM J051615.3-103457,
6583,174.740152,J051631.30-103512.8,X,1.5,4XMM J051631.3-103512,
17025,87.59686,SDSS J100340.87+592635.6,Q,1.597000002861023,,
17025,142.729936,SDSS J100407.66+592453.8,Q,1.9739999771118164,,
17026,28.71236,WISEA J124225.42-060032.0,q,1.7999999523162842,,
17027,44.909081,WISEA J133300.79+173553.8,q,1.100000023841858,,
17027,119.567915,WISEA J133302.44+173352.1,q,0.5,,
17027,139.787354,SDSS J133254.16+173545.3,QR,1.0,,FIRST J133254.1+173545
17028,117.155434,2SLAQ J140319.37-003104.6,Q,1.465999960899353,,
6588,12.968665,J135209.21-103704.2,R,,,NVSS J135209.2-103704
17033,158.11888,SDSS J224412.63+304519.2,Q,2.7209999561309814,,
6590,145.161043,J182241.25-562724.6,R,,,SUMSS J182240.9-562719
6590,172.911353,J182308.50-562707.4,X,,2SXPS J182308.5-562706,
6592,124.444986,WISEA J210149.93-134909.7,q,1.899999976158142,,
6593,79.80532,SDSS J233505.44+045723.4,Q,3.628000020980835,,
17038,158.304327,SDSS J084704.96+281135.3,qR,1.5,,VL0J084704.94+281135.2
17039,137.550945,PGC 213599,N,0.027000000700354576,,
6596,147.901354,WISEA J030715.64+042550.6,q,0.699999988079071,,
17040,57.491024,WISEA J093202.34-084313.6,q,2.0,,
6597,177.682151,WISEA J125333.42-263640.9,q,0.800000011920929,,
17042,0.259847,NPM 1G+34.0231,AR,0.03099999949336052,,VL0J114740.09+334720.4
6600,144.707639,WISEA J194840.69-103544.5,qX,0.8999999761581421,4XMM J194840.7-103544,
17043,64.556558,SDSS J144042.93+383730.9,Q,1.6469999551773071,,
17044,114.44956,WISEA J173310.49+683440.6,q,0.20000000298023224,,
6604,42.05897,SDSS J020201.44+210511.2,Q,2.3989999294281006,,
6604,103.294543,SDSS J020204.66+210428.4,N,0.1599999964237213,,
6606,149.005556,SDSS J074922.13+215224.2,Q,1.5759999752044678,,
17051,169.720955,SDSS J115744.95+221754.9,Q,4.671000003814697,,
17052,151.240332,J142009.23-042443.5,X,0.8999999761581421,2SXPS J142009.3-042444,
17053,124.715138,SDSS J232704.10+290852.4,Q,1.0870000123977661,,
17057,176.483442,WISEA J063638.94-680016.9,q,1.2000000476837158,,
6614,91.467078,SDSS J153632.01+432953.5,Q,2.138000011444092,,
17059,138.61682,RXS J07570+5832,QX,0.1679999977350235,2SXPS J075705.1+583240,
17059,147.302725,WISEA J075737.65+583127.4,q,1.5,,
17060,0.387059,NGC 2791,NR,0.02800000086426735,,FIRST J091502.0+173531
17060,163.813524,SDSS J091502.92+173248.8,Q,2.322000026702881,,
17062,152.057159,SDSS J111255.28+272906.0,Q,2.2109999656677246,,
6618,150.972226,LAMOSTJ220123.63-034755.1,AR2X,0.4090000092983246,XMMSL J220123.8-034756,VL0J220123.63-034754.6
6618,153.73935,WISEA J220116.85-034327.5,q,1.600000023841858,,
6618,169.305864,J220122.92-034813.1,R,2.5,,NVSS J220123.1-034815
17065,0.312882,IC 1078,N,0.028999999165534973,,
17066,36.324086,J162913.88+392343.9,X,,CXOG J162913.8+392345,
17066,125.141204,J162920.98+392209.9,X,,4XMM J162921.0+392210,
17066,168.79466,SDSS J162930.78+392331.0,QX,2.2929999828338623,4XMM J162930.8+392331,
17066,177.426779,J162901.70+392448.9,X,,4XMM J162901.7+392447,
17069,40.306456,WISEA J184316.50-631309.7,q,1.399999976158142,,
6622,51.903979,SDSS J093850.01+483511.0,Q,1.9140000343322754,,
6624,109.646689,SDSS J143715.83+382526.4,Q,3.061000108718872,,
6624,124.494789,SDSS J143716.80+382917.1,Q,1.1119999885559082,,
17074,143.493581,SDSS J232015.29+262453.6,Q,2.194000005722046,,
6627,122.995942,J015454.98-554012.4,X,,CXOG J015454.7-554014,
6629,135.413491,WISEA J040433.60-475807.4,q,1.7000000476837158,,
6630,0.128262,Zw 308.017,AR,0.014000000432133675,,VL0J061641.98+663023.9
17080,89.469592,SDSS J100354.12+142449.9,Q,2.255000114440918,,
6631,130.499215,SDSS J110321.78+032143.7,N,0.49799999594688416,,
17081,129.758354,SDSS J112851.66+385241.7,Q,2.8459999561309814,,
17082,79.311201,SDSS J113038.38+512807.5,Q,1.7369999885559082,,
17082,154.900276,SDSS J113020.37+512916.3,Q,1.2730000019073486,,
6633,117.663165,WISEA J125436.39+131443.2,q,1.2000000476837158,,
6634,130.370824,SDSS J140058.11+391053.5,QR,1.6089999675750732,,VL0J140058.15+391053.5
6637,96.568603,WISEA J025459.57-153852.0,q,0.10000000149011612,,
17088,47.020293,J012554.58-011906.8,X,,CXOG J012554.5-011907,
17088,71.953301,J012555.16-011950.6,X,,CXOG J012555.1-011950,
17088,131.126153,J012550.79-011654.4,X,,CXOG J012550.8-011654,
17088,158.356022,J012543.87-011714.8,X,,2RXP J012544.3-011723,
17088,173.457771,SDSS J012540.16-011943.7,QX,1.5800000429153442,CXOG J012540.1-011943,
17088,177.227004,J012549.02-011611.6,X,0.5,CXOX J012549.0-011610,
17091,144.330938,NGC 3831,NRX,0.017999999225139618,XMMSL J114318.4-125241,VL0J114318.59-125241.8
6645,0.126377,NGC 3517,N,0.027000000700354576,,
6645,70.373743,SDSS J110540.97+563028.2,Q,1.4759999513626099,,
6645,70.705589,SDSS J110540.17+563024.7,A,0.16300000250339508,,
6645,157.145879,SDSS J110553.87+563020.5,Q,1.2710000276565552,,
17098,84.130428,J231558.24+423219.3,R,0.5,,VL0J231558.21+423219.2
6646,164.266179,SDSS J113322.87+242902.0,Q,1.6130000352859497,,
17100,69.206102,J232835.01+171510.5,R,0.699999988079071,,VL0J232835.00+171511.4
6648,178.763679,SDSS J143032.54+291234.7,Q,2.4630000591278076,,
6651,174.412351,SDSS J011456.90+315400.3,Q,1.3489999771118164,,
6652,0.058521,IC 2211,ARX,0.017999999225139618,2SXPS J075745.8+323326,VL0J075745.65+323329.2
6652,170.305064,J075751.14+323053.7,X,0.30000001192092896,2SXPS J075751.3+323054,
17108,106.394981,SDSS J102148.40+235308.5,Q,2.440000057220459,,
17108,166.458568,SDSS J102141.22+235237.5,qX,1.7999999523162842,2XMM J102141.3+235237,
17109,0.017246,IRAS 11215-2806,NR,0.014000000432133675,,VL0J112402.69-282314.7
6653,1.137705,NGC 2623,NRX,0.017999999225139618,2XMM J083824.0+254516,FIRST J083824.0+254516
17110,0.176996,ESO 383-18,NRX,0.013000000268220901,2SXPS J133326.0-340053,NVSS J133326.0-340055
6656,172.984793,WISEA J200336.56-294934.0,q,2.5,,
17113,17.422726,J001430.74-004410.9,X,,2SXPS J001430.6-004413,
17113,104.370136,SDSS J001432.30-004231.1,Q,1.4889999628067017,,
17113,125.77908,SDSS J001439.15-004313.0,Q,1.4170000553131104,,
17113,168.0961,SDSS J001430.31-004128.8,Q,0.890999972820282,,
17119,0.348963,IC 2444,NR,0.02199999988079071,,FIRST J091250.8+301244
17119,142.235538,SDSS J091246.44+301034.3,QX,0.8330000042915344,1WGA J0912.7+3010,
6662,59.429566,SDSS J115300.73+202856.0,Q,2.2750000953674316,,
17120,125.959842,SDSS J104152.76+211027.0,Q,2.4809999465942383,,
17121,0.355958,MCG 9-20-136,ARX,0.03099999949336052,2SXPS J121606.9+504929,VL0J121607.11+504930.0
6665,161.842622,J200043.22-384258.9,R,,,VL0J200043.30-384258.0
6668,0.168599,IC 1495,NR,0.020999999716877937,,VL0J233047.75-132907.4
6668,115.418,WISEA J233047.53-132712.4,q,0.8999999761581421,,
6669,176.087797,WISEA J001900.23-082546.8,qR,0.5,,FIRST J001900.2-082547
17129,0.097388,MCG -05.01.013,ARX,0.032999999821186066,2SXPS J235728.0-302740,NVSS J235727.6-302747
17129,97.193697,2QZ J235728.2-302603,Q,1.034000039100647,,
6673,0.441666,MARK 739E,AX,0.029999999329447746,CXOG J113628.9+213546,
6673,117.302447,J113626.09+213734.0,X,,4XMM J113626.0+213733,
6673,145.830505,SDSS J113621.34+213719.8,qX,2.0,4XMM J113621.3+213720,
6674,69.679373,SDSS J115746.16+573501.5,Q,2.2179999351501465,,
17134,133.392067,J110942.40+214952.2,X,,CXOG J110942.4+214951,
17134,160.942733,SDSS J110939.09+214758.4,Q,1.1399999856948853,,
6675,23.987173,MCG -3-34-049,AR,0.02199999988079071,,VL0J132006.34-170704.8
6675,143.957536,WISEA J132009.75-170922.2,q,1.2999999523162842,,
6676,167.984906,WISEA J165114.03-024755.8,q,0.5,,
17140,126.839095,SDSS J225022.28+113352.5,QX,3.2290000915527344,CXOG J225022.2+113352,
6682,80.639707,NGC 2686A,AR,0.052000001072883606,,FIRST J085458.8+490832
6682,151.520594,SDSS J085448.44+491158.6,Q,0.9539999961853027,,
6683,0.216541,NGC 5696,AR,0.017999999225139618,,NVSS J143657.1+414944
6683,117.226354,SDSS J143700.13+415133.1,Q,1.972000002861023,,
6683,118.437318,SDSS J143707.65+414934.1,Q,2.8450000286102295,,
17144,119.336762,SDSS J014105.83-053207.4,Q,2.124000072479248,,
6685,63.245937,SDSS J011254.26-002000.1,QX,1.5080000162124634,4XMM J011254.2-001959,
6685,159.666541,SDSS J011247.66-001938.7,Q,3.4179999828338623,,
17149,83.87183,WISEA J034940.92-554758.5,q,1.100000023841858,,
6688,143.286686,SDSS J125002.49+331133.1,Q,1.8899999856948853,,
6692,0.188366,NGC 3951,NR,0.02199999988079071,,FIRST J115341.1+232257
6692,77.075884,SDSS J115344.41+232359.5,Q,2.071000099182129,,
17157,118.005443,SDSS J131135.78+461842.8,Q,1.6649999618530273,,
6695,108.877272,WISEA J161558.49+655654.5,q,0.30000001192092896,,
6696,0.653721,ESO 235-59,A,0.024000000208616257,,
17160,0.132744,MCG 12-15-013,AR,0.02500000037252903,,VL0J154255.48+704941.0
17161,28.777997,WISEA J204214.45-053431.6,q,1.0,,
6699,166.231838,SDSS J002457.49+312309.5,Q,1.5149999856948853,,
6700,160.208001,SDSS J083325.33+410432.3,Q,0.875,,
17166,96.238855,WISEA J215206.99-722741.3,q,1.2999999523162842,,
6701,10.588059,J090944.65+071017.7,X,,2SXPS J090945.0+071023,
6701,114.279715,NGC 2775 U1,QX,1.4450000524520874,1RXH J090951.1+071111,
6701,144.694811,SDSS J090951.49+071200.5,Q,0.9190000295639038,,
6701,171.135056,WISEA J090939.58+071302.4,q,0.10000000149011612,,
6703,0.126141,IC 941,A,0.023000000044703484,,
6703,74.671132,SDSS J134831.46+240006.3,Q,1.746999979019165,,
6703,177.925761,SDSS J134838.40+235800.4,Q,3.2109999656677246,,
17169,61.42988,SDSS J004251.17-035016.3,Q,1.2200000286102295,,
6704,145.831146,SDSS J142837.71+031333.2,QR,0.824999988079071,,VL0J142837.71+031333.2
17170,150.114408,WISEA J021007.51-221701.9,q,1.399999976158142,,
17173,59.359341,SDSS J105636.98+095555.9,Q,1.1059999465942383,,
17174,99.892034,SDSS J110836.81+450640.9,Q,1.2400000095367432,,
17174,125.954122,SDSS J110818.42+450816.1,Q,2.450000047683716,,
17174,157.387897,SDSS J110835.95+450526.3,QX,1.2450000047683716,2RXP J110836.2+450526,
17175,44.699777,WISEA J111835.83-020726.3,q,0.5,,
17175,179.072511,SDSS J111823.25-020601.4,Q,3.1619999408721924,,
6711,76.180199,WISEA J151302.55+031021.8,q,1.0,,
6711,142.778639,SDSS J151257.18+031136.3,A,0.22200000286102295,,
17176,84.762785,J114511.15-014422.8,X,,CXOG J114511.1-014423,
17176,86.798386,J114508.33-014421.7,X,0.20000000298023224,CXOG J114508.3-014422,
17176,91.099424,2QZ J114504.5-014501,QX,0.6079999804496765,CXOG J114504.5-014500,
17176,91.301872,SDSS J114503.79-014546.5,qX,1.2000000476837158,CXOG J114503.7-014547,
6712,73.190523,WISEA J165129.08-022649.4,q,0.20000000298023224,,
6713,53.716916,J234732.27-280756.0,X,,CXOG J234732.2-280756,
17181,65.488356,SDSS J163503.78+410014.7,Q,1.0160000324249268,,
6720,97.155374,WISEA J095748.26-215631.8,q,0.20000000298023224,,
17188,129.89219,WISEA J040211.60-162558.3,q,2.299999952316284,,
6725,67.04988,NGC 5934,NRX,0.01899999938905239,2SXPS J152812.7+425550,NVSS J152812.4+425548
6725,78.167881,SDSS J152819.77+425528.0,QX,1.340999960899353,2SXPS J152819.7+425528,
6726,71.654002,LAMOSTJ225533.66+124828.6,Q,1.253000020980835,,
17198,0.240757,MCG 6-31-049,N,0.014000000432133675,,
17198,131.731241,WISEA J140223.41+322900.1,q,2.0999999046325684,,
6731,20.353943,J120123.92+132424.0,X,,CXOG J120123.8+132422,
6731,75.9352,SDSS J120122.55+132518.1,QX,2.4790000915527344,CXOG J120122.5+132518,
6731,158.730737,J120127.96+132138.1,X,,CXOX J120128.0+132137,
6733,98.736037,WISEA J132129.85-174627.3,q,0.699999988079071,,
6736,84.105747,WISEA J083320.67+742403.5,q,1.5,,
17208,146.663459,SDSS J160117.74+355113.4,Q,0.5509999990463257,,
17210,131.363504,J162742.78+423618.5,X,,4XMM J162742.7+423617,
17210,159.870397,J162751.55+423730.5,X,,4XMM J162751.5+423732,
6740,102.778868,WISEA J225545.76-703738.0,q,1.0,,
6741,132.860552,SDSS J011657.28+130339.7,QR,1.0290000438690186,,VL0J011657.22+130341.2
6743,130.213875,SDSS J011503.83+332037.0,Q,2.4779999256134033,,
17215,0.185987,NGC 4791,N,0.00800000037997961,,
6744,83.277817,SDSS J015656.37+060328.0,Q,1.687999963760376,,
6744,155.770086,SDSS J015705.38+060012.6,Q,1.4500000476837158,,
17216,145.852344,WISEA J130123.46+470254.5,q,1.600000023841858,,
6746,62.903513,SDSS J095735.22+451244.6,Q,1.1929999589920044,,
6747,130.062043,SDSS J131446.88+534703.4,Q,0.7509999871253967,,
17223,165.896079,LAMOSTJ232022.64+073501.3,QR,2.1389999389648438,,VL0J232022.64+073501.4
6750,0.328587,MCG -1-59-027,ARX,0.03400000184774399,1RXH J233032.4-022743,VL0J233032.31-022745.1
6750,179.329523,SDSS J233038.60-023017.8,qX,1.2999999523162842,1RXH J233038.5-023017,
6751,163.847341,WISEA J040240.31+215457.3,q,1.2000000476837158,,
17224,104.899,WISEA J021710.26+241810.6,q,1.399999976158142,,
17227,162.519512,WISEA J042720.48-541351.3,q,2.4000000953674316,,
17230,125.082454,SDSS J083808.49+395410.0,Q,1.6460000276565552,,
17230,136.765864,SDSS J083745.97+395336.8,Q,2.065000057220459,,
17231,171.621063,SDSS J084821.36+292752.5,Q,1.152999997138977,,
17233,38.332724,J103603.33-272955.6,X,,4XMM J103603.3-272954,
17233,129.061271,J103610.28-272850.7,X,,2XMM J103610.3-272849,
6759,120.561367,SDSS J114252.40+482351.0,Q,0.9760000109672546,,
17234,167.026311,SDSS J132458.71+263032.3,Q,2.246999979019165,,
17236,179.836822,WISEA J162714.95+112541.2,q,0.30000001192092896,,
17238,93.553682,WISEA J195741.16-301220.2,qX,0.10000000149011612,2SXPS J195741.1-301220,
6764,66.904696,SDSS J014641.69+183456.7,A,0.49799999594688416,,
6764,116.339726,SDSS J014651.80+183549.5,Q,1.024999976158142,,
6764,177.570346,SDSS J014658.11+183508.7,Q,1.093999981880188,,
17241,109.611431,WISEA J073043.58+863857.2,q,1.600000023841858,,
17242,113.058292,SDSS J082918.32+553259.0,Q,1.777999997138977,,
17242,138.209266,SDSS J082904.51+553110.2,Q,1.3890000581741333,,
17244,124.139053,SDSS J125904.05+360643.5,N,0.14800000190734863,,
17245,0.267554,MCG 4-39-017,NR,0.03099999949336052,,NVSS J163930.8+211857
6772,0.158263,UGC 9336,A,0.026000000536441803,,
17249,53.902978,WISEA J024116.55-623403.6,q,1.899999976158142,,
17249,161.987132,WISEA J024124.17-623139.1,q,0.800000011920929,,
17251,165.097933,WISEA J031101.89-130349.3,q,0.8999999761581421,,
6775,81.05441,WISEA J052846.35-565719.3,q,1.0,,
6777,163.675731,SDSS J105117.29+201228.2,Q,2.200000047683716,,
17254,118.85603,WISEA J083309.75+614648.6,q,2.0,,
17254,153.181033,WISEA J083241.06+614642.3,q,0.30000001192092896,,
6778,135.878031,SDSS J133239.72+015112.6,qX,1.0,4XMM J133239.8+015115,
6778,150.254333,SDSS J133225.04+015254.9,Q,3.138000011444092,,
6779,0.274773,IC 5298,NRX,0.027000000700354576,CXOG J231600.6+253324,VL0J231600.66+253324.2
6779,108.789509,J231604.42+253500.5,X,,CXOG J231604.3+253500,
17257,103.087884,J105253.45+104907.2,R,,,VL0J105253.46+104906.1
17257,140.209838,J105300.17+105212.0,X,,2SXPS J105300.3+105211,
17258,118.579037,PKS 1151-324,BR,,,NVSS J115406.2-324242
17259,154.409844,J130157.26-155209.1,X,,2XMM J130157.1-155206,
6782,95.828342,SDSS J031149.44-002541.8,Q,1.378999948501587,,
6782,165.880875,SDSS J031158.00-002501.0,Q,1.9210000038146973,,
17260,56.032753,WISEA J152910.58+324915.3,q,0.699999988079071,,
17260,62.982492,CSO 1093,QR,1.649999976158142,,VL0J152918.03+324841.8
17260,69.827736,SDSS J152915.57+324821.5,Q,1.6829999685287476,,
17261,0.19761,PGC 1470081,A,0.032999999821186066,,
17262,0.101936,MCG 3-43-012,N,0.03099999949336052,,
6789,52.347364,SDSS J160033.72+194334.2,N,0.23199999332427979,,
17270,88.542919,WISEA J022612.24+223202.6,q,0.699999988079071,,
6791,113.725671,WISEA J002533.79+201246.9,q,3.4000000953674316,,
6791,136.847531,SDSS J002533.61+201614.1,Q,2.388000011444092,,
17271,79.426145,J030322.07-153849.2,X,,CXOG J030322.0-153849,
17271,166.350257,SDSS J030337.41-153909.4,qX,1.100000023841858,4XMM J030337.4-153909,
17273,98.962306,WISEA J074907.36+553753.5,q,0.8999999761581421,,
17273,98.987224,PGC 3095772,AX,0.17399999499320984,4XMM J074909.1+553755,
17277,153.644764,SDSS J152245.15+145949.4,Q,0.8550000190734863,,
6797,37.62367,F861:073,Q,1.378999948501587,,
6797,104.908716,SDSS J124324.57-003814.7,qX,1.2999999523162842,2SXPS J124324.6-003812,
6797,158.099956,F861:074,QX,2.049999952316284,2SXPS J124310.7-003641,
6798,73.03525,SDSS J124849.28+352057.6,Q,2.7039999961853027,,
6799,169.60822,J132856.89-172909.0,R,0.5,,VL0J132856.88-172908.7
17282,159.255821,WISEA J204834.35+164154.4,q,2.5,,
17284,133.484117,SDSS J225558.92+314223.0,Q,2.994999885559082,,
17284,160.675379,WISEA J225545.51+313837.3,q,0.20000000298023224,,
6801,27.739951,SDSS J161715.88+615626.4,qR,1.899999976158142,,VL0J161715.90+615625.8
17286,111.116266,SDSS J001052.07+275314.0,Q,0.8820000290870667,,
6803,96.8938,SDSS J215042.62+005620.2,N,0.21699999272823334,,
6803,160.936478,WISEA J215039.97+005720.6,q,0.5,,
6807,178.85065,SDSS J110216.68+455031.1,Q,2.322999954223633,,
6809,109.605113,SDSS J125637.31+481750.9,Q,1.6100000143051147,,
17296,123.657451,SDSS J142403.07+362606.9,Q,1.2269999980926514,,
6811,0.0989,NGC 5765B,NRX,0.02800000086426735,4XMM J145051.4+050652,FIRST J145051.5+050652
6811,22.748263,NGC 5765,NR,0.02800000086426735,,FIRST J145050.5+050709
6811,47.575195,J145048.46+050705.5,X,,4XMM J145048.5+050707,
17299,144.095081,SDSS J172704.67+593736.6,Q,1.1319999694824219,,
17299,159.369425,SDSS J172701.55+593757.3,Q,2.0350000858306885,,
17300,78.156322,WISEA J222708.83+313126.4,q,0.30000001192092896,,
17300,84.83365,SDSS J222705.37+313001.5,Q,1.0729999542236328,,
17300,140.486807,SDSS J222719.37+312835.9,Q,1.8660000562667847,,
17300,165.024569,SDSS J222724.17+313108.2,Q,0.7649999856948853,,
17303,85.168885,WISEA J004427.11-474911.1,qX,0.20000000298023224,XMMSL J004427.3-474911,
6815,153.438676,SDSS J021331.38-073926.0,qX,2.700000047683716,2SXPS J021331.4-073925,
6815,162.883669,J021334.04-074403.7,X,1.399999976158142,2SXPS J021333.6-074406,
6815,163.763134,J021319.31-074334.5,X,1.2999999523162842,2SXPS J021319.4-074336,
6816,119.309525,SDSS J085901.08+384906.9,Q,1.2139999866485596,,
17307,59.865807,SDSS J034632.77+004228.4,NR,0.18299999833106995,,VL0J034632.76+004228.3
6817,0.338931,NGC 5735,NR,0.012000000104308128,,NVSS J144233.2+284328
6817,108.590316,SDSS J144226.11+284240.1,Q,1.0859999656677246,,
6817,143.548422,LAMOSTJ144222.77+284254.0,Q,1.25600004196167,,
17308,173.918323,SDSS J104514.60+291109.8,Q,2.618000030517578,,
6819,68.988037,WISEA J223028.16+393720.8,q,0.20000000298023224,,
17309,128.294926,SDSS J110412.75+495048.9,Q,1.0240000486373901,,
17309,178.14679,SDSS J110349.97+494716.2,Q,1.8250000476837158,,
6820,75.704913,WISEA J003133.69-102913.1,q,1.100000023841858,,
17311,157.16736,WISEA J132604.41-162847.8,q,0.8999999761581421,,
17312,0.399804,CGCG 75-74,NR,0.03099999949336052,,NVSS J143411.7+124252
17318,140.977439,WISEA J233604.47-633645.8,q,1.0,,
6826,99.889494,SDSS J234026.43+273355.9,Q,0.8209999799728394,,
6827,141.676183,SDSS J235236.02+143043.5,Q,2.3399999141693115,,
17321,104.520688,SDSS J024446.99-053052.5,Q,1.8509999513626099,,
6829,169.467683,SDSS J143828.73+180820.0,Q,1.75,,
6831,139.349524,J223751.53+345113.6,R,,,VL0J223751.52+345113.8
6832,169.252756,J002020.44+215517.2,X,,2RXP J002019.9+215520,
6832,173.832992,J002019.05+215514.3,X,,4XMM J002019.1+215515,
17326,0.196883,MCG 9-16-028,N,0.032999999821186066,,
6833,26.130369,J035416.66+155518.8,X,,CXOG J035416.6+155519,
6834,66.866197,WISEA J040242.40-042848.2,q,1.0,,
17331,45.598726,SDSS J115317.67+232836.9,Q,1.9220000505447388,,
17331,155.108354,J115318.80+233025.4,X,0.6000000238418579,1WGA J1153.3+2330,
17331,169.430964,SDSS J115316.78+233041.8,A,0.257999986410141,,
17331,171.865624,PGC 1688650,AR,0.257999986410141,,FIRST J115316.0+233039
6839,133.435795,WISEA J153009.84+233736.0,q,0.5,,
6840,123.33725,WISEA J212122.96+211304.4,q,1.399999976158142,,
6842,80.6919,SDSS J232804.02+084451.6,QX,1.2920000553131104,2XMM J232803.9+084452,
6842,141.96789,NGC 7674,ARX,0.028999999165534973,2SXPS J232756.7+084644,VL0J232756.71+084644.2
6843,80.813686,2QZ J012543.1-302219,Q,1.4759999513626099,,
6843,142.817255,2QZ J012533.7-302411,QR,0.9769999980926514,,VL0J012533.75-302410.8
17341,90.741059,WISEA J051934.55-411147.4,q,0.6000000238418579,,
6845,82.102546,SDSS J075755.12+250819.2,Q,0.9779999852180481,,
6846,30.664158,SDSS J134122.27+553900.7,Q,1.3990000486373901,,
6846,121.963012,J134132.87+554012.9,X,,2RXP J134133.8+554008,
6846,161.856948,SDSS J134105.48+553804.7,Q,1.909999966621399,,
17344,121.099841,SDSS J130531.77+291621.4,QR,3.312999963760376,,FIRST J130531.7+291621
17345,43.827834,WISEA J140012.38+384000.2,q,1.2000000476837158,,
17345,123.160155,SDSS J140019.60+384004.0,Q,0.8539999723434448,,
6849,51.771932,J230316.59+085249.5,X,1.2000000476837158,1RXH J230316.3+085241,
6849,75.584797,J230318.12+085221.4,X,,2SXPS J230318.3+085222,
6849,79.166039,NGC 7469,ARX,0.017000000923871994,4XMM J230315.6+085226,FIRST J230315.6+085226
6849,92.829936,J230317.72+085509.7,X,,2SXPS J230317.7+085509,
6849,98.126071,J230313.38+085226.6,X,,XMMX J230313.2+085223,
17353,131.67829,SDSS J122702.44+085529.1,qX,,CXOG J122702.4+085529,
17354,133.010973,SDSS J125126.04+272303.3,QX,0.4869999885559082,4XMM J125126.0+272303,
17357,100.425304,WISEA J141248.82-402652.7,qX,0.8999999761581421,2XMM J141248.8-402653,
17358,39.60071,WISEA J141546.12+085358.7,q,1.100000023841858,,
17358,104.098871,SDSS J141543.49+085606.7,Q,1.840000033378601,,
6856,28.474613,WISEA J230427.38+272152.4,q,0.30000001192092896,,
6857,88.166117,SDSS J232340.07+291009.8,Q,1.9079999923706055,,
6858,38.600554,WISEA J033944.56-044012.2,q,0.5,,
17363,161.442432,SDSS J022714.68+031538.5,Q,0.5559999942779541,,
6859,0.138845,CGCG 420-15,NRX,0.029999999329447746,2SXPS J045325.7+040341,VL0J045325.74+040342.0
17364,100.970352,SDSS J023536.20-022201.0,Q,3.489000082015991,,
17364,178.380381,PKS 0232-02,QR,1.3250000476837158,,VL0J023532.78-021930.3
6860,0.2755,IC 2365,ARX,0.019999999552965164,2SXPS J082618.0+275022,FIRST J082618.0+275024
6860,154.606015,SDSS J082613.82+274800.4,QX,1.5709999799728394,2SXPS J082613.6+274802,
17365,0.226859,NPM 1G-06.0116,NR,0.032999999821186066,,FIRST J025213.2-064554
17365,118.581281,SDSS J025217.93-064728.9,Q,0.6349999904632568,,
6861,89.68118,SDSS J090851.97+295301.6,Q,2.5190000534057617,,
6862,45.909063,SDSS J110945.26+464808.3,Q,0.6940000057220459,,
17372,0.037429,CGCG 127-92,NR,0.023000000044703484,,VL0J115310.97+203931.8
6868,85.656452,J034029.07+150440.2,R2X,0.20000000298023224,4XMM J034029.1+150437,VL0J034029.07+150440.1
17375,0.138043,IRAS 20051-1117,ARX,0.029999999329447746,CXOG J200751.3-110834,VL0J200751.31-110834.2
17375,62.724706,J200752.97-110932.2,X,,2XMM J200752.8-110933,
17375,177.3634,J200800.58-110641.4,X,2.200000047683716,4XMM J200800.5-110642,
17377,150.780334,SDSS J234249.58+270552.2,Q,3.888000011444092,,
17377,170.288203,PGC 1798849,N,0.09399999678134918,,
6872,114.939092,SDSS J160343.79+400006.9,Q,2.7320001125335693,,
6872,162.75563,SDSS J160343.63+400113.9,Q,1.2200000286102295,,
6872,170.507132,SDSS J160405.42+400020.8,Q,1.6239999532699585,,
6872,179.971867,SDSS J160405.35+395727.0,Q,1.1740000247955322,,
17380,83.246507,SDSS J024644.77+002409.5,Q,1.5360000133514404,,
17380,164.582034,SDSS J024643.92+002244.6,Q,1.5420000553131104,,
17381,100.140694,WISEA J080644.41+610324.8,q,0.8999999761581421,,
6875,0.089843,NGC 707,AR,0.017999999225139618,,FIRST J015127.1-083019
6875,102.046393,SDSS J015133.94-083011.4,qX,2.200000047683716,2SXPS J015133.9-083010,
6875,151.458922,SDSS J015124.03-083243.8,qX,1.899999976158142,4XMM J015124.0-083243,
6875,165.771392,WISEA J015118.41-082834.9,qX,1.2999999523162842,2SXPS J015118.4-082835,
17383,109.838927,SDSS J093034.26+162025.3,Q,2.2820000648498535,,
17383,143.732077,J093018.92+162149.4,R,,,NVSS J093018.7+162150
6876,99.044347,SDSS J024833.73-001512.1,Q,1.3240000009536743,,
6876,114.808253,SDSS J024832.74-001729.2,Q,2.492000102996826,,
17386,53.411332,SDSS J132724.26+122205.1,Q,2.5230000019073486,,
6877,33.352449,J044010.44+071947.7,X,1.899999976158142,CXOG J044010.3+071949,
6877,54.018498,WISEA J044012.59+071945.4,qX,0.20000000298023224,CXOG J044012.7+071943,
6877,96.543665,J044003.75+072055.5,X,0.5,CXOG J044003.7+072056,
6878,0.215315,IC 2467,NR,0.02800000086426735,,FIRST J092452.7+382106
6881,156.788281,SDSS J113412.31+342121.7,Q,1.7979999780654907,,
17392,48.619143,WISEA J215044.54+024914.6,q,1.899999976158142,,
17393,140.042139,SDSS J230625.29+315348.4,Q,1.784999966621399,,
17396,0.039775,NPM 1G-07.0135,N,0.02199999988079071,,
17397,142.464775,WISEA J070909.23+495120.2,q,2.200000047683716,,
17398,119.926428,SDSS J090406.93+033315.3,Q,1.9620000123977661,,
17399,112.52393,SDSS J094712.73+144330.5,Q,2.749000072479248,,
17400,147.026819,S5 1039+81,QR2X,1.2599999904632568,2SXPS J104422.9+805440,VL0J104422.82+805437.5
17402,0.328067,MCG 4-27-059,NR,0.032999999821186066,,NVSS J113245.1+250257
6892,139.989626,WISEA J101004.15-114422.3,q,0.20000000298023224,,
17403,128.539437,2QZ J122709.9-011912,Q,0.7519999742507935,,
6895,57.242005,SDSS J161800.61+225709.0,Q,2.306999921798706,,
6897,161.869944,SDSS J004958.80-051157.0,Q,2.240999937057495,,
6898,0.148437,UGC 1395,AR,0.017000000923871994,,VL0J015522.03+063642.5
6898,75.669465,WISEA J015526.14+063558.2,q,3.4000000953674316,,
17412,173.895069,WISEA J013731.05-422958.4,qR,1.2999999523162842,,SUMSS J013731.4-423000
17417,99.458607,J101341.43+384944.4,X,,2SXPS J101341.6+384939,
6904,0.089363,NGC 5599,N,0.024000000208616257,,
6904,118.789525,WISEA J142354.22+063619.9,q,0.20000000298023224,,
6905,30.898421,J143404.87-074001.8,R,,,NVSS J143405.1-074004
17423,55.624866,J233835.29+270010.6,RX,,1RXH J233834.9+270014,NVSS J233835.4+270007
17423,95.404207,SDSS J233831.66+270035.0,QX,1.6490000486373901,4XMM J233831.7+270034,
17423,145.036721,NGC 7720,AR2X,0.03099999949336052,2XMM J233829.3+270153,VL0J233829.36+270153.3
17423,153.373259,SDSS J233828.56+270150.4,qX,,1WGA J2338.4+2702,
6908,171.326155,SDSS J003941.86+031009.9,QX,1.3730000257492065,2SXPS J003941.8+031009,
17427,35.842172,SDSS J093350.57+302359.5,N,0.4650000035762787,,
17427,72.565235,SDSS J093354.05+302303.2,Q,1.3140000104904175,,
17427,168.113787,SDSS J093353.44+302126.5,Q,1.097000002861023,,
6914,128.96821,SDSS J084340.88+515802.9,Q,1.1759999990463257,,
17429,158.509067,SDSS J144406.44+224640.2,Q,2.7139999866485596,,
17431,176.104931,WISEA J164341.57+620553.1,q,0.6000000238418579,,
17432,161.705385,WISEA J164702.16+535332.3,q,0.30000001192092896,,
6917,147.360856,WISEA J225829.09+260457.2,q,0.10000000149011612,,
17435,154.614044,WISEA J023957.31-110401.6,q,0.8999999761581421,,
6919,103.287592,NGC 71,NX,0.02199999988079071,CXOG J001823.6+300347,
6919,141.565164,SDSS J001819.02+300339.4,qX,1.600000023841858,CXOG J001819.0+300339,
17437,167.039065,WISEA J062013.15-652534.3,q,1.2999999523162842,,
6920,61.367099,SDSS J015443.57-000747.6,QX,2.2209999561309814,4XMM J015443.5-000748,
6920,128.504735,SDSS J015447.97-000951.8,QX,4.046999931335449,4XMM J015447.9-000950,
6920,144.692406,J015447.25-000645.2,X,,4XMM J015447.2-000643,
17439,0.085501,NPM1G-10.0474,AX,0.02199999988079071,XMMSL J133239.1-102851,
17441,62.7997,SDSS J155549.44+242911.4,AX,0.07000000029802322,CXOG J155549.4+242911,
17441,178.429343,WISEA J155532.67+242850.7,q,0.10000000149011612,,
6923,158.747029,WISEA J040758.21-085105.8,q,1.899999976158142,,
6924,148.897402,SDSS J135358.57+402027.4,QX,0.8669999837875366,4XMM J135358.5+402027,
17445,0.038682,NPM 1G-16.0520,AR,0.028999999165534973,,VL0J205933.56-160535.2
17447,23.770459,WISEA J001427.52-194054.3,q,0.10000000149011612,,
17448,65.266381,SDSS J003622.87+254742.4,QX,1.375,2SXPS J003622.6+254742,
17448,163.006233,SDSS J003630.61+254729.3,Q,1.8259999752044678,,
17452,105.432662,WISEA J082224.25+735955.6,q,0.4000000059604645,,
6933,0.395243,ESO 512-20,AR,0.010999999940395355,,VL0J144456.91-234739.3
17455,149.180746,SDSS J143345.31+352054.7,QX,2.9860000610351562,CXOG J143345.3+352054,
17455,170.986461,AGES J143342.77+352129.8,QX,1.4759999513626099,CXOG J143342.7+352129,
6936,146.982857,SDSS J232246.98+290550.0,Q,2.1510000228881836,,
17456,137.475811,SDSS J001655.16+274837.1,Q,1.524999976158142,,
6937,174.914939,WISEA J021939.24+154556.9,q,0.20000000298023224,,
17461,64.446566,WISEA J044434.49+693937.2,q,0.5,,
6941,0.110168,IC 486,ARX,0.027000000700354576,4XMM J080020.9+263648,VL0J080021.02+263648.8
6941,100.623974,J080021.44+263508.1,X,,2XMMi J080021.4+263509,
6941,163.432217,SDSS J080015.32+263423.7,QX,0.6650000214576721,2XMMi J080015.3+263423,
17465,154.905832,SDSS J092542.09+492159.2,Q,2.367000102996826,,
17466,144.754055,PGC 1509347,N,0.026000000536441803,,
17466,148.165784,SDSS J100252.39+162924.7,Q,2.684999942779541,,
6943,0.263219,UGC 6726,AR,0.03200000151991844,,VL0J114509.26+494307.7
6943,143.397925,SDSS J114513.99+494523.4,Q,0.19200000166893005,,
6943,146.266149,J114504.80+494527.1,X,0.20000000298023224,2RXP J114504.9+494534,
6943,167.014277,SDSS J114513.13+494024.6,Q,1.9290000200271606,,
6944,110.584776,LAMOSTJ124326.72+410109.2,Q,1.9220000505447388,,
6944,159.694262,SDSS J124322.91+410150.5,Q,1.2079999446868896,,
17470,104.972389,WISEA J181112.40-561445.4,q,2.0,,
6946,38.560473,J012528.58-012426.6,X,,4XMM J012528.5-012426,
6947,152.808775,WISEA J075704.85+663855.6,q,0.8999999761581421,,
17473,59.387326,WISEA J230453.87+272128.5,q,0.10000000149011612,,
17473,171.546323,SDSS J230511.15+272113.7,Q,1.3669999837875366,,
6948,1.125583,IC 540,NR,0.007000000216066837,,FIRST J093009.6+075410
17475,74.653107,WISEA J081211.90+621557.2,q,0.699999988079071,,
6949,152.788978,J161141.50+584502.5,X,,2SXPS J161141.4+584458,
17477,136.327875,NPM 1G+09.0185,N,0.07699999958276749,,
17477,171.999057,WISEA J092952.76+084722.4,q,0.8999999761581421,,
17479,79.100205,SDSS J130640.09+570410.4,Q,1.5299999713897705,,
17479,106.539091,SDSS J130617.69+570357.9,Q,0.5260000228881836,,
17479,129.548738,WISEA J130640.44+570532.3,q,0.30000001192092896,,
17479,129.574641,SDSS J130637.73+570546.1,Q,2.299999952316284,,
17479,160.954558,SDSS J130643.79+570149.2,Q,1.2269999980926514,,
17479,170.572926,WISEA J130625.06+570634.0,q,0.800000011920929,,
6954,31.63006,J111522.18+353038.6,R,,,NVSS J111521.6+353032
17481,0.138301,CGCG 48-39,N,0.02800000086426735,,
6955,36.356527,SDSS J132000.75+315928.7,Q,1.6230000257492065,,
6955,97.224524,SDSS J132001.76+315715.8,Q,2.0209999084472656,,
17482,0.229132,NPM 1G+25.0403,A,0.03200000151991844,,
17482,96.113528,PGC 1740389,ARX,0.16500000655651093,2RXS J155655.7+253226,VL0J155654.46+253233.6
17482,130.203191,WISEA J155644.90+253522.0,q,0.30000001192092896,,
17483,141.522196,WISEA J172828.61+600318.2,q,0.6000000238418579,,
17487,155.798855,WISEA J025403.34+414456.5,qX,1.5,CXOG J025403.4+414456,
17488,105.153209,WISEA J073441.58+490109.8,q,0.30000001192092896,,
17492,146.986814,SDSS J110646.03+483848.4,Q,2.009000062942505,,
17492,153.158687,SDSS J110646.68+483850.0,Q,1.7280000448226929,,
17492,168.287804,SDSS J110617.91+484049.4,Q,1.409999966621399,,
6966,130.718191,J111110.69-045212.2,R,0.5,,VL0J111110.65-045211.1
6968,140.043426,WISEA J174757.85+065937.8,q,1.7999999523162842,,
17496,146.320543,WISEA J214315.82-241452.9,q,0.30000001192092896,,
17498,92.773963,SDSS J010753.18+023407.3,Q,1.3359999656677246,,
6971,115.541425,WISEA J222607.73+355555.3,q,1.100000023841858,,
6972,72.218719,SDSS J224934.13+113214.2,qX,1.2000000476837158,CXOG J224934.1+113213,
6972,121.998621,J224937.58+113124.2,2,,,
6972,122.742136,SDSS J224932.11+113131.7,qX,1.7000000476837158,CXOG J224932.1+113131,
6972,127.348077,SDSS J224936.80+113529.1,qX,1.600000023841858,CXOG J224936.8+113528,
6972,138.78009,J224937.83+113537.9,X,1.2000000476837158,CXOG J224937.8+113537,
6972,155.367102,J224943.83+113144.2,X,0.6000000238418579,CXOG J224943.9+113145,
6972,168.846974,SDSS J224937.79+113608.7,QX,4.043000221252441,CXOG J224937.7+113608,
6972,172.197239,SDSS J224947.32+113338.1,qX,0.6000000238418579,CXOG J224947.3+113338,
17502,106.547162,WISEA J055336.49+664336.7,q,0.8999999761581421,,
17503,0.316033,IC 484,NX,0.027000000700354576,2XMMi J080000.9+263957,
17503,106.731353,J080007.58+263855.8,X,,4XMM J080007.5+263853,
17503,149.898866,J080011.78+264040.9,X,,4XMM J080011.7+264040,
17505,49.090645,J122408.82+070224.5,X,,CXOX J122408.7+070223,
17506,167.961972,2SLAQ J140501.53-000625.1,K,0.8669999837875366,,
17507,159.211168,SDSS J142937.58+450512.5,Q,2.381999969482422,,
6979,69.180271,WISEA J195516.20-231712.3,q,1.5,,
17508,0.209097,UGC 9791,N,0.03099999949336052,,
17508,160.213687,J151445.99+584842.1,R,,,FIRST J151446.0+584841
6982,108.15293,SDSS J235813.34+291946.9,Q,1.5080000162124634,,
6983,165.400758,SDSS J005531.57+314555.5,Q,0.8209999799728394,,
17514,108.886264,WISEA J211926.12-551220.7,q,1.0,,
17515,120.839008,SDSS J225345.06+201430.5,Q,1.2350000143051147,,
17516,127.824745,SDSS J005101.94+293020.2,Q,1.1959999799728394,,
17516,127.93271,SDSS J005114.15+293329.7,qX,1.899999976158142,2SXPS J005114.1+293331,
17516,131.468189,SDSS J005115.82+293253.1,Q,2.117000102996826,,
17516,154.820181,2MASS J00509+2933,NX,0.13600000739097595,CXOG J005055.6+293328,
6987,1.902256,NGC 3934,NR,0.012000000104308128,,VL0J115212.57+165105.5
6987,175.833013,WISEA J115222.70+165243.6,q,0.20000000298023224,,
17519,179.714496,J024108.23+084731.2,X,1.7999999523162842,4XMM J024108.2+084730,
17523,109.802747,J124048.26+714433.9,X,,2SXPS J124049.1+714434,
17523,129.83642,WISEA J124124.33+714555.8,q,1.2999999523162842,,
6993,25.959394,J005117.52-083614.3,R,,,FIRST J005117.6-083614
6994,75.889344,SDSS J005322.44+322913.8,Q,1.2599999904632568,,
17525,147.469568,SDSS J142610.42+121927.3,Q,3.2730000019073486,,
6995,0.162458,ESO 549-50,NR,0.02500000037252903,,VL0J040246.14-210708.5
6998,115.822275,SDSS J000657.13+083719.5,Q,2.244999885559082,,
7001,153.604203,WISEA J044720.17-173515.1,q,1.2000000476837158,,
17534,15.92362,SDSS J074331.20+225539.2,Q,0.6650000214576721,,
17535,143.720221,WISEA J082756.87+045618.7,q,1.5,,
7004,92.123027,WISEA J095849.61-283839.5,qX,0.20000000298023224,2SXPS J095849.7-283839,
7005,141.828487,SDSS J121429.54+322256.6,Q,0.5440000295639038,,
17536,0.399845,NGC 5167,NR,0.02500000037252903,,NVSS J132840.2+124237
17536,105.760844,WISEA J132846.00+124136.8,q,2.9000000953674316,,
17536,158.275109,SDSS J132830.15+124338.3,Q,2.2909998893737793,,
17536,172.753164,SDSS J132828.59+124311.2,A,0.20499999821186066,,
17536,175.205448,SDSS J132849.35+124046.8,A,0.34299999475479126,,
17537,67.523519,SDSS J134804.80+072439.6,QR,2.497999906539917,,VL0J134804.79+072439.7
17537,112.984899,UGC 8728,AR,0.023000000044703484,,VL0J134812.55+072340.8
7007,94.576028,SDSS J130757.12+515718.0,Q,1.434999942779541,,
7008,142.462892,SDSS J131627.41+252356.4,Q,1.6200000047683716,,
7008,159.000001,SDSS J131605.48+252401.5,A,0.5820000171661377,,
17540,40.935779,J182548.75+465449.5,2,1.399999976158142,,
17540,72.02927,J182556.34+465403.7,2,1.2999999523162842,,
7010,113.770676,Q 16126+2204,Q,1.6130000352859497,,
7012,97.393922,WISEA J200811.49-291957.2,q,2.0,,
17543,154.712665,SDSS J003537.78-025008.7,Q,1.5700000524520874,,
17544,162.911411,WISEA J032611.70-135621.4,q,1.5,,
17545,102.719301,WISEA J033500.46-515018.2,q,1.7000000476837158,,
17547,173.2397,J035441.12-202506.2,X,,CXOG J035441.1-202506,
17549,0.267965,MARK 373,AR,0.019999999552965164,,VL0J065435.10+502108.7
17550,126.404632,WISEA J072129.28+310456.4,q,1.0,,
7022,0.203342,NGC 3781,AR,0.02199999988079071,,VL0J113903.76+262142.3
17555,0.054458,CGCG 47-102,NR,0.02800000086426735,,VL0J143424.79+024756.4
7023,106.647761,J125920.69+280649.7,X,,4XMM J125920.7+280652,
7025,135.464569,WISEA J155835.85+484304.8,qR,2.5,,VL0J155835.87+484304.8
17559,149.534553,WISEA J200809.46-560946.7,q,2.200000047683716,,
17559,167.211703,WISEA J200846.82-560903.6,q,1.0,,
17559,170.703076,J200831.80-561229.1,R,,,SUMSS J200831.7-561232
7026,114.824799,SDSS J234809.03+272203.6,Q,1.253999948501587,,
7026,170.599747,SDSS J234753.56+272453.2,Q,1.527999997138977,,
7027,74.339566,WISEA J001546.61-330044.0,q,1.2999999523162842,,
17567,162.697724,WISEA J071047.77+821407.2,q,1.7000000476837158,,
7032,176.121723,SDSS J143302.97+413730.1,Q,1.1449999809265137,,
7034,32.38527,WISEA J020536.02+345236.1,q,1.2000000476837158,,
17571,149.115286,J125945.66+275216.7,X,,CXOG J125945.6+275216,
17571,165.351983,J125949.03+275718.3,X,0.5,XMMX J125948.9+275720,
17571,175.444219,J125944.38+275740.3,X,,XMMX J125944.3+275735,
7036,0.031183,ESO 509-51,AR,0.026000000536441803,,VL0J133243.09-234132.9
17572,83.914696,SDSS J134606.87+363444.0,Q,3.8459999561309814,,
17572,106.745382,SDSS J134603.00+363512.3,Q,1.6519999504089355,,
17572,118.894236,SDSS J134602.57+363643.3,Q,2.441999912261963,,
17572,144.557772,SDSS J134600.27+363452.4,Q,1.9459999799728394,,
17575,119.34071,SDSS J162539.39+402648.1,Q,2.624000072479248,,
17575,153.382308,SDSS J162557.91+402835.1,Q,1.6349999904632568,,
7041,137.594827,WISEA J054545.36+640357.3,q,1.600000023841858,,
7041,140.670975,J054533.29+640406.4,X,,2SXPS J054533.1+640406,
7042,0.138632,NGC 3068,NR,0.020999999716877937,,VL0J095840.06+285239.2
7042,112.198438,SDSS J095844.43+285102.7,Q,2.2980000972747803,,
17579,100.034561,SDSS J010323.00+321910.3,Q,1.847000002861023,,
7044,54.757623,SDSS J163103.46+394638.6,QX,1.194000005722046,4XMM J163103.5+394637,
7044,64.220562,J163057.79+394802.7,X,2.299999952316284,4XMM J163057.7+394802,
7044,166.04623,MCG 7-34-105,NX,0.03099999949336052,4XMM J163103.4+395015,
17585,164.834848,CGRaBS J0957-1350,QR2X,1.3229999542236328,2SXPS J095718.3-135001,VL0J095718.17-135000.7
7047,75.178577,J005038.46-521420.2,X,,2XMM J005038.4-521419,
7047,175.119666,HXMM J00505-5215,QX,1.222000002861023,XMMX J005032.1-521544,
17590,112.693161,WISEA J204701.56+110541.4,q,0.5,,
17591,40.828803,J211745.79-482343.8,X,,4XMM J211745.8-482345,
17593,29.957976,WISEA J223728.51+353202.7,q,2.5999999046325684,,
17594,131.479792,J044534.81+182506.3,RX,0.4000000059604645,2SXPS J044534.9+182508,VL0J044534.81+182506.4
7053,134.971021,SDSS J140717.07+123441.1,Q,0.8460000157356262,,
17597,101.320368,J100535.46+702005.1,X,0.8999999761581421,CXOX J100535.3+702005,
17597,167.966586,J100539.87+702140.9,X,,CXOG J100539.7+702140,
17598,68.7418,WISEA J101813.88-130747.9,q,0.20000000298023224,,
7059,143.956244,WISEA J094300.84+211232.4,q,0.800000011920929,,
7064,89.850021,WISEA J010648.28-454800.6,q,0.20000000298023224,,
17606,73.174866,SDSS J162928.42+405320.8,QX,2.822999954223633,4XMM J162928.3+405321,
7066,166.571618,SDSS J025644.00+412234.3,qX,2.0,4XMM J025643.9+412234,
17607,171.678923,VPM J17155+4347,QX,0.9229999780654907,1RXH J171532.2+434758,
17608,47.205678,SDSS J224934.91+115953.9,Q,2.381999969482422,,
17612,121.166267,SDSS J103439.36+443930.8,Q,0.6809999942779541,,
7073,144.310092,SDSS J125003.16+274714.4,Q,2.5739998817443848,,
17614,156.216786,IC 816,N,0.024000000208616257,,
17615,169.776928,WISEA J130822.44+733708.9,q,1.100000023841858,,
17616,82.759415,WISEA J135136.12-302917.8,q,0.30000001192092896,,
7079,127.373035,SDSS J134527.06+353516.9,Q,2.234999895095825,,
7079,175.213598,SDSS J134520.62+353631.7,Q,1.5700000524520874,,
17619,132.900308,J002937.57-044020.0,R,,,VL0J002937.60-044020.1
17619,167.577508,SDSS J002938.55-044327.3,Q,3.2249999046325684,,
17622,96.072157,WISEA J024652.51+414743.5,q,1.100000023841858,,
17623,43.929223,J025746.07+060100.5,R2,1.399999976158142,,FIRST J025746.1+060059
17623,102.879947,J025751.74+060259.8,X,,1RXH J025751.7+060257,
17623,136.263981,J025738.33+060153.7,X,,1RXH J025738.2+060156,
17623,172.691623,J025748.93+055848.3,X,1.899999976158142,2XMMi J025748.8+055846,
7086,70.414495,WISEA J032955.59-132245.7,q,1.5,,
7087,85.339417,WISEA J034057.41-334721.1,q,1.5,,
17627,90.103554,SDSS J091911.81+335242.8,QX,1.7890000343322754,2SXPS J091911.4+335240,
17627,170.266087,SDSS J091932.69+335256.5,QX,1.659999966621399,2SXPS J091932.7+335256,
7090,111.766189,SDSS J095629.45+591823.1,Q,1.9709999561309814,,
7090,116.949798,SDSS J095620.12+591635.8,Q,2.680999994277954,,
7090,168.099531,SDSS J095635.66+591732.1,Q,3.7130000591278076,,
17632,29.92569,J125302.65-102216.0,X,,CXOG J125302.7-102213,
17632,54.832762,J125304.77-102102.7,X,1.100000023841858,1RXH J125305.1-102101,
17633,106.821594,J125807.51+265256.2,X,,4XMM J125807.4+265254,
17633,127.115542,J125754.01+265034.1,X,,4XMM J125753.9+265034,
17633,135.082798,SDSS J125809.59+265308.7,QX,0.765999972820282,XMMX J125809.8+265306,
7093,149.794092,J221413.82-170157.1,R,,,VL0J221413.79-170159.3
17635,163.959767,WISEA J173453.45-625506.5,q,0.10000000149011612,,
7098,144.314272,SDSS J113837.82+203303.3,Q,2.36299991607666,,
7098,170.254276,SDSS J113820.42+203333.1,Q,2.678999900817871,,
7098,174.322191,SDSS J113820.27+203336.9,QR,2.687000036239624,,VL0J113820.28+203337.0
7100,0.26914,IC 1515,NR,0.023000000044703484,,FIRST J235603.8-005918
7100,63.403893,SDSS J235604.83-005816.5,A,0.2809999883174896,,
7100,160.392909,SDSS J235614.59-005921.8,QX,0.4090000092983246,CXOG J235614.6-005921,
17645,150.125105,WISEA J111831.78-142343.7,q,1.2999999523162842,,
7101,96.845778,SDSS J012853.21+185741.5,Q,0.7990000247955322,,
17646,0.041992,MCG 0-31-035,N,0.026000000536441803,,
7103,110.960688,SDSS J111103.85+433611.2,Q,1.9079999923706055,,
17648,164.862499,SDSS J131551.84+350118.1,Q,1.937999963760376,,
17649,150.892257,WISEA J142543.68+043833.6,q,1.399999976158142,,
17652,0.432416,MCG 5-40-043,N,0.03200000151991844,,
17652,66.108078,SDSS J170837.18+314903.9,Q,1.878000020980835,,
17652,159.572192,SDSS J170845.54+314853.7,Q,1.7309999465942383,,
17654,74.324981,SDSS J232319.72+131807.4,Q,2.634000062942505,,
7110,84.736136,WISEA J204609.23-140138.2,q,0.20000000298023224,,
7113,153.433067,SDSS J020440.95+284918.8,Q,2.36299991607666,,
7116,89.59746,WISEA J130609.31-294210.2,q,0.20000000298023224,,
17662,113.630654,SDSS J081115.92+363521.0,Q,2.697999954223633,,
17662,134.346364,SDSS J081104.46+363806.3,Q,2.437000036239624,,
7117,133.697468,SDSS J132647.94+165059.3,Q,2.4609999656677246,,
17664,73.434178,SDSS J101809.78+602152.3,Q,2.8489999771118164,,
17664,150.208544,SDSS J101824.96+602115.0,QR2,1.8450000286102295,,VL0J101824.95+602114.9
17664,170.188664,SDSS J101813.33+602326.5,Q,1.4170000553131104,,
7122,121.54483,J113150.33-302237.9,X,,4XMM J113150.3-302236,
7122,154.383811,J113203.10-302505.5,X,,4XMM J113203.0-302505,
17669,170.825365,SDSS J133217.43+181132.0,qR,1.7999999523162842,,FIRST J133217.4+181132
17670,33.053129,WISEA J143317.07+035339.9,q,0.699999988079071,,
7125,122.566254,SDSS J005435.22+054512.1,Q,1.2690000534057617,,
17671,123.97813,SDSS J155406.31+301105.3,qX,1.7999999523162842,2SXPS J155406.3+301106,
17672,176.481141,SDSS J160110.32+085152.3,qX,1.2000000476837158,4XMM J160110.3+085152,
7126,84.366844,J024035.64+084940.7,X,,2XMM J024035.7+084938,
17674,155.618517,WISEA J172304.12+145857.7,q,0.800000011920929,,
7128,122.251993,SDSS J100103.75+363505.0,QX,0.9419999718666077,2SXPS J100103.6+363507,
17676,83.611,SDSS J212203.02+070722.5,Q,2.7260000705718994,,
17676,176.289316,SDSS J212206.93+070606.3,N,0.16500000655651093,,
13380,172.048857,WISEA J173634.18+420236.2,q,0.5,,
13382,158.004611,SDSS J231906.64+290137.0,Q,1.6579999923706055,,
13382,166.263876,SDSS J231854.53+290409.8,Q,2.3359999656677246,,
13383,100.003594,SDSS J003825.51+150358.9,Q,1.1519999504089355,,
13383,164.428209,SDSS J003825.80+145940.7,Q,0.8190000057220459,,
13384,164.35985,J012400.82+330759.6,X,,4XMM J012400.8+330759,
13387,73.288202,SDSS J081607.19+283657.6,Q,0.4169999957084656,,
13388,85.373076,SDSS J082351.62+205723.5,Q,0.9200000166893005,,
3776,26.935354,J130501.77+351106.3,X,,4XMM J130501.7+351107,
3776,138.726994,J130502.60+351258.5,X,,4XMM J130502.5+351258,
13389,162.567821,CFHT J085039.71-030409.6,Q,4.179999828338623,,
3778,0.210805,SDSS J141338.70+073937.5,N,0.024000000208616257,,
3778,64.254188,SDSS J141342.85+073919.2,qR,1.2999999523162842,,NVSS J141342.2+073922
13391,111.83396,SDSS J121852.97+060932.6,NR,0.09099999815225601,,FIRST J121852.9+060932
13392,129.512964,WISEA J135227.35+141523.6,qR,1.600000023841858,,VL0J135227.36+141523.6
13392,165.791124,SDSS J135216.20+141339.1,Q,1.4479999542236328,,
13393,61.538782,NGC 5852,AR,0.02199999988079071,,VL0J150656.41+125048.7
13394,166.818739,SDSS J013254.68-071747.1,Q,3.2750000953674316,,
13396,0.262579,3C 98.0,NX,0.03099999949336052,CXOG J035854.4+102603,
13398,174.771339,WISEA J065443.83-380249.6,q,1.2000000476837158,,
3785,39.487361,SDSS J001819.02+300339.4,qX,1.600000023841858,CXOG J001819.0+300339,
3785,71.808553,NGC 71,NX,0.02199999988079071,CXOG J001823.6+300347,
3785,103.521291,J001818.22+300601.8,X,,2CXO J001818.2+300600,
3785,175.521218,J001818.14+300713.8,X,,CXOG J001818.1+300714,
13400,90.460062,SDSS J093226.79+104759.5,Q,1.2899999618530273,,
3786,145.659134,SDSS J004227.51-015838.8,Q,1.687000036239624,,
13401,72.532163,SDSS J120716.42+320544.6,Q,1.1729999780654907,,
3789,78.313096,WISEA J140315.09-332241.7,q,0.10000000149011612,,
13405,121.849919,J231804.76+112014.7,R,,,FIRST J231804.6+112015
13408,0.22536,UGC 8347,N,0.032999999821186066,,
13408,171.582568,SDSS J131630.73+525309.4,Q,2.2130000591278076,,
13409,81.067135,SDSS J162250.02+373203.2,Q,1.9040000438690186,,
13410,45.612923,SDSS J162358.49+361417.4,Q,0.875,,
3796,57.099705,J142258.62+402151.9,X,,2SXPS J142258.7+402154,
3798,12.564348,J103447.81+213843.6,X,,CXOG J103447.8+213842,
3798,20.837228,J103447.23+213914.8,X,,CXOG J103447.1+213912,
3800,160.986327,WISEA J224352.31+381955.7,q,1.2999999523162842,,
3801,10.425708,SDSS J044144.34-070500.4,qR,2.200000047683716,,NVSS J044144.3-070459
3801,61.205139,WISEA J044146.51-070601.9,q,0.30000001192092896,,
3801,131.346126,WISEA J044146.31-070718.9,q,2.0,,
3802,176.034365,WISEA J164756.13-071052.4,q,0.699999988079071,,
3803,156.576262,WISEA J052733.72+635123.9,q,0.30000001192092896,,
13421,0.176936,MCG 4-29-003,A,0.024000000208616257,,
3805,128.305172,SDSS J105156.85+510151.1,Q,1.8220000267028809,,
3805,166.415467,SDSS J105201.08+510146.3,Q,1.284999966621399,,
13427,113.246659,WISEA J224605.51+104942.1,qX,0.5,2RXS J224605.1+104939,
13428,121.155291,SDSS J225237.79+060336.2,N,0.17100000381469727,,
13429,134.043677,WISEA J225825.60-011301.0,q,0.4000000059604645,,
13430,128.485434,WISEA J231622.60-045959.7,q,1.0,,
13438,91.01979,2QZ J220117.7-313024,K,0.09399999678134918,,
13439,34.828575,WISEA J221325.45-271333.4,q,1.399999976158142,,
13441,142.758934,J000425.28-525509.0,X,,2SXPS J000425.2-525511,
13441,147.539304,J000411.21-525607.9,X,,2SXPS J000411.2-525610,
3821,143.878092,J113240.18-095830.5,R2,1.7999999523162842,,VL0J113240.21-095830.1
13442,50.818548,2QZ J010853.1-283517,N,0.2160000056028366,,
3822,94.125155,SDSS J141218.38+501930.1,Q,0.7889999747276306,,
13446,152.696415,SDSS J122017.47+074206.5,Q,1.996000051498413,,
13454,73.287638,SDSS J013145.66+173337.4,Q,2.436000108718872,,
13455,169.435798,SDSS J020437.29+212353.6,QX,0.9179999828338623,2SXPS J020437.2+212350,
13456,170.037028,WISEA J031220.37-250823.2,q,1.2000000476837158,,
3835,0.110921,NGC 7679,ARX,0.01600000075995922,4XMM J232846.6+033041,VL0J232846.64+033041.7
3835,110.400891,J232849.30+033224.1,X,,2XMM J232849.3+033222,
3835,178.488425,SDSS J232848.63+033337.0,QX,1.8949999809265137,2XMM J232848.6+033336,
13458,165.703822,SDSS J085022.49+401705.7,Q,1.4450000524520874,,
13458,166.720958,SDSS J085020.10+401307.8,Q,1.1890000104904175,,
13459,111.82895,SDSS J091722.27+443030.9,Q,2.1540000438690186,,
13459,113.914061,SDSS J091704.61+442829.7,Q,2.1500000953674316,,
3836,77.472602,SDSS J012300.68+332906.9,QRX,0.9200000166893005,CXOG J012300.6+332907,VL0J012300.66+332906.9
3836,93.577902,J012249.24+332858.4,X,1.2000000476837158,4XMM J012249.1+332858,
3836,105.886244,SDSS J012255.51+332631.3,Q,2.1559998989105225,,
3836,110.266513,SDSS J012256.90+333006.6,Q,1.5809999704360962,,
3836,126.730714,J012305.41+332731.5,X,1.399999976158142,1RXH J012305.7+332731,
3836,171.181117,J012307.30+332641.4,X,1.7000000476837158,CXOG J012307.3+332641,
3836,176.354258,SDSS J012242.53+332911.0,QX,2.1059999465942383,4XMM J012242.5+332909,
3838,140.250883,WISEA J233434.28-042946.7,q,2.700000047683716,,
13464,30.147771,J165831.94+594448.0,X,,2XMM J165832.1+594449,
3844,0.17752,UGC 6135,NRX,0.02199999988079071,2SXPS J110436.8+450729,FIRST J110436.8+450730
3844,149.75444,SDSS J110426.14+450554.4,QRX,2.4100000858306885,2SXPS J110425.9+450553,FIRST J110426.1+450554
3844,179.226488,SDSS J110444.32+450449.5,Q,0.5950000286102295,,
13474,155.366289,WISEA J022704.82-182850.3,q,1.5,,
3848,63.00704,SDSS J151930.30+455323.9,Q,0.7990000247955322,,
3849,84.931444,SDSS J153707.73+431654.7,Q,1.5759999752044678,,
3849,129.62063,SDSS J153711.50+432002.4,Q,1.9800000190734863,,
3850,46.625467,SDSS J010722.95+321812.4,QX,1.5269999504089355,CXOG J010722.9+321812,
3850,145.168468,J010729.02+321950.0,X,,CXOG J010728.9+321950,
3850,160.709113,J010727.75+321457.0,X,1.5,CXOX J010727.8+321455,
3852,0.070162,MARK 421,BRX,0.03099999949336052,4XMM J110427.3+381232,VL0J110427.33+381231.8
3852,16.705248,J110425.90+381231.4,X,,2XMMi J110425.9+381234,
3852,34.452908,SDSS J110426.69+381158.1,qX,2.799999952316284,2SXPS J110426.8+381152,
3852,62.506298,J110431.80+381158.6,X,,1RXH J110431.7+381204,
3852,65.856437,J110431.48+381315.7,X,,XMMX J110431.5+381318,
3852,74.187068,J110428.00+381345.6,X,,XMMX J110428.2+381348,
3852,80.228427,J110424.27+381120.1,X,,4XMM J110424.4+381117,
3852,95.296544,J110430.54+381104.5,X,,4XMM J110430.8+381104,
3852,106.109875,J110430.97+381054.9,X,,1RXH J110431.2+381057,
3852,117.540103,J110432.08+381048.6,X,,4XMM J110432.1+381050,
3852,119.980522,J110423.83+381424.6,X,,4XMM J110423.8+381422,
3852,121.401998,J110437.06+381311.1,X,0.10000000149011612,4XMM J110436.8+381312,
3852,136.794872,J110422.14+381434.3,X,,4XMM J110422.4+381433,
3852,142.113068,J110439.32+381219.3,X,,XMMX J110439.3+381222,
3852,147.759302,J110419.07+381423.2,X,,1RXH J110419.3+381422,
3852,148.091963,J110423.41+381011.1,X,,4XMM J110423.4+381012,
3852,150.574524,J110415.95+381340.7,X,,XMMX J110415.7+381340,
3852,157.569077,SDSS J110427.35+380954.2,qX,0.8999999761581421,XMMX J110427.3+380949,
3852,171.085693,J110437.62+381432.4,X,,XMMX J110437.6+381434,
3852,173.112871,J110415.40+381413.2,X,,XMMX J110415.2+381415,
3852,178.272749,J110412.44+381304.1,X,,1RXH J110412.6+381308,
3854,159.687454,SDSS J025049.75-014423.4,Q,1.1230000257492065,,
13487,93.060473,WISEA J113151.53-085802.2,q,0.30000001192092896,,
13489,98.730803,WISEA J145437.83+372348.0,q,2.799999952316284,,
13491,112.141432,SDSS J163603.03+560442.6,Q,1.5770000219345093,,
3862,61.340694,SDSS J122208.33+070853.1,qX,2.299999952316284,CXOG J122208.3+070853,
3862,61.772196,SDSS J122216.39+070825.2,NX,0.07500000298023224,CXOG J122216.4+070824,
3862,83.816524,SDSS J122217.53+070806.8,qX,1.100000023841858,CXOG J122217.5+070806,
3862,172.083359,J122215.10+071126.8,X,,CXOG J122215.0+071126,
3862,176.720533,J122223.89+070921.2,R,0.4000000059604645,,FIRST J122223.9+070921
13497,75.086446,J095226.52-160004.8,X,,2XMM J095226.5-160002,
3864,158.372189,J131858.14-183754.4,R,1.2999999523162842,,VL0J131858.16-183754.0
13498,81.059258,SDSS J101332.69+383820.7,Q,0.6129999756813049,,
13499,170.237697,J104107.58-172754.7,X,2.0999999046325684,2SXPS J104107.5-172753,
3866,152.254365,SDSS J152628.72+403306.6,Q,1.6859999895095825,,
13502,125.594533,WISEA J131752.71-392055.0,q,0.20000000298023224,,
3875,50.665131,SDSS J020520.58-062614.2,AX,0.36399999260902405,4XMM J020520.5-062614,
3875,61.961388,SDSS J020522.36-062750.3,QX,1.6490000486373901,4XMM J020522.3-062750,
3875,131.53014,SDSS J020523.27-062903.1,QX,1.0729999542236328,4XMM J020523.2-062903,
3875,135.383635,J020526.30-062835.7,X,1.399999976158142,4XMM J020526.0-062836,
13511,39.539601,SDSS J080112.59+325045.8,Q,2.0360000133514404,,
13512,147.521984,J104417.05-204945.0,R,0.4000000059604645,,VL0J104417.05-204944.7
3881,126.998928,WISEA J032207.61+093251.4,q,2.0,,
13524,137.381668,SDSS J112657.11+391509.9,Q,1.0520000457763672,,
13525,172.172488,SDSS J153859.68+120656.4,Q,2.796999931335449,,
3886,95.985691,J234732.27-280756.0,X,,CXOG J234732.2-280756,
3886,162.994476,2QZ J234738.6-280501,QX,1.253000020980835,CXOG J234738.6-280501,
3886,170.830713,J234721.22-280412.9,X,,4XMM J234721.1-280412,
3892,41.451745,WISEA J011142.66-613107.0,qX,0.699999988079071,4XMM J011142.7-613107,
3892,164.059941,J011208.66-613214.9,X,,4XMM J011208.5-613214,
3892,176.072398,J011134.58-613414.5,X,,4XMM J011134.6-613414,
13534,111.00929,WISEA J112829.24+232515.2,q,0.4000000059604645,,
13535,72.660119,SDSS J113429.21+330934.7,Q,1.2799999713897705,,
13535,101.891729,SDSS J113433.08+331158.6,Q,3.9660000801086426,,
13535,118.725118,SDSS J113435.80+330946.6,Q,2.196000099182129,,
13535,131.299153,LAMOSTJ113422.81+331241.5,Q,1.1619999408721924,,
3894,96.013839,NGC 1320,NRX,0.008999999612569809,4XMM J032448.6-030231,VL0J032448.69-030232.0
13536,158.474367,J121152.95-045315.5,R,2.4000000953674316,,VL0J121152.98-045315.1
3895,171.628025,SDSS J010205.37-015821.5,Q,1.593000054359436,,
3897,0.431962,NGC 2998,NR,0.01600000075995922,,NVSS J094843.7+440451
3897,93.457578,SDSS J094840.56+440325.3,QR,2.559000015258789,,VL0J094840.52+440325.3
13542,102.001007,SDSS J230344.27+015149.6,Q,2.1040000915527344,,
3901,141.915082,J223620.10-123423.3,X,2.5,4XMM J223620.0-123422,
13545,8.655181,J103641.70-273345.2,X,,4XMM J103641.6-273345,
13547,159.99383,WISEA J122310.61-370254.6,q,1.0,,
3904,175.561756,SDSS J133039.54+313744.2,QX,1.0950000286102295,2RXS J133038.9+313735,
13549,0.215438,IC 4349,NR,0.03099999949336052,,FIRST J135546.3+250907
13549,60.523556,SDSS J135550.78+250900.1,Q,2.628999948501587,,
3906,77.055451,WISEA J030708.16-093419.0,q,0.4000000059604645,,
3907,155.157879,SDSS J075024.30+162223.5,Q,0.7310000061988831,,
13551,97.957994,SDSS J150530.36+463523.4,Q,1.9140000343322754,,
13551,151.2393,LAMOSTJ150527.93+463124.8,Q,1.7519999742507935,,
13551,176.807312,SDSS J150541.59+463514.8,A,0.45399999618530273,,
13552,147.82143,WISEA J153221.83-025140.2,q,0.699999988079071,,
3908,0.823076,IC 2461,NRX,0.007000000216066837,2SXPS J091957.7+371128,VL0J091958.00+371127.5
3908,91.257003,J092003.20+371234.6,X,,4XMM J092003.1+371233,
13554,100.875478,WISEA J201306.00-284424.1,q,2.0999999046325684,,
3909,107.079959,J122520.87+645746.8,X,1.2000000476837158,2RXS J122522.4+645759,
3909,138.813824,WISEA J122512.98+645814.5,q,0.10000000149011612,,
13556,159.276041,WISEA J003348.58-564529.5,q,2.200000047683716,,
3910,61.800689,SDSS J231509.35+251752.0,Q,1.6460000276565552,,
13560,55.464259,SDSS J082856.75+173254.3,N,0.10100000351667404,,
13561,158.330354,SDSS J105559.58+495807.7,Q,3.7890000343322754,,
3917,122.706078,J182545.97-632307.9,X,,2SXPS J182546.0-632307,
3918,1.212478,NGC 34,NRX,0.01899999938905239,4XMM J001106.5-120627,VL0J001106.53-120627.2
13565,0.392212,MCG 7-31-047,AR,0.017999999225139618,,VL0J151505.56+430901.7
3919,145.21318,SDSS J010713.56+324555.3,Q,0.972000002861023,,
3919,177.117676,SDSS J010656.57+324528.4,Q,1.3730000257492065,,
13567,102.569288,J165814.49+585610.0,X,,XMMX J165814.3+585608,
3921,156.740854,WISEA J190459.46+554021.5,q,0.699999988079071,,
3923,111.193582,J005754.64-273048.6,X,,CXOG J005754.5-273047,
3924,77.742342,SDSS J095225.42+021001.2,Q,0.628000020980835,,
3924,168.186206,LAMOSTJ095222.46+021125.2,Q,2.759000062942505,,
3925,27.353001,J123547.16+265410.9,X,,2RXP J123546.9+265407,
13574,142.803707,WISEA J051818.44-575852.7,q,0.800000011920929,,
13576,82.768236,WISEA J074824.17-821159.2,q,1.2000000476837158,,
3927,0.076507,IC 1464B,AR,0.024000000208616257,,FIRST J230311.0-085920
3929,115.786539,SDSS J024032.20-052715.7,Q,0.8550000190734863,,
3931,99.709793,WISEA J183406.02+383733.0,q,1.7000000476837158,,
3934,100.299163,WISEA J040352.70+305157.3,q,1.5,,
13584,0.082045,ESO 462-9,NR,0.01899999938905239,,VL0J202151.54-311722.0
13585,131.293544,J220146.47-222715.8,X,,4XMM J220146.4-222716,
3936,66.638297,SDSS J120424.24+642549.4,Q,0.8320000171661377,,
3936,104.781134,SDSS J120448.93+642533.3,Q,1.2920000553131104,,
13587,119.743002,WISEA J044843.64-124544.6,q,1.2000000476837158,,
13587,124.847289,WISEA J044843.38-124727.5,q,0.4000000059604645,,
13587,139.292752,WISEA J044836.42-124845.1,q,2.700000047683716,,
3938,54.330062,RXS J17366+7205,AX,0.09399999678134918,XMMSL J173637.8+720531,
13590,0.246764,MCG 9-13-116,N,0.03200000151991844,,
3941,141.028807,WISEA J125821.23-153238.1,q,1.0,,
3942,0.161022,NGC 5674,ARX,0.02500000037252903,CXOG J143352.2+052729,VL0J143352.27+052730.2
3942,158.72349,SDSS J143357.18+052950.8,QX,0.9309999942779541,CXOG J143357.1+052950,
3944,0.285598,MCG -6-15-006,ARX,0.02500000037252903,2SXPS J063222.6-333054,VL0J063222.40-333054.5
3945,97.348401,J094404.16-211841.5,X,0.10000000149011612,CXOG J094404.1-211841,
13596,121.677971,SDSS J155744.08+041611.8,Q,2.427999973297119,,
3947,122.870686,SDSS J231539.47+131831.7,Q,2.7100000381469727,,
3947,170.886593,SDSS J231540.89+131455.5,Q,3.0320000648498535,,
3948,166.616291,WISEA J233704.19-202504.4,q,1.399999976158142,,
3949,34.201102,J014443.08-040747.6,R,1.399999976158142,,VL0J014443.10-040746.8
3949,81.478877,SDSS J014441.75-040701.4,Q,1.850000023841858,,
3949,168.696934,SDSS J014440.19-041040.2,Q,1.5,,
13599,139.859961,2QZ J230719.2-272128,Q,1.184999942779541,,
3951,162.025959,SDSS J123753.76+332602.2,QR,0.5109999775886536,,FIRST J123753.8+332603
13600,63.8136,SDSS J020015.14+320233.1,Q,1.4079999923706055,,
13600,122.17615,SDSS J020010.43+320156.9,Q,1.1619999408721924,,
13601,128.334035,WISEA J020319.30-604945.8,q,1.600000023841858,,
13605,117.646622,SDSS J101035.37+275826.0,Q,1.1890000104904175,,
3956,176.899369,WISEA J233056.16-025855.8,qX,0.30000001192092896,2RXS J233057.2-025844,
13606,109.657329,SDSS J103640.84+053238.1,Q,0.7450000047683716,,
3959,169.103957,WISEA J131934.29+402554.2,q,1.7000000476837158,,
13608,120.146875,SDSS J125856.01+281503.6,qX,1.899999976158142,4XMM J125856.0+281502,
3960,0.314938,NGC 6454,AR2X,0.03099999949336052,XMMSL J174455.6+554221,VL0J174456.50+554216.8
13610,116.962472,SDSS J143345.14+400348.1,Q,1.1690000295639038,,
13610,125.337078,SDSS J143337.46+400544.5,Q,2.234999895095825,,
13610,125.652387,PGC 2160796,N,0.0989999994635582,,
13610,152.833914,SDSS J143355.01+400751.5,QX,2.615000009536743,2SXPS J143354.9+400752,
13611,27.538318,WISEA J184023.69-770821.0,q,0.5,,
13611,93.455255,ESO 45-11,BRX,0.017999999225139618,2SXPS J184038.1-770927,SUMSS J184038.6-770930
13611,106.663549,J184007.16-770917.9,X,,4XMM J184007.1-770917,
13611,142.715177,J183948.86-770713.5,X,,4XMM J183948.7-770714,
3965,173.302504,WISEA J102938.67-034732.4,q,1.2999999523162842,,
13615,156.636191,WISEA J024740.16+160754.8,q,0.699999988079071,,
13617,110.482503,WISEA J051431.55-032550.1,q,0.800000011920929,,
13620,136.402451,SDSS J120726.22+363744.6,QR,2.11299991607666,,VL0J120726.23+363744.3
13620,137.648971,SDSS J120727.84+363804.3,Q,1.8029999732971191,,
13621,91.305411,2QZ J140129.4-003833,Q,0.5740000009536743,,
13621,97.989081,2SLAQ J140119.18-003759.1,Q,2.3369998931884766,,
13621,163.572372,2SLAQ J140122.14-003449.5,Q,1.375,,
3977,121.309373,SDSS J130854.61+621621.5,Q,1.812000036239624,,
3979,9.845109,J123032.16+122934.1,X,,CXOG J123032.1+122933,
3979,24.137819,J123030.41+122932.6,X,,XMMX J123030.3+122929,
3979,24.385065,SDSS J123033.40+122912.3,qX,2.4000000953674316,4XMM J123033.5+122915,
3979,76.945061,J123027.68+123009.1,X,,XMMX J123027.9+123005,
3979,82.070011,J123037.53+122934.6,X,,XMMX J123037.6+122933,
3979,120.673629,J123040.20+122921.1,X,,4XMM J123040.0+122920,
3979,176.173527,M 87.1524,QX,2.2300000190734863,CXOG J123030.8+122629,
13627,11.962344,J045948.84-122711.4,R,,,NVSS J045949.0-122711
13627,110.924011,WISEA J045951.66-122515.5,q,1.2000000476837158,,
13630,133.654074,WISEA J085346.10-071128.9,q,2.299999952316284,,
13631,125.601964,SDSS J101424.26+390227.1,QX,1.3480000495910645,2SXPS J101423.9+390224,
3985,104.816135,WISEA J061430.43+810502.1,q,2.299999952316284,,
13635,125.483522,SDSS J152223.55+191431.9,Q,0.7110000252723694,,
13639,66.500916,WISEA J032818.75-725633.5,q,0.699999988079071,,
3990,76.609837,WISEA J104205.55-284627.3,q,1.899999976158142,,
13640,126.577352,J093925.93-190550.4,R,,,VL0J093925.96-190551.2
3992,113.652846,WISEA J200120.18-463807.8,q,0.6000000238418579,,
13641,95.96609,SDSS J102833.73+124233.7,Q,3.384999990463257,,
13641,125.120527,PGC 213703,NR,0.03400000184774399,,FIRST J102820.9+124050
3994,3.439784,IC 2510,NR,0.008999999612569809,,VL0J094743.46-325013.9
3995,179.581027,WISEA J095935.30-192654.5,qX,1.100000023841858,4XMM J095935.2-192653,
13646,144.409783,SDSS J142840.40+285541.5,Q,0.6690000295639038,,
13646,158.376512,SDSS J142843.94+285513.5,qX,2.200000047683716,2RXS J142844.0+285521,
3997,72.307285,SDSS J113450.15+490327.1,QX,0.6439999938011169,4XMM J113450.1+490327,
3997,138.130932,J113436.42+490534.3,X,,CXOG J113436.3+490534,
3997,144.444269,SDSS J113439.22+490624.1,QX,1.6649999618530273,4XMM J113439.1+490624,
13649,153.454008,SDSS J153342.42+051941.1,Q,2.559999942779541,,
3998,53.154151,SDSS J081914.57+202951.8,QX,0.6480000019073486,CXOG J081914.5+202951,
3998,85.094761,WISEA J081914.38+203200.7,qX,2.700000047683716,CXOG J081914.4+203200,
3998,103.276398,SDSS J081914.63+202858.6,QX,2.3410000801086426,CXOG J081914.6+202859,
3998,124.230496,SDSS J081909.45+202843.4,Q,2.2119998931884766,,
3998,142.30023,SDSS J081919.61+203223.4,QR,2.114000082015991,,VL0J081919.58+203223.8
3999,6.57544,J153434.95+151148.2,X,,CXOG J153434.9+151149,
3999,43.448076,NGC 5953,NRX,0.007000000216066837,CXOG J153432.3+151137,FIRST J153432.3+151137
3999,121.535547,SDSS J153441.27+151030.7,qX,0.6000000238418579,CXOG J153441.2+151030,
3999,122.50414,SDSS J153427.20+151112.5,qX,1.0,CXOG J153427.2+151112,
3999,149.1787,SDSS J153437.78+150929.9,qX,1.600000023841858,CXOG J153437.8+150929,
4001,0.015133,ESO 297-18,NRX,0.02500000037252903,2SXPS J013837.0-400040,VL0J013837.15-400040.8
13654,0.1368,UGC 11948,N,0.027000000700354576,,
4002,123.743282,J105510.07-261022.2,R,,,NVSS J105510.0-261021
13655,65.720549,WISEA J231309.61+221145.7,q,0.5,,
4003,111.888649,WISEA J124802.28-404714.9,q,1.2000000476837158,,
13657,65.909105,WISEA J003217.83-421003.4,q,1.2000000476837158,,
4005,55.823751,SDSS J011422.63+055632.4,Q,0.8930000066757202,,
4005,153.722198,SDSS J011414.18+055711.8,Q,1.0160000324249268,,
13660,93.532994,SDSS J023039.83-043758.2,QX,1.6610000133514404,4XMM J023039.7-043758,
13665,159.757645,WISEA J103851.27-070459.9,q,1.899999976158142,,
4012,0.060617,ESO 362-18,ARX,0.013000000268220901,CXOG J051935.8-323927,VL0J051935.81-323927.4
4012,117.027461,WISEA J051939.48-324115.5,qX,0.10000000149011612,CXOG J051939.4-324115,
4012,134.652465,J051939.22-323720.3,X,,CXOG J051939.3-323719,
4013,140.98573,WISEA J131341.59-170358.8,q,1.2999999523162842,,
13672,137.766711,SDSS J215636.51+023448.2,Q,1.5269999504089355,,
4022,0.178647,NGC 5283,NRX,0.008999999612569809,CXOG J134105.7+674019,VL0J134105.88+674020.2
13675,158.557402,J073639.33-694632.0,X,,4XMM J073639.7-694630,
4026,126.641768,WISEA J094624.40+030613.0,qX,0.20000000298023224,CXOG J094624.4+030612,
4026,164.250651,J094612.39+030555.5,X,,2CXO J094612.3+030555,
13679,0.361806,MCG 8-18-060,A,0.02500000037252903,,
13679,170.089377,SDSS J100306.35+482139.5,Q,1.659000039100647,,
13681,38.668395,J125439.36+584614.3,X,,2SXPS J125438.9+584610,
13681,56.290893,J125448.32+584553.4,X,,2SXPS J125447.8+584551,
13681,124.371752,SDSS J125430.63+584521.9,qX,1.899999976158142,2SXPS J125430.5+584522,
13681,160.682011,SDSS J125423.88+584545.3,Q,1.38100004196167,,
4030,139.438411,SDSS J151436.12+011029.7,A,0.125,,
4032,133.027822,WISEA J183507.01+524258.3,qR,0.6000000238418579,,VL0J183506.94+524258.8
4035,117.911053,SDSS J132835.30+463433.2,Q,2.0190000534057617,,
4038,161.089048,WISEA J005105.27-070115.6,q,0.8999999761581421,,
4039,91.303665,WISEA J071946.73-630304.8,q,2.200000047683716,,
13692,94.11001,WISEA J084800.39+255104.9,q,0.10000000149011612,,
4040,111.097831,J134407.87-271530.4,X,,4XMM J134407.8-271529,
13693,105.167801,SDSS J093919.48+322058.3,Q,1.2419999837875366,,
13693,166.262528,SDSS J093939.55+322205.5,Q,1.3569999933242798,,
13693,175.359104,SDSS J093925.51+322450.6,Q,2.2829999923706055,,
13695,147.855082,J130523.65+533216.8,X,0.5,CXOG J130523.6+533216,
13695,157.69884,J130526.34+533141.6,X,,CXOG J130526.3+533141,
13695,176.128842,SDSS J130549.14+533136.4,QX,2.4089999198913574,CXOG J130549.2+533137,
4043,108.908768,SDSS J143120.32+030108.0,qX,2.4000000953674316,2CXO J143120.3+030108,
4043,144.853714,J143133.01+030228.5,X,,CXOG J143133.0+030228,
4043,162.073808,J143120.72+030242.5,X,,CXOG J143120.7+030242,
13700,154.602616,SDSS J021418.91-064718.8,Q,3.125,,
4047,153.911059,J021352.53+275151.9,X,,CXOG J021352.5+275152,
4047,173.693683,J021353.21+275052.2,X,,CXOG J021353.2+275052,
4048,158.330025,3C 66.0B,AX,0.020999999716877937,2SXPS J022311.5+425931,
4048,175.212484,J022256.48+430336.8,RX,,4XMM J022256.4+430336,VL0J022256.45+430337.2
4049,0.08634,UGC 3087,ARX,0.032999999821186066,1RXH J043311.0+052117,VL0J043311.06+052116.0
4049,65.120543,J043308.12+052203.2,RX,0.5,1RXH J043308.6+052206,NVSS J043308.2+052200
4049,65.232642,J043311.16+052010.3,X,,1RXH J043310.7+052003,
13705,46.591417,J091924.10+334352.3,X,,1RXH J091924.2+334352,
13705,86.404776,SDSS J091915.75+334411.4,QX,1.6629999876022339,CXOG J091915.7+334411,
13705,160.119718,SDSS J091926.99+334703.5,N,0.38999998569488525,,
4050,0.143427,ESO 33-2,NRX,0.01899999938905239,2SXPS J045558.8-753230,SUMSS J045600.1-753229
13706,21.052615,J102232.17+043441.6,X,,2RXP J102232.0+043443,
13707,156.547304,SDSS J120952.13+362523.1,Q,1.1330000162124634,,
13708,86.605319,2SLAQ J141211.57-003657.8,N,0.026000000536441803,,
13708,155.342955,2SLAQ J141225.35-003853.4,QRX,1.1540000438690186,2CXO J141225.3-003854,FIRST J141226.0-003850
13710,29.881297,WISEA J151132.98-134950.3,q,0.6000000238418579,,
4056,147.384101,J133151.02-024452.4,R,,,FIRST J133151.0-024452
13711,0.281814,UGC 10120,ARX,0.03099999949336052,CXOG J155909.6+350147,VL0J155909.62+350147.5
13711,93.136663,SDSS J155912.87+350311.8,QX,0.7509999871253967,2SXPS J155912.9+350311,
4058,118.971362,IC 1078,N,0.028999999165534973,,
4058,153.177914,SDSS J145630.81+092422.5,N,0.16500000655651093,,
4058,160.499236,SDSS J145642.14+092424.9,QR,2.328000068664551,,FIRST J145642.3+092425
4061,26.792246,SDSS J102459.33+280152.7,Q,0.8960000276565552,,
4061,115.743769,SDSS J102504.98+280254.1,Q,1.1920000314712524,,
4061,116.441719,SDSS J102456.42+280315.9,Q,0.6769999861717224,,
13718,151.072849,SDSS J030337.41-153909.4,qX,1.100000023841858,4XMM J030337.4-153909,
13718,170.308639,SDSS J030339.47-154302.9,qX,2.200000047683716,CXO J030339.4-154302,
4063,0.263613,NGC 5228,AR,0.026000000536441803,,FIRST J133435.0+344640
4063,124.937656,SDSS J133431.53+344443.1,N,0.4359999895095825,,
13719,0.209653,MCG 5-23-017,NR,0.02199999988079071,,FIRST J093441.3+320405
13719,122.365497,SDSS J093433.16+320301.1,Q,1.809999942779541,,
13719,156.790672,SDSS J093445.56+320633.2,Q,2.3469998836517334,,
4066,125.436323,J003924.18+005607.7,X,,4XMM J003924.1+005607,
4066,126.463361,SDSS J003914.76+005248.1,QX,1.9819999933242798,CXOG J003914.7+005247,
4066,162.153202,SDSS J003922.11+005216.8,QX,1.5670000314712524,CXOG J003922.1+005216,
13721,127.656682,SDSS J122740.23+565508.0,Q,1.7070000171661377,,
13723,116.551828,SDSS J144216.14+005500.3,Q,3.3340001106262207,,
13723,160.837924,WISEA J144221.75+005707.3,q,1.399999976158142,,
4070,168.903055,J130617.64-373734.4,X,,4XMM J130617.7-373733,
4072,147.17037,SDSS J235841.62+104205.2,Q,2.109999895095825,,
4075,120.897682,SDSS J115124.08+500820.0,Q,1.0490000247955322,,
4075,170.879652,SDSS J115055.84+500949.0,Q,1.1399999856948853,,
4079,149.846254,J081243.18+733605.5,X,,2RXS J081244.7+733555,
4080,96.103204,SDSS J090546.27+252748.1,Q,1.7790000438690186,,
4080,153.419166,J090556.00+252427.3,R,,,VL0J090555.97+252427.4
13734,0.31893,CGCG 74-64,N,0.023000000044703484,,
13736,127.699083,SDSS J233549.86+265732.6,Q,1.621000051498413,,
13739,166.82182,J015445.40+365119.0,X,,2SXPS J015445.1+365118,
13740,84.187443,SDSS J023527.52-070950.4,qX,1.2000000476837158,CXOG J023527.5-070950,
13740,86.127587,SDSS J023537.92-070839.3,AX,0.30000001192092896,CXOG J023537.9-070839,
13740,132.860802,SDSS J023524.10-070952.2,QX,1.3869999647140503,CXOG J023524.0-070952,
13741,27.027465,SDSS J025812.55+055829.6,qX,0.8999999761581421,4XMM J025812.5+055829,
13741,91.732771,SDSS J025808.11+055808.9,qX,1.2999999523162842,4XMM J025808.1+055808,
13741,107.065019,J025810.26+055948.2,X,,4XMM J025810.2+055947,
13741,148.670017,SDSS J025820.95+060008.7,qX,0.800000011920929,4XMM J025820.9+060009,
4093,148.486276,2QZ J215815.0-272548,Q,2.4779999256134033,,
4095,179.986087,WISEA J024704.64+083611.7,q,1.399999976158142,,
13747,19.797932,J191811.03+595632.5,R,0.6000000238418579,,VL0J191811.06+595632.4
13750,151.401413,WISEA J003830.41+292905.6,q,0.6000000238418579,,
4098,0.302979,UGC 7016,ARX,0.024000000208616257,2SXPS J120224.0+145028,FIRST J120223.9+145037
4099,56.54657,SDSS J130854.61+621621.5,Q,1.812000036239624,,
13751,87.155279,DEEP J022815.07+004829.6,A,0.6470000147819519,,
13751,95.581569,SDSS J022815.40+004838.9,QX,2.490999937057495,4XMM J022815.4+004838,
13751,148.296816,SDSS J022811.28+005022.9,Q,1.4950000047683716,,
13751,166.496885,SDSS J022810.01+004510.1,QX,1.2070000171661377,CXOG J022810.0+004509,
13752,78.926094,WISEA J031132.37-164321.0,q,1.2999999523162842,,
4100,138.580975,WISEA J133451.56+135200.3,q,0.5,,
4101,62.642555,SDSS J144619.85+324550.6,Q,1.9019999504089355,,
4101,174.790976,SDSS J144631.69+324850.4,Q,1.9240000247955322,,
13754,92.765281,SDSS J115827.65+282146.0,qX,2.0,4XMM J115827.7+282147,
13754,106.210288,SDSS J115827.68+282043.1,qX,1.399999976158142,4XMM J115827.6+282042,
13754,125.834254,SDSS J115814.38+282000.6,qX,1.2999999523162842,4XMM J115814.2+282001,
13754,152.694581,J115829.11+281950.9,X,,4XMM J115829.0+281952,
4103,122.541218,J092028.89-075144.4,X,0.5,2XMMi J092028.8-075145,
13760,106.685182,SDSS J143039.11+252933.3,AR,0.5270000100135803,,FIRST J143039.1+252933
4108,0.092836,MCG -1-13-025,ARX,0.013000000268220901,4XMM J045141.5-034833,VL0J045141.53-034833.2
13761,118.46945,WISEA J154139.80-040103.1,q,3.0999999046325684,,
13765,167.832294,2QZ J220237.7-280813,Q,0.9480000138282776,,
4112,141.393559,WISEA J091030.71+502054.6,q,1.100000023841858,,
13766,114.477287,SDSS J004042.48+301136.8,Q,0.9039999842643738,,
13768,110.297,WISEA J033934.28+203331.1,q,0.6000000238418579,,
13772,107.019511,SDSS J084802.14+173603.5,Q,2.9230000972747803,,
13772,139.980999,WISEA J084807.24+173858.4,q,0.30000001192092896,,
13775,102.626512,SDSS J111154.77+364424.2,Q,1.6660000085830688,,
13775,171.182984,SDSS J111147.16+364733.3,Q,1.2769999504089355,,
13780,112.781743,SDSS J162550.55+480408.9,Q,1.0399999618530273,,
13780,164.449679,SDSS J162534.28+480658.6,Q,1.4539999961853027,,
13781,0.121053,IRAS 19412-3305,NR,0.03099999949336052,,SUMSS J194430.7-325758
13783,143.212686,WISEA J033721.95+015246.8,q,0.8999999761581421,,
4128,0.285209,NGC 4117,NRX,0.003000000026077032,4XMM J120746.1+430735,FIRST J120746.0+430735
4128,173.63271,SDSS J120759.61+430906.1,NRX,0.46700000762939453,4XMM J120759.6+430905,VL0J120759.66+430906.3
4128,176.633024,SDSS J120744.57+431030.8,QX,1.024999976158142,4XMM J120744.5+431029,
13785,146.421776,WISEA J081934.01+594504.1,q,2.0,,
13786,118.411901,SDSS J100050.37+553510.3,QX,2.880000114440918,4XMM J100050.2+553511,
13786,148.690353,NGC 3073 UB1,QX,1.534000039100647,2XMM J100104.2+553522,
13786,171.85832,PGC 2508139,AX,0.2150000035762787,CXOG J100032.2+553630,
4131,178.417602,SDSS J160410.59+134144.7,Q,3.2939999103546143,,
13790,83.299888,SDSS J115638.46+313112.1,AX,0.07999999821186066,2SXPS J115638.3+313111,
13791,97.803367,SDSS J124301.38+034137.5,qX,1.600000023841858,CXOG J124301.3+034137,
13791,159.975517,SDSS J124245.68+034021.7,qX,1.7000000476837158,CXOG J124245.6+034021,
4136,111.531902,WISEA J122209.16+124310.7,q,0.20000000298023224,,
13797,0.286876,IC 2453,NR,0.029999999329447746,,VL0J091554.51+205543.6
13797,105.405405,SDSS J091547.44+205619.7,Q,1.6260000467300415,,
13802,132.171235,SDSS J113323.90+341555.3,Q,0.9169999957084656,,
13802,157.452008,NPM 1G+34.0223,N,0.026000000536441803,,
13806,13.213791,J044822.57-032212.8,X,,2SXPS J044822.4-032210,
13808,98.925457,SDSS J115848.08+282412.9,Q,1.6729999780654907,,
13808,104.973362,SDSS J115902.18+282259.7,Q,2.8570001125335693,,
4150,55.11235,J124646.18-212429.7,R,,,VL0J124646.15-212429.3
13810,123.974079,WISEA J120549.73-295615.9,q,0.5,,
4152,96.359454,J012331.74+331338.8,X,,CXOG J012331.6+331339,
13811,73.534468,SDSS J125441.07+393335.8,Q,1.3849999904632568,,
13811,150.893784,SDSS J125450.15+393640.8,A,0.1679999977350235,,
4153,141.244745,WISEA J101830.09-130759.8,q,0.8999999761581421,,
4153,167.729216,WISEA J101813.88-130747.9,q,0.20000000298023224,,
4154,0.167822,MCG -2-27-009,A,0.014999999664723873,,
4154,87.57913,WISEA J103532.10-140841.2,q,2.200000047683716,,
13815,70.20714,SDSS J151317.18+071256.4,qX,,CXOG J151317.1+071256,
13815,117.794355,SDSS J151320.55+071411.4,qX,1.100000023841858,CXOG J151320.5+071411,
13815,120.689442,J151306.07+071231.6,X,,CXOG J151306.1+071231,
4155,0.076684,ESO 439-9,NRX,0.023000000044703484,4XMM J112723.5-291526,NVSS J112723.4-291526
4155,129.281332,J112713.97-291604.9,X,1.399999976158142,4XMM J112714.0-291604,
4157,0.247181,UGC 8823,ARX,0.03099999949336052,2XMM J135303.5+691829,VL0J135303.45+691829.1
4157,29.716195,J135302.90+691759.7,X,,1RXH J135303.2+691807,
13819,157.014689,WISEA J055807.23-634040.5,q,0.20000000298023224,,
4158,0.24358,IC 989,AR,0.02500000037252903,,VL0J141451.35+030751.3
4158,152.232436,NPM 1G+03.0417,N,0.026000000536441803,,
13821,108.37862,J082708.44+214138.9,X,,CXOG J082708.4+214138,
13821,167.048211,SDSS J082658.63+214507.1,QX,0.628000020980835,CXOG J082658.6+214507,
13823,48.147437,SDSS J121708.60+034011.6,Q,3.9019999504089355,,
4162,95.302881,SDSS J085344.51+390718.3,Q,0.9779999852180481,,
4162,153.586453,WISEA J085347.50+390627.6,q,0.800000011920929,,
4162,175.694339,SDSS J085341.42+390518.8,Q,1.8300000429153442,,
13825,117.323312,J122654.90+085333.1,X,,CXOG J122654.8+085333,
13826,30.71237,Q 1256+2803,Q,2.6600000858306885,,
13826,53.787136,SDSS J125905.22+274739.4,qX,1.600000023841858,4XMM J125905.2+274739,
13826,117.951054,SDSS J125900.54+274602.7,N,0.2290000021457672,,
4166,135.472746,WISEA J011725.83-585610.1,q,0.20000000298023224,,
4172,104.771125,WISEA J132802.80-132519.9,q,1.2999999523162842,,
13837,63.009486,PGC 1264631,N,0.03799999877810478,,
13839,129.693868,SDSS J140347.76+390250.8,QR,3.069999933242798,,FIRST J140347.7+390250
13841,168.575349,J222647.42+395019.0,R,,,VL0J222647.43+395018.9
4176,118.453529,SDSS J031343.07-001623.4,Q,1.565000057220459,,
13842,120.899624,SDSS J232550.48+340140.4,Q,2.124000072479248,,
4177,70.481469,SDSS J081555.03+231241.8,Q,1.8489999771118164,,
4179,142.060747,WISEA J051542.12-032417.5,q,0.8999999761581421,,
13849,0.358789,UGC 10207,NR,0.028999999165534973,,VL0J160642.60+315339.7
13849,111.038156,SDSS J160634.30+315412.9,Q,1.5540000200271606,,
13851,170.808746,WISEA J173436.65-635648.8,q,1.2000000476837158,,
4185,0.222654,NGC 5327,N,0.014999999664723873,,
4185,122.881165,SDSS J135212.21-021248.4,Q,1.7419999837875366,,
4185,158.841944,2QZ J135209.7-021009,Q2,1.0679999589920044,,
4185,171.255535,2QZ J135215.5-021241,Q,1.555999994277954,,
13852,102.061606,J203007.27-005121.1,R,1.399999976158142,,VL0J203007.33-005120.8
13853,91.317015,WISEA J221946.16-262138.1,q,0.800000011920929,,
4188,89.002917,WISEA J001714.90-191706.1,q,1.100000023841858,,
4189,89.187034,SDSS J005754.59+312758.4,Q,1.1349999904632568,,
4189,161.863713,SDSS J005758.60+313103.3,Q,1.1009999513626099,,
13858,136.787724,SDSS J115352.07+203255.2,Q,2.5969998836517334,,
13859,140.059001,WISEA J122041.32+165905.8,q,0.800000011920929,,
13860,136.727878,SDSS J130317.86+074559.7,qR,0.4000000059604645,,VL0J130317.85+074559.8
13860,146.746427,WISEA J130310.82+074552.9,q,0.6000000238418579,,
4191,156.199775,SDSS J092347.39+491239.4,Q,1.690000057220459,,
4191,157.458316,SDSS J092419.13+491200.3,Q,0.9070000052452087,,
4191,172.96489,SDSS J092345.51+491225.1,Q,1.6679999828338623,,
13861,148.247261,SDSS J131847.57+305054.8,Q,1.809999942779541,,
13861,176.284545,J131850.02+305058.5,X,1.899999976158142,2RXP J131850.5+305113,
4192,150.509689,SDSS J113056.19+224541.1,Q,1.5210000276565552,,
4193,152.106352,LAMOSTJ121936.39+301937.0,Q,1.1729999780654907,,
4193,164.780534,SDSS J121953.84+301757.1,Q,2.00600004196167,,
13863,0.319542,PGC 184124,N,0.023000000044703484,,
13863,47.691097,MCG 0-35-020,AR,0.024000000208616257,,FIRST J134622.2-032506
4194,143.611798,SDSS J094104.89+355236.5,Q,2.624000072479248,,
13865,178.944993,SDSS J160231.52+425613.6,Q,0.9779999852180481,,
4199,0.069393,UGC 3752,NRX,0.01600000075995922,2SXPS J071403.7+351644,VL0J071403.83+351645.3
13870,0.441246,UGC 1098,AR,0.03400000184774399,,VL0J013216.08+212439.5
4200,1.021127,SDSS J133817.29+481631.4,NRX,0.02800000086426735,CXOG J133817.3+481632,FIRST J133817.3+481633
4200,6.303304,2XMM J133817.5+481637,NX,0.02800000086426735,CXO J133817.3+481637,
4200,10.479014,NGC 5256,ARX,0.02800000086426735,CXOG J133817.7+481641,NVSS J133817.5+481638
4200,27.363581,SDSS J133817.59+481659.3,NRX,0.028999999165534973,CXOG J133817.7+481700,FIRST J133817.6+481659
4200,122.862246,SDSS J133819.88+481832.1,QX,2.2260000705718994,CXOG J133819.9+481832,
4200,171.337795,SDSS J133823.24+481912.7,Q,1.0299999713897705,,
4202,59.812924,SDSS J122602.90+032547.3,Q,2.9769999980926514,,
4203,169.811648,SDSS J124412.00+370716.7,Q,1.753000020980835,,
13875,153.718825,J125247.46-463652.0,X,,2SXPS J125247.6-463651,
4204,83.140968,SDSS J135755.61+645317.4,Q,1.3910000324249268,,
4206,90.015204,SDSS J233455.03+045357.3,QR,2.5299999713897705,,FIRST J233455.0+045357
13880,146.595491,WISEA J034553.24-041431.7,q,1.2000000476837158,,
4207,0.059851,NGC 235,ARX,0.02199999988079071,CXOG J004252.7-233227,VL0J004252.82-233227.1
4207,41.688029,J004250.12-233247.0,X,,2SXPS J004250.1-233245,
4207,75.685177,J004251.75-233341.9,X,,CXOG J004251.7-233341,
4207,178.13762,J004302.41-233427.2,X,,2SXPS J004302.3-233425,
4209,2.79915,NGC 2617,A,0.014000000432133675,,
4209,145.533671,SDSS J083548.49-040526.5,qR,1.899999976158142,,NVSS J083548.6-040525
4209,174.022226,SDSS J083546.75-040310.6,qX,0.800000011920929,4XMM J083546.6-040310,
4210,0.225513,NGC 3861,ARX,0.017000000923871994,4XMM J114503.8+195824,NVSS J114504.3+195820
4210,21.367566,J114502.95+195808.1,X,,2RXP J114503.3+195803,
4210,177.184081,SDSS J114515.70+195725.1,QX,0.734000027179718,4XMM J114515.6+195725,
13886,111.285651,SDSS J134053.03+422435.6,Q,2.1029999256134033,,
13886,153.769548,SDSS J134107.71+422802.6,Q,1.2410000562667847,,
13889,153.947233,2QZ J222301.0-285455,QX,1.49399995803833,CXOG J222301.0-285455,
13889,159.108381,J222312.15-285930.5,X,1.2000000476837158,4XMM J222312.0-285929,
4213,45.681271,SDSS J225629.81+174623.9,Q,1.031000018119812,,
4213,74.108791,SDSS J225627.26+174749.7,Q,1.4470000267028809,,
4213,164.614648,SDSS J225627.59+174939.6,Q,1.930999994277954,,
13890,167.829053,WISEA J234024.76-610228.2,qX,1.2000000476837158,4XMM J234024.7-610228,
4214,56.56836,SDSS J010123.84-065213.2,Q,2.6019999980926514,,
4214,157.37956,SDSS J010125.88-065530.4,Q,2.503000020980835,,
4214,179.008738,SDSS J010118.02-065015.0,QRX,0.8659999966621399,2RXS J010117.7-065012,FIRST J010118.0-065015
13891,48.186489,SDSS J023150.54+011623.9,QR,1.9490000009536743,,VL0J023150.53+011624.1
13891,110.957797,SDSS J023148.05+011350.3,Q,2.240000009536743,,
13891,138.824125,SDSS J023150.63+011757.1,Q,1.7350000143051147,,
13891,165.076111,SDSS J023143.32+011320.7,Q,1.4199999570846558,,
13896,0.37333,UGC 5627,AR,0.023000000044703484,,NVSS J102408.8+133425
13896,124.031379,SDSS J102417.22+133420.2,Q,2.005000114440918,,
13898,116.372043,PGC 93940,NRX,0.1420000046491623,CXOG J102557.9+124110,FIRST J102557.9+124108
13898,161.640875,J102542.78+124339.9,X,,CXOG J102542.7+124340,
13898,174.227982,SDSS J102541.52+124324.0,qX,1.100000023841858,4XMM J102541.5+124323,
4221,84.701395,LAMOSTJ141200.19+381108.7,Q,0.9950000047683716,,
4221,158.383362,SDSS J141154.64+380900.0,Q,1.1979999542236328,,
13900,154.199362,SDSS J130108.61+471437.4,Q,2.934000015258789,,
13900,161.552593,SDSS J130055.77+471601.0,Q,1.9900000095367432,,
13900,171.375328,SDSS J130106.22+471532.0,Q,2.694999933242798,,
4224,0.028089,NGC 591,ARX,0.014999999664723873,2XMM J013331.1+354006,VL0J013331.21+354005.7
13902,0.151493,MCG 1-36-005,A,0.024000000208616257,,
4227,0.275016,NGC 3843,NR,0.019999999552965164,,FIRST J114354.6+075531
13906,95.445244,LAMOSTJ020213.02+082751.2,Q,1.5019999742507935,,
4228,47.735072,SDSS J120436.32+020503.6,QX,1.9170000553131104,CXOG J120436.3+020503,
4228,56.411131,SDSS J120440.39+020502.3,qX,1.7999999523162842,4XMM J120440.4+020502,
4228,125.868471,SDSS J120431.17+020304.1,qX,1.2999999523162842,2XMM J120431.1+020304,
4228,178.723103,SDSS J120447.94+020247.2,qX,2.0,4XMM J120447.9+020248,
4232,90.367983,SDSS J233048.42+033244.5,A,0.24899999797344208,,
4232,150.883446,SDSS J233059.47+033036.6,Q,3.2139999866485596,,
13911,109.300605,J111042.98+284324.3,X,,CXOG J111042.9+284323,
13911,135.499271,J111042.30+283919.7,X,,CXOG J111042.3+283920,
4233,106.920519,SDSS J005327.23+291426.5,Q,1.8639999628067017,,
4233,118.331406,WISEA J005319.18+291506.1,q,0.20000000298023224,,
13912,83.715845,SDSS J123201.77+562711.0,Q,2.0269999504089355,,
13912,167.997765,SDSS J123148.15+562748.0,A,0.4350000023841858,,
13912,176.444031,SDSS J123147.28+562852.0,A,0.3070000112056732,,
13913,101.987811,SDSS J132930.95+114601.9,N,0.4650000035762787,,
13913,113.056459,SDSS J132919.55+114813.9,qRX,0.699999988079071,CXOG J132919.5+114813,FIRST J132919.5+114814
13913,147.109619,SDSS J132930.31+114857.7,QX,0.5090000033378601,CXOG J132930.3+114857,
13913,155.557827,J132920.75+114916.1,X,0.8999999761581421,CXOG J132920.7+114916,
13913,176.624664,SDSS J132931.14+114924.8,qX,1.0,CXOG J132931.1+114924,
13916,107.815362,J161139.88+522539.7,X,,CXOG J161139.7+522539,
13916,117.460543,SDSS J161137.42+522533.9,qX,1.024999976158142,CXOG J161137.4+522533,
13916,129.59665,SDSS J161154.98+522738.6,AX,0.3930000066757202,CXOG J161154.9+522738,
4241,0.189249,NGC 3535,AR,0.023000000044703484,,FIRST J110833.9+044956
13920,30.986466,SDSS J012056.91+253234.6,Q,1.36899995803833,,
13920,139.663087,J012050.64+253126.9,R,,,VL0J012050.65+253127.1
13926,0.256866,CGCG 92-14,A,0.027000000700354576,,
13926,162.593562,SDSS J093739.44+194014.4,Q,0.8849999904632568,,
13926,166.659184,SDSS J093748.07+194216.2,Q,2.693000078201294,,
4247,170.490127,SDSS J121301.15+434201.2,Q,2.1080000400543213,,
13929,40.666007,J113743.18+220115.4,X,,4XMM J113743.1+220118,
13929,126.491896,J113743.08+220241.5,X,,4XMM J113743.0+220241,
13929,135.127358,SDSS J113738.47+220229.5,AX,0.4519999921321869,2XMM J113738.5+220229,
13929,177.686037,SDSS J113736.70+215805.9,QX,2.190000057220459,XMMX J113736.7+215805,
13931,123.62813,SDSS J214824.14+015421.7,Q,1.6979999542236328,,
4253,0.260714,NGC 4903,N,0.01600000075995922,,
13933,141.04461,SDSS J014040.41+075644.9,Q,2.181999921798706,,
13934,74.092941,J025716.52+055735.3,X,,CXOX J025716.5+055736,
13934,142.521376,SDSS J025725.50+060010.2,qRX,0.10000000149011612,4XMM J025725.4+060011,VL0J025725.49+060010.2
13934,164.273643,LAMOSTJ025707.16+055932.7,QX,2.4240000247955322,4XMM J025707.0+055934,
13936,63.769905,J051632.44+063059.7,X,1.5,CXOG J051632.4+063059,
13936,169.165722,J051627.62+062816.0,X,,2RXP J051627.3+062816,
4259,117.021364,PGC 213672,N,0.03099999949336052,,
4261,99.621399,WISEA J034908.80-484950.3,qX,0.20000000298023224,2SXPS J034908.6-484951,
4262,16.396501,J121625.02+470141.4,X,,2SXPS J121625.5+470137,
4262,160.455442,WISEA J121613.58+465958.2,q,0.20000000298023224,,
4262,173.178437,SDSS J121642.75+470212.0,QX,1.8250000476837158,2SXPS J121642.9+470212,
4264,170.371522,PGC 1777744,N,0.10400000214576721,,
13944,138.142614,SDSS J121504.71+142439.7,AX,0.26899999380111694,CXOG J121504.7+142439,
13944,152.414243,SDSS J121503.34+142711.5,qX,,CXOG J121503.3+142711,
13944,158.885632,SDSS J121510.62+142834.5,QX,2.5899999141693115,CXOG J121510.6+142834,
13946,78.886674,SDSS J133155.29+111550.6,qX,1.100000023841858,CXOG J133155.2+111549,
13946,108.549037,PGC 1391311,ARX,0.09000000357627869,CXOG J133152.2+111649,FIRST J133152.2+111649
4267,102.083882,LAMOSTJ132311.92+430651.6,QX,1.378999948501587,4XMM J132311.8+430651,
13947,137.848519,WISEA J133946.25-074033.8,q,1.2999999523162842,,
13950,0.168035,IC 5287,AX,0.03200000151991844,CXOG J230920.2+004523,
13950,146.945585,SDSS J230915.19+004317.5,Q,2.4649999141693115,,
13950,157.735695,SDSS J230930.76+004511.6,QX,1.7309999465942383,CXOG J230930.7+004511,
4271,141.705903,SDSS J095256.84+192435.6,Q,0.8399999737739563,,
4273,154.439504,WISEA J211252.45+135926.0,q,0.20000000298023224,,
4273,179.40018,WISEA J211244.79+135557.7,q,0.30000001192092896,,
13954,41.539041,SDSS J112529.14+224329.8,ARX,0.2939999997615814,2RXS J112528.6+224328,FIRST J112529.1+224329
13955,90.756871,SDSS J114458.64+192709.6,QX,0.5759999752044678,4XMM J114458.6+192709,
13956,116.587398,SDSS J120450.44+490922.7,Q,2.302000045776367,,
4278,75.27887,SDSS J102641.71+571220.6,Q,0.9120000004768372,,
13961,116.352799,SDSS J233831.66+270035.0,QX,1.6490000486373901,4XMM J233831.7+270034,
13961,119.451096,J233835.29+270010.6,RX,,1RXH J233834.9+270014,NVSS J233835.4+270007
13961,171.906382,SDSS J233816.47+265817.2,qX,1.600000023841858,2XMM J233816.4+265819,
13961,175.02675,SDSS J233820.00+265638.7,QX,1.2879999876022339,XMMX J233819.8+265636,
4282,112.068393,J142815.10+255243.3,X,,4XMM J142815.0+255243,
4282,169.82595,LAMOSTJ142812.62+254934.3,QX,3.4560000896453857,4XMM J142812.5+254934,
13963,74.512707,SDSS J010800.48+210808.3,Q,1.1150000095367432,,
13965,123.164822,WISEA J040948.41-084315.8,qR,1.2000000476837158,,VL0J040948.47-084315.1
4284,2.521983,ESO 535-1,NR,0.029999999329447746,,NVSS J225901.5-253141
4285,107.208088,SDSS J231313.57+061731.5,AX,0.5669999718666077,XMMSL J231313.4+061734,
4287,147.292777,WISEA J090528.48+853136.9,q,2.4000000953674316,,
4291,64.950458,SDSS J093933.42+482622.2,Q,1.8079999685287476,,
13974,19.796813,XMMU J132218.3-164247,AX,1.00600004196167,4XMM J132218.3-164246,
13974,106.320632,MCG -3-34-064,NRX,0.017000000923871994,XMMSL J132224.2-164345,VL0J132224.46-164342.2
13976,164.087512,SDSS J161252.80+330057.8,Q,1.6690000295639038,,
4293,121.191728,SDSS J114214.26+084551.0,qX,1.7999999523162842,2SXPS J114214.0+084552,
13981,153.322168,WISEA J000502.94+050511.7,q,0.4000000059604645,,
4298,0.189169,UGC 12492,NRX,0.028999999165534973,XMMSL J231853.6-010331,VL0J231853.82-010336.8
13983,140.301817,J020819.37+062445.9,X,,2SXPS J020819.5+062441,
4300,165.380209,SDSS J142236.51+401655.2,Q,1.2419999837875366,,
13988,0.100007,CGCG 123-19,A,0.028999999165534973,,
13988,37.572517,LAMOSTJ100715.13+210007.5,QR2,1.7860000133514404,,VL0J100715.18+210007.2
13988,138.426505,SDSS J100710.13+210208.2,Q,2.5350000858306885,,
4303,0.253658,NGC 2824,ARX,0.00800000037997961,2SXPS J091902.2+261608,FIRST J091902.2+261611
4305,116.92288,SDSS J131124.61+361820.8,Q,1.3849999904632568,,
13991,21.491321,J125850.28+274842.5,X,,XMMX J125850.1+274841,
13991,85.603042,J125854.86+274903.1,X,,2XMM J125854.7+274904,
13991,107.464163,SDSS J125840.89+274809.1,qX,2.0999999046325684,CXOX J125840.9+274808,
4308,72.727899,SDSS J100404.03+221626.7,Q,2.2149999141693115,,
4308,150.957423,SDSS J100349.58+221513.8,A,0.20200000703334808,,
4308,176.167742,SDSS J100353.71+221352.4,Q,2.322999954223633,,
13994,121.157099,PGC 1285203,N,0.08100000023841858,,
13995,172.18488,SDSS J163536.78+491556.7,Q,1.253000020980835,,
4309,0.163314,CGCG 22-21,ARX,0.024000000208616257,2RXP J153844.8-032247,FIRST J153844.7-032248
13997,82.64817,WISEA J171732.74-043117.0,q,1.2999999523162842,,
4311,164.438733,CXOCY J03372-0501,QX,4.614999771118164,CXOG J033716.6-050155,
4311,179.336267,ChaMP J033654.2-050158,QX,0.9549999833106995,CXO J033654.1-050155,
13998,48.979249,2QZ J220953.0-273239,Q,1.7059999704360962,,
4312,0.241049,NGC 1468,AR,0.032999999821186066,,FIRST J035212.5-062056
4313,23.281695,SDSS J074652.02+390134.9,QX,2.056999921798706,CXOG J074652.0+390134,
4313,48.161331,SDSS J074654.33+390240.9,QX,0.6159999966621399,CXOG J074654.3+390240,
4313,119.145393,SDSS J074648.97+390005.7,QX,2.4760000705718994,CXOG J074648.9+390005,
4313,174.230089,J074639.29+390046.8,X,0.10000000149011612,CXOG J074639.3+390046,
14002,122.600097,WISEA J050917.05-110501.2,q,0.5,,
14003,85.909442,J073415.97+235853.3,R,,,FIRST J073415.9+235853
14003,172.665629,WISEA J073400.09+235635.3,q,0.4000000059604645,,
14004,0.314457,MCG 5-23-026,NRX,0.02800000086426735,2SXPS J094151.1+273849,VL0J094151.15+273848.7
4316,0.422467,IC 1368,NR,0.013000000268220901,,FIRST J211412.5+021040
4320,100.617834,WISEA J030653.58+361057.8,qR,1.399999976158142,,VL0J030653.57+361057.8
4322,29.691021,WISEA J181405.27+221718.2,q,0.6000000238418579,,
14012,27.761956,J171051.19+455138.4,X,0.6000000238418579,CXOG J171051.2+455140,
14012,121.68451,WISEA J171038.62+455150.8,q,1.2999999523162842,,
4325,121.086846,PGC 2297123,N,0.12700000405311584,,
14015,125.391092,WISEA J213429.01-330513.5,q,1.7000000476837158,,
14017,138.035843,SDSS J001828.94-061820.8,Q,2.609999895095825,,
14017,165.989686,J001831.06-061337.0,R,,,NVSS J001831.0-061338
14018,75.975989,SDSS J015552.75+330037.8,Q,0.6949999928474426,,
14020,174.679935,J024222.20+422258.0,R,,,VL0J024222.11+422256.0
14021,117.758933,J041935.05+022242.0,X,,4XMM J041934.6+022243,
14021,173.368342,J041930.68+022235.6,X,0.10000000149011612,CXOG J041930.6+022235,
4333,175.279869,SDSS J154426.73+252226.5,Q,0.6299999952316284,,
14027,40.241733,J112005.25+302941.0,X,,2SXPS J112005.4+302939,
4336,25.835834,FCSS J034224.0-350850,QX,2.4560000896453857,2CXO J034224.2-350850,
4337,172.918951,SDSS J142815.47+175658.1,Q,1.0199999809265137,,
14028,59.09715,J115325.16+230513.0,X,0.10000000149011612,4XMM J115325.1+230513,
14028,83.697665,J115328.29+230518.7,X,,4XMM J115328.2+230517,
14030,140.593122,SDSS J130209.08+402217.8,Q,1.5230000019073486,,
4339,178.489442,WISEA J204658.54-380309.2,q,2.5999999046325684,,
4340,78.655626,SDSS J001257.49+220717.9,Q,2.119999885559082,,
4340,156.522531,SDSS J001250.42+220814.0,Q,1.784000039100647,,
4340,159.302759,SDSS J001257.29+220839.6,Q,1.3639999628067017,,
14033,163.23655,SDSS J165731.54+404134.7,Q,2.931999921798706,,
14033,163.345991,PGC 2169812,N,0.029999999329447746,,
4342,143.306387,SDSS J010259.53-044718.0,Q,1.1019999980926514,,
4343,54.387335,WISEA J014931.29-345512.5,q,0.20000000298023224,,
14037,0.809006,UGC 11996,NR,0.026000000536441803,,VL0J222128.52+123035.4
14037,28.435517,SDSS J222126.57+123033.7,NR,0.07999999821186066,,FIRST J222126.5+123034
14039,2.48031,PGC 129349,AX,0.029999999329447746,2SXPS J014922.0-501506,
14039,153.779492,J014926.36-501238.7,X,,2SXPS J014926.0-501238,
14044,78.055728,SDSS J095845.31+320440.0,Q,1.5549999475479126,,
14044,83.024458,J095845.24+320454.0,R,,,FIRST J095845.2+320453
14044,128.615752,SDSS J095901.38+320412.8,Q,1.7970000505447388,,
14044,165.088156,LAMOSTJ095901.74+320601.0,Q,1.1150000095367432,,
14045,172.683829,SDSS J110256.43+364943.0,Q,2.7320001125335693,,
4354,0.117714,IC 2446,NR,0.027000000700354576,,FIRST J091331.3+285706
4354,106.434567,SDSS J091327.10+285836.6,Q,2.13700008392334,,
14049,149.444637,WISEA J184508.49+424117.4,q,0.699999988079071,,
4355,170.174847,WISEA J093325.87-251004.4,q,0.4000000059604645,,
14056,104.95912,SDSS J091658.36+252458.0,Q,1.3389999866485596,,
14058,123.98259,SDSS J110553.00+284555.2,Q,0.9539999961853027,,
14062,3.555763,MCG 0-36-003,NR,0.029999999329447746,,VL0J135627.40-001716.9
14062,161.342965,2QZ J135617.7-001830,Q,2.4260001182556152,,
14063,173.109482,SDSS J140418.91+115806.7,Q,2.447999954223633,,
14066,96.043806,J000954.76+281226.2,R,,,VL0J000954.76+281226.2
4371,93.819622,SDSS J013142.17-065427.6,qX,1.0,CXOG J013142.1-065427,
4375,0.209539,NGC 5021,NR,0.02800000086426735,,FIRST J131206.2+461145
4375,167.101881,SDSS J131203.86+460900.6,Q,0.367000013589859,,
4375,173.365072,SDSS J131209.68+460856.2,Q,1.690000057220459,,
14072,118.97009,WISEA J043342.24-332846.6,q,1.2000000476837158,,
14074,168.608262,SDSS J083826.14+173507.2,Q,1.6410000324249268,,
14075,159.688463,SDSS J084142.34+325040.0,Q,0.949999988079071,,
4381,100.675692,SDSS J073733.42+353442.4,Q,2.7100000381469727,,
4384,140.829305,J060817.10+644133.1,X,,2SXPS J060817.1+644135,
14081,158.657749,WISEA J123528.04-232701.6,q,0.30000001192092896,,
14082,63.420904,SDSS J152326.08-011056.9,Q,0.8920000195503235,,
14082,109.53716,SDSS J152333.42-010857.1,Q,2.234999895095825,,
4387,150.661222,WISEA J010941.37-354626.7,q,1.0,,
4389,171.186236,J050044.55-132411.8,X,0.699999988079071,2SXPS J050044.4-132410,
14090,157.007047,SDSS J102353.84+124254.6,Q,1.7059999704360962,,
14091,144.771756,SDSS J114106.68+254611.8,Q,0.367000013589859,,
14091,159.541488,SDSS J114044.61+254707.7,Q,0.6039999723434448,,
4393,136.975197,SDSS J112847.81+204530.1,N,0.5049999952316284,,
14092,0.052306,MCG 8-22-073,NRX,0.024000000208616257,4XMM J120914.1+470330,VL0J120914.11+470330.1
4394,122.837801,SDSS J143300.89+103027.6,Q,4.1539998054504395,,
4395,0.331652,NGC 5710,NR,0.029999999329447746,,FIRST J143916.2+200237
4395,101.488039,SDSS J143919.32+200409.0,A,0.30799999833106995,,
14096,173.862715,SDSS J220356.03-022457.5,N,0.5350000262260437,,
14096,177.250863,SDSS J220339.81-022044.5,Q,2.257999897003174,,
4398,84.239553,UVQSJ185224.73-470008.7,Q,0.3529999852180481,,
4399,0.350153,NGC 3670,A,0.024000000208616257,,
14099,67.241063,J004457.89-085218.6,X,,CXOG J004457.9-085218,
14099,110.250475,SDSS J004452.72-085229.3,qX,1.5,CXOG J004452.7-085229,
14102,124.420695,PGC 2448557,N,0.03200000151991844,,
14102,134.50551,SDSS J083656.70+534305.8,QX,1.1640000343322754,2RXP J083657.0+534307,
14103,82.998095,MCG -01.24.012,NRX,0.019999999552965164,4XMM J092046.2-080321,NVSS J092046.3-080322
14104,174.615521,SDSS J093202.63+352928.1,A,0.16599999368190765,,
14105,70.010051,J093737.54+231316.9,X,,2SXPS J093737.5+231319,
4409,144.030572,J033720.03-351230.2,X,,2CXO J033720.0-351229,
4411,172.038332,SDSS J084812.83+174003.1,qX,0.8999999761581421,2RXP J084812.9+174001,
4413,175.012387,SDSS J211134.28-015911.7,Q,1.1109999418258667,,
4414,62.980295,J235359.50+282842.2,X,,2RXP J235358.7+282828,
14116,163.194476,MCG 7-19-001,N,0.02800000086426735,,
4415,161.923793,WISEA J040730.69-625621.7,q,1.899999976158142,,
14119,0.422874,IC 4373,NX,0.029999999329447746,4XMM J140543.1+251353,
14119,9.544786,J140543.06+251402.4,X,,2RXS J140544.8+251406,
4417,53.717997,J121053.75+392758.5,X,,4XMM J121053.9+392759,
4417,82.70995,J121048.26+392943.5,X,,2CXO J121048.3+392943,
4417,118.359842,SDSS J121059.81+392819.9,QX,1.9249999523162842,4XMM J121059.8+392820,
4417,123.660177,J121039.56+392904.9,X,,2CXO J121039.5+392904,
4417,126.481449,SDSS J121046.47+393023.4,qX,1.2999999523162842,2SXPS J121046.4+393022,
4417,128.103323,J121038.90+392749.3,X,,CXOX J121038.9+392749,
4417,145.940239,J121039.52+392950.0,X,,2CXO J121039.4+392949,
4417,166.770638,J121048.02+393108.0,X,,2XMM J121047.9+393109,
14120,177.377251,SDSS J145104.67+045327.9,QX,0.6200000047683716,4XMM J145104.6+045327,
4418,19.597502,J133953.52+005029.6,X,1.100000023841858,CXOG J133953.5+005030,
4418,27.420295,J133950.49+005019.5,X,,CXOG J133950.5+005019,
4418,91.391779,J133948.63+005135.4,X,,CXOG J133948.6+005135,
4418,97.825459,J133952.27+004844.7,X,,CXOG J133952.2+004845,
14124,164.279491,SDSS J225541.50+294630.0,Q,1.2269999980926514,,
14127,178.640181,SDSS J142738.98+411231.4,NR,0.3930000066757202,,FIRST J142739.0+411231
14127,179.417924,SDSS J142751.32+411420.7,Q,1.3660000562667847,,
4423,158.788039,J224106.70+341233.4,R,,,VL0J224106.68+341233.5
14128,0.211839,MCG 4-36-037,A,0.03200000151991844,,
14128,128.785092,SDSS J151934.84+254723.3,Q,1.281999945640564,,
4425,62.396529,SDSS J163739.19+502002.4,Q,1.8109999895095825,,
4427,111.393669,J221725.03+353546.8,X,0.10000000149011612,2SXPS J221724.5+353546,
14134,174.777015,WISEA J072346.18+412743.6,q,0.10000000149011612,,
14137,0.357795,UGC 5462,N,0.023000000044703484,,
14138,102.016667,SDSS J110441.58+281216.0,qR,1.5,,VL0J110441.58+281216.0
14140,55.03237,LAMOSTJ114516.04+194951.3,QX,0.5899999737739563,4XMM J114516.0+194951,
14140,85.897685,J114509.20+195114.9,X,,4XMM J114509.2+195114,
14141,90.924769,2QZ J120538.4+013305,Q,2.0209999084472656,,
4430,20.448824,J123919.99-003145.3,X,,CXOG J123920.0-003147,
4430,122.919136,2SLAQ J123911.02-003234.1,K,0.7649999856948853,,
4430,138.663679,J123909.60-003137.3,X,1.100000023841858,CXOG J123909.5-003138,
14143,148.786,CGCG 44-79,A,0.039000000804662704,,
4431,0.102535,NGC 5852,AR,0.02199999988079071,,VL0J150656.41+125048.7
14146,82.507882,WISEA J231330.03+204017.9,q,0.30000001192092896,,
14147,42.454549,J033047.83-210248.2,X,,CXOG J033047.8-210247,
14149,94.904942,WISEA J070206.14+863619.4,q,1.399999976158142,,
14151,74.817191,J111042.30+283919.7,X,,CXOG J111042.3+283920,
4439,143.640555,2QZ J031321.9-313711,Q,2.065000057220459,,
14152,63.490986,WISEA J130120.66+800248.9,qX,1.100000023841858,XMMSL J130120.2+800247,
14153,178.195076,WISEA J140026.45+085754.8,q,0.30000001192092896,,
14154,142.368054,WISEA J153410.19-155455.0,q,1.0,,
4441,113.651119,WISEA J122941.25+074745.1,q,0.20000000298023224,,
4441,136.582444,SDSS J122930.03+074813.5,QX,2.500999927520752,2XMM J122930.0+074813,
4441,165.961952,J122932.84+074657.8,X,,2XMM J122932.8+074658,
4444,147.097042,WISEA J174157.88+233929.0,q,2.5,,
14166,67.176676,J103021.66-173657.1,2,,,
14168,152.122915,SDSS J131859.77+304419.2,Q,1.781000018119812,,
4452,113.731597,SDSS J115545.08+300000.0,Q,0.8700000047683716,,
4453,43.980851,J155704.70+635542.0,X,,1RXH J155704.2+635545,
14172,40.767697,SDSS J163354.69+560814.5,Q,2.388000011444092,,
14172,134.032144,SDSS J163336.72+560910.9,Q,1.5399999618530273,,
14172,149.632432,SDSS J163403.53+560618.5,Q,1.2769999504089355,,
4455,69.614589,SDSS J012814.23-011855.4,Q,1.1649999618530273,,
4457,42.274151,WISEA J024506.36+325916.6,q,0.20000000298023224,,
14176,99.35943,WISEA J235805.00-413323.9,q,1.2000000476837158,,
14177,55.55819,J004712.01-262350.6,R,,,VL0J004712.01-262350.2
14179,150.41619,SDSS J090216.87+635049.8,Q,2.318000078201294,,
4461,93.30554,WISEA J134820.87-321533.4,q,2.299999952316284,,
14182,0.399801,UGC 5892,NR,0.027000000700354576,,NVSS J104729.0+071506
14182,66.955326,SDSS J104729.28+071356.7,Q,1.690999984741211,,
14182,163.619877,SDSS J104730.09+071220.2,Q,2.061000108718872,,
4464,0.250631,UGC 12040,ARX,0.020999999716877937,2SXPS J222705.7+362140,VL0J222705.76+362141.4
4465,84.159463,WISEA J024513.44-131349.6,q,1.0,,
14186,0.060461,NVSS J15123-3333,AR,0.023000000044703484,,VL0J151222.47-333333.3
14187,151.558196,SDSS J155301.22+210233.9,Q,0.9079999923706055,,
14187,155.111629,SDSS J155259.94+210246.8,N,0.1720000058412552,,
14188,0.429286,MCG 8-29-030,N,0.019999999552965164,,
14189,138.117778,WISEA J174823.97+582449.2,q,0.20000000298023224,,
4469,0.107196,NGC 2794,NRX,0.028999999165534973,1RXH J091601.4+173524,VL0J091601.79+173523.4
4469,34.689949,J091600.67+173554.2,X,,1RXH J091600.7+173556,
4469,158.963214,J091556.66+173302.3,R,,,FIRST J091556.6+173302
4472,175.765109,WISEA J124801.30-221315.4,q,1.2999999523162842,,
14195,179.776526,J053206.34-681158.4,X,,4XMM J053207.0-681157,
14200,53.335973,SDSS J112035.90+574731.4,Q,1.75,,
14200,90.747147,SDSS J112032.54+574823.1,Q,1.2660000324249268,,
14200,173.132597,SDSS J112029.33+574400.5,Q,1.25600004196167,,
4480,100.648523,SDSS J162557.91+402835.1,Q,1.6349999904632568,,
14201,147.199392,SDSS J122914.84+274627.4,QX,0.593999981880188,2RXS J122914.3+274631,
14203,111.40185,SDSS J143009.04+230322.9,Q,2.299999952316284,,
14203,147.466423,PGC 214276,NR,0.08100000023841858,,FIRST J143016.0+230345
14203,154.557628,SDSS J143010.88+225900.2,Q,2.0220000743865967,,
14203,169.925969,WISEA J143023.27+230134.0,q,0.6000000238418579,,
14205,139.578575,SDSS J231539.06+064449.2,Q,0.7910000085830688,,
14210,150.512418,J043319.86-131130.6,X,,4XMM J043319.8-131134,
4488,0.090161,NGC 4418,NRX,0.007000000216066837,CXOG J122654.6-005239,VL0J122654.62-005239.1
4488,49.243063,SDSS J122652.42-005316.0,QX,2.611999988555908,CXOG J122652.4-005315,
4488,111.229745,SDSS J122654.39-005430.6,QX,2.6110000610351562,CXOG J122654.3-005430,
4489,121.052522,WISEA J123959.90+151827.7,q,1.0,,
14212,21.558963,SDSS J101747.71+215245.3,qX,2.0,2XMM J101747.7+215247,
14212,106.318046,SDSS J101743.23+215059.1,NX,0.24199999868869781,4XMM J101743.2+215059,
4490,76.63093,J125223.66-153012.9,X,,4XMM J125223.6-153013,
4490,150.845651,J125232.08-152852.0,RX,2.4000000953674316,XMMX J125232.1-152851,NVSS J125232.1-152849
4490,157.399286,J125237.85-153151.9,X,1.399999976158142,4XMM J125237.8-153151,
4490,165.592697,J125232.39-152837.8,X,2.299999952316284,1RXH J125232.2-152835,
4491,89.144919,J154950.93+183113.2,X,,4XMM J154950.9+183112,
4491,146.905388,SDSS J154952.74+183312.1,QX,1.437999963760376,4XMM J154952.7+183312,
4491,173.16438,J154956.14+183243.0,X,0.30000001192092896,4XMM J154956.1+183243,
14215,152.906825,MCG 3-38-056,A,0.04399999976158142,,
14215,160.526517,SDSS J145511.70+162831.8,Q,0.5799999833106995,,
14215,165.349356,WISEA J145525.71+163244.1,q,1.100000023841858,,
14216,132.836385,SDSS J162806.65+391538.2,Q,1.86899995803833,,
14219,85.409991,SDSS J231524.71+045317.6,QR,2.131999969482422,,VL0J231524.72+045317.8
14221,113.35409,J235938.36-303727.9,X,,4XMM J235938.4-303728,
14221,128.277638,J235928.47-303836.8,X,,4XMM J235928.4-303836,
14221,146.132606,J235949.07-303936.1,X,,2XMM J235948.8-303935,
4501,63.146495,SDSS J092309.32+401008.4,Q,1.937000036239624,,
14225,123.479848,SDSS J103810.25+391233.9,QX,0.5699999928474426,4XMM J103810.4+391232,
4503,175.258502,SDSS J110721.94+064028.7,qR,1.899999976158142,,VL0J110721.94+064028.9
14227,86.201455,J121159.73+273718.6,X,,CXOG J121159.7+273718,
14227,131.530456,SDSS J121146.98+273854.2,qX,1.399999976158142,CXOG J121146.9+273854,
4504,73.003705,J135839.44+372736.3,X,4.0,CXOG J135839.4+372736,
4504,116.40081,NGC 5395,NX,0.012000000104308128,CXOG J135837.9+372528,
4504,118.850835,J135838.79+372530.8,X,,CXOG J135838.7+372531,
4504,125.89485,J135839.24+372525.8,X,,CXOX J135839.2+372524,
4504,139.47605,SDSS J135836.31+372928.4,Q,1.3559999465942383,,
14229,0.216195,IC 909,NR,0.027000000700354576,,FIRST J134051.2+242824
14231,73.78549,WISEA J151928.12+095807.1,q,0.5,,
4505,131.527198,2QZ J011051.6-302530,Q,1.871999979019165,,
4506,146.605653,SDSS J112905.60+090419.5,Q,2.1700000762939453,,
14238,0.17483,CGCG 518-9,NR,0.03200000151991844,,VL0J000158.46+363856.6
4511,13.049994,SDSS J092209.32+335057.4,AX,0.2370000034570694,2RXP J092208.4+335047,
4511,59.568212,SDSS J092205.86+335034.1,Q,2.255000114440918,,
4512,26.282494,J094226.38+041715.3,X,,4XMM J094226.3+041716,
4513,115.277091,SDSS J103652.65+180723.5,qR,1.0,,FIRST J103652.6+180723
4514,0.152182,NGC 4005,AR,0.014999999664723873,,NVSS J115810.5+250719
14243,144.205087,WISEA J075154.92+570448.1,q,1.600000023841858,,
4518,0.102498,NGC 5260,NX,0.02199999988079071,XMMSL J134019.9-235127,
14247,24.635624,J154335.66+674528.0,X,,2SXPS J154334.8+674526,
14247,139.096736,J154339.12+674758.1,X,,2SXPS J154339.6+674756,
14251,97.402171,WISEA J201738.09-221509.4,q,0.10000000149011612,,
4523,118.880921,2SLAQ J123512.20-001119.3,QX,1.0390000343322754,4XMM J123512.1-001119,
4524,109.362074,J132455.84+362229.5,X,0.10000000149011612,CXOG J132455.8+362229,
4524,116.568494,SDSS J132506.17+362537.8,qX,0.30000001192092896,CXOG J132506.1+362537,
4524,138.651617,ChaMP J132500.4+362616,NX,0.019999999552965164,CXOG J132500.4+362617,
4524,145.724749,J132451.29+362523.1,X,1.100000023841858,CXOX J132451.3+362523,
4524,151.711922,J132510.68+362220.1,X,,1RXH J132510.9+362216,
14256,119.19834,WISEA J034544.25-072821.4,q,0.10000000149011612,,
14257,75.937068,WISEA J043538.81-025633.1,qX,2.200000047683716,CXOX J043538.9-025631,
14259,147.964064,PGC 1670435,N,0.10199999809265137,,
14261,35.575326,SDSS J125831.73+280023.6,qX,1.399999976158142,4XMM J125831.6+280023,
14261,154.663962,SDSS J125829.98+275818.3,qX,1.7000000476837158,2XMM J125830.0+275819,
14261,173.530756,SDSS J125818.44+275936.3,QX,1.7230000495910645,4XMM J125818.5+275937,
14262,67.253758,WISEA J135711.44+241447.9,q,1.0,,
14262,179.329715,SDSS J135727.31+241643.1,Q,2.183000087738037,,
4534,147.27582,J105733.56-252319.7,R,,,VL0J105733.56-252318.9
14268,146.192549,SDSS J000127.79+090243.1,Q,2.3310000896453857,,
4537,161.184166,J131941.44-123922.9,X,,CXOG J131941.4-123923,
14269,0.262499,UM 105,NR,0.029999999329447746,,VL0J012851.48+022647.2
14269,111.309256,SDSS J012858.04+022555.2,Q,1.4550000429153442,,
14269,167.612098,SDSS J012849.38+022932.0,Q,0.8059999942779541,,
14269,172.855831,SDSS J012845.90+022416.0,Q,2.188999891281128,,
4539,169.754562,J000131.78+312324.2,R,0.4000000059604645,,VL0J000131.76+312324.3
14274,176.801539,WISEA J051542.12-032417.5,q,0.8999999761581421,,
14277,80.975654,SDSS J095056.21+283424.2,Q,2.1630001068115234,,
4545,120.336447,SDSS J220303.72+111349.7,Q,2.513000011444092,,
14278,174.58627,J113341.29-254316.9,R,2.0,,VL0J113341.29-254316.5
4546,148.678793,SDSS J222358.37+322313.9,Q,1.375,,
14280,120.294053,SDSS J133432.08+325604.0,Q,2.2200000286102295,,
14280,171.171834,SDSS J133436.48+325420.1,N,0.492000013589859,,
14280,176.775364,WISEA J133440.88+325407.5,q,0.4000000059604645,,
4548,0.197268,NGC 1072,A,0.027000000700354576,,
4548,174.162822,SDSS J024342.59+001743.9,Q,2.427000045776367,,
4549,174.001525,WISEA J045139.81+052728.2,q,0.30000001192092896,,
4550,144.993698,WISEA J125232.81-411821.6,q,1.7999999523162842,,
4551,150.916209,J223732.36+342511.9,X,,4XMM J223732.3+342512,
14286,157.600815,LBQS 0054-3101,Q,1.7879999876022339,,
4552,99.911979,WISEA J072509.78+493003.2,q,1.2000000476837158,,
14287,100.30184,SDSS J011447.32+010857.3,Q,1.6130000352859497,,
4553,41.067366,SDSS J111054.27+191053.2,QR,0.38600000739097595,,FIRST J111054.4+191052
14288,31.916859,J012323.47+332627.5,X,,CXOG J012323.4+332627,
14288,51.744756,SDSS J012325.39+332522.7,QX,0.8500000238418579,CXOG J012325.4+332522,
14288,175.376185,LAMOSTJ012308.40+332612.4,QX,1.440999984741211,CXOG J012308.4+332612,
4555,120.901957,XWAS J204118.7-322719,N,0.13500000536441803,,
4555,160.504036,J204114.54-322630.7,X,,4XMM J204114.6-322629,
4555,160.899296,XWAS J204118.7-323146,QX,1.0210000276565552,4XMM J204118.7-323144,
14293,45.840226,WISEA J071730.53-762236.2,q,0.20000000298023224,,
14294,26.96836,SDSS J084409.98+333033.7,Q,3.190000057220459,,
14294,81.060579,SDSS J084414.84+333025.3,Q,1.5499999523162842,,
14295,0.146664,IC 588,AX,0.023000000044703484,4XMM J100207.0+030327,
14295,108.909328,SDSS J100200.90+030426.7,qX,0.30000001192092896,4XMM J100200.9+030426,
14295,169.442909,SDSS J100159.97+030540.3,qX,1.0,4XMM J100159.9+030539,
4561,173.272599,SDSS J230547.73+310806.5,Q,1.4299999475479126,,
14297,170.246728,J110718.50+232611.3,R,,,VL0J110718.50+232611.5
14299,55.794325,WISEA J120426.88-312441.2,q,0.6000000238418579,,
4564,171.483592,SDSS J132929.64+114202.8,NX,0.023000000044703484,CXOG J132929.6+114201,
4564,179.970222,SDSS J132930.95+114601.9,N,0.4650000035762787,,
4565,65.422883,SDSS J133952.49+282311.5,qX,0.4000000059604645,1WGA J1339.8+2823,
14306,66.470881,2QZ J235750.7-314943,Q,0.6079999804496765,,
14306,87.122949,2QZ J235752.7-315019,Q,1.4900000095367432,,
14307,61.98571,J043337.53-131033.8,X,1.100000023841858,CXOG J043337.5-131033,
4571,0.154111,NGC 7378,NX,0.008999999612569809,2SXPS J224747.6-114859,
14311,110.183501,SDSS J094309.13+393152.8,Q,0.9829999804496765,,
4572,131.96389,SDSS J000521.16+064734.6,Q,0.47099998593330383,,
4573,105.394463,SDSS J024217.58-030734.8,Q,0.9589999914169312,,
4574,128.206388,WISEA J035550.39-422354.4,qX,0.699999988079071,2XMMi J035550.3-422354,
14314,0.222118,UGC 6743,N,0.02199999988079071,,
14314,92.232038,SDSS J114556.02+205959.8,Q,1.6239999532699585,,
4578,84.940929,SDSS J115238.02+233333.9,QR,1.8029999732971191,,VL0J115238.02+233334.0
4579,114.783703,LAMOSTJ123115.10+290903.1,Q,1.7170000076293945,,
4580,154.286098,SDSS J124458.48+545036.3,QR,2.2019999027252197,,VL0J124458.47+545036.4
4580,175.187471,SDSS J124426.98+545153.0,Q,2.190000057220459,,
4581,22.413728,J140143.16+334932.7,X,,CXOG J140143.1+334932,
4581,103.719728,J140133.38+334907.7,X,,CXOG J140133.3+334905,
4581,139.056803,SDSS J140145.30+335146.5,qX,0.5,CXOG J140145.3+335146,
4581,153.381989,J140139.17+335207.2,X,,2SXPS J140139.2+335208,
14322,129.389216,J234654.80+292931.8,X,,CXOG J234654.7+292931,
14322,139.996062,J234707.84+292842.0,X,0.8999999761581421,CXOG J234707.8+292842,
14323,179.37601,WISEA J010548.28+322603.0,qX,1.0,1WGA J0105.7+3226,
4583,57.365568,XMM J00346-4338,QX,1.1779999732971191,CXOG J003436.7-433846,
4583,86.399849,ATLAS S720,N,0.19900000095367432,,
4583,110.560959,XMM J00345-4341,QX,1.5829999446868896,4XMM J003431.4-434112,
4583,159.403215,XMM J00342-4339,KX,2.4000000953674316,4XMM J003417.9-433923,
4583,159.560521,XMM J00347-4337,QX,1.149999976158142,CXOG J003444.5-433749,
14325,159.16883,QBQS J024304.74-662311.6,Q,2.055000066757202,,
14326,87.50738,WISEA J024736.91+043649.0,q,0.6000000238418579,,
14326,132.988196,SDSS J024729.52+043728.9,Q,1.6360000371932983,,
4585,53.954467,SDSS J074652.02+390134.9,QX,2.056999921798706,CXOG J074652.0+390134,
4585,86.546332,SDSS J074648.97+390005.7,QX,2.4760000705718994,CXOG J074648.9+390005,
4585,106.522903,SDSS J074654.33+390240.9,QX,0.6159999966621399,CXOG J074654.3+390240,
14331,0.208486,MCG 6-25-009,A,0.02800000086426735,,
4592,0.32032,UGC 6732,NRX,0.009999999776482582,2SXPS J114532.7+585838,VL0J114533.08+585841.2
4592,148.193706,SDSS J114549.19+590002.0,Q,2.7860000133514404,,
4592,156.270169,SDSS J114524.25+585620.7,Q,2.9619998931884766,,
4594,0.132492,NGC 5747,NR,0.029999999329447746,,NVSS J144420.4+120756
14338,163.338576,SDSS J221234.50+180522.7,QR,1.9210000038146973,,VL0J221234.50+180522.9
14341,139.282626,SDSS J001900.46+192611.5,Q,2.242000102996826,,
4602,53.300422,SDSS J022603.58-001929.6,Q,1.4040000438690186,,
4602,149.268812,SDSS J022616.51-002020.2,Q,2.4489998817443848,,
4602,171.205346,SDSS J022607.16-001704.0,Q,0.9390000104904175,,
4602,179.196477,SDSS J022606.85-001655.9,A,0.40700000524520874,,
4605,112.158575,SDSS J125626.40+270105.4,Q,2.3239998817443848,,
4605,121.401085,J125631.09+270108.3,R,0.4000000059604645,,VL0J125630.97+270108.8
4606,151.342839,SDSS J150159.00+260006.3,Q,2.484999895095825,,
4606,154.139464,WISEA J150157.70+255528.1,q,0.30000001192092896,,
4608,29.907166,2QZ J025117.1-281135,K,0.14499999582767487,,
4609,25.762172,J050017.40-032111.7,X,,CXOG J050017.3-032111,
4609,89.016896,J050021.60-032100.6,X,,CXOX J050021.6-032100,
4609,134.181146,SDSS J050024.08-032022.2,qX,2.9000000953674316,CXOG J050024.0-032022,
14357,154.470222,SDSS J124653.96+294540.6,Q,1.6720000505447388,,
4616,0.240323,NGC 2534,A,0.012000000104308128,,
4616,104.426742,SDSS J081305.75+554054.5,A,0.4519999921321869,,
4616,110.895937,NGC 2534 U1,Q,2.4130001068115234,,
14365,145.704623,WISEA J213644.43-274137.1,q,1.2000000476837158,,
4619,152.135176,SDSS J171302.03+424824.6,QX,1.8259999752044678,2RXS J171301.4+424826,
14370,100.174313,SDSS J124312.05+310643.1,Q,1.9320000410079956,,
4622,120.158692,WISEA J104423.48-111102.2,q,0.5,,
4623,146.136448,SDSS J111503.15+352951.4,Q,1.4529999494552612,,
4623,153.939418,SDSS J111502.58+352900.5,Q,1.4520000219345093,,
4624,178.770531,SDSS J111508.92+305902.8,Q,1.6150000095367432,,
14378,167.287658,WISEA J072903.06+632049.0,qX,1.7000000476837158,2RXS J072902.1+632044,
14379,136.100047,SDSS J092450.46+223401.9,Q,1.9839999675750732,,
4626,0.047725,NGC 5157,NX,0.024000000208616257,2XMMi J132717.1+320149,
4626,98.800362,PGC 1977070,N,0.1379999965429306,,
4626,105.586865,SDSS J132710.96+320036.0,QX,1.5390000343322754,4XMM J132710.8+320034,
4626,116.925926,WISEA J132725.53+320111.5,qX,0.6000000238418579,2RXS J132725.6+320114,
4627,74.930899,J154645.03+721059.2,X,,4XMM J154645.0+721059,
14381,55.397656,NGC 3561,ARX,0.028999999165534973,4XMM J111113.1+284147,VL0J111113.19+284147.0
14381,90.490358,QS 1108+285,QX,2.197999954223633,4XMM J111108.3+284134,
14381,138.219534,MCG 5-27-012,N,0.028999999165534973,,
14381,178.339756,SDSS J111105.10+284017.6,qX,2.0,4XMM J111105.1+284018,
14382,174.674218,SDSS J113355.10+212422.7,A,0.4659999907016754,,
14383,109.803121,SDSS J115740.70+251654.8,Q,0.7120000123977661,,
10358,123.633651,Q 16093+2354,Q,0.7559999823570251,,
20433,157.415876,WISEA J174243.42+650821.2,qX,0.699999988079071,4XMM J174243.5+650821,
404,0.816742,NGC 7314,ARX,0.004999999888241291,2SXPS J223545.9-260258,VL0J223546.19-260301.0
404,166.761971,J223549.98-260539.8,X,,4XMM J223549.9-260535,
404,178.47749,J223544.42-260004.1,X,,XMMX J223544.2-260003,
405,113.084682,J224755.56-221900.1,X,,4XMM J224755.5-221901,
405,172.863691,J224749.99-221554.2,X,,4XMM J224749.9-221555,
20437,63.717379,SDSS J231457.19+231628.0,Q,1.8819999694824219,,
20437,177.553615,SDSS J231505.74+231734.9,Q,2.186000108718872,,
407,94.155673,J043046.45+005016.3,X,0.30000001192092896,CXOG J043046.4+005016,
10364,134.384021,SDSS J092345.20+533421.5,Q,2.1050000190734863,,
410,172.153004,WISEA J130941.86-075251.5,q,0.30000001192092896,,
412,0.018,SDSS J230456.65+121922.3,ARX,0.00800000037997961,CXOG J230456.6+121922,FIRST J230456.6+121922
412,88.559559,J230451.20+121844.0,X,,CXOG J230451.1+121842,
412,92.885371,J230451.58+121826.5,X,0.8999999761581421,CXOG J230451.5+121826,
412,151.959289,SDSS J230506.93+121941.4,qX,1.600000023841858,CXOG J230506.9+121941,
10367,0.144822,IRAS 12323-3659,NRX,0.029999999329447746,2RXS J123504.1-371527,NVSS J123503.9-371527
20443,58.375822,WISEA J062438.80-234256.8,q,1.7000000476837158,,
20443,167.319644,WISEA J062446.97-234550.6,q,1.100000023841858,,
414,94.451264,SDSS J121838.39+655523.1,A,0.13500000536441803,,
414,148.633374,WISEA J121820.17+655303.4,q,1.2999999523162842,,
10369,171.667211,SDSS J131405.62+065721.9,Q,1.8799999952316284,,
416,33.030446,J231442.22+043140.1,X,,CXOG J231442.2+043140,
416,59.98825,J231439.85+043202.9,X,,CXOG J231439.9+043202,
20447,165.919344,WISEA J124719.23-102155.5,qR,0.30000001192092896,,VL0J124719.22-102154.6
20448,95.031439,J140057.25+410048.2,X,1.7000000476837158,2SXPS J140057.4+410045,
20448,131.993524,SDSS J140053.59+410129.7,QX,3.0989999771118164,2SXPS J140053.5+410131,
20448,158.790834,J140059.99+410144.5,X,1.5,2SXPS J140100.1+410143,
418,101.61766,J025424.78+413623.9,X,,1RXH J025424.9+413627,
418,110.077732,WISEA J025435.59+413546.8,qX,1.0,2XMM J025435.5+413546,
418,129.776248,J025419.71+413309.5,X,1.7000000476837158,1RXH J025420.8+413313,
418,130.271174,J025438.82+413423.7,X,,XMMX J025438.5+413421,
418,160.572648,J025435.89+413655.7,X,1.399999976158142,1RXH J025435.8+413656,
418,168.393492,J025412.38+413444.1,X,,1RXH J025412.4+413445,
10374,145.785644,WISEA J004718.37-484237.0,q,0.20000000298023224,,
419,1.51279,NGC 3486,NRX,0.0020000000949949026,2XMM J110023.6+285835,NVSS J110023.7+285839
20450,74.342958,SDSS J141423.15+355054.9,Q,1.062000036239624,,
20450,99.984661,SDSS J141421.76+354952.4,QX,0.9620000123977661,2RXP J141422.2+354941,
20450,169.261947,SDSS J141442.95+355020.5,Q,1.9450000524520874,,
20451,119.191533,WISEA J162615.18+405614.3,qX,1.2000000476837158,2RXP J162615.5+405614,
20451,122.991827,SDSS J162630.93+405551.5,Q,2.055000066757202,,
20451,162.180479,SDSS J162614.25+405659.6,Q,2.305999994277954,,
422,9.546557,NGC 5985,A,0.00800000037997961,,
20452,30.888002,SDSS J172002.16+245548.8,QR,3.3570001125335693,,VL0J172002.17+245548.9
20452,144.800384,SDSS J171952.32+245359.2,Q,2.7829999923706055,,
424,119.82432,J110314.96+275632.0,R,,,VL0J110315.02+275632.6
20455,167.038666,WISEA J230733.74+421236.0,q,1.2999999523162842,,
425,0.223413,NGC 5850,AX,0.008999999612569809,4XMM J150707.6+013238,
425,164.31174,SDSS J150658.10+013401.1,AX,0.32199999690055847,2XMM J150658.0+013359,
426,0.335802,NGC 4941,NRX,0.003000000026077032,CXOG J130413.0-053305,FIRST J130413.0-053305
426,103.46453,J130410.30-053440.2,X,1.2999999523162842,CXOG J130410.2-053440,
426,107.12726,J130417.59-053141.7,X,1.0,CXOG J130417.5-053141,
429,77.589544,J015616.14+053813.0,X,0.30000001192092896,CXOG J015616.1+053813,
429,127.293725,SDSS J015624.36+053547.2,QX,2.0299999713897705,CXOG J015624.3+053547,
10386,0.065974,IC 485,ARX,0.02800000086426735,2SXPS J080019.7+264204,VL0J080019.78+264205.0
10386,136.230534,J080011.78+264040.9,X,,4XMM J080011.7+264040,
10386,137.527038,J080018.19+264421.1,X,0.20000000298023224,2XMMi J080018.3+264420,
10386,138.082914,SDSS J080014.85+264406.6,KX,0.48399999737739563,2XMMi J080014.8+264407,
10386,148.409667,SDSS J080030.50+264129.3,QX,1.6540000438690186,4XMM J080030.4+264129,
20464,104.860019,SDSS J124303.60+120137.3,Q,2.2160000801086426,,
432,122.540111,SDSS J125441.71+462956.5,Q,1.6579999923706055,,
432,148.978631,SDSS J125452.19+463159.1,Q,1.4149999618530273,,
432,164.472936,SDSS J125429.66+462930.5,A,0.32499998807907104,,
433,15.718838,J143205.14+575501.8,X,,CXOX J143205.2+575459,
433,18.492844,J143204.26+575532.4,X,,CXOG J143204.2+575534,
20465,119.659435,SDSS J135640.73+255419.4,qX,,2RXP J135640.7+255423,
434,77.63149,J125127.29-262619.5,X,1.5,CXOG J125127.2-262619,
20466,0.60137,UGC 9064,NR,0.017000000923871994,,FIRST J141022.8+162008
10387,71.015988,SDSS J095031.87+434453.6,Q,2.2950000762939453,,
10387,170.94617,SDSS J095022.36+434438.2,Q,1.5230000019073486,,
435,142.817394,SDSS J152159.36+050630.4,Q,0.6660000085830688,,
436,58.48596,J201657.65-704703.9,X,,CXOG J201657.8-704703,
10388,85.253521,J125302.65-102216.0,X,,CXOG J125302.7-102213,
10388,110.660864,J125304.77-102102.7,X,1.100000023841858,1RXH J125305.1-102101,
10388,128.094429,WISEA J125313.14-102426.6,qX,2.0999999046325684,1RXH J125313.5-102423,
20468,142.781475,2QZ J215623.3-291505,Q,1.2289999723434448,,
20468,153.515057,2QZ J215639.4-291745,N,0.23899999260902405,,
437,124.064199,J103641.70-273345.2,X,,4XMM J103641.6-273345,
438,169.399991,WISEA J030601.89-153928.9,qX,0.8999999761581421,4XMM J030601.9-153928,
10389,115.78908,SDSS J142605.96+051226.6,Q,1.7730000019073486,,
10389,142.072512,SDSS J142613.91+051220.9,Q,2.1589999198913574,,
20471,127.33952,J235358.45-023103.4,R,,,FIRST J235358.4-023103
10390,32.739603,SDSS J162305.94+354954.3,Q,2.4600000381469727,,
440,164.263383,WISEA J224730.77-650605.3,qX,1.399999976158142,2SXPS J224730.8-650604,
20473,148.653458,WISEA J031125.44-104328.7,q,1.600000023841858,,
20474,142.593041,J035000.41-735651.8,X,,4XMM J035000.3-735651,
443,60.444859,J112109.66+531010.6,X,,2SXPS J112110.0+531009,
443,83.029879,J112054.41+531041.7,X,1.2000000476837158,2SXPS J112054.4+531040,
10395,86.143898,SDSS J123924.34+274711.5,Q,1.5499999523162842,,
10396,179.874736,J130427.10-300713.0,X,,4XMM J130427.0-300712,
446,0.687822,NGC 7172,NRX,0.00800000037997961,2XMM J220201.8-315210,VL0J220201.81-315210.0
446,179.206907,J220215.62-315250.6,X,,4XMM J220215.6-315250,
20478,145.671112,SDSS J092439.82+481933.5,Q,1.9839999675750732,,
20478,154.245195,SDSS J092452.09+481920.4,Q,2.1610000133514404,,
10397,100.002289,WISEA J131003.54-171021.5,q,1.399999976158142,,
20480,147.587159,SDSS J131204.79+465229.5,Q,1.8259999752044678,,
450,7.246058,J235124.36+200642.3,X,,CXOG J235124.3+200642,
450,33.767539,J235122.48+200640.8,X,,4XMM J235122.5+200638,
450,77.442306,J235120.37+200726.9,X,,CXOG J235120.3+200727,
451,0.090811,NGC 3281,NX,0.010999999940395355,2SXPS J103152.2-345112,
20483,29.557043,J171524.47+572626.2,X,,CXOG J171524.4+572626,
20483,69.956294,J171518.53+572657.0,X,,1RXH J171517.9+572653,
20483,75.996155,WISEA J171514.26+572620.8,qX,0.8999999761581421,CXOG J171514.2+572620,
20483,78.07674,NGC 6338,ARX,0.027000000700354576,CXOG J171522.9+572440,VL0J171523.00+572440.2
20483,85.950357,J171518.87+572440.0,X,,1RXH J171519.0+572443,
20483,87.177631,J171524.75+572432.0,X,,CXOG J171524.9+572432,
20483,132.582494,J171528.72+572803.3,X,,CXOG J171528.7+572803,
20483,143.698575,J171530.95+572807.9,X,,CXOG J171530.9+572808,
20483,179.580767,J171512.99+572319.0,X,0.20000000298023224,1RXH J171513.1+572322,
20485,135.674779,J003750.34-091344.3,X,3.9000000953674316,CXOG J003750.3-091344,
20486,94.203959,WISEA J020205.43+445053.3,qR,2.0,,VL0J020205.40+445053.4
456,132.44839,J175158.34+230434.3,X,1.100000023841858,4XMM J175158.3+230435,
20487,108.553953,J043248.00-132112.2,X,,4XMM J043247.9-132115,
20487,163.794358,J043303.99-132301.1,X,1.7000000476837158,4XMM J043303.9-132300,
10404,108.978256,SDSS J110217.02+382905.4,Q,0.5709999799728394,,
457,164.984841,J123017.63+122227.7,X,,4XMM J123017.5+122228,
458,171.328597,J213611.04-543439.4,X,,CXOG J213611.0-543439,
20490,169.59247,SDSS J102504.98+280254.1,Q,1.1920000314712524,,
459,162.613142,J130104.84-143313.7,R,2.0,,VL0J130104.83-143312.8
10406,178.247629,SDSS J134537.52+220737.8,Q,2.515000104904175,,
460,134.814289,SDSS J000401.75+204717.2,Q,1.3209999799728394,,
461,80.95531,SDSS J121925.60+145316.3,QX,3.1740000247955322,CXOG J121925.6+145316,
461,137.936029,SDSS J121929.78+145457.1,qX,0.20000000298023224,CXOG J121929.7+145457,
20493,109.080296,SDSS J113117.72+550822.6,Q,1.0379999876022339,,
20495,166.573542,SDSS J120937.06+381337.3,QX,2.796999931335449,2SXPS J120937.0+381337,
10411,54.78497,SDSS J224917.46+191757.0,Q,0.8690000176429749,,
10411,174.13736,SDSS J224918.05+191429.3,Q,0.703000009059906,,
10411,178.167914,SDSS J224932.81+191743.7,Q,2.611999988555908,,
20496,143.757681,SDSS J122936.74+325706.0,Q,1.2949999570846558,,
20496,176.859283,SDSS J122949.11+325240.8,Q,0.6159999966621399,,
20497,0.402866,UGC 7740,NR,0.028999999165534973,,NVSS J123442.1+491923
20497,97.862843,SDSS J123432.07+491927.0,Q,2.128000020980835,,
20497,126.751083,SDSS J123449.78+491746.5,Q,1.3880000114440918,,
467,127.700861,SDSS J121740.54+293430.8,Q,2.319999933242798,,
467,165.295574,SDSS J121747.55+293755.8,QX,0.7289999723434448,2XMM J121747.6+293755,
20499,134.127799,87GB 16234+5748,QRX,0.7889999747276306,2SXPS J162424.4+574112,VL0J162424.81+574116.1
469,51.272985,J061619.23-212149.5,X,1.0,CXOX J061619.3-212151,
20500,89.285816,SDSS J170907.24+405411.4,Q,1.4149999618530273,,
20500,141.613328,SDSS J170924.60+405512.5,Q,1.2170000076293945,,
10416,55.208061,J082302.26+041600.3,X,0.30000001192092896,CXOG J082302.2+041600,
20501,60.505356,SDSS J235803.04+291624.5,Q,1.434999942779541,,
472,131.905655,J122335.60+164108.3,X,,CXOX J122335.5+164108,
472,155.594834,SDSS J122326.88+164458.0,QX,0.6729999780654907,CXOG J122326.8+164458,
20503,62.308568,J035840.89+274652.6,X,0.4000000059604645,4XMM J035841.0+274652,
20503,136.048584,WISEA J035843.20+274354.8,qX,0.8999999761581421,4XMM J035843.1+274355,
10419,0.405278,UGC 10320,A,0.03200000151991844,,
10419,87.140306,SDSS J161810.83+210247.0,Q,2.7929999828338623,,
10419,88.362453,WISEA J161806.74+210526.9,q,1.7999999523162842,,
10419,135.802395,WISEA J161801.12+210543.3,q,0.800000011920929,,
20506,0.210155,CGCG 151-39,A,0.023000000044703484,,
10420,0.38368,UGC 10374,N,0.019999999552965164,,
20507,43.633324,SDSS J105803.13+404945.8,Q,2.3550000190734863,,
479,77.424195,J125142.79-102719.6,X,0.30000001192092896,CXOG J125142.8-102719,
479,136.264747,J125141.94-102859.5,X,,CXOG J125141.9-102859,
20508,134.176198,SDSS J112417.30+344045.1,Q,0.7870000004768372,,
480,62.668856,SDSS J023921.16+010628.1,QX,1.9630000591278076,2SXPS J023921.0+010627,
480,99.657339,SDSS J023924.96+010715.3,Q,2.5739998817443848,,
480,139.754566,SDSS J023921.15+010752.2,QX,1.4190000295639038,4XMM J023921.1+010751,
20511,0.215177,NPM 1G+28.0244,A,0.017000000923871994,,
20511,114.986804,SDSS J125342.75+274528.3,Q,2.8510000705718994,,
482,89.63076,J012346.39+331443.6,X,0.10000000149011612,XMMX J012346.0+331443,
482,123.520332,J012334.08+331701.4,X,,4XMM J012334.0+331704,
482,145.770809,J012331.74+331338.8,X,,CXOG J012331.6+331339,
482,168.349379,J012332.63+331743.3,X,1.2999999523162842,XMMX J012332.5+331744,
10427,155.757234,WISEA J060016.94-180327.9,q,1.2000000476837158,,
20515,177.226284,WISEA J000709.09-074542.9,q,2.5999999046325684,,
486,0.200409,NGC 777,NRX,0.017000000923871994,CXOG J020014.8+312545,VL0J020014.87+312545.9
486,24.258298,J020016.80+312543.1,X,,1RXH J020017.2+312548,
486,63.433608,J020013.78+312444.0,X,1.2999999523162842,XMMX J020013.9+312443,
486,168.241724,SDSS J020002.41+312454.0,Q,2.000999927520752,,
10428,105.136893,2SLAQ J100520.68+003106.0,QX,1.909999966621399,2SXPS J100520.7+003107,
10429,67.515288,WISEA J152256.23-045919.1,qX,1.0,2SXPS J152256.3-045917,
20520,89.260783,SDSS J083158.56+240136.6,Q,2.2239999771118164,,
492,131.260212,WISEA J033622.28-351640.3,qX,2.5,2XMMi J033622.2-351640,
20522,164.299639,SDSS J104619.16+185608.3,Q,1.2350000143051147,,
10434,100.65467,SDSS J081317.71+522555.9,Q,1.2610000371932983,,
494,160.511348,SDSS J084910.69+190453.9,Q,2.0250000953674316,,
494,162.50818,SDSS J084921.57+190712.3,Q,2.009000062942505,,
20525,95.093307,WISEA J132413.85-232219.6,qR,0.30000001192092896,,NVSS J132413.8-232219
495,61.347496,J011102.99+330940.3,X,1.5,CXOG J011102.9+330940,
497,99.724443,J220223.47-185323.2,X,,2SXPS J220222.9-185324,
497,123.383057,J220224.68-185654.9,X,,2XMM J220224.6-185654,
499,86.344075,J012601.78-012207.0,2,,,
499,96.544541,J012555.16-011950.6,X,,CXOG J012555.1-011950,
499,123.825766,J012607.40-012152.5,X,,CXO J012607.3-012150,
499,131.513866,J012554.58-011906.8,X,,CXOG J012554.5-011907,
20531,141.781513,WISEA J204248.45-434500.6,q,1.2000000476837158,,
10441,60.497391,WISEA J151132.98-134950.3,q,0.6000000238418579,,
500,0.04152,NGC 7590,NR,0.004999999888241291,,SUMSS J231854.9-421417
500,104.398754,WISEA J231845.93-421347.7,qX,1.5,XMMX J231845.7-421348,
500,160.380995,J231858.30-421145.0,X,,CXOG J231858.2-421145,
10442,143.166643,SDSS J154640.32+320605.5,Q,0.9150000214576721,,
503,0.342299,NGC 2685,NX,0.003000000026077032,2XMM J085534.4+584404,
503,118.5015,SDSS J085530.71+584558.5,qX,0.800000011920929,2XMM J085530.6+584558,
20536,26.459849,WISEA J015527.30+363348.0,q,1.600000023841858,,
505,61.030637,XMS J122004.0+752145,QX,0.9729999899864197,CXOG J122003.6+752145,
505,99.411991,J122024.76+752351.0,X,,CXOG J122024.7+752351,
505,151.42266,J121949.64+752027.7,X,,CXOG J121949.5+752028,
10446,169.580898,WISEA J003128.12-365113.5,q,1.399999976158142,,
506,177.929627,WISEA J202514.68-244613.2,qX,1.2000000476837158,2SXPS J202514.7-244612,
20539,39.698365,WISEA J030329.36-093937.5,q,0.800000011920929,,
507,30.619935,SDSS J124747.21+134604.0,qX,2.200000047683716,2RXS J124747.5+134559,
507,171.917819,SDSS J124744.31+134254.7,QX,2.2990000247955322,CXOG J124744.3+134254,
10448,0.295322,IC 492,AX,0.017000000923871994,2SXPS J080538.5+261005,
10449,176.069296,SDSS J122024.96+041419.7,Q,2.059999942779541,,
509,7.8733,SDSS J120211.11+620811.8,qX,2.0999999046325684,2SXPS J120211.6+620813,
509,148.07322,SDSS J120223.63+620609.7,QX,0.7580000162124634,2SXPS J120223.3+620608,
20544,116.851068,SDSS J151418.48+081525.9,A,0.3440000116825104,,
511,166.774976,SDSS J084355.44+501227.2,Q,2.7639999389648438,,
10452,63.725653,SDSS J231422.86+282743.4,Q,1.6890000104904175,,
10452,107.086315,SDSS J231418.40+282516.5,Q,1.0829999446868896,,
514,0.335627,NGC 4235,ARX,0.007000000216066837,1RXH J121709.8+071131,VL0J121709.87+071129.7
514,121.153541,SDSS J121717.78+071159.8,qX,2.0,4XMM J121717.7+071200,
20550,134.805289,SDSS J233024.96+301530.9,Q,1.9450000524520874,,
516,0.224453,SDSS J134519.14+414244.7,NRX,0.008999999612569809,2SXPS J134519.2+414245,FIRST J134519.0+414244
20553,123.814927,SDSS J025636.63+183957.7,qR,2.0,,VL0J025636.60+183957.4
521,0.712141,NGC 3735,NRX,0.008999999612569809,2SXPS J113557.1+703208,NVSS J113557.0+703209
521,123.249994,J113620.02+703120.3,X,,2SXPS J113620.0+703118,
521,137.949851,J113605.09+703420.4,X,0.800000011920929,4XMM J113605.0+703421,
20555,117.522328,WISEA J074951.79+304541.8,q,0.10000000149011612,,
10463,119.603716,WISEA J172142.93-004936.7,q,0.30000001192092896,,
20556,151.241636,J080533.84+400839.4,R,,,VL0J080533.82+400839.4
20558,167.905602,SDSS J085637.62+515440.5,Q,1.3919999599456787,,
525,140.683748,SDSS J123728.59+093100.6,QX,0.7409999966621399,CXOG J123728.5+093100,
525,155.638039,SDSS J123721.77+093444.2,QX,0.9430000185966492,CXOG J123721.7+093444,
525,177.010003,SDSS J123718.58+093318.9,Q,2.812999963760376,,
526,63.759595,WISEA J084916.84+601224.2,q,0.20000000298023224,,
10466,113.47096,WISEA J203038.41-035524.6,q,0.8999999761581421,,
20560,177.415091,SDSS J155425.81+394749.2,Q,1.6469999551773071,,
527,176.552899,J235509.72+055307.8,X,,4XMM J235509.8+055306,
20561,98.43011,WISEA J172149.79-005343.5,q,1.2000000476837158,,
528,85.695767,SDSS J094317.29+315450.6,QX,1.565999984741211,CXOG J094317.3+315450,
528,113.562903,SDSS J094303.91+315456.0,Q,1.8769999742507935,,
528,141.885438,WISEA J094321.39+315658.9,qX,0.8999999761581421,CXOG J094321.4+315659,
20564,169.533746,SDSS J233130.31+322605.7,Q,1.284999966621399,,
10471,154.346163,SDSS J095628.53+202624.2,Q,2.881999969482422,,
20565,102.48561,SDSS J235149.21+291411.1,Q,1.8669999837875366,,
20565,125.467491,WISEA J235145.73+291414.8,qRX,1.2999999523162842,CXO J235145.8+291413,VL0J235145.70+291414.8
534,135.851736,J064817.05-641550.8,X,,CXOG J064817.0-641549,
20569,57.068687,WISEA J033154.83+021611.4,q,1.2999999523162842,,
536,143.525885,J150407.37+011535.1,X,,2CXO J150407.3+011534,
20571,166.689279,WISEA J061541.01+521611.7,q,1.100000023841858,,
20573,0.18925,IC 657,N,0.03200000151991844,,
540,171.063324,SDSS J111412.60+481615.9,Q,3.4049999713897705,,
540,173.549145,SDSS J111427.00+482013.8,Q,1.8669999837875366,,
20575,174.54754,J114837.50-272036.4,X,,CXOG J114837.4-272036,
542,89.014956,J012435.50+034603.9,X,,CXOG J012435.4+034604,
20577,30.360619,SDSS J122053.82+244023.9,Q,3.0260000228881836,,
20580,150.228299,WISEA J132508.06-204039.3,q,1.0,,
10484,136.567103,SDSS J110223.99+590604.6,Q,1.343000054359436,,
10485,72.244416,WISEA J120806.35+253635.3,qX,1.100000023841858,2SXPS J120805.9+253633,
549,32.442633,J130010.44+275827.3,X,,XMMX J130010.1+275827,
549,40.826461,J130005.35+275818.8,X,,XMMX J130005.5+275818,
549,145.00203,J130003.37+280047.8,X,,CXOX J130003.3+280048,
549,154.748381,J130017.94+275713.6,X,,2XMM J130017.9+275716,
549,155.975901,J130013.45+280056.1,X,1.2999999523162842,XMMX J130013.3+280053,
549,175.902186,J130021.11+275912.8,X,1.2000000476837158,4XMM J130021.1+275914,
20583,0.296445,CGCG 166-5,NR,0.032999999821186066,,VL0J153016.15+270551.1
551,106.556254,J232836.44-412112.4,X,,CXOG J232836.4-412112,
10488,127.745615,WISEA J170214.00+445202.9,q,0.10000000149011612,,
552,22.676964,J043040.22+004004.3,X,,1WGA J0430.6+0040,
552,82.113753,J043042.86+004051.4,X,,CXOG J043042.8+004051,
553,96.298586,J231926.14-421643.3,X,,CXOG J231926.1-421643,
554,0.406755,NGC 7743,NRX,0.007000000216066837,CXOG J234421.1+095602,FIRST J234421.1+095603
554,130.854326,J234429.75+095632.7,X,2.4000000953674316,4XMM J234429.7+095634,
554,176.956891,J234424.65+095851.8,X,2.299999952316284,XMMX J234424.4+095851,
20587,133.647271,SDSS J233940.12-030819.6,Q,3.7950000762939453,,
10491,163.680046,WISEA J005737.92-544121.9,q,1.2999999523162842,,
20588,145.658431,SDSS J235336.53-004224.7,A,0.1120000034570694,,
555,0.102218,NGC 5631,N,0.007000000216066837,,
555,153.820214,SDSS J142633.05+563223.7,Q,2.065999984741211,,
555,173.483897,SDSS J142648.23+563659.4,Q,2.1710000038146973,,
10492,51.294282,J054922.93-700739.1,X,,2XMMi J054923.4-700738,
20589,113.379305,J011503.95-584107.7,R,,,SUMSS J011503.8-584107
557,137.065349,WISEA J104246.23-361852.6,q,2.0,,
558,143.104584,SDSS J121225.29+131057.5,qX,1.5,2XMM J121225.2+131058,
10496,65.911639,LAMOSTJ114445.50+193206.8,QX,1.6490000486373901,4XMM J114445.5+193207,
561,42.508401,J112827.00+583407.6,X,,CXOG J112826.8+583407,
561,135.169671,J112826.82+583131.3,X,1.0,CXOG J112826.8+583131,
20593,116.906577,WISEA J030233.46+020943.3,q,1.0,,
562,0.185388,NGC 2273,ARX,0.006000000052154064,4XMM J065008.6+605044,VL0J065008.61+605044.7
562,126.624851,2XMM J065012.9+604842,ARX,0.2029999941587448,4XMM J065012.8+604841,VL0J065012.83+604841.7
10499,75.326498,SDSS J134210.57+604740.7,QR,1.2280000448226929,,FIRST J134210.5+604741
10499,110.475522,J134217.74+604446.7,R,,,VL0J134217.75+604446.5
564,145.097701,J054649.90-164918.3,R,0.5,,VL0J054649.90-164918.0
10501,148.91648,LAMOSTJ150334.45+260632.2,QR,0.44200000166893005,,FIRST J150334.4+260632
566,121.911962,WISEA J034230.20-132716.2,q,1.2000000476837158,,
20598,0.249281,MCG -01.24.012,NRX,0.019999999552965164,4XMM J092046.2-080321,NVSS J092046.3-080322
568,62.686663,J022721.78+333458.8,X,,CXO J022721.5+333500,
568,131.186919,J022707.40+333348.3,X,1.0,4XMM J022707.2+333350,
568,145.128938,J022706.74+333554.0,X,,4XMM J022706.7+333555,
10505,46.27296,SDSS J225249.32+010822.7,QX,1.6970000267028809,4XMM J225249.2+010821,
10505,95.252149,SDSS J225252.70+010829.6,Q,2.5309998989105225,,
10505,95.322436,SDSS J225242.40+010908.1,Q,2.303999900817871,,
10505,153.679692,SDSS J225240.37+010958.7,AX,0.5329999923706055,4XMM J225240.3+010957,
20601,47.019507,SDSS J141214.29+291208.3,AR,0.48399999737739563,,FIRST J141214.3+291208
20601,94.021541,WISEA J141214.26+291048.1,q,0.5,,
570,120.16659,SDSS J015123.81+222005.5,Q,2.6570000648498535,,
570,169.705379,SDSS J015119.49+221841.1,Q,1.0850000381469727,,
10506,159.595792,WISEA J001031.31-565648.9,q,1.2999999523162842,,
571,103.724343,J110331.13+180911.0,X,,CXOG J110331.1+180911,
571,147.342732,J110333.90+180930.8,X,,CXOG J110333.8+180931,
571,167.228441,SDSS J110317.53+181011.6,qX,1.2000000476837158,CXOG J110317.5+181011,
10507,116.930241,SDSS J010713.44+330332.1,Q,1.2979999780654907,,
10507,178.758728,SDSS J010734.96+330237.5,Q,1.2740000486373901,,
20604,139.310285,WISEA J203145.12-013018.1,q,0.10000000149011612,,
572,113.270109,J122403.71+753249.7,X,1.2000000476837158,2SXPS J122403.9+753249,
10508,71.00663,LAMOSTJ031910.19+040108.8,Q,1.597000002861023,,
20606,177.273733,WISEA J223501.45+183903.1,q,1.5,,
10509,84.259979,LAMOSTJ041336.36+004351.0,Q,2.5859999656677246,,
20607,156.509688,J012344.26-321027.2,R,,,VL0J012344.20-321026.4
10510,141.877241,SDSS J084624.28+413611.1,NR,0.14900000393390656,,FIRST J084624.2+413611
576,43.64124,J010726.30+322405.0,R,1.5,,VL0J010726.21+322406.3
576,132.591502,J010729.94+322248.6,X,1.5,CXOG J010729.9+322248,
577,0.047079,ESO 443-24,BRX,0.017000000923871994,CXOG J130100.7-322628,VL0J130100.65-322627.1
577,142.941568,J130109.14-322805.0,X,,2RXP J130109.4-322802,
579,0.359201,NGC 5750,N,0.006000000052154064,,
579,118.451726,2QZ J144606.7-001144,Q,2.013000011444092,,
579,150.404697,2SLAQ J144608.12-001546.4,Q,1.2430000305175781,,
10515,0.119609,PGC 141885,AR,0.019999999552965164,,VL0J152433.41-301220.2
10516,42.179851,J154422.23-112537.9,X,2.0,4XMM J154422.3-112537,
10516,69.173522,J154423.95-112525.0,X,1.399999976158142,2SXPS J154423.8-112520,
583,166.814617,J125600.92-120340.2,R,1.899999976158142,,VL0J125600.93-120339.7
20619,146.892717,SDSS J235417.51-015501.0,Q,1.7899999618530273,,
10521,138.284798,SDSS J091837.99+275818.2,Q,1.5219999551773071,,
588,139.356534,LAMOSTJ145958.87+015546.0,QX,1.50600004196167,4XMM J145958.8+015545,
20622,70.89846,SDSS J005439.93+213219.6,Q,0.8220000267028809,,
20622,131.055487,SDSS J005449.81+212953.9,Q,2.311000108718872,,
10522,148.76929,SDSS J093021.88+554906.7,QX,1.2139999866485596,2SXPS J093021.9+554904,
590,0.487529,NGC 5962,AR,0.007000000216066837,,NVSS J153631.7+163626
10523,28.267837,WISEA J110427.98+440122.9,q,1.600000023841858,,
10523,71.783187,SDSS J110425.96+440042.9,Q,2.4820001125335693,,
10523,171.172341,SDSS J110418.73+435932.5,A,0.16599999368190765,,
10524,157.736447,SDSS J125318.96+042524.4,Q,0.6179999709129333,,
592,97.135846,QORG J223749.3+234541,QX,1.2400000095367432,1RXH J223749.4+234543,
20627,129.050352,SDSS J073942.69+491939.3,Q,1.312000036239624,,
593,89.291095,J141536.92+361214.0,X,,CXOG J141536.8+361213,
593,98.628964,J141534.26+361158.5,X,,CXOG J141534.3+361158,
10526,162.563796,SDSS J161950.94+573532.2,Q,2.9079999923706055,,
20631,143.990033,WISEA J124435.79-030146.0,q,1.7000000476837158,,
10527,65.736891,UGC 10683B,ARX,0.03099999949336052,2SXPS J170500.4-013227,VL0J170500.40-013228.1
597,178.112402,J103641.70-273345.2,X,,4XMM J103641.6-273345,
20632,132.854334,WISEA J131048.45-313051.7,q,0.20000000298023224,,
598,109.455215,2QZ J120426.6+015534,QX,1.378999948501587,CXOG J120426.6+015534,
598,171.126386,J120427.43+015054.6,X,,CXOG J120427.4+015054,
10528,157.17276,WISEA J181044.22+182256.0,q,2.0999999046325684,,
10529,113.297442,J232835.01+171510.5,R,0.699999988079071,,VL0J232835.00+171511.4
20635,122.24198,SDSS J141540.40+394644.5,Q,2.6500000953674316,,
20636,158.802593,WISEA J153401.03+051702.1,q,1.2000000476837158,,
20637,77.294695,SDSS J161553.10+151856.3,Q,0.7829999923706055,,
603,91.414402,WISEA J211156.39-491540.5,qX,2.5,4XMM J211156.3-491541,
603,149.997115,J211201.77-491857.4,X,,XMMX J211201.5-491901,
605,107.226826,TEX 1035-268,KRX,0.5669999718666077,2XMM J103739.8-270527,VL0J103739.81-270525.5
10535,0.689717,NGC 5828A,NR,0.014000000432133675,,NVSS J150046.3+495934
10535,152.707272,SDSS J150030.57+495906.9,Q,1.6490000486373901,,
10535,178.266444,SDSS J150104.55+495945.2,Q,1.1950000524520874,,
608,0.187064,NGC 4378,NX,0.008999999612569809,4XMM J122518.0+045530,
608,67.09298,SDSS J122522.43+045513.1,qX,1.100000023841858,4XMM J122522.5+045513,
608,160.210677,SDSS J122527.45+045412.1,qX,2.0,2XMM J122527.4+045412,
10538,116.225279,SDSS J235853.08+033922.1,Q,1.5700000524520874,,
612,0.233912,NGC 4586,N,0.003000000026077032,,
613,94.678376,SDSS J142411.78+345012.5,QX,1.8049999475479126,CXOG J142411.7+345012,
10543,58.471797,WISEA J083507.94-025823.6,q,1.5,,
614,138.2115,WISEA J143151.30-432505.7,q,2.0999999046325684,,
20651,43.334725,WISEA J084856.39-082210.0,q,1.399999976158142,,
20652,151.938887,SDSS J091901.13+200905.9,Q,1.5959999561309814,,
10544,0.329586,UGC 5607,NR,0.023000000044703484,,NVSS J102224.7+035944
10544,90.601251,J102218.70+040019.4,R,,,VL0J102218.71+040019.9
20653,105.223755,SDSS J092713.42+342717.7,Q,1.6990000009536743,,
20653,163.55785,SDSS J092723.05+342756.0,Q,3.1480000019073486,,
20653,172.591587,SDSS J092712.95+342249.1,Q,2.447000026702881,,
20654,0.252644,CGCG 64-106,N,0.023000000044703484,,
10546,117.88042,SDSS J114250.92+263422.7,QRX,1.5080000162124634,4XMM J114250.9+263422,FIRST J114250.9+263422
10546,137.26686,J114253.17+263442.9,X,,4XMM J114253.2+263443,
619,0.505241,NGC 3516,ARX,0.008999999612569809,2XMM J110647.4+723407,VL0J110647.30+723407.2
20655,176.232479,J110510.71+381559.0,X,,2RXP J110510.0+381557,
20655,177.572579,HXMM J11053+3811,QX,1.2580000162124634,4XMM J110522.5+381104,
20656,136.326926,SDSS J115119.13+323540.9,Q,1.031999945640564,,
20656,163.981535,SDSS J115116.53+323552.3,Q,2.319000005722046,,
10549,142.468578,WISEA J191633.98-571836.4,q,0.30000001192092896,,
622,166.822483,WISEA J050535.46-115410.3,q,0.8999999761581421,,
10551,164.088711,J215811.60-695239.7,X,,CXOX J215811.4-695237,
623,0.169367,NGC 3894,ARX,0.010999999940395355,CXOG J114850.3+592456,FIRST J114850.3+592456
623,121.743357,J114852.91+592256.0,X,,CXOG J114852.9+592255,
623,144.588115,J114848.83+592232.1,X,,CXOG J114848.7+592232,
623,168.588831,SBS 1146+596,QX,1.9579999446868896,CXOG J114900.1+592224,
20661,77.57777,WISEA J012517.61-180859.0,q,0.5,,
10555,149.511687,SDSS J114246.72+185025.0,Q,2.6489999294281006,,
10556,178.682503,SDSS J120215.04+175117.7,Q,0.6679999828338623,,
630,16.674232,J162149.47-021649.7,X,,2CXO J162149.4-021649,
630,40.009996,J162150.47-021631.6,X,,2SXPS J162150.2-021629,
630,100.363816,J162142.46-021740.0,X,,CXOG J162142.3-021741,
10559,43.951292,SDSS J163602.86+443601.1,Q,1.5160000324249268,,
10559,81.360718,SDSS J163605.17+443451.5,Q,2.627000093460083,,
10559,92.214932,SDSS J163603.43+443735.4,Q,1.1069999933242798,,
631,55.142104,J124815.63-031911.7,X,2.299999952316284,CXOG J124815.6-031911,
631,113.961224,J124813.06-032152.1,X,,CXOG J124813.0-032152,
20668,50.939272,SDSS J134149.72+554031.6,Q,1.1670000553131104,,
20668,92.864817,J134132.87+554012.9,X,,2RXP J134133.8+554008,
20669,111.861647,SDSS J134423.81+201156.3,Q,2.265000104904175,,
10560,64.877377,SDSS J012735.78-010723.3,Q,0.7480000257492065,,
10560,166.212415,SDSS J012746.07-010512.6,A,0.4090000092983246,,
20670,73.181933,SDSS J145405.57+492435.0,Q,0.906000018119812,,
20670,74.459629,SDSS J145412.85+492640.4,QR,2.1059999465942383,,VL0J145412.86+492640.3
635,0.263819,NGC 5899,ARX,0.00800000037997961,4XMM J151503.2+420259,FIRST J151503.2+420259
635,160.736627,J151450.48+420414.5,X,,4XMM J151450.4+420415,
635,177.974729,J151519.22+420258.4,X,0.10000000149011612,4XMM J151519.1+420258,
20671,27.462604,IC 4687 #2,NRX,0.017000000923871994,CXOG J181339.6-574331,SUMSS J181339.4-574333
20671,67.726538,IC 4687,N,0.017000000923871994,,
636,72.848307,J142918.80-332605.9,R,,,VL0J142918.79-332606.0
10564,94.02084,SDSS J074542.50+454624.9,Q,2.507999897003174,,
637,76.946043,J035926.54-673850.3,X,,4XMM J035926.2-673850,
638,74.781633,J204443.68-684543.5,X,,2SXPS J204443.5-684540,
639,161.20588,SDSS J124130.14+071616.9,qX,1.0,CXOX J124130.1+071617,
639,171.569251,SDSS J124127.12+072123.0,QX,0.8870000243186951,CXOG J124127.1+072123,
10567,171.822121,PGC 1414553,N,0.061000000685453415,,
20677,115.785717,J031052.04+164743.8,R,,,NVSS J031051.9+164747
10568,178.233504,J115334.55+102333.8,R,,,VL0J115334.53+102333.8
20680,61.374184,SDSS J075008.99+342909.2,QR,1.034999966621399,,VL0J075008.98+342909.5
643,0.051874,NGC 3783,ARX,0.008999999612569809,2XMM J113901.7-374418,VL0J113901.71-374418.1
643,86.691504,J113855.87-374510.9,R,,,NVSS J113855.7-374510
10569,140.136655,SDSS J151824.47+125400.1,Q,2.8350000381469727,,
20681,0.28111,CGCG 156-37,N,0.027000000700354576,,
20681,173.30658,SDSS J111531.09+272340.8,NR,0.5220000147819519,,FIRST J111531.1+272340
644,0.926048,NGC 4939,NRX,0.009999999776482582,2SXPS J130414.2-102020,VL0J130414.34-102021.7
644,78.726382,J130409.82-101941.7,X,,2SXPS J130409.6-101942,
10570,0.101217,PGC 835095,ARX,0.027000000700354576,4XMM J163830.9-205524,VL0J163830.91-205524.0
10574,61.29816,SDSS J094709.52+003955.5,KX,0.550000011920929,4XMM J094709.5+003954,
20688,136.273117,WISEA J173808.62+134809.9,q,0.30000001192092896,,
651,113.845922,J033702.40-354453.4,X,,CXOG J033702.3-354453,
651,167.443021,J033658.02-354432.7,X,,CXOG J033658.0-354432,
653,156.601247,SDSS J234416.30+104837.9,Q,1.5240000486373901,,
653,171.486215,SDSS J234404.22+104627.8,Q,3.1470000743865967,,
10579,143.90546,WISEA J175021.78-610022.6,q,0.699999988079071,,
654,21.607058,OzDES-DR2_03659,A,0.004999999888241291,,
654,22.034798,OzDES-DR2_03651,A,0.006000000052154064,,
654,116.878971,SDSS J024632.75-002927.8,A,0.8339999914169312,,
654,176.506673,NGC 1087 UB1,Q,2.1530001163482666,,
20693,89.810511,SDSS J212304.56+010118.8,Q,2.119999885559082,,
20693,123.194342,SDSS J212251.93+010026.1,Q,2.3269999027252197,,
20693,166.503563,SDSS J212309.51+010213.0,Q,0.5910000205039978,,
20693,177.859439,SDSS J212249.31+005947.2,Q,2.0829999446868896,,
20694,121.009694,WISEA J222831.15+351037.0,q,0.4000000059604645,,
20695,157.150614,WISEA J010604.18+040702.4,q,0.8999999761581421,,
657,0.953293,NGC 2992,NRX,0.00800000037997961,4XMM J094541.9-141934,NVSS J094542.0-141934
657,170.64986,J094544.88-142220.5,X,,CXOG J094544.7-142220,
658,101.030627,J221617.43-365023.6,X,,CXOG J221617.4-365024,
658,156.75689,J221618.92-365220.6,X,,CXOG J221618.8-365220,
10584,128.129063,SDSS J104926.10+120956.7,Q,3.0969998836517334,,
660,0.277501,NGC 5395,NX,0.012000000104308128,CXOG J135837.9+372528,
660,10.375168,J135838.79+372530.8,X,,CXOG J135838.7+372531,
660,15.62429,J135839.24+372525.8,X,,CXOX J135839.2+372524,
660,129.165865,J135839.44+372736.3,X,4.0,CXOG J135839.4+372736,
20699,103.394812,SDSS J090219.61+142919.5,Q,1.909000039100647,,
10586,137.841821,WISEA J130659.35-281303.0,q,0.800000011920929,,
661,19.410283,J012532.05+014549.3,X,,1RXH J012532.0+014550,
661,43.798464,J012532.21+014614.5,X,0.10000000149011612,CXOG J012532.2+014614,
661,77.885987,J012530.44+014649.0,X,1.2999999523162842,CXOG J012530.4+014648,
661,148.272957,J012522.26+014629.1,X,0.30000001192092896,CXOG J012522.2+014629,
661,159.377477,J012534.97+014802.6,X,1.0,1WGA J0125.5+0147,
661,177.919732,J012537.27+014257.8,X,0.6000000238418579,CXOG J012537.2+014257,
10588,157.362803,SDSS J141404.33+153553.2,Q,2.694000005722046,,
10588,174.434535,SDSS J141409.55+153435.1,Q,2.296999931335449,,
662,65.953484,J015247.18+360801.1,X,0.20000000298023224,XMMX J015247.1+360803,
662,67.854286,J015251.79+360845.2,X,0.20000000298023224,1RXH J015251.5+360849,
662,102.897795,J015253.66+361001.4,X,0.20000000298023224,4XMM J015253.4+361001,
662,113.672192,J015237.12+360856.7,X,1.5,1RXH J015236.7+360857,
662,157.738687,J015252.53+361126.2,X,,1RXH J015252.3+361130,
20703,0.130737,CGCG 163-34,NR,0.028999999165534973,,VL0J142307.50+283542.1
663,125.811435,QORG J182436.2+731045,QX,1.9600000381469727,1RXH J182436.5+731049,
20704,82.780087,AGES J142746.37+341110.0,QX,1.5199999809265137,CXOG J142746.3+341110,
20704,122.868385,AGES J142753.86+341339.6,Q,2.0160000324249268,,
20704,130.695584,AGES J142754.40+341343.6,AX,0.5709999799728394,CXOG J142754.3+341343,
664,0.063457,ESO 548-81,ARX,0.014999999664723873,4XMM J034203.7-211439,VL0J034203.71-211438.9
664,121.544737,J034156.20-211338.6,X,,2XMM J034156.2-211338,
10591,110.340952,2QZ J235756.5-295014,QR,2.0280001163482666,,VL0J235756.56-295013.7
20705,81.971972,SDSS J143913.83+380847.4,Q,1.7990000247955322,,
665,131.771263,SDSS J161002.73+004036.5,Q,0.5400000214576721,,
20706,0.206808,MCG 10-25-046,NR,0.02800000086426735,,FIRST J172837.5+570842
10592,76.511986,J012325.16+331650.8,X,,CXOG J012325.1+331651,
10592,164.223865,J012307.58+331521.9,X,,CXOG J012307.5+331522,
20707,115.059641,WISEA J181157.74+741324.1,q,1.899999976158142,,
668,54.418394,J101011.89-122647.2,X,,CXOX J101011.8-122649,
668,125.649891,J101001.40-122541.3,X,1.5,CXOG J101001.3-122541,
10594,107.665019,SDSS J083219.42+415822.8,Q,1.9010000228881836,,
20710,68.240611,SDSS J003357.20+071747.6,Q,0.8669999837875366,,
669,17.979881,J121633.24+072727.3,X,,1RXH J121632.8+072723,
10595,101.181508,SDSS J100044.13-030212.8,Q,2.11299991607666,,
10595,179.723302,SDSS J100051.29-030334.8,Q,2.38100004196167,,
20711,168.429003,SDSS J013727.13+285507.7,Q,1.7990000247955322,,
10596,14.236023,J115608.80+552329.2,X,,2SXPS J115608.3+552329,
10596,110.148897,SDSS J115605.44+552137.3,QX,2.0250000953674316,CXOG J115605.4+552138,
10596,147.041898,J115551.36+552227.5,X,,CXOG J115551.3+552228,
10597,153.752288,SDSS J115740.70+251654.8,Q,0.7120000123977661,,
673,71.940772,J141029.53-431836.1,X,,CXOG J141029.5-431835,
10598,0.147211,IC 4253,N,0.03400000184774399,,
20716,97.262325,SDSS J091451.78+223433.6,Q,1.5670000314712524,,
20716,138.91633,SDSS J091454.66+223413.0,Q,1.2699999809265137,,
676,0.387665,NGC 5861,N,0.006000000052154064,,
676,168.360013,J150927.52-111931.4,X,0.6000000238418579,2SXPS J150927.6-111931,
676,171.951389,J150916.72-112210.2,X,1.7999999523162842,2SXPS J150916.7-112209,
678,47.979643,SDSS J225039.32-013240.8,Q,1.9259999990463257,,
20720,0.329284,PGC 2097463,NR,0.03200000151991844,,VL0J144515.81+371800.8
20720,17.504843,J144517.16+371754.9,R,,,NVSS J144516.8+371757
679,156.659105,LAMOSTJ121700.61+151917.1,Q,1.9509999752044678,,
10603,0.694251,UGC 12243,ARX,0.02800000086426735,2SXPS J225443.4+114249,VL0J225443.54+114250.9
10603,49.788013,J225443.20+114201.2,X,,4XMM J225443.2+114202,
10603,135.215766,J225442.43+114036.4,X,0.20000000298023224,2SXPS J225442.2+114031,
10603,165.092689,SDSS J225436.96+114505.0,qX,1.2999999523162842,4XMM J225437.0+114504,
681,131.817255,SDSS J111918.78+574737.6,QRX,2.9800000190734863,4XMM J111919.0+574740,NVSS J111918.7+574742
20722,37.852486,WISEA J162826.10+393353.3,qX,0.30000001192092896,CXOG J162826.1+393353,
20722,67.126393,J162825.46+393310.7,X,,XMMX J162825.1+393311,
20722,71.714498,J162817.81+393340.0,X,,CXOG J162817.8+393339,
20722,122.090169,SDSS J162819.46+393606.8,QX,2.6519999504089355,4XMM J162819.5+393605,
20722,134.456161,J162828.20+393211.1,X,,XMMX J162828.3+393207,
20722,162.390867,SDSS J162809.28+393419.9,qX,1.7999999523162842,4XMM J162809.2+393420,
10604,0.164053,MCG 0-03-074,A,0.017999999225139618,,
684,130.503814,J030151.68+351117.5,X,1.5,2XMMi J030151.6+351117,
20725,114.38886,WISEA J210731.98+122115.2,q,1.2000000476837158,,
686,51.771525,J034450.78-215604.5,X,0.10000000149011612,CXOG J034450.7-215604,
686,160.360388,J034438.59-215446.6,X,2.5999999046325684,CXOG J034438.5-215446,
10609,0.537876,MCG 9-19-010,NR,0.02800000086426735,,FIRST J111406.2+554238
10609,116.828306,SDSS J111353.28+554158.9,Q,1.5240000486373901,,
10609,139.490018,SDSS J111417.52+554420.9,Q,2.5510001182556152,,
688,15.145211,ChaMP J112733.4+565227,NX,0.006000000052154064,CXOG J112733.4+565227,
688,156.704378,S4 1124+57,QR2X,2.8929998874664307,CXOG J112740.1+565014,VL0J112740.05+565014.6
688,160.37378,WISEA J112744.16+565441.0,q,0.10000000149011612,,
20730,50.286396,SDSS J092759.65+572247.3,QX,1.684000015258789,2SXPS J092759.1+572242,
20731,66.879802,SDSS J101322.60+384018.4,Q,2.7200000286102295,,
20731,100.273283,SDSS J101332.69+383820.7,Q,0.6129999756813049,,
691,34.544388,J102326.02+195322.8,X,,4XMM J102326.1+195325,
691,86.597443,J102328.50+195230.3,X,,XMMX J102328.5+195234,
691,130.212291,NGC 3227,ARX,0.003000000026077032,2XMM J102330.5+195153,VL0J102330.56+195154.3
10613,0.184566,SDSS J142947.66+353427.5,AX,0.02800000086426735,CXOG J142947.6+353427,
10613,137.952635,SST24 J14296+3535,A,2.497999906539917,,
10613,142.937626,AGES J142959.36+353424.6,AX,0.43299999833106995,CXOG J142959.3+353421,
20734,58.43468,SDSS J133054.01+105708.7,Q,0.47999998927116394,,
20734,64.931347,SDSS J133054.51+105711.2,qX,1.7000000476837158,4XMM J133054.4+105710,
693,95.015499,J115350.29-230941.2,X,0.5,CXOG J115350.2-230941,
695,61.524956,CXOCY J12531-0913 (#1),NX,0.7170000076293945,CXOG J125306.0-091315,
695,68.40269,CXOCY J12530-0911 (#2),NX,0.7129999995231628,CXOG J125301.9-091134,
695,74.860256,CXOCY J12530-0913,QX,1.13100004196167,4XMM J125302.4-091311,
695,86.8687,CXO J12530-0910,AX,0.38100001215934753,CXOG J125302.9-091057,
695,93.627136,J125300.76-091115.7,X,,XMMX J125300.3-091111,
695,99.247518,CXOCY J12531-0911,NX,0.47699999809265137,CXOG J125311.1-091117,
695,105.282396,CXOCY J12530-0911 (#1),NX,0.6240000128746033,CXOG J125300.3-091104,
695,124.683339,CXOCY J12531-0913 (#2),QX,3.0460000038146973,CXOG J125311.8-091337,
695,131.614418,CXO J12531-0910,AX,0.5580000281333923,CXOG J125310.4-091023,
695,134.792513,WISEA J125314.48-091248.8,q,0.6000000238418579,,
695,144.298879,CXOCY J12532-0913,NX,0.7160000205039978,CXOG J125314.8-091300,
695,162.535355,CXO J12531-0914,KX,1.1339999437332153,CXOG J125310.4-091440,
695,169.58593,CXOCY J12530-0909,NX,0.9660000205039978,CXOX J125300.9-090941,
696,130.062403,SDSS J014932.53+215835.8,QX,1.9500000476837158,2SXPS J014932.3+215832,
696,179.968887,J014924.06+220249.9,X,1.899999976158142,2SXPS J014924.0+220246,
20741,96.143266,J043119.02-045826.5,X,,4XMM J043119.0-045826,
20741,129.427689,SDSS J043124.07-045742.7,qX,2.299999952316284,2XMMi J043123.9-045742,
20741,169.484656,SDSS J043127.15-045656.5,qX,0.30000001192092896,4XMM J043127.1-045656,
698,98.903103,WISEA J030614.63-093058.8,qX,0.6000000238418579,4XMM J030614.5-093058,
699,178.820511,WISEA J034509.73-183759.8,q,1.7000000476837158,,
20742,161.537972,WISEA J051615.77+053527.1,q,1.899999976158142,,
20744,178.664507,SDSS J091955.06+505235.7,Q,2.430999994277954,,
10622,110.442471,J123628.73+261349.1,X,0.20000000298023224,CXO J123628.6+261347,
10622,168.743584,SDSS J123627.81+260915.7,qRX,1.2999999523162842,CXOG J123627.7+260915,VL0J123627.76+260916.3
10624,86.670225,SDSS J152209.17+331007.3,Q,2.1429998874664307,,
10624,146.24819,SDSS J152156.70+330717.5,QX,0.5860000252723694,2RXS J152157.7+330734,
10624,176.268334,SDSS J152156.87+330634.7,Q2,2.181999921798706,,
705,86.985843,PGC 194158,NRX,0.07199999690055847,4XMM J225222.2+010702,FIRST J225222.5+010659
705,144.613394,SDSS J225223.39+010757.1,QX,1.5499999523162842,4XMM J225223.4+010757,
20748,178.590192,SDSS J004006.62+224007.9,Q,1.5049999952316284,,
708,91.750712,SDSS J135315.14+402055.7,qX,0.6000000238418579,CXOX J135315.1+402056,
711,138.676895,J034259.06-220621.7,X,,CXOX J034259.1-220623,
10631,163.232965,WISEA J035625.47-000020.1,q,0.30000001192092896,,
20755,118.994864,WISEA J072014.89+322119.9,q,1.0,,
715,104.511769,J004953.68+321753.0,X,,CXOG J004953.6+321753,
20757,119.423877,WISEA J091319.87-100116.1,q,2.200000047683716,,
20758,133.147329,J100403.79-062820.4,X,0.5,CXOG J100403.7-062820,
20758,153.883024,J100355.29-063219.1,X,,2XMMi J100355.2-063219,
20759,163.183989,SDSS J112323.95+342912.1,Q,2.1429998874664307,,
718,124.976815,SDSS J130037.25+371710.0,Q,0.925000011920929,,
718,144.245791,SDSS J130037.34+372102.7,Q,0.9559999704360962,,
20760,146.827824,SDSS J122238.29+510654.0,Q,1.680999994277954,,
20760,146.993899,SDSS J122224.80+510726.1,Q,1.815999984741211,,
20760,160.45446,SDSS J122220.47+511041.6,Q,2.7009999752044678,,
20760,175.176682,SDSS J122216.38+510914.5,Q,1.680999994277954,,
720,168.462651,J133205.00-331236.9,X,,CXOG J133205.0-331235,
723,146.323055,WISEA J174513.91-604258.2,q,0.699999988079071,,
20765,87.833604,WISEA J155628.75+710058.3,q,1.399999976158142,,
20765,127.411336,WISEA J155635.53+710120.1,q,1.0,,
10643,30.528567,J062354.36+783118.0,X,0.5,2RXP J062352.7+783123,
10643,35.797295,WISEA J062353.36+783223.9,q,0.800000011920929,,
724,71.058754,J001535.80+171951.7,X,,CXOG J001535.7+171951,
724,105.635015,J001525.41+172053.1,X,2.200000047683716,CXOG J001525.4+172052,
724,158.75988,SDSS J001536.31+171723.6,qX,1.2999999523162842,CXOG J001536.2+171723,
20767,178.7744,WISEA J182649.91+560803.6,q,0.20000000298023224,,
726,65.947571,J135701.17+415136.0,X,,CXOG J135701.2+415136,
727,171.817797,J012437.96+014112.2,R,0.5,,VL0J012437.99+014112.4
10648,82.738333,SDSS J110720.43+283022.7,Q,3.1659998893737793,,
10648,171.502042,SDSS J110729.91+283025.4,Q,2.3510000705718994,,
20770,159.343304,SDSS J034830.29-063952.0,Q,0.4959999918937683,,
10649,165.033906,Q 1303+4641,Q,1.8229999542236328,,
730,166.259998,SDSS J122948.95+140134.8,Q,0.6029999852180481,,
731,115.199804,J040819.66-210501.8,X,,4XMM J040819.6-210501,
731,144.76039,J040814.51-210056.1,X,1.0,4XMM J040814.5-210056,
20773,89.003477,SDSS J112727.86+593834.9,A,0.47999998927116394,,
20773,136.0049,SDSS J112716.41+593949.9,Q,1.8730000257492065,,
20773,169.855407,SDSS J112656.98+593801.2,Q,2.4600000381469727,,
733,0.240673,IC 4329A,ARX,0.01600000075995922,2SXPS J134919.4-301833,VL0J134919.23-301833.6
733,31.393234,J134917.58-301856.7,X,,4XMM J134917.6-301900,
733,88.976728,J134925.94-301854.3,X,,XMMX J134925.8-301855,
10652,159.679684,J181012.57+612548.9,X,0.5,4XMM J181012.5+612548,
20777,75.434249,SDSS J120427.40+221618.2,Q,1.6399999856948853,,
736,1.070897,NGC 1241,NRX,0.013000000268220901,2SXPS J031114.6-085521,VL0J031114.63-085518.4
10654,153.292973,WISEA J022211.36-342821.5,q,1.7000000476837158,,
20778,98.347994,WISEA J125308.99+801800.6,qX,0.800000011920929,2SXPS J125309.0+801758,
20779,145.579333,J144405.85+203522.0,R,,,NVSS J144405.7+203518
738,0.262687,NGC 5427,NR,0.008999999612569809,,FIRST J140326.0-060150
20781,145.771193,WISEA J154415.33+410303.0,q,1.5,,
10657,165.351176,LAMOSTJ112233.74+374321.3,Q,2.171999931335449,,
10657,176.407974,SDSS J112230.42+374330.4,Q,2.0820000171661377,,
741,151.641977,2QZ J011357.5-314606,QX,0.18199999630451202,1RXH J011357.5-314604,
742,129.950151,J061619.23-212149.5,X,1.0,CXOX J061619.3-212151,
20785,160.370757,SDSS J222242.32+024622.6,Q,1.2719999551773071,,
10659,169.572969,WISEA J153321.06-300711.7,q,0.6000000238418579,,
746,158.103261,SDSS J090750.98+603017.1,Q,1.2050000429153442,,
749,120.385888,SDSS J163211.44+781028.3,qX,,2XMMi J163211.7+781028,
749,129.372407,J163208.10+781320.9,X,0.800000011920929,2SXPS J163208.1+781320,
749,166.406926,J163148.36+781251.7,X,,2XMM J163148.1+781251,
749,172.874535,J163157.62+780956.9,X,,4XMM J163157.6+780957,
10665,97.769064,SDSS J235111.56-025036.6,Q,2.059000015258789,,
10665,177.231785,SDSS J235120.79-025154.8,Q,2.2739999294281006,,
20793,58.080001,SDSS J092337.28+334523.3,Q,2.867000102996826,,
20793,162.457218,SDSS J092336.22+334241.7,Q,1.0820000171661377,,
750,168.967156,J034800.95+330352.8,X,1.899999976158142,2RXP J034800.7+330353,
752,107.413097,J012000.14+032538.8,X,,CXOG J011959.9+032536,
20797,130.988009,SDSS J115817.56+303719.9,QR,2.184000015258789,,VL0J115817.56+303719.9
20797,131.00787,WISEA J115833.05+304003.8,q,1.899999976158142,,
753,149.87526,WISEA J171309.40-773337.7,q,1.899999976158142,,
10669,74.479742,WISEA J055047.06-345253.9,q,0.699999988079071,,
20799,0.083168,IRAS 12409+7823,ARX,0.02199999988079071,XMMSL J124238.8+780726,VL0J124236.24+780719.9
10670,0.261543,UGC 3601,ARX,0.017999999225139618,1RXH J065549.5+400002,VL0J065549.55+400001.2
10671,111.20041,SDSS J081242.52+262318.1,Q,1.3240000009536743,,
10671,171.508598,SDSS J081242.24+262422.0,Q,1.6640000343322754,,
20801,125.569421,WISEA J175927.29+561255.9,q,1.5,,
10672,0.154596,ESO 18-9,NRX,0.017999999225139618,4XMM J082406.9-774658,SUMSS J082407.5-774656
758,142.878286,J045238.05-030800.6,X,,4XMM J045238.0-030801,
20802,0.299286,NGC 7158,AX,0.02800000086426735,2XMM J215656.6-113930,
20802,19.806961,WISEA J215657.54-113945.7,q,0.20000000298023224,,
20802,121.922645,WISEA J215653.84-114125.7,qX,0.20000000298023224,4XMM J215653.8-114124,
10673,110.00522,SDSS J083218.25+523725.1,QX,1.1990000009536743,4XMM J083218.2+523725,
10673,118.161762,SDSS J083222.44+523808.0,QX,1.7029999494552612,CXO J083222.3+523808,
759,75.812228,J012307.30+332641.4,X,1.7000000476837158,CXOG J012307.3+332641,
759,76.016878,J012305.41+332731.5,X,1.399999976158142,1RXH J012305.7+332731,
759,92.103396,LAMOSTJ012308.40+332612.4,QX,1.440999984741211,CXOG J012308.4+332612,
759,162.473123,SDSS J012300.68+332906.9,QRX,0.9200000166893005,CXOG J012300.6+332907,VL0J012300.66+332906.9
759,165.264065,J012323.47+332627.5,X,,CXOG J012323.4+332627,
10674,146.354972,SDSS J112903.36+171129.7,qX,0.800000011920929,4XMM J112903.3+171129,
20804,0.378979,MCG 10-12-112,NR,0.02500000037252903,,VL0J081601.36+582002.1
761,133.648031,J014726.03+353445.4,X,0.8999999761581421,4XMM J014726.0+353445,
20806,137.122719,J100729.38+102123.0,2,,,
10677,156.683928,SDSS J120725.47+325055.0,Q,1.9229999780654907,,
10677,171.260384,SDSS J120726.12+325117.3,Q,1.190000057220459,,
10677,175.604257,SDSS J120732.23+324551.3,Q,0.8069999814033508,,
20810,92.075851,SDSS J135256.91+374242.9,Q,1.9670000076293945,,
767,43.478233,J234707.84+292842.0,X,0.8999999761581421,CXOG J234707.8+292842,
767,134.630363,J234654.80+292931.8,X,,CXOG J234654.7+292931,
767,165.097736,J234704.70+293145.4,X,0.20000000298023224,CXOG J234704.6+293145,
20812,165.575367,SDSS J144152.40+183333.0,Q,0.41999998688697815,,
10683,49.00508,WISEA J020458.21+430957.0,q,1.0,,
10684,173.982611,WISEA J042904.92-372552.5,q,1.5,,
770,145.350594,J200232.85-560403.8,X,,4XMM J200232.5-560402,
770,179.271732,J200233.47-560307.8,X,,4XMM J200233.3-560308,
771,12.30434,IC 2560,N,0.008999999612569809,,
771,141.9285,J101623.61-333141.9,X,,CXOG J101623.5-333142,
10686,63.941131,SDSS J080904.55+364100.1,Q,1.4119999408721924,,
772,92.978297,SDSS J023034.73-010500.6,AX,0.4050000011920929,4XMM J023034.6-010456,
772,156.884784,SDSS J023022.74-010611.3,QX,3.691999912261963,4XMM J023022.6-010610,
20817,62.727813,SDSS J000332.98+103659.6,Q,2.575000047683716,,
773,0.524393,NGC 973,NRX,0.01600000075995922,2SXPS J023419.9+323018,VL0J023420.09+323020.5
775,49.834722,J050516.88-090803.2,X,,4XMM J050516.8-090803,
776,79.936981,NGC 2830,NRX,0.019999999552965164,CXOG J091941.3+334416,NVSS J091941.9+334412
776,131.517408,SDSS J091940.96+334310.2,QX,1.7450000047683716,CXOG J091940.9+334310,
10691,92.296775,SDSS J131838.38+540304.1,Q,1.4459999799728394,,
10691,119.427104,SDSS J131839.27+540525.9,Q,2.3489999771118164,,
20823,64.814464,SDSS J092829.85+504836.5,QX,1.031999945640564,4XMM J092829.8+504836,
778,0.443456,NGC 3976,NX,0.00800000037997961,2XMMi J115557.3+064457,
778,59.675667,SDSS J115601.06+064517.5,qX,,4XMM J115601.2+064517,
778,174.972609,SDSS J115554.19+064208.9,qX,1.7999999523162842,4XMM J115554.1+064210,
780,77.347326,J222841.04-245005.2,X,2.0,4XMM J222841.0-245004,
780,154.291801,WISEA J222847.29-245040.6,qX,1.0,4XMM J222847.2-245039,
20825,21.262741,SDSS J125301.94+495231.8,Q,2.371000051498413,,
20825,155.97345,SDSS J125318.52+495344.0,Q,1.937999963760376,,
10694,156.399391,SDSS J150638.32+092853.9,N,0.16699999570846558,,
20827,30.730404,WISEA J134131.23+230939.4,q,0.4000000059604645,,
10696,0.217927,UGC 10567,AR,0.03099999949336052,,VL0J164909.60+361326.0
20828,0.230947,MCG 6-32-072,NX,0.028999999165534973,CXOG J143544.1+350433,
20828,78.800044,AGES J143540.96+350325.6,Q,4.800000190734863,,
785,0.091085,ESO 323-77,AX,0.014999999664723873,4XMM J130626.1-402452,
786,80.78952,WISEA J115825.57-182043.5,q,0.8999999761581421,,
20830,128.584576,WISEA J193841.14-514805.9,q,2.799999952316284,,
10699,109.692176,SDSS J012130.06+323521.8,Q,1.715000033378601,,
10699,136.59886,SDSS J012148.00+323600.7,Q,2.7160000801086426,,
789,0.172807,UGC 2936,NRX,0.013000000268220901,CXOG J040248.1+015757,VL0J040248.19+015757.6
789,158.54013,RXS J04027+0159,AX,0.1509999930858612,CXOG J040242.2+020006,
790,0.034227,IC 5063,ARX,0.010999999940395355,CXOG J205202.3-570407,SUMSS J205202.0-570406
790,169.089738,WISEA J205222.58-570330.8,qX,1.100000023841858,CXOG J205222.5-570330,
791,0.094473,NGC 5273,ARX,0.003000000026077032,CXOG J134208.3+353915,VL0J134208.44+353915.5
10705,117.881326,SDSS J091800.67+274232.8,Q,1.7419999837875366,,
10705,124.800243,SDSS J091804.42+274331.9,Q,1.7450000047683716,,
10705,144.255662,SDSS J091757.43+274146.0,Q,3.072000026702881,,
10705,170.141167,SDSS J091800.30+274130.5,Q,2.2760000228881836,,
10706,146.713519,WISEA J205003.10-515931.5,q,0.8999999761581421,,
10708,149.764098,WISEA J210741.99-582038.8,q,0.8999999761581421,,
20843,165.882048,SDSS J124514.80+210810.7,Q,0.5360000133514404,,
20844,0.054786,CGCG 23-21,A,0.028999999165534973,,
20844,11.991544,J161040.70+020627.7,X,,2RXS J161040.5+020625,
799,85.293553,WISEA J085322.82+732907.0,qX,1.100000023841858,XMMSL J085322.7+732909,
10710,55.983149,SDSS J233945.28+272246.7,Q,3.1989998817443848,,
800,161.345081,SDSS J130040.13+022724.5,qX,1.0,CXOG J130040.1+022724,
10711,64.127035,WISEA J094732.68+725912.2,qR,0.8999999761581421,,VL0J094732.60+725911.9
801,165.925225,SDSS J023039.62-025341.6,Q,1.093000054359436,,
802,1.025305,NGC 4639,AX,0.0010000000474974513,CXOG J124252.3+131526,
10712,110.91086,SDSS J110505.14+352005.7,QR,2.049999952316284,,VL0J110505.07+352005.6
803,0.07868,NGC 5012,AR,0.008999999612569809,,NVSS J131137.0+225452
804,160.262719,WISEA J025349.51+130237.8,q,1.0,,
10714,104.051873,WISEA J133338.32-324326.2,q,1.399999976158142,,
805,90.600109,J041934.16+022546.6,X,,XMMX J041934.3+022545,
805,121.66718,J041935.05+022242.0,X,,4XMM J041934.6+022243,
805,124.644829,J041942.12+022623.4,X,,1RXH J041942.0+022627,
805,161.90654,J041930.68+022235.6,X,0.10000000149011612,CXOG J041930.6+022235,
805,170.297683,J041927.47+022542.4,X,0.20000000298023224,1RXH J041927.7+022543,
20852,167.353826,SDSS J234825.89+022232.0,Q,1.649999976158142,,
20854,92.200136,J055502.18-514153.9,X,,2RXS J055501.6-514155,
809,141.128405,J130132.77-043450.9,X,1.2999999523162842,CXOG J130132.7-043451,
20857,140.23658,SDSS J082813.22+250831.9,Q,2.2679998874664307,,
10719,0.107145,NGC 1019,AX,0.024000000208616257,1RXH J023827.4+015427,
10719,83.618987,SDSS J023832.99+015431.6,Q,0.8799999952316284,,
20859,77.896318,SDSS J103349.08+125359.1,Q,0.8059999942779541,,
812,126.438181,SDSS J141701.52+104827.8,qX,1.600000023841858,CXOG J141701.5+104827,
812,146.557998,J141702.58+104902.9,2,,,
812,148.019481,J141646.49+104633.0,X,,4XMM J141646.4+104632,
812,173.486272,J141641.95+104724.3,X,,CXOX J141641.9+104725,
20860,140.800106,SDSS J115445.39+235300.1,Q,1.3819999694824219,,
813,55.057992,SDSS J122510.94+153624.8,QX,1.253000020980835,CXOG J122510.9+153624,
813,83.523196,J122514.63+153750.4,R,,,VL0J122514.65+153750.5
813,116.168491,SDSS J122517.15+153817.5,QX,1.6390000581741333,CXOG J122517.1+153817,
814,0.137334,NGC 4233,ARX,0.00800000037997961,CXOG J121707.6+073727,VL0J121707.66+073727.6
814,54.74224,J121704.34+073750.5,X,,4XMM J121704.3+073752,
814,119.090197,SDSS J121701.99+073851.5,qX,2.0,4XMM J121701.9+073853,
10725,121.629385,WISEA J111124.63-095756.4,q,0.8999999761581421,,
10726,90.630105,X 18,NX,0.4359999895095825,CXOG J114103.9-263047,
817,102.420965,J233847.94-063246.1,X,1.899999976158142,2SXPS J233847.9-063245,
817,142.160251,SDSS J233849.14-063326.3,qX,1.100000023841858,2SXPS J233849.1-063322,
10728,172.439025,WISEA J122832.24+232109.9,qX,0.30000001192092896,2RXP J122832.3+232107,
819,152.503852,2QZ J120238.8+020059,N,0.12600000202655792,,
10729,0.359815,UGC 9078,A,0.01600000075995922,,
10729,112.887603,SDSS J141111.02+172927.0,Q,2.4730000495910645,,
10730,57.680318,WISEA J142709.69-021632.9,q,2.5,,
10730,177.623575,SDSS J142717.29-021307.2,Q,2.184000015258789,,
20870,0.086713,MCG 7-18-013,NR,0.028999999165534973,,FIRST J083059.1+395022
20870,125.792104,WISEA J083048.31+395008.8,q,2.700000047683716,,
20871,70.98785,SDSS J084925.72+421542.8,Q,1.281999945640564,,
20871,110.935781,SDSS J084940.11+421604.3,QR,0.9559999704360962,,VL0J084940.06+421604.2
10732,177.339747,WISEA J080042.15+153823.9,q,0.4000000059604645,,
824,175.658816,SDSS J005030.43-015357.9,Q,2.247999906539917,,
10733,147.844885,LAMOSTJ102228.91+363330.2,Q,1.940999984741211,,
10735,170.86695,TEX 1035-268,KRX,0.5669999718666077,2XMM J103739.8-270527,VL0J103739.81-270525.5
10735,177.795415,J103802.77-270733.0,X,2.200000047683716,2SXPS J103802.9-270736,
828,2.421559,NGC 5879,ARX,0.003000000026077032,XMMX J150946.8+570001,NVSS J150946.7+565956
828,59.830465,J150945.88+570100.1,X,,CXOG J150945.8+570100,
828,74.548732,CXO J15098+5700,QX,1.9730000495910645,CXOG J150953.7+570048,
828,78.223514,CXO J15096+5658,QX,1.5,CXOG J150941.2+565856,
828,96.375513,CXO J15095+5659,AX,0.6809999942779541,CXOG J150935.9+565922,
829,88.027694,J125436.87-123200.9,X,1.5,CXOG J125436.8-123200,
829,121.864264,J125443.68-123432.2,X,,CXOG J125443.6-123432,
20877,92.62619,SDSS J134600.27+363452.4,Q,1.9459999799728394,,
20877,130.877574,SDSS J134603.00+363512.3,Q,1.6519999504089355,,
20877,160.791652,SDSS J134606.87+363444.0,Q,3.8459999561309814,,
20877,169.350007,SDSS J134548.44+363122.2,Q,3.052000045776367,,
10737,99.297804,SDSS J133901.97+613133.4,Q,1.6039999723434448,,
10737,102.146785,SDSS J133857.68+613000.0,Q,1.9490000009536743,,
10737,158.306871,SDSS J133927.76+613210.3,Q,1.0230000019073486,,
10739,140.048747,WISEA J202402.96-091845.3,q,1.899999976158142,,
20880,32.361486,WISEA J161809.10+613914.3,q,1.600000023841858,,
838,46.848555,J122509.15+144553.5,X,1.2999999523162842,2SXPS J122508.7+144558,
838,132.589863,J122503.32+144607.2,X,,CXOG J122503.3+144607,
838,134.118808,SDSS J122519.45+144709.2,AX,0.15399999916553497,CXOG J122519.4+144709,
10744,165.183703,SDSS J145343.81+520357.7,Q,0.765999972820282,,
10744,173.064735,SDSS J145313.66+520234.0,Q,0.7950000166893005,,
10745,148.968772,SDSS J163140.83+403145.6,Q,1.75,,
10745,159.195617,SDSS J163126.01+403602.3,Q,1.9780000448226929,,
841,90.671121,J003356.72-094234.3,X,,2SXPS J003357.0-094239,
841,132.287055,J003410.85-094315.9,X,0.10000000149011612,CXOG J003410.8-094315,
841,177.523251,J003358.74-094506.5,X,,CXOG J003358.7-094506,
20889,33.558997,WISEA J080043.38-723049.2,q,1.2000000476837158,,
20890,142.439678,B3 0841+407,NR2,0.42899999022483826,,VL0J084508.35+403115.4
20892,153.136876,SDSS J110635.26+150447.2,qR2,1.600000023841858,,VL0J110635.24+150447.4
20893,45.409925,J110940.02+214343.1,X,,CXOG J110940.0+214343,
20893,137.587412,J110936.94+214629.7,X,,CXOX J110936.8+214626,
10749,65.68699,WISEA J022808.63+322237.0,q,0.8999999761581421,,
845,0.227905,NGC 6962,A,0.014000000432133675,,
845,170.958528,SDSS J204708.07+001830.6,qX,0.8999999761581421,2SXPS J204707.8+001825,
20894,0.440162,IRAS 13263+3351,NR,0.026000000536441803,,FIRST J132838.1+333619
20894,103.344436,SDSS J132830.17+333553.6,Q,0.9340000152587891,,
846,0.349465,NGC 5313,NR,0.00800000037997961,,FIRST J134944.3+395904
10751,138.782737,SDSS J101637.39+124120.4,Q,1.559999942779541,,
847,139.563802,WISEA J202310.04-274502.5,q,1.7000000476837158,,
848,78.983594,SDSS J112257.63+163418.5,Q,3.742000102996826,,
20897,50.586275,WISEA J150308.34+495126.9,q,2.700000047683716,,
20900,54.110332,SDSS J235057.42+271350.6,QX,3.440000057220459,4XMM J235057.3+271350,
20900,106.004134,SDSS J235106.18+271414.8,QX,1.281000018119812,4XMM J235106.2+271415,
20901,58.199514,J022930.51-483819.9,R,,,SUMSS J022930.4-483820
856,95.690503,WISEA J233847.81+155724.4,q,2.9000000953674316,,
856,148.954718,WISEA J233836.02+155925.8,q,1.399999976158142,,
10760,18.632691,WISEA J200341.82-555514.2,qX,0.30000001192092896,4XMM J200341.8-555514,
10760,95.897673,J200331.28-555418.5,X,,4XMM J200331.3-555418,
859,81.634598,J225634.81-370308.3,X,,4XMM J225634.8-370309,
20907,146.518112,SDSS J075939.65+252308.5,Q,1.9559999704360962,,
20907,154.809398,SDSS J075953.51+252334.5,Q,1.1200000047683716,,
10762,0.425651,CGCG 428-14,ARX,0.029999999329447746,4XMM J220141.6+115125,FIRST J220141.6+115124
20908,23.785934,SDSS J091926.99+334703.5,N,0.38999998569488525,,
20908,41.481662,J091927.45+334808.5,X,,2RXP J091927.0+334812,
10763,105.686354,SDSS J233929.84+285645.9,Q,2.1449999809265137,,
10763,124.918292,SDSS J233940.73+285404.1,Q,0.828000009059906,,
10764,103.0101,SDSS J003110.83-074856.0,Q,1.784999966621399,,
10764,150.214625,SDSS J003123.10-074918.5,Q,1.8600000143051147,,
20910,148.759832,LAMOSTJ093924.17+363547.5,Q,1.1039999723434448,,
20911,0.114788,NGC 3013,N,0.027000000700354576,,
20911,61.796603,SDSS J095004.60+333426.9,Q,1.9589999914169312,,
20911,140.301662,SDSS J095020.01+333453.1,Q,0.9549999833106995,,
20911,168.224262,WISEA J095015.01+333136.9,q,3.0,,
10765,24.885935,SDSS J010812.14-043252.1,Q,1.0049999952316284,,
20913,159.825688,WISEA J104410.51-090550.6,q,1.2999999523162842,,
867,144.796784,SDSS J111511.65+144512.0,Q,4.258999824523926,,
10766,61.645406,HE 0133-3805,QX,0.5789999961853027,XMMSL J013513.5-374947,
20914,135.055541,SDSS J131956.91+474417.9,Q,1.378999948501587,,
20914,154.635696,SDSS J131933.88+474426.7,Q,1.3949999809265137,,
868,0.422954,NGC 4580,N,0.003000000026077032,,
10768,103.35364,WISEA J022818.03+840103.8,q,1.2999999523162842,,
869,77.630844,J124153.41+742406.8,X,,CXOG J124153.4+742406,
869,176.8819,J124116.20+742731.1,X,0.8999999761581421,CXOG J124116.2+742730,
20916,56.754268,CGCG 102-56,AR,0.02199999988079071,,VL0J134649.45+142401.8
870,0.302706,NGC 3982,NRX,0.003000000026077032,CXOG J115628.1+550730,FIRST J115628.1+550731
870,145.671653,J115615.81+550550.9,X,1.2000000476837158,4XMM J115615.8+550551,
871,0.440267,NGC 5135,NRX,0.013000000268220901,CXOG J132543.9-295000,VL0J132544.00-295000.4
871,171.850273,J132532.56-295125.8,X,,CXOG J132532.4-295126,
10771,34.995482,J094602.68+162833.9,R,,,VL0J094602.67+162834.1
10771,170.675099,LAMOSTJ094607.95+162627.2,Q,2.3359999656677246,,
20919,173.180373,J173047.86-713729.5,R,,,SUMSS J173047.7-713731
872,113.356178,SDSS J101400.01+384531.5,qX,1.7000000476837158,2SXPS J101359.7+384525,
873,0.353387,SDSS J140250.02+491021.6,NR,0.007000000216066837,,VL0J140250.04+491021.3
873,175.962825,SDSS J140243.40+490738.0,Q,0.8859999775886536,,
874,105.185267,WISEA J190740.47-612037.9,q,1.600000023841858,,
10773,105.685982,SDSS J121740.49+260148.6,N,0.17100000381469727,,
10773,142.057541,WISEA J121737.79+260153.1,qR,1.2000000476837158,,VL0J121737.82+260152.4
20922,91.573333,J205745.20-544925.7,X,,4XMM J205745.1-544925,
20922,162.277775,J205750.29-544553.5,X,,4XMM J205750.4-544549,
10774,0.313232,NGC 4704,NR,0.027000000700354576,,VL0J124846.44+415516.5
10774,128.354331,SDSS J124856.75+415420.7,Q,1.8389999866485596,,
10774,161.548445,SDSS J124839.23+415256.2,Q,1.8350000381469727,,
20924,0.179775,NPM 1G+13.0554,NR,0.027000000700354576,,VL0J230343.06+135535.7
877,0.283477,NGC 3367,ARX,0.009999999776482582,CXOG J104634.9+134502,FIRST J104634.9+134502
877,16.613858,SDSS J104633.92+134509.7,qX,0.8999999761581421,4XMM J104633.8+134508,
879,150.445512,J141556.37+351939.7,X,,4XMM J141556.4+351940,
10778,99.560396,J224246.84+294312.6,X,1.2999999523162842,1RXH J224246.8+294312,
880,143.396939,WISEA J062103.50-200033.8,q,0.30000001192092896,,
20932,62.027317,WISEA J031903.25-115631.3,q,1.399999976158142,,
885,17.76772,NGC 918,A,0.004999999888241291,,
885,146.480455,J022600.14+183035.3,X,1.2999999523162842,2SXPS J022600.2+183036,
10782,145.315755,SDSS J033217.08+002203.8,Q,1.5329999923706055,,
20935,128.714603,SDSS J101239.09+392427.0,Q,2.7079999446868896,,
20935,148.810399,SDSS J101255.63+392205.9,QX,2.683000087738037,2SXPS J101255.7+392204,
20939,70.564769,SDSS J161115.88+522720.3,QX,1.7860000133514404,CXOG J161115.8+522720,
20939,163.331675,SDSS J161137.42+522533.9,qX,1.024999976158142,CXOG J161137.4+522533,
20939,178.123673,J161139.88+522539.7,X,,CXOG J161139.7+522539,
892,0.000903,NGC 4507,NRX,0.012000000104308128,XMMSL J123536.6-395434,VL0J123536.65-395431.2
892,157.473908,J123548.67-395318.7,X,,2SXPS J123548.8-395317,
10786,156.113255,SDSS J105832.30+242447.8,Q,2.6630001068115234,,
20941,23.681146,WISEA J210527.92-440622.1,q,1.399999976158142,,
893,127.707991,J201130.06-453328.5,X,,4XMM J201130.0-453329,
894,82.789328,J000954.28+255403.7,X,,CXOG J000954.2+255403,
894,114.178467,SDSS J000957.73+255347.3,qX,1.399999976158142,CXOG J000957.7+255347,
10788,75.160226,SDSS J130123.13+274816.0,qX,0.20000000298023224,CXOG J130123.1+274816,
10788,96.339143,Q 1258+2805,QX,1.9299999475479126,CXOG J130110.6+274859,
10788,133.295668,J130109.48+274950.8,X,,4XMM J130109.5+274951,
20944,146.870739,SDSS J012801.77-040514.6,Q,2.015000104904175,,
895,69.518916,WISEA J122706.90+152711.5,q,0.8999999761581421,,
20945,0.449116,MCG -2-05-006,AR,0.03200000151991844,,VL0J013258.92-102706.9
896,155.574706,SDSS J123544.28+121755.5,QX,1.1740000247955322,CXOG J123544.2+121755,
896,166.591799,SDSS J123542.25+121316.0,QX,2.2309999465942383,CXOG J123542.2+121315,
10789,138.587701,SDSS J131146.93+342242.0,Q,2.0940001010894775,,
10789,145.705076,SDSS J131145.76+342137.7,Q,1.6019999980926514,,
10789,148.534598,SDSS J131203.27+341944.9,A,0.7049999833106995,,
10790,86.772908,2QZ J133210.1+013643,Q,1.8070000410079956,,
898,61.874337,4C 35.32,QRX,2.2869999408721924,4XMM J140319.3+350813,VL0J140319.27+350812.0
898,127.191835,J140332.30+350914.0,X,,4XMM J140332.2+350913,
20948,158.289674,WISEA J024425.25-163655.6,q,0.800000011920929,,
10791,25.726106,SDSS J001937.44-044023.6,N,0.4320000112056732,,
899,0.083335,NGC 1667,NRX,0.014999999664723873,2XMM J044836.9-061911,NVSS J044837.0-061913
899,130.500219,SDSS J044833.06-061716.4,qX,1.2999999523162842,4XMM J044833.0-061715,
20953,88.146636,WISEA J112644.66-303100.3,q,0.699999988079071,,
906,78.247256,WISEA J071046.99+752031.6,qX,0.20000000298023224,CXOG J071047.0+752031,
906,142.667125,J071105.81+751829.8,X,1.399999976158142,CXOG J071105.2+751829,
20956,53.608102,SDSS J144027.00+032637.9,Q,2.1419999599456787,,
20956,69.365478,J144026.06+032646.3,X,,2XMM J144026.1+032646,
20956,131.198434,J144021.44+032502.7,X,,CXOG J144021.4+032502,
20956,154.617481,SDSS J144034.09+032340.4,qX,1.5,CXOG J144034.0+032339,
20957,163.400373,WISEA J161827.94-070616.9,q,0.8999999761581421,,
20959,122.789378,WISEA J173302.54+565501.7,q,1.100000023841858,,
909,59.83371,J024345.90+322901.4,X,,4XMM J024345.9+322901,
909,76.00211,J024347.48+322939.1,X,1.100000023841858,4XMM J024347.5+322939,
909,144.898804,WISEA J024357.17+322637.8,qX,1.100000023841858,4XMM J024357.2+322638,
10799,167.455909,WISEA J231954.88-643206.0,q,0.5,,
910,12.78164,J105234.83+225604.6,2,,,
20961,150.02609,WISEA J232105.85+424419.5,q,1.2000000476837158,,
10800,114.242624,SDSS J001808.09+131310.2,qR,1.2000000476837158,,VL0J001808.10+131310.3
10801,106.694616,J012340.31-345732.8,X,,2XMM J012340.3-345732,
10801,112.893401,J012338.55-345752.9,X,,2XMM J012338.4-345754,
10801,133.760444,J012342.23-345748.3,X,,XMMX J012342.0-345749,
912,117.873849,WISEA J221543.09+191504.9,q,2.4000000953674316,,
20963,130.044481,WISEA J005541.40-605302.8,q,0.20000000298023224,,
10802,114.228404,SDSS J013049.60+212811.9,Q,1.9490000009536743,,
10802,166.121222,SDSS J013042.20+212351.3,Q,1.6130000352859497,,
913,112.728474,SDSS J223414.27+053426.5,Q,2.197000026702881,,
20966,170.923754,J024938.45-311005.6,X,,XMMX J024938.2-311006,
915,73.020011,J125539.49-265022.6,X,1.5,4XMM J125539.5-265021,
915,164.980667,WISEA J125538.26-265211.4,qX,0.30000001192092896,4XMM J125538.2-265211,
10804,114.798249,PKS 0335-364,QR2X,1.5369999408721924,CXO J033654.0-361604,VL0J033654.01-361606.2
20967,113.203143,WISEA J042618.93-204118.3,q,1.2999999523162842,,
916,130.142105,SDSS J135101.67+393400.5,Q,1.2699999809265137,,
10805,106.618925,J043139.76-050154.6,X,1.2999999523162842,CXOG J043139.7-050154,
10805,129.079461,J043150.10-050304.5,X,,CXOG J043150.1-050304,
20969,109.115713,J095132.18-270036.6,X,1.2999999523162842,2SXPS J095132.4-270036,
20970,163.388972,SDSS J104519.58+391301.5,Q,2.190000057220459,,
10808,0.320793,NGC 3644,N,0.024000000208616257,,
921,73.55014,J010706.64-801940.6,X,,2XMM J010706.1-801940,
20974,90.704004,CGCG 160-111,NX,0.023000000044703484,2XMM J130221.4+281521,
20974,160.704799,J130209.58+281420.9,X,,4XMM J130209.7+281421,
20974,173.225961,SDSS J130212.96+281602.0,qRX,0.4000000059604645,2XMM J130212.9+281601,FIRST J130212.9+281602
923,11.040921,SDSS J125441.38+285623.6,qR2,2.200000047683716,,FIRST J125441.3+285625
10810,136.961819,J003506.91-092107.1,R,,,FIRST J003506.8-092106
10810,146.484427,SDSS J003501.88-091817.6,QR,2.4230000972747803,,FIRST J003501.8-091817
924,85.172735,1SAX J13487-3029,AX,0.33000001311302185,CXOG J134844.7-302944,
10812,179.400299,J015725.71+361357.5,X,2.0999999046325684,2SXPS J015725.7+361354,
926,90.122812,SDSS J154614.85+022622.8,QX,1.0800000429153442,4XMM J154614.8+022622,
926,99.723171,SDSS J154614.18+022321.5,qRX,1.2000000476837158,4XMM J154614.2+022321,VL0J154614.19+022321.8
926,104.504325,SDSS J154610.54+022552.9,qX,1.2999999523162842,4XMM J154610.5+022552,
926,147.30846,SDSS J154606.64+022434.0,QX,1.3519999980926514,4XMM J154606.6+022434,
926,159.648205,J154626.76+022530.7,X,2.299999952316284,4XMM J154626.7+022530,
20978,102.464238,SDSS J162747.81+405436.5,QX,1.0820000171661377,4XMM J162747.8+405438,
20978,152.218537,J162802.78+405518.6,X,0.4000000059604645,4XMM J162802.7+405518,
20978,170.948451,SDSS J162737.58+405443.3,QX,1.4839999675750732,1WGA J1627.6+4054,
10815,139.670796,SDSS J094643.97+134125.6,qX,0.4000000059604645,2SXPS J094643.7+134124,
20981,99.30395,WISEA J174914.41+634706.3,q,0.8999999761581421,,
929,166.106136,J102225.20+213141.1,X,,4XMM J102225.1+213141,
10818,138.278119,WISEA J115202.64+695132.7,q,1.899999976158142,,
932,136.910798,SDSS J231513.22+185530.3,Q,3.13700008392334,,
932,157.779881,J231505.30+185820.0,X,,2RXP J231504.7+185809,
20985,18.683929,J024407.85+373201.3,X,,1RXH J024407.4+373202,
20985,61.161576,J024412.74+373220.8,RX,2.0,1RXH J024412.5+373222,VL0J024412.73+373220.8
934,124.058022,J220218.62-514542.3,X,,2RXS J220219.6-514551,
936,110.218552,3C 232,AR2X,0.531000018119812,2SXPS J095820.9+322402,VL0J095820.97+322402.3
938,118.212395,WISEA J211518.93-471252.6,q,1.399999976158142,,
939,121.468049,WISEA J085615.17-032037.7,q,1.100000023841858,,
10825,60.205375,SDSS J105135.00+552235.6,Q,2.2950000762939453,,
10825,172.107423,SDSS J105128.43+552037.4,QX,1.1130000352859497,CXOG J105128.4+552037,
941,1.12803,NGC 7469,ARX,0.017000000923871994,4XMM J230315.6+085226,FIRST J230315.6+085226
941,27.826375,J230316.59+085249.5,X,1.2000000476837158,1RXH J230316.3+085241,
941,34.029513,J230313.38+085226.6,X,,XMMX J230313.2+085223,
941,36.550772,J230318.12+085221.4,X,,2SXPS J230318.3+085222,
941,167.187711,J230317.72+085509.7,X,,2SXPS J230317.7+085509,
20992,169.894921,WISEA J095746.66+515205.0,q,1.2000000476837158,,
20992,175.447644,SDSS J095751.64+515210.0,Q,1.5390000343322754,,
10826,63.537045,SDSS J105837.63+593109.7,Q,0.9850000143051147,,
10826,122.527,SDSS J105830.37+592945.4,Q,2.0169999599456787,,
10826,148.538888,SDSS J105832.20+593231.3,Q,0.5879999995231628,,
20993,151.113216,SDSS J113603.64+632743.9,QR,0.7549999952316284,,FIRST J113603.7+632742
942,1.103062,MARK 3,ARX,0.014000000432133675,2SXPS J061536.2+710214,VL0J061536.20+710214.6
942,104.010635,XMS J061515.2+710204,QX,0.8740000128746033,4XMM J061515.1+710204,
10827,21.050951,SDSS J122813.29+442652.6,Q,2.6410000324249268,,
10827,39.373636,SDSS J122810.51+442716.1,Q,1.7450000047683716,,
944,43.087573,MARK 205,ARX,0.07000000029802322,4XMM J122144.0+751838,VL0J122144.13+751838.2
944,60.154247,J122154.02+752007.5,X,,1WGA J1221.8+7519,
944,85.580924,J122206.07+751907.1,X,,CXOX J122206.0+751906,
944,167.370361,J122109.32+751737.7,X,,2XMM J122109.0+751737,
10829,149.723077,WISEA J144541.31-113728.9,q,1.0,,
20997,151.165691,SDSS J132648.41+323335.7,Q,1.4140000343322754,,
20998,130.670791,SDSS J143906.29+510906.6,Q,1.0670000314712524,,
20998,148.254036,SDSS J143914.94+510715.6,Q,2.1480000019073486,,
20998,178.628026,SDSS J143904.16+510421.7,Q,1.5299999713897705,,
20998,179.51875,NPM 1G+51.0261,N,0.06599999964237213,,
946,93.648093,OzDES-DR2_04535,Q,1.2269999980926514,,
946,138.913407,WISEA J021913.45-064623.1,q,0.6000000238418579,,
10832,88.159166,WISEA J210858.98-265349.9,q,0.6000000238418579,,
10832,125.27074,WISEA J210855.78-265359.0,qRX,0.5,XMMSL J210855.6-265357,VL0J210855.79-265358.5
947,85.837674,SDSS J094159.73+002118.0,qR,1.2000000476837158,,FIRST J094159.7+002118
947,174.792318,SDSS J094151.68+002002.6,Q,1.6050000190734863,,
949,87.747587,WISEA J091355.88+791116.1,qX,1.0,XMMSL J091356.8+791120,
10836,113.688262,SDSS J003931.95+032625.8,Q,3.072000026702881,,
10836,151.019463,SDSS J003938.36+032404.4,QX,1.784000039100647,1RXH J003937.9+032403,
954,165.372447,WISEA J185153.10-571645.9,q,1.0,,
21692,112.759309,WISEA J115433.50-452723.1,q,1.2000000476837158,,
11362,123.039442,SDSS J150631.61+403438.6,Q,1.7860000133514404,,
1584,0.148136,NGC 1320,NRX,0.008999999612569809,4XMM J032448.6-030231,VL0J032448.69-030232.0
21694,87.188279,WISEA J142728.96+665103.7,q,1.2999999523162842,,
11363,58.755073,J155838.26+273629.5,X,,4XMM J155838.3+273631,
11363,179.229712,SDSS J155844.81+273505.8,qX,2.0,4XMM J155844.8+273506,
21695,136.157331,SDSS J145832.82+482725.3,Q,2.5850000381469727,,
1586,151.828892,J002117.94-483835.9,X,,4XMM J002117.9-483835,
1586,170.294814,J002137.54-483448.9,X,,2XMM J002137.4-483448,
1588,88.942445,IC 3528,ARX,0.04600000008940697,1RXH J123456.0+153356,FIRST J123455.9+153355
1588,148.17138,SDSS J123443.03+153129.7,QX,2.9179999828338623,4XMM J123443.0+153129,
21700,11.587059,J221846.57-032940.6,X,,2SXPS J221846.6-032938,
1592,16.706071,J230903.88+181053.2,R,,,NVSS J230904.0+181052
1593,142.211363,WISEA J113727.52+614753.4,q,0.4000000059604645,,
21705,36.508987,J032045.26-010641.9,X,0.20000000298023224,4XMM J032045.3-010641,
21705,138.189671,SDSS J032047.16-010428.0,qX,1.899999976158142,4XMM J032047.1-010427,
21705,150.217136,J032047.86-010841.6,X,,4XMM J032047.7-010842,
11371,126.553368,J094812.12+540131.1,X,,2SXPS J094812.1+540133,
21706,91.839692,J043938.66-021726.4,X,,1WGA J0439.6-0217,
1597,56.09199,J025248.43-011652.7,X,1.5,XMMX J025248.4-011654,
1597,71.658735,J025254.34-011729.6,X,,XMMX J025254.4-011731,
1599,28.47864,J223559.74+335739.1,X,1.100000023841858,1RXH J223559.4+335736,
1599,44.578061,J223600.84+335821.8,X,1.5,4XMM J223600.8+335821,
1599,77.54611,Q 2233+337,QX,2.114000082015991,CXOG J223603.6+335825,
1599,79.514125,NGC 7319,NRX,0.02199999988079071,4XMM J223603.5+335833,VL0J223603.54+335832.7
11374,170.111783,SDSS J113545.65+573830.8,Q,1.656999945640564,,
21708,0.223466,NPM 1G+30.0129,NRX,0.02500000037252903,CXOG J082443.3+295923,FIRST J082443.3+295923
21708,122.852976,J082438.08+300106.0,X,0.5,4XMM J082438.0+300105,
21708,147.703367,J082450.48+300118.1,X,,4XMM J082450.3+300117,
21708,170.456285,J082430.78+295832.8,X,,2XMMi J082430.7+295831,
1600,77.082828,AGES J143026.42+351759.6,QX,2.055999994277954,CXOG J143026.5+351759,
1600,94.912833,AGES J143018.35+351840.3,QX,0.8040000200271606,CXOX J143018.3+351840,
1600,104.257556,AGES J143027.99+351736.2,QX,1.2690000534057617,CXOG J143027.9+351735,
1600,114.396104,SDSS J143016.18+351923.7,QX,1.0360000133514404,CXOG J143016.1+351923,
21709,53.259976,SDSS J092417.08+403732.3,Q,2.25600004196167,,
21709,115.996337,SDSS J092421.88+403923.9,Q,1.6440000534057617,,
11375,34.631027,J114432.88+200446.5,X,,4XMM J114432.9+200447,
11375,96.827688,J114424.25+200356.9,X,,4XMM J114424.2+200357,
11375,111.30279,J114427.80+200251.5,X,,4XMM J114427.7+200251,
11375,142.288338,J114423.62+200252.3,X,,4XMM J114423.6+200252,
1601,6.072686,SDSS J230128.27+014515.1,Q,2.078000068664551,,
21713,165.420981,WISEA J123344.52-374242.7,q,1.2999999523162842,,
1605,0.32814,NGC 5375,A,0.00800000037997961,,
1606,107.36968,CTS C11.07,Q,1.3600000143051147,,
1607,147.564195,SDSS J080151.83+083102.5,Q,2.6470000743865967,,
11380,76.96449,LAMOSTJ011516.09+301234.8,Q,2.430000066757202,,
1608,61.624174,J105233.21+363803.9,X,,CXOG J105233.1+363802,
1608,143.804089,SDSS J105220.44+363603.4,QX,1.465000033378601,CXOG J105220.4+363603,
1609,101.897582,PGC 1796062,N,0.18799999356269836,,
11381,107.370101,SDSS J012311.15-003642.3,Q,2.565999984741211,,
11381,134.623343,SDSS J012317.16-004022.1,Q,0.9070000052452087,,
11381,143.386256,SDSS J012309.74-003610.3,Q,0.8740000128746033,,
21719,113.965653,WISEA J161222.92+225818.9,q,2.5999999046325684,,
11382,17.70483,J020738.88+020910.4,X,,4XMM J020738.9+020912,
11382,88.047117,SDSS J020744.94+020816.6,QX,1.5820000171661377,2SXPS J020745.0+020816,
11383,88.218638,WISEA J035647.60-183626.5,q,1.2000000476837158,,
1613,163.733627,WISEA J143713.62+513416.1,q,0.6000000238418579,,
11384,70.771218,SDSS J090645.27+261554.9,Q,0.9760000109672546,,
11384,117.567768,SDSS J090641.13+261613.9,Q,0.6190000176429749,,
21726,47.980175,J042824.39-431424.7,R,,,SUMSS J042824.7-431424
1615,147.912938,J102936.65-351944.1,X,,2SXPS J102936.1-351944,
11386,66.443151,SDSS J150639.29+423803.2,Q,1.4819999933242798,,
11386,157.667951,SDSS J150619.72+423748.0,A,0.15399999916553497,,
21728,156.939252,J044810.63-062911.4,X,0.6000000238418579,4XMM J044810.6-062911,
1617,0.057498,NGC 6860,ARX,0.014999999664723873,2SXPS J200846.8-610600,SUMSS J200846.7-610557
1619,0.001957,NGC 7720,AR2X,0.03099999949336052,2XMM J233829.3+270153,VL0J233829.36+270153.3
1619,11.083952,SDSS J233828.56+270150.4,qX,,1WGA J2338.4+2702,
1619,83.641721,SDSS J233831.66+270035.0,QX,1.6490000486373901,4XMM J233831.7+270034,
1619,129.305936,J233835.29+270010.6,RX,,1RXH J233834.9+270014,NVSS J233835.4+270007
1619,140.467901,J233835.33+270348.7,X,,CXOG J233835.3+270348,
1619,143.42644,J233828.50+270415.8,X,1.399999976158142,1WGA J2338.4+2704,
1619,154.505099,J233818.46+270244.1,X,,CXOG J233818.4+270244,
21733,176.276895,SDSS J105634.33+165024.5,Q,2.996999979019165,,
1621,82.244685,WISEA J121727.79-095810.6,q,3.0,,
1622,161.656251,J010726.83+322954.2,X,1.100000023841858,4XMM J010726.8+322954,
11391,47.26073,PGC 1422182,N,0.0729999989271164,,
21736,0.112002,NGC 5665A,NR,0.027000000700354576,,VL0J142129.74+050423.6
11393,155.191054,WISEA J025055.77-144311.9,q,1.600000023841858,,
21738,45.560045,SDSS J012804.78-004439.8,Q,2.2249999046325684,,
21739,101.387012,SDSS J015851.72+003546.8,Q,1.531999945640564,,
21739,154.885228,SDSS J015849.94+003135.0,Q,1.5750000476837158,,
1628,124.836042,WISEA J221620.36-212523.1,q,0.30000001192092896,,
1628,129.808976,WISEA J221619.89-212531.8,qR,1.2999999523162842,,NVSS J221619.8-212532
11396,13.919441,J143451.58+404449.4,R,,,NVSS J143451.5+404449
11396,51.034468,SDSS J143457.24+404456.4,Q,1.1349999904632568,,
11396,114.186622,SDSS J143452.29+404258.8,N,0.27000001072883606,,
11396,176.5467,J143449.17+404201.2,X,,2SXPS J143449.1+404200,
1630,100.186459,J112730.15+663407.8,X,,2SXPS J112730.3+663407,
1630,148.248783,SDSS J112735.20+663747.1,QX,0.9860000014305115,2SXPS J112735.2+663746,
1630,154.75658,J112715.22+663523.0,X,0.10000000149011612,2SXPS J112714.9+663524,
1630,167.380195,SDSS J112738.95+663236.6,qX,1.5,2SXPS J112739.5+663239,
11397,107.833993,SDSS J165731.54+404134.7,Q,2.931999921798706,,
11397,174.368939,SDSS J165743.79+403937.8,Q,1.503000020980835,,
21743,61.503174,WISEA J092712.44+624431.2,q,0.20000000298023224,,
1631,119.937511,SDSS J142916.28+300329.3,AR,0.14300000667572021,,VL0J142916.30+300329.5
21745,83.679134,SDSS J102539.81+570923.7,Q,1.180999994277954,,
11400,100.425952,NGC 936 UB1,QRX,1.1390000581741333,2SXPS J022827.9-011044,VL0J022827.89-011045.6
11400,136.710254,SDSS J022824.29-011111.4,Q,2.865999937057495,,
11400,166.422409,SDSS J022825.78-010622.0,Q,1.7549999952316284,,
1637,90.717845,J021048.45-392252.5,X,,4XMM J021048.4-392252,
1637,137.628756,J021055.64-391940.0,X,,2XMMi J021055.7-391941,
21751,177.376415,WISEA J131418.48-173249.1,q,1.600000023841858,,
1640,90.883282,SDSS J135328.28+375323.4,Q,2.309999942779541,,
1640,146.442797,SDSS J135326.16+375228.8,Q,2.619999885559082,,
21755,97.45015,2QZ J215315.5-275550,Q,1.8320000171661377,,
1643,0.1541,NGC 5546,ARX,0.02500000037252903,4XMM J141809.1+073351,VL0J141809.25+073352.8
1643,76.596777,SDSS J141810.14+073236.9,qX,0.8999999761581421,CXOG J141810.1+073237,
1643,104.43268,WISEA J141807.72+073534.2,qX,1.0,2CXO J141807.7+073534,
21758,9.585495,J023125.54+012044.1,R,,,NVSS J023125.5+012042
21758,179.275235,SDSS J023131.37+012327.8,Q,1.4140000343322754,,
11408,109.195923,WISEA J205930.01-523803.4,q,1.2000000476837158,,
1644,176.815492,SDSS J233642.61+001653.3,QX,2.6070001125335693,CXO J233642.6+001654,
1647,31.098841,J214727.15-345239.9,X,,2SXPS J214727.0-345237,
1647,94.931016,J214722.98-345130.7,X,,2SXPS J214722.6-345128,
21762,118.656325,2QZ J125034.2+012614,Q,1.305999994277954,,
21763,87.562738,SDSS J140623.45+392858.8,Q,1.3940000534057617,,
21763,107.797292,SDSS J140620.51+392942.0,Q,1.6549999713897705,,
11412,114.425677,SDSS J025716.62-001757.1,Q,1.472000002861023,,
11412,133.405187,SDSS J025722.01-002044.5,Q,1.0479999780654907,,
21764,158.290928,SDSS J144859.25+384831.6,Q,2.371000051498413,,
1650,29.023085,J133649.05-340334.6,X,,2RXP J133648.8-340333,
21769,138.519865,J171453.08+571919.1,X,,4XMM J171453.2+571918,
21769,176.532903,J171432.22+571528.7,X,,4XMM J171432.1+571528,
1657,125.362452,WISEA J124916.58-051138.3,qX,1.2999999523162842,2SXPS J124916.7-051135,
1658,0.425575,NGC 2783,ARX,0.023000000044703484,CXOG J091339.4+295934,FIRST J091339.4+295934
1659,72.618975,J213152.83-425131.1,X,,4XMM J213152.8-425131,
1660,1.585967,NGC 3786,ARX,0.009999999776482582,XMMX J113942.6+315432,FIRST J113942.5+315433
1660,113.90418,SDSS J113949.59+315543.2,NX,0.527999997138977,4XMM J113949.5+315541,
1660,124.500582,J113944.44+315635.9,X,,4XMM J113944.2+315632,
21774,169.248334,WISEA J032827.54+380137.4,q,0.8999999761581421,,
21776,76.671936,SDSS J091658.14+264550.0,Q,2.938999891281128,,
21776,115.98708,SDSS J091656.68+264657.0,Q,2.0999999046325684,,
11422,0.158004,MARK 543,AX,0.026000000536441803,XMMSL J000226.5+032110,
11422,124.090399,SDSS J000234.56+032129.4,QX,2.3980000019073486,2SXPS J000234.1+032130,
1664,146.732041,J012249.34+330820.2,X,,4XMM J012249.2+330819,
11424,149.544567,WISEA J013016.45-264528.6,q,0.5,,
1667,137.118269,J053226.71-135322.8,X,,2SXPS J053226.6-135320,
1668,89.687977,WISEA J142401.73-284134.5,q,1.399999976158142,,
21783,123.807502,WISEA J155426.87+394508.8,qR2,0.20000000298023224,,VL0J155426.83+394508.4
1669,176.213517,WISEA J202322.46+062554.2,q,0.6000000238418579,,
21787,101.155499,LAMOSTJ002121.03+302841.2,Q,1.9759999513626099,,
21787,160.655476,SDSS J002118.70+302603.1,A,0.527999997138977,,
21788,119.311834,LAMOSTJ002121.03+302841.2,Q,1.9759999513626099,,
11431,122.053642,WISEA J070344.26+401801.7,q,0.20000000298023224,,
21790,117.597798,SDSS J020640.17-024251.4,Q,1.5449999570846558,,
21790,132.040858,WISEA J020633.99-024206.2,qR,2.799999952316284,,FIRST J020634.0-024206
21790,157.344266,SDSS J020634.37-024251.7,Q,1.8009999990463257,,
21792,160.783117,WISEA J042424.82-134834.1,q,0.8999999761581421,,
11433,177.936264,2SLAQ J123753.59-000113.1,Q,1.3609999418258667,,
1680,119.091984,J000135.41+232708.9,X,0.20000000298023224,CXOG J000135.3+232709,
1681,0.096631,MCG -1-05-047,NRX,0.017000000923871994,XMMX J015248.7-032650,NVSS J015249.0-032649
1681,11.697886,J015248.66-032659.0,X,1.5,XMMX J015248.2-032700,
1681,62.309747,SDSS J015245.31-032717.3,QX,1.2170000076293945,4XMM J015245.3-032717,
1681,101.722023,J015253.50-032532.3,X,2.299999952316284,4XMM J015253.5-032530,
11437,178.824071,WISEA J203613.17-240823.0,q,0.20000000298023224,,
1683,171.956244,SDSS J020456.83+290206.0,Q,1.4980000257492065,,
21799,33.062478,WISEA J145311.59+462859.3,q,0.20000000298023224,,
21799,120.556573,SDSS J145322.52+462742.7,Q,2.0439999103546143,,
11440,127.571401,J052356.10-083927.3,R,1.2999999523162842,,VL0J052356.12-083927.0
21801,0.245227,MCG 8-31-046,NR,0.024000000208616257,,FIRST J172029.5+502237
11442,73.74376,SDSS J095203.49+405015.9,Q,0.7599999904632568,,
1688,0.259013,UGC 4906,NR,0.00800000037997961,,NVSS J091739.7+525934
1689,138.089506,J081424.00+212111.4,X,0.6000000238418579,4XMM J081424.0+212111,
1689,149.115303,SDSS J081424.21+212030.5,QX,2.4719998836517334,4XMM J081424.2+212030,
11443,120.75879,WISEA J115653.05-314359.4,q,2.4000000953674316,,
21805,24.189804,WISEA J013533.73-343754.2,q,1.0,,
21806,45.568291,SDSS J013939.62-031501.5,Q,1.5460000038146973,,
11445,0.118249,MCG 6-38-005,AX,0.026000000536441803,2SXPS J171228.4+355300,
21809,108.91095,SDSS J075103.58+235313.7,Q,1.8619999885559082,,
1693,25.865159,J121352.06+131035.7,X,,2RXP J121352.1+131032,
1693,59.22825,SDSS J121350.33+131057.8,Q,0.9559999704360962,,
1693,121.072341,SDSS J121346.65+131128.6,Q,0.8769999742507935,,
1693,167.987091,SDSS J121342.71+130927.6,Q,2.312000036239624,,
21810,150.812641,SDSS J090557.36+514702.9,Q,0.6549999713897705,,
11447,82.744835,WISEA J201913.48-583326.5,q,1.2999999523162842,,
1695,1.462192,SDSS J091515.28+405502.0,NR,0.008999999612569809,,VL0J091515.34+405503.3
1695,64.697781,SDSS J091510.01+405526.9,Q,1.815000057220459,,
21812,127.076517,SDSS J094457.66+641729.3,qRX,1.5,2SXPS J094457.7+641727,VL0J094457.67+641728.7
21814,114.199768,LBQS 1230+1427,Q,0.421999990940094,,
21814,137.749814,J123239.15+140949.5,X,,2RXP J123238.7+140955,
21814,173.219275,LBQS 1230+1430,Q,0.3319999873638153,,
11450,106.355627,SDSS J232959.95+270657.4,Q,1.0520000457763672,,
11450,156.016344,PGC 214965,N,0.12200000137090683,,
1698,140.19672,WISEA J134203.01-304747.3,q,1.0,,
21815,142.513919,WISEA J152502.16-112023.2,q,0.699999988079071,,
11451,179.202276,SDSS J002804.30-014827.7,Q,1.1729999780654907,,
1700,44.973168,J012547.12-012301.6,X,,CXOG J012547.0-012302,
1700,114.190984,J012549.41-012410.8,X,,CXOG J012549.4-012410,
1700,164.067558,J012554.56-012343.0,X,,CXOG J012554.5-012343,
21821,0.014041,ESO 540-17,NR,0.03099999949336052,,VL0J004421.82-172103.9
11454,159.331723,WISEA J065036.13-371018.9,q,0.4000000059604645,,
11455,84.363344,SDSS J112655.01+590901.7,Q,1.840999960899353,,
11456,150.370985,WISEA J201212.54+054706.9,q,0.20000000298023224,,
21825,71.502018,WISEA J044833.99-013147.7,q,1.2999999523162842,,
21825,146.378047,J044830.04-013444.7,R,,,VL0J044830.07-013445.2
1709,145.704237,WISEA J225810.22-650322.6,q,0.8999999761581421,,
1709,179.007837,WISEA J225721.45-650157.1,q,1.5,,
21830,110.680147,SDSS J110949.33+370834.0,Q,0.9240000247955322,,
1712,117.413157,LAMOSTJ015311.85+364721.3,Q,0.5120000243186951,,
21831,138.912497,SDSS J113323.18+194928.0,Q,0.824999988079071,,
21833,77.504381,SDSS J163048.46+455315.9,Q,2.0820000171661377,,
1716,0.074925,ESO 45-11,BRX,0.017999999225139618,2SXPS J184038.1-770927,SUMSS J184038.6-770930
1716,84.136313,WISEA J184023.69-770821.0,q,0.5,,
1716,105.364105,J184007.16-770917.9,X,,4XMM J184007.1-770917,
21836,119.722922,SDSS J235313.79+274402.6,Q,1.0509999990463257,,
21836,137.074906,SDSS J235308.40+274255.4,Q,0.7099999785423279,,
1717,154.370696,SDSS J081947.16+215919.6,Q,2.618000030517578,,
1717,175.414279,SDSS J081959.20+220321.7,Q,0.8059999942779541,,
1718,165.22901,WISEA J165439.70-723738.2,q,0.8999999761581421,,
1719,0.178438,NGC 7214,ARX,0.023000000044703484,2SXPS J220907.6-274833,NVSS J220907.9-274831
1719,52.719847,J220903.70-274835.4,X,1.2000000476837158,1RXH J220903.6-274835,
1720,72.936084,J235103.40+270816.5,RX,1.7999999523162842,4XMM J235103.4+270816,VL0J235103.39+270816.6
11470,160.511831,SDSS J214658.90+101015.3,Q,2.2130000591278076,,
1723,0.205207,NGC 2332,BRX,0.019999999552965164,XMMSL J070934.7+501052,VL0J070934.22+501056.1
21845,169.385128,SDSS J095522.60+141951.1,Q,2.490000009536743,,
21846,0.27668,CGCG 124-18,NR,0.02500000037252903,,FIRST J102241.0+205132
21846,161.512839,SDSS J102251.04+205252.5,Q,2.9070000648498535,,
11475,177.627967,WISEA J020621.75-620044.6,q,2.5,,
1730,82.062256,SP 1,Q,3.2829999923706055,,
1730,149.051531,SDSS J140015.01+385238.6,Q,1.4049999713897705,,
21851,58.914948,WISEA J140806.54-270430.7,qX,1.899999976158142,4XMM J140806.3-270430,
1733,175.952366,WISEA J214819.11+221208.9,q,0.20000000298023224,,
21855,81.44942,J003916.91-185405.5,R,,,NVSS J003916.9-185405
1734,0.304301,NGC 5475,AR,0.006000000052154064,,VL0J140512.41+554430.3
1734,79.082113,SDSS J140503.01+554430.6,Q,3.0299999713897705,,
11480,142.089577,SDSS J105404.69+210720.1,Q,1.8370000123977661,,
11480,159.087208,SDSS J105413.68+210518.6,A,0.25099998712539673,,
21857,176.386398,WISEA J070310.94-665910.1,q,0.10000000149011612,,
11482,158.880091,SDSS J150826.84+190955.4,Q,1.625,,
1737,24.737732,J111528.47+180625.4,X,,CXOG J111528.4+180625,
1737,176.880792,J111537.93+180515.0,X,,CXOG J111537.9+180515,
21859,149.005278,SDSS J094414.57+293618.2,Q,2.2300000190734863,,
21859,155.100381,SDSS J094414.83+293601.3,Q,1.559000015258789,,
21860,157.880945,WISEA J120338.87+171054.8,q,1.0,,
21860,162.938826,SDSS J120320.18+170823.7,A,0.23499999940395355,,
21861,67.181327,J120609.24-273749.8,R,1.0,,VL0J120609.23-273749.2
21862,118.003397,SDSS J121958.41+282131.3,Q,3.0280001163482666,,
11487,122.618454,2QZ J235803.3-294740,Q,1.6480000019073486,,
1746,0.06103,NGC 5548,ARX,0.017000000923871994,2SXPS J141759.5+250812,VL0J141759.54+250812.6
1746,22.803386,J141758.78+250833.0,X,,2RXP J141759.0+250838,
1746,25.882048,J141801.27+250823.4,X,,1RXH J141801.6+250826,
1746,31.345493,J141757.25+250808.3,2X,,1RXH J141757.6+250807,
1746,31.458935,J141800.92+250747.4,X,,1RXH J141800.7+250742,
1746,35.962777,J141801.61+250750.3,X,,1RXH J141801.5+250755,
1746,44.123056,J141756.43+250759.5,X,1.2999999523162842,2XMM J141756.5+250801,
1746,70.296516,J141758.48+250703.8,X,0.800000011920929,1RXH J141758.0+250700,
11490,71.984979,J042947.76-032038.6,R,2.4000000953674316,,VL0J042947.77-032038.4
21870,163.653645,SDSS J085416.47+362748.3,A,0.12600000202655792,,
1748,108.631202,WISEA J092625.16-280045.6,q,1.100000023841858,,
21872,0.224213,IRAS 10158+1427,AR,0.03200000151991844,,FIRST J101833.4+141240
21872,125.713815,SDSS J101835.09+141444.4,Q,2.305000066757202,,
11493,74.937537,J123443.64+070955.7,X,0.8999999761581421,CXOG J123443.6+070955,
11493,102.842955,J123432.84+071012.5,X,1.399999976158142,CXOG J123432.8+071012,
11493,128.369331,SDSS J123430.45+070910.3,QX,2.250999927520752,CXOG J123430.4+070910,
21874,129.852797,SDSS J144842.36+314142.2,Q,2.240999937057495,,
11494,175.878075,WISEA J133251.03-161605.5,q,1.2999999523162842,,
1752,77.262113,J023623.68+385908.9,X,,CXOG J023623.7+385908,
1752,178.206882,J023636.59+385542.7,X,,CXOG J023636.5+385542,
21878,18.476537,WISEA J205958.69-162901.4,q,2.299999952316284,,
11496,95.39497,WISEA J140228.69-045509.2,q,0.8999999761581421,,
1754,0.035734,NGC 4628,NR,0.009999999776482582,,VL0J124225.23-065815.3
11497,0.277982,ESO 583-2,AR,0.023000000044703484,,NVSS J154020.7-182635
11497,111.986649,WISEA J154023.74-182815.3,q,0.10000000149011612,,
1756,131.216428,J162938.02+404656.3,X,,4XMM J162937.9+404656,
1756,135.081809,SDSS J162933.18+404816.3,QX,1.9880000352859497,4XMM J162933.1+404816,
1756,153.418539,SDSS J162933.69+404715.8,QX,2.052000045776367,2XMM J162933.8+404717,
21883,0.588715,IIIZw 35,NRX,0.027000000700354576,CXOG J014430.5+170608,VL0J014430.53+170608.7
21883,154.990519,J014419.74+170600.6,X,,CXOG J014419.7+170600,
1759,55.6007,SDSS J043356.73-083511.7,qX,2.299999952316284,CXOG J043356.7-083511,
1759,106.711562,SDSS J043403.90-083614.7,qX,2.200000047683716,CXOG J043403.9-083614,
1759,127.283196,J043359.90-083237.6,X,0.5,CXOG J043359.8-083237,
11501,170.555319,SDSS J004419.80+301950.9,Q,1.3300000429153442,,
1760,174.280784,J125135.38-132236.8,X,0.30000001192092896,4XMM J125135.5-132234,
21888,172.921359,WISEA J123142.45+504503.2,q,0.30000001192092896,,
21888,177.057439,SDSS J123119.85+504116.1,Q,2.944999933242798,,
11504,0.252265,UGC 4613,N,0.028999999165534973,,
11504,99.825714,SDSS J084842.13+010044.3,Q,1.6579999923706055,,
11505,57.84992,SDSS J111515.25+555813.0,QR,1.7480000257492065,,VL0J111515.23+555812.9
1764,118.990892,LBQS 1223+1626,QR,1.937000036239624,,VL0J122559.13+161021.4
11506,0.154883,MRK 0423,NRX,0.03200000151991844,CXOG J112648.5+351502,VL0J112648.51+351503.2
11506,43.074947,SDSS J112648.31+351546.1,QX,1.0420000553131104,CXOG J112648.3+351545,
11506,105.335938,SDSS J112656.77+351433.9,QX,1.2239999771118164,2SXPS J112656.6+351433,
1765,155.015474,LAMOSTJ141314.26+202712.0,Q,2.828000068664551,,
21891,152.345692,SDSS J141924.35+360711.0,Q,0.7379999756813049,,
21891,177.752554,SDSS J141937.12+360530.1,Q,0.5440000295639038,,
21892,0.208506,MCG 7-34-110,NX,0.029999999329447746,2XMMi J163137.9+412937,
11507,0.039282,CGCG 126-108,AR,0.020999999716877937,,VL0J113619.98+203118.5
11507,131.620323,LAMOSTJ113614.54+202931.4,Q,0.5820000171661377,,
1767,114.818485,WISEA J020610.31+294855.4,qR,0.30000001192092896,,VL0J020610.28+294855.5
11508,87.590733,J113812.92+120810.5,R,,,VL0J113812.92+120810.8
21896,127.488498,WISEA J230025.60+130325.7,q,0.800000011920929,,
11511,137.864652,SDSS J132901.45+325448.0,Q,1.0089999437332153,,
11511,145.662775,SDSS J132901.73+325032.7,QX,0.7829999923706055,2RXP J132901.7+325026,
1773,163.520777,WISEA J051634.74-370332.9,qR,1.5,,VL0J051634.77-370332.4
1774,92.603897,WISEA J064039.12+500512.5,q,0.6000000238418579,,
21900,97.0304,SDSS J014725.02-004627.6,QR,1.4950000047683716,,FIRST J014725.0-004627
21900,106.084122,SDSS J014721.12-004505.3,Q,1.3480000495910645,,
1775,0.053973,UGC 3995,NRX,0.014999999664723873,2SXPS J074409.1+291450,NVSS J074408.7+291450
1775,26.871906,J074411.16+291454.3,X,,CXOG J074410.9+291453,
1775,86.227364,SDSS J074415.37+291423.6,qX,2.0,CXOG J074415.3+291423,
1775,139.81802,SDSS J074418.10+291606.4,QX,2.7249999046325684,CXOG J074418.1+291606,
21901,122.343839,WISEA J024013.85-122809.5,q,0.800000011920929,,
21902,93.296931,J024309.89+321729.9,X,0.20000000298023224,4XMM J024309.9+321729,
11515,156.39074,WISEA J141020.48-175230.0,q,1.2000000476837158,,
11516,178.242284,WISEA J143513.31+780011.9,q,1.100000023841858,,
21904,96.727313,SDSS J034023.29+010602.6,Q,2.505000114440918,,
21904,159.84065,SDSS J034008.54+010714.8,Q,2.8299999237060547,,
1780,0.296478,IC 724,AR,0.019999999552965164,,NVSS J114334.7+085631
21908,0.252857,CGCG 31-70,A,0.029999999329447746,,
21908,177.83214,SDSS J081215.79+052813.1,Q,1.0429999828338623,,
21909,82.599389,WISEA J085522.94+612455.7,q,0.8999999761581421,,
11520,162.694269,WISEA J194646.03+565639.4,q,0.30000001192092896,,
21912,98.127794,WISEA J132137.53-161532.0,q,1.0,,
1787,168.610023,WISEA J184208.68-635721.4,q,1.2999999523162842,,
11526,161.35358,J023325.29+324244.2,R,,,VL0J023325.28+324244.2
21921,125.326552,2SLAQ J212734.22-010743.5,Q,0.5379999876022339,,
21921,168.267247,2SLAQ J212747.33-010405.6,N,0.3330000042915344,,
1793,93.748922,SDSS J091026.17+502714.6,Q,1.8600000143051147,,
1793,95.11799,SDSS J091022.26+502613.9,Q,1.690999984741211,,
21922,126.329558,WISEA J225050.43-401348.0,q,0.6000000238418579,,
11530,150.189888,SDSS J124421.10+445432.3,Q,1.3009999990463257,,
1797,76.205861,SDSS J083519.76+282933.6,Q,1.7829999923706055,,
1797,115.608286,SDSS J083524.26+282935.6,Q,2.181999921798706,,
1797,155.021963,SDSS J083516.94+282549.5,A,0.4869999885559082,,
11534,93.116606,NPM 1G+36.0339,AR,0.028999999165534973,,FIRST J142704.5+355409
11534,111.58485,SDSS J142705.39+355338.3,Q,1.4170000553131104,,
11534,152.207615,SDSS J142708.17+355244.2,Q,1.1640000343322754,,
21929,42.074706,WISEA J043742.52-471534.2,qX,1.2000000476837158,4XMM J043742.5-471533,
21929,122.508443,J043734.21-471448.2,X,,CXOG J043734.1-471448,
21929,140.546377,J043735.14-471638.5,X,,2XMM J043735.2-471637,
11535,0.363083,MCG 4-37-014,N,0.024000000208616257,,
21931,90.562621,SDSS J091401.40+505048.5,Q,2.496000051498413,,
21931,112.815094,WISEA J091403.78+505019.1,q,0.4000000059604645,,
21931,115.600442,SDSS J091403.90+505057.9,Q,1.8990000486373901,,
21931,132.403276,SDSS J091343.65+505219.9,Q,1.281999945640564,,
21931,132.878675,SDSS J091405.86+505015.1,Q,2.240999937057495,,
21931,175.34435,WISEA J091410.30+505057.7,q,0.30000001192092896,,
1806,153.467215,WISEA J125144.00+713747.3,q,1.100000023841858,,
1807,73.315707,WISEA J235325.59+075121.3,q,0.800000011920929,,
1808,77.475384,2QZ J010853.1-283517,N,0.2160000056028366,,
1808,146.414537,2QZ J010849.2-283232,Q,1.312000036239624,,
21936,64.11506,SDSS J162107.64+395406.1,Q,0.6890000104904175,,
21936,146.335685,SDSS J162116.54+395400.5,Q,1.6100000143051147,,
1812,0.43251,NGC 6338,ARX,0.027000000700354576,CXOG J171522.9+572440,VL0J171523.00+572440.2
1812,16.907364,J171524.75+572432.0,X,,CXOG J171524.9+572432,
1812,32.851297,J171518.87+572440.0,X,,1RXH J171519.0+572443,
1812,106.49547,J171524.47+572626.2,X,,CXOG J171524.4+572626,
1812,114.39692,J171512.99+572319.0,X,0.20000000298023224,1RXH J171513.1+572322,
1812,122.473434,WISEA J171514.26+572620.8,qX,0.8999999761581421,CXOG J171514.2+572620,
1812,141.129909,J171518.53+572657.0,X,,1RXH J171517.9+572653,
11542,29.774172,SDSS J135018.62+352816.0,Q,2.075000047683716,,
11542,62.994057,SDSS J135021.51+352935.2,Q,1.3359999656677246,,
11542,74.475338,PGC 2064866,N,0.14900000393390656,,
11542,106.908152,SDSS J135013.67+352938.6,Q,1.7669999599456787,,
11542,172.081988,SDSS J135018.00+353122.3,Q,2.615999937057495,,
11543,82.775791,SDSS J162145.57+492603.7,Q,0.7400000095367432,,
1813,0.03204,IC 1657,NRX,0.012000000104308128,2SXPS J011407.0-323901,VL0J011407.01-323902.6
1814,178.709656,SDSS J044935.31+001807.8,Q,0.8069999814033508,,
11544,0.337606,NGC 6212,NX,0.029999999329447746,2SXPS J164323.1+394823,
11544,122.810789,J164314.08+394927.5,X,0.5,2SXPS J164314.1+394925,
11544,148.94955,J164311.85+394711.2,X,0.8999999761581421,CXOG J164311.8+394710,
1815,0.272254,IC 2202,NR,0.012000000104308128,,SUMSS J072754.0-673425
1816,174.785134,WISEA J132054.40-471556.4,q,2.4000000953674316,,
21945,162.120317,WISEA J044003.86-045303.9,q,0.800000011920929,,
11545,53.843169,SDSS J083530.87+250049.8,qR2X,1.7999999523162842,2XMMi J083530.8+250049,VL0J083530.91+250050.2
11545,128.436228,J083519.90+250201.4,X,,4XMM J083519.9+250200,
11545,148.635734,PG 0832+251,ARX,0.33000001311302185,2XMMi J083535.7+245940,FIRST J083535.8+245940
11545,156.830418,J083519.80+250007.8,X,,2XMMi J083519.7+250007,
1818,158.002666,J023115.12+293741.3,X,,CXOG J023115.1+293741,
21949,59.148028,WISEA J075414.35+032242.9,q,0.4000000059604645,,
11547,14.994269,J090455.09+250017.7,R,,,NVSS J090454.9+250017
11547,107.325128,SDSS J090458.89+250138.8,Q,1.5379999876022339,,
11548,83.851363,SDSS J100817.46+184319.0,A,0.10999999940395355,,
1821,91.226404,J022650.45+202835.3,X,,4XMM J022650.5+202835,
1821,161.665074,J022646.78+202709.3,X,,4XMM J022646.7+202708,
1821,176.561315,J022635.63+202830.6,RX,,4XMM J022635.6+202830,VL0J022635.62+202830.5
11549,117.475108,SDSS J115203.53+062240.3,Q,2.6419999599456787,,
1822,99.103217,WISEA J100408.89-802635.2,q,1.100000023841858,,
21953,80.111595,J125824.94+280747.9,X,,XMMX J125825.0+280749,
11550,144.03573,WISEA J185656.30-612135.2,q,0.699999988079071,,
1824,0.376938,NGC 5675,ARX,0.013000000268220901,CXO J143239.8+361809,VL0J143239.84+361808.0
11553,98.632696,2QZ J222024.9-282237,Q,1.5069999694824219,,
21957,115.448931,MS 16011+4119,QX,0.5339999794960022,2RXS J160252.8+411157,
21957,118.92148,SDSS J160238.46+411000.2,QR,1.0980000495910645,,VL0J160238.48+411000.4
21958,97.160649,WISEA J165502.50+365435.9,q,0.30000001192092896,,
1828,84.267833,J035734.77-461203.6,X,,4XMM J035734.8-461204,
1828,94.767635,J035722.01-461122.0,X,,CXOG J035721.9-461122,
1828,96.455917,J035718.20-461223.8,X,,CXOX J035718.2-461224,
1828,157.431078,J035716.34-461050.7,X,,CXOG J035716.3-461050,
1828,168.284635,J035726.90-461526.8,X,,CXOG J035726.8-461527,
11555,100.375468,WISEA J000106.41+285502.9,q,0.10000000149011612,,
21963,73.716097,WISEA J215411.85-232756.8,q,1.899999976158142,,
21965,149.240259,SDSS J223350.46+201534.1,Q,2.2109999656677246,,
11561,121.584728,WISEA J112600.28+020104.1,q,1.7000000476837158,,
1835,161.888388,SDSS J151621.12+102938.2,Q,2.3440001010894775,,
21969,131.746214,SDSS J101730.59+224755.4,Q,1.9900000095367432,,
21969,166.053606,SDSS J101727.97+224757.3,Q,2.3310000896453857,,
21969,172.188228,SDSS J101752.03+224816.0,Q,1.4019999504089355,,
11563,125.061176,WISEA J164031.60+654736.5,q,2.4000000953674316,,
21971,104.643225,NGC 3860,NRX,0.01899999938905239,4XMM J114449.1+194742,NVSS J114448.8+194747
21971,122.737455,J114447.37+194737.6,X,,4XMM J114447.1+194738,
21971,129.811732,J114457.80+194837.8,X,,4XMM J114457.9+194837,
21971,176.974906,J114445.24+194828.7,X,,CXOG J114445.2+194828,
21971,177.363934,J114455.34+194337.6,X,2.299999952316284,4XMM J114455.3+194337,
21974,52.521772,SDSS J143316.81+023946.8,qR,1.7999999523162842,,VL0J143316.80+023947.2
21974,94.007462,SDSS J143315.77+024041.0,Q,0.859000027179718,,
11567,149.546295,SDSS J020736.63+020430.4,QX,2.119999885559082,4XMM J020736.6+020430,
11567,152.922255,J020738.88+020910.4,X,,4XMM J020738.9+020912,
21975,74.926299,SDSS J143436.24+305922.6,Q,1.7380000352859497,,
11568,109.449254,J023343.44+062947.7,R,,,VL0J023343.41+062948.0
21976,99.415307,J162807.22+393602.0,X,,4XMM J162807.2+393602,
21976,167.462733,SDSS J162809.28+393419.9,qX,1.7999999523162842,4XMM J162809.2+393420,
21976,173.479415,SDSS J162751.31+393343.1,QX,2.5299999713897705,4XMM J162751.3+393343,
21976,176.629044,SDSS J162757.08+393909.8,QX,0.9350000023841858,4XMM J162757.0+393910,
1844,21.569752,J233959.32+270753.4,X,,1WGA J2339.9+2707,
1844,123.475156,J233952.92+270657.2,X,,2RXS J233952.5+270652,
11570,156.588829,WISEA J063328.14-341335.0,q,1.100000023841858,,
21979,83.547185,SDSS J225447.37+214936.3,Q,1.031000018119812,,
1847,88.209951,J125717.79+273004.6,X,,CXOG J125717.8+273004,
1847,110.580616,SDSS J125716.10+272937.8,qX,2.4000000953674316,CXOG J125716.1+272938,
21980,140.295751,SDSS J003847.49+293324.1,Q,3.0350000858306885,,
1849,93.162335,SDSS J142352.99+143938.0,Q,1.8830000162124634,,
1849,156.359748,SDSS J142357.94+143957.2,QR,3.880000114440918,,FIRST J142357.9+143957
1851,66.044133,J100909.55-290251.3,X,,2SXPS J100909.1-290258,
21986,86.672952,WISEA J060908.92-542550.0,q,1.2999999523162842,,
11577,0.129521,MCG 4-27-020,A,0.027000000700354576,,
11577,30.652964,WISEA J111931.79+245903.0,q,0.30000001192092896,,
11578,86.316448,J130904.54-004723.0,X,,2SXPS J130904.5-004720,
11578,105.422717,J130906.45-004421.1,X,1.399999976158142,2SXPS J130906.3-004420,
1857,42.332197,J104701.87+171653.9,X,,2SXPS J104702.0+171702,
21996,125.617657,J231932.98+092736.6,X,0.20000000298023224,4XMM J231932.9+092736,
11583,143.20839,SDSS J013105.20+095903.0,Q,1.1740000247955322,,
21997,80.027659,SDSS J012445.52+020550.2,Q,1.4830000400543213,,
21997,112.14202,SDSS J012450.15+020255.3,Q,2.1050000190734863,,
21997,133.58194,SDSS J012442.48+020229.9,Q,1.0820000171661377,,
21997,171.001259,SDSS J012455.19+020617.1,Q,0.8169999718666077,,
1861,117.159448,J125019.81-412932.7,X,,4XMM J125019.8-412933,
11584,80.285777,WISEA J032555.86-325341.7,q,0.699999988079071,,
1862,47.318416,J130320.27-303155.0,X,,2XMM J130320.1-303156,
1862,170.660095,WISEA J130310.39-303333.0,q,1.2999999523162842,,
21999,95.178935,J043227.07-051039.6,X,2.4000000953674316,4XMM J043227.0-051039,
1864,56.512677,WISEA J103614.71-270902.7,q,0.30000001192092896,,
22001,95.24652,J082025.54+540651.9,R,,,FIRST J082025.5+540651
22002,117.230403,SDSS J085946.54+131157.6,Q,2.0999999046325684,,
22003,0.08392,CGCG 76-133,AX,0.029999999329447746,XMMSL J150139.0+102513,
22003,15.586616,J150139.01+102458.1,X,,2RXP J150138.9+102456,
22003,15.624923,J150139.43+102525.9,X,,2RXP J150139.0+102525,
1869,118.714146,SDSS J021849.15-063637.0,Q,2.5299999713897705,,
11589,53.634844,J122932.48+075852.1,X,,CXOG J122932.4+075852,
11589,98.153636,J122936.63+080000.5,X,,CXOG J122936.6+080001,
11589,114.063919,J122927.25+080119.3,X,,4XMM J122927.2+080118,
11589,115.020191,J122935.77+080055.1,X,1.2999999523162842,CXOG J122935.9+080054,
11589,120.175223,J122937.92+075855.7,X,2.5,CXOG J122937.9+075856,
11589,122.163616,J122932.77+075738.0,X,,CXOG J122932.7+075738,
11589,132.066709,J122937.74+080045.7,X,0.30000001192092896,CXOG J122937.7+080045,
11589,135.103531,J122938.51+075837.4,X,1.100000023841858,CXOG J122938.4+075837,
11589,146.196117,J122940.09+075927.4,X,3.5999999046325684,CXOG J122940.0+075927,
1870,19.259551,NGC 4410,ARX,0.02500000037252903,CXOG J122628.2+090111,VL0J122628.26+090111.6
1870,69.333091,SDSS J122633.55+090146.2,QX,1.7599999904632568,1RXH J122633.5+090150,
1870,157.803119,SDSS J122619.18+090035.2,qX,0.5,CXOG J122619.1+090035,
11590,127.485673,SDSS J130041.30+280649.0,QX,2.9790000915527344,2XMM J130041.4+280649,
1871,105.302612,SDSS J112222.44+395251.7,Q,2.440999984741211,,
1871,149.424876,SDSS J112242.25+395400.7,Q,1.49399995803833,,
22010,34.638442,J012340.01-015021.0,X,1.0,2RXS J012340.7-015037,
22010,106.069159,SDSS J012339.82-015133.3,N,0.24699999392032623,,
22011,73.225694,SDSS J020127.08+284516.3,A,0.4790000021457672,,
22011,98.468458,SDSS J020120.47+284501.1,Q,2.430999994277954,,
1874,0.154818,ESO 420-13,NRX,0.012000000104308128,CXOG J041349.6-320024,VL0J041349.69-320024.5
22012,139.8787,SDSS J020938.43+060754.3,Q,1.5980000495910645,,
1875,76.711448,SDSS J141543.28+141746.6,qX,2.200000047683716,2SXPS J141543.2+141746,
1875,91.47462,WISEA J141545.22+141725.6,qX,0.6000000238418579,2SXPS J141545.1+141723,
1875,93.081265,SDSS J141535.17+141809.4,qX,0.20000000298023224,2SXPS J141535.1+141808,
22013,118.293515,SDSS J024729.42-001407.8,Q,0.8209999799728394,,
1876,0.065339,ESO 565-19,NRX,0.014999999664723873,2SXPS J093443.5-215540,VL0J093443.55-215539.1
22015,91.965241,WISEA J060250.50-634128.4,q,0.8999999761581421,,
22015,167.134806,WISEA J060255.71-633910.4,q,1.2000000476837158,,
1878,39.350728,J225002.33+114115.9,X,1.0,CXOG J225002.3+114115,
1878,170.061715,SDSS J224955.20+114411.3,qX,1.5,CXOG J224955.1+114411,
11597,156.432033,SDSS J010131.38+312901.0,Q,1.753000020980835,,
1879,142.459572,J000631.71-412907.6,X,,CXOG J000631.6-412908,
22021,0.055858,UGC 8627,N,0.02500000037252903,,
22021,120.413766,SDSS J133803.68+324945.9,Q,2.3489999771118164,,
1884,101.763414,SDSS J000635.25-034254.1,Q,2.11299991607666,,
1884,147.570735,SDSS J000619.13-034210.3,Q,0.8619999885559082,,
1884,175.487089,SDSS J000627.62-034003.0,Q,2.1089999675750732,,
22023,61.740567,WISEA J134537.34-174641.3,q,2.5,,
1885,0.228571,NGC 833,NRX,0.013000000268220901,CXOG J020920.8-100759,VL0J020920.84-100759.0
1885,20.513007,J020922.20-100753.8,X,,1WGA J0209.3-1008,
1885,56.141823,NGC 835,NRX,0.013000000268220901,CXOG J020924.6-100809,FIRST J020924.6-100809
1885,100.079474,J020927.57-100746.2,X,,CXOG J020927.5-100746,
1885,100.242918,J020914.36-100729.8,X,,CXOG J020914.3-100729,
11606,33.716555,SDSS J231100.14+133720.8,Q,2.319000005722046,,
22027,85.040558,SDSS J162935.87+404217.5,QX,1.0679999589920044,CXOG J162935.9+404216,
22027,153.987384,J162929.27+403952.0,X,0.5,CXOG J162929.4+403951,
22027,164.583796,SDSS J162937.07+404352.3,QX,1.5520000457763672,4XMM J162937.1+404351,
22028,134.771076,SDSS J163205.20+371347.8,Q,2.1630001068115234,,
11609,38.227158,SDSS J073705.79+222121.5,Q,1.7419999837875366,,
1893,147.556452,WISEA J083433.45-023515.8,q,0.5,,
22034,0.082698,PGC 188965,ARX,0.029999999329447746,2SXPS J213202.1-334252,VL0J213202.21-334253.1
22034,139.556025,J213151.23-334226.8,X,,2XMM J213151.1-334228,
11611,146.265804,SDSS J111027.93+313852.1,Q,1.684000015258789,,
22036,172.528525,WISEA J220906.19-271137.0,q,0.5,,
22037,73.988305,SDSS J222358.37+322313.9,Q,1.375,,
22038,119.697795,SDSS J225252.86+115048.7,QR,2.618000030517578,,VL0J225252.89+115049.0
11615,112.032066,SDSS J003044.92+124202.6,Q,2.183000087738037,,
11615,152.246391,SDSS J003028.72+124101.1,Q,2.2820000648498535,,
22039,138.28864,SDSS J232047.41+210730.7,Q,1.5640000104904175,,
22039,161.218218,PGC 1641939,N,0.07699999958276749,,
22040,105.293645,WISEA J000948.52+283011.9,q,0.20000000298023224,,
1902,89.316519,J132742.66-293304.3,X,,CXOG J132742.7-293302,
11618,135.351492,WISEA J063411.18-354432.1,q,1.5,,
1906,105.759643,J232035.70+082447.6,X,0.30000001192092896,4XMM J232035.6+082447,
1906,155.169744,SDSS J232021.73+082209.0,Q,2.368000030517578,,
1908,60.006786,SDSS J013051.10+171113.3,Q,1.3609999418258667,,
22047,151.040049,SDSS J083218.96+411901.8,Q,1.7079999446868896,,
1909,0.338704,NGC 5127,ARX,0.01600000075995922,4XMM J132345.0+313356,FIRST J132345.0+313356
1912,167.70062,WISEA J042120.55-481716.3,q,1.2000000476837158,,
22053,136.318444,WISEA J151431.83-144100.2,q,0.800000011920929,,
1914,178.683455,WISEA J225752.00-355907.4,q,1.399999976158142,,
22056,143.643274,SDSS J171208.82+300754.7,Q,1.2569999694824219,,
1917,78.147973,J153003.68+125815.3,X,1.5,2SXPS J153003.7+125815,
1917,163.502856,J153004.82+125648.7,X,,2SXPS J153004.8+125647,
22057,119.067311,WISEA J171503.20+061312.2,q,1.2000000476837158,,
1919,114.410818,SDSS J140632.70+504444.6,Q,1.7480000257492065,,
11631,150.085841,WISEA J153957.55+203933.6,q,2.5,,
22060,94.407069,WISEA J181319.59+633224.5,q,1.100000023841858,,
22060,163.060063,WISEA J181305.47+632906.6,q,0.30000001192092896,,
1921,56.946946,SDSS J122957.99+122149.9,QX,1.593000054359436,CXOX J122958.0+122149,
1922,69.523195,J131557.22-162452.5,X,,2XMM J131557.2-162453,
22062,129.49714,WISEA J231538.60+250657.8,q,2.0,,
22062,136.023516,SDSS J231538.71+250753.5,Q,1.2419999837875366,,
1923,103.391818,NGC 5212,A,0.023000000044703484,,
1923,178.668486,WISEA J133220.57+071638.4,q,1.399999976158142,,
1924,179.416467,SDSS J213011.82+264505.3,qX,1.2999999523162842,2SXPS J213011.6+264504,
11637,68.388847,SDSS J000503.27+051259.4,Q,1.343000054359436,,
11637,130.09317,SDSS J000507.21+051002.9,Q,2.437000036239624,,
22067,179.650265,WISEA J075134.52+550708.8,q,2.200000047683716,,
1927,179.071441,SDSS J132046.07+430539.3,Q,0.9980000257492065,,
22068,58.720884,WISEA J075213.49+613115.3,q,1.2000000476837158,,
22069,154.237044,SDSS J120351.53+015159.9,AX,0.4099999964237213,2XMM J120351.5+015200,
22069,155.672922,J120350.26+014801.4,X,,4XMM J120350.3+014800,
22070,66.402923,WISEA J125538.26-265211.4,qX,0.30000001192092896,4XMM J125538.2-265211,
22070,94.112024,WISEA J125548.03-265302.1,qX,1.2000000476837158,4XMM J125548.0-265301,
22070,104.454129,J125539.49-265022.6,X,1.5,4XMM J125539.5-265021,
11641,98.902214,J073946.94-854107.0,X,,4XMM J073945.8-854107,
1932,167.366714,J131333.69-193005.6,X,1.7000000476837158,4XMM J131333.6-193005,
1932,172.435904,J131329.56-193539.4,X,2.299999952316284,4XMM J131329.5-193539,
22073,94.583775,SDSS J132633.08+360153.6,Q,1.1260000467300415,,
22073,149.146498,SDSS J132624.20+360256.8,Q,0.8669999837875366,,
11643,0.400592,MCG 4-22-049,N,0.03099999949336052,,
22075,0.222176,CGCG 134-43,AR,0.020999999716877937,,FIRST J145037.8+224403
22075,139.553247,SDSS J145031.13+224547.7,Q,1.1859999895095825,,
11645,147.317791,SDSS J001954.95+220149.6,Q,2.3459999561309814,,
1936,97.059051,SDSS J111808.84+232522.7,AX,0.10999999940395355,XMMSL J111808.6+232518,
1938,8.295372,J090933.08+330719.8,X,,CXOG J090933.1+330718,
1938,51.472738,J090931.69+330809.6,X,,2SXPS J090931.5+330804,
1938,60.974244,J090936.61+330636.1,X,1.7999999523162842,2SXPS J090936.6+330631,
1938,162.607291,SDSS J090945.15+330610.0,QX,2.1649999618530273,CXOG J090945.1+330609,
22078,125.272878,WISEA J183116.73+382459.6,q,2.200000047683716,,
22080,66.907758,SDSS J203129.01+070751.3,qR,2.5,,VL0J203129.00+070751.5
11649,137.081612,SDSS J135800.19+594952.1,Q,1.4329999685287476,,
1940,135.93466,SDSS J224415.61-001018.5,Q,3.071000099182129,,
1940,152.382463,SDSS J224426.64-001211.8,Q,1.9010000228881836,,
11650,92.882247,SDSS J140328.04+092933.1,qX,0.4000000059604645,2SXPS J140327.8+092933,
11650,110.101512,SDSS J140326.48+092951.1,Q,2.690999984741211,,
11650,151.676994,SDSS J140333.14+092559.2,qX,1.7000000476837158,2SXPS J140332.6+092557,
1943,60.396389,WISEA J203856.59-045824.4,qX,0.8999999761581421,2RXS J203857.7-045831,
22084,0.058842,IC 1494,A,0.03200000151991844,,
22087,162.787707,SDSS J025751.77-044252.4,Q,1.7109999656677246,,
11653,178.931155,WISEA J151017.56+315536.9,q,1.7999999523162842,,
11654,128.509501,WISEA J162324.80+414426.9,q,1.2000000476837158,,
22092,172.99208,WISEA J103112.39+735521.2,q,1.2000000476837158,,
1951,69.526203,SDSS J001305.16+305415.1,QX,0.609000027179718,2RXP J001305.8+305410,
1951,162.269385,J001250.37+305322.9,RX,,2RXP J001251.1+305320,VL0J001250.35+305322.8
1951,171.070923,SDSS J001308.59+305713.2,Q,0.8050000071525574,,
1951,173.716223,SDSS J001248.43+305606.4,Q,2.431999921798706,,
22093,111.634864,WISEA J111908.95-361510.4,q,0.699999988079071,,
22094,56.637668,SDSS J111907.71+580217.8,Q,2.5429999828338623,,
22094,79.227948,MCG 10-16-111,AX,0.02800000086426735,4XMM J111857.7+580323,
22094,138.83066,SDSS J111925.07+580324.5,QX,1.1720000505447388,4XMM J111925.0+580324,
22094,147.03232,J111921.19+580134.5,X,0.6000000238418579,4XMM J111921.1+580134,
11659,139.473687,SDSS J000325.93+271853.7,Q,0.625,,
22095,107.997583,SDSS J124945.25+305047.7,Q,1.7649999856948853,,
1955,147.222399,WISEA J014854.45-145835.0,q,0.800000011920929,,
22096,176.427928,WISEA J135005.31+251055.2,q,0.800000011920929,,
11661,62.254232,WISEA J025914.09+160318.7,q,0.699999988079071,,
1957,156.553001,SDSS J124121.32+115146.0,Q,2.575000047683716,,
22098,152.479568,WISEA J171338.78+510708.2,q,2.200000047683716,,
22099,115.964775,SDSS J230110.95+282353.3,Q,1.3040000200271606,,
22099,143.680601,SDSS J230124.75+282611.6,Q,1.9500000476837158,,
22099,174.645753,J230132.66+282328.8,R2,0.800000011920929,,VL0J230132.64+282328.9
11664,131.241885,SDSS J091252.27+345403.8,Q,1.2999999523162842,,
1960,21.936557,UGC 4052,ARX,0.024000000208616257,CXOG J075120.9+501410,FIRST J075121.0+501409
1960,153.005569,J075127.90+501613.1,X,,CXOX J075127.8+501614,
1960,172.837496,SDSS J075131.33+501204.2,qX,2.299999952316284,CXOG J075131.3+501204,
1960,177.351119,SDSS J075137.06+501430.6,QX,0.8560000061988831,CXOG J075137.0+501431,
1961,56.845158,J184726.50-632134.3,X,,4XMM J184726.3-632131,
22102,0.26517,UGC 4633,NR,0.03099999949336052,,NVSS J085214.0+525322
22102,121.594411,SDSS J085214.37+525525.6,QR,1.1339999437332153,,VL0J085214.32+525525.8
22103,109.620841,SDSS J100320.90+372715.0,Q,2.0820000171661377,,
11668,141.488157,WISEA J125227.86-391106.4,qX,2.299999952316284,CXOG J125227.8-391106,
22104,36.727047,SDSS J110601.01+042514.6,Q,2.6649999618530273,,
22104,112.507436,J110607.04+042713.4,R,,,FIRST J110607.0+042713
22106,0.366032,NPM 1G+33.0215,N,0.032999999821186066,,
22106,119.509959,SDSS J111745.86+330510.3,Q,3.0399999618530273,,
22107,51.500704,LAMOSTJ122712.50+094142.1,QX,0.5220000147819519,CXOG J122712.4+094141,
22107,104.632077,WISEA J122712.21+094412.9,qX,1.399999976158142,CXOG J122712.1+094411,
22107,107.290375,SDSS J122707.32+094321.8,AX,0.14100000262260437,CXOG J122707.2+094321,
1967,153.625868,SDSS J104336.54+144949.1,A,0.1120000034570694,,
11672,101.538316,SDSS J011230.86-040943.6,Q,1.3029999732971191,,
11672,149.750575,SDSS J011236.39-041052.5,Q,1.6929999589920044,,
11672,175.596154,SDSS J011245.68-040939.3,Q,2.0959999561309814,,
22110,121.737698,SDSS J151949.08+050956.8,Q,2.1649999618530273,,
11673,0.036196,MCG 0-04-112,NR,0.01600000075995922,,VL0J012321.20-015835.4
11673,105.788624,SDSS J012325.11-020003.7,Q,2.572999954223633,,
11673,126.948833,SDSS J012329.64-015832.7,Q,1.5149999856948853,,
11674,154.670746,J015758.14+373233.5,X,1.0,2RXP J015758.5+373224,
11674,158.861521,WISEA J015817.85+373336.8,qX,1.2999999523162842,2RXP J015817.6+373335,
1972,0.458516,NGC 5875,NR,0.012000000104308128,,FIRST J150913.2+523142
1973,133.314277,NGC 7448#1,QX,1.659999966621399,CXOG J230157.3+155551,
1973,168.070911,J230157.76+160035.1,X,,CXOG J230157.8+160034,
11675,94.637647,SDSS J030451.41+001218.1,N,0.028999999165534973,,
22116,98.99222,J023619.25+004345.8,R,,,VL0J023619.24+004345.9
22116,157.85294,SDSS J023617.09+004435.3,Q,2.553999900817871,,
22116,158.499366,SDSS J023619.04+004454.2,Q,2.049999952316284,,
1975,162.779653,J044727.38-101627.7,X,0.20000000298023224,4XMM J044727.3-101628,
1975,169.185275,WISEA J044731.21-101527.8,qX,0.5,4XMM J044731.2-101527,
11676,145.720463,SDSS J073753.26+270412.7,Q,1.0190000534057617,,
22117,0.218124,IRAS 03536-13515,NR,0.029999999329447746,,VL0J035600.84-134232.1
22118,136.600087,WISEA J040323.94-624842.5,q,0.800000011920929,,
11677,0.276939,UGC 3969,NR,0.027000000700354576,,NVSS J074114.5+273652
11677,106.042159,SDSS J074115.08+273505.3,Q,2.3499999046325684,,
1976,1.152709,MARK 1239,ARX,0.01899999938905239,2SXPS J095218.9-013642,FIRST J095219.0-013643
1976,148.995813,SDSS J095221.05-013910.3,Q,2.888000011444092,,
1977,140.185914,SDSS J075814.60+525238.8,Q,1.2130000591278076,,
1978,102.148682,SDSS J115840.54+471719.5,Q,2.8510000705718994,,
11679,41.326023,LAMOSTJ094554.70+344040.5,Q,1.2899999618530273,,
1980,0.863183,UGC 3386,ARX,0.017000000923871994,2SXPS J060237.9+652216,VL0J060237.95+652216.3
11680,130.734189,SDSS J121540.96+480553.7,Q,2.9690001010894775,,
22124,0.178797,SBS 1344+527,NR,0.028999999165534973,,FIRST J134640.8+522837
22126,119.754327,SDSS J153959.07+280832.1,Q,2.88100004196167,,
1984,91.960188,J081058.75+050636.0,X,2.4000000953674316,2SXPS J081058.8+050641,
11682,0.17239,UGC 10404,NRX,0.027000000700354576,4XMM J162811.6+394917,VL0J162811.57+394918.6
11682,98.439232,SDSS J162803.20+394940.0,Q,0.5879999995231628,,
11682,102.838167,SDSS J162802.79+394938.9,QX,1.0269999504089355,4XMM J162802.6+394938,
11682,117.148344,J162818.48+394753.2,X,0.20000000298023224,4XMM J162818.4+394753,
11682,121.505984,SDSS J162808.83+394721.5,QX,1.6979999542236328,4XMM J162808.7+394721,
22128,110.864358,WISEA J174339.71+343603.1,q,0.6000000238418579,,
1986,0.026818,NGC 2945,AR,0.01600000075995922,,VL0J093741.15-220205.0
11684,137.080795,SDSS J231735.70+290207.4,QR,1.524999976158142,,VL0J231735.56+290208.1
22130,68.733575,SDSS J230210.69+254529.2,Q,2.2320001125335693,,
22130,148.281941,SDSS J230158.89+254737.1,Q,1.2359999418258667,,
11685,136.537964,J234741.96-634556.7,R,,,SUMSS J234741.2-634556
22131,83.450914,WISEA J232039.78+435517.3,q,0.6000000238418579,,
22132,85.488683,SDSS J235738.84-033636.7,Q,1.8300000429153442,,
1994,78.356657,J053958.96+771915.8,X,,CXOG J053958.8+771914,
1994,141.266844,WISEA J053959.42+771644.3,qX,1.100000023841858,CXOG J053959.4+771644,
22134,59.892779,SDSS J014929.69+224426.6,QX,1.5260000228881836,2SXPS J014929.6+224426,
22134,89.153265,SDSS J014938.52+224537.1,QX,2.8919999599456787,2SXPS J014938.5+224540,
22134,134.99737,J014924.74+224351.2,X,,2SXPS J014924.8+224351,
22134,178.880074,J014944.66+224252.5,RX,1.0,2SXPS J014944.5+224249,VL0J014944.65+224252.6
1996,26.552205,J100403.79-062820.4,X,0.5,CXOG J100403.7-062820,
11689,57.819987,WISEA J131348.17-033541.6,q,1.0,,
22136,129.996799,SDSS J015831.25-024424.2,Q,1.6929999589920044,,
11690,124.685284,J134330.92-172151.2,X,,2SXPS J134330.9-172150,
1999,107.705654,WISEA J132040.33-140359.5,q,1.399999976158142,,
11691,164.343399,SDSS J141240.92+083909.4,N,0.024000000208616257,,
22141,154.061556,WISEA J083636.25-013422.8,q,1.0,,
11692,163.779294,WISEA J173536.13+092727.6,qRX,0.8999999761581421,2RXS J173536.7+092725,VL0J173536.13+092727.7
2001,140.569336,WISEA J104208.10-331243.3,q,1.399999976158142,,
22142,128.390189,WISEA J093235.30+322947.2,q,2.5,,
22142,167.109681,SDSS J093229.47+322852.9,Q,1.2589999437332153,,
11693,144.138097,SDSS J012704.18+183332.7,Q,1.7079999446868896,,
2003,142.89105,WISEA J133611.53-255404.8,q,2.299999952316284,,
11694,176.82742,WISEA J025437.82+153327.3,q,1.7000000476837158,,
2005,121.642302,J060115.99-233929.1,X,,CXOG J060115.9-233929,
2005,179.030542,J060118.99-234155.9,X,2.0,CXOG J060118.9-234156,
11698,96.609192,SDSS J144116.01+442707.6,Q,2.072000026702881,,
11698,163.782597,SDSS J144131.09+442737.0,Q,3.6089999675750732,,
2011,34.058433,SDSS J115245.05+203751.7,Q,1.5809999704360962,,
2011,171.163844,CGCG 127-85,NR,0.02199999988079071,,FIRST J115230.5+203731
22156,177.338002,WISEA J055912.35-522209.0,q,1.2999999523162842,,
2014,161.178968,WISEA J104920.32-193540.0,q,0.800000011920929,,
22157,99.954969,WISEA J061817.57-645636.4,q,2.0999999046325684,,
2016,115.146649,WISEA J114706.73-373300.9,q,1.2000000476837158,,
22160,174.618572,SDSS J151711.87+242932.6,Q,3.369999885559082,,
2020,115.96283,SDSS J121636.51+333309.6,Q,1.7899999618530273,,
11707,107.380916,IC 4369,NR,0.027000000700354576,,NVSS J140410.7+331825
22163,137.71087,WISEA J015709.30+174354.5,q,1.2999999523162842,,
11710,138.635783,SDSS J215607.13+021135.1,Q,2.441999912261963,,
11710,148.810562,SDSS J215618.02+020759.7,Q,1.2630000114440918,,
11710,157.065437,WISEA J215604.68+021051.3,q,1.7999999523162842,,
11713,131.570114,WISEA J022516.03+241341.5,q,1.5,,
11714,0.069648,CGCG 414-40,AX,0.02800000086426735,2SXPS J024134.7+071112,
22172,133.733446,SDSS J110723.04+182343.5,A,0.18799999356269836,,
2030,51.433932,SDSS J090906.40+535040.3,A,0.27399998903274536,,
2030,171.856529,SDSS J090909.95+534825.9,Q,1.1699999570846558,,
11715,116.207672,J052750.68-695353.2,X,,2RXP J052750.1-695358,
11715,133.411612,J052749.05-695409.7,X,,1RXH J052749.3-695408,
2031,176.890857,WISEA J125000.94-255218.5,q,1.100000023841858,,
22173,88.973444,SDSS J113142.36+260537.1,QR,0.7139999866485596,,FIRST J113142.3+260538
22173,153.831781,SDSS J113127.21+260741.3,Q,1.2999999523162842,,
22174,151.823184,SDSS J135112.33+250309.7,Q,3.0,,
22174,178.492566,SDSS J135051.46+250454.8,Q,1.3819999694824219,,
2033,0.236471,NGC 6146,BRX,0.029999999329447746,2RXP J162510.0+405340,FIRST J162510.3+405334
2033,141.470237,SDSS J162503.93+405132.7,Q,1.409999966621399,,
11718,0.044161,MCG 4-20-069,N,0.017000000923871994,,
2035,0.108227,NGC 5318,AR,0.014000000432133675,,FIRST J135036.0+334217
11719,118.089292,SDSS J095904.38+142506.1,Q,0.921999990940094,,
2036,0.310376,NGC 787,A,0.01600000075995922,,
22177,122.621083,J210447.34+002834.1,R,1.2999999523162842,,NVSS J210447.1+002833
2037,51.422841,WISEA J031853.17-015832.5,q,0.10000000149011612,,
2037,75.222517,WISEA J031847.54-015716.8,q,2.4000000953674316,,
22179,159.090731,SDSS J231744.87+083449.8,Q,2.984999895095825,,
2038,0.064323,IC 450,ARX,0.01899999938905239,4XMM J065212.3+742537,VL0J065212.28+742537.0
2039,120.278678,SDSS J081307.46+361441.7,AR,0.17900000512599945,,FIRST J081307.4+361441
11722,96.53755,SDSS J115355.14+253934.9,Q,1.9780000448226929,,
11722,162.52789,SDSS J115406.76+254249.8,A,0.4790000021457672,,
22182,124.049799,WISEA J025743.42+050038.8,q,0.8999999761581421,,
22183,122.37541,J040806.37+105423.1,R,1.399999976158142,,NVSS J040806.4+105423
11725,0.264588,NGC 5762,N,0.006000000052154064,,
22188,91.830576,SDSS J130946.82+585948.8,Q,1.3639999628067017,,
22188,109.804704,SDSS J130945.92+585932.0,qR,1.7999999523162842,,VL0J130945.95+585931.5
22188,133.799585,SDSS J130959.24+585935.3,Q,0.7070000171661377,,
22189,106.186606,SDSS J131728.53+434810.1,Q,1.343999981880188,,
22189,136.714577,SDSS J131725.38+434846.6,Q,2.430000066757202,,
22189,154.121424,SDSS J131750.49+434724.3,Q,0.9779999852180481,,
2048,24.543544,J091222.41+350134.7,X,,CXOG J091222.4+350135,
2048,113.009405,J091220.16+350319.3,X,0.5,CXOG J091220.1+350319,
2048,127.441652,J091223.84+350346.2,X,,CXOG J091223.8+350346,
2048,160.124065,SDSS J091215.99+350341.5,QX,1.7920000553131104,CXOG J091215.9+350341,
2048,168.343222,SDSS J091227.34+350423.2,QX,0.8230000138282776,CXOG J091227.3+350423,
22191,71.54359,SDSS J143658.84+033000.9,Q,2.3550000190734863,,
11732,171.285175,WISEA J000511.42+463251.5,q,2.200000047683716,,
2050,118.58672,J093802.86+093258.4,X,,CXOG J093802.8+093257,
2053,116.586413,J190814.20+505754.0,X,1.2999999523162842,CXOG J190814.1+505756,
22195,8.909883,J002702.54+454207.8,R,,,NVSS J002702.5+454208
11736,157.478493,SDSS J140333.14+092559.2,qX,1.7000000476837158,2SXPS J140332.6+092557,
11736,170.708524,SDSS J140329.78+092433.5,qX,0.699999988079071,2SXPS J140329.4+092431,
11736,175.6245,SDSS J140328.04+092933.1,qX,0.4000000059604645,2SXPS J140327.8+092933,
11738,115.78738,SDSS J234423.79+001806.5,QX,1.4980000257492065,4XMM J234423.7+001805,
11738,167.569276,SDSS J234440.17+001801.6,Q,1.7050000429153442,,
11738,167.727095,SDSS J234425.00+001644.1,qX,0.30000001192092896,4XMM J234425.0+001643,
11738,179.92836,SDSS J234420.78+002107.2,QX,1.6449999809265137,2XMM J234420.8+002108,
2059,177.790423,J023820.96-012055.6,X,,2SXPS J023820.9-012054,
11739,77.427399,SDSS J001338.62-050450.5,Q,1.2359999418258667,,
22202,109.352309,SDSS J121519.64+504008.9,Q,1.343999981880188,,
22202,155.331924,SDSS J121507.04+503834.0,Q,3.1040000915527344,,
2061,97.108909,WISEA J183720.74+400439.8,q,0.20000000298023224,,
22204,143.051972,J143711.38+100230.3,R,,,NVSS J143711.2+100230
2065,164.953905,SDSS J143223.09+080202.5,Q,2.244999885559082,,
2065,168.002328,SDSS J143226.30+080730.4,Q,1.7239999771118164,,
2065,178.821772,SDSS J143226.44+080741.2,Q,2.125,,
11744,121.079686,WISEA J073339.81+652453.2,qR2,0.20000000298023224,,VL0J073339.80+652453.0
2067,107.981291,J105311.91-402108.4,X,,CXOG J105311.8-402108,
11746,151.608197,SDSS J092941.04+021439.5,A,0.22499999403953552,,
2070,57.494333,J142056.84+031320.9,X,,CXOG J142056.8+031321,
2070,133.690712,J142104.24+031506.1,X,,CXOG J142104.2+031506,
11749,72.055502,SDSS J133828.26+065323.9,A,0.44999998807907104,,
2072,59.385816,J005926.26-341849.6,X,,1WGA J0059.4-3418,
22215,125.04782,J102917.75+060941.1,R,,,NVSS J102917.6+060941
11750,129.223463,WISEA J153318.08-015215.1,q,1.7999999523162842,,
2073,0.068543,ESO 362-8,NRX,0.01600000075995922,4XMM J051109.0-342335,NVSS J051108.7-342336
22216,0.217487,MCG 2-27-023,AR,0.032999999821186066,,NVSS J103131.5+122945
11751,97.833983,J162840.15+392950.4,X,0.5,XMMX J162840.7+392945,
11751,145.793739,J162834.40+392954.3,X,,CXOG J162834.4+392953,
11751,150.223851,J162836.34+393023.5,X,,XMMX J162836.6+393023,
11751,160.991155,J162839.38+393056.0,X,,XMMX J162839.9+393051,
22219,87.675272,SDSS J133122.08-014249.8,qX,1.2999999523162842,CXOG J133122.0-014249,
2079,84.30866,J071941.81+592105.5,X,,4XMM J071942.0+592105,
2080,110.38163,WISEA J094303.49-102139.7,qX,0.800000011920929,2SXPS J094303.5-102137,
2080,173.695521,J094257.89-102410.5,X,1.399999976158142,2SXPS J094257.7-102403,
2081,114.335778,SDSS J153546.89+433006.5,N,0.23199999332427979,,
2083,107.963875,2QZ J011357.5-314606,QX,0.18199999630451202,1RXH J011357.5-314604,
2083,151.182535,J011400.25-314856.6,X,,1RXH J011400.3-314855,
22227,155.036532,WISEA J214006.84-223639.7,qX,0.30000001192092896,2SXPS J214006.5-223641,
11759,93.455105,WISEA J140647.96-342807.0,q,0.20000000298023224,,
22228,160.981412,SDSS J223012.33+223327.6,Q,0.9990000128746033,,
22228,167.334666,SDSS J223035.39+223414.5,Q,0.6129999756813049,,
2087,150.332993,WISEA J005403.94-835009.4,q,0.4000000059604645,,
22233,176.804887,WISEA J043202.36-255215.6,q,1.600000023841858,,
2089,171.456519,SDSS J005650.30-095241.5,qR2X,2.0999999046325684,4XMM J005650.3-095241,VL0J005650.31-095241.2
2093,139.624387,WISEA J134938.29+041637.2,q,1.2000000476837158,,
11769,0.226332,UGC 2024,NRX,0.02199999988079071,4XMM J023301.2+002514,VL0J023301.24+002515.0
11769,110.754167,SDSS J023255.15+002617.5,QX,1.3550000190734863,2SXPS J023255.1+002617,
11769,124.238455,SDSS J023309.11+002436.3,qX,0.10000000149011612,4XMM J023309.1+002437,
11769,150.079078,SDSS J023311.06+002445.7,QX,2.9769999980926514,4XMM J023311.2+002447,
2096,2.694152,NGC 3822,ARX,0.019999999552965164,4XMM J114211.1+101639,FIRST J114211.0+101639
2096,106.875886,SDSS J114204.47+101723.4,qX,0.5,4XMM J114204.4+101724,
22243,102.757805,SDSS J225243.44+292127.8,Q,2.431999921798706,,
11772,119.850581,WISEA J083025.90-072136.4,q,0.699999988079071,,
11774,150.317448,SDSS J083814.03+251428.1,Q,2.196000099182129,,
22246,28.312148,2QZ J003548.5-282906,Q,0.23199999332427979,,
2105,123.788004,WISEA J232303.07+435852.7,q,1.2999999523162842,,
2105,137.117337,WISEA J232306.06+435934.7,qX,0.30000001192092896,XMMSL J232305.6+435938,
2106,175.90119,SDSS J002238.89+294230.9,Q,1.4429999589920044,,
11780,105.73767,SDSS J134504.34+230436.7,qR2,0.30000001192092896,,FIRST J134504.3+230437
11780,163.627366,LAMOSTJ134515.39+230655.1,Q,0.2329999953508377,,
2108,139.920983,SDSS J115750.27+552834.7,qX,1.2999999523162842,2CXO J115750.3+552834,
22254,0.353031,MCG 6-25-032,A,0.026000000536441803,,
22254,154.761581,SDSS J111621.17+351735.2,Q,2.055000066757202,,
11781,126.240745,LAMOSTJ141435.07+362539.0,QRX,1.5499999523162842,2RXP J141435.5+362530,FIRST J141434.8+362539
22255,143.497976,J114242.12-060430.5,X,0.5,2SXPS J114242.1-060430,
2111,0.132807,ESO 323-32,N,0.01600000075995922,,
2111,166.726764,WISEA J125320.08-414055.1,q,1.2999999523162842,,
22257,157.916853,J144051.14+031703.7,X,1.899999976158142,4XMM J144051.0+031702,
11784,168.551958,J022125.95+425521.1,X,1.0,2SXPS J022125.9+425521,
2116,121.625567,WISEA J023426.63+325917.2,qX,0.20000000298023224,4XMM J023426.6+325917,
2116,146.76039,J023436.91+325759.3,X,0.30000001192092896,4XMM J023436.7+325758,
11788,96.575672,SDSS J094252.55+122443.6,AX,0.12999999523162842,2RXS J094252.2+122453,
11788,133.373331,SDSS J094246.45+122413.9,Q,2.6630001068115234,,
2117,61.048775,WISEA J062122.53-280712.8,qX,0.4000000059604645,2SXPS J062122.6-280712,
22265,101.306922,WISEA J011359.56-014317.0,q,2.0999999046325684,,
22265,127.527255,SDSS J011356.94-014541.1,Q,2.0989999771118164,,
11789,129.028197,SDSS J131215.69+272106.9,Q,2.549999952316284,,
11790,178.596434,SDSS J162513.80+405850.9,Q2,1.1790000200271606,,
22267,131.265222,J024938.45-311005.6,X,,XMMX J024938.2-311006,
22267,147.055748,WISEA J024942.63-311316.8,qX,1.5,CXOG J024942.6-311316,
22267,154.847458,J024925.40-310956.8,X,,CXOG J024925.2-310956,
11792,78.753765,SDSS J202816.24+001632.3,qR,0.6000000238418579,,FIRST J202816.2+001631
2123,16.971884,J115543.16+551911.1,R,,,NVSS J115543.2+551915
2123,22.070599,J115547.62+551908.9,X,,CXOX J115547.8+551909,
2123,122.847023,SDSS J115536.73+552054.2,QX,2.0829999446868896,CXOG J115536.7+552054,
22270,56.06483,WISEA J071118.18+310928.7,q,0.699999988079071,,
2125,118.441003,SDSS J011959.75+163418.3,A,0.46700000762939453,,
22273,122.488785,SDSS J113552.30+225906.5,Q,3.3010001182556152,,
11795,0.028045,ESO 244-30,NRX,0.02500000037252903,4XMM J012951.2-421934,SUMSS J012951.2-421938
11795,167.64451,WISEA J013005.95-422012.8,qX,1.2999999523162842,4XMM J013005.9-422012,
11795,169.766995,J012953.08-421646.8,X,,4XMM J012953.0-421646,
2129,0.113855,NGC 3798,NRX,0.012000000104308128,2SXPS J114013.8+244149,FIRST J114013.9+244149
2129,164.163706,SDSS J114002.74+244250.3,N,0.1679999977350235,,
22277,52.570411,SDSS J141210.52+083901.9,Q,2.1700000762939453,,
11798,118.683513,WISEA J112035.75-055438.1,q,0.800000011920929,,
22279,55.983987,SDSS J150604.29+553330.7,qX,2.0999999046325684,CXO J150604.2+553328,
2133,159.822308,WISEA J105429.60-210502.9,q,0.4000000059604645,,
11800,84.763756,J121206.53+131522.7,X,0.6000000238418579,4XMM J121206.4+131520,
11801,61.606497,WISEA J130039.54+290211.2,q,0.20000000298023224,,
2134,2.40763,NGC 452,ARX,0.017999999225139618,2SXPS J011614.5+310159,VL0J011614.78+310201.8
2134,147.317512,SDSS J011619.40+305946.7,Q,1.4229999780654907,,
2134,152.145871,SDSS J011618.40+305936.7,QX,1.0119999647140503,2SXPS J011618.1+305933,
2134,177.673763,SDSS J011626.59+310028.6,QX,0.8730000257492065,2SXPS J011626.4+310026,
2136,0.092719,NGC 3884,ARX,0.023000000044703484,4XMM J114612.1+202329,VL0J114612.18+202330.0
2136,28.654184,J114611.45+202356.6,X,,2RXS J114611.2+202355,
2137,92.95392,J023908.77+405232.8,X,,2SXPS J023909.1+405229,
22287,107.560723,SDSS J022805.36-055121.7,KX,0.777999997138977,4XMM J022805.4-055121,
2139,32.27817,J151524.85+553032.2,X,1.7000000476837158,4XMM J151525.0+553035,
2139,120.298078,J151518.27+553254.2,X,,CXOG J151518.2+553253,
2139,163.643884,SDSS J151532.23+553326.9,ARX,0.25699999928474426,CXOG J151532.2+553326,VL0J151532.24+553327.1
2140,0.253382,NGC 5945,NX,0.017999999225139618,2SXPS J152945.2+425508,
2140,124.460901,J152940.18+425314.5,X,0.5,2SXPS J152939.9+425315,
11806,137.921919,J022153.06+165430.1,R,,,VL0J022153.12+165428.6
2142,123.408248,SDSS J012407.77+125312.8,Q,1.2039999961853027,,
22295,158.340727,J063219.27-353651.7,X,,CXOG J063219.2-353651,
11809,122.690346,WISEA J045542.88-185514.9,q,1.2000000476837158,,
2147,77.065873,SDSS J122425.42+091827.6,Q,2.374000072479248,,
2147,161.464819,SDSS J122431.39+091620.2,Q,2.635999917984009,,
22297,109.388564,SDSS J083418.99+515030.6,N,0.25099998712539673,,
11811,0.177839,CGCG 65-37,AR,0.03200000151991844,,FIRST J102711.0+100128
11811,167.165066,SDSS J102700.97+100012.0,Q,2.309999942779541,,
11812,163.888742,SDSS J133702.26+570813.0,Q,1.3179999589920044,,
22298,61.505048,LAMOSTJ094126.50+280640.7,Q,1.6799999475479126,,
2150,137.912783,SDSS J114402.68+600454.3,qX,1.600000023841858,2SXPS J114402.7+600457,
2153,164.137952,J004756.99+081519.7,X,,2SXPS J004756.7+081520,
2158,95.38247,SDSS J000426.43+051310.6,Q,0.8930000066757202,,
2158,101.144979,SDSS J000435.85+051053.8,Q,1.3289999961853027,,
22308,80.440815,SDSS J171447.83+425156.0,Q,1.5,,
22308,146.947421,SDSS J171446.66+424917.1,Q,2.2929999828338623,,
11817,143.072355,WISEA J014318.28-891742.3,q,1.7999999523162842,,
11817,177.478266,WISEA J015835.73-892019.8,q,0.30000001192092896,,
2159,0.059063,IC 4180,N,0.009999999776482582,,
2161,97.87204,J141000.26+174519.6,X,,4XMM J141000.4+174518,
2161,110.432404,SDSS J141009.91+174519.1,QX,0.8119999766349792,4XMM J141009.9+174518,
11819,160.062271,RXS J05439-5532,BRX,0.27300000190734863,2SXPS J054357.0-553205,SUMSS J054356.8-553203
11821,173.811683,SDSS J092549.33+502745.5,Q,1.3020000457763672,,
2164,62.992802,J082025.67+210849.7,X,,CXOG J082025.6+210849,
2164,144.999336,SDSS J082028.06+211004.5,QX,2.818000078201294,CXOG J082028.0+211003,
22316,153.319677,SDSS J075844.46+073125.2,qR,0.699999988079071,,VL0J075844.47+073125.5
11823,80.896272,WISEA J111209.62-133933.5,q,1.7999999523162842,,
2169,130.060818,SDSS J150938.45+542827.7,Q,2.4100000858306885,,
2169,152.230484,SDSS J150940.53+542812.4,Q,2.375,,
11827,53.265769,J145455.79+114232.2,R,,,FIRST J145455.7+114232
11827,160.579652,WISEA J145507.30+114331.3,q,1.100000023841858,,
2172,0.186253,NGC 1266,NRX,0.007000000216066837,2SXPS J031600.8-022538,VL0J031600.76-022538.8
2172,76.616059,J031556.30-022616.4,X,0.5,2SXPS J031556.3-022615,
2172,93.147812,WISEA J031601.53-022406.1,qX,1.2000000476837158,CXOG J031601.5-022405,
2172,132.466575,J031558.44-022746.4,X,0.10000000149011612,2SXPS J031558.5-022745,
2172,167.085301,J031611.42-022450.4,X,1.2000000476837158,CXOG J031611.4-022450,
2174,106.43918,NGC 6962,A,0.014000000432133675,,
2175,119.639051,WISEA J205158.75-484544.2,q,2.0999999046325684,,
22331,146.282004,J102730.10+025221.7,R,0.30000001192092896,,VL0J102730.10+025222.0
11832,168.230174,WISEA J063632.37-445119.6,qX,1.0,2SXPS J063632.2-445116,
2177,178.208176,WISEA J152542.61-370918.7,q,0.5,,
11833,69.236043,SDSS J083615.52+280445.8,Q,0.9850000143051147,,
11833,99.476585,SDSS J083613.23+280512.1,AR,0.7419999837875366,,FIRST J083613.1+280512
22337,129.604966,WISEA J225233.46-131656.9,q,0.30000001192092896,,
22338,103.304403,WISEA J225749.24+260806.1,q,1.399999976158142,,
2183,87.323927,J121234.97+290856.0,X,,4XMM J121234.9+290855,
2183,90.59072,SDSS J121226.79+291118.0,qRX,1.399999976158142,4XMM J121226.7+291117,FIRST J121226.8+291117
2183,132.708203,SDSS J121230.82+290754.1,qX,0.30000001192092896,4XMM J121230.8+290754,
2183,165.761359,NGC 4169,NRX,0.013000000268220901,2XMMi J121218.7+291046,FIRST J121218.8+291046
22339,142.148867,SDSS J002143.29+010840.2,Q,1.9010000228881836,,
11838,31.807109,PKS 1953-325,QR2,1.2419999837875366,,VL0J195659.46-322544.8
2184,0.080383,MARK 590,ARX,0.026000000536441803,2XMM J021433.5-004600,VL0J021433.57-004600.0
2185,127.079766,WISEA J042808.08-475623.4,q,0.20000000298023224,,
22342,48.12296,WISEA J031220.37-250823.2,q,1.2000000476837158,,
11840,142.714318,WISEA J002748.70+304621.8,q,1.600000023841858,,
2187,121.846781,SDSS J102737.92+224945.9,Q,1.8559999465942383,,
2187,155.810297,SDSS J102754.05+225230.0,A,0.07800000160932541,,
11842,69.69315,SDSS J012123.41+070136.2,QR,1.6390000581741333,,VL0J012123.41+070136.5
11842,167.662585,SDSS J012137.08+065934.8,Q,0.9290000200271606,,
22346,0.049324,CGCG 8-30,N,0.02500000037252903,,
22346,116.797747,2QZ J100350.2+013145,Q,1.190999984741211,,
2189,0.116862,FAIRALL 49,NRX,0.01899999938905239,4XMM J183658.2-592407,SUMSS J183658.2-592408
2191,68.259353,J160452.01+235621.5,X,,XMMX J160451.6+235620,
2191,70.466266,J160458.33+235451.4,X,1.2000000476837158,XMMX J160458.1+235446,
2191,111.698537,J160455.93+235749.4,X,,XMMX J160455.6+235747,
22349,8.605404,SDSS J120326.64+221237.5,qR,1.100000023841858,,NVSS J120326.7+221235
22349,179.517799,SDSS J120339.82+221319.8,Q,2.384000062942505,,
2192,130.744034,SDSS J000504.29+065304.9,Q,0.6119999885559082,,
2193,89.76216,J121931.32+495025.9,X,,2SXPS J121931.4+495025,
11848,96.3337,WISEA J121627.78+143124.1,q,1.2999999523162842,,
2194,150.934775,SDSS J135417.61-012349.0,Q,2.6630001068115234,,
22353,123.669304,SDSS J124045.40+263023.9,Q,2.242000102996826,,
22354,95.612145,J161027.59+612113.6,R2,,,FIRST J161027.6+612114
22354,160.108399,WISEA J161102.04+612146.6,q,0.6000000238418579,,
11852,46.88193,WISEA J132315.44-322013.0,q,0.30000001192092896,,
2201,100.105111,J130131.11+275424.7,X,2.4000000953674316,4XMM J130131.1+275425,
2201,125.708983,2E 1259+2807,AX,0.24199999868869781,CXOG J130128.1+275106,
2201,154.179361,J130120.56+275524.9,X,,CXOG J130120.5+275525,
22362,158.217963,SDSS J225607.63+052520.2,Q,3.1540000438690186,,
2202,173.912981,J181048.95+310443.2,X,2.5,2SXPS J181048.7+310438,
2204,58.267974,J124627.77-404414.3,X,,2SXPS J124627.6-404415,
2204,157.805475,J124634.54-404713.8,X,,2SXPS J124634.5-404717,
22367,135.997859,WISEA J050535.78-264111.7,q,1.399999976158142,,
11859,141.903167,WISEA J234324.95-674228.7,q,1.2000000476837158,,
11859,173.314452,WISEA J234329.30-674044.2,q,0.800000011920929,,
2208,134.491952,SDSS J094212.09+044237.4,Q,0.6069999933242798,,
2208,175.005286,SDSS J094159.82+044038.6,QX,2.2950000762939453,4XMM J094159.8+044037,
22369,0.079,MCG 4-20-029,NX,0.017000000923871994,4XMM J082010.4+210407,
22369,162.372997,SDSS J082000.97+210534.7,QX,1.843999981880188,CXOG J082000.9+210534,
11860,178.154822,SDSS J082919.48+313834.3,Q,0.9020000100135803,,
11861,120.538391,SDSS J120455.84+270121.2,qX,1.7000000476837158,2SXPS J120455.6+270125,
11861,126.611597,SDSS J120456.54+270122.9,Q,3.2850000858306885,,
22373,53.025814,WISEA J133809.86+182246.4,q,0.6000000238418579,,
22373,117.904315,SDSS J133806.35+182204.0,A,0.08799999952316284,,
22373,176.568001,SDSS J133821.90+182517.5,qR,1.600000023841858,,FIRST J133821.8+182518
22374,177.715939,WISEA J134211.77-293843.3,q,1.2999999523162842,,
22375,156.607998,SDSS J143413.88+034541.3,qX,1.399999976158142,4XMM J143413.8+034540,
22375,163.082906,SDSS J143406.87+034728.6,qX,1.7999999523162842,2XMM J143406.8+034727,
2214,100.993585,SDSS J101234.74+030717.4,Q,2.1419999599456787,,
2214,165.678071,SDSS J101250.20+030922.3,Q,0.30799999833106995,,
22376,106.132872,SDSS J143515.85+052139.0,Q,2.2249999046325684,,
2215,73.293487,WISEA J130024.24-060654.7,q,0.699999988079071,,
22377,60.061617,SDSS J162539.36+385551.7,QX,1.1100000143051147,4XMM J162539.4+385550,
22377,156.976232,SDSS J162525.41+385401.4,QR,1.0800000429153442,,FIRST J162525.3+385401
22377,169.52539,SDSS J162520.12+385639.0,QX,1.3389999866485596,4XMM J162520.1+385637,
22377,171.639819,SDSS J162539.07+385317.5,Q,1.8359999656677246,,
2216,0.081901,UGC 3478,NRX,0.03999999910593033,4XMM J063247.2+634023,VL0J063247.08+634025.5
2217,41.030408,WISEA J155411.73+143539.4,q,0.8999999761581421,,
22380,113.511312,J232723.23+044642.8,2,,,
2218,171.77216,SDSS J105446.39+542058.8,QX,1.0839999914169312,2SXPS J105446.2+542059,
11869,159.453224,J214212.99+122847.5,X,,CXOG J214212.9+122847,
2219,27.967742,SDSS J162300.86+375511.3,QX,1.2319999933242798,CXOG J162300.8+375511,
2219,123.313312,J162303.22+375723.8,X,,CXOG J162303.2+375723,
2219,157.619044,SDSS J162311.80+375719.8,Q,0.9829999804496765,,
22382,173.39825,SDSS J014509.13+341713.6,Q,1.3200000524520874,,
11870,173.145102,LAMOSTJ221010.59+162827.8,Q,0.9559999704360962,,
22384,123.368917,SDSS J025751.87+054844.9,qX,2.9000000953674316,2XMMi J025751.6+054844,
22384,138.373697,WISEA J025805.76+054611.0,q,1.0,,
11872,155.890349,WISEA J015340.11-675521.7,q,2.4000000953674316,,
11872,169.976306,WISEA J015351.62-675643.4,q,0.800000011920929,,
2224,114.060415,WISEA J180142.94+194200.9,q,0.20000000298023224,,
2226,88.95227,WISEA J174657.44+204516.5,q,1.100000023841858,,
22389,149.302483,WISEA J073350.45+604933.2,q,0.30000001192092896,,
11875,57.782135,J033039.35-031026.8,X,1.7999999523162842,4XMM J033039.3-031026,
11875,95.062227,MARK 612,NRX,0.019999999552965164,2XMM J033040.9-030815,VL0J033040.89-030815.4
22391,48.38385,SDSS J100438.66+044939.5,QX,1.5219999551773071,2RXP J100438.0+044942,
11877,140.914312,SDSS J091334.94+203542.0,Q,1.1679999828338623,,
11877,149.696909,SDSS J091353.10+203344.1,Q,1.805999994277954,,
2230,77.153751,WISEA J102740.78-395854.7,q,1.100000023841858,,
2230,113.338562,WISEA J102734.99-400122.4,q,2.0999999046325684,,
22395,129.123384,WISEA J112056.40-053019.2,qX,2.299999952316284,2SXPS J112056.2-053017,
2232,0.052915,NGC 612,NRX,0.029999999329447746,2XMMi J013357.6-362935,VL0J013357.70-362934.8
2232,65.565017,J013401.51-362848.5,X,,2SXPS J013401.4-362857,
2232,171.046124,WISEA J013358.88-362645.0,qX,1.2999999523162842,2XMMi J013358.8-362644,
2232,177.673631,J013344.86-363102.2,X,,2XMMi J013344.9-363101,
2232,178.549832,J013409.45-363124.8,X,,4XMM J013409.3-363124,
22396,127.415668,2QZ J113208.0+011427,Q,1.9500000476837158,,
22397,36.722548,WISEA J132630.07-223426.4,qX,2.0,4XMM J132630.0-223426,
22397,179.017273,J132618.78-223212.1,X,,4XMM J132618.7-223211,
2233,1.810706,NGC 810,AR,0.026000000536441803,,VL0J020528.57+131505.4
11882,132.229169,SDSS J232014.36-014918.8,Q,0.4699999988079071,,
11882,139.771461,SDSS J232016.27-014923.8,qR,0.4000000059604645,,VL0J232016.28-014923.6
11882,174.204226,SDSS J232002.34-014936.1,Q,1.2899999618530273,,
2234,0.238852,IC 3639,ARX,0.010999999940395355,1RXH J124053.1-364521,SUMSS J124052.8-364521
2234,110.231605,J124043.76-364535.5,X,,2SXPS J124043.9-364532,
11883,55.678672,J234720.08-022100.4,X,0.30000001192092896,CXOG J234720.0-022100,
11883,104.521744,J234720.82-022239.1,X,2.5999999046325684,CXOG J234720.8-022238,
11883,137.788857,J234725.80-021850.0,X,1.399999976158142,2RXS J234724.7-021843,
11883,149.534897,J234714.44-022012.3,X,,CXOX J234714.6-022010,
11884,43.444716,WISEA J012659.53+390028.6,q,0.800000011920929,,
22402,145.205467,SDSS J162303.22+404909.1,Q,1.4190000295639038,,
22402,156.565342,WISEA J162316.37+404941.4,qR,0.30000001192092896,,VL0J162316.39+404941.3
2238,176.466121,ESO 386-34,N,0.024000000208616257,,
22403,41.967594,WISEA J174653.42+591138.5,q,2.299999952316284,,
22403,141.710019,WISEA J174651.53+590956.8,q,0.699999988079071,,
22405,111.318475,WISEA J215005.81+304750.5,q,0.5,,
2241,128.25979,WISEA J063548.30+830009.2,q,0.6000000238418579,,
11888,160.574365,SDSS J111954.46+671228.4,Q,2.5220000743865967,,
2244,137.700044,SDSS J151121.25+460713.6,QX,1.3370000123977661,2SXPS J151121.9+460714,
2246,83.696943,SDSS J121511.15+130131.8,Q,2.305999994277954,,
22412,83.113005,SDSS J081458.36+253621.3,Q,0.847000002861023,,
22413,0.259727,MCG 10-12-115,N,0.026000000536441803,,
22413,61.303064,SDSS J081608.20+574302.7,Q,1.128000020980835,,
22413,178.336025,SDSS J081632.24+574425.2,Q,1.6770000457763672,,
2247,85.128257,PKS 0241+011,QRX,1.399999976158142,1RXH J024339.6+012109,VL0J024339.55+012109.6
2247,93.123671,J024341.89+012102.0,X,,CXOG J024341.8+012101,
2247,106.067063,SDSS J024338.05+012412.0,qX,2.200000047683716,1RXH J024338.3+012409,
2247,106.444259,NGC 1073 U1,QX,1.940999984741211,1RXH J024333.6+012220,
2247,121.433317,NGC 1073 U2,QX,0.5979999899864197,1RXH J024333.5+012135,
2247,152.171101,SDSS J024332.54+012405.8,qX,2.0,CXOG J024332.5+012405,
2248,53.139323,J055303.76-175226.6,X,,2SXPS J055303.7-175229,
11892,98.440514,SDSS J011525.11-005235.9,Q,0.5019999742507935,,
11892,152.506979,SDSS J011522.11-005306.0,Q,2.2850000858306885,,
11892,163.412853,SDSS J011533.19-004900.7,Q,3.2860000133514404,,
11892,175.53567,SDSS J011522.03-004937.3,QX,1.2769999504089355,2SXPS J011521.6-004938,
2250,143.084422,J033656.72-344549.3,X,,4XMM J033656.6-344548,
2250,156.875909,J033642.04-344644.4,X,,CXO J033642.1-344645,
2251,50.021785,SDSS J075913.73+325403.8,QX,1.5670000314712524,CXOX J075913.6+325403,
2251,143.543535,WISEA J075904.80+325631.9,qX,0.30000001192092896,2SXPS J075904.6+325630,
11895,167.468137,WISEA J051252.02-414049.0,q,1.100000023841858,,
11895,179.903849,WISEA J051235.14-413751.6,qR,2.299999952316284,,SUMSS J051234.8-413751
2252,99.959563,SDSS J022129.78-053121.1,qX,0.800000011920929,4XMM J022129.6-053119,
2252,107.035074,J022142.92-053203.7,X,,4XMM J022142.9-053204,
2252,139.037511,SDSS J022141.95-053309.3,qX,1.003000020980835,4XMM J022141.9-053310,
2253,0.174549,NGC 2410,ARX,0.014999999664723873,2SXPS J073502.5+324918,FIRST J073502.1+324919
11897,176.117205,WISEA J094648.00-144910.1,q,1.899999976158142,,
2255,178.691923,SDSS J122403.62+083053.1,Q,2.3499999046325684,,
22424,87.629468,SDSS J005857.63-084727.8,Q,1.315000057220459,,
22425,138.887532,LAMOSTJ012338.35+343541.3,Q,2.244999885559082,,
2258,172.054931,WISEA J155032.14-073334.1,q,1.2000000476837158,,
2260,55.02348,WISEA J104601.19+732149.3,q,0.20000000298023224,,
22432,130.980422,SDSS J080743.19+054555.3,Q,2.255000114440918,,
2264,175.683848,WISEA J133220.57-084450.4,q,1.7999999523162842,,
22433,123.858053,J093121.59+523648.2,R,,,VL0J093121.53+523648.0
11906,129.081749,WISEA J173138.31-021535.1,q,1.600000023841858,,
22434,142.249232,SDSS J095636.82+472453.0,N,0.5490000247955322,,
22435,166.027462,WISEA J125634.37-141138.5,q,1.899999976158142,,
11908,0.136171,IRAS 00160-0719,NR,0.017999999225139618,,FIRST J001835.9-070255
22437,153.556204,WISEA J160237.77+662705.0,qX,2.0,2SXPS J160237.8+662707,
22437,154.482364,J160221.66+662809.7,X,0.20000000298023224,2SXPS J160222.2+662807,
22438,41.114186,J163617.40+661344.7,X,0.30000001192092896,XMMX J163617.1+661347,
22438,101.439558,A2218-3,QX,0.18199999630451202,CXOG J163630.9+661505,
22438,102.533996,J163559.49+661350.4,X,1.399999976158142,XMMX J163559.6+661353,
22438,177.445982,J163554.92+661217.7,X,0.800000011920929,XMMX J163555.2+661220,
22439,172.833313,SDSS J171704.06+313624.7,Q,0.6819999814033508,,
22439,178.099821,SDSS J171644.14+313236.8,Q,1.7879999876022339,,
2272,0.332362,NGC 7591,NRX,0.017000000923871994,CXOG J231816.2+063508,FIRST J231816.2+063509
2272,149.563868,J231818.13+063735.8,X,,CXOG J231818.1+063736,
22442,132.231349,SDSS J004058.55+024907.6,Q,2.5889999866485596,,
22442,142.750097,SDSS J004101.12+025047.4,Q,0.7400000095367432,,
2274,89.118652,J043340.45-131703.6,X,,CXOG J043340.3-131704,
2274,156.456696,J043343.32-131328.6,X,,XMMX J043343.1-131329,
22443,0.202576,MCG 9-13-070,A,0.01899999938905239,,
22444,0.254729,PGC 139495,NRX,0.027000000700354576,XMMSL J110126.4+094727,VL0J110126.44+094720.2
11916,158.474307,SDSS J085446.94+201034.2,qX,,2XMM J085446.8+201034,
11916,158.788757,SDSS J085444.12+201546.0,QX,2.683000087738037,4XMM J085444.2+201545,
22445,0.262034,MCG 0-29-027,AR,0.028999999165534973,,VL0J112408.65-010927.7
2278,72.190498,WISEA J070230.53+503418.3,qX,0.4000000059604645,2SXPS J070230.4+503418,
22447,53.233205,J125947.74+275917.3,X,,XMMX J125947.8+275913,
22447,55.412375,J125944.38+275740.3,X,,XMMX J125944.3+275735,
22447,73.437231,J125949.03+275718.3,X,0.5,XMMX J125948.9+275720,
22447,76.239068,SDSS J125948.05+275939.9,qX,1.7000000476837158,CXOX J125948.0+275939,
22447,83.056335,J125944.60+275943.3,X,,4XMM J125944.5+275944,
22447,122.207539,J125939.08+275932.4,X,,2XMM J125938.9+275932,
2279,71.997704,J105443.59+173715.1,X,,CXOG J105443.5+173715,
2279,90.286245,J105444.61+173606.6,X,,2CXO J105444.6+173606,
2279,127.125791,J105456.88+173628.9,X,,CXOG J105456.8+173629,
2279,143.980515,SDSS J105455.64+173533.0,QX,2.010999917984009,CXOG J105455.6+173532,
11919,78.30352,WISEA J123546.13-130558.8,q,1.0,,
11922,139.340947,WISEA J164919.83-694825.6,q,1.5,,
2283,0.825353,MCG -06.30.015,ARX,0.00800000037997961,2RXP J133553.6-341744,VL0J133553.76-341743.0
2283,65.990408,J133558.80-341808.0,X,,4XMM J133558.7-341807,
2283,145.349669,J133542.28-341810.9,X,,2SXPS J133542.1-341810,
22453,113.759511,WISEA J220153.50-544740.0,qX,1.100000023841858,2SXPS J220153.5-544739,
22453,139.51388,J220147.32-544341.2,X,,2SXPS J220147.4-544340,
22455,87.270538,SDSS J225907.72+133710.1,Q,3.3929998874664307,,
2285,72.025984,WISEA J125659.11-414842.2,qR,0.8999999761581421,,SUMSS J125659.0-414842
11925,131.918617,WISEA J021912.13-124905.5,q,1.7999999523162842,,
2286,150.052967,SDSS J142206.55+503138.8,Q,2.052999973297119,,
22457,154.64647,SDSS J234605.14+055338.6,Q,1.4019999504089355,,
22458,78.108879,SDSS J001819.02+300339.4,qX,1.600000023841858,CXOG J001819.0+300339,
22458,93.274873,NGC 71,NX,0.02199999988079071,CXOG J001823.6+300347,
11931,0.025087,FAIRALL 265,AX,0.028999999165534973,2SXPS J065629.9-653338,
22464,0.399993,UGC 4205,N,0.023000000044703484,,
22466,174.661206,WISEA J115654.62-322416.0,q,1.7000000476837158,,
2296,32.624891,J104826.10+123140.6,X,2.4000000953674316,CXOG J104826.0+123144,
2296,101.879758,J104822.84+123309.0,X,,CXOG J104822.8+123309,
2296,151.598026,NGC 3384 UB1,QX,0.44200000166893005,1RXH J104829.9+123431,
22467,43.452405,WISEA J120727.91-270516.7,q,0.8999999761581421,,
22467,89.232698,WISEA J120728.35-270310.1,qR,0.30000001192092896,,VL0J120728.33-270308.8
11933,0.124233,CGCG 36-19,NR,0.028999999165534973,,FIRST J100057.3+030830
11933,164.125672,SDSS J100107.37+030933.1,Q,2.384999990463257,,
2297,0.264744,NGC 5957,N,0.006000000052154064,,
2297,156.828229,SDSS J153514.39+120419.6,Q,2.4140000343322754,,
2298,36.4778,J192818.87-293117.3,2,1.100000023841858,,
22469,131.338777,SDSS J130444.11+534739.2,QX,0.5849999785423279,2SXPS J130443.8+534738,
11935,103.271698,SDSS J111232.56+231817.4,Q,2.365000009536743,,
11936,175.959249,WISEA J114243.48-165005.4,q,1.2000000476837158,,
2300,108.664408,SDSS J075923.32+270027.8,Q,0.32100000977516174,,
2301,30.541469,SDSS J121406.20+543143.1,QX,1.1260000467300415,CXOG J121406.2+543143,
2301,39.944866,J121409.72+543215.8,X,,CXOG J121409.7+543215,
2301,44.785367,J121414.74+543137.4,X,,CXOG J121414.7+543137,
2301,69.922951,SDSS J121415.30+543046.3,qX,2.4000000953674316,CXOG J121415.3+543046,
2301,81.666856,SDSS J121400.49+543155.3,QX,1.0049999952316284,CXOG J121400.5+543155,
2301,170.398277,SDSS J121406.92+543424.6,qX,1.465000033378601,CXOG J121406.9+543424,
11938,133.086502,WISEA J132032.12-165437.9,q,1.0,,
22475,142.028304,WISEA J020656.09-604150.5,q,1.2000000476837158,,
2302,175.754346,J131606.81-281718.5,R2,,,VL0J131606.87-281718.0
11939,144.476172,J154745.35-073257.2,R,1.7000000476837158,,VL0J154745.35-073257.2
2303,129.602237,SDSS J140632.70+504444.6,Q,1.7480000257492065,,
22478,161.505427,LAMOSTJ041955.51-005801.2,A,0.14399999380111694,,
11941,85.132326,WISEA J211735.73+152848.2,q,1.7000000476837158,,
2305,57.481166,2SLAQ J225723.34-010301.4,Q,0.5139999985694885,,
2305,126.308343,SDSS J225713.68-010427.3,Q,1.8860000371932983,,
22480,123.42306,SDSS J085424.27+201532.3,qX,1.600000023841858,2XMMi J085424.2+201533,
22480,128.500618,J085424.91+201120.7,X,0.5,4XMM J085424.9+201120,
22480,165.626121,J085435.38+201425.8,X,,2XMM J085435.4+201425,
2307,0.03342,NGC 3660,ARX,0.010999999940395355,4XMM J112332.2-083930,NVSS J112332.3-083924
2307,96.848042,J112338.63-083908.5,RX,,4XMM J112338.7-083910,VL0J112338.65-083908.2
22483,0.266718,MCG 2-30-017,NRX,0.020999999716877937,2RXS J114216.6+140352,FIRST J114216.9+140400
22485,177.41811,SDSS J214345.40-002150.6,Q,2.617000102996826,,
11947,109.925133,LAMOSTJ140434.65+153010.0,Q,0.5899999737739563,,
11947,127.938678,SDSS J140433.82+153025.9,Q,0.8410000205039978,,
11948,0.253427,UGC 9222,N,0.012000000104308128,,
11948,174.527092,SDSS J142332.30+340054.6,A,0.12300000339746475,,
22488,98.764765,WISEA J014433.90-415012.1,q,0.8999999761581421,,
11949,158.781449,WISEA J154736.09+682409.8,q,0.20000000298023224,,
11951,145.064471,J002045.75+215104.0,X,2.0,4XMM J002045.7+215107,
2316,79.429407,J140326.39-060524.8,X,,CXOG J140326.3-060525,
2316,139.201454,NGC 5427,NR,0.008999999612569809,,FIRST J140326.0-060150
22493,106.740106,SDSS J085457.11+574139.4,Q,1.5080000162124634,,
2318,100.983339,SDSS J011306.66-001511.9,AX,0.4410000145435333,4XMM J011306.7-001511,
2318,168.000505,SDSS J011309.30-001336.7,Q,1.187999963760376,,
2319,89.62933,WISEA J085242.77-023517.3,q,1.5,,
11953,128.596771,WISEA J051113.52-010557.3,q,1.7000000476837158,,
22496,0.098729,UGC 8399,NR,0.024000000208616257,,FIRST J132145.4+311413
22496,82.216737,SDSS J132147.28+311532.8,Q,2.3589999675750732,,
22496,93.147824,SDSS J132152.31+311444.8,A,0.42100000381469727,,
2320,0.131416,IC 4374,BRX,0.02199999988079071,4XMM J140729.8-270103,VL0J140729.78-270103.8
2320,132.027223,J140724.32-270254.4,X,0.10000000149011612,XMMX J140723.9-270253,
2320,141.084798,J140723.88-265907.2,X,0.5,XMMX J140723.8-265903,
2320,143.597865,J140720.06-270206.0,X,,XMMX J140719.9-270203,
11955,0.291092,MCG 6-25-006,AR,0.027000000700354576,,NVSS J110758.8+365219
22498,149.88504,SDSS J135314.65+002420.5,Q,2.6530001163482666,,
2322,101.253402,SDSS J113653.45+582346.7,Q,1.031000018119812,,
11956,141.370573,WISEA J115915.20-064434.7,q,1.7999999523162842,,
2323,103.255068,WISEA J235325.59+075121.3,q,0.800000011920929,,
22500,174.65015,SDSS J170440.34+403032.9,Q,2.88700008392334,,
11957,79.298881,WISEA J130443.97-415017.6,q,0.8999999761581421,,
2324,132.111035,WISEA J021638.22-111916.5,q,1.7000000476837158,,
11958,146.141319,SDSS J161025.13+572837.2,Q,1.9079999923706055,,
2325,91.2962,WISEA J032608.89-173543.5,q,1.100000023841858,,
2326,126.82535,J000929.84-321820.9,X,,CXOG J000929.8-321820,
2326,129.120178,J000927.44-321518.4,X,,CXOG J000927.5-321519,
2326,130.480012,J000931.44-321437.0,X,,CXOG J000931.4-321436,
2326,137.803374,J000935.71-321854.4,X,,CXOG J000935.7-321854,
11961,71.706079,WISEA J202352.76-503757.8,q,1.2000000476837158,,
22508,171.061097,WISEA J073724.56+193812.3,qX,2.4000000953674316,2RXS J073723.4+193810,
2327,129.59477,WISEA J031821.87-273507.1,q,0.800000011920929,,
11963,74.927963,WISEA J023855.44+412656.6,q,1.399999976158142,,
2329,96.241604,SDSS J163424.64+213051.5,Q,1.4329999685287476,,
2329,154.816873,SDSS J163421.48+213002.7,Q,2.244999885559082,,
22511,163.473511,SDSS J104859.09+065647.0,qX,1.0,2SXPS J104859.1+065640,
22513,172.838657,SDSS J131222.36+534344.8,QR2,0.6380000114440918,,FIRST J131222.4+534344
11966,66.900124,SDSS J112046.23+321824.4,N,0.12800000607967377,,
22514,45.586851,SDSS J162645.42+404148.4,QX,1.3880000114440918,2RXP J162645.7+404155,
22514,77.703538,SDSS J162651.95+404104.7,Q,0.890999972820282,,
11967,170.364573,SDSS J113715.77+550826.2,Q,0.6439999938011169,,
22515,90.192319,SDSS J170924.79+342539.2,QX,1.6519999504089355,4XMM J170924.8+342539,
22515,101.331676,J170929.84+342359.7,X,,CXOG J170929.8+342400,
22515,103.279178,SDSS J170928.55+342403.6,QX,1.5440000295639038,CXOG J170928.5+342403,
22515,154.017416,SDSS J170931.47+342811.0,qX,0.5,CXOG J170931.4+342811,
11968,178.448805,2QZ J115414.2+000515,K,0.36899998784065247,,
22516,55.813726,J171409.88+575847.2,X,,4XMM J171409.8+575844,
22516,74.14926,SBS 1713+580,AX,0.09300000220537186,XMMSL J171412.1+575829,
22516,155.264476,SDSS J171413.39+575711.0,Q,1.253000020980835,,
22518,135.953285,WISEA J204417.27-304419.6,q,0.20000000298023224,,
2337,0.192115,IC 719,AR,0.006000000052154064,,NVSS J114018.4+090035
2337,172.955709,SDSS J114018.51+085742.5,Q,1.9579999446868896,,
2338,98.331871,2QZ J120453.3-022420,N,0.18199999630451202,,
2339,163.530237,SDSS J122124.36+043351.0,Q,3.11899995803833,,
22523,168.342695,SDSS J011133.25+351442.6,Q,1.3910000324249268,,
22524,150.276889,WISEA J023844.16+845043.1,q,2.700000047683716,,
2343,103.515874,J130743.54-192527.6,X,,4XMM J130743.5-192528,
22525,156.769041,IC 1867,NRX,0.026000000536441803,4XMM J025552.1+091845,VL0J025552.22+091842.3
22525,171.59473,J025553.64+091940.2,X,1.2999999523162842,4XMM J025553.6+091943,
2344,171.270177,WISEA J223718.28+103059.0,q,0.6000000238418579,,
11977,162.777057,SDSS J210605.22+074152.0,Q,1.9459999799728394,,
2345,128.371902,WISEA J234619.48-751834.6,q,0.30000001192092896,,
22527,164.526116,WISEA J051729.51+051908.4,q,1.5,,
2346,121.579052,SDSS J003752.98+083946.1,QR,2.684000015258789,,VL0J003752.97+083946.2
11980,139.034585,SDSS J083920.06+533520.8,Q,3.0789999961853027,,
2347,163.564561,SDSS J143011.88+361956.7,Q,1.5149999856948853,,
2350,0.17878,NGC 3862,ARX,0.02199999988079071,CXOG J114505.0+193622,FIRST J114505.0+193623
2350,175.639434,WISEA J114503.46+193328.3,q,1.7999999523162842,,
11983,109.747422,LAMOSTJ133307.61+343150.2,Q,2.2309999465942383,,
11983,156.378665,LAMOSTJ133322.13+343432.3,Q,1.2039999961853027,,
2351,102.07828,WISEA J232148.53+085254.9,q,1.0,,
11985,124.626142,SDSS J163805.69+415742.8,Q,2.815999984741211,,
11985,178.305702,SDSS J163759.23+415512.3,Q,1.7100000381469727,,
22536,0.20358,MCG -2-02-035,N,0.019999999552965164,,
22537,156.458468,SDSS J010725.81+242854.0,Q,0.9490000009536743,,
2358,135.162841,Q 1307-1618,Q,0.6880000233650208,,
2359,132.367533,SDSS J015854.42+245153.7,QX,2.121000051498413,CXOG J015854.4+245153,
22543,111.871355,SDSS J083634.24+103943.6,Q,2.5869998931884766,,
11990,109.840458,SDSS J233648.31+262900.8,QR,1.7239999771118164,,NVSS J233648.3+262902
2360,103.612624,SDSS J082400.30+210319.7,Q,1.6059999465942383,,
22544,102.617625,WISEA J124859.59-281225.7,q,0.30000001192092896,,
22545,76.724259,2SLAQ J135902.93+001314.6,N,0.032999999821186066,,
2362,81.214726,J100131.20+154640.2,X,,4XMM J100131.2+154639,
2362,109.568314,J100126.92+154800.5,X,0.30000001192092896,4XMM J100126.9+154801,
11993,175.050926,WISEA J031959.81-510344.7,q,2.0,,
22548,141.427482,CGCG 166-5,NR,0.032999999821186066,,VL0J153016.15+270551.1
22549,158.819068,WISEA J160500.64+492654.7,q,1.2999999523162842,,
2364,0.208164,NGC 2619,AR,0.012000000104308128,,NVSS J083733.2+284215
11996,178.341066,SDSS J113636.33+362731.8,Q,2.1500000953674316,,
2365,0.491319,NGC 4581,N,0.006000000052154064,,
2365,101.653845,2QZ J123809.2+012718,Q,1.5269999504089355,,
2365,159.85209,2QZ J123815.0+012940,Q,0.7730000019073486,,
22552,168.1903,SDSS J005450.72+305028.7,Q,2.177000045776367,,
22553,77.889417,WISEA J014950.36+433036.3,q,2.4000000953674316,,
2367,49.435725,J103737.32-273628.1,X,1.2000000476837158,2XMM J103737.2-273627,
2367,114.350632,J103729.20-273616.8,X,,4XMM J103728.9-273618,
2370,133.788996,WISEA J071849.56-625817.9,q,0.8999999761581421,,
2371,170.146854,WISEA J141751.27-072416.9,q,2.299999952316284,,
12001,71.349568,WISEA J015817.71-393324.7,qR,0.10000000149011612,,VL0J015817.69-393324.0
2372,95.960151,WISEA J144504.44-135519.2,q,0.800000011920929,,
12005,59.004125,SDSS J074026.48+204106.8,Q,1.6720000505447388,,
12005,128.129268,SDSS J074031.72+204357.9,Q,1.7630000114440918,,
22563,124.070796,J180938.04+582126.2,R,,,VL0J180937.95+582126.2
22563,172.244812,WISEA J180950.69+581951.4,q,1.100000023841858,,
12007,0.288682,MCG 7-22-039,AR,0.03099999949336052,,VL0J104000.59+390719.9
2379,45.74143,SDSS J015257.19+124202.6,Q,3.48799991607666,,
2379,111.073498,SDSS J015253.22+124329.0,QR,2.4760000705718994,,FIRST J015253.2+124328
22568,88.837297,SDSS J082904.51+553110.2,Q,1.3890000581741333,,
22568,101.281078,SDSS J082918.32+553259.0,Q,1.777999997138977,,
2380,134.665426,J023148.40-443000.6,X,,4XMM J023148.4-442959,
12009,94.59728,J131829.64+043010.1,R,0.10000000149011612,,VL0J131829.64+043010.2
22569,165.274946,SDSS J100517.61+053655.6,Q,2.183000087738037,,
22570,96.884294,J102645.57-031556.8,X,,2XMM J102645.6-031554,
2384,78.053454,WISEA J145632.04+494154.3,qX,0.20000000298023224,2SXPS J145632.1+494152,
2384,179.769972,SDSS J145632.10+493904.1,qX,2.5,2SXPS J145632.2+493903,
22572,123.704003,J164218.57+250651.2,X,,4XMM J164218.5+250649,
22572,165.075107,SDSS J164214.37+250654.5,qX,1.2999999523162842,4XMM J164214.4+250654,
22572,167.462454,J164213.88+250329.0,X,,4XMM J164213.8+250327,
12015,25.343296,J002123.77+223037.0,RX,1.399999976158142,2SXPS J002123.9+223036,NVSS J002123.6+223037
12015,40.775119,J002124.29+223005.4,X,,1WGA J0021.3+2230,
12015,66.15022,SDSS J002120.81+223048.0,Q,1.8639999628067017,,
22575,155.909475,SDSS J223517.88+194033.2,Q,1.2309999465942383,,
2388,115.970124,LAMOSTJ081129.15+033647.1,QR,0.4350000023841858,,VL0J081129.14+033647.2
12016,175.251177,SDSS J005406.59+244742.5,Q,1.996000051498413,,
22576,164.433744,SDSS J230237.58+323317.5,Q,0.9480000138282776,,
22576,167.857341,SDSS J230240.48+323154.2,qX,1.0,2SXPS J230240.2+323152,
2389,0.052302,ESO 386-34,N,0.024000000208616257,,
22580,76.871079,SDSS J005737.44-050117.3,Q,2.9830000400543213,,
22581,56.888224,SDSS J013502.30+335543.9,Q,2.315000057220459,,
22581,174.29685,WISEA J013502.92+335808.1,q,0.10000000149011612,,
12018,125.057475,WISEA J100132.55+705735.5,qX,0.8999999761581421,2RXP J100133.6+705744,
2396,3.497635,NGC 5211,A,0.012000000104308128,,
12021,0.245846,UGC 6100,ARX,0.028999999165534973,4XMM J110134.0+453915,VL0J110133.98+453913.8
22586,174.907374,SDSS J073551.79+180536.9,Q,2.486999988555908,,
22588,51.708791,SDSS J094706.56+423201.1,qX,2.0999999046325684,4XMM J094706.6+423201,
2403,161.754173,WISEA J175155.46+243053.7,q,0.8999999761581421,,
22590,80.171991,PGC 2206105,NR,0.06700000166893005,,FIRST J132436.2+424702
22592,122.779435,SDSS J153547.97+123631.8,Q,2.502000093460083,,
22592,160.254202,WISEA J153543.96+123850.0,q,1.0,,
22596,121.037281,SDSS J012337.32-003207.2,QX,1.9950000047683716,4XMM J012337.5-003204,
12030,139.61991,SDSS J123205.55+101601.7,N,0.3659999966621399,,
12030,163.43739,J123220.59+101719.2,X,,CXOX J123220.6+101718,
12032,84.331351,J135358.32+401517.8,X,,2XMM J135358.3+401519,
12032,127.139651,SDSS J135410.00+401742.8,QX,1.0099999904632568,4XMM J135409.9+401742,
12032,140.126505,SDSS J135402.19+401419.9,QX,1.5069999694824219,4XMM J135402.1+401419,
22599,166.446232,WISEA J024728.65-775700.2,q,0.8999999761581421,,
2411,148.767088,WISEA J045925.20-001628.4,q,0.4000000059604645,,
2411,179.60171,SDSS J045937.54-001831.6,qX,1.7999999523162842,4XMM J045937.4-001831,
22600,133.181411,J030320.49+162806.2,X,1.5,XMMX J030320.5+162801,
22600,138.367486,J030307.32+162455.8,X,,XMMX J030307.2+162451,
22601,40.739901,WISEA J031713.07+033535.0,q,1.899999976158142,,
22601,97.781186,WISEA J031721.17+033434.2,q,1.7000000476837158,,
2413,80.755509,J135453.67+051922.2,X,2.0,2XMM J135453.6+051922,
2413,172.430155,J135454.76+051717.5,X,,4XMM J135454.8+051715,
2414,167.810235,WISEA J061008.48-623224.5,q,0.30000001192092896,,
12037,54.939938,SDSS J225012.95+312333.6,Q,1.753000020980835,,
22606,43.625754,SDSS J091622.87+413257.3,Q,2.252000093460083,,
22606,96.571315,SDSS J091624.09+413417.6,Q,0.9789999723434448,,
12038,76.164458,WISEA J021931.36-225044.5,q,0.20000000298023224,,
22609,133.007086,SDSS J132305.96+135847.4,Q,2.6110000610351562,,
22609,153.565649,SDSS J132310.54+135621.8,qR,1.5,,FIRST J132310.5+135621
22609,176.98529,SDSS J132304.92+135418.2,Q,4.561999797821045,,
2419,100.324028,J225723.87-410255.3,X,,CXOG J225723.8-410255,
12040,35.887555,WISEA J064914.52-644021.3,q,1.399999976158142,,
22610,25.516742,SDSS J134528.74+034719.6,QR,0.828000009059906,,VL0J134528.75+034719.9
12041,0.189159,NGC 3902,NR,0.012000000104308128,,NVSS J114918.2+260720
22611,0.745949,UGC 9826,ARX,0.028999999165534973,2SXPS J152133.0+391204,FIRST J152132.9+391202
22611,79.517514,WISEA J152132.46+391043.4,q,1.899999976158142,,
22611,105.534057,WISEA J152141.52+391237.9,qX,2.299999952316284,2SXPS J152141.4+391241,
12042,137.40555,SDSS J120239.20+410101.0,Q,1.0110000371932983,,
12042,139.620713,SDSS J120241.89+410521.0,Q,2.138000011444092,,
12042,160.329479,SDSS J120239.69+410551.5,Q,1.3960000276565552,,
2422,76.994328,J071736.07+232201.0,X,,2SXPS J071735.8+232206,
22614,166.783216,SDSS J222258.22+294549.1,Q,2.319999933242798,,
12044,39.922537,J123608.93+191959.7,X,,4XMM J123608.9+191956,
12044,75.564063,SDSS J123602.97+191940.3,QX,1.2239999771118164,CXOG J123602.9+191940,
12044,119.129177,SDSS J123616.30+191852.4,QX,2.3389999866485596,CXOG J123616.2+191852,
12044,134.831267,J123605.32+191712.5,X,0.5,CXOG J123605.3+191712,
2425,143.806679,J070846.18+613515.5,X,,XMMSL J070846.2+613509,
2425,179.455256,WISEA J070845.21+613402.4,q,2.200000047683716,,
12045,142.731824,LAMOSTJ125156.69+161437.0,Q,1.850000023841858,,
22617,18.2964,WISEA J234518.50-035001.2,q,0.30000001192092896,,
22618,101.313523,SDSS J010258.27-010512.1,Q,1.7489999532699585,,
22618,142.567399,SDSS J010255.58-010828.7,Q,1.0509999990463257,,
12048,66.820601,SDSS J144712.80+133939.3,N,0.03200000151991844,,
12048,82.079549,J144713.77+133848.5,R,,,VL0J144713.79+133848.4
2431,107.332803,SDSS J082312.55+223806.6,QX,2.1470000743865967,2SXPS J082312.6+223806,
2431,151.068473,SDSS J082316.57+224204.6,QRX,3.2049999237060547,4XMM J082316.5+224204,VL0J082316.56+224204.5
22622,153.93642,WISEA J035623.34-150539.6,q,1.2999999523162842,,
12051,42.642927,SDSS J222751.22+290627.1,Q,2.428999900817871,,
12051,159.588346,SDSS J222802.61+290603.9,Q,2.1029999256134033,,
22623,101.608679,UGC 6135,NRX,0.02199999988079071,2SXPS J110436.8+450729,FIRST J110436.8+450730
22623,109.40503,SDSS J110426.14+450554.4,QRX,2.4100000858306885,2SXPS J110425.9+450553,FIRST J110426.1+450554
2433,94.670235,SDSS J012754.16-015317.9,A,0.41600000858306885,,
22624,0.06439,CGCG 242-28,NRX,0.02500000037252903,2XMMi J112301.3+470309,VL0J112301.33+470308.7
22624,114.200144,J112307.43+470133.1,X,,2XMMi J112307.3+470130,
22625,112.996761,Q J11429+1940,QX,1.1629999876022339,4XMM J114256.2+194014,
2437,0.356145,NGC 6521,ARX,0.027000000700354576,2RXS J175548.5+623642,VL0J175548.47+623644.0
22626,154.533573,2QZ J115736.0-011250,K,0.3779999911785126,,
22626,179.204009,2QZ J115740.2-011304,Q,1.7519999742507935,,
12057,147.83417,J120511.11+381146.2,R,0.5,,VL0J120511.18+381144.5
12057,151.534094,PGC 2121792,N,0.024000000208616257,,
12058,127.697462,J140444.74-154654.3,R,1.2000000476837158,,NVSS J140444.7-154651
22631,158.440824,SDSS J211612.42+033125.2,Q,1.2740000486373901,,
22631,178.106759,SDSS J211630.09+033009.1,Q,0.7329999804496765,,
22632,151.051644,SDSS J215540.60-025003.9,Q,2.703000068664551,,
12059,108.447081,SDSS J162828.59+384800.6,Q,2.190999984741211,,
12062,76.987101,LAMOSTJ011619.78+390259.1,Q,2.2079999446868896,,
2446,166.29162,WISEA J105418.64+733912.2,q,1.100000023841858,,
22636,170.008504,SDSS J003856.37+055926.8,Q,0.5099999904632568,,
12065,85.56279,J053758.37-022513.3,X,1.2000000476837158,2XMM J053758.3-022513,
12065,149.601418,WISEA J053808.18-022224.0,q,1.7000000476837158,,
12066,143.64421,WISEA J103151.06-350137.2,qX,1.2999999523162842,4XMM J103151.0-350137,
2453,169.373494,WISEA J131908.61-273532.1,q,1.600000023841858,,
12067,0.179794,IC 816,N,0.024000000208616257,,
22643,49.56813,J091153.91+161729.7,R,0.30000001192092896,,VL0J091153.92+161729.7
22645,0.398307,ESO 568-21,AX,0.012000000104308128,2SXPS J104115.0-210123,
22645,130.088578,WISEA J104114.90-205912.8,qX,2.200000047683716,2SXPS J104114.8-205912,
2458,150.758389,SDSS J100654.48+142450.8,Q,0.9440000057220459,,
12071,163.784687,SDSS J232010.11+325322.9,Q,2.372999906539917,,
12073,0.190291,IC 1854,ARX,0.03099999949336052,1RXH J024920.6+191815,VL0J024920.68+191814.8
12073,114.361838,SDSS J024921.14+191620.1,qX,1.399999976158142,2RXP J024921.4+191615,
22652,163.733513,WISEA J221522.73+375834.3,q,1.2999999523162842,,
2464,168.862668,J122326.77+112338.9,X,1.600000023841858,4XMM J122326.7+112338,
2464,169.685529,SDSS J122306.79+112316.3,qX,1.899999976158142,4XMM J122306.8+112316,
22654,90.575615,SDSS J004951.23+284027.2,Q,0.7680000066757202,,
22654,138.855485,SDSS J004943.89+284043.0,N,0.46299999952316284,,
12076,172.702189,SDSS J080125.50+441429.7,Q,2.0910000801086426,,
22655,55.717418,SDSS J015509.07+240208.2,Q,1.6720000505447388,,
12077,0.152231,MCG 5-27-035,ARX,0.028999999165534973,2XMMi J111613.6+292308,VL0J111613.55+292306.8
12077,60.97688,SDSS J111615.99+292214.8,qX,1.899999976158142,4XMM J111616.0+292214,
12077,132.036904,SDSS J111621.90+292152.4,QX,1.2610000371932983,4XMM J111621.9+292153,
22659,100.905502,SDSS J091837.24+350128.9,Q,1.4539999961853027,,
12081,171.176473,WISEA J114448.95-393407.7,q,0.5,,
22661,154.694162,SDSS J101850.08+383044.8,Q,1.9110000133514404,,
2471,106.339941,WISEA J135812.04+061354.0,q,1.100000023841858,,
22662,119.694348,SDSS J110802.73+464903.8,Q,1.715999960899353,,
22662,134.72397,SDSS J110800.76+464847.3,Q,0.4180000126361847,,
22662,135.09502,SDSS J110756.23+465308.3,Q,1.2259999513626099,,
22662,149.392702,SDSS J110813.23+465221.3,Q,1.8650000095367432,,
12083,104.430386,SDSS J120231.61+211039.7,Q,2.193000078201294,,
2474,75.082386,J014800.40-265301.7,X,,CXOG J014800.4-265301,
22663,99.701165,PGC 2381982,A,0.13099999725818634,,
22663,122.49179,WISEA J121322.41+504535.5,q,0.10000000149011612,,
12084,0.085805,CGCG 215-46,ARX,0.023000000044703484,4XMM J121044.2+382010,VL0J121044.26+382010.1
12084,55.815557,J121048.95+382019.5,X,2.0,2SXPS J121049.0+382019,
12084,134.167819,SDSS J121040.03+382214.8,QX,1.6019999980926514,4XMM J121040.0+382215,
2475,1.193694,NGC 4968,NRX,0.008999999612569809,2XMM J130705.9-234036,VL0J130705.91-234036.0
2476,157.510903,J003852.69-085808.0,X,,2SXPS J003852.8-085808,
2478,52.441748,J102230.84+195302.6,X,,4XMM J102230.7+195259,
2478,151.98129,J102225.69+195145.4,X,,2XMMi J102225.6+195148,
22668,92.82941,SDSS J150826.84+190955.4,Q,1.625,,
22668,140.32923,J150834.49+190851.0,R,0.30000001192092896,,VL0J150834.49+190851.1
2479,151.282607,WISEA J172918.40+754429.3,q,2.799999952316284,,
22669,0.13362,CGCG 108-38,N,0.01600000075995922,,
12089,61.087086,WISEA J203058.98-003922.5,q,0.8999999761581421,,
12089,166.585219,WISEA J203102.71-003654.1,q,1.2999999523162842,,
22672,138.522683,LAMOSTJ173442.24+504638.6,Q,1.0950000286102295,,
22672,152.633418,WISEA J173439.14+504611.1,q,0.699999988079071,,
22675,168.439848,WISEA J220120.62-220237.6,q,2.5999999046325684,,
22676,172.60051,SDSS J232247.89+230952.4,Q,2.052000045776367,,
2486,112.252338,SDSS J081406.84+523742.0,Q,2.8410000801086426,,
2486,154.664158,SDSS J081401.58+523623.1,Q,1.4240000247955322,,
2486,167.006814,SDSS J081339.08+523916.1,Q,2.006999969482422,,
22677,109.544907,SDSS J235304.66+282505.8,Q,1.8849999904632568,,
22677,168.513783,SDSS J235303.84+282402.4,Q,0.7770000100135803,,
2487,133.984127,WISEA J155656.53+481203.7,qX,0.30000001192092896,2SXPS J155656.6+481203,
2487,158.413617,SDSS J155718.55+481036.3,AX,0.2849999964237213,2SXPS J155718.5+481037,
22678,141.946005,SDSS J002039.21+200242.2,Q,2.2869999408721924,,
2489,0.176814,IC 1867,NRX,0.026000000536441803,4XMM J025552.1+091845,VL0J025552.22+091842.3
2489,61.59469,J025553.64+091940.2,X,1.2999999523162842,4XMM J025553.6+091943,
12096,171.239293,SDSS J084835.38+182109.8,Q,2.0260000228881836,,
12097,78.931875,SDSS J123508.00+294321.7,Q,1.3559999465942383,,
12098,117.095643,SDSS J150708.64+563017.1,Q,2.930999994277954,,
12098,168.225433,SDSS J150712.48+562912.1,Q,1.4570000171661377,,
2494,164.43793,J051627.62+062816.0,X,,2RXP J051627.3+062816,
2494,174.479137,WISEA J051628.26+062459.0,qX,2.4000000953674316,CXOG J051628.2+062459,
12099,19.828141,J153038.23+424253.9,R,,,NVSS J153038.0+424254
12099,60.757252,SDSS J153037.35+424201.5,Q,0.6100000143051147,,
12099,154.333058,SDSS J153050.40+424326.0,Q,3.609999895095825,,
2495,100.03754,WISEA J073025.01+734209.6,qR,1.100000023841858,,NVSS J073027.4+734215
22689,52.798089,SDSS J152259.57+084611.9,QX,2.7119998931884766,4XMM J152259.4+084611,
22689,59.117305,J152259.55+084618.2,X,1.2999999523162842,CXOX J152259.6+084617,
12104,166.846457,2QZ J013100.7-272252,Q,1.781000018119812,,
2500,64.114449,J082237.17+041521.8,X,,4XMM J082237.1+041521,
22695,178.176988,SDSS J232908.66+350551.3,Q,2.559000015258789,,
12109,0.373783,UGC 6614,ARX,0.020999999716877937,4XMM J113914.8+170837,FIRST J113914.8+170837
2507,179.043149,SDSS J092419.13+491200.3,Q,0.9070000052452087,,
12112,124.721215,WISEA J131626.09-164137.8,qX,1.2000000476837158,2CXO J131626.0-164137,
12113,3.336265,MCG 1-37-026,NR,0.028999999165534973,,NVSS J143309.7+035646
22704,0.428732,CGCG 179-5,ARX,0.020999999716877937,4XMM J082510.2+375919,VL0J082510.24+375919.6
22704,54.699103,SDSS J082512.11+375830.1,Q,2.2929999828338623,,
2511,114.32609,WISEA J212544.92-422542.9,q,1.399999976158142,,
12114,40.371086,J160756.63+104717.9,R,0.5,,VL0J160756.64+104718.0
22706,179.791663,WISEA J124101.06-102103.0,q,1.5,,
22708,168.512362,SDSS J140834.58+085928.7,qR,0.4000000059604645,,VL0J140834.57+085928.8
22710,144.637086,SDSS J162806.65+391538.2,Q,1.86899995803833,,
2521,132.500604,WISEA J142451.26-031322.1,q,2.5,,
22716,177.63136,WISEA J040412.89+202411.5,q,0.6000000238418579,,
12122,93.272981,SDSS J024328.80-080803.1,Q,1.5110000371932983,,
22718,0.203188,MCG 10-12-090,NR,0.02800000086426735,,VL0J081153.51+575706.6
22720,163.062073,SDSS J113707.36+153636.5,Q,2.7750000953674316,,
2527,122.013952,WISEA J132127.02-162021.3,q,1.899999976158142,,
2527,129.898811,WISEA J132126.29-162030.3,q,2.200000047683716,,
22723,105.518221,WISEA J124519.57+101301.2,q,0.30000001192092896,,
2528,0.181391,NGC 5695,NRX,0.014000000432133675,4XMM J143722.0+363404,VL0J143722.16+363404.1
2528,173.596775,J143731.78+363613.3,X,0.10000000149011612,2XMMi J143731.7+363613,
12126,88.429453,SDSS J084915.79+364202.6,Q,1.1299999952316284,,
12126,153.482328,SDSS J084934.93+364200.1,QX,2.061000108718872,2SXPS J084935.0+364157,
22724,18.646892,J150139.92-072223.1,X,,2RXS J150139.3-072221,
2529,133.037694,WISEA J052127.82+721755.6,q,1.399999976158142,,
22725,105.32935,SDSS J162057.27+555630.0,Q,2.4560000896453857,,
12127,124.550129,SDSS J100438.11+380201.4,Q,2.8499999046325684,,
2530,115.027073,SDSS J080134.77+094048.9,Q,1.062000036239624,,
22726,130.363594,WISEA J173225.93+684404.3,qR2,1.2000000476837158,,VL0J173225.90+684404.0
22726,149.524352,WISEA J173213.83+684302.2,q,1.600000023841858,,
22726,172.057582,WISEA J173209.29+684256.5,q,0.20000000298023224,,
2532,0.843692,IC 5169,NRX,0.009999999776482582,4XMM J221009.8-360517,VL0J221009.99-360518.5
2532,154.490409,J221011.04-360752.9,X,,CXOG J221011.0-360753,
2533,125.486868,SDSS J001128.82+062440.9,Q,1.1349999904632568,,
2533,140.082207,SDSS J001129.45+062150.5,Q,0.48899999260902405,,
2533,144.219992,SDSS J001112.63+062318.6,Q,1.375,,
12131,164.268199,SDSS J212206.93+070606.3,N,0.16500000655651093,,
2537,0.062929,ESO 140-43,ARX,0.014000000432133675,4XMM J184454.0-622153,SUMSS J184454.3-622151
2537,118.272895,J184437.22-622133.7,X,,4XMM J184437.2-622134,
2537,178.367748,J184502.61-622440.9,X,,XMMX J184502.3-622439,
12133,109.061843,SDSS J234324.19+272227.5,Q,1.0779999494552612,,
22732,163.567346,WISEA J003336.53-561540.7,q,1.7000000476837158,,
2541,161.870309,J031228.27+391636.2,R,0.20000000298023224,,VL0J031228.31+391636.5
2541,169.579772,J031227.26+391632.7,X,,2RXS J031227.2+391633,
2541,175.430317,4C 39.11,A2X,0.16099999845027924,2SXPS J031226.6+391630,
22737,100.564692,J092006.09+263322.6,R,,,VL0J092006.09+263322.9
2542,24.644855,AM 0426-625S,N,0.017999999225139618,,
2543,54.673568,J132455.84+362229.5,X,0.10000000149011612,CXOG J132455.8+362229,
2543,107.988794,SDSS J132446.05+362408.8,QX,1.6169999837875366,CXOG J132446.0+362408,
2543,120.068933,SDSS J132453.95+362046.5,QX,1.378000020980835,CXOG J132453.9+362046,
2543,160.444475,J132451.29+362523.1,X,1.100000023841858,CXOX J132451.3+362523,
2543,163.97824,WISEA J132439.83+362407.2,qX,0.10000000149011612,CXOG J132439.8+362407,
22739,0.190753,CGCG 94-118,N,0.029999999329447746,,
22739,117.263843,SDSS J104347.49+183736.7,Q,2.302999973297119,,
12140,162.533584,SDSS J074933.87+295853.7,Q,1.309000015258789,,
12140,175.758987,SDSS J074949.19+295858.2,Q,0.9800000190734863,,
12141,121.280784,SDSS J120257.89+180148.9,Q,0.6759999990463257,,
2544,90.362278,SDSS J142131.05+351210.2,Q,2.3980000019073486,,
2544,99.170954,SDSS J142144.98+351315.4,Q,4.560999870300293,,
22743,153.0721,WISEA J115022.13-285032.6,qX,1.2000000476837158,4XMM J115022.2-285032,
12143,86.019606,SDSS J143436.91+475505.1,Q,1.24399995803833,,
12143,131.2962,SDSS J143440.90+475827.0,Q,3.6659998893737793,,
12143,150.230888,SDSS J143426.88+475602.3,Q,0.8230000138282776,,
2546,121.25275,SDSS J081016.20+335522.9,Q,2.4130001068115234,,
22744,85.275008,SDSS J131336.28+124224.5,Q,2.7019999027252197,,
22750,179.818835,WISEA J165749.94-164838.8,q,0.5,,
12148,174.947113,SDSS J235640.57+052928.6,Q,1.0299999713897705,,
2554,139.347177,WISEA J004334.60+303730.1,q,0.30000001192092896,,
2554,157.592418,SDSS J004340.54+303742.1,Q,2.134000062942505,,
12150,96.891179,WISEA J034949.02-270010.8,q,1.100000023841858,,
22754,87.423792,SDSS J012321.82-005510.3,Q,1.50600004196167,,
22754,179.836781,SDSS J012327.39-005251.3,Q,1.0420000553131104,,
22755,73.560011,J024222.20+422258.0,R,,,VL0J024222.11+422256.0
22756,119.918896,WISEA J025805.76+054611.0,q,1.0,,
22756,143.779865,SDSS J025751.87+054844.9,qX,2.9000000953674316,2XMMi J025751.6+054844,
2559,134.479426,SDSS J111651.12+175903.7,qX,1.2000000476837158,CXOG J111651.1+175902,
2559,135.129819,SDSS J111645.49+175847.5,QX,1.2170000076293945,4XMM J111645.5+175847,
2559,169.756731,NGC 3607,NRX,0.003000000026077032,CXOG J111654.6+180305,FIRST J111654.6+180306
22757,103.675834,SDSS J025806.77-021511.2,Q,0.8240000009536743,,
2561,48.772194,J121240.13-140138.3,X,1.2999999523162842,2RXS J121240.2-140141,
2561,52.120586,J121240.66-140143.8,R,0.10000000149011612,,VL0J121240.66-140143.5
22759,0.168733,PGC 133092,NRX,0.03200000151991844,2RXP J034326.1-314433,NVSS J034326.5-314442
12155,108.719118,WISEA J133609.90-331321.7,q,1.600000023841858,,
12156,175.167955,SDSS J140015.65-075702.6,qR,2.0,,FIRST J140015.6-075703
2562,95.375057,WISEA J122536.54+071329.8,qX,1.2000000476837158,2RXP J122536.8+071325,
12157,132.544991,SDSS J141315.64+270241.1,Q,2.299999952316284,,
12158,174.448947,WISEA J153726.86-084438.2,q,1.2000000476837158,,
2566,154.207149,SDSS J233046.35-030236.9,Q,2.134000062942505,,
22765,83.443063,WISEA J083245.31-044528.0,q,2.5,,
22765,141.97764,WISEA J083256.11-044805.0,qX,1.100000023841858,2SXPS J083255.8-044806,
22769,135.642451,J125929.25+275314.0,X,0.20000000298023224,4XMM J125929.2+275314,
22769,165.768436,J125945.66+275216.7,X,,CXOG J125945.6+275216,
2570,95.689494,J012351.62-350746.9,X,,CXOG J012351.5-350747,
2570,103.551489,J012403.52-350534.7,X,,4XMM J012403.4-350534,
22770,125.788583,WISEA J131433.83-184734.6,q,1.399999976158142,,
12164,0.151906,UGC 12237,NRX,0.028999999165534973,4XMM J225419.6+114657,FIRST J225419.6+114656
12164,140.948764,J225412.04+114531.2,X,,4XMM J225412.0+114530,
12164,154.429107,J225409.17+114707.5,X,,4XMM J225409.1+114707,
12164,162.685319,J225422.20+114935.3,X,,4XMM J225422.1+114935,
22771,44.499378,SDSS J162731.66+385141.7,QX,2.4760000705718994,4XMM J162731.7+385140,
22771,112.180762,SDSS J162737.94+385236.5,Q,1.5470000505447388,,
22771,157.891822,J162734.49+385431.1,X,,4XMM J162734.5+385432,
22773,169.808348,WISEA J223139.31-332255.4,q,1.399999976158142,,
2575,131.806493,WISEA J013224.21-850831.2,q,0.5,,
2576,160.057155,WISEA J121315.47+282826.0,q,2.0999999046325684,,
2577,175.304768,SDSS J122407.33+484919.6,Q,1.753999948501587,,
12169,87.397465,SDSS J023838.87+021322.2,Q,1.4989999532699585,,
12169,154.508416,SDSS J023840.95+021618.4,Q,1.2339999675750732,,
22780,157.886596,SDSS J082632.56+175157.4,Q,3.0510001182556152,,
2580,82.804234,ESO 286-17,NR,0.03200000151991844,,SUMSS J205749.3-432105
2582,147.233419,SDSS J161639.89+525842.4,Q,1.3009999990463257,,
2582,177.759069,SDSS J161704.74+525806.4,Q,1.305999994277954,,
22783,173.766881,SDSS J105423.98+403231.7,Q,1.4800000190734863,,
2583,145.090915,SDSS J001649.82+070235.7,Q,0.6679999828338623,,
22785,101.815081,WISEA J122248.96+511314.7,q,0.4000000059604645,,
22786,137.944872,SDSS J125151.56+275614.7,Q,2.4839999675750732,,
2584,117.703938,SDSS J023718.31+210704.6,qX,2.200000047683716,4XMM J023718.3+210704,
2585,44.64537,SDSS J122223.58+291203.8,qX,1.2000000476837158,CXOX J122223.5+291204,
22788,7.541362,MCG 8-27-055,N,0.026000000536441803,,
22788,163.047667,SDSS J150123.07+490439.3,Q,2.0380001068115234,,
12180,139.202932,2QZ J234201.2-280107,Q,1.1759999990463257,,
12181,128.351432,WISEA J001431.53-374031.2,q,0.20000000298023224,,
12182,177.526987,WISEA J015034.11-120356.9,q,2.0,,
22794,48.891038,J022315.23+430055.5,X,,CXOG J022315.0+430053,
22794,116.720019,3C 66.0B,AX,0.020999999716877937,2SXPS J022311.5+425931,
22794,121.022189,J022323.65+425857.2,2,0.8999999761581421,,
22794,173.010812,J022313.99+425808.6,X,,2SXPS J022313.9+425808,
2595,1.808293,NGC 1050,NRX,0.013000000268220901,4XMM J024235.5+344548,NVSS J024235.5+344548
22797,0.339658,CGCG 35-17,A,0.02199999988079071,,
2596,112.300844,WISEA J004609.95-014453.4,q,0.10000000149011612,,
2596,164.747153,SDSS J004607.81-014605.0,Q,2.1540000438690186,,
12186,133.696149,SDSS J073750.27+283630.2,Q,1.215000033378601,,
12187,130.381637,J192818.87-293117.3,2,1.100000023841858,,
22799,128.415864,SDSS J102422.75+241358.4,Q,3.2290000915527344,,
12189,59.536425,SDSS J002047.88+213147.0,Q,1.6690000295639038,,
22802,87.796468,SDSS J112909.26+513223.5,Q,2.2109999656677246,,
22802,148.69794,SDSS J112913.95+512856.2,Q,1.7230000495910645,,
22802,175.115145,SDSS J112914.11+512829.4,qX,0.4000000059604645,2RXS J112915.3+512827,
22804,175.473439,WISEA J140214.23+094400.5,q,1.0,,
22805,105.837408,SDSS J141840.92+370021.3,Q,1.6349999904632568,,
12194,139.833604,SDSS J093812.48+040350.7,Q,2.7119998931884766,,
2606,36.776515,SDSS J003829.42+293117.1,Q,1.2350000143051147,,
2606,95.668198,WISEA J003830.41+292905.6,q,0.6000000238418579,,
2606,103.806192,J003831.37+293220.9,R,,,VL0J003831.39+293220.9
2606,152.897619,PGC 1869310,A,0.0729999989271164,,
12196,0.210233,CGCG 17-83,NR,0.032999999821186066,,VL0J135228.14+015642.5
2608,98.078217,J115153.04+483937.0,X,,CXOG J115153.0+483936,
12199,101.276051,J020107.68-314435.5,X,,2RXP J020107.7-314433,
2610,0.326545,NGC 3512,NR,0.004999999888241291,,NVSS J110402.6+280217
2610,80.789537,SDSS J110358.45+280118.1,QR,1.9529999494552612,,FIRST J110358.2+280117
22816,151.004912,WISEA J054550.40+690555.7,q,1.100000023841858,,
12202,89.073142,WISEA J080038.67+222235.6,q,1.399999976158142,,
2614,139.502963,SDSS J153542.82+394438.7,QX,1.0950000286102295,2SXPS J153542.7+394443,
2614,147.123803,J153600.05+394412.9,X,0.5,2SXPS J153600.3+394412,
2614,164.265812,WISEA J153549.36+394326.7,q,2.700000047683716,,
22817,93.040099,J055153.37-363926.5,X,,4XMM J055153.3-363926,
2615,35.345665,J005735.21+301705.2,X,,2XMM J005735.1+301706,
2615,158.223591,J005727.12+301911.3,X,,4XMM J005727.1+301912,
12204,95.408299,J092540.81+021407.7,X,,CXOX J092540.8+021404,
2616,133.290585,SDSS J012406.41+335612.6,Q,1.6260000467300415,,
2616,169.992525,SDSS J012357.62+335716.0,Q,1.8990000486373901,,
22820,57.826996,WISEA J122001.56-061253.0,q,1.100000023841858,,
12205,124.297147,WISEA J100424.61-282435.7,qX,0.5,2SXPS J100424.6-282438,
12206,0.239031,UGC 8359,NR,0.023000000044703484,,NVSS J131745.4+273411
2617,0.302395,NGC 3106,AR,0.020999999716877937,,VL0J100405.22+311107.7
2617,125.06398,SDSS J100414.45+311148.6,Q,1.0770000219345093,,
22822,62.884018,SDSS J135610.36+300550.9,NR,0.03099999949336052,,VL0J135610.36+300551.1
22823,147.235319,WISEA J141301.27+095737.3,q,0.30000001192092896,,
22827,167.127974,SDSS J231249.07+334341.5,Q,2.2090001106262207,,
12211,139.767387,SDSS J215223.79+032318.0,Q,1.3279999494552612,,
12212,121.889424,WISEA J222649.76-150314.3,q,0.6000000238418579,,
22828,140.925544,SDSS J231322.66+211308.0,Q,1.6519999504089355,,
22828,154.370062,SDSS J231335.40+210929.8,Q,1.8639999628067017,,
2626,152.246398,SDSS J114958.08+211729.9,Q,1.5679999589920044,,
12213,59.051933,SDSS J000644.20+260938.5,Q,1.809999942779541,,
12213,98.260774,SDSS J000640.75+261054.1,Q,2.7009999752044678,,
12213,157.218963,SDSS J000638.76+260640.1,Q,1.593999981880188,,
22830,146.377182,SDSS J013456.67+340009.7,Q,1.2209999561309814,,
22830,178.428,SDSS J013443.14+335924.8,Q,0.7369999885559082,,
2628,82.157163,J012334.08+331701.4,X,,4XMM J012334.0+331704,
2628,112.778285,J012332.63+331743.3,X,1.2999999523162842,XMMX J012332.5+331744,
2628,146.245128,J012346.39+331443.6,X,0.10000000149011612,XMMX J012346.0+331443,
22832,174.539278,WISEA J044114.66-214933.2,q,0.30000001192092896,,
12215,87.860662,WISEA J022915.11-425858.7,q,0.800000011920929,,
12215,171.17926,WISEA J022934.76-430103.1,q,0.20000000298023224,,
22835,23.804738,SDSS J090139.77+490534.6,Q,0.7540000081062317,,
2631,151.429851,SDSS J110012.52+145105.3,Q,4.289000034332275,,
2633,50.39933,J022913.09-104937.1,X,1.2999999523162842,1WGA J0229.2-1049,
12221,59.031179,NPM 1G+04.0506,NRX,0.03099999949336052,2SXPS J165042.8+043617,VL0J165042.75+043618.7
22842,0.604758,CGCG 18-24,N,0.02500000037252903,,
22843,109.517768,SDSS J141047.30+012737.1,Q,1.8949999809265137,,
22843,130.114063,SDSS J141042.92+013059.0,N,0.17599999904632568,,
2639,101.028196,WISEA J195246.76-605745.8,q,0.4000000059604645,,
12224,39.897555,SDSS J235242.07+270824.7,Q,1.6610000133514404,,
12224,101.36417,SDSS J235238.87+270644.0,Q,1.6200000047683716,,
22844,107.63949,SDSS J155224.93+591421.2,Q,2.3940000534057617,,
2640,149.2885,SDSS J005555.77+240828.0,Q,1.121999979019165,,
12226,130.534364,J013237.16-384151.4,R,,,VL0J013237.15-384150.8
12226,148.964911,WISEA J013234.78-383844.8,qR,0.5,,VL0J013234.78-383844.8
2642,0.747689,NGC 5104,NR,0.017999999225139618,,FIRST J132123.1+002033
2642,148.297842,2QZ J132113.3+002010,K,0.2540000081062317,,
2644,55.50365,J043621.58-024919.5,X,,CXOG J043621.5-024919,
22851,140.891142,WISEA J235658.60-032041.4,q,2.700000047683716,,
22851,178.403804,SDSS J235638.56-032216.9,Q,1.3769999742507935,,
22852,135.652446,J001853.21+300549.0,X,1.2999999523162842,CXOG J001853.1+300549,
22852,149.227857,SDSS J001854.75+300554.6,NX,0.5080000162124634,CXOG J001854.7+300555,
2646,106.79663,SDSS J003740.57-065506.3,Q,1.694000005722046,,
12233,126.692264,SDSS J133626.63+443415.0,Q,1.1100000143051147,,
2649,113.466114,J081903.53+212516.3,X,,CXOG J081903.5+212516,
2649,157.079523,J081919.68+212433.4,X,,CXOG J081919.7+212433,
2651,130.689337,J165814.49+585610.0,X,,XMMX J165814.3+585608,
2651,132.230841,J165848.46+585612.0,X,0.8999999761581421,CXOG J165848.4+585612,
12235,134.774562,SDSS J155712.02+470820.2,N,0.15700000524520874,,
22859,133.271345,SDSS J083032.87+203439.4,Q,0.8830000162124634,,
22859,150.71663,SDSS J083034.47+203803.6,Q,2.7219998836517334,,
2654,21.460694,NGC 1410,NRX,0.02500000037252903,XMMX J034110.7-011753,NVSS J034110.8-011753
22863,133.35191,SDSS J130141.28+275235.6,qX,0.30000001192092896,CXOG J130141.2+275235,
12239,79.171067,SDSS J112430.28+511504.5,Q,1.9199999570846558,,
2657,76.383267,WISEA J174935.21+720020.1,q,1.7000000476837158,,
2658,77.833452,J020933.55-100821.0,X,,CXOG J020933.5-100821,
2658,172.616666,J020927.57-100746.2,X,,CXOG J020927.5-100746,
2660,64.921886,J053214.39-171351.9,R,4.300000190734863,,VL0J053214.42-171351.6
22868,143.773119,WISEA J162740.53+624002.7,q,2.0999999046325684,,
2661,130.680219,SDSS J083543.06+014136.0,Q,0.9089999794960022,,
12244,97.477863,SDSS J011956.73+322930.2,Q,1.753000020980835,,
22871,27.785519,PGC 3096545,ARX,0.03999999910593033,2SXPS J172323.1+363009,VL0J172323.22+363010.1
22871,130.113594,SDSS J172326.07+362815.9,Q,2.8450000286102295,,
22872,83.264691,J001820.49+295720.2,X,,CXOG J001820.4+295721,
22872,92.834623,SDSS J001812.73+295536.6,QX,3.0959999561309814,CXOX J001812.6+295537,
22872,167.298663,SDSS J001801.46+295735.0,Q,1.8819999694824219,,
12247,171.843915,WISEA J054359.59-622124.7,q,1.5,,
2665,144.25127,SDSS J225338.85+334454.9,Q,3.365000009536743,,
22873,47.353368,SDSS J002507.95+243121.6,Q,2.253999948501587,,
2666,21.445599,SDSS J120405.83+201345.0,QX,0.5979999899864197,CXOG J120405.8+201345,
2666,162.509441,J120354.93+201328.4,X,,CXOG J120354.9+201328,
2666,162.868861,J120413.98+201606.2,X,,CXOG J120413.9+201606,
12249,101.777882,SDSS J093720.16+335106.0,Q,1.2640000581741333,,
22875,74.092333,SDSS J004831.69+274235.6,qX,1.5,4XMM J004831.6+274235,
22875,107.519898,SDSS J004842.43+274103.0,QX,1.2259999513626099,4XMM J004842.4+274102,
12250,68.258666,SDSS J123717.78+492559.4,Q,2.9489998817443848,,
12250,123.569066,SDSS J123725.97+492718.3,Q,2.193000078201294,,
22877,126.438258,WISEA J013226.88-160850.5,qRX,0.20000000298023224,2RXS J013227.8-160849,VL0J013226.86-160850.3
2669,0.723902,NGC 5347,NRX,0.00800000037997961,CXOG J135317.7+332927,FIRST J135317.7+332927
2669,170.597136,J135329.57+333054.0,X,,CXOG J135329.5+333054,
2671,155.836208,WISEA J210633.23-481153.6,q,1.2000000476837158,,
12253,158.006366,SDSS J140227.20+183117.2,Q,2.509000062942505,,
2672,162.960123,SDSS J020825.26+142341.7,N,0.08699999749660492,,
12254,175.787012,WISEA J195027.67-392604.2,q,1.7000000476837158,,
22882,115.62388,WISEA J042126.16-573049.9,q,0.699999988079071,,
12255,53.876363,SDSS J003550.27+315229.5,Q,1.2139999866485596,,
12255,167.523062,LAMOSTJ003544.97+315028.2,Q,2.072999954223633,,
22885,84.930793,SDSS J123513.05+340843.9,Q,0.7639999985694885,,
22885,149.366221,SDSS J123501.07+340828.0,Q,0.609000027179718,,
22886,176.564379,WISEA J125537.63-113032.6,q,1.899999976158142,,
12258,119.155675,WISEA J061458.87-192448.8,q,0.30000001192092896,,
22888,178.314163,WISEA J132227.84-173741.5,q,1.2999999523162842,,
2680,102.619151,WISEA J211152.32+111451.5,q,0.800000011920929,,
12260,0.510993,MCG 8-23-097,NR,0.028999999165534973,,FIRST J125039.7+475600
12260,151.659094,SDSS J125050.61+475746.6,Q,0.5350000262260437,,
22890,68.120103,WISEA J135224.36-244933.6,q,0.10000000149011612,,
22890,113.230332,WISEA J135234.60-245049.0,q,1.899999976158142,,
12262,0.122397,IC 4369,NR,0.027000000700354576,,NVSS J140410.7+331825
12263,102.332918,WISEA J162740.53+624002.7,q,2.0999999046325684,,
22893,15.498103,J163032.04+394956.7,X,,4XMM J163032.1+394956,
22893,102.194253,SDSS J163029.69+394816.8,QX,2.1700000762939453,4XMM J163029.7+394816,
2687,155.531649,WISEA J232816.56-675152.3,q,1.899999976158142,,
22896,141.544038,SDSS J235553.92-011425.9,Q,0.8370000123977661,,
22896,144.713705,W2M J235535.83-011444.2,K,0.3230000138282776,,
22898,23.021917,WISEA J000727.70-372710.1,q,2.5999999046325684,,
2690,0.196076,NGC 5400,AR,0.02500000037252903,,VL0J140037.18-025127.9
22899,92.064068,SDSS J013436.88-032201.9,Q,2.0160000324249268,,
22900,65.071156,SDSS J022558.88-041801.1,QX,2.2850000858306885,4XMM J022558.9-041801,
22900,166.736026,XMDS J02261-0418,AX,0.4959999918937683,4XMM J022607.7-041843,
12270,127.321446,J232012.38-051331.1,X,0.30000001192092896,XMMX J232012.2-051330,
2693,121.243917,SDSS J134504.02+413201.4,QX,0.7720000147819519,2SXPS J134504.2+413205,
22902,161.914486,WISEA J091355.88+791116.1,qX,1.0,XMMSL J091356.8+791120,
12273,110.859435,WISEA J041928.17+023532.0,qX,0.20000000298023224,CXOG J041928.1+023532,
12273,169.240401,J041927.46+023332.9,X,0.30000001192092896,CXOG J041927.4+023333,
22904,58.228848,SDSS J102029.88+464904.6,Q,0.9279999732971191,,
22904,174.22572,SDSS J102028.38+465109.9,N,0.4449999928474426,,
2697,31.182135,J114704.03+195036.0,X,,2RXP J114705.1+195043,
2698,93.254073,WISEA J003149.37-264446.9,q,0.800000011920929,,
22905,178.504626,WISEA J150926.12+751245.3,q,2.0999999046325684,,
2699,2.133918,UGC 2456,NRX,0.012000000104308128,CXOG J025958.6+364914,VL0J025958.59+364913.6
2699,70.925299,J025953.63+364951.9,X,2.0,CXOG J025953.6+364952,
2699,97.235397,SDSS J025950.82+364940.8,qX,2.0,CXOG J025950.8+364941,
2699,171.449737,J025945.70+364800.3,X,0.5,CXOG J025945.7+364800,
12279,65.715774,WISEA J143635.61+410853.3,q,0.800000011920929,,
12279,167.481575,SDSS J143629.15+410741.9,QR,2.6040000915527344,,NVSS J143628.7+410739
2701,0.016809,MCG -3-34-064,NRX,0.017000000923871994,XMMSL J132224.2-164345,VL0J132224.46-164342.2
2701,104.116305,XMMU J132218.3-164247,AX,1.00600004196167,4XMM J132218.3-164246,
22911,151.999821,SDSS J211631.81-073427.7,Q,1.9459999799728394,,
22912,72.162215,WISEA J224335.96-210245.2,q,1.399999976158142,,
22913,179.91408,SDSS J001812.04+243455.2,Q,1.9010000228881836,,
22914,100.693612,SDSS J010648.37+015550.4,Q,0.8360000252723694,,
22914,158.520399,SDSS J010704.18+015729.8,Q,2.8929998874664307,,
12284,76.623242,SVA1_COADD-2939164850,A,0.8659999966621399,,
12284,111.342732,WISEA J022337.14-071724.2,q,1.0,,
12284,118.363677,SVA1_COADD-2939163301,Q,1.1820000410079956,,
22917,179.478981,WISEA J052046.22-221745.9,q,1.2999999523162842,,
2708,150.43629,WISEA J015829.03+251906.5,q,2.5999999046325684,,
2708,161.064525,SDSS J015835.55+252359.0,Q,1.3839999437332153,,
22918,165.216694,WISEA J061732.84-365543.4,q,1.5,,
12288,114.978739,WISEA J111929.38-052530.8,q,0.30000001192092896,,
22922,11.839426,J135302.92+393448.2,R,,,VL0J135302.98+393448.6
2713,83.104554,SDSS J000712.82+274116.2,Q,1.437999963760376,,
2713,150.826372,SDSS J000724.06+274413.1,Q,1.5190000534057617,,
2713,153.172887,SDSS J000715.93+273955.9,Q,0.9810000061988831,,
2713,155.480316,SDSS J000710.78+274008.8,Q,2.309000015258789,,
12291,174.207714,WISEA J160302.21+154747.3,q,1.7999999523162842,,
22930,134.243202,SDSS J003244.26+304716.7,Q,1.6660000085830688,,
12295,153.8853,WISEA J194632.41-275202.5,q,0.4000000059604645,,
2719,122.528236,SDSS J235404.53+002428.4,Q,1.0410000085830688,,
12296,85.25922,SDSS J221145.80+022516.0,Q,1.9119999408721924,,
12296,124.113195,SDSS J221141.06+022637.2,Q,2.3259999752044678,,
2721,81.511932,2QZ J112345.6-010457,Q,0.6290000081062317,,
12297,178.61473,WISEA J030127.38-095658.4,q,2.5999999046325684,,
2722,161.890704,SDSS J232052.84+255115.1,Q,0.4869999885559082,,
2724,101.318987,WISEA J043622.56-650648.4,q,0.30000001192092896,,
22938,165.107272,SDSS J082152.86+084553.1,Q,2.4049999713897705,,
12301,98.657855,SDSS J095645.98+531046.1,Q,1.468000054359436,,
22939,25.659686,SDSS J093317.31+335445.0,QX,1.6690000295639038,1RXH J093317.4+335439,
12302,82.92804,WISEA J111705.55+360709.3,qR,0.5,,VL0J111705.57+360709.4
12302,139.082048,SDSS J111708.74+361031.8,Q,2.0429999828338623,,
22940,151.832592,SDSS J103010.03+440449.1,QX,0.8640000224113464,2RXS J103010.4+440454,
2727,125.338133,SDSS J143406.87+034728.6,qX,1.7999999523162842,2XMM J143406.8+034727,
22942,80.348988,WISEA J154845.74+711340.6,q,0.4000000059604645,,
12304,157.946737,SDSS J122917.73+444059.1,Q,1.503000020980835,,
22944,148.889741,J003508.28-440309.9,X,,4XMM J003508.2-440310,
22944,153.21532,J003507.58-440627.5,X,,4XMM J003507.5-440627,
22944,168.645114,ATLAS S328,N,0.10700000077486038,,
2729,0.26134,NGC 2650,AX,0.014999999664723873,2SXPS J084958.0+701756,
2729,21.881091,Q J08500+701,Q,1.899999976158142,,
2729,167.888973,WISEA J084929.04+701639.2,q,1.5,,
22945,131.447073,WISEA J020622.00-412927.3,q,1.0,,
12306,59.665758,SDSS J142730.99-005421.5,Q,2.305000066757202,,
12306,131.189639,WISEA J142731.05-005309.6,q,3.299999952316284,,
12306,172.873578,J142739.19-005311.6,R,,,VL0J142739.17-005311.5
2730,0.140341,NGC 4500,NRX,0.010999999940395355,2SXPS J123122.0+575750,FIRST J123122.2+575752
2730,130.079713,SDSS J123136.33+575647.9,QRX,2.819999933242798,2SXPS J123136.2+575649,FIRST J123136.3+575647
22947,108.219354,WISEA J063911.92+572353.6,q,2.700000047683716,,
22947,134.425154,WISEA J063914.21+572413.2,q,0.8999999761581421,,
2732,119.533243,WISEA J064531.88-370229.5,q,0.30000001192092896,,
12309,63.126461,SDSS J170123.09+482538.6,Q,1.2760000228881836,,
22950,0.786918,MCG 8-18-040,NR,0.026000000536441803,,NVSS J095103.4+470952
22950,114.524564,SDSS J095056.36+470837.4,Q,2.5869998931884766,,
22951,161.832211,SDSS J112055.36+311320.3,Q,1.0479999780654907,,
22952,0.050721,MCG 8-21-026,NR,0.03200000151991844,,VL0J112221.15+462549.7
22952,52.083893,SDSS J112217.35+462515.5,Q,0.8920000195503235,,
22952,162.949372,SDSS J112213.77+462325.8,Q,1.3869999647140503,,
22954,105.930016,J120517.68-212429.7,X,1.399999976158142,2SXPS J120517.7-212428,
22957,45.759618,SDSS J000751.47+202441.4,Q,1.7549999952316284,,
22957,168.205826,SDSS J000803.87+202627.7,Q,1.4390000104904175,,
22959,165.514569,J013033.18-422847.7,X,,4XMM J013033.0-422849,
2742,63.251082,SDSS J231735.70+290207.4,QR,1.524999976158142,,VL0J231735.56+290208.1
12317,172.097823,SDSS J122658.19+075444.0,NX,0.13300000131130219,4XMM J122658.1+075445,
22962,140.197522,WISEA J074519.37+110151.2,q,0.20000000298023224,,
12319,86.422706,J125237.85-153151.9,X,1.399999976158142,4XMM J125237.8-153151,
12319,129.547608,J125232.08-152852.0,RX,2.4000000953674316,XMMX J125232.1-152851,NVSS J125232.1-152849
12319,143.35938,J125232.39-152837.8,X,2.299999952316284,1RXH J125232.2-152835,
12319,143.667904,J125223.66-153012.9,X,,4XMM J125223.6-153013,
2746,52.741117,J144514.74-205451.2,X,,4XMM J144514.8-205450,
22970,97.315243,SDSS J221824.80+291405.0,Q,1.1410000324249268,,
22970,99.522664,SDSS J221830.57+291616.9,Q,2.0269999504089355,,
2751,0.358328,NGC 6211,NR,0.019999999552965164,,FIRST J164127.6+574701
2751,65.114341,WISEA J164125.99+574557.2,q,2.0,,
2751,127.031323,WISEA J164142.87+574625.1,q,0.4000000059604645,,
2752,67.16578,J231136.93-020907.3,R2,,,FIRST J231136.9-020907
22972,62.08363,WISEA J004852.57-130610.4,q,0.6000000238418579,,
22974,65.140345,SDSS J025744.58+055053.4,qX,0.4000000059604645,2XMMi J025744.6+055052,
22974,87.636983,SDSS J025749.20+055136.0,qX,2.200000047683716,4XMM J025749.2+055136,
12328,161.699285,WISEA J223147.77+342336.6,qR,2.200000047683716,,VL0J223147.80+342337.2
12330,67.21971,SDSS J012515.08-013155.4,QX,1.3890000581741333,4XMM J012515.1-013155,
12330,77.152651,J012512.82-013048.9,X,,4XMM J012512.9-013049,
22979,70.168291,SDSS J091440.76+494605.5,Q,1.8109999895095825,,
22979,161.603911,SDSS J091427.29+494630.5,Q,2.1489999294281006,,
2760,44.920154,SDSS J090236.60+255639.6,Q,0.4830000102519989,,
22980,109.701224,Q 09382+117,Q,2.299999952316284,,
22981,149.172207,J113250.94-162159.0,R,,,VL0J113250.94-162158.7
2761,122.134818,SDSS J102907.74+260556.2,Q,2.11899995803833,,
2761,173.438912,PGC 1761435,AR,0.08100000023841858,,VL0J102906.68+260409.7
22982,0.086288,CGCG 13-24,ARX,0.019999999552965164,4XMM J120114.3-034041,FIRST J120114.3-034040
22982,159.032462,J120124.50-033954.2,X,,4XMM J120124.5-033952,
22982,173.292395,SDSS J120124.44-034205.8,qX,0.30000001192092896,4XMM J120124.5-034205,
12334,1.224834,MCG 7-26-051,NR,0.032999999821186066,,VL0J124656.85+421559.8
12334,73.588975,SDSS J124655.98+421712.7,Q,1.2549999952316284,,
12334,100.79788,SDSS J124659.55+421735.4,Q,3.134000062942505,,
2765,0.038589,NGC 599,AR,0.017999999225139618,,VL0J013253.76-121128.1
12336,51.958297,SDSS J011844.74+145846.0,QX,0.414000004529953,2RXS J011845.1+145833,
22986,80.174673,CGCG 75-74,NR,0.03099999949336052,,NVSS J143411.7+124252
2766,117.495975,J091600.67+173554.2,X,,1RXH J091600.7+173556,
2766,142.188621,NGC 2794,NRX,0.028999999165534973,1RXH J091601.4+173524,VL0J091601.79+173523.4
2767,148.789128,SDSS J155711.46+222155.0,qX,1.2999999523162842,4XMM J155711.4+222154,
22989,150.650506,WISEA J214928.28-604633.9,q,0.699999988079071,,
2768,0.02917,IC 4729,N,0.014000000432133675,,
22990,102.820495,SDSS J220518.22-010559.5,Q,1.402999997138977,,
12342,168.079961,WISEA J100914.10-200239.8,q,2.0999999046325684,,
2772,47.755068,J103710.76-274141.0,X,,CXO J103710.8-274137,
22996,160.810411,SDSS J105558.62+094322.0,Q,2.5950000286102295,,
2775,60.424186,SDSS J091653.34+201116.6,Q,3.296999931335449,,
2775,119.884474,WISEA J091642.71+201256.6,q,2.200000047683716,,
22997,0.146246,MCG 5-27-078,N,0.03200000151991844,,
2777,0.682508,NGC 1125,NRX,0.010999999940395355,CXOG J025140.4-163902,VL0J025140.46-163902.0
2777,98.007122,J025147.28-163906.1,X,0.8999999761581421,CXOG J025147.2-163906,
2777,171.76703,SDSS J025144.69-164143.4,qX,0.20000000298023224,2CXO J025144.7-164144,
12346,139.29584,SDSS J231554.40+050524.5,Q,1.8200000524520874,,
23000,0.575718,MCG 8-23-067,ARX,0.029999999329447746,CXOG J123651.1+453904,FIRST J123651.0+453905
2778,0.575021,NGC 2726,N,0.004999999888241291,,
2778,173.280049,SDSS J090437.64+595734.7,Q,2.2109999656677246,,
12347,121.684975,SDSS J001547.31+194451.0,Q,0.4399999976158142,,
12348,178.808074,J002123.77+223037.0,RX,1.399999976158142,2SXPS J002123.9+223036,NVSS J002123.6+223037
23002,153.090094,SDSS J165849.21+363334.8,Q,1.4270000457763672,,
23002,166.616793,SDSS J165901.04+362848.7,Q,2.26200008392334,,
23003,167.253157,SDSS J165955.61+423033.7,Q,1.5779999494552612,,
2783,35.603139,J134808.78-302649.1,X,,CXOX J134808.8-302648,
12352,113.387574,SDSS J093706.85+170021.5,A,0.5049999952316284,,
12352,133.780331,SDSS J093710.58+170051.6,Q,2.259999990463257,,
12353,146.41655,WISEA J101837.27-364315.5,q,1.399999976158142,,
2785,77.812273,SDSS J215600.94-013218.6,Q,0.8970000147819519,,
12354,112.268605,SDSS J114405.18+200138.2,qX,1.0,4XMM J114405.1+200138,
12354,130.733728,Q 1141+2014,QX,0.9539999961853027,XMMX J114405.6+195735,
2787,72.013653,SDSS J011253.68+005958.9,Q,2.2699999809265137,,
2787,85.520374,SDSS J011259.71+005954.5,Q,1.0390000343322754,,
2787,114.460588,SDSS J011257.73+005703.2,A,0.3959999978542328,,
2787,139.410847,SDSS J011304.97+005843.8,Q,2.4800000190734863,,
12355,33.642463,SDSS J121518.26+235738.8,A,0.6600000262260437,,
23012,117.767895,J023503.97+324037.3,X,1.399999976158142,4XMM J023503.9+324037,
2789,124.78556,WISEA J100856.56-111514.8,q,0.4000000059604645,,
23013,0.150909,NPM1G-16.0109,ARX,0.03200000151991844,2SXPS J025602.4-162917,VL0J025602.65-162915.3
12357,169.028348,SDSS J133358.49+044243.1,Q,0.4300000071525574,,
23014,68.860631,WISEA J032321.83+074037.2,q,0.4000000059604645,,
2791,71.262637,J162214.65-013024.4,RX,2.0999999046325684,XMMX J162214.6-013023,VL0J162214.67-013024.1
2791,171.286993,J162202.83-012843.8,X,,4XMM J162202.8-012843,
23015,62.771706,SDSS J034000.32+152528.8,qX,1.7999999523162842,4XMM J034000.3+152529,
12358,154.488467,LAMOSTJ135819.86+172444.5,Q,1.1990000009536743,,
2792,0.243842,UGC 10422,NRX,0.028999999165534973,2XMM J162958.1+403743,VL0J162958.07+403742.7
12359,177.359587,PGC 1549789,A,0.08399999886751175,,
23018,0.084343,IC 2222,N,0.032999999821186066,,
12361,46.757608,SDSS J230356.56+271725.0,Q,1.3650000095367432,,
2795,0.156463,6dF J011424.9-552350,NRX,0.012000000104308128,CXOG J011424.9-552349,SUMSS J011424.5-552353
2795,22.436048,NGC 454E,N,0.012000000104308128,,
2795,122.736509,J011434.53-552521.0,X,,2SXPS J011434.3-552521,
23020,34.965782,SDSS J091823.28+335235.7,Q,1.722000002861023,,
23020,103.490177,LAMOSTJ091816.18+335227.9,Q,1.534999966621399,,
12362,63.761289,SDSS J003034.84+230727.8,Q,1.4279999732971191,,
2798,91.819729,WISEA J125659.11-414842.2,qR,0.8999999761581421,,SUMSS J125659.0-414842
2798,165.460478,WISEA J125638.33-414657.5,q,1.399999976158142,,
23022,128.638955,SDSS J101550.73+071954.8,Q,0.7720000147819519,,
2802,92.393211,SDSS J003928.88+025336.5,QX,1.4450000524520874,2SXPS J003928.6+025334,
12366,0.420621,UGC 8600,A,0.024000000208616257,,
23025,58.392325,J130053.54+272454.0,X,,4XMM J130053.5+272454,
23025,60.882081,WISEA J130053.72+272346.3,q,1.7999999523162842,,
23025,102.445347,J130052.40+272243.6,X,,2XMM J130052.3+272243,
12367,0.267953,NGC 5245,N,0.023000000044703484,,
12367,112.13324,SDSS J133722.01+035541.2,Q,2.546999931335449,,
2803,174.575478,WISEA J044139.33+733821.4,q,1.100000023841858,,
23027,146.489795,J135302.90+691759.7,X,,1RXH J135303.2+691807,
23027,150.677501,UGC 8823,ARX,0.03099999949336052,2XMM J135303.5+691829,VL0J135303.45+691829.1
23027,169.042724,J135321.46+691457.4,X,2.0999999046325684,4XMM J135321.6+691457,
12369,72.187003,WISEA J194908.24-045447.6,q,1.100000023841858,,
12369,151.597548,WISEA J194909.73-045819.2,q,0.6000000238418579,,
23029,178.484673,WISEA J162757.97-100525.4,q,0.10000000149011612,,
2806,120.786696,SDSS J230654.65+225426.0,Q,1.4859999418258667,,
23031,101.60003,WISEA J195823.22-554142.6,q,1.7999999523162842,,
12371,64.603587,PGC 1715143,N,0.11100000143051147,,
23032,38.776505,WISEA J234419.96+283029.9,q,0.4000000059604645,,
23032,173.825619,SDSS J234430.64+283123.1,Q,1.565999984741211,,
12372,175.076505,WISEA J024320.90+314553.3,q,1.100000023841858,,
23033,153.295687,SDSS J020056.30-053554.1,Q,2.053999900817871,,
2810,105.16493,SDSS J170446.32+415310.1,Q,1.6720000505447388,,
23036,69.071517,SDSS J095651.39+595807.7,Q,3.2190001010894775,,
23036,179.33237,WISEA J095723.93+595846.3,q,0.8999999761581421,,
12376,87.201105,J125737.96+273058.3,X,,CXOG J125737.9+273059,
12376,117.253058,LAMOSTJ125740.21+273117.5,QX,1.0779999494552612,4XMM J125740.1+273117,
12376,128.212561,J125733.96+272730.0,X,,4XMM J125734.0+272730,
12376,150.050208,J125747.06+272919.3,X,,XMMX J125747.2+272918,
23038,139.337075,SDSS J142732.72+025503.7,Q,2.194999933242798,,
23038,169.923862,SDSS J142724.87+025809.6,A,0.5,,
12377,57.521051,J125854.86+274903.1,X,,2XMM J125854.7+274904,
12377,106.132636,J125850.28+274842.5,X,,XMMX J125850.1+274841,
2816,0.351357,IC 89,AR,0.020999999716877937,,VL0J011603.64+041739.0
2819,173.935407,J014726.86-524406.1,X,,CXOX J014726.8-524406,
2820,24.426049,J073438.05+181653.5,R,,,NVSS J073437.9+181651
23045,169.006661,SDSS J231352.92+090046.7,Q,2.61899995803833,,
12383,82.836326,2QZ J235030.2-275547,Q,1.5679999589920044,,
23047,115.139978,SDSS J093509.12+002557.5,N,0.1509999930858612,,
2823,0.320982,UGC 4145,ARX,0.01600000075995922,4XMM J075940.1+152312,FIRST J075940.1+152313
2824,0.09809,NGC 3334,NR,0.024000000208616257,,VL0J104131.22+371846.2
2824,129.760307,SDSS J104129.53+372054.5,Q,1.2869999408721924,,
2825,0.194881,NGC 3831,NRX,0.017999999225139618,XMMSL J114318.4-125241,VL0J114318.59-125241.8
12387,50.756757,2SLAQ J110927.82-000625.1,N,0.013000000268220901,,
12387,112.061307,PGC 1151244,N,0.09099999815225601,,
12387,127.892157,2QZ J110933.6-000617,K,0.2800000011920929,,
12387,128.130419,SDSS J110931.57-000425.0,N,0.5350000262260437,,
23051,76.843226,SDSS J162612.18+432359.2,QX,1.2910000085830688,CXOG J162612.3+432400,
23051,138.07047,SDSS J162627.04+432611.6,qX,2.0999999046325684,CXOG J162627.1+432611,
2828,0.055862,NGC 4897,N,0.00800000037997961,,
2829,0.247712,NGC 5482,AR,0.024000000208616257,,FIRST J140830.6+085554
2829,86.689504,SDSS J140826.34+085652.4,Q,2.4709999561309814,,
2830,143.593184,J145216.68-023047.8,R,0.30000001192092896,,VL0J145216.68-023047.7
23055,172.2351,WISEA J172423.93+452835.9,q,1.7000000476837158,,
2831,106.794325,SDSS J155720.44+055837.3,qX,2.299999952316284,CXOG J155720.4+055837,
2831,131.757022,WISEA J155717.48+055745.8,q,1.7999999523162842,,
2831,132.450916,J155724.17+060020.0,X,,CXOG J155724.1+060019,
2831,176.975876,J155719.91+060238.2,X,,CXOG J155719.9+060238,
2832,88.10229,SDSS J230514.24+023130.3,Q,1.319000005722046,,
2832,107.544611,SDSS J230508.78+023138.4,Q,1.6759999990463257,,
12390,57.1457,SDSS J143204.15+361901.3,QX,2.8340001106262207,CXOG J143204.1+361901,
12390,58.588838,SDSS J143156.13+361816.0,qX,2.200000047683716,CXOG J143156.3+361816,
12390,76.328984,J143201.58+361703.1,X,,CXOG J143201.5+361702,
12390,167.686447,SDSS J143211.38+361628.2,qX,0.30000001192092896,2SXPS J143211.2+361626,
12390,169.028715,SDSS J143149.24+361951.0,QX,2.5160000324249268,CXOG J143149.2+361951,
23059,86.589098,WISEA J213451.84-464258.8,q,1.399999976158142,,
23059,153.543058,Q 2131-4657,Q,0.6840000152587891,,
2835,15.521944,J212208.29+183945.5,X,,2RXS J212208.4+183943,
23060,172.739002,SDSS J224521.44+222856.4,Q,1.7890000343322754,,
2836,137.301452,SDSS J003948.84+031957.4,NX,0.39500001072883606,CXOX J003948.8+031956,
2836,137.686891,SDSS J003950.43+031616.4,QX,1.3819999694824219,2SXPS J003950.3+031619,
2836,164.064515,SDSS J003942.98+032041.5,QX,1.465999960899353,1RXH J003942.9+032042,
2836,176.967911,SDSS J003934.57+031617.3,QX,2.3239998817443848,CXOG J003934.5+031617,
2837,164.35581,J013146.67+332957.7,X,,2SXPS J013146.6+332956,
2838,122.439097,WISEA J044815.49-134156.6,q,2.200000047683716,,
12398,125.038427,SDSS J110713.09+454756.8,Q,1.0750000476837158,,
12398,177.295077,SDSS J110707.90+455212.9,Q,1.159000039100647,,
2841,0.333621,UGC 4869,AR,0.023000000044703484,,FIRST J091434.2+300826
2841,16.230119,SDSS J091433.72+300812.9,qR,1.2000000476837158,,NVSS J091433.3+300811
2841,26.58678,J091432.86+300808.4,R,,,FIRST J091432.8+300806
23070,114.889905,MCG 5-40-026,AX,0.035999998450279236,2SXPS J170107.7+292424,
23070,155.509397,LAMOSTJ170048.47+292602.0,Q,1.843000054359436,,
12400,122.52392,UGC 7074,N,0.014000000432133675,,
12400,175.151507,SDSS J120517.74+175032.4,Q,3.0880000591278076,,
23073,79.547502,WISEA J210506.61+155037.0,q,1.7999999523162842,,
23074,164.763486,SDSS J220953.43+184126.6,Q,1.3140000104904175,,
12402,72.45016,J130043.14+275704.3,X,,4XMM J130043.1+275705,
12402,112.60262,J130034.49+275842.6,X,,4XMM J130034.5+275844,
12402,126.623049,J130046.80+275621.8,X,,CXOG J130046.8+275621,
12403,0.197645,CGCG 72-7,AR,0.024000000208616257,,NVSS J130914.6+083151
2849,133.132412,J175719.50+275843.6,X,1.7999999523162842,2SXPS J175719.6+275843,
2849,147.701807,WISEA J175717.89+275933.1,q,1.7999999523162842,,
12404,114.861407,WISEA J143408.50+275454.4,q,0.4000000059604645,,
23079,87.322977,2SLAQ J093218.78+002024.5,N,0.10999999940395355,,
2852,0.288354,NGC 4158,AR,0.00800000037997961,,NVSS J121110.3+201026
12405,0.20601,CGCG 274-19,AX,0.012000000104308128,4XMM J150756.6+523120,
12405,135.230733,SDSS J150741.80+523118.0,QX,1.6540000438690186,4XMM J150741.8+523117,
12405,156.562372,SDSS J150758.79+523356.2,Q,0.6240000128746033,,
2853,122.947142,WISEA J223523.90+344655.7,qR,0.10000000149011612,,VL0J223523.88+344655.8
12406,0.262597,MCG 8-30-048,A,0.017999999225139618,,
12406,132.700448,SDSS J164315.39+454847.5,A,0.43700000643730164,,
23082,72.373082,SDSS J113058.47+251222.0,Q,2.3459999561309814,,
23082,72.629502,WISEA J113104.66+251304.4,q,1.2999999523162842,,
2854,37.006565,SDSS J233034.27+000506.9,QX,1.8890000581741333,4XMM J233034.2+000508,
2854,153.35844,DEEP J233021.80+000446.2,A,0.8040000200271606,,
2854,173.691238,J233043.58+000441.8,X,0.4000000059604645,4XMM J233043.5+000441,
23083,0.015467,IRAS 11463-3304,AR,0.02800000086426735,,VL0J114854.51-332040.8
2855,4.87498,J011036.82+330731.7,X,,XMMX J011036.5+330732,
2855,71.000096,SDSS J011031.91+330655.0,QX,1.527999997138977,2XMM J011031.9+330655,
2855,157.866328,WISEA J011026.68+330912.9,qX,0.10000000149011612,4XMM J011026.7+330913,
23084,79.566534,WISEA J115532.33-011425.6,q,0.8999999761581421,,
23084,161.440634,WISEA J115538.74-011727.1,q,0.4000000059604645,,
12408,53.622553,WISEA J010822.66-470454.3,qX,0.30000001192092896,2XMM J010822.7-470453,
12408,158.765707,WISEA J010803.42-470348.2,qX,1.2000000476837158,2XMM J010803.4-470348,
12409,72.256859,SDSS J015703.60-002657.6,Q,2.1549999713897705,,
12409,92.756608,SDSS J015707.23-002637.7,Q,0.8899999856948853,,
12409,133.645003,SDSS J015656.34-002810.3,QX,1.7999999523162842,2SXPS J015656.3-002810,
12409,162.988275,SDSS J015658.47-002558.1,QX,1.3200000524520874,2SXPS J015658.1-002558,
2858,79.850928,J030701.33-093234.7,X,2.5999999046325684,4XMM J030701.3-093232,
2858,89.771067,WISEA J030652.91-093120.9,qX,0.30000001192092896,4XMM J030652.8-093120,
23089,158.338581,SDSS J153738.11+130905.2,qR,1.399999976158142,,VL0J153738.13+130905.2
23089,175.976202,SDSS J153737.13+131207.1,Q,2.0850000381469727,,
12411,0.039125,MCG 4-06-043,AX,0.032999999821186066,2SXPS J022654.6+234757,
2861,29.845192,J232447.63+151615.8,2,,,
2861,104.047777,SDSS J232442.27+151614.6,QX,2.5390000343322754,2SXPS J232442.2+151615,
23092,96.554134,SDSS J004848.24+280446.7,Q,1.8339999914169312,,
23094,106.798844,SDSS J012255.51+332631.3,Q,2.1559998989105225,,
23094,149.796131,J012258.84+332237.7,X,,2XMMi J012258.8+332237,
2866,102.35892,WISEA J181640.77+250146.8,q,1.2999999523162842,,
14385,156.542329,SDSS J132748.12+560252.0,Q,1.100000023841858,,
14386,0.16969,CGCG 170-22,N,0.014999999664723873,,
4632,98.486476,J032104.64-370428.7,X,,XMMX J032104.3-370429,
14387,161.723905,WISEA J195511.35-573122.5,q,2.0999999046325684,,
14387,163.073456,WISEA J195537.51-573301.4,q,2.700000047683716,,
4633,73.27413,J092756.89+295959.3,X,,XMMX J092756.7+300000,
4633,122.56359,J092746.02+300033.6,X,,4XMM J092746.0+300033,
4633,151.398444,J092758.23+300122.7,X,,4XMM J092758.3+300122,
14389,0.491847,CGCG 499-10,ARX,0.03099999949336052,2SXPS J235544.2+301246,VL0J235544.20+301244.4
4635,95.995458,2QZ J014028.2-285406,Q,2.7899999618530273,,
4636,2.129299,UGC 1479,NRX,0.017999999225139618,2SXPS J020018.8+242825,VL0J020019.03+242825.6
4636,87.797505,SDSS J020017.08+242701.6,Q,1.6080000400543213,,
4636,177.895792,SDSS J020017.64+243122.1,Q,1.246999979019165,,
4637,0.380782,UGC 1757,NRX,0.019999999552965164,XMMSL J021723.0+382450,NVSS J021723.1+382448
14395,137.956517,SDSS J101431.27+393222.6,Q,2.513000011444092,,
14395,175.921711,SDSS J101442.26+393145.3,Q,1.8530000448226929,,
4639,140.083814,SDSS J075033.62+301500.6,Q,1.7280000448226929,,
4640,88.575092,WISEA J080506.09-673639.1,q,0.8999999761581421,,
14400,169.148953,WISEA J141317.76-293447.9,q,1.5,,
14401,149.18437,WISEA J160934.91+641929.2,q,1.899999976158142,,
14401,171.393651,WISEA J160959.12+642252.0,q,1.2999999523162842,,
14404,102.980554,WISEA J180628.74+463405.9,q,0.20000000298023224,,
14406,0.131352,CGCG 403-19,ARX,0.02800000086426735,CXOG J220417.6+044002,VL0J220417.62+044002.5
14406,170.1279,SDSS J220407.04+043900.8,Q,2.809999942779541,,
4646,157.388468,WISEA J171929.85+110957.4,q,0.8999999761581421,,
4647,136.369875,WISEA J022620.96+260244.8,q,0.10000000149011612,,
14412,111.402951,SDSS J160506.30+134341.1,Q,1.1740000247955322,,
4654,92.654301,SDSS J024847.87+010031.9,Q,1.9329999685287476,,
4654,142.076892,SDSS J024844.92+010057.7,Q,0.859000027179718,,
4654,166.157868,SDSS J024858.45+010136.3,Q,0.9430000185966492,,
14418,147.177782,SDSS J230936.96+323824.9,Q,1.4190000295639038,,
14424,163.836757,WISEA J140728.68+094152.8,q,1.100000023841858,,
14425,75.884979,SDSS J163100.26+395114.8,QX,1.097000002861023,4XMM J163100.2+395115,
14425,113.067977,MCG 7-34-105,NX,0.03099999949336052,4XMM J163103.4+395015,
14425,164.550216,SDSS J163106.29+395215.2,QX,1.225000023841858,4XMM J163106.3+395215,
14425,173.977444,J163057.79+394802.7,X,2.299999952316284,4XMM J163057.7+394802,
4665,0.050272,NGC 3858,N,0.01899999938905239,,
4667,83.259724,SDSS J014523.85+103244.5,Q,3.0759999752044678,,
4670,34.262989,NGC 7237,ARX,0.026000000536441803,CXOG J221446.8+135027,VL0J221446.91+135027.3
14433,114.502315,WISEA J124351.75+104502.7,q,2.5,,
14433,139.746369,SDSS J124336.93+104516.0,QX,0.7990000247955322,2SXPS J124337.0+104516,
4671,142.906823,WISEA J021605.04+323714.1,q,0.8999999761581421,,
4674,52.269513,J094544.88-142220.5,X,,CXOG J094544.7-142220,
4674,176.974478,NGC 2992,NRX,0.00800000037997961,4XMM J094541.9-141934,NVSS J094542.0-141934
4675,88.04083,SDSS J103929.00+472436.9,Q,1.1100000143051147,,
14440,1.181287,UGC 5138,NX,0.023000000044703484,2SXPS J093830.6+023423,
14440,84.100051,SDSS J093825.49+023354.0,QX,2.7219998836517334,2SXPS J093825.5+023356,
4677,167.133487,SDSS J234249.58+270552.2,Q,3.888000011444092,,
14442,117.20842,WISEA J105114.21+684049.1,q,0.8999999761581421,,
14442,179.265047,WISEA J105101.94+684048.4,q,1.5,,
14444,175.286833,SDSS J113653.95+490304.4,Q,1.531999945640564,,
4680,122.58201,WISEA J024533.70-244717.4,q,1.2999999523162842,,
14447,130.838487,SDSS J134650.09+161416.7,Q,1.0360000133514404,,
14448,54.456511,SDSS J135250.02+021455.2,qX,0.699999988079071,2CXO J135250.0+021457,
14448,103.201946,SDSS J135256.87+021528.5,QRX,2.5889999866485596,2CXO J135256.8+021529,VL0J135256.89+021528.6
14450,177.143151,SDSS J161654.84+192915.7,Q,3.069999933242798,,
4683,0.155736,NGC 3427,AR,0.020999999716877937,,FIRST J105126.3+081755
4683,136.390786,SDSS J105122.11+081956.4,Q,2.563999891281128,,
4683,153.322342,WISEA J105118.53+081614.7,qX,0.30000001192092896,2SXPS J105118.6+081617,
14451,141.648129,WISEA J174646.57-602705.2,q,0.800000011920929,,
4684,0.891552,UGC 8107,AR,0.02800000086426735,,FIRST J125939.6+532028
14454,40.946588,SDSS J224118.76+333716.0,QR,1.284999966621399,,VL0J224118.75+333715.8
4685,84.522573,SDSS J130012.10+281242.8,qX,1.0,4XMM J130012.1+281242,
4685,96.772133,J130011.25+281128.9,X,,XMMX J130011.1+281129,
4685,107.612394,SDSS J130024.98+281302.1,qX,1.7999999523162842,4XMM J130024.9+281302,
4685,176.164891,SDSS J130009.83+281428.1,qX,1.5,4XMM J130009.8+281427,
14456,126.960442,WISEA J234827.64-280525.2,q,2.299999952316284,,
4687,0.490272,UGC 8786,NR,0.02500000037252903,,FIRST J135252.6-015342
4687,34.165178,J135250.41-015346.4,X,,1WGA J1352.8-0152,
4687,172.162736,2QZ J135301.5-015154,N,0.19699999690055847,,
14460,30.034781,J082218.37+210531.5,X,,CXOG J082218.3+210532,
14460,56.932183,SDSS J082212.81+210502.3,QX,1.7949999570846558,CXOG J082212.7+210501,
14462,113.484773,SDSS J094337.48+501441.4,Q,1.0980000495910645,,
4692,62.354759,WISEA J041539.55+011103.5,qR,0.699999988079071,,NVSS J041539.5+011103
4693,179.807272,SDSS J115347.82+205534.7,Q,0.8659999966621399,,
4694,157.548594,SDSS J124012.15+082538.8,QX,0.9480000138282776,XMMSL J124013.0+082544,
4696,119.562287,WISEA J054023.35-553156.3,q,1.899999976158142,,
14468,163.888836,SDSS J131624.55-020525.4,AR,0.11400000005960464,,FIRST J131624.2-020522
14468,164.083489,WISEA J131632.94-020808.2,q,0.4000000059604645,,
4697,29.751376,SDSS J104953.13+325910.4,NX,0.004999999888241291,CXOG J104953.2+325909,
4697,84.947601,J104949.61+325837.4,X,,CXO J104949.7+325838,
4697,114.136195,SDSS J104947.40+330026.2,QX,1.0839999914169312,4XMM J104947.3+330026,
4697,123.271149,J104946.70+325823.4,X,0.8999999761581421,2XMM J104946.6+325823,
4697,171.862002,J105008.75+325938.3,X,,2XMM J105008.8+325938,
4699,151.645656,J231439.85+043202.9,X,,CXOG J231439.9+043202,
4699,156.69904,J231442.22+043140.1,X,,CXOG J231442.2+043140,
14474,130.752161,SDSS J020727.55-020317.7,QX,0.675000011920929,2SXPS J020727.7-020314,
4700,100.640383,LAMOSTJ001926.12+062838.1,Q,1.5,,
14478,174.419974,SDSS J080954.83+245644.2,A,0.46000000834465027,,
14480,0.18211,MCG 6-36-043,NR,0.032999999821186066,,NVSS J162630.1+354018
4706,168.603316,J112353.75-122009.6,R,0.5,,VL0J112353.76-122009.0
14481,170.032592,WISEA J190453.72+493708.7,q,1.2999999523162842,,
4707,65.043814,SDSS J141032.82+193740.1,Q,2.0450000762939453,,
4707,76.841086,SDSS J141030.47+193606.3,QX,0.9229999780654907,2SXPS J141030.5+193606,
14482,150.071531,WISEA J194933.00-273229.7,q,0.30000001192092896,,
4710,0.218951,UGC 4060,NX,0.01600000075995922,2SXPS J075126.4+140113,
4713,157.526231,WISEA J043100.63-054631.6,q,1.7000000476837158,,
4716,0.13856,NGC 4148,BR,0.02199999988079071,,VL0J121007.99+355239.6
4716,128.115669,SDSS J121014.95+355415.0,Q,2.0230000019073486,,
4716,135.747822,WISEA J120959.16+355115.6,q,1.0,,
4717,151.488419,SDSS J011614.39+301910.9,Q,0.8790000081062317,,
4718,148.09604,SDSS J124942.56+024932.1,Q,2.3469998836517334,,
4718,175.942142,SDSS J124944.37+025337.3,Q,2.2769999504089355,,
4719,114.208505,WISEA J205924.39-324237.0,q,0.5,,
14490,66.711394,WISEA J043954.36-085526.9,q,1.7999999523162842,,
4720,82.759699,SDSS J012203.53+005629.6,QX,1.184999942779541,4XMM J012203.5+005629,
4721,80.434486,J024911.36-311611.9,X,,2XMM J024911.2-311611,
4721,97.474608,J024902.97-311830.9,X,,4XMM J024902.9-311830,
4721,164.620455,J024856.55-311620.2,X,,4XMM J024856.5-311620,
4722,118.748326,WISEA J045300.94-152203.5,q,0.4000000059604645,,
14494,128.894708,SDSS J114425.14+201219.6,qX,0.5,4XMM J114425.0+201219,
4723,147.410833,J125603.08+633427.5,X,0.30000001192092896,2SXPS J125602.8+633427,
14495,53.699477,NGC 3862,ARX,0.02199999988079071,CXOG J114505.0+193622,FIRST J114505.0+193623
14495,137.877358,Q J11451+1939,Q,1.031999945640564,,
14495,143.508412,SDSS J114455.47+193834.6,Q,2.2049999237060547,,
4724,156.269969,WISEA J150639.22+234103.6,q,1.100000023841858,,
14497,36.546223,SDSS J134818.92+182200.6,Q,2.5799999237060547,,
14497,93.4516,SDSS J134823.10+182023.7,qR,0.4000000059604645,,VL0J134823.11+182023.8
14497,122.224044,SDSS J134819.87+181925.8,Q,4.940000057220459,,
14497,149.330888,SDSS J134807.82+182149.2,Q,2.303999900817871,,
4730,0.071528,NGC 5664,NR,0.014999999664723873,,VL0J143343.58-143710.3
14501,11.071284,J223937.84+114621.2,R,,,VL0J223937.82+114621.2
14501,15.163167,J223938.08+114623.7,R,,,VL0J223938.09+114623.7
14502,82.61629,J232516.82+151223.6,X,0.4000000059604645,2SXPS J232516.7+151221,
4732,107.965027,WISEA J093427.67-140001.7,q,0.8999999761581421,,
4734,75.548462,SDSS J232234.35+291041.1,Q,1.5260000228881836,,
14508,0.221443,MCG 7-23-029,AR,0.02500000037252903,,FIRST J111140.1+392229
14508,125.624273,SDSS J111150.45+392150.1,Q,2.1710000038146973,,
14508,130.71323,SDSS J111137.52+392436.5,Q,0.5920000076293945,,
14508,151.285823,SDSS J111148.06+392429.8,Q,2.3320000171661377,,
4737,0.137244,UGC 7115,AR2X,0.023000000044703484,2XMM J120805.5+251414,FIRST J120805.5+251414
14509,0.185946,NGC 3799,N,0.010999999940395355,,
14509,172.649327,SDSS J114020.14+151823.9,Q,2.9000000953674316,,
4738,57.591132,SDSS J131538.36+025311.8,Q,2.944999933242798,,
14511,133.038555,SDSS J125716.10+272937.8,qX,2.4000000953674316,CXOG J125716.1+272938,
14511,149.74168,SDSS J125700.79+272622.6,QX,3.1760001182556152,2XMM J125700.8+272622,
14511,167.940863,J125717.79+273004.6,X,,CXOG J125717.8+273004,
4740,104.061325,SDSS J004657.41+324213.7,QX,3.9079999923706055,4XMM J004657.4+324212,
4740,151.162008,SDSS J004644.06+324043.4,Q,3.111999988555908,,
14514,117.903119,WISEA J152034.71-242953.8,q,0.30000001192092896,,
4743,174.809356,SDSS J014851.46+131038.2,qX,1.100000023841858,4XMM J014851.4+131038,
14518,104.906606,SDSS J225611.30+035352.7,qR,0.4000000059604645,,VL0J225611.32+035352.9
14518,111.605797,LAMOSTJ225614.42+035349.1,QR,1.1699999570846558,,VL0J225614.43+035349.2
4747,0.315731,NGC 4003,NR,0.02199999988079071,,FIRST J115759.0+230730
14520,90.418044,SDSS J015810.13+141730.6,Q,2.196000099182129,,
14520,121.539685,SDSS J015808.61+141658.1,Q,0.9309999942779541,,
14522,122.871239,PGC 2511744,A,0.09000000357627869,,
4752,82.633834,WISEA J173619.07+680844.3,qX,1.0,4XMM J173619.0+680844,
4752,86.005927,SDSS J173558.73+680805.1,qX,1.5,4XMM J173558.5+680804,
4752,130.642708,WISEA J173619.91+680736.7,qX,1.600000023841858,4XMM J173620.0+680736,
4752,136.231901,J173629.57+680850.4,X,,2XMM J173629.9+680849,
14525,57.626913,SDSS J102545.65+134302.1,qX,1.2000000476837158,2SXPS J102545.7+134303,
4753,0.013953,ESO 602-25,AR,0.02500000037252903,,VL0J223125.48-190203.8
4753,76.276876,WISEA J223130.79-190153.1,q,0.6000000238418579,,
14529,106.367871,J125350.35-090816.2,X,,4XMM J125350.3-090817,
14529,161.092659,J125355.88-090426.8,RX,0.800000011920929,4XMM J125355.9-090428,VL0J125355.98-090426.7
14529,173.610043,J125344.86-090808.3,X,,4XMM J125344.6-090807,
4758,90.653224,SDSS J145906.87+494839.1,Q,1.9010000228881836,,
4758,151.180769,SDSS J145913.74+494850.2,Q,1.9869999885559082,,
14534,14.355019,J164144.32+393845.4,X,,1WGA J1641.7+3938,
14534,44.791576,J164141.84+393857.5,X,1.100000023841858,4XMM J164141.8+393859,
14534,99.673819,SDSS J164152.47+393741.4,QX,1.5080000162124634,4XMM J164152.5+393742,
14534,112.527988,SDSS J164148.41+394021.9,QX,1.3580000400543213,4XMM J164148.3+394023,
14534,122.495042,J164146.86+393634.6,X,0.699999988079071,4XMM J164146.8+393634,
4762,141.650719,WISEA J024134.23-122337.9,q,2.299999952316284,,
14537,177.280812,SDSS J231209.61+284518.7,Q,1.0839999914169312,,
4763,177.542153,WISEA J035901.18+011437.0,q,0.699999988079071,,
14538,134.73103,SDSS J235615.45+003408.7,Q,1.6019999980926514,,
14538,161.376818,SDSS J235610.87+003023.2,Q,1.1720000505447388,,
14540,144.561055,SDSS J023005.81+011014.2,Q,1.4500000476837158,,
14540,155.25364,SDSS J022958.10+011317.5,Q,1.4459999799728394,,
14540,155.897861,SDSS J022951.18+010829.4,A,0.24699999392032623,,
4766,57.486957,J082317.86+042213.8,X,0.5,CXOG J082317.8+042214,
4766,93.767982,SDSS J082320.12+042050.0,qX,1.600000023841858,CXOG J082320.1+042050,
4766,113.655837,SDSS J082316.65+042055.6,qX,2.0,4XMM J082316.7+042054,
14541,69.658292,SDSS J031722.58-000501.3,QRX,2.3519999980926514,2SXPS J031722.7-000501,NVSS J031722.7-000508
4773,0.032748,ESO 153-20,NR,0.019999999552965164,,SUMSS J020603.1-551138
4773,177.682208,WISEA J020542.77-551137.1,q,0.8999999761581421,,
14549,0.461523,MCG 3-29-049,ARX,0.01899999938905239,2SXPS J112655.0+184954,VL0J112655.09+184957.4
14552,126.558526,J134941.66+735700.8,R,,,NVSS J134941.9+735703
14552,164.316228,WISEA J135048.41+735604.7,q,1.899999976158142,,
14560,173.404856,GB 0723+488,QRX,2.4600000381469727,2SXPS J072702.7+484410,VL0J072703.11+484410.1
14561,13.422796,J082253.11+033403.2,X,,4XMM J082253.2+033402,
14562,63.492037,J120609.48+281431.4,X,,2RXP J120609.9+281428,
4785,143.289323,SDSS J135256.41+025114.8,Q,1.7699999809265137,,
14565,39.545763,LAMOSTJ215301.13+101143.1,Q,1.7089999914169312,,
14565,166.889317,SDSS J215310.78+101128.3,Q,0.9210000038146973,,
4788,93.328998,J084032.60+732818.0,X,0.20000000298023224,2SXPS J084032.2+732820,
14567,0.035212,NGC 166,NR,0.019999999552965164,,VL0J003548.74-133637.6
4790,133.162912,WISEA J184106.60-414529.8,qX,1.7999999523162842,CXOG J184106.5-414529,
4793,106.392106,SDSS J104444.37+261128.9,Q,2.177999973297119,,
14574,51.024462,SDSS J111441.09+301845.4,Q,1.3580000400543213,,
14574,151.265229,SDSS J111430.71+301645.1,Q,2.763000011444092,,
14576,120.562224,WISEA J140116.44+083415.7,qR,2.0999999046325684,,VL0J140116.44+083416.1
14578,179.72332,J161709.36+681213.9,X,,CXO J161709.9+681212,
14579,140.369968,J175609.00+651149.1,X,,1WGA J1756.1+6511,
4798,67.850038,SDSS J231816.90+291245.3,QRX,0.22599999606609344,XMMSL J231816.5+291246,VL0J231816.89+291245.4
4798,139.622312,SDSS J231814.69+291130.8,Q,1.9110000133514404,,
4798,152.370093,SDSS J231804.69+291249.2,Q,1.5859999656677246,,
14582,136.689735,WISEA J225825.64-650533.4,q,0.20000000298023224,,
14582,157.288791,WISEA J225819.10-650509.8,q,0.800000011920929,,
14583,141.204204,J012332.63+331743.3,X,1.2999999523162842,XMMX J012332.5+331744,
14583,144.419601,J012331.83+332212.4,X,,4XMM J012331.7+332212,
14589,48.10923,J091540.10+441402.7,X,,CXOG J091540.2+441401,
14589,141.250784,J091546.14+441630.0,X,,CXOG J091546.2+441629,
4805,109.560237,SDSS J012533.12-013330.0,QX,1.5729999542236328,4XMM J012533.1-013330,
4805,177.335077,SDSS J012515.08-013155.4,QX,1.3890000581741333,4XMM J012515.1-013155,
14592,49.899603,J162303.22+375723.8,X,,CXOG J162303.2+375723,
14592,106.1712,SDSS J162300.86+375511.3,QX,1.2319999933242798,CXOG J162300.8+375511,
14592,145.101083,SDSS J162311.80+375719.8,Q,0.9829999804496765,,
14592,158.482227,SDSS J162304.37+375925.1,Q,1.4049999713897705,,
14592,175.820195,SDSS J162307.20+375928.3,QX,2.890000104904175,1RXH J162307.6+375937,
4808,104.373139,WISEA J071217.73-603037.6,q,1.100000023841858,,
14595,100.987085,SDSS J010920.97+320815.5,QX,1.8049999475479126,4XMM J010920.9+320815,
14595,171.002918,SDSS J010927.37+320842.6,QX,1.8489999771118164,4XMM J010927.2+320845,
4811,51.567167,SDSS J004347.19+325137.2,Q,2.056999921798706,,
4811,149.13403,SDSS J004402.28+325037.8,Q,1.600000023841858,,
14602,93.133957,SDSS J125931.15+482116.1,Q,1.7430000305175781,,
14602,125.243075,SDSS J125928.30+481852.9,Q,1.8250000476837158,,
14605,164.969528,WISEA J225602.02-582104.7,q,1.399999976158142,,
14605,166.977089,WISEA J225555.46-582120.5,q,1.5,,
4814,155.252395,WISEA J104218.47-403315.3,q,2.799999952316284,,
4818,162.068544,LAMOSTJ001613.14+101716.1,Q,2.2100000381469727,,
14612,0.036822,PGC 170398,AR,0.026000000536441803,,NVSS J225559.8-122211
4819,135.203258,SDSS J002552.71-021857.9,Q,2.88700008392334,,
14613,140.103377,SDSS J233108.00+095057.5,Q,0.8199999928474426,,
14613,155.949815,SDSS J233057.33+094655.9,Q,2.3010001182556152,,
4820,176.86199,WISEA J030200.73-400227.5,q,0.5,,
4822,55.614299,SDSS J121126.54+574415.7,Q,2.6670000553131104,,
14619,77.819011,J120625.87+280856.9,X,0.20000000298023224,2CXO J120625.9+280857,
14619,131.861652,J120637.11+280959.1,X,,CXOG J120637.1+280959,
14619,145.026281,J120636.10+280608.6,X,,CXOG J120636.1+280608,
14619,166.047958,J120629.89+280530.6,X,1.7999999523162842,2RXP J120629.4+280538,
14619,169.857498,NGC 4104,NRX,0.02800000086426735,4XMM J120638.8+281026,VL0J120638.89+281027.5
14619,172.816797,J120630.35+280523.4,X,2.299999952316284,2XMM J120630.5+280522,
14619,177.420903,J120640.31+280610.0,X,,CXOG J120640.5+280609,
4824,0.326765,NGC 6113,NR,0.029999999329447746,,FIRST J161910.5+140800
14620,0.098188,NGC 4850,AX,0.019999999552965164,4XMM J125821.8+275801,
14620,102.803565,SDSS J125818.44+275936.3,QX,1.7230000495910645,4XMM J125818.5+275937,
14620,109.024848,SDSS J125829.98+275818.3,qX,1.7000000476837158,2XMM J125830.0+275819,
14621,78.560249,WISEA J130059.12-360619.8,q,1.2999999523162842,,
14622,133.257933,WISEA J140220.86-335659.3,qX,1.100000023841858,4XMM J140220.8-335659,
14623,165.086116,SDSS J141412.26+352806.2,Q,1.8509999513626099,,
14624,177.270824,SDSS J142041.36+150036.7,Q,3.2309999465942383,,
4827,0.370732,UGC 892,NX,0.017000000923871994,4XMM J012116.8-003240,
4827,140.313774,SDSS J012112.14-003037.0,QX,1.6579999923706055,2SXPS J012112.2-003035,
4827,156.635086,MCG 0-04-092,N,0.09099999815225601,,
14625,126.50876,SDSS J162849.34+411643.3,Q,1.8660000562667847,,
14625,133.142179,SDSS J162851.49+411536.1,Q,3.0139999389648438,,
14625,138.78484,SDSS J162910.50+411543.7,Q,0.8309999704360962,,
4828,75.281132,J015119.65+223439.2,X,,CXOG J015119.6+223439,
4828,95.105619,J015121.19+223446.8,X,,4XMM J015121.1+223446,
4828,141.915574,J015124.23+223534.0,X,,CXOG J015124.2+223534,
14627,167.951579,WISEA J001100.03-125208.3,q,1.100000023841858,,
14628,153.978228,SDSS J011126.38+332222.0,QRX,0.6579999923706055,4XMM J011126.3+332221,VL0J011126.37+332222.2
14630,0.096214,MCG +00.11.002,ARX,0.014000000432133675,2RXS J035757.7-001111,VL0J035758.66-001125.5
4830,179.169669,SDSS J101112.44+465747.6,Q,2.1670000553131104,,
4831,0.213244,NGC 4198,AR,0.03099999949336052,,VL0J121422.06+560040.8
14634,79.707781,SDSS J085557.99+180909.9,Q,3.183000087738037,,
14634,124.186753,SDSS J085543.75+180923.0,Q,1.2369999885559082,,
14634,146.767454,SDSS J085542.52+180845.5,Q,2.4779999256134033,,
4833,175.978587,SDSS J144032.98+033041.6,qX,1.0,CXOG J144033.0+033041,
14636,0.25708,NGC 4109,NR,0.023000000044703484,,NVSS J120650.8+425934
14636,113.601443,J120700.74+430025.5,X,2.0,CXOG J120700.7+430025,
14636,174.970257,J120635.22+425927.9,X,,CXOG J120635.2+425927,
14637,110.166945,SDSS J120654.42+204725.8,Q,3.3320000171661377,,
14639,110.232975,WISEA J143010.15+785304.8,q,1.7999999523162842,,
4837,163.776655,WISEA J123504.62+734223.8,qR2X,0.30000001192092896,CXOG J123504.6+734223,VL0J123504.64+734222.8
14647,140.867014,SDSS J015422.71+200409.5,A,0.18199999630451202,,
14648,69.945914,J015616.14+053813.0,X,0.30000001192092896,CXOG J015616.1+053813,
4843,169.13151,SDSS J121017.47+252116.7,QR,3.928999900817871,,VL0J121017.47+252116.7
14651,139.454079,WISEA J050004.67-183250.1,q,1.5,,
14654,179.4263,SDSS J111846.12+124138.8,Q,1.2309999465942383,,
4848,0.195998,NGC 4992,NRX,0.02500000037252903,CXOG J130905.5+113802,VL0J130905.57+113802.8
4848,168.41124,J130917.04+113755.7,X,,CXOG J130917.0+113755,
14659,138.497106,SDSS J233432.43+264134.0,Q,0.8130000233650208,,
14659,165.797696,SDSS J233426.74+264408.0,Q,1.215999960899353,,
14660,102.622674,SDSS J004248.58+323335.5,Q,1.621000051498413,,
14660,107.716532,SDSS J004245.67+323430.9,Q,2.240000009536743,,
4850,119.253531,SDSS J020027.15+281424.0,Q,1.8880000114440918,,
14662,177.755168,WISEA J020331.31-624953.8,q,1.100000023841858,,
14663,78.244647,SDSS J021450.67+312932.3,Q,1.3899999856948853,,
14665,163.715186,WISEA J030016.44+055011.3,q,1.600000023841858,,
14666,41.797596,J041846.71+022114.0,X,1.7000000476837158,4XMM J041846.7+022114,
14669,136.780103,SDSS J091414.50+431021.8,Q,1.6119999885559082,,
4856,145.259474,SDSS J014506.74+103821.0,Q,1.9579999446868896,,
4862,0.048859,ESO 549-49,ARX,0.026000000536441803,2SXPS J040225.7-180249,VL0J040225.66-180251.0
14681,87.350132,J204532.77-340650.4,R,,,VL0J204532.73-340651.1
4863,0.722254,UGC 3255,NRX,0.01899999938905239,2SXPS J050950.2+072859,VL0J050950.18+072900.4
4865,158.580328,WISEA J134753.25+382021.4,q,2.299999952316284,,
14688,0.483604,MCG -1-27-031,AX,0.020999999716877937,2RXS J103946.7-052848,
4866,117.42273,WISEA J234141.42-033215.8,qX,0.6000000238418579,CXOG J234141.4-033214,
14691,0.180326,MCG 7-26-032,A,0.019999999552965164,,
14691,104.835226,SDSS J123707.33+392939.7,Q,0.8360000252723694,,
14694,119.846933,WISEA J160431.71+034657.9,q,1.2999999523162842,,
14695,173.367141,SDSS J161518.21+464401.9,Q,1.503999948501587,,
14700,133.579609,WISEA J233521.13-664458.9,q,0.30000001192092896,,
4874,141.629109,WISEA J134738.51+032237.4,q,1.2999999523162842,,
14701,70.367901,J233911.72-165434.6,R,,,VL0J233911.72-165434.3
14706,106.496276,J082254.66+210256.7,X,0.30000001192092896,CXOG J082254.6+210256,
14706,125.937012,J082259.08+210307.4,X,,CXOG J082259.1+210307,
14706,161.176929,J082243.24+210605.5,X,,CXOG J082243.2+210605,
14707,109.689498,WISEA J130239.92-220546.9,qR,0.800000011920929,,VL0J130239.99-220548.6
4878,46.797218,J214619.70-463107.4,X,,4XMM J214619.6-463107,
4878,119.175572,WISEA J214603.90-463040.5,qX,0.4000000059604645,4XMM J214603.8-463040,
4878,123.27424,J214603.56-463135.0,X,,CXOG J214603.5-463136,
4878,160.497995,J214626.34-462914.6,X,,CXOG J214626.4-462913,
14708,155.842322,UGC 9521,AR,0.03099999949336052,,FIRST J144700.1+113530
14709,158.068078,SDSS J162656.20+484048.5,Q,2.553999900817871,,
14709,171.110113,SDSS J162703.70+483840.3,Q,1.7549999952316284,,
14709,179.46155,SDSS J162722.78+483845.9,Q,1.2139999866485596,,
14710,55.247509,WISEA J181752.49+412039.1,q,1.2999999523162842,,
4880,0.174694,NGC 2628,NR,0.012000000104308128,,NVSS J084022.7+233224
14713,0.084172,CGCG 425-34,ARX,0.028999999165534973,4XMM J210221.5+105816,VL0J210221.67+105816.1
4882,172.807647,SDSS J170344.32+362555.9,Q,0.6169999837875366,,
14716,161.41752,SDSS J003744.95+045420.0,Q,1.5180000066757202,,
4884,110.864551,J071132.24+291136.8,R,,,NVSS J071132.1+291136
4885,174.973628,SDSS J094113.07+103601.7,Q,2.9800000190734863,,
14722,82.818902,WISEA J050444.64-813510.6,q,1.399999976158142,,
14725,37.444301,WISEA J080136.60+063659.4,q,0.699999988079071,,
14730,0.181017,MCG 3-36-038,N,0.014000000432133675,,
14732,178.356572,WISEA J191009.13-480845.2,q,2.299999952316284,,
4892,71.563666,J084324.34-785642.2,X,,XMMX J084324.6-785643,
14733,144.900688,J221423.86+135933.0,X,,CXO J221423.9+135936,
14733,156.860931,SDSS J221414.10+135901.1,AX,0.0989999994635582,CXOG J221414.0+135900,
14733,171.060003,J221433.18+135629.7,X,0.10000000149011612,CXOG J221433.1+135630,
14733,177.024355,J221414.63+135934.4,X,,CXOG J221414.6+135934,
14734,67.217345,J231418.58-024302.2,X,0.30000001192092896,CXOG J231418.5-024301,
14734,133.871093,SDSS J231418.79-024137.8,QX,2.197000026702881,CXOG J231418.8-024137,
14734,135.793692,J231414.78-024459.0,X,0.10000000149011612,CXOG J231414.7-024458,
4893,161.676788,Q 09379+121,Q,2.736999988555908,,
14737,112.690714,WISEA J030830.83+342321.2,q,0.5,,
4896,0.049899,ESO 507-70,AR,0.02199999988079071,,VL0J130252.37-235517.2
4897,86.149871,MCG 2-36-002,NR,0.020999999716877937,,FIRST J135713.8+115949
14742,77.228817,SDSS J090847.05+373122.6,Q,1.5089999437332153,,
14744,94.86599,SDSS J122053.89+395413.3,Q,2.9000000953674316,,
14747,153.521225,WISEA J160229.03+680822.4,q,1.100000023841858,,
14750,79.185005,WISEA J004049.94-134657.0,q,1.2999999523162842,,
14751,61.399717,SDSS J005848.71+003412.4,Q,1.1519999504089355,,
14751,133.912258,SDSS J005850.36+003301.9,Q,1.7070000171661377,,
14753,81.488777,J034757.66-020228.2,X,1.100000023841858,2SXPS J034757.7-020226,
4904,0.253063,NGC 4977,NR,0.02800000086426735,,VL0J130604.44+553921.6
14756,128.890871,J092130.78+641437.5,R,,,NVSS J092131.1+641435
14757,178.758064,J133617.03+332228.8,R,1.7000000476837158,,FIRST J133617.0+332229
4907,139.53722,WISEA J014734.85-333454.8,qX,2.4000000953674316,XMMSL J014735.2-333459,
14758,39.161923,J143210.68+283356.9,2,,,
4908,175.340924,WISEA J023413.92-104916.8,q,2.0999999046325684,,
4908,175.954873,WISEA J023412.57-105033.0,q,0.10000000149011612,,
14759,123.613279,PDS J01125-4605,Q,2.240000009536743,,
14760,144.795779,SDSS J020838.92-074510.4,QX,0.5289999842643738,CXOG J020838.9-074510,
4910,0.179606,NGC 3817,NRX,0.019999999552965164,2RXP J114152.9+101816,VL0J114152.94+101815.8
4910,148.200998,SDSS J114143.65+101719.7,qX,1.899999976158142,4XMM J114143.6+101718,
4910,177.926541,SDSS J114204.47+101723.4,qX,0.5,4XMM J114204.4+101724,
14766,22.917288,SDSS J155529.08+415652.1,Q,1.2940000295639038,,
14766,68.265863,SDSS J155524.84+415704.9,Q,2.316999912261963,,
14768,9.488521,J170129.03+634120.1,R,,,NVSS J170128.6+634122
14772,108.762827,WISEA J190313.86+734555.3,q,1.2000000476837158,,
4917,12.663592,SDSS J092151.51+332419.4,Q,0.968999981880188,,
4918,73.133409,J120851.00+291911.8,X,0.5,2SXPS J120851.0+291914,
14778,115.656951,SDSS J111745.35+511640.6,Q,2.174999952316284,,
14778,132.874372,SDSS J111721.34+511506.5,Q,2.1760001182556152,,
4919,109.225166,SDSS J121152.18+152438.7,Q,2.2950000762939453,,
14779,75.515894,WISEA J112343.01-094640.6,q,0.8999999761581421,,
4922,171.003956,SDSS J123412.18+633257.3,QX,1.7719999551773071,1RXH J123411.7+633255,
14783,21.664758,SDSS J153905.20+053438.3,QR,1.5110000371932983,,VL0J153905.21+053438.6
4923,166.68255,SDSS J125306.13+282230.7,Q,0.734000027179718,,
14787,73.12438,SDSS J230528.49-025835.7,Q,0.9549999833106995,,
4924,0.109744,ESO 75-41,ARX,0.02800000086426735,CXOG J215705.9-694123,SUMSS J215707.9-694123
4924,27.602994,J215701.59-694108.2,X,,1RXH J215702.0-694102,
4924,39.13681,J215702.47-694049.1,X,,1RXH J215701.6-694048,
4924,59.151217,J215701.73-694028.9,X,,1RXH J215702.5-694025,
4924,102.798828,J215724.98-694151.6,2X,,CXOG J215724.8-694152,
14793,149.498348,WISEA J093150.35-160119.0,q,2.4000000953674316,,
4926,46.403327,J005142.76+074353.0,X,,2SXPS J005142.7+074352,
4926,94.481058,SDSS J005136.86+074354.0,QX,1.9299999475479126,2SXPS J005136.6+074353,
4927,160.833116,J021704.46+143039.5,R,1.7999999523162842,,VL0J021704.44+143040.7
14796,73.133235,J112217.63+241944.5,X,,CXOX J112217.6+241940,
14796,96.036638,SDSS J112209.94+241737.6,QX,3.3350000381469727,CXOG J112209.9+241737,
14796,153.936751,SDSS J112211.58+241629.9,QX,1.3350000381469727,CXOG J112211.5+241629,
14797,90.094266,SDSS J122238.29+510654.0,Q,1.680999994277954,,
14797,150.22097,SDSS J122249.51+510553.3,Q,0.5960000157356262,,
14797,178.92101,SDSS J122224.80+510726.1,Q,1.815999984741211,,
14802,153.005323,J204638.20+105932.1,X,2.5,2CXO J204638.2+105933,
14803,102.764618,SDSS J235203.97+312805.2,Q,2.7079999446868896,,
14804,129.923439,2QZ J013848.0-314708,Q,1.9270000457763672,,
14804,163.994979,2QZ J013841.2-315143,K,0.503000020980835,,
14805,114.892268,WISEA J030641.02-734555.8,q,2.0,,
4934,129.913322,QORG J200938.2-491745,QX,0.9980000257492065,2RXP J200937.4-491743,
4935,120.4898,SDSS J020108.01+151103.1,NR,0.4009999930858612,,VL0J020107.79+151104.3
4935,161.72734,SDSS J020048.62+151127.3,Q,2.686000108718872,,
14808,103.247619,J072958.88+644145.4,R,,,VL0J072958.84+644145.2
14809,172.386578,SDSS J075310.22+500458.2,Q,1.5010000467300415,,
4937,6.228755,J111503.25-282338.7,R,,,NVSS J111503.3-282338
14812,150.886949,SDSS J121706.94+425423.2,Q,1.7419999837875366,,
14814,0.145463,MCG 5-36-011,A,0.03200000151991844,,
14814,154.140292,WISEA J151433.89+263751.4,qR,2.200000047683716,,FIRST J151433.8+263751
14816,91.960072,SDSS J161359.00+345229.1,Q,1.684000015258789,,
14817,61.301958,WISEA J164640.58+653215.2,q,1.100000023841858,,
14820,32.617016,WISEA J180703.02+521600.7,q,0.8999999761581421,,
4943,149.788872,SDSS J082855.50+220158.7,Q,0.7509999871253967,,
4943,151.176915,SDSS J082852.34+220108.4,Q,2.259000062942505,,
4943,175.126888,SDSS J082857.77+220206.0,Q,0.8709999918937683,,
14823,149.644739,WISEA J005259.43+415600.4,q,2.200000047683716,,
14825,105.249227,WISEA J031713.07+033535.0,q,1.899999976158142,,
14825,134.45876,WISEA J031721.17+033434.2,q,1.7000000476837158,,
14826,148.594605,J044645.03+700453.5,X,,2RXS J044645.0+700457,
4948,67.335746,SDSS J124507.00+230218.8,Q,3.1670000553131104,,
14828,115.888041,SDSS J110435.17+292914.7,Q,0.7200000286102295,,
14834,147.966844,SDSS J225818.71+264012.9,Q,1.465999960899353,,
4952,0.207713,MCG -3-27-026,NR,0.020999999716877937,,NVSS J104218.8-173855
14844,150.239004,J135253.33-282506.2,X,2.4000000953674316,4XMM J135253.1-282504,
4955,179.45011,WISEA J042049.57+022207.7,q,1.5,,
14845,138.382758,WISEA J153913.08+314559.7,q,1.5,,
4957,105.164205,SDSS J092330.21+020858.5,AR,0.27900001406669617,,VL0J092330.21+020858.5
4957,156.100032,SDSS J092327.20+020922.3,Q,0.7599999904632568,,
14848,111.113051,SDSS J233511.38+125630.8,Q,0.4650000035762787,,
14848,155.30728,J233524.22+125325.3,X,,2SXPS J233524.2+125324,
14848,169.771145,SDSS J233515.59+125813.8,Q,1.9479999542236328,,
4960,68.3072,WISEA J134855.22-071208.3,q,1.0,,
14852,149.896635,J041648.38-122357.1,RX,1.0,2RXP J041649.1-122359,VL0J041648.38-122356.9
4961,0.120797,UGC 10683B,ARX,0.03099999949336052,2SXPS J170500.4-013227,VL0J170500.40-013228.1
14856,16.609886,LAMOSTJ113239.78+351958.0,Q,0.8389999866485596,,
14858,143.22707,J130421.18-292632.3,X,1.0,4XMM J130421.2-292632,
4966,121.799785,SDSS J123341.30+521714.1,Q,1.003000020980835,,
14861,142.912859,SDSS J141911.28+351804.8,QR,0.7300000190734863,,VL0J141911.31+351805.0
14861,150.413003,WISEA J141917.83+351753.3,q,0.5,,
14861,154.837585,SDSS J141921.52+352233.2,Q,0.7910000085830688,,
4969,0.0374,ESO 317-38,ARX,0.014999999664723873,2SXPS J102945.6-382054,VL0J102945.57-382053.8
14866,151.047536,SDSS J232605.25+254442.1,Q,1.128999948501587,,
14872,151.01949,WISEA J051926.39+054442.5,qR,0.5,,VL0J051926.39+054443.1
14873,154.650024,SDSS J082400.51+532235.0,Q,1.4670000076293945,,
14875,29.209754,2QZ J112158.1-024022,Q,0.6880000233650208,,
4976,0.072682,MCG +04.19.017,NRX,0.028999999165534973,2SXPS J075953.4+232323,FIRST J075953.4+232324
4976,145.908437,J080004.02+232336.3,X,,4XMM J080004.0+232336,
14877,42.204422,SDSS J140048.04+482719.9,Q,1.406000018119812,,
14877,162.484467,SDSS J140032.87+482746.5,Q,2.13700008392334,,
14880,108.541385,SDSS J004324.77-063805.1,Q,2.0510001182556152,,
14880,150.533551,SDSS J004327.72-063855.3,Q,2.061000108718872,,
14882,146.890553,J012351.62+332046.7,X,,2XMM J012351.6+332047,
14882,171.514879,J012355.29+331601.2,X,1.7999999523162842,CXOG J012355.2+331600,
14883,0.09088,MCG -02.08.038,ARX,0.032999999821186066,CXOG J030004.3-104928,VL0J030004.32-104928.4
14883,110.979438,J030009.04-105054.9,R,4.199999809265137,,VL0J030009.06-105054.5
14885,168.033488,WISEA J043855.60+000539.0,q,0.800000011920929,,
4985,67.617818,WISEA J082010.37+625022.7,q,1.0,,
14888,32.890165,SDSS J093115.27+300136.4,Q,2.117000102996826,,
14888,112.810101,SDSS J093120.05+300015.5,Q,2.0929999351501465,,
14889,96.529639,SDSS J115519.80+224113.5,Q,2.4079999923706055,,
14890,156.981834,SDSS J121331.97+463207.1,Q,2.296999931335449,,
14891,0.132637,CGCG 248-19,ARX,0.029999999329447746,2SXPS J144331.2+492338,VL0J144331.26+492335.3
14891,46.143999,SDSS J144326.53+492335.6,Q,1.6979999542236328,,
14891,169.046968,SDSS J144314.65+492423.2,Q,0.671999990940094,,
14891,174.293082,SDSS J144327.23+492625.1,Q,1.5049999952316284,,
4987,0.190588,NGC 5368,NR,0.014999999664723873,,VL0J135429.15+541950.3
4987,63.516548,SDSS J135436.11+542008.4,Q,0.5329999923706055,,
4987,163.106544,SDSS J135412.27+542100.1,Q,2.315999984741211,,
4990,0.301132,MARK 1126,ARX,0.009999999776482582,2SXPS J230047.7-125506,VL0J230047.82-125506.1
4992,106.356386,SDSS J020618.77+295906.2,QR,1.065000057220459,,VL0J020618.75+295906.3
14901,21.278433,WISEA J115931.67-364245.1,q,1.399999976158142,,
14903,129.167345,SDSS J123147.91+150603.2,qX,1.2999999523162842,4XMM J123147.9+150603,
14904,142.480302,WISEA J133634.69-340207.1,qX,0.20000000298023224,CXOG J133634.7-340206,
14904,149.560026,J133636.14-340203.7,X,,CXOG J133636.1-340204,
4995,0.289473,NGC 3259,ARX,0.006000000052154064,4XMM J103234.7+650227,NVSS J103234.9+650227
4995,5.943604,J103234.02+650224.7,X,,XMMX J103234.8+650222,
4995,142.135507,J103215.76+650112.8,X,,4XMM J103215.9+650112,
4995,149.981282,SDSS J103246.16+650439.5,qX,,2XMMi J103246.0+650440,
4995,151.260201,SDSS J103220.93+650024.8,QX,2.200000047683716,2XMMi J103220.9+650024,
4995,174.097991,SDSS J103259.86+650116.2,qX,1.2000000476837158,4XMM J103259.9+650116,
14907,163.910642,SDSS J000327.42+033819.1,Q,2.740999937057495,,
14912,148.896189,J032631.27-211529.4,X,0.10000000149011612,CXOG J032631.2-211530,
4999,136.07631,WISEA J223818.07+353157.9,qX,0.30000001192092896,4XMM J223818.0+353158,
4999,148.95429,WISEA J223801.21+353026.9,q,0.30000001192092896,,
14914,76.128022,SDSS J075716.56+330408.0,Q,1.6679999828338623,,
14915,127.415302,SDSS J075813.13+524451.2,QR,0.8159999847412109,,FIRST J075813.1+524450
14915,172.642895,SDSS J075805.46+524616.9,Q,1.5440000295639038,,
5001,43.190927,WISEA J052646.80-191207.4,q,0.20000000298023224,,
5002,141.810594,WISEA J103057.27-395717.2,qX,1.600000023841858,2SXPS J103057.3-395719,
14919,94.807555,WISEA J122626.95+265022.0,q,0.20000000298023224,,
5003,0.178006,ESO 286-17,NR,0.03200000151991844,,SUMSS J205749.3-432105
14921,154.5747,WISEA J133203.52+195951.8,q,2.5,,
14926,122.920564,WISEA J195553.96-204048.6,q,0.20000000298023224,,
5009,0.194986,MCG -1-40-001,NRX,0.023000000044703484,2SXPS J153320.5-084201,VL0J153320.70-084201.5
14929,112.92551,SDSS J004141.36-014457.2,Q,2.0299999713897705,,
14931,165.771154,SDSS J010033.30+194937.7,Q,1.9620000123977661,,
14932,126.61118,SDSS J012445.67-013040.1,Q,2.072000026702881,,
5015,0.052245,MARK 348,ARX,0.014000000432133675,CXOG J004847.1+315725,VL0J004847.12+315725.0
5015,137.331648,LAMOSTJ004844.64+315511.5,QX,2.002000093460083,CXOG J004844.6+315511,
14941,175.080037,WISEA J160423.95+693008.4,q,1.2000000476837158,,
14943,62.628705,SDSS J170147.64+411338.8,Q,1.5829999446868896,,
14946,104.083276,J033835.15-052216.2,R,,,VL0J033835.17-052215.8
14947,135.263774,WISEA J052903.46-472127.6,q,1.7000000476837158,,
14948,100.252062,PGC 213623,A,0.11900000274181366,,
14949,159.300783,SDSS J094920.02+440653.2,Q,0.9330000281333923,,
14949,159.864843,SDSS J094920.06+440523.0,Q,1.434999942779541,,
14954,58.400297,SDSS J233923.39+271443.8,Q,2.8350000381469727,,
14955,148.923909,SDSS J234713.68+282251.7,Q,2.069000005722046,,
5029,0.317097,NGC 5136,NR,0.02199999988079071,,FIRST J132451.3+134416
14961,67.180404,J081359.55+454324.9,X,,2SXPS J081359.2+454327,
14961,137.135123,SDSS J081412.00+454429.3,QX,0.8740000128746033,2SXPS J081412.0+454428,
14962,128.609723,2SLAQ J090839.21+003107.4,QX,0.9229999780654907,4XMM J090839.1+003108,
14962,179.183589,2SLAQ J090831.12+003024.2,Q,1.5520000457763672,,
14963,89.019647,NGC 2959,AR,0.014999999664723873,,NVSS J094509.3+683533
5035,0.211025,UGC 5771,AR,0.02500000037252903,,VL0J103719.33+433515.6
5035,74.363515,SDSS J103722.91+433411.5,Q,2.0409998893737793,,
5035,169.276545,PGC 2224903,AR,0.12399999797344208,,FIRST J103706.0+433642
14966,15.861461,SDSS J124055.47+292744.2,qR,1.2000000476837158,,NVSS J124055.4+292748
5036,175.151266,SDSS J135112.33+250309.7,Q,3.0,,
5037,0.091912,NGC 7566,NRX,0.027000000700354576,2XMMi J231637.4-021951,VL0J231637.42-021949.9
5037,85.709974,J231632.02-021922.5,X,,2XMMi J231632.0-021923,
14978,162.530764,UGC 5627,AR,0.023000000044703484,,NVSS J102408.8+133425
14979,0.38511,MCG 5-30-059,NR,0.027000000700354576,,FIRST J124120.1+300717
14979,66.025411,WISEA J124118.66+300821.9,q,1.399999976158142,,
14979,178.324278,SDSS J124117.53+301013.7,Q,1.3179999589920044,,
14981,133.306808,WISEA J151417.73+254123.7,q,1.0,,
14981,134.43584,SDSS J151418.15+254153.8,Q,2.809999942779541,,
14982,0.142742,CGCG 77-80,NR,0.03099999949336052,,FIRST J152053.2+082348
14988,0.106055,NPM 1G-02.0063,ARX,0.02800000086426735,2SXPS J020519.7-023307,VL0J020519.95-023305.4
14990,112.514322,WISEA J041053.92-312314.8,qX,0.4000000059604645,CXOG J041053.9-312314,
5052,91.710024,UGC 9521,AR,0.03099999949336052,,FIRST J144700.1+113530
14995,134.66614,WISEA J083003.60+395423.8,q,1.0,,
14995,142.313486,SDSS J083021.79+395129.8,Q,1.1929999589920044,,
14998,137.510547,WISEA J100759.61+342013.1,q,1.0,,
5056,34.064773,WISEA J093655.73+664746.5,q,0.10000000149011612,,
14999,117.485181,J130746.08-233508.6,X,2.299999952316284,2XMM J130746.0-233508,
15000,139.943825,WISEA J134932.54+704235.2,q,1.5,,
5057,170.491161,SDSS J105941.91+500311.4,Q,1.7020000219345093,,
5058,84.594982,SDSS J112625.54+465758.8,Q,1.1139999628067017,,
5058,171.029684,SDSS J112619.64+465537.0,Q,1.371000051498413,,
15002,158.827108,SDSS J135217.23+431218.0,QR,2.1549999713897705,,VL0J135217.23+431217.6
15002,168.194544,SDSS J135215.24+431156.9,Q,1.4270000457763672,,
15003,91.624794,SDSS J143236.12+314139.9,qX,1.7999999523162842,CXOG J143236.1+314140,
15003,152.194063,SDSS J143229.54+314155.4,qX,0.30000001192092896,CXOG J143229.5+314155,
15003,179.731187,J143233.74+313722.8,X,,CXOG J143233.7+313722,
5061,9.101863,J110313.00+110445.4,X,,CXO J110313.0+110447,
5061,9.540056,ChaMP J110312.3+110438,NX,0.020999999716877937,CXOG J110312.3+110438,
5061,15.979304,SDSS J110313.42+110421.9,qX,0.699999988079071,CXOG J110313.3+110419,
5061,100.430368,SDSS J110306.14+110428.3,QX,1.937000036239624,CXOG J110306.1+110428,
5061,179.561604,J110320.56+110656.6,X,,CXOG J110320.5+110656,
15006,121.400789,SDSS J225915.08+255255.9,Q,2.2109999656677246,,
15007,117.032581,WISEA J234854.10-600553.4,q,1.0,,
5063,95.0933,SDSS J133459.89+382858.8,Q,1.350000023841858,,
5063,171.26294,SDSS J133501.14+382440.5,QR,1.1679999828338623,,FIRST J133501.1+382440
15008,147.107867,SDSS J013048.82+140724.3,Q,0.9229999780654907,,
15009,67.860031,SDSS J015807.54+020458.2,Q,0.8700000047683716,,
15009,78.525253,SDSS J015803.74+020423.1,Q,2.2290000915527344,,
15009,126.064712,SDSS J015801.74+020238.0,Q,0.6060000061988831,,
15009,148.648619,SDSS J015759.64+020457.1,Q,1.5099999904632568,,
5064,92.038115,SDSS J140251.03+391009.7,Q,1.5889999866485596,,
15011,95.159428,SDSS J125258.76+320506.5,Q,1.8910000324249268,,
15011,138.520185,SDSS J125300.61+320840.7,Q,0.5099999904632568,,
15011,143.572242,SDSS J125301.45+320847.7,Q,1.5219999551773071,,
15012,56.936975,LAMOSTJ133532.77+332146.6,Q,1.1139999628067017,,
5067,161.85287,SDSS J162140.43+362137.3,Q,1.065999984741211,,
15015,63.319187,J142306.07+014104.2,X,2.0999999046325684,4XMM J142306.0+014103,
5069,71.065733,SDSS J000303.66-015345.2,QX,1.3259999752044678,4XMM J000303.6-015345,
5069,96.926213,SDSS J000259.46-015517.2,QX,1.8489999771118164,4XMM J000259.5-015516,
5069,142.577383,J000314.80-015410.8,X,0.8999999761581421,4XMM J000314.8-015410,
15017,140.120149,J162913.88+392343.9,X,,CXOG J162913.8+392345,
15019,79.969984,SDSS J015657.98-020027.3,Q,1.5759999752044678,,
5070,145.111304,SDSS J023150.54+011623.9,QR,1.9490000009536743,,VL0J023150.53+011624.1
5070,156.496769,SDSS J023148.05+011350.3,Q,2.240000009536743,,
5070,165.67089,SDSS J023207.05+011317.8,N,0.27900001406669617,,
15022,0.531734,FGC 471,AR,0.029999999329447746,,NVSS J041655.7-072846
15025,157.89594,SDSS J095208.70+330159.0,QX,1.0089999437332153,2RXS J095207.6+330141,
15025,170.191535,SDSS J095228.89+330524.8,A,0.546999990940094,,
15026,125.650268,SDSS J104245.36+400941.7,Q,1.3229999542236328,,
15027,174.29781,2QZ J122529.3-025641,Q,1.7630000114440918,,
15028,93.128128,SDSS J125608.07+482605.3,Q,1.2339999675750732,,
15028,129.18681,SDSS J125552.16+482829.8,qR,2.0999999046325684,,VL0J125552.13+482829.7
15029,36.160273,SDSS J141923.62+455014.1,Q,0.7540000081062317,,
15030,99.033732,J171538.50+572136.3,X,1.7999999523162842,CXOX J171538.2+572134,
15030,175.150898,J171553.97+572453.2,X,,CXOG J171554.0+572453,
5079,0.134345,IC 4995,NX,0.01600000075995922,2SXPS J201958.8-523718,
15034,158.560213,WISEA J215646.48-534937.8,qR,0.20000000298023224,,SUMSS J215646.3-534936
5082,36.726565,SDSS J163636.85+361238.1,Q,1.4579999446868896,,
5082,162.993468,SDSS J163632.65+360927.9,QX,0.9620000123977661,4XMM J163632.6+360927,
5083,107.605883,J211823.04-483338.4,X,,4XMM J211823.0-483338,
15037,164.748112,J000414.22-143406.8,R,3.5999999046325684,,VL0J000414.23-143406.4
5084,160.976381,SDSS J024523.87+005722.9,Q,3.072999954223633,,
5086,150.243185,SDSS J102332.42+124845.8,Q,2.3310000896453857,,
15045,88.920121,SDSS J075850.72+323609.8,Q,1.534999966621399,,
5089,89.197123,J124939.40-410427.7,X,,4XMM J124939.3-410427,
15049,146.481003,SDSS J121930.95+092714.7,Q,2.513000011444092,,
5094,103.453949,CXOU J221323-2207,QX,0.7250000238418579,CXOG J221323.1-220722,
15054,172.641947,J163548.51+660306.6,X,0.20000000298023224,4XMM J163548.3+660307,
5096,100.099876,WISEA J110923.79+360039.6,q,0.20000000298023224,,
5096,118.302634,SDSS J110925.85+360118.2,Q,0.9679999947547913,,
5096,123.587676,SDSS J110906.76+360026.5,Q,1.3079999685287476,,
5097,54.965467,SDSS J120910.90+291130.2,AX,0.13899999856948853,2SXPS J120911.0+291133,
5097,129.031473,SDSS J120906.92+291239.0,qX,1.399999976158142,2SXPS J120906.8+291240,
5097,151.001329,SDSS J120902.22+291228.2,qX,1.2000000476837158,2SXPS J120902.2+291232,
15059,85.117701,SDSS J001024.18+285756.4,QX,1.6139999628067017,4XMM J001024.2+285755,
15059,147.858113,J001031.68+290127.0,X,,4XMM J001031.6+290126,
15059,161.656594,SDSS J001037.14+290035.0,Q,2.0329999923706055,,
5098,122.829135,WISEA J132027.86-123509.2,q,1.2999999523162842,,
15062,94.998038,SDSS J091949.20+005611.3,qX,1.7999999523162842,CXOG J091949.2+005611,
15062,144.700943,SDSS J091951.29+005854.9,QRX,2.114000082015991,4XMM J091951.3+005854,VL0J091951.29+005855.2
15062,154.960872,J091954.54+005917.2,X,,4XMM J091954.5+005918,
15062,156.887351,SDSS J091947.22+005824.3,qX,2.799999952316284,4XMM J091947.2+005821,
5100,72.539694,SDSS J012025.16+324329.7,Q,2.759000062942505,,
5100,151.406109,SDSS J012031.06+324500.9,Q,2.549999952316284,,
15063,115.589098,SDSS J093642.31+232646.3,qX,1.600000023841858,CXOG J093642.3+232646,
15063,118.194907,SDSS J093640.32+232747.4,qX,1.399999976158142,CXOX J093640.3+232747,
15064,0.506399,PGC 170139,N,0.023000000044703484,,
5101,48.955796,WISEA J012440.58-380733.9,q,1.600000023841858,,
15066,172.242405,SDSS J122151.95+582738.2,Q,2.244999885559082,,
5103,98.429311,J041049.29-562934.6,X,,CXOG J041049.3-562934,
15067,87.331636,WISEA J124933.88-250950.0,q,2.5,,
15070,177.042818,SDSS J151124.06+102552.4,Q,2.6760001182556152,,
5107,176.972648,SDSS J130120.50+290833.3,qX,1.5,2CXO J130120.5+290833,
5108,111.388302,WISEA J170449.70+043016.6,q,0.699999988079071,,
15076,33.808193,WISEA J051738.20+094255.7,q,1.100000023841858,,
5110,0.134551,PGC 64989,ARX,0.01899999938905239,2SXPS J203431.1-303730,VL0J203431.34-303727.9
15077,172.834719,WISEA J062049.19+514747.9,q,1.899999976158142,,
15078,84.996886,SDSS J081900.39+210946.8,QX,1.8450000286102295,CXOG J081900.3+210946,
15078,135.701747,SDSS J081910.39+211214.5,qX,2.200000047683716,CXOG J081910.3+211214,
5111,84.870684,SDSS J015221.99+173103.2,Q,2.5360000133514404,,
5111,88.625468,SDSS J015228.79+173212.7,Q,0.5019999742507935,,
5111,110.516575,SDSS J015220.38+173116.6,Q,2.447999954223633,,
5111,152.475138,SDSS J015238.29+173111.3,Q,2.3450000286102295,,
15080,72.66263,IRAS 12323-3659,NRX,0.029999999329447746,2RXS J123504.1-371527,NVSS J123503.9-371527
5112,113.13687,SDSS J020016.41+312033.1,Q,1.819000005722046,,
5112,172.498939,SDSS J020021.00+311555.5,QX,1.5640000104904175,4XMM J020021.0+311555,
5112,178.485584,SDSS J020032.89+311800.8,Q,0.4950000047683716,,
15081,99.036492,WISEA J135452.60-193841.4,q,1.100000023841858,,
5113,174.203533,WISEA J023116.17+431727.7,q,1.600000023841858,,
5116,172.774213,SDSS J104509.16+220149.7,N,0.10899999737739563,,
15088,2.908772,ESO 504-13,AR,0.032999999821186066,,NVSS J114320.8-273558
5117,0.867605,UGC 7064,ARX,0.02500000037252903,4XMM J120443.3+311037,VL0J120443.29+311038.2
5117,110.825901,J120436.18+310937.0,X,,4XMM J120436.2+310937,
15089,177.113861,SDSS J120940.57+470729.0,qX,0.30000001192092896,4XMM J120940.8+470729,
5119,118.558645,SDSS J235610.98-001804.7,Q,2.0899999141693115,,
5120,30.535865,WISEA J000442.40-302831.0,q,0.20000000298023224,,
5120,90.006434,2QZ J000443.4-302732,Q,2.302999973297119,,
5121,83.44715,SDSS J003715.26+015744.1,Q,1.4270000457763672,,
5121,109.450418,SDSS J003705.17+015638.8,Q,0.6970000267028809,,
15100,146.199781,SDSS J082948.67+484426.5,Q,1.8309999704360962,,
15103,0.36968,UGC 6888,N,0.032999999821186066,,
15103,72.94527,SDSS J115516.75+500956.1,Q,2.0769999027252197,,
15103,118.457915,SDSS J115521.89+500957.3,Q,2.572999954223633,,
5125,157.413426,WISEA J194738.90-100445.0,q,0.30000001192092896,,
15105,114.787945,SDSS J122505.62+255532.3,Q,2.0969998836517334,,
5128,158.356072,SDSS J225441.32+201620.5,Q,1.090000033378601,,
15110,120.669178,SDSS J012124.61+330645.5,Q,2.2809998989105225,,
5130,53.124996,SDSS J014345.09-040046.4,QR,2.2699999809265137,,VL0J014345.12-040045.9
5131,125.760663,SDSS J014838.65+123514.0,Q,1.878999948501587,,
5131,163.631278,WISEA J014826.32+123439.4,q,0.20000000298023224,,
15115,81.418422,SDSS J123304.28+262156.5,Q,2.319000005722046,,
5132,163.357951,SDSS J084355.24+344233.6,Q,0.9419999718666077,,
15117,136.065268,SDSS J160029.24+302520.1,Q,1.1610000133514404,,
15118,56.804835,WISEA J180007.21+342951.5,q,0.8999999761581421,,
5135,85.338786,J173432.04+495751.7,R,1.399999976158142,,VL0J173432.06+495751.7
15121,158.547277,SDSS J223035.39+223414.5,Q,0.6129999756813049,,
15124,169.882206,J025554.70+092202.2,X,2.0999999046325684,2XMM J025554.5+092201,
5137,0.257881,NGC 7682,ARX,0.017000000923871994,4XMM J232903.9+033159,VL0J232903.91+033200.0
5137,154.314546,J232859.45+032940.8,X,1.2999999523162842,4XMM J232859.5+032937,
5137,168.610132,J232904.36+032911.5,X,,2SXPS J232904.4+032910,
5138,124.181993,J003425.97+121403.9,R,,,FIRST J003425.9+121403
5138,133.267051,SDSS J003425.55+121819.0,Q,0.6340000033378601,,
5138,174.939887,SDSS J003413.48+121503.6,Q,2.494999885559082,,
5138,176.310423,SDSS J003436.49+121632.9,Q,2.76200008392334,,
15131,96.961696,MCG 0-34-005,ARX,0.017999999225139618,2SXPS J130850.1-004900,FIRST J130850.1-004902
15131,144.024756,J130904.54-004723.0,X,,2SXPS J130904.5-004720,
5142,103.585846,J132220.00-165244.6,X,0.8999999761581421,2XMM J132219.9-165244,
5142,151.573632,J132207.68-165348.0,X,,2XMM J132207.6-165347,
15133,142.1625,SDSS J171637.41+431904.6,qX,2.0,CXO J171637.4+431904,
15137,58.279625,SDSS J233910.64+273209.7,Q,1.3200000524520874,,
15137,133.754095,SDSS J233903.76+273331.7,Q,2.0280001163482666,,
15137,135.471075,SDSS J233908.37+273057.2,QX,0.6800000071525574,1WGA J2339.1+2730,
5145,32.248249,J144035.92+032225.6,X,,2XMM J144035.9+032225,
5145,85.200521,SDSS J144034.09+032340.4,qX,1.5,CXOG J144034.0+032339,
5145,140.582606,SDSS J144045.70+032118.7,qX,2.0999999046325684,4XMM J144045.7+032119,
5145,151.770735,J144046.94+032128.1,X,0.30000001192092896,CXOG J144046.9+032126,
15142,86.686674,SDSS J113918.44+392007.3,Q,1.934000015258789,,
5147,120.405236,WISEA J044027.03+740949.8,q,3.0,,
15145,137.800258,WISEA J174613.52+571619.3,q,0.5,,
15148,144.926469,SDSS J234753.56+272453.2,Q,1.527999997138977,,
5154,85.372482,WISEA J012139.79-330915.6,q,0.10000000149011612,,
15155,145.378558,SDSS J145729.29+295938.5,Q,3.1040000915527344,,
15155,169.670944,SDSS J145751.01+295800.2,Q,0.7260000109672546,,
5155,151.139797,WISEA J020045.03+460937.3,q,0.30000001192092896,,
15157,0.073025,ESO 234-50,NRX,0.008999999612569809,2SXPS J203557.9-501132,SUMSS J203557.7-501132
15158,147.927894,WISEA J211625.48-221116.2,q,1.2999999523162842,,
5157,89.45242,SDSS J112348.70+525411.1,Q,1.9140000343322754,,
15160,138.121656,J221354.25+134847.0,X,,CXO J221354.3+134848,
5160,91.567837,SDSS J224625.67+210522.1,Q,1.3229999542236328,,
15165,174.082519,WISEA J023737.37-550818.4,q,1.2999999523162842,,
15168,118.786275,SDSS J083728.28+250012.2,QX,0.4169999957084656,4XMM J083728.3+250013,
15168,163.802188,J083726.33+250116.1,X,,2XMM J083726.0+250116,
15168,167.530739,SDSS J083742.18+250230.7,Q,0.9769999980926514,,
15169,114.479004,SDSS J101817.18+455537.4,Q,0.6650000214576721,,
15169,124.038325,SDSS J101821.99+455512.6,Q,2.934000015258789,,
15170,92.536747,WISEA J105642.52-125443.4,q,0.20000000298023224,,
5166,120.872268,WISEA J060357.05-634358.7,q,0.800000011920929,,
15172,124.216338,J130003.37+280047.8,X,,CXOX J130003.3+280048,
15172,164.908489,SDSS J125948.57+280417.2,qX,1.7999999523162842,2XMM J125948.5+280417,
15172,179.439443,SDSS J125948.05+275939.9,qX,1.7000000476837158,CXOX J125948.0+275939,
15173,139.927591,SDSS J131740.22+203649.4,Q,1.5360000133514404,,
15179,128.436895,WISEA J234436.21+273548.0,q,0.699999988079071,,
15179,171.119267,SDSS J234437.93+273444.8,Q,0.593999981880188,,
15181,35.819875,NGC 526A,ARX,0.01899999938905239,CXOG J012354.3-350355,VL0J012354.37-350355.0
15181,80.086991,Q 0121-3518,QX,2.1600000858306885,4XMM J012401.2-350307,
15181,90.444085,J012359.23-350242.9,X,,4XMM J012359.2-350244,
15181,116.421301,J012403.52-350534.7,X,,4XMM J012403.4-350534,
5172,93.15617,WISEA J182428.43+713730.4,q,1.399999976158142,,
5172,166.293897,WISEA J182345.62+713647.1,q,0.4000000059604645,,
15184,11.540015,J053349.36-132116.9,X,,2RXS J053348.1-132119,
5174,177.760129,WISEA J021401.23+163014.1,q,1.7000000476837158,,
15186,69.301381,SDSS J113059.00+291825.0,Q,2.8399999141693115,,
15186,131.078453,SDSS J113107.68+291604.2,Q,1.6610000133514404,,
5175,94.473901,J043945.55-530138.4,X,,4XMM J043945.4-530138,
5175,175.228186,J043919.07-530155.4,X,,4XMM J043919.4-530156,
15188,113.143233,WISEA J131405.56-391425.6,q,0.800000011920929,,
5179,0.167705,NGC 5804,ARX,0.013000000268220901,2SXPS J145706.9+494009,FIRST J145706.8+494008
5179,153.225936,SDSS J145657.85+493802.1,qR,2.299999952316284,,VL0J145657.86+493802.0
15196,118.611466,J212536.82-340358.5,X,,4XMM J212536.8-340358,
15196,152.473382,J212542.17-340212.4,X,,4XMM J212542.0-340212,
15202,0.023058,ESO 306-25,NRX,0.02500000037252903,2SXPS J054550.8-392938,NVSS J054550.8-392937
15205,80.22842,SDSS J101904.59+462558.0,QX,1.5540000200271606,2SXPS J101904.8+462556,
15205,103.604275,SDSS J101912.59+462611.3,QX,1.9429999589920044,2SXPS J101912.7+462610,
15205,171.944602,SDSS J101920.56+462817.6,QX,1.4730000495910645,2SXPS J101920.6+462815,
5186,129.037017,SDSS J074643.88+444916.6,Q,1.3609999418258667,,
15207,156.119594,J104359.68-011934.5,X,,4XMM J104359.6-011933,
15208,31.04685,WISEA J123948.58-230444.3,q,1.7000000476837158,,
15209,76.1393,Q 1602.8+1753,QX,3.005000114440918,2XMM J160501.3+174515,
15209,100.199869,J160501.77+174812.2,X,,4XMM J160501.8+174811,
15209,115.36812,SDSS J160508.29+174532.8,qR,0.800000011920929,,FIRST J160508.2+174531
15213,179.735179,SDSS J232323.19+323251.6,Q,2.253999948501587,,
15214,122.689952,SDSS J020013.45+234543.4,Q,1.7339999675750732,,
15214,149.774834,SDSS J020008.76+234331.3,Q,2.058000087738037,,
15214,152.285144,SDSS J020002.48+234319.7,Q,1.1779999732971191,,
5190,87.949985,SDSS J015045.80-035719.0,Q,1.6540000438690186,,
5190,172.266106,SDSS J015042.71-035909.2,Q,1.7619999647140503,,
5193,0.022545,IRAS 16399-0937N,N,0.027000000700354576,,
5193,10.52549,J164240.19-094308.3,X,2.9000000953674316,CXOG J164240.1-094308,
5193,161.403608,J164251.00-094338.4,X,2.0999999046325684,CXOG J164251.0-094337,
5194,0.225459,UGC 10678,AR,0.03099999949336052,,FIRST J170358.4+241039
15219,56.214777,SDSS J081901.65+214659.8,QX,1.7599999904632568,CXOG J081901.6+214659,
15219,90.538733,SDSS J081904.84+214558.8,QX,1.8760000467300415,CXOG J081904.8+214559,
15219,153.267552,SDSS J081854.23+214754.8,QX,1.7869999408721924,CXOG J081854.2+214754,
15219,164.460429,SDSS J081854.43+214840.2,qX,2.200000047683716,CXOG J081854.3+214840,
15220,155.249867,SDSS J082507.34+035634.4,Q,2.5810000896453857,,
5196,0.229545,NGC 6786,NR,0.02500000037252903,,NVSS J191054.2+732436
15223,177.49808,WISEA J130203.31-145555.7,q,1.0,,
15224,117.796562,WISEA J160921.59+414627.6,q,0.20000000298023224,,
15224,123.296011,SDSS J160927.35+414503.1,Q,1.090000033378601,,
15225,151.131162,SDSS J163112.57+462035.8,Q,1.9429999589920044,,
15226,155.913599,SDSS J164548.24+352611.8,Q,1.1720000505447388,,
15227,123.979625,SDSS J164818.07+415550.2,Q,2.4110000133514404,,
5201,146.938292,SDSS J015907.98+185513.6,Q,3.114000082015991,,
15228,84.707632,6QZ J221559.9-302143,Q,1.4110000133514404,,
15230,131.47378,SDSS J010926.99-060811.2,A2,0.5329999923706055,,
15230,132.155614,SDSS J010937.36-060653.9,Q,1.6799999475479126,,
5203,123.881306,J034134.13+151703.0,X,,CXOG J034134.0+151703,
15232,176.335444,SDSS J025141.67-004134.8,Q,3.3499999046325684,,
5205,53.608538,SDSS J160703.23+220325.2,Q,2.319999933242798,,
5205,135.378589,Q 16048+2209,Q,1.3769999742507935,,
15236,23.652898,SDSS J084326.10+033628.8,Q,0.4259999990463257,,
5207,0.075108,NGC 7212,ARX,0.026000000536441803,CXOG J220701.9+101400,VL0J220701.98+101401.1
5207,58.769695,J220659.66+101313.0,X,,CXOG J220659.6+101313,
5207,113.237258,J220654.33+101408.9,X,,CXOG J220654.3+101409,
5207,144.56358,SDSS J220711.73+101346.7,QX,0.625,CXOG J220711.7+101346,
5207,160.091461,J220656.32+101617.3,RX,,CXOG J220656.3+101617,VL0J220656.32+101617.3
15239,145.507161,SDSS J105415.95+590013.6,Q,1.2359999418258667,,
15239,157.665582,SDSS J105442.89+590035.2,Q,1.2359999418258667,,
5208,0.352355,ESO 541-1,AR,0.020999999716877937,,NVSS J005503.2-190030
15240,86.004668,J120411.40+280959.2,X,0.10000000149011612,2RXP J120411.8+280959,
15240,114.476586,PGC 1827699,N,0.0689999982714653,,
15240,131.167871,SDSS J120414.67+281015.7,Q,2.2860000133514404,,
5210,83.068518,WISEA J085810.82-191248.5,q,1.2999999523162842,,
15244,131.213879,SDSS J135405.79+051155.1,Q,3.134999990463257,,
15244,172.614923,SDSS J135400.44+051438.5,qX,2.0999999046325684,2XMMi J135400.4+051441,
15245,143.632681,SDSS J142423.32+351658.7,N,0.48100000619888306,,
15245,168.583753,AGES J142440.48+351922.0,AX,0.6520000100135803,CXOX J142440.5+351920,
15245,177.598084,SDSS J142428.16+351923.8,AX,0.1720000058412552,CXOG J142428.1+351922,
5215,167.984917,SDSS J234513.56-013848.0,Q,1.2890000343322754,,
15249,36.05413,SDSS J004209.53+005351.6,A,0.15199999511241913,,
15251,55.962826,SDSS J013105.30+133954.0,Q,1.8969999551773071,,
15251,167.74746,SDSS J013056.18+134050.4,Q,0.8740000128746033,,
5218,96.052485,J230149.44+160023.5,X,,CXOG J230149.5+160023,
5218,130.584311,J230157.76+160035.1,X,,CXOG J230157.8+160034,
15252,116.9744,SDSS J021337.29+040554.3,Q,2.5940001010894775,,
15252,136.299675,WISEA J021336.32+040646.4,q,1.2000000476837158,,
15252,140.464265,SDSS J021343.89+040348.6,Q,1.4450000524520874,,
5219,132.953565,SDSS J012028.03+294145.1,Q,1.937000036239624,,
5219,174.449991,SDSS J012031.22+293926.9,Q,1.3109999895095825,,
15254,0.225475,UGC 4248,ARX,0.017999999225139618,2RXS J080854.6+001806,VL0J080855.43+001805.9
5220,117.136762,J024609.61+130606.4,X,1.399999976158142,CXOG J024609.6+130606,
5220,149.656092,J024622.80+130336.5,X,,CXOX J024622.9+130333,
5220,153.575013,WISEA J024607.05+130602.9,qR2X,1.2999999523162842,CXOG J024607.0+130602,VL0J024607.04+130603.0
5221,1.3259,UGC 4332,NRX,0.017999999225139618,2XMM J081937.8+210653,NVSS J081937.7+210653
5221,60.918972,SDSS J081940.57+210605.2,QX,2.0269999504089355,CXOG J081940.5+210606,
5221,110.123515,J081929.96+210642.2,X,,CXOG J081930.0+210641,
15258,76.085166,SDSS J112055.70+211939.3,Q,1.7130000591278076,,
15259,137.792776,WISEA J114254.62+200119.7,qR2X,1.7999999523162842,XMMX J114254.6+200119,FIRST J114254.6+200119
5223,90.363909,WISEA J124545.32-104156.5,q,0.8999999761581421,,
5223,116.271363,WISEA J124548.24-104348.5,q,2.5,,
15261,135.707255,WISEA J130918.25-283707.1,q,0.20000000298023224,,
15262,164.819198,WISEA J144859.32-205333.7,q,0.4000000059604645,,
5226,127.405045,WISEA J182525.34+680227.5,q,1.100000023841858,,
5226,171.981756,WISEA J182457.86+675948.4,q,1.2000000476837158,,
15266,130.521999,SDSS J232945.85+085734.4,Q,0.7509999871253967,,
15266,179.079679,SDSS J233005.53+085911.2,Q,2.4619998931884766,,
5228,98.659959,WISEA J065649.71+485248.6,q,0.699999988079071,,
15270,60.664606,WISEA J060922.49-473608.4,q,1.899999976158142,,
5230,139.662698,LAMOSTJ131451.35+124338.6,Q,0.8009999990463257,,
15277,94.441401,SDSS J134207.38+041703.9,QR,0.5720000267028809,,VL0J134207.38+041704.0
5232,56.439166,J143239.72+095334.8,X,,2SXPS J143239.7+095333,
5232,57.844684,J143240.53+095247.8,X,,2SXPS J143240.5+095249,
15278,67.472712,SDSS J135744.07+172951.6,Q,1.6169999837875366,,
5233,0.092508,UGC 10287,N,0.029999999329447746,,
15280,173.484404,SDSS J144407.95+041527.5,Q,2.257999897003174,,
5234,120.839774,WISEA J190143.59+404238.6,q,1.2999999523162842,,
5235,82.979185,SDSS J234301.75+272902.1,Q,1.1740000247955322,,
15284,58.014644,2QZ J223004.4-282903,K,0.27000001072883606,,
5236,114.138492,WISEA J015053.04+351628.2,q,1.7000000476837158,,
15288,168.420161,SDSS J103454.97+444656.4,Q,1.378000020980835,,
5240,129.550826,SDSS J141907.66+350900.1,QR2,1.4359999895095825,,VL0J141907.68+350900.1
5240,165.331333,SDSS J141929.70+350703.6,N,0.17299999296665192,,
15294,102.601545,J220248.40-315800.1,X,,2XMM J220248.4-315759,
15294,116.524185,J220238.31-320057.4,X,,XMMX J220238.1-320055,
15294,145.381222,CXOCY J22027-3157,QX,1.3229999542236328,CXOG J220242.4-315702,
15294,166.844673,2QZ J220249.5-320158,QX,1.5410000085830688,4XMM J220249.4-320156,
15294,167.793246,CXOCY J22026-3156,QX,1.3259999752044678,CXOG J220239.9-315646,
15294,170.752552,CXOCY J22025-3157,NX,0.46000000834465027,CXOG J220233.0-315745,
5241,141.768396,J144531.11+384438.5,X,,CXOG J144531.0+384438,
5241,165.507278,J144507.58+384518.8,X,0.5,CXOG J144507.5+384519,
5242,163.162761,J160240.63+210834.6,R,,,VL0J160240.64+210834.7
15301,0.281481,CGCG 73-74,NRX,0.023000000044703484,4XMM J134704.3+110623,FIRST J134704.3+110622
15301,56.036866,SDSS J134704.12+110718.3,qX,2.0,4XMM J134704.1+110718,
15301,66.308159,SDSS J134703.00+110519.1,AR,0.2290000021457672,,VL0J134702.99+110519.1
15302,0.471774,CGCG 76-50,A,0.028999999165534973,,
15302,102.868114,SDSS J144746.70+093349.2,Q,2.861999988555908,,
15302,131.676072,SDSS J144751.96+093259.4,Q,2.3310000896453857,,
5246,104.839415,2SLAQ J004323.71-000605.4,QX,1.5160000324249268,2XMM J004323.7-000605,
5246,176.586639,SDSS J004316.94-000623.9,Q,1.5199999809265137,,
15303,51.053433,SDSS J164753.68+364310.1,Q,1.305999994277954,,
15303,89.981051,SDSS J164746.22+364312.8,Q,1.4170000553131104,,
15303,134.850922,SDSS J164756.22+364428.1,Q,2.427000045776367,,
15306,93.954056,SDSS J204053.38+004042.1,Q,0.5019999742507935,,
5252,149.548036,WISEA J024913.30-142708.0,q,2.200000047683716,,
5252,170.524405,WISEA J024858.05-142547.8,q,0.30000001192092896,,
15311,134.099553,NGC 4614,ARX,0.01600000075995922,2SXPS J124131.5+260232,FIRST J124131.4+260233
15311,143.267942,J124140.98+260636.6,X,,2SXPS J124141.3+260631,
15311,151.829506,SDSS J124134.99+260650.7,qX,0.30000001192092896,2SXPS J124134.7+260652,
15315,173.731331,SDSS J160929.66+302655.6,Q,1.7730000019073486,,
15315,178.687089,SDSS J160951.29+302446.1,Q,0.9909999966621399,,
5256,116.491828,SDSS J115348.34+432851.9,qX,1.899999976158142,4XMM J115348.3+432850,
5256,127.672244,J115335.19+432542.8,X,0.20000000298023224,4XMM J115335.2+432542,
5256,159.783538,J115349.27+432943.0,X,0.5,4XMM J115349.2+432944,
5257,104.455721,MS 12292+6430,BRX,0.16300000250339508,2SXPS J123131.5+641418,VL0J123131.42+641417.9
5257,164.406911,XMS J123139.9+641123,QX,1.0260000228881836,4XMM J123139.8+641124,
15323,137.581218,SDSS J002332.49+303503.0,Q,2.802000045776367,,
5260,0.039286,ESO 299-20,NR,0.017000000923871994,,VL0J024933.94-384610.3
15328,15.95458,J132920.03-381430.9,X,,XMMSL J132919.6-381425,
15334,134.801888,SDSS J222428.39+180551.2,Q,1.1490000486373901,,
15334,138.869341,SDSS J222430.76+180142.8,Q,0.7929999828338623,,
5269,104.823026,WISEA J043043.95-001915.1,q,0.5,,
15338,0.212188,MCG 7-28-006,NRX,0.027000000700354576,4XMM J132348.4+431804,VL0J132348.44+431804.1
15338,86.537537,SDSS J132342.40+431708.0,qR,2.1619999408721924,,VL0J132342.39+431707.8
15338,111.161847,SDSS J132357.42+431856.4,Q,1.340000033378601,,
15338,136.330658,SDSS J132339.83+431942.9,QX,1.8109999895095825,2XMMi J132339.7+431942,
15338,150.589388,SDSS J132359.61+431636.1,QX,1.472000002861023,4XMM J132359.5+431636,
5270,88.609145,WISEA J131606.94+305605.4,q,0.699999988079071,,
5270,92.324647,SDSS J131616.74+305813.7,Q,1.1890000104904175,,
5270,128.490164,J131602.87+305619.7,R,,,FIRST J131602.9+305619
15342,0.119207,MCG 8-33-046,NX,0.01600000075995922,XMMSL J182848.0+502217,
15342,171.048716,WISEA J182832.42+502057.9,q,2.5999999046325684,,
15343,60.723664,SDSS J220832.29+002951.0,Q,1.6349999904632568,,
15343,108.968866,SDSS J220827.85+002957.3,Q,1.2990000247955322,,
15345,177.343469,J234838.54-281540.2,X,,2XMM J234838.4-281538,
5275,97.653657,WISEA J090443.77+133411.8,q,0.30000001192092896,,
5275,136.339163,SDSS J090441.15+133306.0,Q,0.7509999871253967,,
15347,112.511439,WISEA J001922.43-063721.5,q,0.4000000059604645,,
5276,114.761759,SDSS J135655.22+460014.4,Q,2.443000078201294,,
5276,126.379188,SDSS J135701.14+460025.8,Q,0.9259999990463257,,
15348,63.614668,J030551.94-001005.9,X,1.899999976158142,2XMM J030551.9-001005,
5277,109.209189,WISEA J130023.60-223953.7,q,2.0999999046325684,,
15351,81.874769,J094940.00+321155.4,X,,2CXO J094940.0+321155,
5278,121.244154,SDSS J145605.68+494405.3,Q,1.7860000133514404,,
5278,151.276239,SDSS J145544.63+494130.2,Q,0.6899999976158142,,
15352,0.356617,UGC 5476,NR,0.023000000044703484,,VL0J100914.44+402108.2
15353,111.563065,2SLAQ J101118.18+002440.8,Q,1.7610000371932983,,
15353,164.414219,J101107.62+002730.6,X,,CXOG J101107.6+002730,
5280,60.510302,WISEA J204035.68-202547.8,q,1.0,,
5281,0.250849,IC 1417,N,0.017999999225139618,,
5281,78.144225,NGC 7171 BSO1,QRX,0.7300000190734863,XMMSL J220016.5-130856,VL0J220016.36-130905.1
15358,23.356791,J125929.25+275314.0,X,0.20000000298023224,4XMM J125929.2+275314,
15360,87.614007,B2 1348+38,QRX,1.3930000066757202,2SXPS J135015.2+381207,VL0J135015.14+381206.7
5285,36.484001,CSO 325,Q,0.9079999923706055,,
15363,71.393236,WISEA J205828.80-320342.8,qX,0.6000000238418579,2RXS J205829.6-320356,
5288,76.860438,SDSS J133552.23+332517.5,Q,1.7890000343322754,,
5289,57.008874,J134132.87+554012.9,X,,2RXP J134133.8+554008,
5289,87.269756,SDSS J134149.72+554031.6,Q,1.1670000553131104,,
5289,164.212874,SDSS J134122.27+553900.7,Q,1.3990000486373901,,
15368,121.092593,WISEA J021332.88+311014.8,q,2.4000000953674316,,
15370,56.16418,WISEA J045459.36-252135.9,q,2.200000047683716,,
5291,86.621462,WISEA J015040.88+355541.6,q,0.699999988079071,,
15371,113.815655,WISEA J051550.53-160618.7,q,1.2999999523162842,,
15374,116.234549,SDSS J082714.24+224916.1,Q,1.9559999704360962,,
5293,175.532321,SDSS J023152.22-091910.1,Q,2.7249999046325684,,
15377,115.064424,SDSS J114835.19+124404.0,qX,1.7999999523162842,CXOG J114835.2+124403,
15377,162.136733,SDSS J114834.87+124136.8,QX,2.377000093460083,CXOG J114834.8+124136,
15383,119.52737,WISEA J234912.92-170713.6,q,0.30000001192092896,,
15383,174.258465,QBQS J234906.84-170843.2,Q,1.2899999618530273,,
5301,123.844133,SDSS J110642.29+230040.4,Q,0.6819999814033508,,
5301,157.942779,SDSS J110644.10+225854.3,Q,2.499000072479248,,
15385,168.265142,SDSS J010159.24+322325.5,Q,0.5580000281333923,,
15391,75.073955,PGC 165213,N,0.04100000113248825,,
15391,120.526126,SDSS J123216.41+111651.4,qX,1.100000023841858,CXOG J123216.4+111651,
15392,83.591829,SDSS J123310.95+480134.8,Q,1.4210000038146973,,
15393,164.147864,WISEA J132107.35-345059.8,q,0.800000011920929,,
15397,89.781838,WISEA J211746.68-481740.3,q,1.7000000476837158,,
5312,0.267583,ESO 269-12,AX,0.01600000075995922,CXOG J125640.5-465534,
5313,0.147458,MCG 0-34-005,ARX,0.017999999225139618,2SXPS J130850.1-004900,FIRST J130850.1-004902
5313,116.360485,2QZ J130846.7-005047,QX,2.0920000076293945,2SXPS J130846.7-005045,
15404,159.099484,SDSS J110708.65+120118.4,N,0.5540000200271606,,
15405,145.743642,SDSS J115055.68+552142.0,QX,1.8370000123977661,CXOG J115055.6+552141,
15407,142.809025,J131228.82-192618.7,X,,4XMM J131228.8-192618,
15407,170.180134,J131222.91-192926.1,X,,4XMM J131222.9-192925,
15407,177.590188,J131228.06-192847.1,X,1.0,2XMMi J131228.3-192846,
5319,116.206504,WISEA J213049.68+135923.2,q,0.10000000149011612,,
15408,0.129142,CGCG 193-8,A,0.03099999949336052,,
15408,49.240115,SDSS J145428.34+370447.2,Q,1.465000033378601,,
15409,2.106562,CGCG 21-49,N,0.028999999165534973,,
15409,110.800649,SDSS J151237.05+012844.8,Q,0.26600000262260437,,
15410,85.042802,WISEA J153404.07+225437.5,q,1.2000000476837158,,
15410,104.261221,WISEA J153356.98+225529.0,q,1.399999976158142,,
5321,103.43633,SDSS J220514.24-004037.0,Q,0.6949999928474426,,
15411,0.170845,MCG 14-08-004,NRX,0.023000000044703484,2SXPS J161919.0+810247,VL0J161919.27+810247.2
5322,136.251978,SDSS J235558.94-005359.0,Q,1.781000018119812,,
5322,139.429814,SDSS J235615.98-005418.5,Q,1.3070000410079956,,
15412,124.144197,WISEA J173838.31+094028.6,q,1.2999999523162842,,
5324,61.320352,WISEA J135037.12-382530.2,q,1.5,,
5324,106.506752,WISEA J135028.11-382621.7,q,0.30000001192092896,,
15417,114.261117,J012604.28-011141.2,RX,,4XMM J012604.4-011141,VL0J012604.30-011140.7
15417,129.792255,J012555.90-011456.2,X,0.10000000149011612,4XMM J012555.8-011457,
15417,163.92728,J012611.30-011154.9,X,1.399999976158142,4XMM J012611.3-011154,
15417,171.413689,SDSS J012555.40-011117.8,QX,1.0219999551773071,2XMM J012555.4-011117,
5327,115.692618,SDSS J023246.49+001642.6,QX,2.069999933242798,4XMM J023246.5+001642,
5327,154.117351,SDSS J023230.93+001428.8,Q,1.7970000505447388,,
15421,178.412956,SDSS J090755.82+514021.5,Q,2.5490000247955322,,
15422,61.598557,WISEA J093407.86-205135.1,q,1.899999976158142,,
15425,74.273504,SDSS J141719.08+250406.2,qX,1.100000023841858,2SXPS J141719.0+250406,
15425,75.211145,SDSS J141723.31+250425.0,qX,0.20000000298023224,2SXPS J141723.2+250425,
15425,130.282915,J141721.37+250519.3,X,,2SXPS J141721.2+250517,
5332,81.382725,SDSS J161426.06+350754.1,Q,3.0239999294281006,,
5332,133.210979,WISEA J161429.15+350840.9,q,0.800000011920929,,
15429,51.807843,WISEA J225107.56+312233.3,q,0.8999999761581421,,
15429,143.503606,SDSS J225055.41+312406.6,Q,1.3910000324249268,,
5336,11.940236,J141911.92+244757.0,X,,2SXPS J141912.0+244753,
5336,86.836017,J141912.85+244921.9,X,,CXOX J141912.9+244920,
5336,115.576876,J141906.32+244640.3,X,,2SXPS J141906.3+244640,
15432,57.016286,WISEA J122007.15+145751.5,qX,2.0,2SXPS J122007.1+145752,
15435,114.63262,SDSS J130630.66+584734.7,Q,2.3010001182556152,,
15437,165.571549,SDSS J144013.08+163849.3,Q,3.38100004196167,,
5343,172.774173,SDSS J132713.14+524451.1,Q,2.88700008392334,,
5344,0.171094,NGC 5231,NRX,0.02199999988079071,4XMM J133548.2+025956,FIRST J133548.2+025956
5344,55.758164,J133544.98+030022.7,RX,,4XMM J133544.9+030023,VL0J133544.99+030022.9
5344,81.092513,J133551.09+030104.9,X,,4XMM J133550.9+030104,
5344,98.566479,J133549.05+030133.7,X,1.399999976158142,4XMM J133549.0+030134,
15444,0.263694,NGC 7095,AX,0.01899999938905239,4XMM J213808.0-423617,
15444,39.420619,J213806.10-423543.7,X,,2XMM J213806.0-423543,
15445,46.778768,SDSS J002212.41+301447.6,Q,0.5920000076293945,,
15445,97.744882,SDSS J002215.42+301313.3,Q,0.5370000004768372,,
15445,126.725248,WISEA J002225.46+301417.8,q,2.700000047683716,,
15445,140.620083,SDSS J002206.56+301559.7,Q,1.746000051498413,,
15446,127.775987,SDSS J080626.19+550752.7,Q,0.9829999804496765,,
15449,167.378934,J103810.46+584629.4,X,0.20000000298023224,4XMM J103810.3+584628,
15450,127.895483,WISEA J104451.25+370646.3,q,0.6000000238418579,,
15450,133.065101,SDSS J104453.01+370623.2,Q,1.9270000457763672,,
15452,150.356389,J122032.33+291925.7,X,,CXOX J122032.2+291926,
15452,171.493893,J122029.25+292121.0,X,,2XMM J122029.2+292122,
15454,0.447214,UGC 8702,N,0.02800000086426735,,
15457,158.194331,WISEA J225030.52-201926.3,q,0.699999988079071,,
5357,0.289989,IC 1258,N,0.027000000700354576,,
15461,0.156408,NGC 449,NRX,0.01600000075995922,2XMM J011607.1+330522,NVSS J011607.2+330521
15461,161.719163,J011555.04+330614.1,X,,4XMM J011555.2+330613,
5361,0.146711,ESO 104-11,NRX,0.014999999664723873,CXOG J184744.1-630925,SUMSS J184744.2-630922
15463,36.944338,WISEA J041035.52-624304.1,q,1.0,,
5363,125.327598,SDSS J232904.24+294430.3,Q,1.9199999570846558,,
5363,150.04652,SDSS J232917.46+294734.3,Q,0.8880000114440918,,
5365,2.354625,IC 2434,NR,0.024000000208616257,,FIRST J090716.0+371254
5365,148.854816,SDSS J090711.05+371510.8,Q,0.953000009059906,,
15467,134.027757,SDSS J091545.93+100755.4,Q,2.122999906539917,,
15468,96.736881,SDSS J104510.50+390025.6,Q,1.5470000505447388,,
15468,154.605453,SDSS J104458.52+390107.4,Q,1.3339999914169312,,
15470,0.021387,IC 2986,A,0.009999999776482582,,
5369,65.134086,J181845.21+501709.1,X,1.7999999523162842,XMMSL J181845.0+501708,
5369,92.095397,87GB 18172+5016,QR2,1.3949999809265137,,VL0J181830.52+501719.8
5369,107.556946,WISEA J181829.38+501732.2,q,0.5,,
15474,104.858058,SDSS J223639.06+193718.6,Q,0.6909999847412109,,
15474,145.85996,SDSS J223633.05+194005.7,QR,1.222000002861023,,NVSS J223633.0+194009
15482,42.179489,WISEA J093426.60-092646.0,q,1.2999999523162842,,
15483,71.284624,SDSS J102627.23+172930.3,Q,2.315000057220459,,
15484,174.575478,SDSS J131734.07+310822.5,Q,2.8329999446868896,,
15486,124.811802,WISEA J145830.67-070247.6,qR,2.5,,VL0J145830.69-070247.1
5382,32.991935,J103423.12+734520.9,X,,2SXPS J103423.1+734519,
5383,110.615677,SDSS J115319.11+204655.1,Q,0.6129999756813049,,
15493,173.656416,WISEA J034952.19-073929.0,q,0.20000000298023224,,
5384,109.660572,SDSS J135207.64+140847.6,Q,1.7879999876022339,,
7129,145.198652,LAMOSTJ101237.58+122118.2,Q,2.121999979019165,,
17677,0.425929,CGCG 479-49,NX,0.02500000037252903,2SXPS J003832.0+233647,
17677,52.619219,SDSS J003832.64+233555.8,Q,1.0609999895095825,,
17679,56.657471,SDSS J024242.17-033825.7,Q,1.2339999675750732,,
17679,111.395196,SDSS J024231.08-033802.4,Q,0.902999997138977,,
7132,148.022472,SDSS J025742.69+413243.6,qX,1.2000000476837158,4XMM J025742.6+413243,
7133,159.475674,SDSS J115047.70+550600.2,QX,1.4709999561309814,CXOG J115047.7+550600,
17684,39.401932,SDSS J094313.75+385301.4,N,0.5429999828338623,,
17684,49.531467,J094312.56+385231.1,X,,2RXP J094312.8+385239,
17686,25.086698,SDSS J114230.89+182011.7,qR,2.5999999046325684,,VL0J114230.87+182011.1
7139,122.80398,WISEA J202128.71-271903.8,qR,0.6000000238418579,,VL0J202128.71-271903.5
17687,164.09979,WISEA J133552.80+344650.2,q,0.20000000298023224,,
7144,149.675942,WISEA J134032.32-074526.8,q,1.2999999523162842,,
7145,141.517968,WISEA J182553.25+321206.9,q,2.5,,
7147,0.800771,ESO 353-38,NR,0.029999999329447746,,VL0J014337.40-334217.6
7149,108.893569,SDSS J082245.93+241937.2,Q,1.7100000381469727,,
7149,147.409688,SDSS J082252.96+241610.7,Q,1.940999984741211,,
7152,0.196654,MCG 1-37-043,NR,0.028999999165534973,,FIRST J143937.8+030848
17705,146.358844,SDSS J164243.54+513156.3,Q,1.284000039100647,,
17706,172.443367,WISEA J180059.07-634526.3,q,3.0,,
17709,173.8788,WISEA J005424.11+421829.3,q,0.30000001192092896,,
17711,179.432781,WISEA J012238.19-261303.9,q,1.5,,
17712,93.36284,WISEA J021354.30+315316.5,q,1.100000023841858,,
17713,128.613224,WISEA J025506.32+034944.3,q,0.699999988079071,,
7166,0.212073,IRAS 13218-1929,ARX,0.017000000923871994,2RXS J132435.4-194506,NVSS J132435.3-194511
7168,124.193776,SDSS J215820.98-030739.9,Q,2.433000087738037,,
7170,118.103787,SDSS J223854.74+352806.8,qX,1.7000000476837158,4XMM J223854.9+352805,
17720,37.26645,SDSS J115200.08+464838.1,Q,1.4700000286102295,,
17720,130.297666,SDSS J115145.03+464825.2,Q,2.0439999103546143,,
17722,141.597483,LBQS 1217+1005,Q,0.9909999966621399,,
7173,100.711598,SDSS J093819.91+433206.7,Q,2.753000020980835,,
7173,141.295176,SDSS J093825.26+433252.9,Q,1.0709999799728394,,
17723,126.219119,SDSS J131215.95+353818.5,Q,1.0010000467300415,,
7174,23.166614,GQ124941+265314,QR,0.75,,FIRST J124940.9+265315
7178,122.662584,J010858.85-455136.0,X,,2XMM J010858.9-455137,
17728,137.357336,SDSS J161604.13+365948.1,Q,1.5460000038146973,,
17728,155.514653,SDSS J161551.45+365715.9,Q,2.134000062942505,,
7179,70.111324,WISEA J044332.45+135059.2,q,1.2999999523162842,,
7182,0.326684,NGC 5596,AX,0.010999999940395355,4XMM J142228.7+370719,
7182,120.529535,SDSS J142226.07+370915.8,qX,1.2000000476837158,4XMM J142226.0+370915,
17734,173.719396,WISEA J014319.69+303814.6,q,0.4000000059604645,,
17736,157.177418,WISEA J031138.96-043355.3,q,0.20000000298023224,,
7185,0.145288,UGC 12149,NR,0.02500000037252903,,VL0J224107.56+321011.2
7185,175.042278,SDSS J224100.72+320739.3,Q,1.4769999980926514,,
7185,178.369064,SDSS J224107.84+320712.7,Q,2.5299999713897705,,
17738,166.566872,WISEA J041035.52-624304.1,q,1.0,,
7188,112.766741,PGC 1161327,AR,0.0860000029206276,,FIRST J033213.1+001547
7189,145.761323,WISEA J055339.45-324507.0,q,0.6000000238418579,,
17741,126.791836,SDSS J102415.19+280219.5,Q,1.9869999885559082,,
17742,169.857907,SDSS J114531.86+332014.9,Q,4.493000030517578,,
7194,103.958118,J031552.82-120203.4,R,0.5,,VL0J031552.82-120203.1
17746,120.251823,WISEA J180046.50+230442.8,q,2.0,,
7195,75.041737,J033515.01-323534.9,R,,,NVSS J033514.8-323533
7196,11.030157,J062440.67-372011.4,X,,1WGA J0624.6-3720,
17748,125.114145,WISEA J010548.28+322603.0,qX,1.0,1WGA J0105.7+3226,
7197,95.651355,SDSS J111624.39+554137.4,Q,1.4730000495910645,,
17749,160.964339,Q 0134-4252,Q,2.259999990463257,,
7198,139.585662,LAMOSTJ123858.03+320021.3,Q,1.1640000343322754,,
7198,162.009609,SDSS J123851.82+315628.0,Q,2.634000062942505,,
7198,169.030349,SDSS J123835.59+315924.4,Q,2.424999952316284,,
7201,132.627085,SDSS J155303.17+210728.8,Q,2.6089999675750732,,
17755,33.522402,SDSS J085637.62+515440.5,Q,1.3919999599456787,,
17755,119.759146,SDSS J085626.41+515623.2,Q,2.196000099182129,,
17757,161.689585,WISEA J135729.91+254756.2,qX,1.399999976158142,2SXPS J135729.7+254800,
7204,0.282323,ESO 12-21,ARX,0.032999999821186066,XMMSL J004046.9-791423,SUMSS J004045.4-791424
17761,133.323711,WISEA J024146.37-205837.4,q,1.600000023841858,,
17762,159.528806,J032203.12-134050.5,X,,2RXP J032203.5-134049,
7208,0.315849,MCG 6-20-032,NR,0.014000000432133675,,VL0J090838.43+323534.5
7208,142.629457,WISEA J090834.48+323320.8,q,2.5999999046325684,,
7208,173.4542,SDSS J090848.32+323334.1,Q,2.0789999961853027,,
7211,58.488937,SDSS J170821.17+404654.5,Q,2.1389999389648438,,
7211,161.434785,SDSS J170812.52+404820.1,Q,3.813999891281128,,
7211,163.416464,SDSS J170839.88+404752.4,Q,2.5329999923706055,,
17767,178.493673,SDSS J104033.71+064941.2,qX,1.0,4XMM J104033.7+064940,
7212,91.440356,J223227.24+391353.2,X,2.200000047683716,4XMM J223227.3+391355,
17768,122.173412,SDSS J105020.40+262002.3,Q,4.863999843597412,,
7215,146.354953,SDSS J010930.31-014022.5,Q,0.8700000047683716,,
7218,84.894514,WISEA J131132.05-391257.2,q,2.0999999046325684,,
17775,125.240172,J161612.35-063246.2,X,1.0,2XMM J161612.3-063245,
17777,176.398284,SDSS J163116.78+395311.3,QX,1.6740000247955322,4XMM J163116.7+395312,
7223,107.896404,SDSS J012408.30+093118.3,QX,1.7000000476837158,4XMM J012408.2+093119,
7223,114.758537,J012402.19+093421.1,X,,4XMM J012402.3+093421,
7223,140.395406,J012359.62+093202.0,X,,4XMM J012359.6+093202,
17780,163.002165,J043034.07-123800.8,R,,,VL0J043034.08-123800.5
7224,169.03823,WISEA J092345.03+244730.2,q,0.10000000149011612,,
7225,23.801366,SDSS J092451.09+410333.9,Q,1.2419999837875366,,
17785,56.618137,SDSS J075612.97+265335.3,Q,1.2480000257492065,,
17785,123.263265,SDSS J075612.33+265121.9,Q,2.1659998893737793,,
17785,149.071751,SDSS J075618.95+265536.1,Q,0.8529999852180481,,
17786,113.782295,WISEA J083750.17-022638.2,q,1.0,,
17790,95.584577,SDSS J154207.36+395924.8,Q,1.6549999713897705,,
17790,141.914405,SDSS J154221.12+395655.7,Q,1.6260000467300415,,
7232,26.329951,WISEA J224447.55-491702.6,q,1.399999976158142,,
7233,136.79359,SDSS J003939.62+253853.1,Q,1.2109999656677246,,
17792,91.058343,NPM 1G+51.0301,A,0.029999999329447746,,
17792,171.753011,LAMOSTJ162132.31+513140.5,Q,0.7720000147819519,,
17793,171.348982,WISEA J165922.08-020153.1,q,1.600000023841858,,
17796,97.308001,J231835.35+425920.2,X,,CXOG J231835.4+425919,
17797,88.264676,SDSS J233806.39+262800.2,Q,1.1619999408721924,,
7242,0.090305,IC 1856,NR,0.02199999988079071,,VL0J024850.81-004602.5
7242,85.468086,Q 0246-0057,QR,1.7089999914169312,,VL0J024846.72-004502.7
7242,125.490846,SDSS J024859.06-004622.6,Q,1.4950000047683716,,
7242,160.525732,SDSS J024842.82-004749.7,Q,1.7200000286102295,,
17802,125.965263,SDSS J090050.75+511217.1,Q,3.2780001163482666,,
17802,163.117435,SDSS J090021.88+511113.6,Q,1.2239999771118164,,
7243,33.02838,J050144.90-180946.3,X,,CXOX J050144.9-180943,
7243,114.718109,J050143.98-181113.4,R,0.10000000149011612,,VL0J050143.98-181112.6
17805,170.373695,WISEA J125656.46-412118.2,q,1.2000000476837158,,
7246,108.585235,SDSS J072455.51+272041.0,qR,1.600000023841858,,FIRST J072455.5+272041
17808,124.197744,SDSS J162401.67+400716.2,Q,2.2049999237060547,,
17809,166.629032,WISEA J175738.54-601859.0,qX,,2SXPS J175738.7-601856,
7248,0.3313,IC 2637,ARX,0.028999999165534973,2SXPS J111349.7+093510,VL0J111349.75+093510.6
7248,112.803918,WISEA J111349.37+093703.2,q,1.399999976158142,,
7248,120.906695,SDSS J111353.52+093323.5,qX,0.8999999761581421,4XMM J111353.4+093323,
7248,133.154434,J111355.49+093653.0,X,0.30000001192092896,4XMM J111355.4+093655,
17811,178.493222,WISEA J214741.74-062447.5,q,0.8999999761581421,,
7250,109.318518,SDSS J130436.74+553736.9,Q,1.5640000104904175,,
17813,86.721421,SDSS J222327.52+184301.8,Q,1.5859999656677246,,
7251,146.38887,WISEA J174240.74+161221.5,q,2.4000000953674316,,
17816,116.709096,SDSS J004708.33-024547.0,Q,1.031000018119812,,
17816,127.698663,SDSS J004713.57-024234.0,Q,1.0099999904632568,,
7254,74.626956,J025438.82+413423.7,X,,XMMX J025438.5+413421,
7254,85.352864,J025436.88+413213.6,X,,1RXH J025436.7+413209,
7254,135.578503,WISEA J025435.59+413546.8,qX,1.0,2XMM J025435.5+413546,
7254,142.247118,J025446.61+413321.5,X,1.5,XMMX J025446.3+413321,
7254,161.791702,J025419.71+413309.5,X,1.7000000476837158,1RXH J025420.8+413313,
7254,166.139487,J025437.56+413051.3,X,1.5,1RXH J025437.9+413051,
17821,0.139128,UGC 6125,N,0.019999999552965164,,
17822,111.354312,SDSS J123632.90+320302.4,Q,2.117000102996826,,
17823,0.059899,CGCG 19-52,N,0.02500000037252903,,
17823,132.821021,J143110.03-005648.0,X,1.899999976158142,2XMMi J143110.0-005645,
17825,71.598495,J183341.28+595216.4,X,,CXOG J183341.2+595216,
7261,123.974827,WISEA J054228.48-253336.7,qX,1.2000000476837158,2SXPS J054228.2-253338,
7261,127.960955,J054212.62-253330.4,X,,2SXPS J054212.3-253332,
17826,146.701611,SDSS J234024.21+061232.6,Q,2.2160000801086426,,
17826,157.859745,SDSS J234025.87+061731.2,Q,2.0369999408721924,,
17829,83.123602,SDSS J025747.99-022052.8,Q,2.1019999980926514,,
7264,153.965286,J071932.05+854108.9,X,0.30000001192092896,2SXPS J071932.0+854109,
17833,167.080814,WISEA J070008.31+335901.5,q,1.2000000476837158,,
7267,0.190145,UGC 8975,NR,0.01899999938905239,,NVSS J140316.1+383150
7269,98.672839,WISEA J205156.82-261705.8,q,0.30000001192092896,,
17838,68.438591,J114016.50+025910.0,X,0.5,2XMM J114016.5+025910,
17838,130.232926,J114012.04+030111.6,X,,4XMM J114012.0+030111,
17839,178.493574,WISEA J114545.31-435148.5,q,2.4000000953674316,,
17840,118.337316,J143528.36+034040.2,X,,4XMM J143528.3+034038,
17841,177.176956,SDSS J144953.99+354238.1,Q,2.609999895095825,,
17844,79.744899,J195932.32-384954.8,X,,2SXPS J195932.1-384957,
7278,153.507832,WISEA J110327.94+750447.9,q,1.899999976158142,,
7279,24.380199,SDSS J122547.90+514015.4,Q,0.7170000076293945,,
7279,79.202462,SDSS J122541.86+514117.9,Q,2.257999897003174,,
7279,111.977574,SDSS J122546.44+514157.7,Q,2.260999917984009,,
7279,176.013338,WISEA J122534.63+514230.6,q,1.2999999523162842,,
7280,162.749732,WISEA J130116.65-353532.1,qX,1.100000023841858,2SXPS J130116.8-353532,
17850,105.306906,2SLAQ J004043.92-001856.9,Q,1.6579999923706055,,
7284,120.646909,SDSS J150627.23+015948.5,qX,1.2000000476837158,2CXO J150627.2+015948,
7284,163.194116,SDSS J150645.16+015916.9,Q,0.5419999957084656,,
17855,165.365253,SDSS J090750.37+332519.9,Q,1.4539999961853027,,
17856,43.176534,WISEA J100758.60+770058.1,q,2.0999999046325684,,
7286,48.72692,WISEA J210400.00-490735.1,q,1.100000023841858,,
17859,0.254571,IC 722,N,0.02199999988079071,,
17859,127.416946,SDSS J114244.39+085620.1,QR,2.26200008392334,,VL0J114244.40+085620.5
17860,150.943811,SDSS J120918.21+485531.8,Q,1.534999966621399,,
7290,2.913466,NGC 3588,NRX,0.026000000536441803,2SXPS J111402.7+202321,NVSS J111402.7+202318
7291,106.592985,NGC 3722,N,0.020999999716877937,,
17862,152.14824,SDSS J130747.31+535457.2,QX,1.9290000200271606,4XMM J130747.2+535457,
17863,82.226121,SDSS J134528.74+034719.6,QR,0.828000009059906,,VL0J134528.75+034719.9
7292,160.512618,WISEA J140155.37+365811.3,q,1.2000000476837158,,
7293,57.413997,SDSS J230035.92+304513.9,Q,1.9220000505447388,,
7293,132.090373,SDSS J230040.33+304219.9,Q,1.8489999771118164,,
7294,109.578758,SDSS J234514.73+281143.4,Q,2.424999952316284,,
7294,129.395505,SDSS J234506.05+281011.0,Q,1.715999960899353,,
17869,63.111672,WISEA J161819.34+350952.5,q,2.200000047683716,,
7296,70.580967,SDSS J104320.56+404710.8,N,0.028999999165534973,,
7296,142.268753,SDSS J104325.55+404849.4,Q,4.906000137329102,,
17870,91.910235,J173510.14+680705.5,X,0.10000000149011612,4XMM J173510.0+680707,
17870,156.336649,J173548.64+680539.3,X,,2XMM J173548.8+680540,
17870,157.300365,J173524.60+680831.8,X,,4XMM J173524.6+680831,
17870,158.157383,J173457.96+680728.6,X,0.20000000298023224,2RXP J173457.6+680731,
7298,173.098428,SDSS J164015.63+391735.3,Q,0.5440000295639038,,
7302,159.588077,WISEA J055033.64-225935.4,q,1.5,,
17878,51.425439,SDSS J162908.33+403617.5,Q,1.4110000133514404,,
17878,116.493202,SDSS J162917.46+403520.3,QX,1.9780000448226929,CXOG J162917.5+403520,
17880,155.891417,WISEA J184855.27+843440.4,q,0.20000000298023224,,
7306,8.660457,SDSS J160222.96+360631.5,N,0.06800000369548798,,
7306,83.647275,SDSS J160221.35+360754.4,Q,0.9610000252723694,,
17883,159.543881,WISEA J004916.53-492601.8,q,0.30000001192092896,,
7309,166.604367,WISEA J021006.26-101921.1,q,1.0,,
7310,1.806335,IRAS 03106-0254,NRX,0.027000000700354576,4XMM J031308.7-024319,VL0J031308.78-024319.0
7312,72.630154,WISEA J124610.91-411701.8,q,2.0,,
7312,160.101518,J124629.12-411750.1,X,,4XMM J124629.0-411748,
17890,107.363751,SDSS J135224.79+375009.1,Q,3.138000011444092,,
17891,98.456845,SDSS J143151.10+061431.5,Q,1.0850000381469727,,
7316,132.047762,SDSS J082101.11+391429.8,Q,2.5139999389648438,,
17895,133.449855,WISEA J214736.23+131248.3,q,1.2000000476837158,,
7318,155.651059,SDSS J142308.44+181423.5,Q,0.6589999794960022,,
17896,110.083003,2QZ J215623.3-291505,Q,1.2289999723434448,,
7321,132.644552,SDSS J235911.90+044646.0,Q,1.1260000467300415,,
7322,125.490179,WISEA J030329.71-021248.8,q,0.5,,
7326,66.48507,WISEA J062709.58-243952.5,q,0.6000000238418579,,
17907,164.63271,LAMOSTJ113808.74+204530.4,Q,1.4520000219345093,,
17908,123.707115,SDSS J115617.44+394439.1,Q,0.8690000176429749,,
17908,144.886064,SDSS J115636.58+394243.4,Q,2.0460000038146973,,
17909,100.721287,SDSS J134238.36+313315.3,Q,2.4200000762939453,,
7330,111.839613,SDSS J115835.16+252021.9,Q,0.7319999933242798,,
17911,173.092156,SDSS J153546.89+433006.5,N,0.23199999332427979,,
17915,119.535792,SDSS J002349.79-030553.7,Q,0.8059999942779541,,
17915,164.819895,SDSS J002355.14-030128.6,Q,1.5720000267028809,,
7337,67.639674,SDSS J124521.89+270755.3,QX,0.5889999866485596,CXOG J124521.8+270755,
7337,107.887767,J124519.04+270547.0,X,,CXOG J124519.0+270546,
7337,141.273923,SDSS J124506.67+270752.4,QX,0.9750000238418579,CXOG J124506.6+270752,
7337,159.565695,WISEA J124523.27+270514.9,qX,2.5999999046325684,CXOG J124523.2+270515,
7337,177.967605,SDSS J124529.46+270839.5,qX,1.600000023841858,CXOG J124529.4+270840,
17917,116.594916,FBQS J0122-0032,QRX,0.8849999904632568,4XMM J012240.1-003239,VL0J012240.14-003239.4
17917,126.455447,SDSS J012240.91-003236.6,Q,1.5269999504089355,,
17917,176.122742,SDSS J012224.25-003507.4,Q,2.066999912261963,,
17917,179.847371,SDSS J012229.98-003652.7,Q,1.100000023841858,,
7340,128.176659,SDSS J145723.16+521938.3,Q,1.815000057220459,,
17922,41.771242,WISEA J060436.81+795113.7,q,1.7000000476837158,,
17924,179.470806,SDSS J084450.44+482625.3,Q,1.5570000410079956,,
7344,91.441117,SDSS J225022.28+113352.5,QX,3.2290000915527344,CXOG J225022.2+113352,
17925,116.729619,J085408.39-071225.8,R,,,NVSS J085408.4-071227
17927,84.278879,SDSS J101010.55+162029.2,Q,0.8880000114440918,,
17930,147.464147,WISEA J124333.40-204211.2,q,1.2999999523162842,,
17936,160.527433,SDSS J002703.83-074712.1,Q,2.3580000400543213,,
17937,104.222678,SDSS J011211.89-002304.9,Q,2.2780001163482666,,
17937,127.250588,SDSS J011214.01-002615.3,NX,0.4399999976158142,4XMM J011214.0-002615,
17937,134.936731,SDSS J011200.57-002336.9,QX,0.746999979019165,4XMM J011200.5-002336,
17938,67.810069,WISEA J013534.09+115806.5,q,0.699999988079071,,
17938,130.190675,SDSS J013535.60+115906.3,Q,2.888000011444092,,
17941,157.105293,SDSS J025621.43+005444.4,Q,1.687000036239624,,
17941,162.48213,SDSS J025619.87+005032.3,Q,2.265000104904175,,
7358,158.664713,SDSS J000432.42+282043.8,Q,1.4600000381469727,,
17942,174.033798,WISEA J030504.92-053653.2,q,0.30000001192092896,,
7359,130.347405,SDSS J012610.68+344638.0,QRX,1.0570000410079956,4XMM J012610.6+344638,VL0J012610.65+344637.5
7359,152.35047,SDSS J012619.86+344746.7,QX,0.6290000081062317,4XMM J012619.8+344746,
7359,178.165438,SDSS J012611.35+344747.5,Q,1.6490000486373901,,
17946,0.327161,CGCG 134-51,N,0.020999999716877937,,
7362,152.319685,SDSS J104954.73+362043.1,Q,1.871000051498413,,
7362,167.143053,SDSS J105018.47+362208.5,Q,0.7689999938011169,,
17947,0.162367,NPM 1G+04.0506,NRX,0.03099999949336052,2SXPS J165042.8+043617,VL0J165042.75+043618.7
17955,119.787452,VIPERS 127036490,Q,1.9900000095367432,,
17955,126.723415,VIPERS 127044978,Q,1.4759999513626099,,
17959,107.924017,WISEA J125605.38-081027.0,q,2.5999999046325684,,
7374,116.479967,SDSS J022725.16-001438.7,Q,2.0899999141693115,,
7374,119.8626,2SLAQ J022739.80-001541.2,QX,1.6440000534057617,2SXPS J022739.8-001543,
7374,176.069283,SDSS J022729.10-001726.8,QX,1.8309999704360962,2SXPS J022729.0-001727,
17960,81.173213,SDSS J131525.73+130502.8,Q,3.2260000705718994,,
17960,98.466834,SDSS J131524.71+130411.8,Q,2.312999963760376,,
17960,148.661038,SDSS J131513.14+130344.5,Q,2.63700008392334,,
17961,162.584481,WISEA J131701.40-161216.0,q,3.0,,
7375,67.131356,CXO J02547+4140,QX,1.5160000324249268,4XMM J025446.3+414020,
7375,92.289828,J025447.30+414043.4,X,,CXOG J025447.3+414043,
7375,125.202097,CXO J02549+4140,KX,2.5869998931884766,CXOG J025454.3+414006,
7375,128.621727,CXO J02546+4141,AX,0.8420000076293945,CXOG J025436.9+414100,
7375,158.782016,J025431.05+414024.1,X,,1RXH J025431.0+414014,
7375,169.494938,J025435.89+413655.7,X,1.399999976158142,1RXH J025435.8+413656,
17962,78.092536,J204515.50-053839.5,X,1.399999976158142,2SXPS J204515.6-053841,
17962,152.347405,J204525.26-053728.6,X,,2SXPS J204525.2-053727,
7377,0.102055,ESO 438-9,ARX,0.024000000208616257,2SXPS J111048.0-283003,VL0J111048.00-283003.5
7377,15.12232,J111046.86-283001.6,X,,2RXS J111047.1-283003,
7377,74.598229,J111048.78-282849.9,X,1.399999976158142,2SXPS J111048.9-282849,
7378,73.517329,J125207.74-152625.1,X,,XMMX J125207.6-152621,
7378,79.003837,J125207.68-152618.6,X,0.4000000059604645,4XMM J125207.6-152618,
17967,69.650468,SDSS J234218.28+271927.9,Q,2.621999979019165,,
17968,53.129612,SDSS J001725.53+180416.6,Q,2.8239998817443848,,
17968,153.56426,WISEA J001733.86+180554.2,q,0.20000000298023224,,
7380,114.63229,WISEA J195810.98-552834.9,q,0.30000001192092896,,
7380,171.481234,WISEA J195831.90-552807.5,q,1.100000023841858,,
17969,149.480652,J001836.19+295943.0,X,0.5,CXOX J001836.1+295943,
17969,171.31066,NGC 71,NX,0.02199999988079071,CXOG J001823.6+300347,
7381,109.585664,SDSS J230047.18+264240.5,Q,0.8600000143051147,,
17975,56.267646,WISEA J090528.63+181601.8,q,1.2000000476837158,,
7385,0.157604,UGC 615,NRX,0.017999999225139618,2SXPS J005940.3+151951,VL0J005940.12+151951.5
17976,91.176249,SDSS J091454.66+223413.0,Q,1.2699999809265137,,
17976,118.820104,SDSS J091451.78+223433.6,Q,1.5670000314712524,,
17978,69.982925,SDSS J123525.10+124358.7,qX,1.600000023841858,2XMM J123525.1+124357,
7388,19.343508,SDSS J031945.78+003511.6,qX,1.5,4XMM J031945.7+003511,
7388,83.03243,WISEA J031948.95+003622.5,q,1.7999999523162842,,
7388,84.357491,SDSS J031947.40+003340.5,qX,0.800000011920929,4XMM J031947.4+003340,
7388,144.188255,SDSS J031954.06+003327.0,QX,1.2610000371932983,4XMM J031954.0+003326,
7388,179.941267,SDSS J031957.92+003350.3,qX,1.899999976158142,4XMM J031957.9+003350,
7389,171.523092,J034018.94-182601.6,X,0.5,4XMM J034018.9-182601,
7392,58.47362,WISEA J043832.94+090457.3,q,0.30000001192092896,,
7393,157.88117,SDSS J075705.68+330223.2,Q,1.5570000410079956,,
7393,167.049722,SDSS J075716.56+330408.0,Q,1.6679999828338623,,
17985,160.140363,J205804.68+082218.3,R,1.100000023841858,,FIRST J205804.6+082217
17986,151.3256,SDSS J233729.67+265401.1,Q,2.494999885559082,,
7395,143.761525,SDSS J091847.32+343251.9,Q,2.941999912261963,,
7397,159.911602,WISEA J192159.65-600514.8,q,1.7000000476837158,,
17991,51.749922,J072000.10+853605.4,X,0.20000000298023224,CXOX J071959.4+853607,
7400,94.935704,WISEA J043952.44+070452.5,qX,0.4000000059604645,2SXPS J043952.3+070453,
17992,126.927881,SDSS J110434.17+404905.4,QX,0.9649999737739563,4XMM J110434.2+404906,
17992,149.466465,J110414.24+405141.7,X,,CXOX J110414.1+405141,
7402,0.447148,UGC 9492,N,0.02800000086426735,,
7402,82.596254,SDSS J144417.71+075659.0,Q,1.7450000047683716,,
17996,134.414369,WISEA J210111.99-291903.2,q,1.2999999523162842,,
17997,139.936725,ESO 530-47,NRX,0.03200000151991844,XMMSL J212702.5-225930,VL0J212702.80-225931.3
7405,0.361574,MCG -2-09-040,NRX,0.014999999664723873,4XMM J032504.7-121828,VL0J032504.95-121828.6
17998,72.181585,SDSS J213627.69+121358.0,Q,1.5750000476837158,,
17998,170.333394,SDSS J213616.73+121141.4,Q,1.9620000123977661,,
17999,0.26611,PGC 989436,NR,0.03200000151991844,,VL0J230442.83-093345.2
18000,58.287965,SDSS J235741.54+181145.1,Q,1.2089999914169312,,
18000,76.136456,SDSS J235741.48+181220.2,A,0.49900001287460327,,
18000,97.862464,SDSS J235737.59+180949.4,Q,1.065999984741211,,
18002,58.828625,WISEA J020500.24-572832.2,q,1.0,,
18003,98.893879,NGC 1241,NRX,0.013000000268220901,2SXPS J031114.6-085521,VL0J031114.63-085518.4
7410,156.427655,SDSS J115258.84+291902.0,Q,2.240000009536743,,
18006,139.907865,WISEA J045616.42-042817.3,q,1.5,,
18007,49.969756,SDSS J080831.73+111110.6,Q,3.4649999141693115,,
7414,145.172793,WISEA J235623.29-604137.2,q,1.399999976158142,,
18010,81.757713,J124024.81+155532.9,X,,CXOG J124024.8+155532,
18010,142.54951,SDSS J124021.78+155826.1,qX,2.0,CXOG J124021.8+155825,
18010,174.674969,J124009.59+155429.9,R,,,FIRST J124009.6+155430
18012,130.438256,WISEA J141554.79+102616.3,q,0.20000000298023224,,
7420,147.380025,SDSS J132802.74+544757.2,Q,0.8489999771118164,,
7420,160.925698,SDSS J132758.12+544557.1,Q,1.24399995803833,,
18014,129.762575,WISEA J152737.38+824040.8,q,1.399999976158142,,
7422,4.686298,ESO 399-20,A,0.02500000037252903,,
18019,127.515403,SDSS J230650.10+055908.0,Q,2.0309998989105225,,
18020,58.216476,SDSS J231410.23+312941.7,Q,2.2170000076293945,,
7427,57.260876,SDSS J001649.44-051512.7,QX,1.1679999828338623,2SXPS J001649.4-051516,
7427,165.652935,SDSS J001643.90-051814.6,Q,2.505000114440918,,
18023,0.450016,UGC 4805,N,0.027000000700354576,,
18023,121.904163,SDSS J090936.64+455524.2,Q,1.3899999856948853,,
18024,82.16468,SDSS J093651.36+310358.3,Q,4.651000022888184,,
7429,57.838458,J095305.77-160300.3,X,1.899999976158142,4XMM J095305.7-160300,
7429,86.153916,WISEA J095301.49-160054.2,qX,1.7999999523162842,4XMM J095301.4-160054,
7429,160.874291,J095310.30-160420.1,X,1.399999976158142,4XMM J095310.2-160419,
18026,25.598696,Q 1141+2013,AX,0.335999995470047,4XMM J114356.8+195649,
18026,112.90795,J114349.97+195752.0,X,,CXOG J114349.8+195754,
18026,117.467786,SDSS J114351.15+195557.3,qX,1.7000000476837158,CXOG J114351.1+195557,
18026,117.53261,Q 1141+2014,QX,0.9539999961853027,XMMX J114405.6+195735,
18026,131.990035,Q 1141+2012,QRX,2.200000047683716,4XMM J114405.3+195602,VL0J114405.38+195602.1
18028,15.26104,SDSS J123812.14+285614.0,qR,0.699999988079071,,NVSS J123812.5+285619
7433,116.898332,WISEA J220103.33-550502.8,q,1.2999999523162842,,
18033,0.042981,MCG 9-28-045,NR,0.03099999949336052,,NVSS J172431.5+565441
7436,164.164664,RXS J04285-1734,AX,0.20499999821186066,2SXPS J042831.0-173430,
18037,106.516755,WISEA J212927.13-112732.0,q,1.899999976158142,,
7441,96.574464,WISEA J140803.66-014105.0,q,0.5,,
7443,111.440655,J210030.08-142814.5,X,1.7999999523162842,2SXPS J210030.0-142816,
7444,119.630599,WISEA J015914.77+361521.3,qX,0.800000011920929,2SXPS J015914.6+361519,
18044,82.892363,SDSS J081839.80+390713.7,Q,1.9639999866485596,,
18044,84.498967,SDSS J081835.59+390911.1,A,0.18700000643730164,,
18044,132.222243,SDSS J081853.33+390847.9,Q,1.062999963760376,,
18044,175.012289,SDSS J081833.56+390607.8,Q,1.5789999961853027,,
18045,131.701337,SDSS J091444.27+532218.4,Q,1.937000036239624,,
18045,179.009268,WISEA J091512.17+532515.5,q,0.30000001192092896,,
7449,76.963198,WISEA J101450.12-340421.1,q,0.8999999761581421,,
7451,167.333792,WISEA J125108.87-074824.2,q,1.2999999523162842,,
18050,30.493284,WISEA J203132.87-070531.8,q,2.299999952316284,,
7452,135.30184,SDSS J125403.10+321413.1,Q,1.1410000324249268,,
7455,143.6099,WISEA J230204.06+270532.7,q,0.10000000149011612,,
18058,108.81693,WISEA J063851.06-364231.4,q,0.4000000059604645,,
7459,148.730109,WISEA J132128.02-455412.2,q,2.299999952316284,,
18060,0.075304,NPM 1G+17.0174,AR,0.028999999165534973,,FIRST J074857.4+173437
18060,155.202086,SDSS J074901.42+173213.0,Q,2.5429999828338623,,
18060,176.671687,SDSS J074845.14+173426.5,Q,2.3550000190734863,,
7460,98.234926,ELAIS J05022-3028,QX,0.8619999885559082,1WGA J0502.2-3028,
18061,143.55652,WISEA J095324.69+111522.6,q,1.100000023841858,,
18062,80.00469,J111042.98+284324.3,X,,CXOG J111042.9+284323,
18062,102.982095,SDSS J111029.62+284357.5,qX,1.399999976158142,CXOG J111029.5+284400,
18062,105.254239,SDSS J111029.57+284339.9,QX,1.2039999961853027,CXOG J111029.5+284340,
18062,175.056302,SDSS J111024.47+284319.5,QX,1.13100004196167,CXOG J111024.4+284319,
18065,61.506231,SDSS J125703.71+290440.0,Q,2.869999885559082,,
7466,139.372864,WISEA J125713.32-153839.6,q,0.8999999761581421,,
7470,23.107863,SDSS J015615.56+034604.4,Q,0.796999990940094,,
18073,46.182671,SDSS J223205.60+122055.8,Q,2.2799999713897705,,
18074,87.501741,SDSS J025829.94+061942.2,qX,1.399999976158142,2SXPS J025830.0+061938,
18074,157.665255,SDSS J025835.39+061802.0,qR,1.899999976158142,,FIRST J025835.3+061802
7480,0.32435,ESO 244-17,ARX,0.023000000044703484,1RXH J012019.3-440739,SUMSS J012019.8-440741
7480,154.218098,WISEA J012007.07-440856.1,qX,0.30000001192092896,4XMM J012007.1-440856,
18082,0.068529,MCG 5-33-041,AR,0.027000000700354576,,FIRST J140103.9+293132
7483,123.486877,J114528.67+201748.5,X,,4XMM J114528.6+201749,
7484,24.84133,IC 4687,N,0.017000000923871994,,
7484,83.210799,IC 4687 #2,NRX,0.017000000923871994,CXOG J181339.6-574331,SUMSS J181339.4-574333
7486,73.419934,SDSS J233354.91+300344.1,Q,1.5299999713897705,,
7486,93.472845,SDSS J233355.63+300421.5,QR,1.187000036239624,,VL0J233355.60+300421.8
7486,103.998444,SDSS J233345.48+300508.9,Q,2.1589999198913574,,
7486,154.574292,SDSS J233337.46+300318.8,Q,1.3559999465942383,,
7487,73.864791,WISEA J025324.87-305223.2,q,0.30000001192092896,,
7491,84.861127,SDSS J225820.14+254733.1,N,0.33500000834465027,,
18095,115.46876,WISEA J234103.03-282004.1,q,1.2999999523162842,,
7492,40.43834,J015649.58+054644.0,X,0.20000000298023224,4XMM J015649.6+054644,
18096,179.456399,SDSS J234806.08+281118.8,Q,2.9630000591278076,,
7496,75.810194,LAMOSTJ130208.85+291557.9,Q,1.7680000066757202,,
18101,150.000018,WISEA J071153.84-670700.3,q,1.899999976158142,,
18101,170.931305,WISEA J071151.46-670644.9,q,1.2000000476837158,,
7497,38.215252,PKS 1327-206,QR2X,1.1649999618530273,2SXPS J133007.5-205620,VL0J133007.68-205615.8
18102,48.054674,WISEA J100134.39-193239.2,q,0.800000011920929,,
18102,104.437175,J100137.27-193122.7,X,0.5,2XMM J100137.3-193123,
7498,133.190537,LAMOSTJ143053.77+055958.6,Q,1.277999997138977,,
7501,150.496729,J013149.88+333431.6,X,,2SXPS J013149.9+333436,
18107,179.430643,SDSS J132647.25+444647.9,Q,1.6990000009536743,,
18109,106.590763,J140311.46-412232.2,X,,CXOG J140311.4-412232,
18110,0.477766,UGC 9375,NR,0.03099999949336052,,FIRST J143353.0+282407
18110,119.035148,SDSS J143344.07+282345.5,Q,1.4299999475479126,,
7505,130.059893,SDSS J132859.86+383306.5,ARX,0.44999998807907104,2RXS J132858.3+383306,VL0J132859.88+383306.7
7505,145.477097,SDSS J132904.48+383449.4,Q,2.240999937057495,,
7506,117.932044,WISEA J132938.89-280043.5,q,1.100000023841858,,
7507,118.883579,WISEA J143842.62+410158.3,q,0.20000000298023224,,
7507,144.550199,WISEA J143855.17+410233.5,q,0.800000011920929,,
7507,155.066912,SDSS J143902.14+410116.6,Q,0.8349999785423279,,
7508,21.613541,J173304.00+434536.7,X,,XMMX J173303.6+434536,
7508,30.728697,J173302.04+434605.3,X,0.30000001192092896,XMMX J173301.7+434604,
7508,39.024715,J173259.49+434602.4,X,1.2999999523162842,XMMX J173259.7+434603,
7508,50.650308,SDSS J173258.86+434612.2,qX,2.0,CXOG J173258.8+434612,
7508,71.626846,J173307.93+434606.6,X,,1RXH J173307.8+434600,
7508,83.337268,J173258.23+434422.1,X,0.6000000238418579,XMMX J173258.4+434422,
7508,106.746129,SDSS J173257.15+434401.8,qX,3.4000000953674316,CXOG J173257.1+434402,
7508,110.237444,J173255.94+434406.2,X,,CXOG J173255.9+434406,
7510,174.113025,WISEA J235056.15-404049.6,q,0.699999988079071,,
18126,125.003399,SDSS J094036.74+112826.8,Q,1.468000054359436,,
18126,135.039018,MRC 0937+117,NR2,0.07500000298023224,,VL0J094034.34+113139.7
18126,161.977388,SDSS J094032.20+112703.1,Q,1.6180000305175781,,
7517,161.50873,SDSS J074648.89+413104.2,Q,1.8079999685287476,,
18130,169.258632,WISEA J132335.16-783815.7,qX,1.5,XMMSL J132334.4-783810,
18131,34.006229,WISEA J132940.84-281631.2,q,0.800000011920929,,
18133,0.217679,MCG 7-30-034,AR,0.019999999552965164,,VL0J143642.66+395637.0
18133,134.055694,SDSS J143654.22+395650.4,Q,1.9520000219345093,,
7525,127.491036,WISEA J102938.57-351703.0,qX,1.2999999523162842,4XMM J102938.5-351703,
7525,154.608199,J102924.21-351745.9,X,,2RXP J102924.6-351754,
7526,112.564051,WISEA J130459.90-321155.4,q,1.2999999523162842,,
7527,82.58076,SDSS J171311.20+434732.6,Q,2.3980000019073486,,
7527,143.427007,VPM J17131+4348,QX,2.49399995803833,4XMM J171310.6+434855,
18141,30.400681,SDSS J231723.74-013519.3,Q,1.2289999723434448,,
18141,177.811179,SDSS J231737.53-013512.1,Q,2.0329999923706055,,
7530,96.960032,J101348.99+384928.2,X,,2SXPS J101349.0+384926,
7530,166.732784,J101341.43+384944.4,X,,2SXPS J101341.6+384939,
7531,168.519825,WEE 41,Q,2.5799999237060547,,
7532,77.205641,SDSS J132930.95+114601.9,N,0.4650000035762787,,
7532,162.88616,SDSS J132929.64+114202.8,NX,0.023000000044703484,CXOG J132929.6+114201,
18148,84.023696,SDSS J075143.22+425259.3,Q,1.2100000381469727,,
18148,136.497797,SDSS J075132.98+425502.1,Q,1.3830000162124634,,
7533,0.371043,IC 900,NR,0.024000000208616257,,NVSS J133443.0+092011
18151,70.380236,SDSS J122855.58+075133.5,qX,1.7999999523162842,4XMM J122855.6+075133,
18152,154.556253,SDSS J123028.35+571920.0,Q,1.0,,
7537,160.712519,WISEA J055339.45-324507.0,q,0.6000000238418579,,
7539,160.921889,SDSS J130009.83+281428.1,qX,1.5,4XMM J130009.8+281427,
18155,131.632305,WISEA J205124.31-364539.2,q,1.5,,
18158,58.532819,J081303.55+543741.8,R,,,FIRST J081303.5+543741
18158,165.500665,SDSS J081312.18+544057.9,Q,0.9869999885559082,,
18159,142.258811,SDSS J092111.00+242036.9,A,0.26600000262260437,,
18159,154.60397,SDSS J092114.59+241639.3,Q,2.7769999504089355,,
7545,0.20736,MCG -1-09-045,NX,0.013000000268220901,2SXPS J033123.0-050830,
7547,149.144452,J103638.67-271843.2,X,,4XMM J103638.6-271843,
7548,86.568952,SDSS J111001.66+104333.2,Q,1.1549999713897705,,
18166,169.685563,2QZ J235659.7-312207,Q,1.5920000076293945,,
7551,95.081159,J234813.47-281339.9,X,1.2000000476837158,4XMM J234813.4-281340,
7551,139.538205,J234810.19-281419.8,X,,CXOG J234810.0-281419,
18169,63.57582,SDSS J024201.32+011408.3,QX,0.40400001406669617,2SXPS J024201.4+011407,
18174,95.482077,SDSS J075427.67+440946.3,Q,2.259000062942505,,
18174,152.765423,SDSS J075449.91+440858.8,Q,1.0089999437332153,,
7555,83.683004,WISEA J104417.19+524450.3,qX,0.4000000059604645,CXOG J104417.2+524449,
7555,85.560732,SDSS J104425.65+524713.1,qX,1.7999999523162842,CXOG J104425.6+524712,
18177,91.052926,PGC 1670435,N,0.10199999809265137,,
7557,80.174082,SDSS J132941.47+322451.4,QX,2.065000057220459,4XMM J132941.4+322450,
7557,160.302677,SDSS J132940.26+322635.4,QX,2.053999900817871,4XMM J132940.2+322635,
18178,86.309062,WISEA J114745.45+195615.7,q,0.30000001192092896,,
18182,103.730275,WISEA J153811.03+723438.9,q,0.30000001192092896,,
18183,117.479289,SDSS J162825.61+411204.0,QX,0.5989999771118164,1WGA J1628.4+4111,
7563,101.561324,J002117.94-483835.9,X,,4XMM J002117.9-483835,
18184,157.755385,WISEA J181413.75-612214.0,q,1.0,,
7565,85.81627,SDSS J082237.94+561821.4,Q,2.0880000591278076,,
7565,121.356789,SDSS J082226.37+562029.6,Q,2.075000047683716,,
7565,170.595066,SDSS J082234.81+561700.4,Q,2.309000015258789,,
7566,60.587184,SDSS J090441.15+133306.0,Q,0.7509999871253967,,
7566,113.635879,WISEA J090443.77+133411.8,q,0.30000001192092896,,
7567,163.397027,WISEA J102937.59-352644.0,qX,0.30000001192092896,4XMM J102937.5-352644,
7568,0.717743,CGCG 333-38,NX,0.02199999988079071,2SXPS J103423.7+730050,
18192,165.54301,SDSS J115049.57+600612.7,Q,0.5400000214576721,,
7569,20.649007,J104412.33+064552.2,X,,CXOG J104412.3+064551,
7569,29.249117,SDSS J104410.27+064534.2,qX,2.0999999046325684,CXOG J104410.3+064533,
7569,33.937668,J104414.46+064538.1,X,,XMMX J104414.5+064540,
7569,38.927968,J104409.70+064521.5,X,,CXOG J104409.7+064520,
7569,91.90156,J104411.94+064703.4,X,0.5,CXOG J104411.9+064702,
18194,87.479916,WISEA J123619.81-113421.5,q,2.0,,
7571,144.932841,SDSS J111656.24+174958.4,qX,1.2000000476837158,4XMM J111656.2+174958,
18197,131.531888,SDSS J150603.81+124429.0,Q,1.2029999494552612,,
18198,174.207304,WISEA J203123.47-380616.7,q,1.5,,
18199,85.811126,SDSS J025154.80+004119.1,Q,2.640000104904175,,
18200,153.984958,WISEA J030641.02-734555.8,q,2.0,,
7575,60.361905,J141929.04-042909.8,X,1.0,2SXPS J141929.3-042913,
7575,133.921533,WISEA J141933.76-042848.7,q,0.4000000059604645,,
18201,152.110876,J074838.02+652238.3,R,,,VL0J074838.07+652238.3
18203,109.431856,IC 3639,ARX,0.010999999940395355,1RXH J124053.1-364521,SUMSS J124052.8-364521
18206,133.199792,J140751.84-264804.5,X,,2XMM J140751.8-264804,
7582,69.263135,PKS 0038-019,QR2X,1.6740000247955322,2SXPS J004125.9-014315,VL0J004126.01-014315.4
18210,47.503621,WISEA J231407.95+283706.4,q,1.2000000476837158,,
18211,0.182893,MCG -1-02-012,N,0.014999999664723873,,
18212,74.83374,J021849.20+334438.0,X,1.2000000476837158,2SXPS J021849.1+334439,
18213,171.670525,WISEA J024609.61+280351.3,q,1.2999999523162842,,
7586,142.602859,SDSS J074610.62+262803.1,Q,1.7660000324249268,,
7589,76.143559,SDSS J211810.96-073458.8,qX,1.2000000476837158,4XMM J211810.9-073457,
7589,176.648186,J211811.53-073751.2,X,,4XMM J211811.5-073751,
7590,167.224489,WISEA J212830.77-850305.4,q,1.5,,
18218,97.03749,WISEA J042437.50+093431.1,q,2.5,,
18220,0.28374,MCG 0-25-023,NR,0.02500000037252903,,VL0J095026.07+013457.1
18220,104.039065,SDSS J095032.93+013514.3,Q,2.046999931335449,,
18222,0.095952,MCG 10-15-059,AR,0.026000000536441803,,VL0J101841.37+571654.9
18222,86.840309,SDSS J101834.54+571548.1,Q,1.7979999780654907,,
7595,0.109801,MCG -2-08-014,NRX,0.017000000923871994,2SXPS J025223.3-083038,FIRST J025223.4-083036
18223,108.153083,WISEA J120456.76-031011.2,q,2.200000047683716,,
7596,33.267329,J025610.06+413800.7,X,,4XMM J025610.0+413801,
7597,166.998963,WISEA J051728.27+060709.2,qR,1.0,,VL0J051728.24+060709.6
18226,116.405666,J171712.40+405334.0,X,,2SXPS J171712.3+405333,
18226,168.948249,SDSS J171707.91+405039.8,qR,1.0,,NVSS J171707.3+405038
18228,59.08242,SDSS J231629.20+242949.5,Q,1.1690000295639038,,
18228,173.452202,SDSS J231632.34+243209.5,Q,1.3919999599456787,,
7600,121.610212,SDSS J091650.50+494848.1,Q,1.5980000495910645,,
7600,159.337971,SDSS J091657.65+494441.8,Q,1.8739999532699585,,
7600,161.297507,SDSS J091704.42+494640.4,Q,0.75,,
18229,128.009515,J235359.50+282842.2,X,,2RXP J235358.7+282828,
18233,158.347164,WISEA J075502.47+553357.0,q,0.699999988079071,,
18235,137.848968,J125735.50+281310.9,X,,4XMM J125735.4+281311,
18235,143.068335,SDSS J125728.58+280852.0,QX,2.5160000324249268,4XMM J125728.5+280851,
18235,155.314733,SDSS J125724.19+281328.6,qX,2.0,2XMM J125724.1+281326,
7608,80.067674,WISEA J071348.11+230453.2,q,0.30000001192092896,,
7609,12.619672,J105041.04+654347.7,R,,,NVSS J105040.8+654348
7609,70.538631,J105050.74+654317.5,X,1.0,2SXPS J105050.6+654317,
7612,57.953073,SDSS J121424.20+511846.9,QX,1.444000005722046,2SXPS J121424.2+511848,
7612,129.818608,SDSS J121430.44+511650.5,QX,1.3229999542236328,2SXPS J121430.3+511651,
18242,50.561454,WISEA J223134.51-360346.4,q,1.100000023841858,,
18243,142.728752,WISEA J230908.48-720141.6,q,0.699999988079071,,
18246,95.767729,NGC 1346,AR,0.013000000268220901,,NVSS J033013.2-053236
18248,109.567705,SDSS J083503.49+371444.8,Q,2.1760001182556152,,
18248,130.264396,J083520.49+371509.2,R,,,VL0J083520.52+371509.3
7618,110.864068,SDSS J075950.07+331906.4,Q,1.746999979019165,,
7618,130.749118,SDSS J075943.36+331723.6,Q,0.9340000152587891,,
7619,70.50129,SDSS J102057.26+253217.8,qX,1.399999976158142,CXOG J102057.2+253218,
7619,111.655778,J102101.63+252925.8,X,,CXOG J102101.6+252925,
7619,160.505704,SDSS J102054.16+252840.6,QX,2.2730000019073486,CXOG J102054.1+252841,
7620,0.347323,UGC 5713,AR,0.020999999716877937,,FIRST J103138.8+255901
7620,143.229314,SDSS J103149.45+255850.1,qR,2.0999999046325684,,FIRST J103149.4+255850
7621,176.200096,WISEA J114940.05+742043.9,q,1.899999976158142,,
18254,160.914469,WISEA J225807.32-401637.4,qX,0.4000000059604645,XMMSL J225807.3-401633,
7622,167.501753,WISEA J133055.00+111406.9,qX,0.5,4XMM J133055.0+111406,
7623,2.17409,NGC 6073,A,0.014999999664723873,,
7623,175.882688,J160959.00+164113.2,R,,,VL0J160959.08+164112.6
7625,87.292971,SDSS J230730.34+230113.8,Q,0.6150000095367432,,
7625,128.984303,SDSS J230741.89+230016.0,Q,1.0260000228881836,,
18259,152.068797,WISEA J054508.21+624555.8,q,0.20000000298023224,,
18260,148.972825,SDSS J080631.88+265128.9,Q,2.996000051498413,,
7626,108.181951,SDSS J010412.05-010308.1,N,0.24699999392032623,,
7626,134.181537,SDSS J010419.90-010635.4,Q,1.5839999914169312,,
7626,147.564731,SDSS J010407.68-010525.6,Q,2.177000045776367,,
18261,12.025365,SDSS J083423.61+322617.1,QR,1.9049999713897705,,VL0J083423.62+322617.2
18262,70.575505,J100027.58+042358.5,X,,2SXPS J100027.6+042400,
18263,108.97884,2QZ J112237.9-004923,Q,0.6729999780654907,,
18265,32.061395,SDSS J162534.87+355839.6,A,0.49799999594688416,,
18265,107.111423,SDSS J162545.46+355752.8,Q,1.187999963760376,,
7630,0.294136,NGC 4074,ARX,0.023000000044703484,CXOG J120429.6+201858,FIRST J120429.7+201858
7630,106.433694,SDSS J120434.27+201734.1,AX,0.2160000056028366,2RXP J120434.3+201735,
18268,110.844352,WISEA J224149.52-324452.4,q,0.8999999761581421,,
18270,60.426157,SDSS J000825.93+101310.6,Q,0.9129999876022339,,
18270,85.230222,WISEA J000831.07+101333.3,q,1.0,,
18270,142.151502,SDSS J000819.73+101328.8,Q,1.4670000076293945,,
7634,119.458873,SDSS J223554.05+202115.1,Q,1.5130000114440918,,
7634,160.090784,SDSS J223605.98+201755.3,Q,1.5720000267028809,,
18271,139.723235,2QZ J011153.1-300143,Q,1.2890000343322754,,
18271,141.738888,2QZ J011135.0-300327,Q,1.555999994277954,,
18274,140.388429,SDSS J031022.23+041618.7,qR,1.7000000476837158,,VL0J031022.25+041619.2
7637,67.360137,WISEA J055757.57-455122.0,q,1.2000000476837158,,
18279,155.601097,SDSS J073829.18+373551.4,Q,2.565999984741211,,
18279,170.038228,SDSS J073824.16+373634.4,Q,2.571000099182129,,
18280,0.393308,MCG 4-27-034,N,0.02199999988079071,,
18280,172.698076,SDSS J112537.67+225150.3,Q,2.3239998817443848,,
18282,172.276276,J120759.30+693326.8,X,,4XMM J120759.4+693326,
18283,51.835899,SDSS J130238.73+282132.5,Q,3.0999999046325684,,
18283,128.583636,LAMOSTJ130231.42+282142.0,Q,1.75600004196167,,
18285,130.901334,SDSS J141506.63+154243.5,Q,2.365999937057495,,
18287,44.683369,SDSS J155603.36+212344.5,Q,2.0899999141693115,,
18289,102.555446,WISEA J172457.89+565129.6,q,1.100000023841858,,
18294,71.226826,Q 2117-4620,Q,2.884000062942505,,
7658,155.309362,WISEA J120143.57+223323.8,qR,0.3009999990463257,,FIRST J120143.6+223324
18297,46.669581,WISEA J224836.06-365524.3,q,1.399999976158142,,
7659,0.816014,UGC 8621,ARX,0.019999999552965164,4XMM J133739.8+390916,FIRST J133739.8+390916
7659,105.847103,SDSS J133746.76+390806.6,QX,1.8559999465942383,4XMM J133746.8+390806,
7659,109.760745,J133739.21+391106.1,X,,2XMM J133739.0+391105,
18299,144.714696,WISEA J042835.90-465817.8,q,2.5,,
7662,107.913634,SDSS J111131.03+470026.9,Q,1.468999981880188,,
7662,170.726215,SDSS J111143.99+470153.3,Q,2.565999984741211,,
18301,150.35745,SDSS J075144.45+271810.1,A,0.5249999761581421,,
18302,0.303593,MCG 3-24-024,ARX,0.027000000700354576,2RXS J091635.6+175500,VL0J091634.33+175508.4
18303,173.8151,WISEA J101437.81+641945.4,q,0.699999988079071,,
18305,152.626285,SDSS J104437.17+582936.9,Q,3.6659998893737793,,
18308,81.211137,LAMOSTJ135759.85+214745.7,Q,1.343999981880188,,
18309,18.987217,SDSS J003331.08+225351.6,Q,2.058000087738037,,
7672,131.86113,SDSS J004429.81-034428.9,Q,1.7979999780654907,,
7672,163.759,SDSS J004443.92-034745.9,Q,1.3609999418258667,,
7675,146.030014,SDSS J105437.59+172206.1,QX,0.2150000035762787,2CXO J105437.4+172204,
18314,135.565708,WISEA J081252.80+092502.7,q,2.200000047683716,,
18316,131.797927,SDSS J101857.93+344033.2,Q,1.2769999504089355,,
18317,146.014541,WISEA J103036.41-350523.4,q,0.20000000298023224,,
7684,63.731879,SDSS J105342.46+504613.9,QR,1.8079999685287476,,VL0J105342.47+504613.6
7684,114.424607,SDSS J105331.71+504436.1,Q,0.4339999854564667,,
18327,54.305628,SDSS J011609.95+251049.1,Q,1.4520000219345093,,
7687,1.010288,NGC 6027A,NRX,0.014000000432133675,CXOG J155911.1+204516,FIRST J155911.1+204516
7687,162.646298,WISEA J155920.20+204657.8,qX,0.800000011920929,CXOG J155920.2+204658,
18328,178.445895,LAMOSTJ022916.49+064904.3,Q,0.6349999904632568,,
18329,96.862531,SDSS J031756.91-003138.9,Q,1.7259999513626099,,
7689,101.940238,J025336.93+414157.3,X,,4XMM J025336.7+414155,
18330,147.46751,WISEA J075541.79-723806.9,q,0.20000000298023224,,
7690,136.366575,SDSS J121246.05+464833.4,Q,1.3660000562667847,,
18332,62.890931,SDSS J112209.94+241737.6,QX,3.3350000381469727,CXOG J112209.9+241737,
18332,97.801778,SDSS J112211.58+241629.9,QX,1.3350000381469727,CXOG J112211.5+241629,
18332,113.662687,J112217.63+241944.5,X,,CXOX J112217.6+241940,
18332,121.527404,J112218.41+241613.8,X,,CXOG J112218.4+241613,
7691,162.263869,WISEA J132632.77-193737.6,q,0.8999999761581421,,
18334,101.016235,J125427.94+273910.5,X,0.5,CXOG J125427.9+273910,
7693,84.042898,SDSS J001200.81-002425.2,Q,2.2660000324249268,,
7693,166.401981,SDSS J001209.19-002215.1,Q,1.875,,
18335,162.652966,WISEA J143932.01+091648.5,q,0.4000000059604645,,
18335,166.201909,SDSS J143920.53+091354.9,Q,1.055999994277954,,
18336,146.2551,PGC 1437727,A,0.09200000017881393,,
7695,18.916838,SDSS J025039.37+204116.2,qR,0.800000011920929,,NVSS J025039.2+204107
18337,142.069508,WISEA J154936.39+283404.4,q,0.8999999761581421,,
18340,76.89174,J224610.36+101042.8,R,,,FIRST J224610.3+101043
18340,109.705955,SDSS J224619.61+101035.2,Q,2.611999988555908,,
7698,140.034025,J071046.74+484141.3,R,0.30000001192092896,,FIRST J071047.0+484140
18341,108.083597,SDSS J231501.32+012754.1,Q,0.6940000057220459,,
7701,23.058768,WISEA J130028.98-441446.6,q,0.5,,
7703,108.287219,1WGA J1338.4+2646,QX,0.597000002861023,2RXP J133829.8+264612,
7703,156.582731,SDSS J133822.42+264200.2,Q,2.430999994277954,,
18348,168.123645,WISEA J080235.59+564451.8,q,1.899999976158142,,
7708,100.64186,SDSS J102535.67-021435.3,Q,3.5969998836517334,,
7711,109.78939,SDSS J140235.92+143447.3,Q,2.556999921798706,,
18359,178.225508,WISEA J021203.64+294536.0,q,0.30000001192092896,,
18365,124.547875,SDSS J091907.44+340037.2,Q,1.5540000200271606,,
7718,81.276518,SDSS J092056.01+131102.7,Q,2.4200000762939453,,
7718,86.155848,SDSS J092056.24+131057.4,Q,2.430000066757202,,
7720,71.951626,SDSS J130600.57+035617.6,AX,0.2709999978542328,CXOG J130600.5+035617,
7720,154.506253,SDSSp J130608.26+035626.3,QX,5.989999771118164,CXOG J130608.2+035626,
7721,163.015515,2QZ J133137.4-023534,Q,0.4950000047683716,,
18370,98.004749,SDSS J105940.31+332434.3,Q,2.128000020980835,,
18370,122.06223,SDSS J105945.28+332532.0,Q,2.492000102996826,,
7723,0.161798,NGC 5528,N,0.024000000208616257,,
7723,130.799635,SDSS J141624.43+081544.0,Q,1.3109999895095825,,
7724,21.047986,SDSS J162525.05+395156.9,QX,1.0740000009536743,4XMM J162525.0+395154,
7724,35.434239,J162528.93+395227.4,X,0.5,4XMM J162528.8+395229,
18375,145.465411,J161430.30-222424.2,X,0.30000001192092896,CXOG J161430.3-222423,
7726,69.467456,SDSS J230041.83+124711.6,N,0.15700000524520874,,
18376,42.415206,KUV 16180+3821,Q,1.1269999742507935,,
18376,144.650496,SDSS J161953.64+381222.9,Q,1.4819999933242798,,
7728,108.244801,WISEA J012126.07+403044.0,q,1.899999976158142,,
7728,110.967854,WISEA J012118.44+403106.2,q,2.0,,
18378,167.278201,WISEA J185659.04+602442.5,q,1.7999999523162842,,
18381,163.690465,SDSS J230920.83+150134.8,A,0.10000000149011612,,
18382,102.947525,J231407.90+314028.7,R,0.5,,NVSS J231407.9+314027
7733,59.585572,WISEA J080237.11+272515.9,q,3.0999999046325684,,
7734,169.131108,SDSS J083251.26+001616.7,Q,2.6419999599456787,,
18386,124.091737,SDSS J084717.30+193816.7,Q,1.6799999475479126,,
18386,172.078521,SDSS J084656.82+193829.6,Q,0.953000009059906,,
7735,86.962526,NGC 2783,ARX,0.023000000044703484,CXOG J091339.4+295934,FIRST J091339.4+295934
7735,157.491434,J091321.21+300033.0,X,,CXOG J091321.2+300033,
7735,157.597617,SDSS J091334.21+300237.1,QX,1.6410000324249268,CXOG J091334.2+300237,
7735,177.755237,SDSS J091325.26+295734.2,QX,2.63100004196167,CXOG J091325.2+295734,
18389,125.135314,LAMOSTJ122209.85+282635.6,Q,1.7309999465942383,,
7738,116.995512,SDSS J110020.83+455500.7,Q,1.6890000104904175,,
7738,168.66569,SDSS J110009.81+455749.7,Q,1.440000057220459,,
7738,178.369471,SDSS J110026.59+455522.4,Q,1.2970000505447388,,
18390,161.391562,SDSS J124637.31+504938.8,Q,1.1829999685287476,,
18392,95.893165,2QZ J130734.3-005743,Q,1.628999948501587,,
18393,22.428736,SDSS J132412.23+153418.2,Q,0.7850000262260437,,
18393,134.475098,SDSS J132411.31+153157.0,Q,3.1689999103546143,,
7743,170.084721,WISEA J231255.81+054546.8,q,0.699999988079071,,
7743,176.37554,SDSS J231255.46+054538.1,Q,2.572999954223633,,
18401,166.048787,SDSS J231419.96-015918.5,Q,2.3970000743865967,,
7750,148.527785,WISEA J170352.31+615953.4,q,0.800000011920929,,
18405,174.193842,2QZ J022114.8-315601,K,0.5099999904632568,,
18406,18.435928,J025751.74+060259.8,X,,1RXH J025751.7+060257,
18406,144.383945,J025746.07+060100.5,R2,1.399999976158142,,FIRST J025746.1+060059
18409,116.351286,2SLAQ J091723.06-003559.5,N,0.3070000112056732,,
18409,169.182376,2SLAQ J091738.08-003533.7,Q,1.9459999799728394,,
18411,144.390907,SDSS J095601.26+335951.0,Q,2.365000009536743,,
18412,139.185963,WISEA J103250.90-125744.9,q,0.4000000059604645,,
7759,136.293376,WISEA J115814.21-214621.6,qR,0.699999988079071,,NVSS J115814.3-214621
18414,93.03799,J125911.54+275850.5,X,1.399999976158142,4XMM J125911.5+275852,
18414,168.822865,J125918.30+275902.6,X,,CXOG J125918.2+275902,
18415,108.712152,SDSS J131635.06+512407.7,Q,1.9700000286102295,,
7760,0.290233,ESO 510-46,NR,0.020999999716877937,,VL0J140158.41-253219.2
18417,0.846662,IRAS 14146+40260,NR,0.019999999552965164,,FIRST J141637.9+401258
18417,167.733103,SDSS J141652.35+401237.4,Q,1.7619999647140503,,
18419,56.942042,UGC 9222,N,0.012000000104308128,,
18419,127.341384,SDSS J142332.30+340054.6,A,0.12300000339746475,,
7764,53.792549,J084622.86+470836.7,X,,CXOX J084622.9+470836,
18422,157.819758,WISEA J165501.03+480343.6,q,0.4000000059604645,,
18422,179.040784,SDSS J165445.89+480109.8,Q,1.3630000352859497,,
7767,142.011141,SDSS J143850.22+302855.6,Q,2.492000102996826,,
7767,164.730262,SDSS J143902.37+302711.6,A,0.21400000154972076,,
7768,103.807059,SDSS J161420.38+174356.9,Q,1.3200000524520874,,
7768,171.937863,SDSS J161426.28+174710.6,Q,2.11299991607666,,
18427,144.818329,SDSS J010753.57+321635.5,QX,1.9529999494552612,2XMM J010753.5+321634,
18428,149.664042,SDSS J011653.88+162325.0,Q,2.309999942779541,,
18432,120.516695,J084924.01+360828.5,X,0.20000000298023224,1RXH J084923.8+360832,
7774,56.040517,SDSS J001355.59+305205.2,QX,2.4820001125335693,2RXP J001355.1+305202,
18434,139.45103,WISEA J183621.88+380949.6,q,0.20000000298023224,,
18435,34.854355,WISEA J192502.88+742304.1,q,0.20000000298023224,,
7776,95.164752,SDSS J091443.15+080740.9,Q,2.690000057220459,,
18437,174.852319,WISEA J222638.02+364835.2,q,1.600000023841858,,
7777,0.250391,IC 2515,NRX,0.01899999938905239,2SXPS J095439.4+372430,FIRST J095439.4+372431
7777,132.132669,SDSS J095443.61+372228.3,Q,1.1299999952316284,,
7777,171.14716,SDSS J095449.38+372634.2,QX,1.7120000123977661,2SXPS J095449.4+372633,
18440,164.237924,WISEA J045204.22-035735.8,q,0.5,,
18442,131.342183,PGC 1809566,N,0.07599999755620956,,
7784,164.50964,SDSS J101822.86+070534.9,Q,3.7679998874664307,,
7785,120.581657,WISEA J113758.61-322127.1,q,1.2000000476837158,,
7786,81.285805,SDSS J121230.82+290754.1,qX,0.30000001192092896,4XMM J121230.8+290754,
7786,105.592568,J121234.97+290856.0,X,,4XMM J121234.9+290855,
7786,140.847276,SDSS J121226.79+291118.0,qRX,1.399999976158142,4XMM J121226.7+291117,FIRST J121226.8+291117
7786,152.244306,NGC 4169,NRX,0.013000000268220901,2XMMi J121218.7+291046,FIRST J121218.8+291046
7787,157.756542,PGC 1737498,A,0.09399999678134918,,
7787,174.017124,SDSS J143420.91+252550.6,Q,2.441999912261963,,
18452,29.902096,SDSS J230528.70-083501.7,qX,2.299999952316284,4XMM J230528.6-083501,
7790,163.303624,WISEA J133442.56+261133.4,q,0.800000011920929,,
18457,61.244448,WISEA J031033.37-113402.4,q,1.2999999523162842,,
18458,149.794215,SDSS J082303.45+042510.5,qX,2.200000047683716,CXOG J082303.4+042510,
7796,151.617697,SDSS J023753.91+021709.5,Q,2.132999897003174,,
18461,166.99027,SDSS J113456.13+190239.7,N,0.5170000195503235,,
18462,177.375988,SDSS J130220.95+502501.5,Q,1.0140000581741333,,
18465,87.267711,WISEA J185754.50-644620.5,q,1.899999976158142,,
7802,93.99197,2QZ J120350.7+014123,Q,0.9269999861717224,,
7802,137.203445,SDSS J120353.48+014216.4,qX,1.2999999523162842,4XMM J120353.5+014215,
18470,177.632242,SDSS J235716.67+294823.9,Q,1.0440000295639038,,
18473,64.676387,SDSS J092006.11+330642.6,Q,1.406999945640564,,
18473,82.841072,SDSS J092007.03+330657.7,Q,1.7389999628067017,,
7807,78.838052,J032000.09-664052.7,X,,4XMM J032000.0-664052,
7807,122.04899,J032006.88-664002.4,X,,4XMM J032006.7-664003,
7807,132.412392,J031959.72-663956.6,X,,2XMM J031959.6-663956,
7807,148.008227,WISEA J032014.91-664421.6,qX,1.899999976158142,4XMM J032014.9-664421,
18476,73.771369,WISEA J113653.58-125826.8,q,0.800000011920929,,
18477,83.894802,J113743.18+220115.4,X,,4XMM J113743.1+220118,
18477,106.945582,J113743.08+220241.5,X,,4XMM J113743.0+220241,
18477,111.418551,SDSS J113748.54+220325.3,qX,1.0,4XMM J113748.5+220324,
18477,120.416089,SDSS J113749.41+220334.3,AX,0.5490000247955322,4XMM J113749.3+220333,
18477,157.378613,SDSS J113738.47+220229.5,AX,0.4519999921321869,2XMM J113738.5+220229,
7812,0.141344,NGC 4985,AR,0.02800000086426735,,VL0J130812.12+414034.7
18480,124.644119,WISEA J135105.06+235905.3,q,1.600000023841858,,
7813,134.342996,WISEA J143913.25-252714.3,q,0.30000001192092896,,
7815,0.254151,MCG -1-53-008,AX,0.027000000700354576,2XMM J204620.8-024844,
7815,150.647525,J204630.78-024824.2,X,1.7000000476837158,4XMM J204630.8-024823,
18488,0.099705,CGCG 501-58,AX,0.014999999664723873,2SXPS J005953.2+314936,
7822,123.108149,WISEA J064658.56+743344.6,q,1.899999976158142,,
18492,34.063977,WISEA J051321.29+093659.9,q,1.2999999523162842,,
7823,78.235199,SDSS J080824.82+395905.9,qX,1.0,4XMM J080824.6+395904,
7823,83.611337,SDSS J080833.04+395836.6,QX,1.7890000343322754,4XMM J080832.9+395835,
7823,108.908234,SDSS J080817.56+395808.4,qX,2.0,4XMM J080817.3+395806,
7823,169.562161,J080833.30+395518.6,X,,4XMM J080833.2+395517,
18494,106.245168,SDSS J084317.60+080459.7,Q,1.906999945640564,,
18495,153.564022,PGC 2150751,A,0.12300000339746475,,
18495,177.882273,SDSS J084731.64+393051.0,Q,1.74399995803833,,
7824,144.893539,LAMOSTJ102228.91+363330.2,Q,1.940999984741211,,
7825,0.302611,UGC 7074,N,0.014000000432133675,,
18498,83.756065,J114420.86+194809.4,X,,2XMM J114420.7+194809,
18498,162.278242,SDSS J114409.51+195010.2,QX,1.0959999561309814,4XMM J114409.5+195009,
18499,151.195943,SDSS J131650.76+054033.0,Q,3.3540000915527344,,
7829,168.38156,WISEA J210704.30-450941.0,q,0.699999988079071,,
7830,82.399278,SDSS J231833.69+251451.0,Q,1.7619999647140503,,
18502,109.794845,SDSS J170343.23+452743.4,qX,2.4000000953674316,2XMM J170343.1+452743,
7833,127.640054,SDSS J001735.15-093443.8,qX,1.100000023841858,2SXPS J001735.1-093440,
18506,139.574169,SDSS J234726.33+324705.4,Q,1.9700000286102295,,
18506,148.57488,SDSS J234719.17+324437.7,Q,2.4049999713897705,,
7835,89.323435,WISEA J021436.43-131552.2,q,0.699999988079071,,
18507,103.394164,SDSS J002345.43+301611.1,Q,1.434999942779541,,
7836,73.05416,WISEA J022349.51-072147.9,qR,0.800000011920929,,FIRST J022349.8-072147
7836,101.785539,SVA1_COADD-2939160735,Q,1.4049999713897705,,
7836,175.067495,SVA1_COADD-2939159264,Q,2.9240000247955322,,
18511,73.240311,SDSS J120804.28+250410.9,qX,2.0,4XMM J120804.2+250410,
18511,118.717275,SDSS J120800.41+250458.5,qX,1.600000023841858,2XMM J120800.1+250458,
18511,173.365375,SDSS J120802.55+250713.0,qX,0.5,2XMM J120802.4+250711,
18512,69.421633,SDSS J122818.69+114804.1,QX,0.6729999780654907,CXOG J122818.6+114804,
18512,131.047473,SDSS J122822.09+114606.8,NX,0.36500000953674316,CXOX J122822.0+114607,
7840,75.792246,SDSS J012826.62+023025.2,Q,2.2960000038146973,,
7840,112.236591,SDSS J012822.21+023238.9,Q,0.9359999895095825,,
7841,125.514935,SDSS J012940.20-011621.4,Q,1.5720000267028809,,
7846,132.190261,SDSS J124555.64-072912.0,qX,1.2000000476837158,2SXPS J124555.5-072912,
7852,167.334485,J005801.18-463416.0,X,,4XMM J005801.0-463415,
7852,168.536443,WISEA J005749.71-463838.0,qX,2.0999999046325684,4XMM J005749.7-463838,
18531,0.424139,MCG 4-20-063A,N,0.028999999165534973,,
18531,137.006676,SDSS J082829.33+245844.3,Q,0.26600000262260437,,
18532,157.581852,WISEA J093527.43-165344.7,q,2.0999999046325684,,
18533,115.816896,SDSS J094404.96+343946.3,Q,1.8899999856948853,,
7857,107.828491,WISEA J122838.92-443740.7,q,0.6000000238418579,,
18537,115.910949,SDSS J163055.37+405401.0,Q,1.2929999828338623,,
7861,0.201782,NGC 5240,N,0.007000000216066837,,
7861,24.272836,J133557.02+353528.0,X,,CXOG J133557.1+353528,
7861,107.53556,J133549.85+353352.4,X,,CXOG J133549.8+353352,
7861,133.130012,SDSS J13358+3533,QX,5.929999828338623,CXOG J133550.8+353316,
7861,144.157458,J133607.03+353519.9,X,,CXOG J133607.0+353520,
7862,119.917913,WISEA J190318.23-602654.1,q,0.30000001192092896,,
7862,178.061782,WISEA J190247.98-602708.2,q,0.4000000059604645,,
7863,122.481484,SDSS J213557.35-032130.0,Q,2.1429998874664307,,
18544,75.13203,SDSS J021534.94+013842.6,Q,2.5999999046325684,,
18544,174.591417,SDSS J021535.77+013651.5,QR,2.0290000438690186,,VL0J021535.77+013651.6
7867,129.863821,WISEA J023756.41-014833.6,q,0.20000000298023224,,
7867,176.488991,SDSS J023747.41-015128.3,Q,2.5510001182556152,,
18547,0.065349,ESO 119-8,AX,0.023000000044703484,2SXPS J044856.7-573929,
7870,85.513665,LAMOSTJ134750.22+374838.8,Q,1.277999997138977,,
7870,120.64437,SDSS J134752.35+374740.6,Q,0.9950000047683716,,
7872,37.586102,NGC 6027A,NRX,0.014000000432133675,CXOG J155911.1+204516,FIRST J155911.1+204516
7872,128.069898,WISEA J155920.20+204657.8,qX,0.800000011920929,CXOG J155920.2+204658,
18553,60.603349,SDSS J114940.21+482634.0,Q,1.8619999885559082,,
18553,90.582496,SDSS J114948.93+482459.5,Q,1.0379999876022339,,
7876,101.818599,SDSS J220053.31-015157.5,Q,2.509000062942505,,
18555,155.98279,SDSS J133440.74+040513.4,ARX,0.1720000058412552,2RXS J133440.6+040508,FIRST J133440.7+040513
7877,147.952695,SDSS J223653.72+191105.9,Q,2.1089999675750732,,
18557,56.195221,J150658.73+655613.4,X,0.30000001192092896,1WGA J1506.9+6556,
18558,137.193639,SDSS J161755.61+351358.3,Q,1.7130000591278076,,
7880,132.040814,2QZ J024851.6-283041,Q,1.5609999895095825,,
18559,156.346825,WISEA J210609.55-140520.5,q,0.10000000149011612,,
7882,111.805351,SDSS J092759.85+171051.0,Q,2.2149999141693115,,
7884,137.960975,SDSS J120837.37+161051.9,Q,2.3910000324249268,,
7885,163.144591,2QZ J221352.1-292413,Q,0.9319999814033508,,
7886,140.880889,WISEA J023007.44+231017.5,q,0.6010000109672546,,
18567,123.230967,SDSS J124906.79+403423.1,Q,1.4930000305175781,,
18567,139.120326,SDSS J124910.95+403545.9,Q,0.8889999985694885,,
18567,177.593463,SDSS J124907.89+403321.6,Q,1.1729999780654907,,
7887,0.088801,MCG 4-22-042,ARX,0.032999999821186066,4XMM J092343.0+225432,VL0J092342.98+225432.7
18568,138.378017,SDSS J131709.15+204255.9,N,0.5270000100135803,,
7890,165.415822,SDSS J230304.94+264833.2,Q,2.4089999198913574,,
18572,175.618159,WISEA J184522.31+403834.8,q,1.2999999523162842,,
18573,66.407566,SDSS J213233.56+024246.3,Q,1.1100000143051147,,
7892,101.794657,J020213.15-305952.7,X,,1WGA J0202.2-3059,
18574,131.244916,SDSS J220224.10+181657.2,Q,1.524999976158142,,
18579,116.667602,SDSS J014939.93+114306.1,Q,1.3700000047683716,,
7896,132.48424,PGC 141453,N,0.032999999821186066,,
18580,0.149012,ESO 31-8,AX,0.02800000086426735,2SXPS J030735.4-725002,
18581,165.017625,J042918.06-044300.0,R,,,NVSS J042917.9-044300
7898,169.707876,LAMOSTJ110430.17-013257.6,Q,1.3539999723434448,,
7898,179.034732,WISEA J110445.19-013519.8,q,0.5,,
7902,148.448953,WISEA J164502.82+615249.9,qR,0.8999999761581421,,VL0J164502.38+615250.8
18588,98.113036,SDSS J091624.22+420650.3,QR,1.7760000228881836,,VL0J091624.19+420650.3
18589,73.114054,SDSS J091647.92+195114.8,Q,1.565999984741211,,
7904,118.343721,WISEA J183343.21+481232.7,qX,0.800000011920929,2RXS J183343.2+481238,
18591,104.877477,SDSS J103715.36+170033.8,Q,3.3580000400543213,,
7906,72.422619,J223729.16+342332.7,X,,CXOG J223729.2+342332,
7906,179.12988,J223732.36+342511.9,X,,4XMM J223732.3+342512,
7906,179.731424,SDSS J223729.15+342524.5,qX,1.600000023841858,4XMM J223729.1+342524,
18593,24.236099,WISEA J113831.44-085850.8,q,0.30000001192092896,,
18594,125.545295,SDSS J130606.16+355647.7,Q,2.805000066757202,,
7907,107.211469,SDSS J010420.90-004423.9,Q,1.0369999408721924,,
7907,156.640544,SDSS J010424.91-004411.8,Q,1.0449999570846558,,
18595,76.147585,SBS 1305+538,QRX,0.8059999942779541,4XMM J130729.3+533550,FIRST J130729.1+533552
7908,0.267338,MCG -3-05-007,ARX,0.019999999552965164,CXOG J013425.1-154908,VL0J013425.20-154908.3
18599,0.24249,AKN 479,AX,0.019999999552965164,2SXPS J153552.6+143102,
18599,172.313895,SDSS J153543.94+143303.1,QX,0.7829999923706055,2SXPS J153544.0+143301,
7912,119.251863,WISEA J100815.13-200819.2,qX,0.6000000238418579,4XMM J100815.1-200819,
18602,148.631245,WISEA J165416.81-054007.6,q,1.2999999523162842,,
7914,0.238116,NGC 4737,AR,0.023000000044703484,,FIRST J125052.9+340924
7914,163.738456,SDSS J125058.26+340655.0,Q,3.243000030517578,,
7915,75.041741,SDSS J131459.99+243609.9,qX,1.5,CXOG J131459.9+243610,
7915,127.323741,SDSS J131512.36+243627.4,qX,1.2999999523162842,CXOG J131512.3+243627,
7915,140.493218,WISEA J131504.24+243927.6,qX,0.800000011920929,CXOG J131504.2+243927,
18606,41.842478,LAMOSTJ215344.54+100333.7,Q,0.8220000267028809,,
7916,55.069409,WISEA J154541.52+280431.8,q,0.20000000298023224,,
18614,143.554781,SDSS J130418.94+492759.8,Q,1.7829999923706055,,
18615,136.325006,WISEA J201513.62-381136.8,q,1.7999999523162842,,
7924,0.272975,NGC 4935,A,0.020999999716877937,,
7925,83.403534,WISEA J132439.53+525611.5,q,0.5,,
7925,166.382465,WISEA J132456.17+525735.3,q,0.800000011920929,,
7925,166.789221,SDSS J132433.38+525451.3,Q,3.799999952316284,,
7927,85.147761,SDSS J001547.03+272525.6,Q,1.6799999475479126,,
7927,152.420578,SDSS J001533.18+272733.5,Q,1.5850000381469727,,
7928,59.253341,J024337.91-154226.1,R,1.7000000476837158,,VL0J024337.92-154225.9
7928,175.445309,WISEA J024349.22-153958.7,q,0.20000000298023224,,
18622,156.356865,WISEA J023102.01+222129.1,q,0.6000000238418579,,
7930,131.651572,WISEA J044229.34-454803.2,q,0.800000011920929,,
18623,136.063485,WISEA J030004.28+185552.8,q,0.800000011920929,,
18625,39.598001,J032350.68-373042.7,X,,2XMM J032350.6-373041,
18625,153.065807,J032350.25-372818.5,X,,4XMM J032350.2-372818,
18625,173.678272,J032408.60-373047.3,X,,4XMM J032408.6-373047,
7932,159.519498,WISEA J045353.68-322849.6,q,1.7000000476837158,,
7933,179.041226,WISEA J065812.27+354521.7,q,0.20000000298023224,,
18627,79.17383,SDSS J075843.47+325300.8,QX,1.3489999771118164,CXOG J075843.4+325300,
18627,84.970152,SDSS J075842.11+325018.2,QX,3.0179998874664307,CXOG J075842.1+325018,
18627,151.425065,SDSS J075854.12+325249.4,QX,2.6040000915527344,CXOG J075854.1+325249,
18627,166.640816,SDSS J075854.36+325009.0,QX,1.5920000076293945,CXOG J075854.3+325009,
18627,175.130747,J075830.30+325042.0,X,,CXOG J075830.3+325042,
7935,0.137653,MCG 8-17-109,NR,0.02500000037252903,,FIRST J093013.3+492918
7935,125.865341,WISEA J093001.84+492819.7,q,0.30000001192092896,,
18630,146.121148,SDSS J113150.82+364237.1,Q,3.380000114440918,,
7937,86.955356,SDSS J150444.52+123655.5,QX,0.8949999809265137,2SXPS J150444.4+123655,
18632,87.168112,SDSS J114932.49+210115.1,Q,2.265000104904175,,
18634,0.547762,MCG 11-19-030,ARX,0.029999999329447746,2RXP J155703.3+635023,FIRST J155703.4+635026
18634,71.341348,WISEA J155653.16+635006.5,qX,1.100000023841858,1RXH J155652.5+635006,
7940,169.949353,WISEA J231636.65+293252.1,q,0.5,,
7940,172.696095,SDSS J231639.81+293230.1,Q,1.7699999809265137,,
18637,124.280575,J225603.83-432432.2,X,,4XMM J225603.8-432432,
18637,148.08922,WISEA J225554.73-432338.0,qX,0.10000000149011612,2SXPS J225554.5-432338,
7941,64.95853,SDSS J003400.60-031102.7,Q,2.315999984741211,,
7942,159.769739,SDSS J010152.69-064516.5,QR,2.509000062942505,,VL0J010152.71-064516.0
7943,115.479452,PGC 1033193,N,0.0729999989271164,,
18641,117.659402,SDSS J015656.61+040233.8,Q,2.7269999980926514,,
18641,118.866394,SDSS J015644.85+040000.5,Q,1.7000000476837158,,
18641,125.054829,WISEA J015650.06+040337.2,q,0.8999999761581421,,
7945,99.231062,J113941.70+174144.2,X,,CXOG J113941.6+174144,
7945,104.968113,SDSS J113952.14+174125.6,QX,3.1510000228881836,CXOG J113952.2+174126,
7945,105.06972,J113954.54+174256.9,X,,CXOG J113954.6+174256,
7945,125.460158,SDSS J113948.91+174040.7,qX,1.5,2SXPS J113949.0+174043,
7945,147.710823,SDSS J113953.81+174438.1,qX,0.699999988079071,CXOG J113953.7+174437,
18644,103.31089,SDSS J074643.88+444916.6,Q,1.3609999418258667,,
7946,0.063552,MCG 0-32-029,A,0.017000000923871994,,
7946,143.297459,2QZ J123838.2+014454,Q,1.1660000085830688,,
18645,52.764236,SDSS J091245.86+355615.5,Q,1.4429999589920044,,
18652,131.823772,SDSS J151008.58+015644.0,Q,3.1029999256134033,,
7953,135.334732,SDSS J133323.78+513136.2,AX,0.2029999941587448,1RXH J133323.7+513139,
7956,0.106683,MCG 4-32-032,AR,0.02800000086426735,,VL0J134254.69+220842.9
18661,141.992531,WISEA J013908.00-361856.8,q,1.2999999523162842,,
18665,116.116345,J043547.31+021724.6,X,,CXOG J043547.3+021724,
7963,158.662475,WISEA J214425.53-722711.0,q,0.20000000298023224,,
7966,45.013621,J140744.08-270413.4,X,,XMMX J140744.1-270417,
7966,115.317546,J140750.74-270620.4,X,,4XMM J140750.7-270619,
7966,159.653852,WISEA J140736.84-270657.6,qX,0.4000000059604645,4XMM J140736.9-270658,
7968,78.156542,WISEA J022508.41+414948.1,q,0.699999988079071,,
18675,166.827344,WISEA J155116.59+183110.7,q,0.5,,
7970,0.048528,NGC 1685,AR,0.014000000432133675,,VL0J045234.34-025656.6
7970,116.048007,WISEA J045237.74-025513.1,q,0.699999988079071,,
7971,141.044966,WISEA J063631.33+742247.5,q,0.20000000298023224,,
18677,80.59205,WISEA J164144.63+682929.3,q,0.20000000298023224,,
7973,148.989248,SDSS J101925.09+442645.2,Q,3.434999942779541,,
18680,61.755314,LAMOSTJ220311.94+041852.1,Q,1.4199999570846558,,
18680,138.61349,SDSS J220312.67+042009.9,Q,2.061000108718872,,
7974,0.194329,IC 4218,AX,0.01899999938905239,2SXPS J131703.3-021540,
7974,105.826541,2QZ J131657.2-021631,Q,1.8619999885559082,,
18684,159.998448,WISEA J104404.22-344151.0,q,0.20000000298023224,,
18685,118.679061,SDSS J112708.19+503632.0,Q,1.5049999952316284,,
18686,80.025435,SDSS J114901.31+484611.5,Q,1.8450000286102295,,
18687,0.652555,PGC 214106,NR,0.02199999988079071,,FIRST J132359.8+305556
18687,145.672581,NPM 1G+31.0279,N,0.04800000041723251,,
18687,160.075521,SDSS J132355.71+305827.5,Q,0.7990000247955322,,
18687,172.788774,SDSS J132408.49+305343.9,AX,0.39500001072883606,CXOG J132408.5+305342,
18691,167.523235,SDSS J011948.36+324852.0,Q,1.5750000476837158,,
7984,57.410412,SDSS J135035.45+350253.5,QX,2.1459999084472656,CXOG J135035.4+350253,
7984,93.206452,WISEA J135032.32+350135.8,qRX,0.20000000298023224,CXOG J135032.2+350136,FIRST J135032.3+350136
7984,164.164396,SDSS J135036.30+345937.1,QX,1.4889999628067017,CXOG J135036.2+345937,
7984,165.32624,SDSS J135050.98+350335.3,QX,2.2360000610351562,CXOG J135050.9+350335,
7984,168.446011,SDSS J135025.70+350141.8,QX,0.4569999873638153,CXOG J135025.6+350142,
18697,98.180649,WISEA J125525.59-440205.5,q,0.8999999761581421,,
18697,163.021788,WISEA J125517.88-435911.7,q,1.5,,
7988,159.91758,SDSS J233257.08+094625.6,Q,1.6619999408721924,,
18698,106.473531,WISEA J130257.41+275326.1,qX,0.4000000059604645,4XMM J130257.4+275326,
18698,110.667879,SDSS J130250.65+275012.3,QX,0.6259999871253967,4XMM J130250.6+275012,
18698,132.6748,EXO 1300.3+2809,QX,0.5099999904632568,4XMM J130246.4+275342,
7989,140.447993,SDSS J000913.72+105456.5,Q,2.4260001182556152,,
7989,141.673465,WISEA J000857.95+105320.5,qR,1.0,,FIRST J000857.9+105321
18700,153.873618,SDSS J134854.68+414044.3,Q,1.7890000343322754,,
7992,53.258755,WISEA J104430.39-085349.2,q,2.0,,
7993,139.847927,J130342.30-325102.9,R,,,VL0J130342.29-325102.0
18704,108.707198,WISEA J213809.51-791434.6,q,0.4000000059604645,,
18705,140.914586,2QZ J220219.6-302826,Q,2.2750000953674316,,
7996,113.646839,2QZ J220357.2-315737,Q,1.1369999647140503,,
18706,85.675987,SDSS J232803.49+245043.2,Q,2.4590001106262207,,
18709,136.002732,SDSS J003938.27+294431.2,Q,0.7549999952316284,,
8001,0.166447,MCG -01.34.008,NRX,0.02199999988079071,2RXS J131017.0-072713,FIRST J131017.1-072716
18713,52.633358,SDSS J102424.23+133943.2,Q,2.424999952316284,,
18713,76.989313,SDSS J102426.85+133947.0,Q,2.0759999752044678,,
8004,93.825725,WISEA J051507.06-223303.4,q,1.2999999523162842,,
18715,102.401037,SDSS J132415.56+355332.6,Q,1.4210000038146973,,
18715,173.54502,SDSS J132412.82+355228.3,Q,1.4140000343322754,,
18716,0.216729,CGCG 74-129,NRX,0.01600000075995922,4XMM J141041.3+133327,FIRST J141041.3+133329
18716,120.683623,SDSS J141043.68+133133.0,qX,2.0999999046325684,4XMM J141043.6+133134,
8007,48.670393,WISEA J133402.48+524123.0,q,0.20000000298023224,,
18720,162.955445,MMTB J215817.10+005920.6,Q,2.696000099182129,,
8011,116.617027,WISEA J045842.68-631637.3,q,1.600000023841858,,
18722,95.006019,WISEA J012349.97+445147.2,q,0.10000000149011612,,
18723,132.842012,WISEA J021050.02+411855.5,q,0.800000011920929,,
8012,60.658412,SDSS J081430.95+544701.1,Q,2.499000072479248,,
18724,97.792701,WISEA J021605.42-453518.7,q,1.7999999523162842,,
18725,96.98762,WISEA J024353.74-042145.8,q,0.6000000238418579,,
18725,154.030209,SDSS J024343.61-042400.3,Q,1.7389999628067017,,
18725,160.037628,SDSS J024346.76-042525.9,Q,0.5389999747276306,,
8014,116.938184,PGC 38110,ARX,0.08299999684095383,4XMM J120333.7+020108,FIRST J120333.8+020106
18727,157.633308,WISEA J032749.53-563527.0,q,2.799999952316284,,
18727,179.841359,WISEA J032748.32-563312.7,q,1.5,,
8016,135.386214,SDSS J134941.85+333557.9,Q,1.6059999465942383,,
8016,146.337514,SDSS J135001.71+333632.4,Q,0.9810000061988831,,
18730,135.328725,SDSS J090835.78+353848.4,Q,2.5850000381469727,,
18730,153.05363,SDSS J090830.19+353926.6,Q,1.0609999895095825,,
18731,149.438545,SDSS J094355.01+180752.4,Q,3.9179999828338623,,
8019,0.012186,UGC 10733,NR,0.028999999165534973,,VL0J171005.46+322959.8
8019,131.790772,SDSS J171003.11+322751.3,Q,0.6980000138282776,,
18733,143.371451,BR J1330-2522,Q,3.9489998817443848,,
18736,139.481735,WISEA J153533.65+712631.0,qR,0.800000011920929,,VL0J153533.71+712630.7
8023,39.90114,J044737.04-622239.4,X,,2SXPS J044737.0-622237,
8023,129.564778,WISEA J044720.54-622100.7,qX,0.20000000298023224,2SXPS J044720.0-622059,
8023,145.138306,WISEA J044710.91-622316.0,qX,1.2999999523162842,2SXPS J044710.5-622317,
8025,156.66361,WISEA J074420.90+671359.0,q,2.5,,
18740,93.048879,J020735.55+021218.9,X,,4XMM J020735.5+021219,
18740,102.309648,J020738.88+020910.4,X,,4XMM J020738.9+020912,
18741,121.498184,2QZ J022114.8-315601,K,0.5099999904632568,,
18744,82.748915,SDSS J083534.48+462827.5,Q,3.5190000534057617,,
18744,140.478128,SDSS J083549.03+463112.8,Q,1.652999997138977,,
18744,156.297046,SDSS J083554.97+462910.2,Q,0.6890000104904175,,
8029,59.122343,WISEA J150729.93+760204.3,q,1.2999999523162842,,
8029,85.754452,WISEA J150745.61+760240.5,q,0.30000001192092896,,
8030,128.287357,WISEA J155652.80-090253.5,q,1.2999999523162842,,
18745,154.560742,WISEA J090330.15-195521.5,q,0.10000000149011612,,
8031,78.66252,SDSS J162234.45+432650.2,Q,2.1389999389648438,,
8031,111.449891,SDSS J162233.86+432615.3,Q,2.2809998989105225,,
18746,65.065045,SDSS J102138.18+060231.9,N,0.032999999821186066,,
18749,130.679148,SDSS J124624.23+483929.7,Q,1.7089999914169312,,
2868,71.013472,J231835.22+425626.0,X,0.20000000298023224,CXOG J231835.3+425627,
2868,115.802145,J231835.35+425920.2,X,,CXOG J231835.4+425919,
23099,97.455563,SDSS J085045.71+552353.5,Q,1.3760000467300415,,
2869,176.98014,J010916.42-454830.8,X,,2XMM J010916.4-454830,
12420,67.84242,WISEA J102104.14+161810.1,q,0.30000001192092896,,
23100,39.400809,SDSS J090120.05-015129.9,qX,0.800000011920929,4XMM J090120.0-015129,
2871,34.362378,WISEA J091959.99+010225.7,qX,1.600000023841858,CXOG J091959.9+010225,
2871,117.454042,J092006.01+010400.1,X,1.7000000476837158,CXOG J092006.0+010400,
2871,131.601671,SDSS J092004.91+010012.5,QX,2.8359999656677246,CXOG J092004.9+010012,
2871,140.942228,SDSS J091953.38+010128.1,QX,3.568000078201294,CXOG J091953.3+010128,
12422,176.609152,SDSS J113644.93+175509.1,A,0.35600000619888306,,
2872,114.952235,SDSS J015838.84+082233.4,qX,,CXOG J015838.8+082233,
2872,135.213544,SDSS J015833.93+082151.6,QX,1.0839999914169312,CXOG J015833.9+082151,
2872,149.263875,J015851.19+082148.5,X,,CXOG J015851.1+082148,
2872,149.77442,J015850.14+082216.8,X,,XMMX J015850.0+082215,
2872,170.444027,J015852.55+082155.4,X,,XMMX J015852.7+082152,
12423,101.912976,SDSS J141226.09+182621.6,Q,0.8489999771118164,,
23104,132.565739,J184815.58-631255.4,X,,2XMMi J184816.3-631256,
23104,167.063081,ESO 104-11,NRX,0.014999999664723873,CXOG J184744.1-630925,SUMSS J184744.2-630922
12424,160.823393,SDSS J162159.69+385811.9,Q,3.5789999961853027,,
2873,0.328331,NGC 1194,NRX,0.014000000432133675,4XMM J030349.1-010613,VL0J030349.11-010613.3
2873,85.567291,J030343.67-010546.9,X,,4XMM J030343.5-010545,
2873,154.343854,SDSS J030342.43-010810.7,qX,2.0999999046325684,2XMM J030342.4-010810,
2873,177.325618,SDSS J030400.61-010653.9,qX,0.35600000619888306,4XMM J030400.6-010654,
2874,166.783502,WISEA J085346.68+762719.2,q,1.2999999523162842,,
23106,86.228562,WISEA J232146.12-164154.7,q,1.2000000476837158,,
2875,114.505098,SDSS J124304.84+545048.7,Q,0.6010000109672546,,
23109,95.006905,WISEA J045445.92-624933.6,q,2.0,,
23110,93.475214,WISEA J045905.53-615907.7,q,2.200000047683716,,
23110,171.528669,WISEA J045856.15-615721.5,q,2.5999999046325684,,
2878,67.461008,WISEA J040739.47+035912.1,q,1.399999976158142,,
2881,122.298418,SDSS J094835.68+332719.5,Q,1.7130000591278076,,
12433,0.080248,PGC 170103,NR,0.029999999329447746,,FIRST J110045.3-063442
12433,122.065506,WISEA J110051.36-063318.9,q,1.0,,
2882,0.234292,NGC 4412,NR,0.00800000037997961,,VL0J122636.09+035752.9
23115,69.736729,SDSS J115840.96+185129.2,Q,1.6740000247955322,,
12435,168.199885,WISEA J122156.41+103449.0,q,0.699999988079071,,
12436,170.762379,SDSS J124434.33+560610.6,Q,1.2760000228881836,,
23118,64.423962,2QZ J143953.9-004318,N,0.006000000052154064,,
2886,0.235038,ESO 511-30,ARX,0.02199999988079071,2XMMi J141922.3-263841,VL0J141922.41-263840.5
2886,35.462423,J141923.02-263915.4,X,0.4000000059604645,1RXH J141922.9-263910,
2886,58.660372,J141918.26-263859.3,X,,XMMX J141918.6-263859,
23121,0.03968,CGCG 229-15,AX,0.027000000700354576,2SXPS J190525.9+422739,
12439,62.362966,WISEA J205002.00-515447.2,q,1.399999976158142,,
23122,27.289145,WISEA J212730.04-490011.6,q,1.600000023841858,,
12441,162.009458,WISEA J221628.58-212855.5,q,2.5,,
2892,167.146988,SDSS J014309.77+085555.6,Q,1.593000054359436,,
12443,157.270165,WISEA J232732.00+371322.9,q,1.7000000476837158,,
12444,137.472087,SDSS J235349.39-005610.9,Q,2.2929999828338623,,
23129,126.435962,SDSS J091146.88+511455.5,Q,1.8339999914169312,,
23129,165.03416,SDSS J091120.89+511709.9,Q,1.7740000486373901,,
2896,107.955396,SDSS J020830.81+061739.9,Q,1.3040000200271606,,
12446,172.919624,SDSS J080740.35+250801.4,Q,2.0840001106262207,,
23131,160.91338,SDSS J105327.39+432509.9,Q,2.368000030517578,,
2897,0.156993,AKN 120,ARX,0.032999999821186066,4XMM J051611.4-000859,VL0J051611.41-000858.9
2897,175.210726,J051609.40-000606.7,X,,XMMX J051609.1-000608,
12447,139.842998,SDSS J090219.61+142919.5,Q,1.909000039100647,,
2901,0.080361,NGC 1346,AR,0.013000000268220901,,NVSS J033013.2-053236
23138,104.601901,WISEA J231538.60+250657.8,q,2.0,,
23138,149.952317,SDSS J231538.71+250753.5,Q,1.2419999837875366,,
23138,171.664953,SDSS J231535.00+250336.8,Q,2.3459999561309814,,
2904,0.319355,IC 642,NR,0.019999999552965164,,FIRST J104808.1+181119
23139,134.826689,SDSS J004729.14+230247.4,Q,1.4600000381469727,,
2907,0.173741,UGC 3973,ARX,0.02199999988079071,XMMX J074232.7+494833,VL0J074232.84+494834.9
2907,169.463519,J074215.71+494759.7,X,,4XMM J074215.7+494800,
2908,157.271444,SDSS J205758.80-175904.3,qX,2.0999999046325684,2RXP J205758.6-175903,
12456,164.332213,WISEA J105852.75+751016.5,q,1.0,,
2909,65.755383,WISEA J001539.89-870028.6,q,0.5,,
23145,147.23188,J115714.75+491434.7,X,0.5,CXOG J115714.7+491434,
12457,149.228797,SDSS J113923.47+261630.5,Q,1.0529999732971191,,
23146,162.049002,SDSS J123229.04+441339.2,Q,1.5140000581741333,,
12458,14.588015,UM 642,Q,2.364000082015991,,
12458,132.872228,2SLAQ J141021.19-004814.1,Q,1.215000033378601,,
12459,27.33336,SDSS J143555.51+364337.6,Q,0.5059999823570251,,
12459,102.867622,SDSS J143547.13+364323.1,AX,0.3959999978542328,2SXPS J143547.2+364326,
12459,161.119389,WISEA J143542.91+364219.8,q,1.2999999523162842,,
23149,0.046352,IRAS 16288+3929,NRX,0.029999999329447746,2SXPS J163032.6+392303,FIRST J163032.6+392303
23149,74.817568,J163027.10+392224.7,X,,4XMM J163027.0+392224,
23149,163.251407,SDSS J163045.98+392355.3,QX,2.4660000801086426,4XMM J163046.0+392354,
2912,0.155188,NGC 4070,AX,0.024000000208616257,4XMM J120411.2+202435,
2912,151.191854,SDSS J120416.98+202643.4,N,0.11100000143051147,,
12460,90.966422,J164712.64+401610.0,2,,,
12460,179.662759,SDSS J164659.71+401353.2,Q,1.3669999837875366,,
2913,102.056522,WISEA J193421.72-610921.5,q,1.5,,
2914,0.102959,NGC 2638,AR,0.013000000268220901,,FIRST J084225.7+371315
12461,103.59851,SDSS J170646.77+301557.6,Q,1.3300000429153442,,
23153,32.881929,WISEA J224601.44+210702.2,q,0.6000000238418579,,
23154,124.203933,SDSS J231450.92-021032.4,QR,3.1050000190734863,,FIRST J231450.9-021033
2917,68.781012,SDSS J114806.42+302229.6,Q,1.2979999780654907,,
23157,135.815211,WISEA J021443.37-544406.9,q,1.2000000476837158,,
12470,133.644525,SDSS J130834.44+351128.6,Q,1.9780000448226929,,
23163,164.005605,WISEA J092426.51-063204.4,q,1.399999976158142,,
12472,155.437369,WISEA J175533.02+315028.3,q,1.399999976158142,,
2926,40.832557,WISEA J112023.70+033523.1,q,1.0,,
2926,66.137932,LAMOSTJ112030.62+033502.3,Q,1.3079999685287476,,
2926,146.383019,SDSS J112034.93+033614.2,Q,1.6690000295639038,,
23164,92.592526,WISEA J093942.61-043220.0,q,0.30000001192092896,,
2928,0.362218,NGC 5252,ARX,0.023000000044703484,CXOG J133815.8+043233,VL0J133815.87+043233.6
2928,23.161214,J133815.69+043256.2,X,,2XMM J133815.6+043256,
2928,35.583247,J133815.40+043308.1,X,,4XMM J133815.2+043309,
2928,36.05359,J133815.40+043157.8,X,,4XMM J133815.5+043158,
2928,55.205616,J133814.40+043142.5,X,,CXOG J133814.4+043142,
2928,140.291884,SDSS J133821.01+043430.4,qX,1.399999976158142,CXOG J133821.0+043430,
23170,33.166266,SDSS J162337.83+454500.2,qRX,1.2999999523162842,2RXS J162338.9+454459,FIRST J162337.8+454500
23170,66.172184,SDSS J162340.40+454519.4,BR,0.6899999976158142,,FIRST J162340.2+454519
23171,139.412279,WISEA J181732.38+643303.5,q,2.5,,
23174,98.12184,WISEA J012625.70+012833.5,qX,0.8999999761581421,2RXP J012626.1+012826,
12480,109.725363,SDSS J114232.25+200716.6,qX,1.0,2XMM J114232.2+200717,
12480,173.328686,Q J11424+2009,QX,1.4149999618530273,4XMM J114227.9+200955,
2939,142.419928,SDSS J081952.95+210127.6,AX,0.5559999942779541,CXOG J081952.9+210127,
23180,155.251658,WISEA J125128.55+270519.8,q,1.0,,
23181,166.173167,SDSS J131307.89+530945.6,Q,1.5399999618530273,,
12484,31.161877,SDSS J012149.10+331714.9,Q,2.2890000343322754,,
23184,0.052764,IRAS 21363-2700,ARX,0.029999999329447746,4XMM J213913.7-264630,VL0J213913.71-264631.2
23184,33.247259,J213915.14-264604.4,X,1.7999999523162842,4XMM J213915.1-264604,
23184,126.817867,J213912.42-264426.0,X,,4XMM J213912.3-264425,
2944,80.374374,LAMOSTJ171835.32+414159.0,QX,0.8050000071525574,2SXPS J171834.9+414156,
2944,155.189775,SDSS J171849.23+413925.0,Q,1.1080000400543213,,
23187,116.73374,WISEA J223331.72-261607.3,qR,1.0,,VL0J223331.69-261606.8
12488,0.23255,ESO 374-44,NRX,0.02800000086426735,2SXPS J101320.5-355857,NVSS J101319.8-355857
23188,130.02797,J011052.91-455928.3,X,,2SXPS J011052.9-455928,
12489,108.998312,WISEA J160824.60+073225.5,q,1.0,,
2947,85.583562,SDSS J103309.20+644351.1,QR,3.9549999237060547,,VL0J103309.19+644351.1
23190,101.209755,SDSS J015505.55+201318.7,Q,1.1660000085830688,,
23190,118.560291,WISEA J015513.57+201248.5,q,0.30000001192092896,,
2949,152.486897,J110304.26-161504.6,R,,,VL0J110304.31-161503.8
12492,152.975651,J213435.54+185934.6,R,,,VL0J213435.53+185934.9
2951,159.249555,WISEA J000900.45+332602.3,q,0.6000000238418579,,
23194,33.80017,SDSS J091932.69+335256.5,QX,1.659999966621399,2SXPS J091932.7+335256,
2954,124.749999,J052206.22+032951.7,R,0.20000000298023224,,VL0J052206.23+032951.8
23196,0.20088,PGC 83365,A,0.02199999988079071,,
2956,137.588518,WISEA J082017.14+670111.7,q,0.10000000149011612,,
23197,14.868103,J124247.00+331728.6,X,0.10000000149011612,4XMM J124246.9+331727,
23197,64.185717,J124246.04+331816.8,X,,4XMM J124245.9+331817,
23197,168.882607,J124234.15+331730.7,X,,4XMM J124234.1+331730,
23198,99.143352,SDSS J131233.30+283200.8,QX,0.8980000019073486,1WGA J1312.5+2831,
23199,141.887089,SDSS J132900.89+461707.1,Q,2.1619999408721924,,
2961,119.780464,J114919.72+592558.5,X,1.100000023841858,CXOG J114919.7+592558,
2961,120.718901,SDSS J114918.42+592508.0,QX,2.1050000190734863,CXOG J114918.4+592507,
2961,120.970554,NGC 3894,ARX,0.010999999940395355,CXOG J114850.3+592456,FIRST J114850.3+592456
23202,177.98356,WISEA J210033.95+092535.6,q,1.100000023841858,,
12502,121.033996,WISEA J143122.48+032838.8,q,0.6000000238418579,,
12502,122.553169,LAMOSTJ143112.49+033144.5,Q,0.8320000171661377,,
12503,164.673809,SDSS J145210.97+511737.2,Q,1.621999979019165,,
12504,5.673815,J161725.51+350803.1,X,,2XMM J161725.6+350759,
12504,49.654288,SDSS J161725.32+350719.0,QX,0.890999972820282,CXOG J161725.3+350719,
12504,116.68885,SDSS J161725.00+351005.1,qX,0.8999999761581421,4XMM J161724.8+351003,
12504,136.010241,J161731.28+350611.7,X,,CXOG J161731.3+350610,
12504,158.032973,J161726.64+350531.1,X,,CXOG J161726.6+350531,
12504,162.41452,SDSS J161736.05+350628.6,QX,1.7100000381469727,4XMM J161736.2+350627,
12505,126.910443,SDSS J161856.88+351117.7,Q,1.8899999856948853,,
2970,63.767809,J000115.85+130619.1,X,1.399999976158142,CXOG J000115.7+130621,
12508,99.672901,PGC 1253758,AX,0.07900000363588333,CXOX J003944.9+033105,
12508,112.136295,SDSS J003944.33+033040.8,QX,2.4240000247955322,CXOX J003944.2+033038,
2971,116.871843,WISEA J004338.02-040838.1,qR,0.20000000298023224,,FIRST J004338.0-040839
2971,119.99558,SDSS J004340.86-040621.8,Q,1.2990000247955322,,
2973,0.208571,NGC 4187,AR,0.03099999949336052,,VL0J121329.30+504429.3
2973,92.998048,WISEA J121322.41+504535.5,q,0.10000000149011612,,
2973,102.402728,SDSS J121328.26+504611.2,Q,2.0889999866485596,,
2973,122.65287,SDSS J121320.54+504259.0,Q,0.9919999837875366,,
2975,89.561661,J012417.50+092120.9,X,0.20000000298023224,4XMM J012417.4+092122,
12512,0.204198,IC 789,NR,0.02500000037252903,,FIRST J122620.4+072736
12512,137.519021,SDSS J122629.27+072652.5,Q,3.2290000915527344,,
12515,127.49014,WISEA J152133.36-295237.1,qX,0.5,2SXPS J152133.3-295238,
12518,118.5329,SDSS J082104.49+551006.6,Q,1.0779999494552612,,
12520,119.815839,SDSS J084828.67+185911.9,Q,2.2950000762939453,,
12520,147.498921,SDSS J084837.59+190057.8,Q,2.367000102996826,,
12521,0.327423,MCG 7-19-027,BR,0.02800000086426735,,FIRST J090652.7+412429
12522,71.780619,WISEA J131612.32-064111.5,q,1.100000023841858,,
2993,118.231335,SDSS J231258.29+201610.2,Q,1.4149999618530273,,
2993,137.294487,LAMOSTJ231242.64+201539.2,Q,1.8220000267028809,,
2993,157.332984,SDSS J231301.73+201340.6,Q,1.5180000066757202,,
2994,60.764053,SDSS J233229.58+235451.4,N,0.0689999982714653,,
12525,177.950842,J140308.92-340257.4,X,,4XMM J140308.9-340257,
2996,144.564618,WISEA J122321.24-123106.5,q,2.5,,
12526,120.653816,PGC 1592846,AR,0.11599999666213989,,FIRST J144501.7+192714
12526,126.177025,SDSS J144515.48+192443.1,Q,1.9240000247955322,,
12527,66.076493,Zw152242-01390,N,0.027000000700354576,,
3002,63.281211,SDSS J120405.83+201345.0,QX,0.5979999899864197,CXOG J120405.8+201345,
3002,95.439912,J120354.93+201328.4,X,,CXOG J120354.9+201328,
3004,106.352507,WISEA J012110.74-224845.8,q,0.699999988079071,,
3005,140.803248,WISEA J062940.85+742738.2,q,0.30000001192092896,,
12533,114.61472,SDSS J080134.84+420159.5,Q,1.9199999570846558,,
12533,115.09061,PGC 2190688,NR,0.03200000151991844,,NVSS J080141.7+420020
3010,140.766112,J235138.11-281934.6,X,,2RXS J235137.8-281927,
3011,90.908542,SDSS J012225.57-005357.5,Q,1.8619999885559082,,
3011,131.653584,SDSS J012230.55-005354.3,Q,1.2259999513626099,,
3011,140.902285,SDSS J012232.82-005308.2,Q,1.555999994277954,,
3011,178.523626,SDSS J012212.26-005316.8,A,0.09300000220537186,,
12540,155.960127,SDSS J174736.89+611737.0,qRX,1.399999976158142,2RXS J174736.7+611733,VL0J174736.94+611736.6
3015,165.782369,SDSS J080315.67+232536.7,Q,1.8660000562667847,,
3016,109.089892,J092130.78+641437.5,R,,,NVSS J092131.1+641435
12542,65.807706,WISEA J191301.91-602313.9,q,0.6000000238418579,,
12543,159.466216,WISEA J191819.77+522323.0,q,0.20000000298023224,,
12543,172.730101,WISEA J191836.87+522505.0,qR,0.8999999761581421,,VL0J191836.83+522504.8
3020,88.413193,J210445.44-122032.9,X,,XMMX J210445.3-122031,
3021,77.158658,SDSS J020100.69+315313.8,Q,2.447999954223633,,
12547,106.756819,WISEA J212850.95-524535.9,qX,0.699999988079071,2SXPS J212850.6-524535,
12548,65.944219,J215521.03-694807.6,X,,4XMM J215521.0-694807,
3024,66.139346,SDSS J123020.82+133343.5,QX,1.593000054359436,4XMM J123020.8+133344,
3024,141.911577,J123009.31+133531.7,X,,CXOG J123009.3+133532,
3024,149.077085,SDSS J123025.79+133256.8,qX,1.5,CXOG J123025.8+133256,
3024,165.082411,J123029.00+133343.2,X,2.5999999046325684,4XMM J123028.9+133342,
3028,0.307348,SDSS J112800.60+293039.8,AR,0.00800000037997961,,NVSS J112800.9+293044
12556,167.350989,SDSS J122548.08+452010.9,Q,1.6039999723434448,,
12558,171.949338,J163500.65+461517.4,X,,CXOG J163500.6+461518,
3037,133.792251,SDSS J231707.97+302202.3,Q,2.0840001106262207,,
3038,69.66011,SDSS J020144.89+315006.2,Q,0.7620000243186951,,
3039,160.776499,SDSS J090823.76+373723.8,Q,1.5119999647140503,,
12563,116.953445,J214445.18-033748.7,R,0.5,,FIRST J214445.1-033747
12565,103.988213,WISEA J003830.41+292905.6,q,0.6000000238418579,,
3047,147.74695,J040417.39-021058.9,X,0.30000001192092896,CXOG J040417.5-021054,
3047,152.089046,J040417.24-021154.4,X,,CXOG J040417.1-021152,
3047,157.138343,J040427.65-020844.0,R,0.5,,NVSS J040427.4-020847
3047,166.329238,J040427.65-020834.8,X,1.899999976158142,CXOG J040427.6-020834,
12574,127.749439,SDSS J220732.80+070221.7,Q,2.2769999504089355,,
3055,12.236401,ESO 377-24,ARX,0.008999999612569809,XMMSL J111233.8-362527,NVSS J111233.6-362530
3057,0.378669,UGC 8749,N,0.008999999612569809,,
3057,118.442993,SDSS J135023.51+412005.6,Q,1.1109999418258667,,
3058,78.451171,WISEA J164116.03+612035.3,q,0.20000000298023224,,
3059,134.095158,SDSS J024850.83+030907.0,Q,0.8450000286102295,,
3060,170.488933,SDSS J081950.30-070239.1,qX,0.4000000059604645,2SXPS J081950.2-070241,
12578,124.569409,SDSS J083343.50+564705.8,Q,1.5729999542236328,,
12578,166.545299,SDSS J083400.05+565105.6,Q,2.325000047683716,,
12579,155.696702,SDSS J100648.82+310323.8,Q,2.2100000381469727,,
3062,0.648519,UGC 12064,AX,0.017000000923871994,2XMM J223120.5+392130,
3062,55.240644,J223116.03+392113.9,X,1.399999976158142,XMMX J223116.1+392112,
12581,59.98358,WISEA J103946.44+264315.2,q,0.30000001192092896,,
3065,57.822304,J020945.94-101134.9,X,0.20000000298023224,CXOG J020945.9-101134,
3065,92.829636,J020941.13-101231.5,X,1.2999999523162842,2SXPS J020940.5-101229,
12584,69.052038,WISEA J224829.20-393940.1,q,0.30000001192092896,,
3067,140.862785,CGCG 38-35,NR,0.06800000369548798,,FIRST J105149.1+034645
3068,0.206658,NGC 5684,ARX,0.014000000432133675,2SXPS J143550.1+363236,FIRST J143550.1+363235
3068,86.396869,J143553.49+363351.9,X,2.0999999046325684,2SXPS J143553.4+363350,
3068,92.604333,SDSS J143557.09+363315.2,Q,1.5379999876022339,,
12586,64.10993,SDSS J233230.29+065110.3,Q,1.722000002861023,,
12586,117.2405,SDSS J233238.28+065245.1,Q,0.5389999747276306,,
3071,67.410462,SDSS J131242.46+470433.1,Q,1.7300000190734863,,
3071,116.163542,SDSS J131240.67+470156.3,Q,0.9539999961853027,,
3071,134.25546,SDSS J131230.06+470157.8,Q,1.156000018119812,,
3071,143.463861,SDSS J131232.14+470135.6,Q,0.7699999809265137,,
3071,169.802507,SDSS J131253.99+470322.5,Q,2.0350000858306885,,
3077,177.306913,2QZ J135242.6-010711,Q,1.7730000019073486,,
3079,144.86405,2QZ J215836.2-282952,Q,1.1390000581741333,,
12598,107.68263,WISEA J201059.15-710151.0,q,1.0,,
3084,107.510472,WISEA J045819.11-074604.7,q,0.20000000298023224,,
12600,141.91862,WISEA J215547.22+245537.7,q,1.0,,
12601,89.071556,WISEA J001311.65-491905.3,qX,1.7000000476837158,4XMM J001311.5-491906,
12602,110.928345,SDSS J003022.86+055031.0,Q,2.0510001182556152,,
3086,123.614716,WISEA J171426.40+434105.7,qX,1.5,1RXH J171426.3+434105,
3086,125.392606,J171418.00+434306.0,X,,2RXP J171417.2+434254,
3086,159.603633,J171404.64+434258.2,X,,2XMM J171404.5+434256,
3086,162.331382,WISEA J171401.65+434218.3,qX,0.30000001192092896,2SXPS J171401.4+434212,
12603,56.441133,SDSS J004626.84+314738.6,Q,1.6670000553131104,,
12603,171.959804,J004638.74+315019.4,X,,1WGA J0046.6+3150,
12604,110.98176,SDSS J015625.16+040525.3,Q,1.7599999904632568,,
3090,73.531176,SDSS J094721.15+220500.8,N,0.1889999955892563,,
3090,146.342951,WISEA J094705.66+220542.2,q,0.5,,
3091,0.197395,Mark 766,NRX,0.013000000268220901,4XMM J121826.5+294846,VL0J121826.49+294846.5
3091,33.668013,J121824.43+294906.6,X,,1RXH J121824.7+294904,
3091,101.459985,J121828.49+294708.3,X,0.10000000149011612,2RXP J121828.3+294710,
3091,137.024512,J121820.68+294652.2,X,0.10000000149011612,XMMX J121820.6+294649,
3091,169.755272,J121815.32+295013.8,X,,4XMM J121815.3+295013,
3092,0.255525,NGC 4748,ARX,0.014000000432133675,XMMSL J125212.3-132455,VL0J125212.49-132453.1
3092,179.101991,J125200.76-132547.6,X,,4XMM J125200.8-132545,
3096,59.455623,NGC 71,NX,0.02199999988079071,CXOG J001823.6+300347,
3096,81.132915,SDSS J001819.02+300339.4,qX,1.600000023841858,CXOG J001819.0+300339,
3096,93.863703,J001818.22+300601.8,X,,2CXO J001818.2+300600,
3096,157.974886,J001818.14+300713.8,X,,CXOG J001818.1+300714,
12614,152.176347,SDSS J010030.59+300553.2,Q,2.2939999103546143,,
12615,176.986493,SDSS J020211.65-024900.9,Q,0.4740000069141388,,
3102,127.081758,J011916.50-340504.9,X,,4XMM J011916.4-340505,
3102,177.285195,J011906.24-340909.7,X,,4XMM J011906.1-340910,
12620,78.580858,PS1 J121402.71-123548.6,Q,4.739999771118164,,
3103,78.624561,J094032.27+033526.1,X,,2XMM J094032.2+033524,
3104,0.200733,NGC 4799,AR,0.008999999612569809,,FIRST J125515.3+025348
12624,9.324119,SDSS J174821.16+540905.1,qR,0.8999999761581421,,NVSS J174821.0+540902
12624,175.648144,WISEA J174818.70+540602.6,q,1.899999976158142,,
3107,136.221132,J123331.60+091134.8,X,1.2999999523162842,4XMM J123331.4+091134,
3107,175.337958,SDSS J123350.03+091154.2,qX,1.0,4XMM J123350.1+091153,
3107,178.603494,J123350.07+090858.9,X,1.899999976158142,4XMM J123350.1+090859,
3108,99.071321,SDSS J135342.39+360929.9,N,0.1080000028014183,,
3109,112.259377,J135817.87+063228.8,X,,2RXP J135818.0+063227,
3109,113.929771,WISEA J135811.93+063258.3,q,1.2999999523162842,,
3109,143.195499,SDSS J135805.01+062942.5,Q,2.430000066757202,,
12627,153.165337,WISEA J194522.38-344708.1,q,0.20000000298023224,,
3110,0.121943,NGC 513,ARX,0.01899999938905239,2XMM J012426.7+334758,NVSS J012426.6+334755
3110,96.505605,SDSS J012434.22+334730.9,qX,1.7999999523162842,4XMM J012434.3+334731,
3110,143.652465,SDSS J012431.91+334549.5,qX,1.0,2XMM J012431.8+334549,
3110,179.435063,SDSS J012437.12+335003.4,QX,2.2139999866485596,4XMM J012437.1+335003,
3110,179.644366,SDSS J012417.92+335019.7,QX,2.996999979019165,2XMM J012417.8+335020,
3110,179.700841,J012425.66+334459.2,X,0.20000000298023224,4XMM J012425.6+334459,
3111,150.781497,SDSS J100826.40+530427.7,Q,1.8220000267028809,,
3114,58.944326,J212729.33-600054.9,X,,2SXPS J212729.2-600102,
12633,162.446804,J030941.77-094716.4,X,1.100000023841858,4XMM J030941.7-094717,
12634,152.113586,WISEA J033427.72+033500.0,q,1.600000023841858,,
3120,129.628083,WISEA J072258.59+223401.5,q,0.5,,
3121,111.142718,J140329.17+345943.3,X,,4XMM J140329.1+345942,
3121,133.115818,SDSS J140341.98+350204.2,QX,0.7620000243186951,4XMM J140341.9+350204,
3121,149.528373,J140325.28+350339.3,X,,4XMM J140325.3+350340,
12639,27.274033,SDSS J115018.23+434412.8,Q,1.5750000476837158,,
12639,83.827167,SDSS J115008.08+434359.2,Q,0.8029999732971191,,
12639,173.292204,SDSS J115030.25+434252.6,Q,1.8650000095367432,,
12640,97.514646,SDSS J130545.34+330922.9,Q,1.0820000171661377,,
12641,124.776628,WISEA J170718.96+341708.4,q,0.20000000298023224,,
12642,178.613397,WISEA J172707.73+710524.4,q,0.20000000298023224,,
3127,172.974185,J235130.71+203226.7,X,,XMMX J235130.8+203224,
3129,159.720582,J120906.91+295655.7,X,,CXOG J120906.9+295655,
3129,176.10327,SDSS J120930.55+295635.2,qX,1.899999976158142,CXOG J120930.5+295635,
3131,79.383763,WISEA J092253.07+031039.4,q,0.4000000059604645,,
12649,173.051991,SDSS J090446.81+513450.4,Q,3.053999900817871,,
3140,121.057927,SDSS J233237.51+292911.2,Q,1.9869999885559082,,
3142,122.623758,SDSS J090018.12+031228.5,Q,1.3380000591278076,,
12659,96.91016,SDSS J000103.79+043401.8,Q,1.3539999723434448,,
12659,146.156921,SDSS J000112.61+043059.0,Q,1.8200000524520874,,
3145,19.590654,J031251.62+044244.2,X,,4XMM J031251.8+044242,
12660,178.946999,LAMOSTJ022739.37+241421.4,Q,0.7129999995231628,,
3147,51.951907,WISEA J224500.22+340008.8,q,2.0,,
3149,147.613676,XMS J010506.6-061510,QX,1.4900000095367432,4XMM J010506.5-061508,
3152,118.128565,WISEA J133500.11-351751.1,q,0.30000001192092896,,
12668,141.169747,WISEA J042114.03-185032.1,qX,0.30000001192092896,CXOG J042114.0-185032,
3154,0.033215,NGC 3035,ARX,0.014999999664723873,2SXPS J095154.9-064920,FIRST J095155.0-064922
12670,0.192092,6dF J121004.0-463627,NRX,0.03200000151991844,2SXPS J121004.0-463626,SUMSS J121003.9-463626
3156,30.206143,J153459.29+232958.7,X,,XMMX J153459.4+232957,
3156,101.847552,J153455.08+232833.1,X,1.5,1RXH J153454.8+232837,
3156,120.372967,J153453.63+232821.0,X,,XMMX J153453.6+232819,
3156,177.725814,J153509.29+232905.4,X,,CXOG J153509.3+232904,
12672,116.961739,SDSS J121923.33+492032.1,Q,0.18400000035762787,,
3157,146.792916,WISEA J075811.16+561926.7,q,1.0,,
12675,73.541953,WISEA J003051.50-124425.3,q,1.399999976158142,,
3162,112.221581,WISEA J021701.50+011258.2,q,0.10000000149011612,,
3162,177.067061,SDSS J021700.79+011152.4,Q,1.9980000257492065,,
12677,139.329322,SDSS J020359.45+193755.8,Q,2.4130001068115234,,
3163,118.938021,J091455.87+294200.7,X,,2SXPS J091455.9+294156,
3163,172.037061,LAMOSTJ091449.78+294543.6,QX,0.3319999873638153,2SXPS J091449.7+294546,
12678,28.779174,SDSS J024525.95+025310.7,Q,3.178999900817871,,
12678,162.45343,SDSS J024530.40+025507.2,Q,2.3010001182556152,,
3164,127.446592,J131346.66-163035.6,X,2.299999952316284,2XMM J131346.5-163035,
12682,137.547306,SDSS J131711.06+340620.8,qR,1.0,,FIRST J131710.9+340619
3168,113.810419,WISEA J142018.05-294634.6,q,1.7000000476837158,,
12685,163.950306,SDSS J213933.55+025146.0,Q,0.7429999709129333,,
3171,46.922847,SDSS J152939.84+424641.6,QRX,1.6970000267028809,2SXPS J152939.6+424642,VL0J152939.86+424641.8
3171,175.611106,SDSS J152935.02+424904.7,QX,0.8709999918937683,2SXPS J152934.7+424906,
12689,75.023547,2QZ J014550.5-275603,Q,0.4339999854564667,,
12690,164.96408,SDSS J020809.38+281727.1,Q,1.315000057220459,,
3176,101.763743,SDSS J000715.78+323503.2,Q,2.1760001182556152,,
3178,99.101686,SDSS J124906.69+032426.5,qX,2.200000047683716,CXOG J124906.6+032426,
12692,115.185892,WISEA J022941.05-425849.4,q,1.7000000476837158,,
12693,152.330794,WISEA J034318.31-044130.4,q,0.699999988079071,,
12695,54.127327,SDSS J110716.70+462344.5,Q,1.2239999771118164,,
3183,85.790898,J015237.12+360856.7,X,1.5,1RXH J015236.7+360857,
3183,137.332345,J015239.39+361234.4,X,0.6000000238418579,4XMM J015239.2+361233,
3183,164.046396,J015247.18+360801.1,X,0.20000000298023224,XMMX J015247.1+360803,
3183,170.969234,J015253.66+361001.4,X,0.20000000298023224,4XMM J015253.4+361001,
3183,171.125648,J015252.53+361126.2,X,,1RXH J015252.3+361130,
3183,173.913586,J015251.79+360845.2,X,0.20000000298023224,1RXH J015251.5+360849,
12696,15.813854,NGC 4748,ARX,0.014000000432133675,XMMSL J125212.3-132455,VL0J125212.49-132453.1
12697,142.8732,2SLAQ J140501.04-003902.0,Q,1.718999981880188,,
12698,172.121012,SDSS J140825.17+115106.9,Q,2.3459999561309814,,
3187,172.432857,SDSS J001137.38-053646.3,qR,1.5,,NVSS J001137.4-053645
12701,122.294445,WISEA J204426.94-765808.9,q,0.4000000059604645,,
12702,130.493114,WISEA J211736.70-373355.0,q,2.0999999046325684,,
3189,88.791273,SDSS J024812.58+043318.8,Q,1.0329999923706055,,
3189,145.517025,SDSS J024816.56+043217.9,Q,1.562999963760376,,
3190,177.338695,J032024.33-020556.4,2X,0.800000011920929,2SXPS J032024.3-020553,
3194,0.194686,NGC 7674,ARX,0.028999999165534973,2SXPS J232756.7+084644,VL0J232756.71+084644.2
3194,156.520959,SDSS J232804.02+084451.6,QX,1.2920000553131104,2XMM J232803.9+084452,
12708,99.848987,2SLAQ J100105.94+001424.8,Q,0.8849999904632568,,
12708,114.832828,2QZ J100104.3+001254,Q,1.1749999523162842,,
12709,164.239097,WISEA J122005.73+172236.7,q,0.6000000238418579,,
12711,111.337235,SDSS J144757.75+480627.4,Q,1.562000036239624,,
12711,173.502014,SDSS J144822.01+480400.0,Q,1.2450000047683716,,
3199,58.950789,SDSS J011230.86-040943.6,Q,1.3029999732971191,,
3199,142.479842,SDSS J011236.39-041052.5,Q,1.6929999589920044,,
3199,160.083405,SDSS J011223.17-040714.5,Q,1.805999994277954,,
12712,0.199752,IRAS 15100+3306,NR,0.023000000044703484,,FIRST J151202.0+325455
12712,106.777275,SDSS J151205.06+325635.2,Q,2.825000047683716,,
3200,172.902352,WISEA J125419.12-414621.3,q,0.10000000149011612,,
3203,7.546097,J203623.53-043715.0,R,,,FIRST J203623.5-043714
3203,59.783377,SDSS J203624.65-043610.5,A,0.4580000042915344,,
12716,88.997859,SDSS J222631.77-062506.2,qX,2.299999952316284,4XMM J222631.8-062506,
12716,91.79506,WISEA J222627.96-062503.9,qX,0.8999999761581421,4XMM J222628.0-062505,
12716,137.946042,WISEA J222627.64-062128.0,q,0.30000001192092896,,
3204,144.064299,SDSS J004801.61+193724.9,QR,1.281999945640564,,VL0J004801.60+193725.1
3205,55.756934,NGC 2500 X2,QX,0.5130000114440918,CXOG J080157.8+504339,
12718,103.991385,SDSS J014436.57+122615.2,Q,1.2009999752044678,,
12718,164.201588,SDSS J014418.64+122524.1,Q,1.3200000524520874,,
3207,36.601217,SDSS J142226.23-002313.6,qX,2.4000000953674316,CXOG J142226.4-002311,
3207,43.155779,J142226.08-002341.2,X,2.299999952316284,CXOG J142226.0-002341,
3207,64.5114,J142219.88-002341.7,X,,2SXPS J142220.1-002341,
3209,163.887502,VIPERS 110054689,A,0.18799999356269836,,
12723,139.953446,WISEA J050433.22-290631.9,q,1.2000000476837158,,
3211,36.813304,J214008.51-635417.2,X,,CXOG J214008.4-635416,
3211,97.804933,J214010.43-635558.4,X,,2SXPS J214010.5-635559,
3211,162.017984,WISEA J213943.01-635302.2,q,2.0,,
3212,110.478267,WISEA J022240.76-412338.1,q,0.800000011920929,,
12728,135.493846,2QZ J113824.3-011040,Q,1.7369999885559082,,
12729,0.191368,MCG 7-34-119,NR,0.03099999949336052,,FIRST J163716.4+442505
12729,108.089829,SDSS J163709.90+442628.1,Q,2.4040000438690186,,
12731,1.514566,NGC 7672,NR,0.013000000268220901,,VL0J232731.44+122306.8
3219,82.342364,J234747.90-280713.2,X,1.2000000476837158,XMMX J234747.5-280711,
3219,131.815317,J234753.98-280924.9,X,0.4000000059604645,CXOG J234753.9-280924,
3219,141.973766,J234746.90-281046.2,X,1.5,XMMX J234746.7-281049,
3219,171.815329,J234732.27-280756.0,X,,CXOG J234732.2-280756,
3219,178.333059,J234753.67-281043.6,X,,CXOG J234753.6-281044,
12732,65.602941,WISEA J235839.90-173226.7,q,0.699999988079071,,
3220,156.118942,WISEA J062226.60+663718.0,qR,1.2999999523162842,,VL0J062226.58+663718.4
3223,7.776226,J124957.72+051833.8,X,,XMMX J124957.7+051835,
3223,14.242071,J124957.29+051830.0,X,,XMMX J124957.4+051831,
3223,48.132802,J124955.25+051908.9,X,2.9000000953674316,CXOG J124955.4+051909,
3223,62.767737,J124953.68+051839.7,X,1.0,CXOG J124953.7+051841,
3223,138.362271,SDSS J124955.41+051627.8,QX,0.21199999749660492,XMMX J124955.5+051628,
3224,151.352884,SDSS J133217.58+135554.3,Q,2.194999933242798,,
12738,87.212628,SDSS J085358.56+522522.8,Q,0.722000002861023,,
12738,121.305465,WISEA J085357.54+522600.7,q,0.5,,
12738,130.115625,SDSS J085357.12+522610.2,Q,1.0950000286102295,,
3225,97.022317,J135403.86-075711.4,R,,,FIRST J135403.2-075712
12741,156.387019,SDSS J105047.87+251444.7,Q,2.6029999256134033,,
3230,80.14103,J004250.12-233247.0,X,,2SXPS J004250.1-233245,
3230,80.947696,J004251.75-233341.9,X,,CXOG J004251.7-233341,
3230,120.856593,NGC 235,ARX,0.02199999988079071,CXOG J004252.7-233227,VL0J004252.82-233227.1
12746,136.971674,SDSS J233430.66+343910.3,Q,1.9110000133514404,,
12746,177.775287,SDSS J233418.35+344017.3,Q,1.8359999656677246,,
12747,111.795199,SDSS J235322.33+111943.8,Q,1.2699999809265137,,
12748,166.284839,SDSS J004659.70+230545.0,Q,1.8700000047683716,,
3240,138.234272,SDSS J171508.02+433730.2,qX,1.100000023841858,2RXP J171507.0+433720,
3240,164.122688,J171500.68+433654.4,X,,2RXS J171500.2+433653,
3242,101.381561,J234401.35+260354.2,X,2.0,CXOG J234401.3+260354,
3243,177.819447,WISEA J004457.43-562545.0,q,1.2999999523162842,,
12757,96.195185,WISEA J170201.60+064110.8,q,0.20000000298023224,,
12758,73.299158,J184725.12-631725.3,X,,4XMM J184725.1-631724,
12758,178.556739,J184726.50-632134.3,X,,4XMM J184726.3-632131,
3247,0.237854,NGC 4922,AX,0.024000000208616257,CXOG J130124.5+291829,
3247,21.881369,UGC 8135,NRX,0.023000000044703484,CXOG J130125.2+291849,FIRST J130125.2+291849
3247,68.554736,J130129.60+291814.6,X,,CXOG J130129.5+291814,
12763,102.107194,SDSS J012838.24-014533.7,Q,1.4919999837875366,,
3253,86.754585,SDSS J232028.17+271941.7,Q,1.1269999742507935,,
3253,124.60359,WISEA J232015.10+271742.2,q,0.20000000298023224,,
3253,172.189508,SDSS J232033.72+272024.5,Q,1.3639999628067017,,
12769,129.730241,WISEA J091222.27+123202.3,q,1.100000023841858,,
12769,158.437132,WISEA J091233.63+122928.4,q,0.6000000238418579,,
3257,102.116289,SDSS J025603.26+004221.4,Q,1.6339999437332153,,
12773,173.652786,SDSS J105941.91+500311.4,Q,1.7020000219345093,,
12775,147.486021,SDSS J112150.14+503405.6,Q,2.236999988555908,,
12775,169.445117,SDSS J112206.93+503253.7,Q,1.8960000276565552,,
12775,170.336185,SDSS J112219.73+503500.8,Q,2.369999885559082,,
3266,113.480545,WISEA J030846.84-032216.3,q,2.200000047683716,,
3267,107.525431,WISEA J071551.90+564755.9,q,1.2999999523162842,,
12778,153.072864,MCG 0-36-003,NR,0.029999999329447746,,VL0J135627.40-001716.9
12779,20.397088,SDSS J141904.94+070141.6,Q,2.815000057220459,,
3269,102.162828,J085408.39-071225.8,R,,,NVSS J085408.4-071227
12781,168.609676,SDSS J161121.78+381521.2,Q,0.6769999861717224,,
3270,152.549326,SDSS J143558.77+214652.5,Q,4.670000076293945,,
3270,172.637049,SDSS J143606.35+214448.7,Q,2.2699999809265137,,
12783,0.285289,MCG 2-58-058,NR,0.02800000086426735,,NVSS J230240.3+131944
3271,90.694165,SDSS J102627.02+201510.2,Q,0.75,,
3272,74.952251,WISEA J103929.35-235559.5,q,0.30000001192092896,,
12784,0.378512,CGCG 431-53,NR,0.026000000536441803,,FIRST J232327.0+141932
12784,59.285183,SDSS J232331.02+141946.2,qR,2.0,,FIRST J232330.9+141947
12786,92.788067,SDSS J003353.97-025253.9,Q,0.8180000185966492,,
3275,58.88384,J075111.69+501100.4,X,,CXOG J075111.6+501100,
3275,69.608124,SDSS J075110.66+501026.5,qX,0.4000000059604645,CXOG J075110.6+501026,
3275,153.235592,SDSS J075131.33+501204.2,qX,2.299999952316284,CXOG J075131.3+501204,
3277,0.108058,UGC 11630,NX,0.012000000104308128,2SXPS J204734.1+002440,
3278,173.060629,J043636.79-025421.6,X,1.399999976158142,CXOG J043636.7-025422,
3279,172.298398,WISEA J085451.22-025714.2,q,1.399999976158142,,
12792,104.058014,WISEA J071710.10+670702.9,q,0.8999999761581421,,
3280,52.4242,2SLAQ J122540.40+003343.5,N,0.07900000363588333,,
12795,161.674,WISEA J132833.55-280849.8,q,1.399999976158142,,
3281,156.586718,J124904.10-112210.7,X,,4XMM J124904.0-112209,
3283,0.20974,UGC 3223,ARX,0.017999999225139618,2SXPS J045909.5+045829,VL0J045909.39+045830.4
3289,153.981726,SDSS J113520.98+545536.8,Q,2.005000114440918,,
3289,167.623165,SDSS J113555.05+545742.3,Q,1.8200000524520874,,
3290,147.376868,WISEA J132105.99-155430.8,q,1.899999976158142,,
3291,86.09852,SDSS J141444.76+150917.2,QR,1.4129999876022339,,FIRST J141444.7+150917
3294,129.71555,J000151.30+232959.3,X,2.4000000953674316,CXOG J000151.2+232959,
3294,141.160053,SDSS J000151.58+232857.6,QX,0.8840000033378601,CXOG J000151.5+232857,
12811,0.206419,PGC 3096554,ARX,0.029999999329447746,XMMSL J174127.9+034857,VL0J174128.22+034851.0
3295,88.238258,SDSS J001425.32-070923.0,Q,2.2839999198913574,,
12812,73.145451,WISEA J182506.65+312417.8,q,1.5,,
12814,160.225277,SDSS J224111.24+094505.5,Q,2.375,,
3301,137.490638,SDSS J132432.75+140738.7,qX,1.2999999523162842,4XMM J132432.7+140739,
12819,69.443685,SDSS J112939.78+353200.6,Q,2.240999937057495,,
12819,161.772609,SDSS J112946.98+352847.6,Q,1.1720000505447388,,
12820,165.016005,SDSS J123929.12+474002.3,qX,0.20000000298023224,CXOG J123929.2+474002,
3305,75.986344,WISEA J031738.12-015019.4,q,2.0,,
3305,170.469097,WISEA J031728.33-015106.2,q,0.4000000059604645,,
12826,59.906634,SDSS J154549.71+022417.6,Q,2.2799999713897705,,
12826,153.602378,SDSS J154539.58+022636.6,qX,2.0999999046325684,4XMM J154539.5+022635,
3311,141.581298,SDSS J135234.46+140402.7,Q,0.5910000205039978,,
3312,151.597111,LAMOSTJ020334.25+160207.4,Q,0.7770000100135803,,
12831,144.741105,WISEA J120813.46+255103.6,q,2.0,,
12832,126.856397,WISEA J124249.53-244318.9,q,1.899999976158142,,
3314,132.294706,J121926.91+055044.2,X,,CXOG J121926.9+055044,
3314,161.478108,J121924.97+055058.3,X,,CXOG J121924.9+055058,
3317,44.573085,WISEA J135136.12-302917.8,q,0.30000001192092896,,
12837,28.944834,WISEA J225807.81+291334.4,q,0.5,,
12837,175.940151,SDSS J225800.56+291136.1,Q,3.318000078201294,,
3319,128.864376,SDSS J115121.76+550427.6,QX,1.4010000228881836,CXOG J115121.8+550427,
3319,145.891582,J115114.53+550653.6,X,,CXO J115114.5+550655,
3320,104.930775,WISEA J153452.12+114548.8,q,1.2999999523162842,,
3320,112.500358,WISEA J153501.48+114644.8,q,1.399999976158142,,
12845,89.180475,WISEA J021837.45-222821.0,q,1.600000023841858,,
3326,0.640605,NGC 5975,NR,0.014999999664723873,,FIRST J153957.9+212814
12847,99.711683,SDSS J103210.21+273933.2,QX,1.2960000038146973,CXOG J103210.2+273933,
12849,63.849673,SDSS J113540.41+250427.8,Q,2.1559998989105225,,
12850,148.020512,SDSS J114416.85+554053.3,QX,2.752000093460083,2SXPS J114416.6+554052,
12852,110.37255,SDSS J132022.20+305821.3,Q,2.3459999561309814,,
3331,139.646426,SDSS J234410.92+003018.5,qX,2.0,4XMM J234410.9+003017,
12853,145.086853,J132400.96-190431.3,R,1.5,,VL0J132400.96-190430.9
3335,153.069198,WISEA J151801.17-173616.1,q,1.0,,
12859,29.856236,SDSS J010518.23+314027.4,Q,3.2669999599456787,,
12859,88.107781,SDSS J010517.31+314221.2,Q,1.9190000295639038,,
12860,98.009849,SDSS J010758.78+332607.9,Q,0.6119999885559082,,
12860,144.094794,SDSS J010814.35+332552.4,Q,0.6990000009536743,,
12863,82.569541,J095814.23+155536.0,R,,,FIRST J095814.2+155535
12863,105.357008,SDSS J095809.07+155510.0,Q,0.8109999895095825,,
12864,163.553134,SDSS J122843.65+225201.1,Q,2.2200000286102295,,
3341,132.383468,SDSS J172338.53+565713.4,Q,2.2060000896453857,,
12869,87.946272,SDSS J003851.44+253849.2,Q,2.7200000286102295,,
12869,172.34372,SDSS J003844.96+253847.4,Q,1.2879999876022339,,
3344,0.010589,ESO 500-34,NRX,0.013000000268220901,2SXPS J102431.4-233309,VL0J102431.45-233310.3
12871,105.252759,SDSS J074016.64+231733.1,Q,1.559000015258789,,
12872,150.072099,SDSS J082024.42+401648.5,Q,2.1489999294281006,,
3346,147.867279,WISEA J120455.28+103719.7,q,0.30000001192092896,,
12873,158.503268,SDSS J085141.17+405043.0,QR,0.5830000042915344,,VL0J085141.16+405043.1
12874,115.970686,SDSS J095133.57+575707.0,Q,1.2949999570846558,,
12874,127.086963,SDSS J095135.25+575553.3,N,0.1420000046491623,,
12875,155.679441,SDSS J111045.50+115822.5,K,0.503000020980835,,
12876,172.293473,SDSS J114440.47+324113.9,Q,0.5320000052452087,,
12878,26.054977,WISEA J124719.48-450246.3,q,1.2000000476837158,,
12880,0.178863,NGC 5178,NRX,0.020999999716877937,2XMM J132929.2+113730,NVSS J132929.2+113728
3355,0.269952,NGC 4172,A,0.03099999949336052,,
3356,72.376628,SDSS J123328.31+084022.3,qR,2.299999952316284,,NVSS J123328.5+084018
3358,0.607934,NGC 4813,N,0.004999999888241291,,
3359,84.592081,WISEA J225107.56+312233.3,q,0.8999999761581421,,
3359,120.095488,SDSS J225055.41+312406.6,Q,1.3910000324249268,,
12888,167.799294,2QZ J011301.9-312425,Q,1.805999994277954,,
3363,162.424837,WISEA J213515.63-762004.6,q,0.6000000238418579,,
12892,0.083678,CGCG 33-50,NRX,0.027000000700354576,CXOG J090229.4+032305,VL0J090229.37+032306.0
3364,0.18217,NGC 2487,NR,0.01600000075995922,,NVSS J075820.3+250847
12894,119.892996,SDSS J112835.54+210237.3,QR,1.5130000114440918,,VL0J112835.54+210237.4
12894,146.03006,SDSS J112823.99+210021.2,Q,2.325000047683716,,
12894,157.061884,WISEA J112825.88+210221.7,q,0.800000011920929,,
12896,88.069787,J141341.82+371614.7,R,,,FIRST J141341.8+371614
12896,88.783201,SDSS J141350.35+371735.9,Q,1.7970000505447388,,
12896,109.720132,SDSS J141339.99+371613.6,Q,4.045000076293945,,
12897,136.975624,SDSS J161716.41+345058.6,QX,1.8839999437332153,CXOG J161716.4+345058,
12897,153.891276,SDSS J161716.77+345040.6,QX,0.9269999861717224,4XMM J161716.7+345041,
3370,131.823915,SDSS J092137.36+400953.9,Q,0.8840000033378601,,
12898,148.474921,SDSS J165731.54+404134.7,Q,2.931999921798706,,
3374,0.161289,NGC 3770,A,0.010999999940395355,,
3375,142.312127,WISEA J120408.17+105329.4,q,1.600000023841858,,
3375,159.587694,SDSS J120421.99+105158.3,Q,2.2309999465942383,,
3376,145.072708,SDSS J125618.30+274643.4,Q,2.568000078201294,,
12906,91.870204,SDSS J031208.45-010239.2,Q,2.2760000228881836,,
12906,113.861772,SDSS J031211.69-010150.5,QR,2.243000030517578,,VL0J031211.69-010150.2
12907,135.553361,WISEA J051326.92-173751.9,q,1.100000023841858,,
3380,45.117257,J123306.07+161513.6,X,,CXOG J123306.0+161513,
3380,81.522907,J123307.09+161440.2,RX,3.5,CXOG J123307.0+161440,FIRST J123307.0+161440
12910,88.662997,2QZ J142329.6+014213,Q,1.7079999446868896,,
12910,164.055812,2QZ J142337.2+014231,Q,2.140000104904175,,
12911,125.453482,WISEA J145922.18-350016.5,q,1.100000023841858,,
3382,0.050761,NGC 426,ARX,0.017999999225139618,4XMM J011248.6-001724,VL0J011248.60-001724.4
3382,134.786586,SDSS J011247.66-001938.7,Q,3.4179999828338623,,
3382,155.478412,SDSS J011240.48-001547.8,Q,2.430999994277954,,
3382,177.209398,SDSS J011254.26-002000.1,QX,1.5080000162124634,4XMM J011254.2-001959,
3384,74.611051,WISEA J153948.00-345339.9,q,0.8999999761581421,,
12920,143.237787,SDSS J031632.74-002542.3,Q,1.8860000371932983,,
12925,158.061178,WISEA J103041.79+720658.2,q,2.700000047683716,,
12930,73.416678,WISEA J160701.33+695543.8,q,1.100000023841858,,
12930,148.218266,WISEA J160737.91+695725.2,q,1.100000023841858,,
3398,165.252799,WISEA J042400.70-513738.6,q,0.6000000238418579,,
3398,169.849502,J042404.30-513640.3,X,,2SXPS J042404.2-513642,
12934,94.382681,SDSS J001418.96+283327.3,Q,1.5190000534057617,,
3401,0.181558,UGC 5130,NR,0.024000000208616257,,NVSS J093744.0+024533
3403,138.677659,MCG 10-12-112,NR,0.02500000037252903,,VL0J081601.36+582002.1
12940,161.192299,WISEA J102457.01+783622.7,qX,0.5,2SXPS J102457.6+783620,
12940,167.427907,SDSS J102319.14+783631.1,qX,1.7999999523162842,2SXPS J102319.1+783631,
12941,166.604685,SDSS J125959.16+274149.5,qX,1.7000000476837158,4XMM J125959.1+274149,
3410,8.906889,NGC 3978,NR,0.032999999821186066,,NVSS J115610.1+603120
12946,136.348844,SDSS J114409.51+195010.2,QX,1.0959999561309814,4XMM J114409.5+195009,
12946,145.345826,J114408.70+195058.0,X,,CXOG J114408.6+195058,
12946,153.82657,J114420.86+194809.4,X,,2XMM J114420.7+194809,
12946,153.972602,SDSS J114412.07+195240.5,qX,0.4000000059604645,4XMM J114412.0+195240,
12948,105.445839,2QZ J141033.1-024025,Q,1.7719999551773071,,
3413,82.551595,J150043.07-035222.8,X,,2SXPS J150043.3-035223,
3414,0.055407,MCG -2-02-030,N,0.012000000104308128,,
12953,71.090889,WISEA J193748.92-524949.7,q,1.2000000476837158,,
12954,165.779932,SDSS J220627.37-080748.2,Q,1.4199999570846558,,
12956,168.381933,SDSS J011959.73+333045.3,Q,3.4189999103546143,,
3418,123.859416,J080710.68+510918.9,X,,CXOG J080710.7+510919,
3418,176.848107,J080734.87+510602.9,X,,CXOG J080734.8+510602,
3419,133.059465,SDSS J100614.85+471735.1,Q,1.690000057220459,,
3419,141.321376,SDSS J100554.03+471508.9,Q,1.4299999475479126,,
3420,0.306597,NGC 5934,NRX,0.01899999938905239,2SXPS J152812.7+425550,NVSS J152812.4+425548
3420,79.409255,SDSS J152819.77+425528.0,QX,1.340999960899353,2SXPS J152819.7+425528,
12959,93.288352,SDSS J083313.19+523120.6,Q,1.6959999799728394,,
12959,98.601365,SDSS J083333.05+523129.7,Q,0.8999999761581421,,
12959,152.451413,SDSS J083331.59+523405.2,QX,0.6430000066757202,2SXPS J083331.2+523404,
12960,99.833802,SDSS J093644.40+374112.2,Q,2.1619999408721924,,
3422,66.768831,SDSS J162737.58+405443.3,QX,1.4839999675750732,1WGA J1627.6+4054,
3422,97.209073,SDSS J162747.81+405436.5,QX,1.0820000171661377,4XMM J162747.8+405438,
12962,31.808578,J123354.61+152125.8,X,1.2999999523162842,2XMMi J123354.5+152126,
12962,67.716673,J123352.30+152139.1,X,1.2999999523162842,XMMX J123352.4+152142,
12962,79.064007,J123351.91+152154.1,X,1.0,4XMM J123351.9+152154,
12962,147.973696,J123347.88+152001.5,X,0.4000000059604645,4XMM J123347.9+152002,
12962,173.399953,SDSS J123344.76+152130.2,qX,0.4000000059604645,4XMM J123344.7+152129,
3423,178.664053,LAMOSTJ043158.82-052509.6,QX,1.2359999418258667,CXOG J043158.8-052509,
12964,173.205285,WISEA J130206.20-065636.8,qX,1.2999999523162842,4XMM J130206.3-065635,
3426,144.895615,J033524.08-202129.8,X,0.8999999761581421,CXOG J033524.0-202130,
12968,147.90361,SDSS J143644.75+414030.3,Q,1.2710000276565552,,
12969,127.181898,WISEA J191236.31-571241.6,qX,2.299999952316284,4XMM J191236.5-571241,
3429,61.687689,SDSS J105829.50+241316.6,Q,0.8100000023841858,,
3429,173.821409,SDSS J105820.73+241617.7,Q,2.447000026702881,,
3430,135.133046,SDSS J132305.55+265917.0,Q,2.4179999828338623,,
12972,109.115587,SDSS J002506.08+063854.8,Q,1.3550000190734863,,
3431,116.97915,SDSS J172725.41+583256.2,Q,1.5809999704360962,,
3431,134.05397,IC 1258,N,0.027000000700354576,,
12973,30.302731,J035408.30+155953.1,X,,2CXO J035408.4+155952,
12974,78.335017,J043057.64-631956.6,X,,2SXPS J043057.5-631955,
3433,158.655204,SDSS J090612.09+352202.7,ARX,0.32199999690055847,2SXPS J090612.3+352203,FIRST J090612.1+352202
3434,0.304777,NGC 4619,ARX,0.023000000044703484,1RXH J124144.6+350345,FIRST J124144.5+350345
3434,178.754071,J124158.90+350316.7,X,,1RXH J124158.9+350315,
12977,161.674448,SDSS J082646.15+225543.2,Q,0.8119999766349792,,
12977,170.369168,WISEA J082626.51+225513.4,q,0.20000000298023224,,
3435,15.865767,J130401.10-302153.9,X,,4XMM J130401.0-302153,
3435,112.869609,J130352.36-302244.9,X,,2XMM J130352.3-302242,
12978,139.988562,SDSS J105030.52+201740.6,Q,2.3340001106262207,,
3437,59.166559,LAMOSTJ024855.04+205107.4,Q,1.031999945640564,,
12981,54.826276,J145340.04+033419.0,X,,2XMM J145339.9+033416,
12981,90.81772,IXO 84,QX,1.3650000095367432,4XMM J145344.6+033330,
12981,93.119744,J145347.90+033404.4,X,,CXOG J145347.8+033404,
12981,102.464194,J145348.65+033404.9,X,,2SXPS J145348.3+033359,
12981,123.569712,J145344.84+033256.7,X,,CXOG J145344.8+033256,
12981,140.897297,J145351.92+033526.7,X,,CXOG J145351.9+033523,
12981,176.728968,J145335.70+033718.2,X,,4XMM J145335.6+033718,
12981,178.987944,SDSS J145333.54+033650.7,qX,0.4000000059604645,2XMM J145333.5+033651,
12984,124.001464,Q J22149+3551,Q,0.8759999871253967,,
12984,126.750639,B2 2212+35,QR,0.8790000081062317,,VL0J221456.98+355126.0
3442,64.256952,SDSS J215207.40+031812.0,Q,1.5499999523162842,,
3443,0.250871,NGC 7509,NRX,0.01600000075995922,2RXS J231220.3+143647,NVSS J231221.4+143635
3443,83.813677,SDSS J231216.77+143723.1,Q,0.6710000038146973,,
12985,68.591229,SDSS J231442.31+283428.7,Q,1.281999945640564,,
12985,111.398303,SDSS J231433.02+283426.3,A,0.17100000381469727,,
12985,162.563633,SDSS J231436.96+283049.3,Q,0.45399999618530273,,
12986,155.566087,WISEA J234446.24+044640.3,q,2.299999952316284,,
3444,171.867432,SDSS J015959.33+123743.9,Q,1.7309999465942383,,
12987,159.952017,WISEA J010043.91-515131.5,q,1.399999976158142,,
3451,119.208156,J110936.94+214629.7,X,,CXOX J110936.8+214626,
3451,124.860683,J110940.02+214343.1,X,,CXOG J110940.0+214343,
3451,164.265396,SDSS J110939.09+214758.4,Q,1.1399999856948853,,
12995,109.699266,J010115.86+310311.7,R,,,VL0J010115.85+310312.4
12996,165.966866,2QZ J011212.3-321151,Q,0.4650000035762787,,
3453,0.316745,NGC 5515,NRX,0.026000000536441803,2RXS J141237.6+391834,FIRST J141238.1+391836
13000,133.742526,WISEA J071917.77-590206.2,q,1.2000000476837158,,
3456,120.867707,WISEA J014930.66+352855.0,q,0.30000001192092896,,
3458,101.335711,SDSS J085900.49+534748.1,N,0.45500001311302185,,
3459,135.867625,SDSS J122413.65+111216.9,QX,2.130000114440918,CXOG J122413.6+111216,
3460,0.23523,UGC 1282,A,0.017000000923871994,,
3460,162.016255,WISEA J014923.83+122816.7,q,0.20000000298023224,,
13008,19.106916,SDSS J130548.87+274411.0,qR,1.100000023841858,,NVSS J130548.8+274411
13008,86.298288,WISEA J130541.08+274403.2,q,0.4000000059604645,,
13009,81.468427,WISEA J132336.72-300314.7,q,1.0,,
3467,179.091594,J200914.20-562450.8,X,,4XMM J200914.1-562450,
13019,93.645218,SDSS J012755.43+021003.2,Q,2.7709999084472656,,
13020,80.167091,SDSS J021636.97+295902.9,Q,1.694000005722046,,
13020,160.974063,SDSS J021632.46+295604.1,Q,0.9959999918937683,,
3473,167.884864,SDSS J104800.40+045544.3,N,0.0729999989271164,,
3474,0.192425,ESO 506-27,NRX,0.024000000208616257,2SXPS J123854.5-271828,VL0J123854.57-271827.0
3475,18.899379,J124151.02+411626.2,X,,CXO J124151.3+411626,
3475,83.713502,SDSS J124159.33+411547.7,QX,1.6269999742507935,CXOG J124159.3+411547,
3475,117.351476,SDSS J124142.47+411603.7,QX,1.965999960899353,CXOG J124142.4+411603,
3475,156.82709,SDSS J124203.94+411453.0,QX,0.9399999976158142,CXOG J124203.9+411452,
3477,115.582116,WISEA J152133.36-295237.1,qX,0.5,2SXPS J152133.3-295238,
13028,95.251985,WISEA J164233.25-153120.0,q,1.7999999523162842,,
3478,0.06098,ESO 339-11,NR,0.01899999938905239,,VL0J195737.55-375607.5
3480,0.185292,IC 1524,ARX,0.01899999938905239,2SXPS J235910.8-040739,NVSS J235910.8-040732
3480,169.408574,SDSS J235910.15-040448.0,Q,2.371000051498413,,
13032,137.467877,WISEA J214133.08+170340.3,q,0.6000000238418579,,
13033,100.917748,SDSS J233308.71+043449.5,Q,1.6399999856948853,,
13037,117.92139,SDSS J103513.81+033417.3,Q,0.24300000071525574,,
3486,124.076497,WISEA J075054.93+542005.8,qR,0.20000000298023224,,FIRST J075054.9+542005
3489,0.072738,NGC 3468,BR,0.02500000037252903,,FIRST J105731.1+405646
3489,110.6159,NPM 1G+41.0253,N,0.027000000700354576,,
13044,28.460998,WISEA J185635.80+510112.8,q,0.800000011920929,,
13044,85.247281,WISEA J185631.93+505933.7,q,0.30000001192092896,,
3492,50.002849,SDSS J125456.42+272532.8,qX,0.8999999761581421,4XMM J125456.2+272531,
3492,77.801937,SDSS J125500.46+272412.7,Q,2.0179998874664307,,
3492,104.532872,J125455.40+272301.2,X,,2XMM J125455.3+272300,
3492,130.740269,J125446.82+272554.7,X,,2CXO J125446.8+272556,
13048,89.953087,J004745.23+382456.9,X,1.2999999523162842,2RXS J004746.5+382500,
13048,158.429401,WISEA J004739.39+382533.4,q,0.8999999761581421,,
13049,155.330148,WISEA J021312.60+135831.2,q,0.20000000298023224,,
3497,26.491516,J231505.30+185820.0,X,,2RXP J231504.7+185809,
3498,0.034416,ESO 353-9,ARX,0.017000000923871994,2SXPS J013150.3-330714,VL0J013150.40-330708.6
3498,146.858691,J013152.73-330445.4,X,,2SXPS J013152.6-330451,
13056,162.791409,WISEA J175516.81+623728.7,q,0.10000000149011612,,
13057,146.337641,WISEA J202200.53-473114.6,q,1.399999976158142,,
13059,0.149665,ESO 538-25,N,0.026000000536441803,,
3503,92.822732,SDSS J010441.92-004638.2,Q,1.2990000247955322,,
3503,127.144209,SDSS J010434.04-004925.3,QX,1.3960000276565552,2SXPS J010434.1-004925,
3503,137.155006,SDSS J010435.45-004619.0,Q,1.3450000286102295,,
3503,158.813266,2SLAQ J010431.32-004918.8,Q,2.3919999599456787,,
13062,126.862264,Q 0244+0116,QX,2.046999931335449,4XMM J024635.8+012841,
3504,92.9326,J025436.88+413213.6,X,,1RXH J025436.7+413209,
3504,95.140645,J025437.56+413051.3,X,1.5,1RXH J025437.9+413051,
3504,101.089619,J025446.61+413321.5,X,1.5,XMMX J025446.3+413321,
3504,101.705849,SDSS J025447.03+413004.5,qX,3.200000047683716,CXOG J025447.0+413004,
3504,173.880034,J025438.82+413423.7,X,,XMMX J025438.5+413421,
13065,140.599163,J142848.18+385909.4,X,,4XMM J142848.0+385910,
13065,148.541673,SDSS J142830.66+385747.1,Q,1.7380000352859497,,
13066,165.116804,SDSS J162820.19+522105.5,Q,1.3350000381469727,,
13069,66.260952,WISEA J003453.08-123054.9,q,0.4000000059604645,,
13069,171.212547,WISEA J003448.63-123219.4,q,0.8999999761581421,,
3512,0.426557,NGC 3824,AR,0.01899999938905239,,NVSS J114244.8+524646
3512,178.896913,WISEA J114239.51+524938.4,q,0.8999999761581421,,
13071,95.981315,J015243.06+361353.5,X,,CXOG J015243.0+361353,
13071,120.464617,J015252.53+361126.2,X,,1RXH J015252.3+361130,
13071,144.742377,J015239.39+361234.4,X,0.6000000238418579,4XMM J015239.2+361233,
3513,124.606628,J175716.07+504510.7,X,1.5,XMMSL J175715.4+504514,
3515,121.582721,SDSS J012850.56-005708.9,N,0.1599999964237213,,
3515,154.518295,SDSS J012849.97-005820.0,Q,2.7939999103546143,,
3515,160.875082,FBQS J0129-0054,QR,0.7070000171661377,,VL0J012905.34-005450.2
13075,56.137125,SDSS J085411.66+172511.5,Q,1.3220000267028809,,
13075,141.090519,SDSS J085359.21+172627.4,qX,0.6000000238418579,1WGA J0853.9+1726,
13077,124.041397,SDSS J173255.73+434918.3,qX,0.8999999761581421,CXOG J173255.7+434918,
3518,74.633464,SDSS J153321.69+563429.6,Q,1.6699999570846558,,
3518,121.278662,WISEA J153318.27+563202.3,q,1.899999976158142,,
3519,35.069766,WISEA J233213.24+445829.1,q,0.30000001192092896,,
3520,151.858148,LAMOSTJ020142.96+082729.1,Q,1.3259999752044678,,
3523,145.710882,WISEA J073308.53+853103.3,qX,1.100000023841858,2XMM J073308.6+853103,
3524,144.958782,WISEA J075427.61+552926.9,q,0.6000000238418579,,
13085,160.237393,SDSS J101722.21+170820.2,Q,0.6919999718666077,,
3527,77.658487,WISEA J133926.78-321231.3,q,1.899999976158142,,
13090,0.436146,MCG 2-37-008,N,0.02800000086426735,,
13091,75.975446,WISEA J143148.33+071840.7,q,2.0,,
3531,60.658454,WISEA J200052.51-470418.7,q,1.100000023841858,,
13094,0.203506,NGC 6961,ARX,0.012000000104308128,2SXPS J204710.3+002150,FIRST J204710.5+002147
13095,172.292867,J212325.29-074720.8,R,0.6000000238418579,,VL0J212325.30-074720.5
13095,172.562147,SDSS J212333.18-074158.2,N,0.13500000536441803,,
13096,130.174756,LAMOSTJ214708.11+101504.4,Q,0.5120000243186951,,
13098,23.1827,3C 455.0,KRX,0.5429999828338623,CXOG J225503.9+131334,VL0J225503.83+131333.6
13098,55.869861,J225459.90+131243.3,X,,CXOG J225459.9+131243,
3537,99.239155,J194748.87+595449.4,RX,2.0999999046325684,2SXPS J194749.2+595447,VL0J194748.87+595449.4
13099,67.527932,J002124.29+223005.4,X,,1WGA J0021.3+2230,
13099,74.573663,J002123.77+223037.0,RX,1.399999976158142,2SXPS J002123.9+223036,NVSS J002123.6+223037
13099,117.053969,SDSS J002120.81+223048.0,Q,1.8639999628067017,,
13099,174.679077,J002126.87+222729.0,X,,2RXP J002127.4+222719,
3539,132.05667,SDSS J013523.71+334123.5,Q,1.1540000438690186,,
3539,142.460895,SDSS J013538.96+333835.6,Q,1.0169999599456787,,
13103,30.81603,SDSS J092227.95+502521.0,Q,1.2259999513626099,,
13103,157.336413,SDSS J092219.46+502343.2,Q,1.4249999523162842,,
3541,136.390369,SDSS J011401.30+334425.4,Q,1.434000015258789,,
3541,153.291598,SDSS J011352.39+334238.2,Q,2.6670000553131104,,
13107,108.543628,2QZ J120542.9+014826,QX,1.590000033378601,2RXP J120542.5+014834,
13107,127.590274,2QZ J120546.1+014928,Q,1.937999963760376,,
13109,143.014875,SDSS J134840.27+333254.8,Q,1.253000020980835,,
3547,124.544624,J142211.53-264940.8,R,0.5,,VL0J142211.53-264940.3
13111,146.804882,SDSS J144744.42+133915.1,Q,2.6470000743865967,,
13113,0.124706,ESO 338-17,AR,0.01899999938905239,,NVSS J193815.9-385337
3553,110.857349,J103923.80-001022.1,X,,4XMM J103923.6-001022,
13117,0.283385,ESO 242-16,NX,0.02500000037252903,4XMM J003511.2-435906,
3554,164.001286,2SLAQ J105206.48-003622.9,N,0.5590000152587891,,
3555,154.338719,WISEA J140451.24+142507.0,q,1.399999976158142,,
3556,174.288119,SDSS J155718.82+155649.1,Q,2.2130000591278076,,
3559,81.874686,SDSS J012857.66-003226.0,Q,1.0679999589920044,,
3559,165.331598,SDSS J012901.86-003101.2,QX,1.315000057220459,4XMM J012901.8-003102,
13126,151.437987,SDSS J140840.71+353446.0,Q,1.7419999837875366,,
13127,0.428307,SDSS J150543.59+442417.7,NR,0.02800000086426735,,NVSS J150543.1+442413
13127,132.422026,SDSS J150544.45+442629.9,Q,2.062000036239624,,
13127,144.037592,SDSS J150532.89+442250.3,Q,0.8220000267028809,,
13128,141.374749,SDSS J163347.82+391807.5,QRX,1.7480000257492065,2SXPS J163348.1+391807,VL0J163347.84+391807.4
3564,176.375724,WISEA J201917.08-404412.6,q,1.100000023841858,,
3566,113.849163,WISEA J084754.87+725151.2,q,1.0,,
3567,72.674199,SDSS J103422.22+525139.6,QX,2.122999906539917,4XMM J103422.2+525138,
3567,98.719844,SDSS J103418.95+525042.0,qX,,4XMM J103419.0+525042,
3567,147.515584,J103401.04+525101.4,X,,4XMM J103400.8+525059,
3568,36.660432,SDSS J105558.18+365150.7,Q,2.568000078201294,,
3568,89.523931,SDSS J105559.45+365027.7,Q,0.9539999961853027,,
3568,97.435204,SDSS J105550.83+365019.6,Q,2.8359999656677246,,
3568,101.960268,WISEA J105601.66+365247.9,q,0.699999988079071,,
3568,176.266036,SDSS J105609.90+365133.7,Q,0.5239999890327454,,
13139,121.109678,SDSS J114633.99+614300.7,qR,0.30000001192092896,,VL0J114634.01+614300.4
3570,166.445474,J130206.18+273747.0,X,,4XMM J130206.1+273747,
3573,91.168668,SDSS J091811.89+161029.7,qX,1.2999999523162842,4XMM J091811.8+161029,
3573,100.344108,SDSS J091813.58+161312.0,qX,2.0,4XMM J091813.5+161310,
3573,161.145319,SDSS J091817.27+160959.9,AX,0.47699999809265137,4XMM J091817.2+160959,
3573,167.909987,SDSS J091757.68+161137.8,qX,2.299999952316284,4XMM J091757.6+161136,
13145,141.420774,SDSS J164322.80+421207.9,Q,1.9220000505447388,,
13146,177.94405,SDSS J171445.22+412204.9,Q,2.171999931335449,,
3576,0.018072,MCG -2-08-033,NR,0.014999999664723873,,NVSS J025749.7-101005
13148,124.858827,WISEA J175721.10+141323.4,q,2.0999999046325684,,
13150,139.945919,WISEA J220812.88-720426.6,q,0.6000000238418579,,
13156,177.492213,SDSS J102143.95+374407.1,Q,2.635999917984009,,
3585,64.673472,J131916.45+082634.7,R,0.30000001192092896,,VL0J131916.51+082635.9
3585,128.141199,SDSS J131919.81+082752.5,Q,2.3320000171661377,,
3586,49.34801,WISEA J133838.90-455041.8,q,2.4000000953674316,,
3586,173.577417,WISEA J133839.71-454829.1,q,0.30000001192092896,,
3588,1.04738,NGC 71,NX,0.02199999988079071,CXOG J001823.6+300347,
3588,59.740407,SDSS J001819.02+300339.4,qX,1.600000023841858,CXOG J001819.0+300339,
3588,151.032668,J001818.22+300601.8,X,,2CXO J001818.2+300600,
3589,140.995256,SDSS J032059.76-002423.6,Q,1.8760000467300415,,
13163,137.530252,SDSS J011010.22+002419.5,Q,4.679999828338623,,
13163,177.695336,SDSS J010950.04+002341.7,Q,0.7509999871253967,,
3590,131.612899,SDSS J120305.77+194200.4,Q,1.6109999418258667,,
3591,154.04414,SDSS J142106.16+032802.5,qX,1.2999999523162842,4XMM J142106.2+032802,
3591,154.89185,SDSS J142109.16+032832.0,qX,1.2999999523162842,4XMM J142109.1+032831,
13167,153.087966,SDSS J124723.59+101041.2,qX,0.8999999761581421,CXOG J124723.5+101041,
13168,171.469369,WISEA J125605.38-081027.0,q,2.5999999046325684,,
3593,151.901245,2QZ J120235.8-001443,Q,0.7870000004768372,,
13171,178.148592,WISEA J201806.28-415402.5,q,1.600000023841858,,
3596,105.369011,SDSS J135910.03+153405.5,Q,0.8379999995231628,,
13172,0.342175,MCG 0-08-082,NX,0.023000000044703484,4XMM J030436.6-000213,
13172,40.767299,Q 03020-0014,QX,3.055999994277954,2XMM J030435.1-000251,
3599,85.998302,SDSS J233442.92+160537.0,Q,2.687000036239624,,
3600,0.13279,UGC 987,ARX,0.017000000923871994,2XMM J012531.4+320811,VL0J012531.43+320810.6
13177,68.153344,SDSS J081241.13+442129.0,Q,4.343999862670898,,
13177,113.196297,SDSS J081257.71+442058.5,Q,2.0269999504089355,,
3605,73.167759,J133953.52+005029.6,X,1.100000023841858,CXOG J133953.5+005030,
3605,105.039747,J133952.27+004844.7,X,,CXOG J133952.2+004845,
3605,111.497094,J133950.49+005019.5,X,,CXOG J133950.5+005019,
3605,171.065475,J133948.63+005135.4,X,,CXOG J133948.6+005135,
13187,61.823448,SDSS J231030.24+080906.5,Q,2.2960000038146973,,
13187,173.027043,LAMOSTJ231025.11+080625.0,Q,2.0339999198913574,,
3608,147.533174,J014418.97+173104.9,X,,CXOG J014418.9+173105,
13188,36.960664,WISEA J022925.16+312744.2,q,0.20000000298023224,,
3609,0.240981,NGC 3380,N,0.004999999888241291,,
3609,8.028252,J104811.56+283607.4,RX,,2SXPS J104811.5+283610,NVSS J104811.4+283610
3611,126.208991,SDSS J002733.16-013245.9,QX,1.9450000524520874,CXOG J002733.1-013246,
3611,163.511694,J002724.60-013309.9,X,,CXOG J002724.5-013309,
13191,174.433918,SDSS J140749.81+544511.8,Q,2.9119999408721924,,
13198,132.352993,SDSS J095238.63+155118.9,Q,1.940000057220459,,
13199,137.624999,SDSS J105333.79+265233.2,Q,2.1730000972747803,,
3619,148.847009,SDSS J135639.55+374850.9,Q,1.4550000429153442,,
3619,169.34757,SDSS J135640.10+374600.3,QR,0.8820000290870667,,VL0J135640.13+374600.3
13200,148.204004,WISEA J110001.86-252957.7,q,1.2000000476837158,,
3620,38.448927,J132354.40+305856.9,X,,1WGA J1323.8+3058,
3620,51.901667,SDSS J132355.71+305827.5,Q,0.7990000247955322,,
3620,106.12452,SDSS J132348.96+305943.4,Q,2.8399999141693115,,
3622,90.163973,SDSS J231427.85+281917.2,Q,1.055999994277954,,
13207,48.806157,SDSS J000715.93+273955.9,Q,0.9810000061988831,,
13207,66.345612,SDSS J000712.82+274116.2,Q,1.437999963760376,,
13207,90.29681,SDSS J000710.78+274008.8,Q,2.309000015258789,,
13207,104.50814,SDSS J000711.80+273925.0,Q,3.002000093460083,,
13210,92.150963,WISEA J022812.02-424531.9,q,1.600000023841858,,
13213,149.677504,SDSS J104838.69+382230.9,Q,1.0889999866485596,,
13213,162.545569,SDSS J104823.58+382624.4,Q,2.765000104904175,,
13214,71.131426,SDSS J105231.82+080608.8,QR,1.6460000276565552,,FIRST J105231.8+080609
3631,73.27947,SDSS J012156.66+333228.6,QX,1.652999997138977,4XMM J012156.7+333227,
13216,139.489289,WISEA J144333.05-232834.3,qR,0.800000011920929,,VL0J144333.04-232833.9
3636,136.145733,J130053.22+274937.5,X,,CXOG J130053.2+274937,
13220,94.133951,SDSS J000437.51+094508.8,Q,1.9210000038146973,,
3638,155.704248,WISEA J181310.61+681936.8,q,1.2000000476837158,,
3639,21.905109,SDSS J234118.96+040123.3,qX,1.600000023841858,4XMM J234118.9+040122,
13223,61.034001,SDSS J014128.10+083158.4,Q,0.9879999756813049,,
3640,146.377079,WISEA J140605.20-335749.0,q,0.30000001192092896,,
3643,0.626258,KUG 0003+199,ARX,0.026000000536441803,2XMM J000619.5+201210,VL0J000619.52+201210.7
3643,132.074137,J000619.18+200958.6,X,1.5,XMMX J000618.8+200959,
3644,0.376137,IC 1816,NRX,0.017000000923871994,CXOG J023150.9-364019,SUMSS J023151.0-364016
3645,0.026552,NGC 1204,NRX,0.014000000432133675,CXOG J030439.9-122028,VL0J030439.91-122028.3
3645,168.768634,J030430.36-121855.0,X,,CXOX J030430.3-121854,
13231,86.143199,SDSS J094405.28+110032.3,Q,1.4670000076293945,,
3646,95.885996,WISEA J042531.47-674900.0,q,0.4000000059604645,,
13233,139.341306,J142910.97+443942.4,X,,4XMM J142911.0+443942,
13233,175.850046,SDSS J142858.07+444215.3,Q,1.7949999570846558,,
13235,65.774437,SDSS J013820.46+073308.3,Q,3.0209999084472656,,
13235,170.564761,SDSS J013830.08+073344.1,Q,0.9210000038146973,,
3653,83.865647,WISEA J023034.86-430101.0,qX,0.800000011920929,2RXS J023034.6-430042,
13238,0.176375,NGC 2624,A,0.014000000432133675,,
13238,111.823493,J083810.20+194523.8,X,,CXOG J083810.1+194525,
13238,121.546079,SDSS J083813.40+194521.5,qX,2.0999999046325684,CXOG J083813.4+194521,
13238,136.972912,SDSS J083818.45+194235.8,Q,1.4869999885559082,,
3654,135.292519,WISEA J032318.24+085436.3,q,1.899999976158142,,
13242,124.534211,J114355.58+200242.3,X,0.20000000298023224,CXOG J114355.6+200242,
3658,0.16101,UGC 8225,NR,0.028999999165534973,,FIRST J130819.1+452142
3658,60.433277,SDSS J130824.07+452111.1,Q,1.8890000581741333,,
3658,121.804201,SDSS J130825.76+452322.1,Q,1.1180000305175781,,
13243,111.645033,SDSS J114610.40+331318.3,Q,1.1360000371932983,,
3659,90.086838,SDSS J100958.35+301923.4,Q,1.590999960899353,,
3659,160.185283,SDSS J101002.08+302036.2,Q,0.8569999933242798,,
13246,0.260821,UGC 10362,N,0.03200000151991844,,
13247,39.573479,SDSS J162436.79+555424.6,Q,1.930999994277954,,
13247,129.618662,SDSS J162448.81+555501.9,Q,1.0839999914169312,,
13247,129.913369,SDSS J162429.37+555657.6,Q,1.4839999675750732,,
3663,74.386338,SDSS J003537.78-025008.7,Q,1.5700000524520874,,
3663,151.841052,SDSS J003524.69-024952.9,Q,1.1440000534057617,,
3665,44.856306,J010729.02+321950.0,X,,CXOG J010728.9+321950,
3665,79.95656,SDSS J010722.95+321812.4,QX,1.5269999504089355,CXOG J010722.9+321812,
13253,0.234808,UGC 4000,AR,0.03099999949336052,,NVSS J074507.0+460425
13254,158.929882,SDSS J090916.57+154532.5,Q,2.2269999980926514,,
13255,141.018666,SDSS J095908.78+575451.2,Q,1.9210000038146973,,
13255,151.057702,SDSS J095921.33+575924.0,Q,0.7789999842643738,,
3671,134.068306,WISEA J123656.12-421013.0,q,0.8999999761581421,,
3671,153.203729,WISEA J123659.15-420647.8,q,0.20000000298023224,,
3672,74.070674,WISEA J132137.53-161532.0,q,1.0,,
3674,47.584187,SDSS J115005.85+262928.0,Q,1.062999963760376,,
13269,156.33222,WISEA J031418.89+053340.9,q,1.7000000476837158,,
3680,125.050792,J125539.49-265022.6,X,1.5,4XMM J125539.5-265021,
3680,171.426817,WISEA J125555.85-264726.7,q,1.600000023841858,,
13270,0.151186,CGCG 312-12,NRX,0.026000000536441803,2SXPS J092937.8+623239,VL0J092937.88+623238.5
13271,81.180811,LAMOSTJ104031.48+133613.2,Q,0.7139999866485596,,
13275,135.498233,WISEA J200642.72-201931.0,q,1.100000023841858,,
3684,10.118685,SDSS J141057.90+062159.4,qR,2.200000047683716,,NVSS J141057.8+062158
3684,102.167663,SDSS J141104.07+062213.4,Q,2.4760000705718994,,
13278,161.952051,SDSS J012811.11-015216.2,Q,1.968999981880188,,
13279,174.259972,SDSS J014825.74+132804.1,Q,1.5540000200271606,,
3688,113.910247,J033328.60-050119.8,X,,2XMM J033328.5-050120,
13281,0.064849,NPM 1G-16.0168,ARX,0.03099999949336052,2SXPS J040106.8-160639,VL0J040106.65-160638.5
13281,173.840693,J040106.66-160932.9,R,,,VL0J040106.56-160933.6
13285,152.312168,WISEA J132008.45-130456.1,q,0.5,,
13286,87.253982,WISEA J141745.48-241128.3,q,0.8999999761581421,,
3694,155.728548,SDSS J114351.15+195557.3,qX,1.7000000476837158,CXOG J114351.1+195557,
3696,152.313407,WISEA J160413.62+694205.6,q,1.100000023841858,,
13291,71.968537,J040651.33-211129.8,X,0.4000000059604645,2SXPS J040651.3-211126,
3697,0.040943,IC 4687 #2,NRX,0.017000000923871994,CXOG J181339.6-574331,SUMSS J181339.4-574333
3697,94.967617,IC 4687,N,0.017000000923871994,,
13294,133.889208,SDSS J125117.55+310124.5,Q,2.3259999752044678,,
13295,131.951755,SDSS J131257.75+472512.3,Q,2.5239999294281006,,
13295,168.381814,SDSS J131248.45+472457.7,Q,2.8929998874664307,,
13298,163.476844,WISEA J142448.62-254827.2,q,1.7000000476837158,,
3703,0.435923,NGC 5216,NRX,0.009999999776482582,CXOG J133206.9+624202,VL0J133206.86+624202.3
13299,0.350607,IRASF 15461+0844,NR,0.014000000432133675,,NVSS J154831.9+083519
3705,63.650122,J234725.80-021850.0,X,1.399999976158142,2RXS J234724.7-021843,
3705,102.086447,J234725.94-021630.4,X,,2RXP J234726.1-021629,
3705,114.075234,J234715.38-021759.4,X,2.5,CXOG J234715.3-021759,
3705,115.808304,J234724.82-021609.9,X,,CXOG J234724.8-021609,
3705,156.799528,J234722.64-021525.7,X,,2XMM J234722.7-021525,
13304,171.556719,J025439.66+412211.3,X,0.6000000238418579,2XMM J025439.7+412210,
3709,170.755199,WISEA J120658.74-254331.3,q,0.4000000059604645,,
3710,164.761648,WISEA J131944.85+230216.5,qX,0.20000000298023224,4XMM J131944.9+230215,
13311,179.969463,SDSS J091121.94+300411.5,Q,1.125,,
3714,0.13838,NGC 5541,NR,0.026000000536441803,,NVSS J141631.8+393523
13313,114.283556,SDSS J104603.48+255235.7,Q,1.3930000066757202,,
3716,64.787211,2SLAQ J100546.66+003716.2,Q,1.5160000324249268,,
3716,145.488391,2SLAQ J100542.08+003632.6,Q,2.1470000743865967,,
13318,70.342613,WISEA J130222.37-121923.6,q,1.2999999523162842,,
13319,89.622658,WISEA J132924.08-204513.5,q,0.5,,
3722,21.843364,J104949.61+325837.4,X,,CXO J104949.7+325838,
3722,39.907345,SDSS J104953.13+325910.4,NX,0.004999999888241291,CXOG J104953.2+325909,
3722,55.253839,J104946.70+325823.4,X,0.8999999761581421,2XMM J104946.6+325823,
3722,94.353291,SDSS J104947.40+330026.2,QX,1.0839999914169312,4XMM J104947.3+330026,
3722,118.562356,J104944.07+325727.3,X,,CXOG J104944.0+325727,
3722,168.090704,SDSS J104942.69+325638.4,QX,1.9279999732971191,4XMM J104942.7+325638,
13323,55.273369,PHL 1226,AX,0.40400001406669617,2RXS J015428.0+044802,
3724,102.937146,SDSS J135231.21+394155.0,Q,1.9390000104904175,,
13325,111.301474,WISEA J070510.55-585930.8,q,1.2000000476837158,,
13326,34.865477,SDSS J081320.58+345536.2,Q,1.1759999990463257,,
13326,99.438854,J081325.52+345641.4,R,,,FIRST J081325.5+345642
3727,0.113428,NGC 5183,ARX,0.014000000432133675,4XMM J133006.2-014316,FIRST J133006.5-014315
13328,107.606078,SDSS J122520.36+471722.1,Q,2.2170000076293945,,
13328,136.93479,SDSS J122515.93+471643.1,Q,1.437000036239624,,
13329,77.784517,SDSS J130516.18+561950.3,Q,1.7510000467300415,,
13329,90.767571,SDSS J130535.33+561947.5,Q,1.975000023841858,,
13329,147.110173,SDSS J130514.54+562121.1,Q,1.7730000019073486,,
3729,75.992291,J031254.54-025250.5,X,0.5,4XMM J031254.5-025249,
13331,57.54456,WISEA J150458.02+054712.8,q,1.0,,
13337,177.014183,SDSS J235903.44+014608.6,AX,0.3919999897480011,2RXS J235903.7+014616,
3735,150.191068,SDSS J060737.23+834853.8,Q,2.308000087738037,,
13339,161.352277,J031313.04-025136.2,X,1.7999999523162842,2XMM J031313.0-025134,
13341,49.705574,SDSS J100325.51+463705.4,Q,1.7669999599456787,,
13341,175.001697,SDSS J100315.98+463936.7,Q,1.3949999809265137,,
3738,68.247696,SDSS J020129.57+262957.8,Q,1.7170000076293945,,
13342,119.348409,SDSS J114958.94+245624.3,Q,1.7130000591278076,,
3741,120.431823,WISEA J135922.42+344537.4,q,1.399999976158142,,
3742,52.79733,SDSS J142424.96+243606.3,Q,2.2909998893737793,,
3742,58.203313,SDSS J142419.11+243625.4,qX,0.4000000059604645,2SXPS J142418.9+243625,
3742,79.792471,SDSS J142421.42+243808.4,qX,0.30000001192092896,2SXPS J142421.5+243808,
3744,119.693359,J234142.34-034136.0,X,2.4000000953674316,CXOG J234142.3-034136,
3744,178.919191,SDSS J234150.27-034255.1,qX,2.0999999046325684,CXOG J234150.2-034254,
13350,170.805061,WISEA J025548.98+155607.5,qX,1.2999999523162842,2SXPS J025549.1+155608,
13352,73.083016,WISEA J064619.18-733020.9,q,1.2999999523162842,,
3746,148.686792,LAMOSTJ112227.75+242024.4,QX,1.8350000381469727,CXOG J112227.7+242024,
3746,149.706166,J112218.41+241613.8,X,,CXOG J112218.4+241613,
3746,160.563845,J112217.63+241944.5,X,,CXOX J112217.6+241940,
13354,0.369242,CGCG 102-56,AR,0.02199999988079071,,VL0J134649.45+142401.8
13357,51.004513,SDSS J160246.57+160751.1,qRX,0.800000011920929,4XMM J160246.5+160750,VL0J160246.57+160751.1
13357,119.051803,SDSS J160247.41+160907.4,QX,0.800000011920929,4XMM J160247.4+160907,
3750,0.238151,NGC 5249,AR,0.026000000536441803,,VL0J133737.50+155820.0
3750,119.703751,LAMOSTJ133736.74+155620.6,Q,0.9200000166893005,,
3751,128.129727,J134727.01+301808.9,X,0.5,2SXPS J134727.0+301809,
3752,169.759263,J161244.22+293111.7,X,,1RXH J161244.1+293115,
3752,170.528738,SDSS J161241.60+293136.3,Q,2.687999963760376,,
13363,110.952047,SDSS J012749.61-010912.6,Q,1.5920000076293945,,
13363,123.56852,SDSS J012735.78-010723.3,Q,0.7480000257492065,,
13363,173.812694,SDSS J012743.23-011116.3,Q,1.2589999437332153,,
13366,139.552162,J025513.66+090629.6,X,0.10000000149011612,2XMM J025513.4+090629,
3757,153.798145,SDSS J121737.58+453921.9,Q,1.3040000200271606,,
3757,171.157007,SDSS J121746.39+453656.7,AX,0.2290000021457672,2SXPS J121745.9+453656,
3758,141.658876,SDSS J122846.82+091719.1,A,0.6359999775886536,,
13369,0.17041,MCG 5-20-001,A,0.019999999552965164,,
3759,15.913435,J143754.39-002356.2,X,2.299999952316284,CXOG J143754.3-002356,
3759,70.383293,J143751.80-002249.4,X,,CXOG J143751.8-002249,
3759,76.083499,SDSS J143758.20-002417.0,Q,2.5250000953674316,,
13371,152.963903,2QZ J103704.5+001534,Q,1.1369999647140503,,
3762,148.097476,WISEA J043839.58-641033.7,q,0.800000011920929,,
13376,150.211761,SDSS J131711.22+303003.5,Q,1.2970000505447388,,
3766,141.268433,SDSS J145519.35+422809.6,Q,1.7059999704360962,,
3766,161.427478,SDSS J145502.06+423124.9,Q,2.4790000915527344,,
13379,133.590405,SDSS J164823.01+355204.7,Q,1.378999948501587,,
18749,168.231866,SDSS J124611.40+483714.9,Q,0.421999990940094,,
8037,113.250371,SDSS J115833.29+573728.8,Q,1.7569999694824219,,
8037,148.756855,SDSS J115832.57+573324.4,N,0.0820000022649765,,
8038,101.452098,J122521.42+160600.6,R,,,FIRST J122521.4+160600
8039,148.845205,SDSS J153904.91+435420.7,Q,2.052999973297119,,
8042,140.934925,WISEA J202214.72-382041.9,q,1.399999976158142,,
8044,166.569989,SDSS J211109.57-015935.6,Q,0.9789999723434448,,
18766,0.227222,UGC 6525,NR,0.019999999552965164,,FIRST J113241.5+202619
18766,77.272312,SDSS J113241.66+202736.4,Q,3.757999897003174,,
8047,169.706251,SDSS J010235.64-015804.1,Q,1.7380000352859497,,
18767,159.870965,SDSS J122339.06+272155.3,QR,1.5770000219345093,,NVSS J122339.6+272157
8050,36.436563,J125733.88+273603.3,X,,4XMM J125733.7+273603,
18770,62.770334,J173320.00+433837.7,X,,4XMM J173319.9+433838,
18770,80.461948,J173309.51+433757.7,X,1.899999976158142,2XMM J173309.5+433759,
18770,130.915334,J173309.71+433559.6,X,0.4000000059604645,4XMM J173309.6+433559,
8056,81.13677,WISEA J050937.33-001619.8,q,1.7999999523162842,,
18781,134.950166,SDSS J100718.66+121654.2,Q,3.058000087738037,,
8061,0.167248,MARK 1210,NRX,0.013000000268220901,CXOG J080405.8+050649,NVSS J080405.8+050650
8061,68.30994,SDSS J080403.50+050748.4,qX,2.200000047683716,CXOG J080403.5+050748,
8062,167.597217,WISEA J112314.35-431950.9,q,0.8999999761581421,,
18785,59.652869,SDSS J140517.38+210338.1,AX,0.20200000703334808,XMMSL J140517.5+210340,
18785,115.808223,WISEA J140520.73+210420.6,qR,0.6000000238418579,,VL0J140520.74+210422.0
18787,89.382687,WISEA J141838.68+020116.6,qX,0.30000001192092896,2RXS J141839.1+020119,
8066,88.659189,WISEA J163623.06+440917.3,q,1.7999999523162842,,
18788,42.607638,SDSS J143710.25+434207.7,Q,2.4719998836517334,,
18792,152.541561,WISEA J221059.80-665422.8,q,1.899999976158142,,
8071,20.24739,J041826.57+731632.2,R,,,VL0J041826.54+731632.0
18795,79.344958,WISEA J015154.39-082959.1,qX,0.30000001192092896,4XMM J015154.4-082958,
8073,160.820411,J172542.63+584841.6,X,0.20000000298023224,2SXPS J172543.0+584845,
8073,170.782396,GB6 J17255+5851,BRX,0.296999990940094,2SXPS J172535.3+585141,VL0J172535.06+585139.9
8076,159.206789,SDSS J015700.00+143410.8,QR,2.072000026702881,,VL0J015700.00+143411.0
8083,158.792457,J082114.98+190730.6,R,,,VL0J082114.97+190730.7
18811,30.277474,J082333.01+212026.6,R,,,NVSS J082333.0+212026
18811,47.121309,SDSS J082336.88+212120.8,qX,1.2000000476837158,CXOG J082336.8+212121,
18811,158.312808,J082325.12+211917.6,X,,CXOG J082325.1+211917,
8086,62.374082,SDSS J160349.79+250015.1,Q,3.2320001125335693,,
8088,23.040977,UGC 11221B,NRX,0.014000000432133675,2SXPS J182204.6+663718,NVSS J182203.5+663712
18815,137.785458,SDSS J143019.65+214704.5,Q,1.8839999437332153,,
18816,146.638417,SDSS J161453.57+363322.3,Q,2.0429999828338623,,
18816,148.91908,SDSS J161432.20+363059.3,Q,2.8519999980926514,,
18817,94.316496,SDSS J161736.05+350628.6,QX,1.7100000381469727,4XMM J161736.2+350627,
18817,122.911166,J161731.28+350611.7,X,,CXOG J161731.3+350610,
18817,123.312428,J161725.51+350803.1,X,,2XMM J161725.6+350759,
18817,133.097159,SDSS J161725.32+350719.0,QX,0.890999972820282,CXOG J161725.3+350719,
18817,178.195265,SDSS J161725.00+351005.1,qX,0.8999999761581421,4XMM J161724.8+351003,
8095,33.547951,J114204.64+102036.1,X,0.10000000149011612,4XMM J114204.5+102036,
8095,171.718666,J114200.32+102335.6,X,,4XMM J114200.1+102334,
8096,37.56792,SDSS J164103.09+334623.0,Q,1.8830000162124634,,
18823,162.190624,PGC 1917991,N,0.05400000140070915,,
18824,0.241203,MCG -2-08-031,N,0.023000000044703484,,
18824,46.186447,J025606.71-134113.8,R,1.100000023841858,,VL0J025606.69-134113.7
18825,84.08662,WISEA J051539.03-283227.7,q,1.2999999523162842,,
8099,113.579791,J223559.74+335739.1,X,1.100000023841858,1RXH J223559.4+335736,
8099,150.014269,J223600.84+335821.8,X,1.5,4XMM J223600.8+335821,
8099,179.57393,Q 2233+337,QX,2.114000082015991,CXOG J223603.6+335825,
18830,171.928829,SDSS J112858.38+505648.3,Q,1.2630000114440918,,
8104,90.653091,WISEA J042237.15-123734.1,q,1.0,,
18832,138.39021,J125107.03-412220.2,X,,4XMM J125107.0-412219,
8106,119.705339,WISEA J112137.98+182534.8,q,1.2000000476837158,,
18834,164.720645,WISEA J164048.65+622545.8,qR,1.100000023841858,,NVSS J164049.1+622543
8113,65.103688,SDSS J094453.95+164313.4,Q,1.4490000009536743,,
18840,84.113229,SDSS J140107.63+375258.3,Q,2.063999891281128,,
8114,151.664052,BZBJ1207+1715,BR,,,VL0J120709.97+171549.3
8117,0.361597,NGC 7596,AR,0.024000000208616257,,FIRST J231711.9-065442
18847,92.079995,NGC 7720,AR2X,0.03099999949336052,2XMM J233829.3+270153,VL0J233829.36+270153.3
18847,94.264194,SDSS J233831.66+270035.0,QX,1.6490000486373901,4XMM J233831.7+270034,
18847,96.928009,J233835.29+270010.6,RX,,1RXH J233834.9+270014,NVSS J233835.4+270007
18847,102.747462,SDSS J233828.56+270150.4,qX,,1WGA J2338.4+2702,
18847,122.579236,J233835.33+270348.7,X,,CXOG J233835.3+270348,
18849,134.501369,2QZ J235237.9-281909,Q,0.37299999594688416,,
18852,133.633405,SDSS J124358.35+285559.5,Q,2.9570000171661377,,
8125,95.811062,WISEA J135229.40-340724.7,q,0.30000001192092896,,
18854,173.181099,J133220.67+110334.9,X,,4XMM J133220.6+110333,
8127,32.834007,SDSS J154045.89+281727.0,Q,1.6859999895095825,,
8127,55.770147,LAMOSTJ154044.89+281803.3,Q,1.7200000286102295,,
8128,81.716391,J183341.28+595216.4,X,,CXOG J183341.2+595216,
8129,117.484049,SDSS J093810.31+093530.4,QX,2.4260001182556152,CXOG J093810.3+093529,
8129,125.536908,LAMOSTJ093800.06+093519.7,QX,1.4259999990463257,CXOG J093800.0+093519,
8129,167.198826,SDSS J093813.46+093853.7,Q,3.809999942779541,,
8131,135.213955,J130005.63+265141.0,RX,0.20000000298023224,4XMM J130005.6+265140,FIRST J130005.6+265141
18862,113.127254,2QZ J234407.8-281943,Q,2.1449999809265137,,
18862,178.722071,2QZ J234417.8-281525,Q,1.7589999437332153,,
18866,118.869317,J062440.67-372011.4,X,,1WGA J0624.6-3720,
8136,78.52807,SDSS J001253.21+220152.9,Q,1.9160000085830688,,
18868,107.023576,WISEA J095805.65-293320.7,qR,0.6000000238418579,,NVSS J095805.6-293322
8137,38.700323,SDSS J080728.17+391135.3,NX,0.1289999932050705,4XMM J080728.1+391135,
8137,169.124189,J080738.32+391244.6,X,,4XMM J080738.4+391245,
18869,147.805843,SDSS J102022.00+571341.4,Q,1.284999966621399,,
18869,175.731491,SDSS J102054.63+571416.7,Q,0.9869999885559082,,
8138,179.985079,SDSS J102459.86+170703.9,qX,1.5,CXOG J102459.8+170704,
8140,18.591216,J182801.52+784448.9,R,,,NVSS J182801.7+784448
18872,178.34452,WISEA J015234.45-791218.9,q,1.7999999523162842,,
18873,179.765446,SDSS J022509.82+042855.4,QR,1.4290000200271606,,FIRST J022509.8+042855
18874,127.157668,PSO J040.0159+17.5458,Q,5.679999828338623,,
8142,72.358098,J234715.38-021759.4,X,2.5,CXOG J234715.3-021759,
8142,103.0725,J234725.80-021850.0,X,1.399999976158142,2RXS J234724.7-021843,
8142,107.363734,J234714.44-022012.3,X,,CXOX J234714.6-022010,
8142,133.010898,J234720.08-022100.4,X,0.30000001192092896,CXOG J234720.0-022100,
8142,135.841458,SDSS J234711.85-022013.6,qX,1.600000023841858,CXOG J234711.8-022013,
8142,173.63567,J234725.94-021630.4,X,,2RXP J234726.1-021629,
18875,0.444945,UGC 2705,NR,0.023000000044703484,,NVSS J032247.8+000856
18875,106.191608,SDSS J032241.92+000747.9,Q,0.6959999799728394,,
8144,168.723093,WISEA J033128.39-191406.6,qX,0.800000011920929,2RXS J033127.6-191409,
18877,165.055629,WISEA J055712.24-183035.7,q,1.2999999523162842,,
18880,117.46871,SDSS J090918.30-010803.0,Q,0.9679999947547913,,
8148,0.122274,UGC 8778,N,0.010999999940395355,,
8148,128.033905,SDSS J135213.14+380543.8,Q,2.184999942779541,,
18881,163.112254,WISEA J095620.86+373801.4,q,0.4000000059604645,,
18881,179.152206,SDSS J095617.14+373224.7,QR,3.239000082015991,,VL0J095617.15+373224.8
8149,113.851852,SDSS J152551.82+522825.9,Q,1.1299999952316284,,
18882,114.426324,2QZ J112443.7-005836,N,0.26100000739097595,,
18885,171.455187,WISEA J132950.19-223901.3,q,1.2999999523162842,,
18886,44.999171,SDSS J160444.12+344011.1,Q,2.377000093460083,,
18886,113.839674,FIRST J16047+3438,N2,0.28200000524520874,,
18889,154.164477,SDSS J003023.65+132205.4,Q,2.134999990463257,,
8155,130.0371,WISEA J075109.09+104935.7,q,1.2000000476837158,,
8156,79.627766,SDSS J093717.43+380436.3,QR,1.593999981880188,,FIRST J093717.3+380436
18894,66.294744,SDSS J075524.36+234539.4,Q,1.6859999895095825,,
18896,108.303823,WISEA J093433.76+004007.3,q,2.0,,
18897,96.4262,SDSS J100826.10-003921.4,Q,2.299999952316284,,
18898,0.357144,MCG 6-25-018,NR,0.02500000037252903,,FIRST J111118.0+352308
18898,154.226402,SDSS J111119.57+352541.1,Q,3.8540000915527344,,
8162,155.364159,WISEA J104132.01-314953.3,q,1.2999999523162842,,
18899,83.654983,LAMOSTJ145951.23+263808.6,Q,2.3469998836517334,,
18899,94.393793,LAMOSTJ145947.92+263845.3,Q,1.6360000371932983,,
18902,66.872762,J231925.10+425425.4,X,0.10000000149011612,2XMM J231925.0+425426,
18903,166.341741,SDSS J233014.83+261138.1,Q,1.5160000324249268,,
18903,168.449466,SDSS J232955.31+261416.2,Q,1.2640000581741333,,
18905,178.048171,LAMOSTJ022421.96+413548.1,Q,0.8899999856948853,,
8168,0.119125,IC 1141,NRX,0.014999999664723873,2SXPS J154947.1+122359,VL0J154946.95+122357.5
18907,41.63283,WISEA J045054.85-045336.1,q,0.4000000059604645,,
18908,171.672835,SDSS J083808.28+572424.2,Q,1.402999997138977,,
18910,80.369128,SDSS J114604.40+193137.4,qX,1.5,4XMM J114604.4+193136,
18910,122.240841,SDSS J114554.72+192956.3,qX,1.0,4XMM J114554.7+192957,
8173,149.372884,WISEA J075702.63+563830.2,q,1.7999999523162842,,
8174,24.317134,J103234.66+542357.8,X,1.5,CXOG J103234.4+542357,
8174,43.983705,J103228.09+542335.3,X,,CXOG J103228.0+542335,
8174,135.429964,SDSS J103233.75+542618.1,qX,0.30000001192092896,CXOG J103233.7+542618,
8174,161.00021,J103229.38+542124.1,X,,CXOG J103229.3+542124,
18916,79.322909,WISEA J162439.24+580450.9,q,1.0,,
8178,139.775833,SDSS J160849.62+363506.6,Q,1.3830000162124634,,
18921,131.771641,J023712.74+072513.4,R,,,VL0J023712.72+072513.8
8181,73.813203,LAMOSTJ012857.15+322002.0,Q,0.8209999799728394,,
18923,132.758357,SDSS J093226.79+104759.5,Q,1.2899999618530273,,
18924,136.853506,WISEA J093604.73-250025.6,q,0.699999988079071,,
8182,5.868448,J025424.78+413623.9,X,,1RXH J025424.9+413627,
8182,130.236566,WISEA J025435.59+413546.8,qX,1.0,2XMM J025435.5+413546,
8182,133.966924,J025435.89+413655.7,X,1.399999976158142,1RXH J025435.8+413656,
8182,165.295527,J025412.38+413444.1,X,,1RXH J025412.4+413445,
18927,120.148639,NPM 1G+34.0223,N,0.026000000536441803,,
18927,138.198389,SDSS J113328.80+341641.1,Q,3.513000011444092,,
8186,150.561763,WISEA J073718.92+195603.8,q,0.10000000149011612,,
8186,168.862192,WISEA J073730.43+195943.3,q,2.5999999046325684,,
18932,52.340764,SDSS J233809.53+322033.9,Q,0.5669999718666077,,
8189,118.314809,SDSS J135052.98+365555.0,Q,2.4719998836517334,,
18938,134.515991,SDSS J100942.29+110200.8,N,0.5210000276565552,,
8193,89.714363,SDSS J235944.40+281854.6,Q,0.6380000114440918,,
18939,84.210635,J114229.73+085055.4,X,1.2000000476837158,2SXPS J114229.4+085057,
18939,169.594815,J114236.01+085040.0,X,2.0,2SXPS J114235.9+085039,
8194,168.015492,WISEA J041525.10-010048.9,q,1.0,,
18940,134.01392,WISEA J141134.99-261356.7,q,0.4000000059604645,,
8195,127.831927,SDSS J074853.72+214243.4,Q,2.059000015258789,,
18942,123.054301,SDSS J144719.39+113536.1,Q,1.2699999809265137,,
18942,165.284829,UGC 9521,AR,0.03099999949336052,,FIRST J144700.1+113530
8196,131.165676,J081442.30+490550.5,X,,CXOG J081442.3+490550,
8196,149.679778,J081433.00+490128.5,X,0.30000001192092896,CXOG J081432.9+490128,
18943,21.678825,WISEA J003159.74-812112.6,q,2.200000047683716,,
18943,131.046802,WISEA J003123.63-812250.7,q,1.100000023841858,,
18944,168.073095,WISEA J005457.62-120316.1,q,0.699999988079071,,
18945,122.540419,J012555.16-011950.6,X,,CXOG J012555.1-011950,
18945,126.276236,SDSS J012540.16-011943.7,QX,1.5800000429153442,CXOG J012540.1-011943,
18945,139.268293,J012554.58-011906.8,X,,CXOG J012554.5-011907,
18945,141.557303,J012547.12-012301.6,X,,CXOG J012547.0-012302,
8199,0.295987,UGC 6855,AR,0.02199999988079071,,FIRST J115246.2+232834
18946,100.952421,WISEA J013119.68+141636.6,qX,0.4000000059604645,2SXPS J013119.7+141636,
8200,103.14169,PGC 1295177,N,0.09399999678134918,,
8200,164.388346,SDSS J123528.48+060843.9,NR,0.10100000351667404,,FIRST J123528.4+060844
8200,172.473496,SDSS J123519.50+060946.9,N,0.09200000017881393,,
8201,0.146641,NPM 1G-16.0415,AR,0.02199999988079071,,VL0J132314.45-165526.2
18949,116.667123,J051632.44+063059.7,X,1.5,CXOG J051632.4+063059,
18949,144.873765,J051627.62+062816.0,X,,2RXP J051627.3+062816,
18953,0.215621,MCG 9-19-213,NX,0.017999999225139618,2XMM J115032.2+550330,
18953,64.883502,SDSS J115025.07+550317.5,QX,1.777999997138977,2XMM J115024.8+550319,
18953,132.792956,SDSS J115047.85+550312.8,QX,1.2910000085830688,CXOG J115047.9+550312,
8206,68.439738,WISEA J013001.22-424020.3,q,1.2999999523162842,,
18955,175.564813,SDSS J131950.44+055044.8,Q,1.0549999475479126,,
8207,152.946134,SDSS J014836.51+201654.3,Q,2.2960000038146973,,
8207,173.077871,SDSS J014846.01+201847.6,Q,1.5850000381469727,,
8207,173.429547,SDSS J014837.92+201759.0,Q,1.5579999685287476,,
18956,65.497868,SDSS J132425.84+135514.4,QX,1.371999979019165,CXOG J132425.8+135513,
8209,168.981155,SDSS J151208.79+212015.5,Q,1.1440000534057617,,
18960,170.952429,SDSS J231539.96+005912.4,Q,2.072999954223633,,
8210,106.052989,SDSS J162309.56+395621.0,Q,1.406999945640564,,
8212,138.057733,SDSS J012217.81+331742.6,QX,1.2280000448226929,4XMM J012217.6+331743,
8213,94.064012,SDSS J075417.90+392129.5,Q,1.3849999904632568,,
8213,101.554847,SDSS J075425.75+392036.5,qX,1.2999999523162842,4XMM J075425.6+392036,
18968,172.731707,WISEA J062902.55+523311.7,q,2.4000000953674316,,
8215,63.382122,WISEA J092343.19+243008.1,q,1.2999999523162842,,
18971,143.346266,WISEA J103101.54-281604.0,q,1.0,,
18973,75.459614,SDSS J123542.49+474422.1,Q,0.8560000061988831,,
18973,91.417829,SDSS J123537.33+474656.9,Q,1.3980000019073486,,
8219,79.778255,SDSS J122510.18+543140.3,Q,3.490999937057495,,
8219,127.352383,WISEA J122523.22+542859.4,q,0.699999988079071,,
18974,130.987514,EQS B1303+0205,QR,0.734000027179718,,VL0J130554.17+014930.1
18975,20.684043,SDSS J144024.92+033609.2,QX,1.0290000438690186,CXOG J144024.8+033609,
18979,123.955246,WISEA J164851.96+361104.8,q,0.4000000059604645,,
18979,146.415622,UGC 10567,AR,0.03099999949336052,,VL0J164909.60+361326.0
18980,114.536303,WISEA J203555.79-512205.7,q,1.7000000476837158,,
8227,41.044119,J032755.54+023417.7,X,1.7000000476837158,2XMMi J032755.5+023417,
8227,134.940267,J032747.61+023210.1,X,,CXOG J032747.6+023210,
8231,17.673902,MS 13173-1213,QX,0.32899999618530273,XMMSL J131959.5-122913,
8232,114.277294,SDSS J163744.35+492451.0,Q,2.187000036239624,,
8234,110.629809,J200835.26-252555.2,R,2.4000000953674316,,VL0J200835.26-252554.7
8235,166.447098,SDSS J011604.37+051906.6,QR,0.6729999780654907,,VL0J011604.40+051906.4
8235,167.390848,SDSS J011602.93+052059.2,Q,3.319999933242798,,
18994,114.89722,WISEA J111757.33+172823.0,q,0.8999999761581421,,
18995,28.274876,J114455.34+194337.6,X,2.299999952316284,4XMM J114455.3+194337,
18996,172.724165,J122337.43+071200.6,X,,CXOG J122337.4+071200,
18997,39.792283,SDSS J133722.49+090059.6,QX,1.7999999523162842,CXOG J133722.5+090059,
18997,91.729575,SDSS J133718.40+090122.7,qX,2.200000047683716,CXOG J133718.4+090122,
18997,163.552545,SDSS J133722.88+085842.9,qX,1.2999999523162842,CXOG J133722.8+085843,
18999,170.455142,SDSS J161348.24+522541.4,Q,0.621999979019165,,
8244,178.424704,WISEA J164922.75+684752.1,q,2.799999952316284,,
8248,121.405613,J050813.12+114325.7,R,0.30000001192092896,,VL0J050813.10+114325.8
19011,119.508386,SDSS J133851.29+261832.3,qX,0.6000000238418579,2RXP J133851.6+261833,
8250,0.215412,MCG 9-16-013,AX,0.02500000037252903,CXOG J092438.9+560747,
8250,100.791025,SDSS J092445.96+560625.0,Q,1.850000023841858,,
19012,135.612219,SDSS J133912.19+433531.7,Q,1.5420000553131104,,
19012,173.283606,SDSS J133849.29+433523.9,Q,1.1169999837875366,,
8252,68.760079,SDSS J212531.16+041854.9,Q,1.8029999732971191,,
19014,101.632492,SDSS J161943.09+051050.0,qX,1.5,CXOG J161943.0+051049,
19014,167.270812,WISEA J161949.49+051227.9,qX,0.699999988079071,CXOG J161949.5+051227,
19015,177.253421,WISEA J174240.74+161221.5,q,2.4000000953674316,,
19017,83.629746,SDSS J015453.25+004717.9,Q,2.818000078201294,,
19017,115.140205,SDSS J015500.27+004951.4,QR2X,0.8259999752044678,2SXPS J015500.3+004948,VL0J015500.27+004951.8
19019,0.045252,PGC 2743419,ARX,0.02500000037252903,2SXPS J043428.5+712805,VL0J043429.10+712801.9
19020,167.089191,SDSS J082911.67+431933.2,Q,2.1530001163482666,,
19022,28.82518,SDSS J115552.63+244618.2,Q,0.9120000004768372,,
19023,77.89392,B3 1221+464,QR2X,1.0119999647140503,2SXPS J122339.2+461120,VL0J122339.34+461118.7
19023,117.449992,SDSS J122337.99+460804.4,Q,1.593999981880188,,
19023,152.072719,SDSS J122330.81+461203.1,Q,1.059999942779541,,
19024,0.239264,IC 3662,NR,0.028999999165534973,,NVSS J124136.3+232527
8262,0.064941,UGC 12741,NRX,0.017000000923871994,2SXPS J234155.3+303453,NVSS J234155.4+303443
19025,50.730496,WISEA J125406.22+280522.5,q,0.30000001192092896,,
19025,90.775048,WISEA J125416.20+280610.6,q,0.10000000149011612,,
19026,157.673158,SDSS J131125.95+100754.2,Q,2.187999963760376,,
8265,138.92854,WISEA J025215.40-154021.3,q,0.5,,
19029,135.60434,WISEA J151553.39+691410.1,q,1.2999999523162842,,
8268,65.029481,J074703.05+275550.5,X,,CXO J074702.9+275548,
8268,177.154395,SDSS J074706.54+275946.5,QX,0.6759999990463257,2SXPS J074706.5+275945,
8269,26.075351,J120756.84+650716.3,X,,CXOG J120756.8+650716,
8269,114.392944,J120802.61+650502.2,X,1.0,4XMM J120802.5+650501,
8269,150.674223,J120810.94+650850.9,X,0.20000000298023224,CXOG J120810.9+650851,
19035,154.097704,WISEA J083016.12+690359.5,q,1.2999999523162842,,
8273,149.114254,WISEA J234347.26-144515.8,q,1.7999999523162842,,
19038,144.66739,LAMOSTJ113343.47-041456.9,Q,2.052000045776367,,
19041,128.632149,SDSS J134503.62+231410.5,Q,2.51200008392334,,
19043,82.024786,SDSS J161740.72+350401.9,QX,2.5769999027252197,CXOG J161740.7+350401,
19043,86.84312,SDSS J161738.63+350416.7,QX,1.8459999561309814,CXOG J161738.6+350416,
19043,101.95938,SDSS J161735.96+350447.6,QX,0.8379999995231628,CXOG J161735.9+350446,
19043,113.470631,J161753.24+350515.4,X,,4XMM J161753.2+350516,
19043,123.195281,SDSS J161736.05+350628.6,QX,1.7100000381469727,4XMM J161736.2+350627,
19043,166.613129,J161731.28+350611.7,X,,CXOG J161731.3+350610,
8278,129.248169,WISEA J043639.19-021517.4,q,1.100000023841858,,
8279,144.903628,WISEA J055614.91-380715.9,q,0.6000000238418579,,
19048,33.808163,NGC 7674,ARX,0.028999999165534973,2SXPS J232756.7+084644,VL0J232756.71+084644.2
19048,148.57101,SDSS J232804.02+084451.6,QX,1.2920000553131104,2XMM J232803.9+084452,
8282,35.755065,SDSS J122633.55+090146.2,QX,1.7599999904632568,1RXH J122633.5+090150,
8282,120.379831,NGC 4410,ARX,0.02500000037252903,CXOG J122628.2+090111,VL0J122628.26+090111.6
8286,65.543978,J213611.52-383138.1,X,,CXOG J213611.5-383138,
19053,102.939931,SBS 1202+518,QX,0.5040000081062317,2RXS J120526.1+513140,
19055,78.435708,WISEA J131909.58+393547.1,q,0.6000000238418579,,
8289,37.340341,J095318.57-161113.7,X,2.5,4XMM J095318.5-161114,
19059,105.937868,WISEA J215244.54-373851.2,q,0.800000011920929,,
19060,147.281434,2QZ J230147.7-303734,Q,1.5470000505447388,,
8292,72.361452,SDSS J141320.12+084949.7,Q,0.9179999828338623,,
19063,170.759126,J063219.27-353651.7,X,,CXOG J063219.2-353651,
8296,10.941537,J041736.28+270410.8,R,,,NVSS J041736.4+270410
8297,160.683777,SDSS J095306.49+424923.6,Q,1.6519999504089355,,
19068,113.763616,J161101.96+263642.7,2,1.7999999523162842,,
19071,155.465737,SDSS J015002.87+165541.2,Q,2.4579999446868896,,
8300,118.520723,SDSS J134416.31+202408.1,Q,0.8619999885559082,,
19072,84.329882,WISEA J023937.10+403311.7,q,0.699999988079071,,
19072,123.762286,WISEA J023933.88+403344.2,q,0.30000001192092896,,
8301,128.557916,SDSS J141006.20+174027.0,qX,0.699999988079071,4XMM J141006.1+174026,
8301,133.776272,J140957.52+173933.8,X,,4XMM J140957.5+173933,
19073,174.765316,WISEA J055656.98-182350.7,q,2.5999999046325684,,
19076,86.888713,SDSS J075313.75+394518.9,Q,1.9609999656677246,,
8304,145.413788,SDSS J234049.13+202601.2,Q,0.8320000171661377,,
8305,145.897048,SVA1_COADD-2970471108,Q,1.3680000305175781,,
19078,0.310039,CGCG 64-55,NRX,0.008999999612569809,CXOG J100551.1+125740,FIRST J100551.1+125740
8307,158.239523,WISEA J100448.78+600802.6,q,1.100000023841858,,
19082,161.157204,SDSS J141654.11+090403.1,Q,0.8019999861717224,,
8308,0.207649,MCG -01.30.041,ARX,0.017999999225139618,2SXPS J115238.2-051223,VL0J115238.16-051224.9
19083,153.986463,SDSS J142648.08+313218.3,Q,2.947000026702881,,
19084,164.274623,SDSS J144554.21+085443.1,K,0.3889999985694885,,
8311,132.055403,SDSS J133517.26+012551.8,Q,2.380000114440918,,
19085,109.318437,J165836.16+275203.9,X,,4XMM J165836.1+275203,
19085,167.937186,SDSS J165836.19+274921.6,qX,1.2999999523162842,CXOG J165836.1+274922,
8312,160.344901,SDSS J140541.77+345512.3,QX,0.16599999368190765,2RXS J140541.7+345515,
8312,177.188908,SDSS J140542.94+345550.4,Q,3.0510001182556152,,
19088,0.185365,CGCG 388-52,ARX,0.02199999988079071,2SXPS J023351.7+010814,FIRST J023351.6+010814
8317,90.053157,WISEA J224116.17+343641.7,q,0.10000000149011612,,
19095,39.330759,WISEA J091110.85+193927.0,q,0.10000000149011612,,
8320,162.310776,WISEA J021751.03-473408.0,qX,1.5,2RXS J021750.1-473353,
19097,143.203857,J113655.34-221413.3,R,0.4000000059604645,,VL0J113655.34-221412.9
8321,45.905868,WISEA J040839.61-493545.0,q,1.2999999523162842,,
19098,0.087065,CGCG 187-22,NRX,0.02500000037252903,2SXPS J121309.4+323548,FIRST J121309.3+323547
19101,73.737257,PKS 1451-375,AX,0.3140000104904175,2SXPS J145427.4-374734,
19102,25.032924,J162826.38+405109.0,X,0.6000000238418579,4XMM J162826.2+405109,
19102,163.26437,SDSS J162838.48+405230.5,QX,1.3020000457763672,4XMM J162838.4+405230,
19104,124.835342,SDSS J164826.62+493705.3,Q,1.5130000114440918,,
19104,154.25696,SDSS J164803.83+493517.9,Q,1.434000015258789,,
19105,106.578984,WISEA J184517.30+530158.1,q,0.20000000298023224,,
8328,83.57489,SDSS J234529.00+014024.0,Q,2.3239998817443848,,
8328,117.941047,SDSS J234537.93+014253.3,Q,2.197000026702881,,
19107,176.312577,J225217.95-262312.5,R,0.5,,VL0J225218.00-262312.1
8330,138.058622,SDSS J015413.43-003813.8,Q,2.5439999103546143,,
8330,139.906666,SDSS J015421.69-003522.5,Q,0.9160000085830688,,
8330,147.988279,SDSS J015416.51-003940.9,Q,2.7909998893737793,,
8330,171.391847,SDSS J015433.68-003808.1,Q,0.8730000257492065,,
19108,107.084666,SDSS J015222.76+313351.6,Q,1.1089999675750732,,
8332,73.762677,WISEA J044623.00+002301.7,q,0.6000000238418579,,
8334,171.916355,SDSS J084442.64+585121.1,Q,2.1670000553131104,,
8334,179.65899,SDSS J084438.04+584825.5,Q,4.659999847412109,,
19114,173.786497,WISEA J112049.65+192519.9,q,0.5,,
19115,118.606758,SDSS J122332.20+554121.5,Q,2.3949999809265137,,
19115,140.730866,SDSS J122315.65+553830.4,Q,1.934999942779541,,
19115,152.965826,SDSS J122313.01+553930.3,Q,2.436000108718872,,
19116,0.401262,MCG 6-27-052,N,0.032999999821186066,,
8339,92.222685,J172043.09-010542.1,X,,4XMM J172043.1-010539,
19120,35.367898,J193354.88-334010.3,R,,,SUMSS J193354.9-334011
8342,89.982009,SDSS J223359.89+232148.2,Q,2.7709999084472656,,
8342,159.708842,SDSS J223352.33+231829.0,Q,1.1770000457763672,,
8342,178.059897,SDSS J223359.72+231721.4,Q,2.2009999752044678,,
19123,59.101046,SDSS J234702.04+145123.7,Q,2.2829999923706055,,
19123,146.39071,J234700.66+145249.6,R,,,NVSS J234700.9+145249
19125,170.029415,LAMOSTJ012607.71+332657.3,Q,0.5649999976158142,,
8345,118.389798,SDSS J075016.95+304252.6,Q,0.996999979019165,,
19127,117.211556,WISEA J025506.32+034944.3,q,0.699999988079071,,
19128,64.67621,WISEA J043556.76-021314.8,q,1.7000000476837158,,
8346,130.969611,SDSS J111050.83+044911.5,Q,2.3480000495910645,,
19130,77.068537,J053349.36-132116.9,X,,2RXS J053348.1-132119,
19131,30.315904,WISEA J060516.26-182342.6,q,0.699999988079071,,
8347,0.167652,NGC 3561,ARX,0.028999999165534973,4XMM J111113.1+284147,VL0J111113.19+284147.0
8347,64.000922,QS 1108+285,QX,2.197999954223633,4XMM J111108.3+284134,
8347,97.332676,MCG 5-27-012,N,0.028999999165534973,,
8347,138.936067,SDSS J111105.10+284017.6,qX,2.0,4XMM J111105.1+284018,
8348,0.251415,IC 751,ARX,0.03200000151991844,2SXPS J115852.6+423411,FIRST J115852.6+423413
19133,89.926855,J100026.29-191040.4,X,0.30000001192092896,1WGA J1000.4-1910,
19135,57.110657,SDSS J113105.86+211743.2,Q,0.5019999742507935,,
19135,108.656254,SDSS J113109.98+211507.9,Q,2.4070000648498535,,
19136,149.641466,WISEA J135604.92+081304.6,q,0.5,,
19137,121.46796,SDSS J162613.22+395600.8,qX,2.200000047683716,4XMM J162613.2+395600,
8352,0.204197,IC 1149,A,0.01600000075995922,,
8352,45.704344,SDSS J155805.55+120441.5,Q,1.3220000267028809,,
19138,145.942297,SDSS J162825.61+411204.0,QX,0.5989999771118164,1WGA J1628.4+4111,
19139,170.53173,WISEA J174054.37+602521.1,q,0.4000000059604645,,
8354,33.858151,WISEA J200008.65-462052.0,q,0.800000011920929,,
8355,0.095976,UGC 11700,NRX,0.017000000923871994,2SXPS J211224.7+112431,FIRST J211224.7+112430
19142,158.842591,SDSS J231553.63-022614.5,qX,1.2999999523162842,4XMM J231553.6-022614,
19143,118.799663,SDSS J013009.04-024115.3,Q,2.365000009536743,,
19145,171.934341,WISEA J035252.56+154046.8,q,2.0,,
8361,147.997722,WISEA J092530.93-060704.8,q,1.0,,
19149,83.617871,WISEA J105347.76+461145.4,qR,0.5,,FIRST J105347.7+461145
19149,90.807021,WISEA J105339.53+461402.8,q,0.30000001192092896,,
19150,121.493892,SDSS J114307.65+200527.1,qX,2.0,2XMM J114307.7+200525,
19152,0.226176,PGC 159111,N,0.024000000208616257,,
8365,115.094007,WISEA J101613.44-154905.8,q,2.4000000953674316,,
19155,104.258323,WISEA J160937.52+085543.4,q,1.100000023841858,,
19156,133.107346,J162226.35+103226.0,R,,,FIRST J162226.3+103226
19158,109.283497,SDSS J164021.66+391306.7,A,0.3449999988079071,,
8371,0.292449,IC 184,NR,0.017999999225139618,,FIRST J015951.2-065025
8371,37.488937,J015953.65-065015.5,X,,2SXPS J015953.7-065016,
8372,0.350519,MARK 612,NRX,0.019999999552965164,2XMM J033040.9-030815,VL0J033040.89-030815.4
8372,133.034233,J033039.35-031026.8,X,1.7999999523162842,4XMM J033039.3-031026,
8373,51.403156,FCOS 6-057,Q,2.1700000762939453,,
19164,138.70897,SDSS J235454.71-022511.8,Q,0.5059999823570251,,
19167,110.117144,WISEA J042735.45-123413.5,q,0.10000000149011612,,
8379,47.844597,SDSS J232001.04+155628.9,Q,3.2290000915527344,,
19168,82.610772,J045104.62-395257.0,R,,,NVSS J045104.4-395257
8380,164.694069,WISEA J002426.01-135623.0,q,1.7999999523162842,,
19170,161.153311,SDSS J091231.99+354949.9,Q,1.38100004196167,,
19170,168.155545,SDSS J091242.43+354949.0,Q,2.2330000400543213,,
19171,157.116007,SDSS J091424.73+362132.2,Q,1.4620000123977661,,
8382,171.366112,SDSS J110014.19+505531.8,Q,0.8550000190734863,,
19173,107.263152,SDSS J103511.73+424800.5,Q,2.2139999866485596,,
19173,168.966284,SDSS J103520.34+424358.5,Q,1.4140000343322754,,
19174,82.074934,SDSS J104940.48+475537.7,Q,0.7620000243186951,,
8385,89.375436,WISEA J131142.55+004042.4,qX,0.4000000059604645,CXOG J131142.5+004042,
8386,96.304885,NPM 1G-16.0443,A,0.028999999165534973,,
8386,129.05339,WISEA J140609.48-163902.8,q,0.30000001192092896,,
19179,121.050325,SDSS J161226.73+253111.6,Q,2.200000047683716,,
19179,153.512006,WISEA J161242.99+253137.7,q,1.2000000476837158,,
8388,49.909988,SDSS J163034.57+403311.3,Q,1.7289999723434448,,
8388,133.96553,WISEA J163027.62+403415.2,q,0.10000000149011612,,
19184,0.074523,UGC 12865,NRX,0.023000000044703484,CXOG J235743.7+003918,FIRST J235743.7+003918
19185,137.889142,SDSS J002122.35+293536.6,Q,2.390000104904175,,
19188,160.595764,WISEA J060911.30-352939.3,q,0.4000000059604645,,
19197,80.550677,WISEA J163309.30-153501.1,q,1.2999999523162842,,
19200,84.766583,WISEA J200032.25-611614.2,q,0.5,,
8407,51.832606,WISEA J104432.71-141935.2,q,0.5,,
19201,105.95188,WISEA J210151.22-131410.1,q,1.899999976158142,,
8408,136.456476,WISEA J105226.66+714456.3,qX,0.30000001192092896,CXOG J105226.6+714456,
8414,108.669254,PSO J172.1770+26.8866,Q,5.769999980926514,,
8414,120.452443,SDSS J112842.92+265541.2,QR,2.6670000553131104,,FIRST J112842.9+265532
19211,0.125416,MCG 1-29-009,N,0.028999999165534973,,
19211,154.405471,SDSS J111053.24+043209.3,Q,2.3480000495910645,,
19212,141.364853,SDSS J114053.26+334341.3,Q,1.1959999799728394,,
19213,164.649439,SDSS J130352.32+275634.6,Q,1.7070000171661377,,
8416,69.507046,J130452.12-075611.7,R,0.5,,FIRST J130452.1-075611
8416,132.806115,WISEA J130503.06-075531.1,q,1.5,,
19216,0.299361,CGCG 224-6,A,0.03200000151991844,,
19217,69.701369,SDSS J162454.68+410412.4,Q,1.6449999809265137,,
19218,102.96258,WISEA J174840.59+550713.2,q,0.5,,
19218,134.014767,J174843.11+550354.0,X,,2RXS J174844.9+550350,
19220,175.543344,WISEA J020223.82+450024.5,q,0.699999988079071,,
8423,53.696112,UGC 6142A,N,0.02500000037252903,,
19224,125.553763,SDSS J094830.52+471958.1,N,0.546999990940094,,
8425,53.19055,WISEA J112903.27-222845.7,q,1.7000000476837158,,
8426,164.037012,SDSS J114714.80+602034.2,Q,0.7070000171661377,,
8427,131.31661,WISEA J155823.15+172633.5,q,2.200000047683716,,
19227,134.837411,SDSS J114350.74+101507.5,Q,0.4690000116825104,,
19228,167.227722,2QZ J130759.7-005334,Q,1.5509999990463257,,
19229,178.410558,SDSS J132445.81+592251.9,Q,1.4620000123977661,,
19232,0.498251,UGC 9685,N,0.03099999949336052,,
19232,175.074788,WISEA J150443.22+080732.1,q,1.399999976158142,,
8434,0.332722,UGC 6013,NRX,0.02199999988079071,2SXPS J105400.0+493935,FIRST J105359.7+493935
8434,123.827357,SDSS J105356.29+494134.1,Q,1.218000054359436,,
19235,179.924219,SDSS J213157.96+090019.8,A,0.5040000081062317,,
8442,157.334304,SDSS J155615.14+163304.2,Q,3.132999897003174,,
8443,148.465002,J155637.80+200051.9,R,,,FIRST J155637.7+200051
8443,167.31945,WISEA J155622.54+200209.5,q,1.2000000476837158,,
8446,114.276729,WISEA J223309.31-170210.1,q,0.800000011920929,,
19250,101.849688,WISEA J142527.79+322941.2,qX,0.20000000298023224,CXOG J142527.8+322941,
8448,0.099972,NGC 824,AR,0.01899999938905239,,NVSS J020653.4-362706
8448,138.287275,WISEA J020642.34-362753.7,q,0.4000000059604645,,
19253,179.505913,WISEA J183347.48+400132.6,q,2.9000000953674316,,
8449,116.784845,SDSS J025813.86+060455.2,qX,1.7999999523162842,2RXP J025814.0+060453,
8457,151.895971,SDSS J122158.76+300657.2,Q,2.3580000400543213,,
19266,163.484234,WISEA J104404.22-344151.0,q,0.20000000298023224,,
8460,60.758987,SDSS J170834.93+422116.5,Q,1.284000039100647,,
8460,134.533704,SDSS J170821.72+421924.6,Q,1.5140000581741333,,
8460,158.158187,WISEA J170846.13+421926.2,q,0.20000000298023224,,
8460,160.758965,SDSS J170842.58+422219.0,Q,0.9769999980926514,,
8462,139.115166,SDSS J000759.88+352219.2,Q,1.7280000448226929,,
8462,171.039001,SDSS J000748.36+351853.1,Q,2.8480000495910645,,
19270,0.046104,CGCG 246-25,N,0.02800000086426735,,
19270,78.647253,SDSS J135505.14+465556.0,Q,1.1670000553131104,,
19270,118.30909,SDSS J135506.31+465810.4,Q,2.4860000610351562,,
8463,116.368721,SDSS J002234.25+292918.3,A,0.5299999713897705,,
19271,164.992757,WISEA J142719.69+252831.0,q,1.899999976158142,,
19272,121.706162,SDSS J152504.17+045148.9,Q,2.259000062942505,,
8464,0.194195,ESO 113-10,ARX,0.026000000536441803,4XMM J010516.8-582614,SUMSS J010517.2-582615
8465,145.419418,WISEA J024154.74-515334.6,q,1.7999999523162842,,
8465,176.718541,WISEA J024205.41-515122.7,q,0.30000001192092896,,
8467,146.370919,WISEA J044236.51-014331.1,q,0.8999999761581421,,
19280,150.323135,WISEA J021711.89+095134.8,q,0.10000000149011612,,
19281,104.6363,SDSS J021934.86-001435.3,Q,2.0910000801086426,,
8472,69.715284,RXS J14495+2746,BRX,0.22699999809265137,2SXPS J144932.5+274620,VL0J144932.73+274621.7
8473,153.602508,WISEA J191033.97-441305.5,q,1.600000023841858,,
8476,175.790081,SDSS J095346.58+232106.8,Q,0.8299999833106995,,
19288,135.051823,WISEA J095221.61-092938.4,q,0.4000000059604645,,
8478,0.224011,NGC 4333,N,0.023000000044703484,,
19293,97.25736,SDSS J115213.46+210643.7,N,0.19099999964237213,,
19294,76.298007,SDSS J144045.70+032118.7,qX,2.0999999046325684,4XMM J144045.7+032119,
19294,79.241176,J144046.94+032128.1,X,0.30000001192092896,CXOG J144046.9+032126,
19294,111.385627,J144035.92+032225.6,X,,2XMM J144035.9+032225,
19294,157.175578,SDSS J144034.09+032340.4,qX,1.5,CXOG J144034.0+032339,
19295,137.686233,WISEA J150742.75-384114.1,q,1.7000000476837158,,
8485,52.22808,WISEA J122140.76-122757.1,qR,0.30000001192092896,,VL0J122140.75-122756.9
19299,134.591991,SDSS J235128.14+271656.9,Q,1.715000033378601,,
19299,179.986925,J235131.45+271827.8,X,,4XMM J235131.5+271826,
19300,107.972973,J001025.18+291612.9,X,,4XMM J001025.2+291612,
19300,135.905588,SDSS J001024.28+291817.0,QX,0.6949999928474426,4XMM J001024.3+291816,
19304,89.76648,J074930.82+425804.6,R,1.2000000476837158,,FIRST J074930.6+425804
19304,105.570803,PGC 2210011,N,0.03099999949336052,,
19304,134.46386,SDSS J074927.35+425719.8,Q,1.5,,
8491,96.801756,WISEA J200538.79-103544.4,q,1.100000023841858,,
19307,31.407141,SDSS J124137.61+442931.0,QX,2.134999990463257,CXOG J124137.6+442931,
19307,131.909918,J124146.60+443002.9,X,,2SXPS J124146.4+443005,
19309,26.246292,SDSS J140224.89+384255.8,QR,2.74399995803833,,VL0J140224.92+384255.9
19310,121.926577,SDSS J150603.81+124429.0,Q,1.2029999494552612,,
8500,68.31522,J021612.68-115436.4,R,,,NVSS J021612.4-115439
19315,146.063496,WISEA J210815.86+042828.7,q,1.7000000476837158,,
19317,113.792338,WISEA J233248.17+270204.0,q,0.5,,
8503,82.60945,SDSS J104748.78+592328.9,QX,1.559999942779541,CXOG J104748.7+592328,
8503,129.522007,CLANS J10476+5922,QX,1.5199999809265137,CXOG J104737.2+592238,
8503,151.337664,J104803.10+592434.6,X,,CXOG J104803.0+592433,
8503,151.695566,CLANS J10473+5924,KX,3.2200000286102295,CXOG J104723.3+592425,
19319,66.698425,LAMOSTJ025045.76+065221.2,Q,0.6380000114440918,,
19320,141.324585,WISEA J044901.70-510925.7,q,1.2999999523162842,,
19322,122.860431,SDSS J111715.19+273859.2,Q,2.2799999713897705,,
19323,98.582735,SDSS J125240.36+400432.9,Q,2.614000082015991,,
19323,160.791033,SDSS J125253.51+400623.8,Q,2.0220000743865967,,
19324,167.505137,SDSS J125826.54+270430.3,Q,2.240999937057495,,
8509,0.160928,MCG 10-25-061,NRX,0.02800000086426735,XMMSL J173212.1+595630,VL0J173212.17+595629.3
8509,126.24403,WISEA J173219.36+595435.5,q,1.0,,
8509,145.649241,VIIZw 720,AR,0.028999999165534973,,FIRST J173159.1+595818
8509,160.879997,PGC 2596531,N,0.028999999165534973,,
19326,153.646037,2SLAQ J140500.51-003502.1,Q,0.6449999809265137,,
19326,177.758082,2SLAQ J140448.93-003351.7,Q,1.9869999885559082,,
19327,68.935878,WISEA J151722.38+812152.5,q,0.30000001192092896,,
19327,162.235158,WISEA J151815.92+812118.8,q,2.4000000953674316,,
8511,6.984051,NGC 7592W,NR,0.024000000208616257,,NVSS J231822.1-042457
19329,97.572304,J002156.82-185627.3,X,1.7999999523162842,4XMM J002156.7-185628,
8512,155.964895,SDSS J020925.24+253330.1,Q,1.8079999685287476,,
19331,87.288021,SDSS J014517.41+113423.5,Q,1.2940000295639038,,
19331,162.316236,SDSS J014525.85+113745.5,QR,1.1759999990463257,,FIRST J014525.8+113745
19331,165.699264,SDSS J014515.25+113309.8,Q,1.3980000019073486,,
19331,179.234876,SDSS J014507.13+113431.0,Q,1.6859999895095825,,
19332,94.822965,WISEA J025012.64+184348.4,q,0.699999988079071,,
8518,125.283932,WISEA J115855.99+251136.7,q,1.0,,
19337,131.578376,SDSS J080451.64+562637.6,Q,2.2049999237060547,,
8519,144.831264,J121926.56+052444.0,R,,,VL0J121926.56+052444.3
19338,25.977835,SDSS J105153.47+100531.7,Q,2.2990000247955322,,
19338,36.011848,SDSS J105154.22+100522.5,Q,3.049999952316284,,
8520,134.108122,SDSS J133423.73+345732.2,Q,2.7950000762939453,,
19341,44.661517,FIRST J12029+2615,AR,0.5659999847412109,,FIRST J120255.3+261518
19341,120.594064,SDSS J120301.02+261518.2,Q,2.1679999828338623,,
8524,179.400282,SDSS J224832.06+273341.8,Q,2.48799991607666,,
19344,85.5093,SDSS J150802.07+522041.4,QX,2.388000011444092,4XMM J150801.8+522040,
8525,90.946007,SDSS J012442.48+020229.9,Q,1.0820000171661377,,
8527,77.12704,SDSS J122145.91+405044.9,Q,2.0209999084472656,,
8527,169.107337,PGC 2171706,A,0.1289999932050705,,
8532,137.320381,SDSS J235531.38+213518.4,Q,0.47999998927116394,,
8534,43.588368,J010815.61-470801.6,X,,2XMM J010815.7-470800,
8534,108.822959,WISEA J010821.60-470736.9,qX,1.0,2XMM J010821.5-470736,
19359,91.785025,SDSS J145941.64+493136.2,QX,1.1619999408721924,4XMM J145941.6+493136,
19359,101.233872,SDSS J145955.90+493043.3,ARX,0.12300000339746475,2XMMi J145955.8+493043,FIRST J145955.8+493042
19360,2.357334,J205656.68+064901.4,X,1.0,CXOG J205656.6+064901,
19360,42.728587,WISEA J205658.26+064828.3,qX,0.6000000238418579,CXOG J205658.2+064828,
19360,133.227598,J205701.07+065059.4,X,,CXOG J205701.0+065059,
8541,25.175496,SDSS J124253.39+205858.9,N,0.3540000021457672,,
19361,36.76865,UGC 12064,AX,0.017000000923871994,2XMM J223120.5+392130,
19361,80.020486,J223116.03+392113.9,X,1.399999976158142,XMMX J223116.1+392112,
8543,127.855794,SDSS J145439.44+031624.6,qX,2.0,4XMM J145439.4+031624,
8543,166.729696,SDSS J145434.57+031934.2,qX,1.399999976158142,4XMM J145434.5+031934,
19364,143.459769,WISEA J032254.65-291734.9,q,0.20000000298023224,,
8547,145.585222,WISEA J223122.55-171840.5,q,0.800000011920929,,
8551,101.256778,WISEA J024305.22-081825.4,q,2.200000047683716,,
19375,171.601829,J043208.58-051101.2,X,,4XMM J043208.6-051101,
8554,148.770164,SDSS J125617.90+261903.5,Q,1.50600004196167,,
19381,64.839704,WISEA J103811.56+641552.6,q,0.8999999761581421,,
8559,128.005813,2QZ J220922.1-274208,QX,1.496999979019165,2SXPS J220922.1-274206,
19383,167.911297,SDSS J114740.91+573555.7,Q,2.6760001182556152,,
8560,91.378881,WISEA J223914.84-262909.6,q,0.8999999761581421,,
19384,98.135926,J120005.47+314947.5,X,,4XMM J120005.5+314946,
8561,0.125675,ESO 195-35,NR,0.017000000923871994,,SUMSS J011555.2-501119
19386,96.355098,SDSS J131117.12+464028.0,Q,1.8049999475479126,,
8563,113.645958,WISEA J044453.81-705959.9,q,1.600000023841858,,
19387,96.440088,J131522.50+620648.9,R,,,VL0J131522.65+620647.9
19387,129.32885,SDSS J131520.22+620846.1,NX,0.4189999997615814,CXOG J131520.2+620845,
19388,31.670086,J134016.77+262030.9,X,,2RXP J134016.4+262041,
8565,0.192141,UGC 5025,ARX,0.028999999165534973,1RXH J092603.1+124408,VL0J092603.25+124403.8
8565,99.202762,SDSS J092603.44+124543.0,qX,2.0,CXOG J092603.3+124543,
19391,166.930499,J155026.60+285051.8,R,,,VL0J155026.59+285051.8
19392,64.92151,FIRST J16047+3438,N2,0.28200000524520874,,
19392,87.471056,SDSS J160442.14+343555.3,Q,1.409999966621399,,
8568,0.103389,SDSS J133204.81+170256.2,AR,0.02199999988079071,,FIRST J133204.8+170256
19400,36.223419,SDSS J120029.52+315719.4,qX,2.200000047683716,4XMM J120029.4+315718,
19400,101.639359,J120038.21+315742.7,X,0.5,4XMM J120038.2+315743,
8573,38.488549,2QZ J020213.7-283855,K,0.2669999897480011,,
8573,171.908797,2QZ J020221.7-284122,Q,1.4819999933242798,,
8574,137.71769,PGC 1917991,N,0.05400000140070915,,
8574,167.048952,SDSS J021504.61+304920.4,Q,0.9290000200271606,,
19405,179.499177,SDSS J220417.00+130102.0,Q,3.9049999713897705,,
8578,124.216965,SDSS J114840.88+293643.3,Q,2.562000036239624,,
8578,163.394464,SDSS J114849.64+294104.5,Q,2.4790000915527344,,
19411,167.835924,WISEA J030829.37-135257.1,q,1.7999999523162842,,
19414,177.434094,WISEA J055747.89-520523.8,q,1.2999999523162842,,
8583,64.32509,SDSS J233221.39+155004.7,Q,2.061000108718872,,
8583,73.786774,SDSS J233225.76+155203.1,Q,2.3299999237060547,,
8583,173.603583,WISEA J233233.00+155253.7,q,0.4000000059604645,,
19415,148.788201,SDSS J105644.90+604030.1,Q,1.8630000352859497,,
8586,144.652947,WISEA J031904.65-594316.5,qR,1.899999976158142,,SUMSS J031906.1-594314
19418,109.117026,SDSS J132422.96+311942.8,Q,1.0089999437332153,,
19420,166.385419,SDSS J145540.39+084852.7,Q,2.5969998836517334,,
8588,56.611108,SDSS J102947.78+390136.5,QR,3.1540000438690186,,VL0J102947.81+390136.3
8592,131.051324,WISEA J211155.16-365503.1,q,1.2999999523162842,,
19429,60.88754,J133106.58+112217.3,X,2.299999952316284,2XMM J133106.6+112218,
19429,144.403347,SDSS J133109.25+112346.9,qX,1.7000000476837158,2XMM J133109.3+112349,
8596,105.479968,SDSS J121048.86+363907.9,Q,0.7760000228881836,,
8596,110.403562,SDSS J121100.00+363645.3,Q,2.244999885559082,,
19432,137.983029,WISEA J135317.64+172121.6,qR,0.800000011920929,,VL0J135317.65+172121.6
19432,178.181587,SDSS J135257.58+172006.4,Q,1.2480000257492065,,
19434,52.840466,SDSS J155757.14+350727.0,Q,0.9419999718666077,,
19434,148.273214,SDSS J155802.26+350543.1,Q,0.8899999856948853,,
19435,170.561552,SDSS J160901.84+220138.3,QX,1.7330000400543213,2RXP J160901.9+220130,
8601,0.448513,AKN 557,ARX,0.02500000037252903,2SXPS J223230.8+081227,VL0J223230.82+081226.0
8602,169.687758,WISEA J230115.07-613422.0,q,2.0999999046325684,,
8602,176.295882,WISEA J230053.48-613017.9,q,0.20000000298023224,,
8606,0.561673,IRAS 03450+0055,ARX,0.03099999949336052,XMMSL J034739.8+010512,VL0J034740.19+010514.2
19445,80.830885,J124058.73+111224.6,R,0.30000001192092896,,FIRST J124058.7+111224
19445,140.922801,SDSS J124107.29+111202.6,qX,0.8999999761581421,CXOG J124107.2+111201,
8609,177.207272,SDSS J205213.03+000620.3,qR,0.699999988079071,,VL0J205213.03+000620.6
19450,83.184698,WISEA J224109.76-610517.7,q,0.6000000238418579,,
8612,141.297674,J030459.73-272141.3,X,,CXO J030459.8-272141,
19452,106.565665,J235134.01+271238.6,X,,4XMM J235133.9+271238,
19452,168.232553,SDSS J235128.14+271656.9,Q,1.715000033378601,,
8615,140.285725,SDSS J112102.01+052258.2,Q,0.9169999957084656,,
19453,111.760264,LAMOSTJ010700.85+322224.6,QX,1.4520000219345093,CXOG J010700.8+322224,
19453,121.032544,J010657.05+322138.1,X,,4XMM J010656.8+322137,
19454,151.990879,SDSS J021104.07+254722.2,Q,2.115999937057495,,
19456,150.468147,WISEA J053854.02-633352.5,q,1.600000023841858,,
8619,147.908214,J082712.80+214035.9,X,,CXOG J082712.8+214036,
8619,179.38784,J082708.44+214138.9,X,,CXOG J082708.4+214138,
8620,0.135334,MCG 11-14-033,NR,0.032999999821186066,,FIRST J113606.5+621456
19460,77.223258,SDSS J101518.51+564109.9,A,0.2930000126361847,,
19460,154.954384,SDSS J101453.20+563941.5,Q,1.3930000066757202,,
19460,157.866139,SDSS J101502.76+564240.0,Q,1.6299999952316284,,
19462,140.8914,SDSS J133323.80+330722.9,Q,2.5299999713897705,,
19462,176.167397,SDSS J133317.19+330345.8,Q,1.1009999513626099,,
8627,0.38008,MCG -2-08-039,ARX,0.029999999329447746,2SXPS J030030.8-112452,VL0J030030.62-112456.7
8628,135.116249,WISEA J041322.14-743508.5,q,0.800000011920929,,
19467,78.625833,SDSS J233521.43+071842.7,Q,0.8069999814033508,,
19467,85.685557,SDSS J233530.23+071820.0,Q,0.8640000224113464,,
19468,99.95014,SDSS J235357.31+230542.5,Q,1.1349999904632568,,
8631,0.286974,UGC 8829,ARX,0.026000000536441803,CXOG J135419.9+325547,FIRST J135419.9+325547
8631,40.957433,J135422.52+325522.1,X,0.800000011920929,CXOG J135422.5+325522,
8631,172.9366,SDSS J135426.96+325318.8,Q,2.755000114440918,,
8633,85.308866,SDSS J215601.75+055252.6,Q,0.703000009059906,,
8635,0.177455,UGC 6522,NR,0.023000000044703484,,FIRST J113221.5+280254
19474,168.471291,WISEA J090025.13+464316.4,q,0.20000000298023224,,
19479,136.405843,SDSS J115809.79+211641.4,Q,2.0769999027252197,,
19480,115.408057,WISEA J122255.10-131421.0,q,1.399999976158142,,
19482,142.507117,Q 1642.4+398,Q,2.187000036239624,,
19484,111.845312,NGC 449,NRX,0.01600000075995922,2XMM J011607.1+330522,NVSS J011607.2+330521
8645,127.98625,SDSS J231044.98+214302.0,Q,1.8990000486373901,,
8645,154.136428,J231042.25+214034.7,X,,4XMM J231042.3+214032,
19485,69.327041,WISEA J092237.59+084413.8,q,0.4000000059604645,,
19486,153.938417,J102351.85-375504.5,X,,4XMM J102351.9-375505,
8647,151.115943,WISEA J015904.47-674851.7,q,1.399999976158142,,
19489,86.026573,SDSS J123136.21+333542.5,Q,1.5119999647140503,,
19489,161.797085,SDSS J123137.27+333247.9,Q,1.3830000162124634,,
19490,0.13857,CGCG 17-73,ARX,0.032999999821186066,4XMM J134952.8+020445,FIRST J134952.8+020445
19490,162.559679,WISEA J135003.06+020350.7,qX,1.7000000476837158,4XMM J135003.1+020351,
8651,126.131626,NGC 3205,NR,0.023000000044703484,,FIRST J102049.9+425818
19491,169.314342,2QZ J142508.7+020350,Q,1.8609999418258667,,
8653,87.419861,SDSS J115850.28+302432.5,qX,0.8999999761581421,CXOG J115850.2+302432,
8653,126.44639,SDSS J115853.90+302248.6,Q,3.2049999237060547,,
19494,86.831174,J182331.18+621808.2,R,,,NVSS J182331.3+621808
8657,64.687647,J161612.35-063246.2,X,1.0,2XMM J161612.3-063245,
19500,0.234648,MCG 2-57-002,ARX,0.028999999165534973,2SXPS J222345.0+115008,FIRST J222345.0+115009
19500,73.659032,J222341.32+114918.9,X,,2RXP J222341.5+114914,
19500,156.987515,SDSS J222340.17+115228.8,N,0.5009999871253967,,
19500,165.134394,SDSS J222333.97+115040.3,qX,1.7000000476837158,2SXPS J222333.8+115041,
8658,156.604555,WISEA J184102.31+350323.1,q,0.6000000238418579,,
19502,178.3613,J010709.90-465330.0,X,,2SXPS J010709.8-465330,
8661,142.915313,SDSS J002359.64+163126.3,Q,1.6979999542236328,,
19504,80.703858,WISEA J030945.58-043604.5,q,1.399999976158142,,
19508,145.287589,SDSS J092309.32+401008.4,Q,1.937000036239624,,
8665,62.423483,SDSS J130045.39+281013.5,qX,0.8999999761581421,4XMM J130045.5+281013,
8665,92.281465,SDSS J130042.83+280841.2,Q,2.453000068664551,,
8665,142.138345,J130047.66+281151.1,X,0.4000000059604645,XMMX J130047.8+281149,
19513,90.608316,SDSS J125802.96+320103.1,Q,1.3739999532699585,,
19515,66.46013,WISEA J160923.06-043149.0,q,1.2000000476837158,,
8673,178.574028,WISEA J045459.56-011131.0,q,1.399999976158142,,
8675,0.036693,UGC 6728,AX,0.006000000052154064,1RXH J114515.3+794053,
8675,176.839315,J114412.84+794144.0,X,,2XMM J114412.4+794144,
8677,9.545041,J160324.17+205318.8,R,,,NVSS J160324.2+205319
8679,99.380404,SDSS J225809.65+251443.8,Q,1.1460000276565552,,
8679,126.733776,SDSS J225813.82+251108.8,Q,2.503000020980835,,
8679,176.308937,SDSS J225802.68+251127.1,Q,0.9909999966621399,,
19526,146.925277,SDSS J075035.28+232733.1,Q,1.7170000076293945,,
19527,69.521865,WISEA J095620.86+373801.4,q,0.4000000059604645,,
19527,133.668534,J095627.67+373916.2,R,,,VL0J095627.69+373916.2
19527,169.288582,J095630.13+373944.3,X,,2RXS J095630.3+373942,
8684,70.787912,SDSS J084543.38+540004.6,Q,0.597000002861023,,
8684,96.072478,SDSS J084548.92+540107.8,Q,0.8339999914169312,,
8684,118.917304,SDSS J084538.58+535838.2,Q,1.899999976158142,,
8684,129.5138,SDSS J084547.50+535726.2,Q,1.065999984741211,,
19533,101.504773,WISEA J144738.34-192100.1,q,0.800000011920929,,
19533,112.349743,WISEA J144725.39-191944.2,q,0.6000000238418579,,
8686,145.804033,SDSS J160621.17+552533.2,Q,3.2939999103546143,,
8687,179.412502,J170622.61+102522.3,R,1.5,,NVSS J170622.5+102522
19540,107.850196,J042701.82-120146.3,X,1.2999999523162842,4XMM J042701.8-120145,
19540,157.337671,J042711.13-120227.8,X,1.100000023841858,4XMM J042711.1-120227,
8692,42.054585,WISEA J061342.11-384357.1,qR,0.6000000238418579,,VL0J061342.12-384356.3
19542,120.782534,NGC 2332,BRX,0.019999999552965164,XMMSL J070934.7+501052,VL0J070934.22+501056.1
8693,9.092762,SDSS J102545.65+134302.1,qX,1.2000000476837158,2SXPS J102545.7+134303,
8694,174.705598,PGC 759477,ARX,0.0689999982714653,2RXS J103256.5-270725,VL0J103257.11-270728.6
19545,112.469386,SDSS J135754.01+070814.9,Q,2.5850000381469727,,
8695,18.716694,J114349.97+195752.0,X,,CXOG J114349.8+195754,
8695,76.505986,J114344.86+195853.8,X,,XMMX J114344.8+195854,
8695,123.065902,J114349.68+200009.0,X,,CXOG J114349.6+200009,
8695,127.383712,J114340.07+195806.2,X,,CXOG J114340.0+195806,
8695,132.067195,SDSS J114351.15+195557.3,qX,1.7000000476837158,CXOG J114351.1+195557,
8695,133.911669,Q 1141+2013,AX,0.335999995470047,4XMM J114356.8+195649,
8696,89.574218,SDSS J120411.90+015100.2,qX,0.20000000298023224,4XMM J120411.9+015100,
19547,121.008604,SDSS J144225.40+372815.6,Q,2.2679998874664307,,
19547,131.935535,SDSS J144223.30+372627.8,Q,1.6490000486373901,,
8697,116.049245,SDSS J121754.06+071446.5,QX,2.319999933242798,1RXH J121754.0+071444,
8697,147.42756,SDSS J121748.35+071556.9,qX,0.8999999761581421,4XMM J121748.3+071556,
19548,146.077282,SDSS J163437.41+462551.3,QX,0.7229999899864197,CXOG J163437.3+462551,
19548,159.657097,J163454.51+462459.3,X,,CXOG J163454.4+462458,
19550,74.101983,2QZ J214413.5-295909,Q,1.4539999961853027,,
19551,90.371763,SDSS J230240.15+323554.8,Q,1.218000054359436,,
19551,152.881936,SDSS J230237.58+323317.5,Q,0.9480000138282776,,
8701,164.503765,PGC 2149410,N,0.12200000137090683,,
8702,169.701144,WISEA J174443.32+554803.5,q,0.6000000238418579,,
8703,114.709383,SDSS J215607.30+275310.3,Q,1.065000057220459,,
19555,89.264696,SDSS J083642.72+250803.9,Q,0.781000018119812,,
19555,144.608934,J083627.44+250650.5,X,,2XMMi J083627.4+250651,
8706,98.946415,CXOCY J03374-0458,NRX,1.194000005722046,CXOG J033728.7-045829,VL0J033728.82-045828.6
19558,98.244959,SDSS J134432.53+351008.1,Q,2.1110000610351562,,
19560,0.117558,Zw152242-01390,N,0.027000000700354576,,
8710,137.696668,J112806.92+165726.6,RX,2.4000000953674316,4XMM J112806.9+165726,FIRST J112806.9+165726
19565,171.472047,WISEA J184009.39-433755.2,q,1.2000000476837158,,
8715,173.132774,SDSS J232757.99+322924.5,Q,2.38700008392334,,
19568,136.471509,WISEA J200943.76-351650.0,q,1.399999976158142,,
8719,153.503955,WISEA J221512.96-113046.2,q,0.8999999761581421,,
19575,54.656164,SDSS J091545.93+100755.4,Q,2.122999906539917,,
19575,151.762831,SDSS J091536.06+100933.3,N,0.029999999329447746,,
8721,91.412581,SDSS J100129.10+124620.1,Q,0.7990000247955322,,
19576,59.164924,WISEA J132906.61-215045.1,q,1.399999976158142,,
19576,172.802131,WISEA J132916.42-215340.7,q,0.6000000238418579,,
19577,0.566681,IC 4425,N,0.029999999329447746,,
19577,29.540184,SDSS J142644.22+271151.3,QR,0.35600000619888306,,VL0J142644.25+271151.6
8723,0.159897,IC 2979,AR,0.009999999776482582,,VL0J115654.23+320931.7
8724,80.259978,WISEA J132032.12-165437.9,q,1.0,,
19579,83.571428,SDSS J223346.57-031508.4,Q,2.306999921798706,,
8725,14.864035,J140944.84+080413.2,R,,,FIRST J140944.8+080413
8725,124.838635,WISEA J140935.68+080341.2,q,0.699999988079071,,
8726,0.330091,UGC 9944,NRX,0.02500000037252903,2XMM J153547.7+732703,VL0J153548.32+732703.4
8726,166.692447,J153614.42+732501.3,X,1.600000023841858,2XMM J153614.4+732501,
19585,132.277292,SDSS J080700.19+463135.1,Q,1.3769999742507935,,
8730,149.658231,J015423.14+075244.6,R,0.5,,VL0J015423.14+075244.8
19587,95.172249,2QZ J100023.3-025532,Q,0.527999997138977,,
8731,94.460823,J042108.65-215150.2,X,1.2999999523162842,2SXPS J042108.4-215149,
19590,156.94389,SDSS J115536.56+330645.8,Q,1.059999942779541,,
19590,175.96742,SDSS J115536.76+330902.7,Q,0.972000002861023,,
19594,179.462197,WISEA J175454.12+663418.3,qX,1.5,CXOG J175454.1+663418,
8738,41.559426,SDSS J093618.49+372230.4,Q,2.124000072479248,,
8738,166.206622,SDSS J093629.20+372321.8,Q,1.5329999923706055,,
8738,175.917049,SDSS J093610.34+371916.9,Q,1.4210000038146973,,
8738,178.531382,SDSS J093603.00+372108.5,Q,1.3559999465942383,,
8740,141.609234,WISEA J111745.30-035222.2,q,1.2000000476837158,,
19600,130.343565,WISEA J091743.10+440812.6,q,0.30000001192092896,,
19600,177.96196,SDSS J091745.73+440856.9,Q,2.302000045776367,,
19602,164.463126,SDSS J123111.50+141424.3,qX,2.0,4XMM J123111.4+141424,
8745,173.774982,WISEA J015152.45+302952.1,q,0.30000001192092896,,
19604,76.849024,WISEA J131837.77+724505.9,q,1.899999976158142,,
19604,102.838043,WISEA J131912.49+724633.3,q,1.5,,
19604,158.717862,WISEA J131828.29+724759.3,q,1.399999976158142,,
19605,139.28489,SDSS J144425.05+404943.4,Q,2.635999917984009,,
8747,117.222126,SDSS J025849.16+032622.1,N,0.09799999743700027,,
19606,150.392305,J144531.11+384438.5,X,,CXOG J144531.0+384438,
19606,173.93145,J144534.62+384855.3,X,,CXOG J144534.7+384854,
8748,145.973215,WISEA J031216.83-251600.5,q,0.4000000059604645,,
8751,144.933566,WISEA J142224.97+693741.4,q,1.2999999523162842,,
19610,53.160039,WISEA J161139.90+601026.3,q,0.6000000238418579,,
8752,90.521742,WISEA J163115.21+201040.7,q,0.30000001192092896,,
8752,94.024552,SDSS J163125.95+200957.1,NR,0.10400000214576721,,FIRST J163125.9+200956
19615,174.480737,WISEA J205820.57-152502.7,q,0.10000000149011612,,
19615,177.116055,WISEA J205826.61-153039.4,q,1.2000000476837158,,
8757,91.541852,WISEA J214338.93+135935.2,q,3.4000000953674316,,
8757,146.405443,WISEA J214325.55+140054.7,q,1.100000023841858,,
19617,174.368137,WISEA J221410.73-265944.7,q,0.4000000059604645,,
8758,157.374793,WISEA J000505.28-353905.1,qR,0.6000000238418579,,VL0J000505.27-353904.8
8759,105.017207,WISEA J025339.05+415441.5,q,0.20000000298023224,,
19621,112.800808,SDSS J001153.51+282935.5,Q,1.0959999561309814,,
19622,43.963495,SDSS J002711.85+200352.2,Q,1.3700000047683716,,
19622,83.583957,WISEA J002716.75+200535.9,q,1.7999999523162842,,
19623,59.297207,J034110.47+152801.9,X,0.6000000238418579,CXOG J034110.4+152803,
19624,25.688365,WISEA J051738.20+094255.7,q,1.100000023841858,,
19626,122.2426,SDSS J074803.80+281506.4,Q,2.1519999504089355,,
19627,0.229197,NPM 1G+07.0151,AR,0.03099999949336052,,FIRST J082654.6+072953
19627,118.84315,SDSS J082702.56+073002.4,Q,1.434000015258789,,
19630,0.336525,MCG 4-28-122,NR,0.024000000208616257,,FIRST J120144.9+201941
8773,25.944963,SDSS J094627.03+454529.5,Q,1.4889999628067017,,
19634,44.069386,WISEA J162727.89+544208.0,q,0.6000000238418579,,
8775,103.458781,WISEA J162644.06+113312.6,q,0.20000000298023224,,
8779,123.523786,SDSS J222338.54+304923.3,Q,1.184000015258789,,
8779,151.469834,SDSS J222327.01+305245.5,Q,0.9850000143051147,,
8779,168.568373,SDSS J222325.24+305010.6,Q,0.5720000267028809,,
19642,123.680815,WISEA J124332.23-425755.9,q,1.899999976158142,,
8783,176.168155,J130740.82+600632.1,R,0.5,,VL0J130740.86+600632.2
8786,115.495514,WISEA J020348.94-314601.8,q,0.8999999761581421,,
19649,50.371837,SDSS J010531.07+315754.1,Q,1.6640000343322754,,
19650,120.400006,Q 0113-3246,Q,2.259999990463257,,
19650,168.319631,WISEA J011542.94-322703.7,q,2.5,,
8789,108.616294,WISEA J140418.84-070105.4,q,1.0,,
8791,127.553864,SDSS J144857.12+221118.1,Q,2.194000005722046,,
19654,77.48729,WISEA J044639.53+003605.0,q,0.6000000238418579,,
19655,17.900426,J045038.66+060033.7,X,,4XMM J045038.7+060034,
19655,141.849339,WISEA J045030.80+060213.1,qX,0.30000001192092896,4XMM J045030.8+060213,
8795,67.989727,J225021.12+113857.4,X,,CXOG J225021.0+113856,
8795,114.76695,J225011.61+113659.7,X,,CXOG J225011.6+113659,
8796,78.849068,SDSS J225838.17+185027.2,Q,1.8209999799728394,,
8796,84.304249,SDSS J225834.10+184937.7,Q,2.4240000247955322,,
8796,168.905167,J225833.67+185136.9,X,,2SXPS J225833.5+185140,
19659,139.379217,SDSS J084526.86+342250.2,Q,1.7209999561309814,,
19660,42.218127,SDSS J110154.29+470501.1,Q,1.3450000286102295,,
8798,73.211552,SDSS J073015.30+242047.3,Q,3.1110000610351562,,
19662,125.626755,SDSS J122600.03+202054.2,QR2,1.4529999494552612,,FIRST J122600.0+202054
8799,17.711441,J083001.00+524135.0,X,,2XMMi J083001.0+524133,
8799,132.574382,SDSS J083005.53+524352.4,QX,0.972000002861023,4XMM J083005.6+524351,
8800,178.714578,WISEA J140533.64-393356.3,q,1.600000023841858,,
19664,132.4651,SDSS J134116.30+231406.4,Q,2.2330000400543213,,
19667,58.1313,J200712.18-111911.9,X,,4XMM J200712.1-111910,
19667,171.516086,J200725.76-111730.9,X,,4XMM J200725.7-111731,
19669,141.341081,WISEA J233834.16+044936.9,q,1.399999976158142,,
19669,170.108276,SDSS J233820.69+045026.8,Q,1.902999997138977,,
8805,135.043549,J045708.48-044551.6,X,2.200000047683716,CXOG J045708.4-044552,
8806,121.420113,LAMOSTJ061532.83+664907.2,Q,1.6449999809265137,,
19672,0.048792,IRAS 04502-03174,NRX,0.01600000075995922,4XMM J045244.4-031257,VL0J045244.54-031257.1
19672,41.460008,J045242.47-031229.3,X,0.10000000149011612,2XMM J045242.5-031228,
19672,62.491539,J045248.50-031238.4,X,3.700000047683716,2XMM J045248.4-031238,
8808,134.615564,SDSS J160706.57+075709.0,AX,0.23199999332427979,2XMM J160706.6+075709,
19674,118.87786,J094333.64+092659.2,X,,4XMM J094333.6+092659,
19674,131.517347,LAMOSTJ094326.97+092310.0,QX,0.8220000267028809,2SXPS J094326.8+092309,
19674,177.755729,J094324.11+092238.1,X,0.20000000298023224,4XMM J094324.0+092236,
19677,65.356638,WISEA J120321.03+200024.5,q,3.4000000953674316,,
8815,0.14785,ESO 509-38,ARX,0.027000000700354576,1RXS J133113.6-252406,VL0J133113.83-252409.2
19679,94.299873,SDSS J124603.05+404503.0,Q,2.3450000286102295,,
19679,174.098341,SDSS J124553.96+404910.7,Q,3.115999937057495,,
8820,132.935355,J223031.96+391850.9,X,,CXOG J223032.1+391849,
8820,144.837552,J223048.90+391537.8,X,,4XMM J223049.0+391538,
19692,150.175385,J234746.10-022025.3,X,0.30000001192092896,2XMM J234745.9-022027,
19692,163.38112,SDSS J234748.53-021932.9,qX,0.30000001192092896,4XMM J234748.5-021933,
19692,165.441661,SDSS J234741.04-021621.6,QX,2.0969998836517334,4XMM J234741.0-021621,
8828,102.147056,WISEA J012647.80-395738.0,q,1.100000023841858,,
8830,79.416859,SDSS J025829.94+061942.2,qX,1.399999976158142,2SXPS J025830.0+061938,
8830,87.289627,SDSS J025835.39+061802.0,qR,1.899999976158142,,FIRST J025835.3+061802
19698,161.296966,WISEA J020502.83-632127.3,q,2.299999952316284,,
19701,142.55626,WISEA J052859.27-142113.6,q,1.0,,
19702,89.764729,SDSS J102332.42+124845.8,Q,2.3310000896453857,,
19704,56.375111,SDSS J113934.16+603203.6,Q,0.9120000004768372,,
19705,91.713577,SDSS J115042.43+324321.6,Q,0.8100000023841858,,
19705,106.747223,SDSS J115046.10+324322.8,NR,0.2070000022649765,,FIRST J115046.1+324322
19705,169.448762,WISEA J115054.75+324100.5,q,2.5,,
8838,6.355642,J130017.94+275713.6,X,,2XMM J130017.9+275716,
8838,117.832062,J130010.44+275827.3,X,,XMMX J130010.1+275827,
8838,122.495703,J130021.11+275912.8,X,1.2000000476837158,4XMM J130021.1+275914,
8838,174.013013,J130005.35+275818.8,X,,XMMX J130005.5+275818,
19707,10.261639,ESO 575-16,N,0.023000000044703484,,
8840,65.950659,SDSS J143345.14+400348.1,Q,1.1690000295639038,,
8840,119.974545,SDSS J143337.46+400544.5,Q,2.234999895095825,,
8840,169.333581,PGC 2160796,N,0.0989999994635582,,
8841,101.740778,WISEA J153513.92+305327.2,q,0.699999988079071,,
19712,58.152426,PGC 2172102,N,0.1889999955892563,,
8843,177.216876,WISEA J205940.91-490130.6,q,1.600000023841858,,
19716,106.743866,WISEA J224921.92+401212.9,q,1.399999976158142,,
8845,86.248404,SDSS J010159.11+300908.7,Q,1.2990000247955322,,
8845,177.865708,SDSS J010201.71+300630.5,Q,2.503000020980835,,
8847,49.612999,SDSS J025221.88-011751.9,QX,1.6480000019073486,4XMM J025221.8-011751,
8847,103.654597,SDSS J025215.43-011614.0,Q,2.625999927520752,,
19720,100.470356,SDSS J111732.78+325444.2,Q,0.9509999752044678,,
19720,132.376036,SDSS J111750.79+325509.4,Q,1.2990000247955322,,
8848,152.459569,WISEA J034159.29+155701.0,q,2.0999999046325684,,
8851,32.205041,SDSS J114007.90+583616.1,Q,1.034999966621399,,
8851,166.418402,SDSS J114004.02+583932.2,Q,3.009999990463257,,
8855,150.311931,WISEA J140819.80-195801.9,q,0.20000000298023224,,
8856,64.990295,SDSS J150533.10+083220.6,Q,2.3399999141693115,,
8859,125.947885,SDSS J015713.06+324541.2,Q,2.0160000324249268,,
19737,1.126326,UGC 6891,NR,0.023000000044703484,,FIRST J115516.7+172915
19740,46.92173,WISEA J162046.76-091708.8,q,1.100000023841858,,
8862,59.371591,SDSS J105223.37+612203.1,Q,1.4880000352859497,,
8862,128.092049,J105200.06+612259.3,X,0.20000000298023224,2RXP J105200.8+612258,
8862,178.277731,SDSS J105222.21+611951.5,qX,1.399999976158142,2RXP J105221.4+611954,
19741,102.700345,J165259.71+525634.2,X,0.8999999761581421,1WGA J1652.9+5256,
8865,97.310159,SDSS J121910.22+054452.8,QX,1.781999945640564,CXOG J121910.2+054452,
8865,137.484503,SDSS J121904.47+054547.5,QX,2.8259999752044678,2XMM J121904.4+054547,
8865,162.392701,SDSS J121909.68+054058.1,QX,0.8610000014305115,2XMM J121909.7+054058,
19746,118.305923,SDSS J021032.34+055338.9,Q,1.6770000457763672,,
19747,45.074743,SDSS J022657.84+264227.9,qR,1.7000000476837158,,VL0J022657.82+264228.0
8868,85.687906,2QZ J215700.0-283546,Q,1.218999981880188,,
19748,0.022934,NPM 1G+14.0182,NR,0.029999999329447746,,VL0J090327.03+144008.4
19748,56.726818,SDSS J090325.27+143917.6,Q,2.197000026702881,,
19749,0.244314,UGC 7141,N,0.023000000044703484,,
8871,146.037275,J034225.92-044352.2,X,0.4000000059604645,2SXPS J034225.8-044352,
8874,132.094391,2QZ J133819.6-001510,Q,1.2209999561309814,,
8878,82.636937,WISEA J233542.25-025350.1,q,1.0,,
8878,171.896166,SDSS J233551.28-025017.7,Q,2.703000068664551,,
19761,80.439944,SDSS J160434.66+370825.5,Q,1.7450000047683716,,
8879,79.935688,WISEA J021203.51+153639.1,q,1.0,,
19764,152.115325,2QZ J000532.0-303240,Q,0.9150000214576721,,
8883,176.529833,SDSS J082244.86-002116.7,Q,2.5910000801086426,,
19766,102.503038,SDSS J084017.91+560435.3,Q,2.4140000343322754,,
19766,124.45038,SDSS J084030.30+560307.1,Q,2.078000068664551,,
8888,162.463735,SDSS J215050.06+140401.5,qX,1.7999999523162842,4XMM J215050.0+140401,
19772,79.49373,SDSS J215144.07+025959.0,Q,1.3300000429153442,,
8892,141.422805,J071732.70+340229.3,R,,,FIRST J071732.6+340229
8896,164.992992,WISEA J195258.49-130944.5,q,1.0,,
19779,160.985631,J100604.16+144334.1,R,,,FIRST J100604.2+144332
8899,88.319221,WISEA J223526.93-701526.4,q,0.20000000298023224,,
19780,121.384148,SDSS J101943.16+061935.0,Q,3.002000093460083,,
19781,0.591505,UGC 5656,N,0.02199999988079071,,
19781,167.714514,WISEA J102652.25+345229.3,qR,0.1850000023841858,,FIRST J102652.2+345229
19784,108.498899,WISEA J130022.32+263932.4,q,0.800000011920929,,
19784,115.371422,SDSS J130030.16+263836.4,Q,2.506999969482422,,
8904,96.380306,WISEA J044801.80-251214.4,q,2.5999999046325684,,
19790,142.376112,WISEA J170906.15-071728.5,q,1.2000000476837158,,
8908,95.637616,SDSS J134454.62+323258.7,Q,1.0269999504089355,,
8909,0.164341,CGCG 80-9,AR,0.029999999329447746,,FIRST J162125.6+143153
19792,165.086864,WISEA J205401.51+103241.1,q,0.6000000238418579,,
8910,62.065194,J164141.80+395917.8,X,,CXOG J164141.8+395917,
8910,121.547671,2E 1640+4007,QRX,1.003999948501587,CXOG J164154.2+400032,VL0J164154.24+400033.0
8910,134.156059,SDSS J164144.77+400115.2,QX,1.3730000257492065,CXOG J164144.8+400114,
8910,167.388083,J164158.41+400048.7,X,,CXOG J164158.4+400048,
19794,139.695226,J003833.07-090904.8,X,,2SXPS J003833.1-090907,
19795,94.366729,SDSS J020621.53+034328.8,A,0.16899999976158142,,
8913,137.203719,SDSS J010111.10+300533.4,Q,1.840999960899353,,
8913,165.163247,SDSS J010119.47+300543.2,Q,0.5649999976158142,,
19798,67.399201,WISEA J051510.90+760519.8,q,0.800000011920929,,
8918,155.068874,WISEA J111324.64+033802.7,q,0.30000001192092896,,
19802,86.832068,SDSS J102853.75+122622.1,Q,1.5099999904632568,,
19802,86.853165,LAMOSTJ102854.74+122804.3,Q,1.5299999713897705,,
8920,99.290923,SDSS J134634.45+205225.5,A,0.19099999964237213,,
19805,100.337169,WISEA J110550.13-253639.7,q,1.100000023841858,,
8921,179.868576,WISEA J140708.90-263038.1,q,0.5,,
19806,129.07137,SDSS J120716.32+165317.9,Q,1.6089999675750732,,
19808,0.307187,CGCG 216-16,NR,0.028999999165534973,,VL0J123821.82+421219.5
19808,35.7623,SDSS J123818.56+421223.3,Q,3.940999984741211,,
19808,122.530059,SDSS J123816.98+421029.2,Q,1.2109999656677246,,
19814,0.056583,CGCG 19-64,N,0.014000000432133675,,
19814,122.303544,SDSS J143439.34+005435.0,Q,2.4019999504089355,,
19814,163.895866,SDSS J143435.69+005215.0,Q,0.9660000205039978,,
19820,39.346577,2QZ J003650.8-282240,N,0.11500000208616257,,
19820,40.500324,WISEA J003650.07-282238.0,q,0.6000000238418579,,
19820,84.246562,2QZ J003647.0-282304,Q,2.003999948501587,,
8933,13.333105,J092019.52+640622.0,X,,CXOG J092019.5+640623,
8933,44.350916,J092013.67+640605.2,X,0.5,CXOG J092013.6+640606,
8933,133.101076,J092032.29+640422.0,X,0.5,CXOG J092032.0+640423,
8933,133.283326,J092005.81+640742.8,X,,1WGA J0920.1+6407,
8933,178.376101,SDSS J092027.31+640902.4,qX,1.600000023841858,CXOX J092027.2+640903,
19821,60.726209,SDSS J014029.49+024004.3,Q,2.8550000190734863,,
19821,131.557282,SDSS J014022.17+024242.3,Q,0.5649999976158142,,
19828,173.073081,WISEA J103804.41-304113.8,q,0.20000000298023224,,
8942,175.135735,SDSS J015317.98+195959.2,qR,0.4000000059604645,,VL0J015317.97+195959.3
8942,178.534282,SDSS J015333.81+195819.9,Q,1.9049999713897705,,
19835,174.814998,2SLAQ J231436.31+001121.0,Q,2.049999952316284,,
8948,60.546841,SDSS J133538.15+073142.3,Q,0.6800000071525574,,
8952,104.756053,2QZ J231911.8-285646,Q,1.2259999513626099,,
8952,138.563403,2QZ J231912.7-285818,Q,1.6490000486373901,,
19842,0.231626,CGCG 91-16,AR,0.029999999329447746,,FIRST J091046.5+193636
19844,0.580432,MCG 5-25-034,N,0.019999999552965164,,
19844,117.510797,SDSS J104244.36+264840.0,Q,2.424999952316284,,
19844,150.836176,SDSS J104253.92+265203.1,Q,1.2740000486373901,,
19845,72.831885,J121502.81+133438.7,R,,,VL0J121502.81+133438.5
8957,109.773647,SDSS J103925.03+050547.9,QX,1.8660000562667847,CXOG J103925.0+050547,
19847,102.115484,SDSS J131712.97+062540.9,Q,2.4609999656677246,,
8959,0.24121,IRAS 16382-0613,NR,0.02800000086426735,,VL0J164052.26-061851.9
19848,64.373024,SDSS J132618.54+174423.0,Q,1.4329999685287476,,
19849,73.473008,SDSS J132919.55+114813.9,qRX,0.699999988079071,CXOG J132919.5+114813,FIRST J132919.5+114814
19849,100.945076,J132920.75+114916.1,X,0.8999999761581421,CXOG J132920.7+114916,
19849,111.961007,SDSS J132930.31+114857.7,QX,0.5090000033378601,CXOG J132930.3+114857,
19849,138.908343,SDSS J132931.14+114924.8,qX,1.0,CXOG J132931.1+114924,
19849,145.551542,SDSS J132930.95+114601.9,N,0.4650000035762787,,
8961,95.221787,SDSS J211215.33-012728.9,Q,1.5369999408721924,,
19850,90.12581,WISEA J140154.66+093623.9,q,1.100000023841858,,
19850,160.920442,KX 42,Q,3.4010000228881836,,
8963,142.60658,WISEA J004132.67-210055.4,q,1.899999976158142,,
19858,146.727431,SDSS J231933.84+012626.4,Q,1.371999979019165,,
8967,162.865978,SDSS J092735.54+302714.6,Q,0.984000027179718,,
8967,172.602968,J092722.46+302334.4,X,0.20000000298023224,2SXPS J092722.5+302333,
8967,178.999086,SDSS J092716.07+302355.4,QX,1.7990000247955322,2SXPS J092716.1+302355,
8968,130.101083,SDSS J114403.06+104721.8,Q,2.2139999866485596,,
19860,10.615707,J050334.17+044059.5,R,,,NVSS J050334.3+044101
19863,81.019728,2QZ J113214.1-005600,Q,1.9839999675750732,,
19864,0.112465,CGCG 157-28,N,0.029999999329447746,,
19864,80.058477,SDSS J114458.25+265011.9,Q,2.9509999752044678,,
19865,10.842084,SDSS J131719.14+203823.2,qR,1.399999976158142,,NVSS J131720.2+203829
8973,86.378733,SDSS J231001.97+301208.7,Q,1.8049999475479126,,
8973,160.988733,SDSS J230952.35+301309.3,Q,1.6770000457763672,,
19866,153.464476,SDSS J134015.82+425941.1,Q,1.3730000257492065,,
19869,158.099852,J223849.84+351837.9,X,,4XMM J223849.9+351838,
19870,108.871582,SDSS J232625.39+021912.1,Q,1.7940000295639038,,
8979,70.090094,SDSS J153631.94+222922.0,QX,2.4560000896453857,4XMM J153631.8+222922,
8979,101.408026,PGC 214394,ARX,0.08900000154972076,4XMM J153621.3+222913,VL0J153621.31+222913.6
8979,175.690286,SDSS J153625.88+223255.2,qX,0.20000000298023224,4XMM J153625.7+223254,
8981,140.314581,SDSS J171154.10+424309.3,Q,1.9989999532699585,,
19879,48.003814,WISEA J122005.26+753038.5,qX,1.600000023841858,2XMM J122005.5+753039,
8986,140.92884,WISEA J232425.93-190135.3,qR,0.20000000298023224,,NVSS J232425.8-190142
8989,62.960002,WISEA J031834.38-024452.4,qX,0.800000011920929,2RXP J031834.1-024446,
19883,52.842085,SDSS J162918.98+395002.5,QX,1.1619999408721924,4XMM J162918.9+395001,
19883,139.264083,J162914.62+395113.8,X,0.20000000298023224,4XMM J162914.6+395114,
8992,65.555867,SDSS J082738.08+545438.4,Q,1.9279999732971191,,
8993,117.998209,SDSS J121133.06+290718.4,Q,2.492000102996826,,
8993,157.421427,SDSS J121136.03+290749.2,AX,0.13899999856948853,4XMM J121135.9+290749,
19886,154.495619,WISEA J023229.22+003734.7,qX,0.5,4XMM J023229.3+003735,
19886,174.749973,SDSS J023227.78+003635.3,Q,2.4049999713897705,,
8994,0.343138,UGC 8457,NR,0.019999999552965164,,FIRST J132730.7+205251
8994,75.485896,SDSS J132727.37+205350.2,Q,0.9359999895095825,,
19888,47.509776,WISEA J025323.69+063147.2,qR2,0.8999999761581421,,VL0J025323.69+063147.6
8996,0.218084,NGC 6104,AR,0.02800000086426735,,NVSS J161630.7+354229
8996,11.037727,SDSS J161631.01+354218.7,qX,0.6000000238418579,2RXS J161630.6+354205,
19895,150.008088,SDSS J085516.22+420011.4,Q,2.3970000743865967,,
19895,152.398706,PGC 2191344,N,0.08799999952316284,,
9001,135.644448,WISEA J222827.14-222648.6,q,0.20000000298023224,,
9001,176.255252,WISEA J222807.84-222423.1,q,1.0,,
19896,19.449156,J125909.29+275124.7,X,0.20000000298023224,4XMM J125909.3+275126,
19896,62.857829,J125912.52+275132.8,X,,CXOG J125912.5+275132,
19896,123.498853,J125916.60+275033.1,X,,CXOG J125916.7+275032,
19896,159.496405,SDSS J125859.27+275308.5,QX,1.1349999904632568,CXOG J125859.3+275308,
19897,178.253951,WISEA J142807.60+114358.5,q,1.7000000476837158,,
9002,170.300101,2QZ J005639.0-315758,Q,1.3559999465942383,,
9004,104.093102,SDSS J120524.01+201336.4,qX,2.200000047683716,2RXP J120523.4+201343,
9005,131.35446,2QZ J131015.0-010028,QR2,1.284999966621399,,VL0J131015.06-010028.4
